disruption_id,road_id,timestamp,state,district,incident_type,severity,road_status,blocked,duration_hours,cause,latitude,longitude,source
D000001,NH-29,2025-06-01 08:30:00,Manipur,Senapati,ROCKFALL,CRITICAL,BLOCKED,1,20.5,Precipitation debris flow from 122.6mm rainfall on steep terrain,25.1492,93.9475,ISRO_LANDSLIDE_ATLAS
D000002,NH-54,2025-06-02 08:30:00,Arunachal Pradesh,West Kameng,LANDSLIDE,CRITICAL,BLOCKED,1,33.8,Precipitation debris flow from 169.3mm rainfall on steep terrain,27.1667,92.5515,ISRO_LANDSLIDE_ATLAS
D000003,NH-54,2025-06-03 08:30:00,Meghalaya,West Khasi Hills,ROCKFALL,CRITICAL,BLOCKED,1,23.1,Precipitation debris flow from 228.8mm rainfall on steep terrain,25.5985,91.4068,ISRO_LANDSLIDE_ATLAS
D000004,NH-29,2025-06-03 08:30:00,Sikkim,East Sikkim,LANDSLIDE,HIGH,BLOCKED,1,40.0,Precipitation debris flow from 82.6mm rainfall on steep terrain,27.2732,88.6991,ISRO_LANDSLIDE_ATLAS
D000005,NH-206,2025-06-03 08:30:00,Sikkim,North Sikkim,LANDSLIDE,CRITICAL,BLOCKED,1,23.4,Precipitation debris flow from 139.5mm rainfall on steep terrain,27.6499,88.6922,ISRO_LANDSLIDE_ATLAS
D000006,NH-54,2025-06-04 08:30:00,Nagaland,Kohima,LANDSLIDE,CRITICAL,BLOCKED,1,41.6,Precipitation debris flow from 156.9mm rainfall on steep terrain,25.5909,94.2126,ISRO_LANDSLIDE_ATLAS
D000007,NH-13,2025-06-04 08:30:00,Manipur,Senapati,ROCKFALL,HIGH,BLOCKED,1,35.4,Precipitation debris flow from 83.6mm rainfall on steep terrain,25.1798,93.9256,ISRO_LANDSLIDE_ATLAS
D000008,NH-206,2025-06-04 08:30:00,Mizoram,Aizawl,LANDSLIDE,HIGH,BLOCKED,1,50.7,Precipitation debris flow from 82.4mm rainfall on steep terrain,23.7613,92.8095,ISRO_LANDSLIDE_ATLAS
D000009,NH-10,2025-06-05 08:30:00,Arunachal Pradesh,West Kameng,LANDSLIDE,CRITICAL,BLOCKED,1,46.5,Precipitation debris flow from 153.4mm rainfall on steep terrain,27.1671,92.3579,ISRO_LANDSLIDE_ATLAS
D000010,NH-29,2025-06-05 08:30:00,Arunachal Pradesh,Lower Subansiri,LANDSLIDE,HIGH,BLOCKED,1,27.3,Precipitation debris flow from 97.9mm rainfall on steep terrain,27.5834,93.8719,ISRO_LANDSLIDE_ATLAS
D000011,NH-206,2025-06-06 08:30:00,Meghalaya,East Khasi Hills,ROCKFALL,CRITICAL,BLOCKED,1,21.8,Precipitation debris flow from 239.2mm rainfall on steep terrain,25.5244,92.0288,ISRO_LANDSLIDE_ATLAS
D000012,NH-54,2025-06-06 08:30:00,Meghalaya,West Khasi Hills,ROCKFALL,CRITICAL,BLOCKED,1,52.0,Precipitation debris flow from 204.3mm rainfall on steep terrain,25.4083,91.1325,ISRO_LANDSLIDE_ATLAS
D000013,NH-206,2025-06-06 08:30:00,Meghalaya,West Jaintia Hills,ROCKFALL,CRITICAL,BLOCKED,1,46.7,Precipitation debris flow from 228.0mm rainfall on steep terrain,25.4961,92.2322,ISRO_LANDSLIDE_ATLAS
D000014,NH-29,2025-06-06 08:30:00,Sikkim,East Sikkim,LANDSLIDE,CRITICAL,BLOCKED,1,50.9,Precipitation debris flow from 164.9mm rainfall on steep terrain,27.2506,88.5135,ISRO_LANDSLIDE_ATLAS
D000015,NH-10,2025-06-07 08:30:00,Sikkim,North Sikkim,LANDSLIDE,HIGH,BLOCKED,1,47.8,Precipitation debris flow from 89.1mm rainfall on steep terrain,27.512,88.5982,ISRO_LANDSLIDE_ATLAS
D000016,NH-54,2025-06-07 08:30:00,Nagaland,Kohima,LANDSLIDE,CRITICAL,BLOCKED,1,44.9,Precipitation debris flow from 152.1mm rainfall on steep terrain,25.5514,94.2058,ISRO_LANDSLIDE_ATLAS
D000017,NH-10,2025-06-07 08:30:00,Manipur,Senapati,LANDSLIDE,CRITICAL,BLOCKED,1,48.2,Precipitation debris flow from 128.5mm rainfall on steep terrain,25.1906,93.8785,ISRO_LANDSLIDE_ATLAS
D000018,NH-29,2025-06-07 08:30:00,Mizoram,Aizawl,LANDSLIDE,CRITICAL,BLOCKED,1,18.0,Precipitation debris flow from 134.8mm rainfall on steep terrain,23.7775,92.8101,ISRO_LANDSLIDE_ATLAS
D000019,NH-206,2025-06-08 08:30:00,Arunachal Pradesh,Tawang,LANDSLIDE,CRITICAL,BLOCKED,1,44.1,Precipitation debris flow from 172.5mm rainfall on steep terrain,27.474,91.8364,ISRO_LANDSLIDE_ATLAS
D000020,NH-10,2025-06-08 08:30:00,Arunachal Pradesh,West Kameng,LANDSLIDE,HIGH,BLOCKED,1,40.5,Precipitation debris flow from 81.9mm rainfall on steep terrain,27.3027,92.5161,ISRO_LANDSLIDE_ATLAS
D000021,NH-10,2025-06-09 08:30:00,Meghalaya,West Khasi Hills,ROCKFALL,CRITICAL,BLOCKED,1,38.6,Precipitation debris flow from 246.8mm rainfall on steep terrain,25.6077,91.1908,ISRO_LANDSLIDE_ATLAS
D000022,NH-206,2025-06-10 08:30:00,Sikkim,South Sikkim,LANDSLIDE,HIGH,BLOCKED,1,46.1,Precipitation debris flow from 111.7mm rainfall on steep terrain,27.0299,88.2152,ISRO_LANDSLIDE_ATLAS
D000023,NH-54,2025-06-11 08:30:00,Mizoram,Lunglei,LANDSLIDE,CRITICAL,BLOCKED,1,15.3,Precipitation debris flow from 149.7mm rainfall on steep terrain,23.0201,92.7828,ISRO_LANDSLIDE_ATLAS
D000024,NH-29,2025-06-11 08:30:00,Arunachal Pradesh,Tawang,LANDSLIDE,CRITICAL,BLOCKED,1,32.4,Precipitation debris flow from 121.8mm rainfall on steep terrain,27.4685,91.7286,ISRO_LANDSLIDE_ATLAS
D000025,NH-29,2025-06-11 08:30:00,Arunachal Pradesh,Lower Subansiri,LANDSLIDE,CRITICAL,BLOCKED,1,40.9,Precipitation debris flow from 191.4mm rainfall on steep terrain,27.5492,93.7687,ISRO_LANDSLIDE_ATLAS
D000026,NH-29,2025-06-12 08:30:00,Meghalaya,East Khasi Hills,LANDSLIDE,CRITICAL,BLOCKED,1,30.6,Precipitation debris flow from 143.0mm rainfall on steep terrain,25.4641,91.7594,ISRO_LANDSLIDE_ATLAS
D000027,NH-10,2025-06-13 08:30:00,Sikkim,North Sikkim,LANDSLIDE,HIGH,BLOCKED,1,31.3,Precipitation debris flow from 105.3mm rainfall on steep terrain,27.5393,88.453,ISRO_LANDSLIDE_ATLAS
D000028,NH-10,2025-06-13 08:30:00,Nagaland,Kohima,LANDSLIDE,HIGH,BLOCKED,1,21.9,Precipitation debris flow from 118.0mm rainfall on steep terrain,25.7542,93.985,ISRO_LANDSLIDE_ATLAS
D000029,NH-13,2025-06-13 08:30:00,Nagaland,Mokokchung,LANDSLIDE,CRITICAL,BLOCKED,1,23.3,Precipitation debris flow from 127.5mm rainfall on steep terrain,26.2869,94.3742,ISRO_LANDSLIDE_ATLAS
D000030,NH-206,2025-06-14 08:30:00,Mizoram,Lunglei,LANDSLIDE,CRITICAL,BLOCKED,1,44.4,Precipitation debris flow from 136.3mm rainfall on steep terrain,22.9736,92.5957,ISRO_LANDSLIDE_ATLAS
D000031,NH-29,2025-06-14 08:30:00,Arunachal Pradesh,Tawang,LANDSLIDE,CRITICAL,BLOCKED,1,30.1,Precipitation debris flow from 147.6mm rainfall on steep terrain,27.4506,91.7441,ISRO_LANDSLIDE_ATLAS
D000032,NH-54,2025-06-15 08:30:00,Arunachal Pradesh,Lower Subansiri,LANDSLIDE,HIGH,BLOCKED,1,48.8,Precipitation debris flow from 83.5mm rainfall on steep terrain,27.4848,93.9154,ISRO_LANDSLIDE_ATLAS
D000033,NH-54,2025-06-15 08:30:00,Meghalaya,East Khasi Hills,ROCKFALL,CRITICAL,BLOCKED,1,35.4,Precipitation debris flow from 188.2mm rainfall on steep terrain,25.4573,91.9708,ISRO_LANDSLIDE_ATLAS
D000034,NH-29,2025-06-15 08:30:00,Meghalaya,West Khasi Hills,ROCKFALL,CRITICAL,BLOCKED,1,29.5,Precipitation debris flow from 155.1mm rainfall on steep terrain,25.5542,91.2086,ISRO_LANDSLIDE_ATLAS
D000035,NH-13,2025-06-16 08:30:00,Meghalaya,West Jaintia Hills,ROCKFALL,CRITICAL,BLOCKED,1,32.1,Precipitation debris flow from 196.4mm rainfall on steep terrain,25.4201,92.187,ISRO_LANDSLIDE_ATLAS
D000036,NH-29,2025-06-16 08:30:00,Sikkim,North Sikkim,LANDSLIDE,CRITICAL,BLOCKED,1,24.0,Precipitation debris flow from 148.3mm rainfall on steep terrain,27.5679,88.6945,ISRO_LANDSLIDE_ATLAS
D000037,NH-29,2025-06-16 08:30:00,Sikkim,South Sikkim,LANDSLIDE,CRITICAL,BLOCKED,1,42.7,Precipitation debris flow from 154.7mm rainfall on steep terrain,27.1972,88.4407,ISRO_LANDSLIDE_ATLAS
D000038,NH-13,2025-06-16 08:30:00,Nagaland,Mokokchung,LANDSLIDE,HIGH,BLOCKED,1,46.7,Precipitation debris flow from 101.9mm rainfall on steep terrain,26.3072,94.389,ISRO_LANDSLIDE_ATLAS
D000039,NH-206,2025-06-17 08:30:00,Mizoram,Aizawl,LANDSLIDE,CRITICAL,BLOCKED,1,35.7,Precipitation debris flow from 122.4mm rainfall on steep terrain,23.7695,92.6122,ISRO_LANDSLIDE_ATLAS
D000040,NH-54,2025-06-17 08:30:00,Mizoram,Lunglei,LANDSLIDE,CRITICAL,BLOCKED,1,29.4,Precipitation debris flow from 144.7mm rainfall on steep terrain,22.8788,92.6396,ISRO_LANDSLIDE_ATLAS
D000041,NH-13,2025-06-17 08:30:00,Arunachal Pradesh,Tawang,LANDSLIDE,HIGH,BLOCKED,1,44.6,Precipitation debris flow from 99.6mm rainfall on steep terrain,27.4414,91.8304,ISRO_LANDSLIDE_ATLAS
D000042,NH-206,2025-06-17 08:30:00,Arunachal Pradesh,Papum Pare,ROCKFALL,CRITICAL,BLOCKED,1,49.6,Precipitation debris flow from 152.3mm rainfall on steep terrain,27.1191,93.663,ISRO_LANDSLIDE_ATLAS
D000043,NH-206,2025-06-18 08:30:00,Arunachal Pradesh,Lower Subansiri,LANDSLIDE,CRITICAL,BLOCKED,1,22.9,Precipitation debris flow from 181.4mm rainfall on steep terrain,27.58,93.895,ISRO_LANDSLIDE_ATLAS
D000044,NH-206,2025-06-18 08:30:00,Meghalaya,East Khasi Hills,LANDSLIDE,CRITICAL,BLOCKED,1,47.9,Precipitation debris flow from 231.7mm rainfall on steep terrain,25.5879,91.7579,ISRO_LANDSLIDE_ATLAS
D000045,NH-10,2025-06-19 08:30:00,Meghalaya,West Jaintia Hills,ROCKFALL,HIGH,BLOCKED,1,22.8,Precipitation debris flow from 100.1mm rainfall on steep terrain,25.3966,92.3144,ISRO_LANDSLIDE_ATLAS
D000046,NH-29,2025-06-19 08:30:00,Nagaland,Kohima,LANDSLIDE,HIGH,BLOCKED,1,44.8,Precipitation debris flow from 83.2mm rainfall on steep terrain,25.7149,94.0189,ISRO_LANDSLIDE_ATLAS
D000047,NH-29,2025-06-19 08:30:00,Nagaland,Mokokchung,LANDSLIDE,CRITICAL,BLOCKED,1,38.4,Precipitation debris flow from 134.5mm rainfall on steep terrain,26.3262,94.5783,ISRO_LANDSLIDE_ATLAS
D000048,NH-54,2025-06-20 08:30:00,Mizoram,Kolasib,ROCKFALL,HIGH,BLOCKED,1,27.5,Precipitation debris flow from 115.9mm rainfall on steep terrain,24.1139,92.5486,ISRO_LANDSLIDE_ATLAS
D000049,NH-206,2025-06-20 08:30:00,Arunachal Pradesh,West Kameng,LANDSLIDE,CRITICAL,BLOCKED,1,17.9,Precipitation debris flow from 181.0mm rainfall on steep terrain,27.3726,92.3988,ISRO_LANDSLIDE_ATLAS
D000050,NH-206,2025-06-22 08:30:00,Meghalaya,East Khasi Hills,LANDSLIDE,HIGH,BLOCKED,1,24.2,Precipitation debris flow from 78.6mm rainfall on steep terrain,25.5879,92.0423,ISRO_LANDSLIDE_ATLAS
D000051,NH-10,2025-06-22 08:30:00,Sikkim,East Sikkim,LANDSLIDE,HIGH,BLOCKED,1,23.1,Precipitation debris flow from 105.8mm rainfall on steep terrain,27.4623,88.7031,ISRO_LANDSLIDE_ATLAS
D000052,NH-10,2025-06-22 08:30:00,Sikkim,North Sikkim,LANDSLIDE,CRITICAL,BLOCKED,1,39.1,Precipitation debris flow from 124.1mm rainfall on steep terrain,27.496,88.4889,ISRO_LANDSLIDE_ATLAS
D000053,NH-54,2025-06-22 08:30:00,Sikkim,South Sikkim,LANDSLIDE,CRITICAL,BLOCKED,1,34.3,Precipitation debris flow from 121.5mm rainfall on steep terrain,27.3045,88.2502,ISRO_LANDSLIDE_ATLAS
D000054,NH-54,2025-06-22 08:30:00,Nagaland,Kohima,LANDSLIDE,HIGH,BLOCKED,1,50.9,Precipitation debris flow from 88.0mm rainfall on steep terrain,25.5447,94.1597,ISRO_LANDSLIDE_ATLAS
D000055,NH-10,2025-06-23 08:30:00,Mizoram,Aizawl,LANDSLIDE,HIGH,BLOCKED,1,24.0,Precipitation debris flow from 92.6mm rainfall on steep terrain,23.7791,92.7281,ISRO_LANDSLIDE_ATLAS
D000056,NH-206,2025-06-23 08:30:00,Arunachal Pradesh,Tawang,LANDSLIDE,HIGH,BLOCKED,1,21.2,Precipitation debris flow from 99.4mm rainfall on steep terrain,27.6746,91.9282,ISRO_LANDSLIDE_ATLAS
D000057,NH-10,2025-06-25 08:30:00,Meghalaya,East Khasi Hills,LANDSLIDE,CRITICAL,BLOCKED,1,18.5,Precipitation debris flow from 213.0mm rainfall on steep terrain,25.5596,91.9953,ISRO_LANDSLIDE_ATLAS
D000058,NH-54,2025-06-25 08:30:00,Sikkim,East Sikkim,LANDSLIDE,HIGH,BLOCKED,1,29.7,Precipitation debris flow from 106.6mm rainfall on steep terrain,27.2115,88.4621,ISRO_LANDSLIDE_ATLAS
D000059,NH-13,2025-06-25 08:30:00,Sikkim,North Sikkim,LANDSLIDE,CRITICAL,BLOCKED,1,42.1,Precipitation debris flow from 125.0mm rainfall on steep terrain,27.5237,88.6308,ISRO_LANDSLIDE_ATLAS
D000060,NH-206,2025-06-25 08:30:00,Sikkim,South Sikkim,LANDSLIDE,CRITICAL,BLOCKED,1,28.5,Precipitation debris flow from 138.6mm rainfall on steep terrain,27.183,88.4996,ISRO_LANDSLIDE_ATLAS
D000061,NH-206,2025-06-26 08:30:00,Manipur,Senapati,ROCKFALL,HIGH,BLOCKED,1,21.8,Precipitation debris flow from 83.2mm rainfall on steep terrain,25.3384,93.9295,ISRO_LANDSLIDE_ATLAS
D000062,NH-13,2025-06-26 08:30:00,Mizoram,Aizawl,LANDSLIDE,CRITICAL,BLOCKED,1,32.3,Precipitation debris flow from 124.5mm rainfall on steep terrain,23.6391,92.8399,ISRO_LANDSLIDE_ATLAS
D000063,NH-29,2025-06-26 08:30:00,Mizoram,Lunglei,LANDSLIDE,HIGH,BLOCKED,1,27.1,Precipitation debris flow from 90.8mm rainfall on steep terrain,22.8864,92.8389,ISRO_LANDSLIDE_ATLAS
D000064,NH-206,2025-06-27 08:30:00,Arunachal Pradesh,West Kameng,LANDSLIDE,CRITICAL,BLOCKED,1,45.3,Precipitation debris flow from 175.5mm rainfall on steep terrain,27.2689,92.3501,ISRO_LANDSLIDE_ATLAS
D000065,NH-206,2025-06-28 08:30:00,Meghalaya,East Khasi Hills,LANDSLIDE,CRITICAL,BLOCKED,1,27.3,Precipitation debris flow from 235.1mm rainfall on steep terrain,25.4338,91.9001,ISRO_LANDSLIDE_ATLAS
D000066,NH-29,2025-06-28 08:30:00,Sikkim,South Sikkim,LANDSLIDE,CRITICAL,BLOCKED,1,49.6,Precipitation debris flow from 133.3mm rainfall on steep terrain,27.1252,88.4414,ISRO_LANDSLIDE_ATLAS
D000067,NH-54,2025-06-28 08:30:00,Nagaland,Kohima,LANDSLIDE,HIGH,BLOCKED,1,38.8,Precipitation debris flow from 108.7mm rainfall on steep terrain,25.5544,93.9988,ISRO_LANDSLIDE_ATLAS
D000068,NH-206,2025-06-29 08:30:00,Manipur,Senapati,ROCKFALL,HIGH,BLOCKED,1,26.4,Precipitation debris flow from 92.7mm rainfall on steep terrain,25.2794,94.0436,ISRO_LANDSLIDE_ATLAS
D000069,NH-206,2025-06-29 08:30:00,Mizoram,Aizawl,LANDSLIDE,HIGH,BLOCKED,1,29.3,Precipitation debris flow from 118.6mm rainfall on steep terrain,23.7427,92.7349,ISRO_LANDSLIDE_ATLAS
D000070,NH-54,2025-06-29 08:30:00,Mizoram,Lunglei,LANDSLIDE,CRITICAL,BLOCKED,1,41.6,Precipitation debris flow from 131.0mm rainfall on steep terrain,22.7714,92.8491,ISRO_LANDSLIDE_ATLAS
D000071,NH-29,2025-06-30 08:30:00,Arunachal Pradesh,Tawang,LANDSLIDE,CRITICAL,BLOCKED,1,47.0,Precipitation debris flow from 203.8mm rainfall on steep terrain,27.6162,91.7358,ISRO_LANDSLIDE_ATLAS
D000072,NH-29,2025-06-30 08:30:00,Arunachal Pradesh,Lower Subansiri,LANDSLIDE,CRITICAL,BLOCKED,1,37.0,Precipitation debris flow from 128.1mm rainfall on steep terrain,27.4584,93.9152,ISRO_LANDSLIDE_ATLAS
D000073,NH-13,2025-07-01 08:30:00,Meghalaya,East Khasi Hills,ROCKFALL,CRITICAL,BLOCKED,1,21.4,Precipitation debris flow from 169.8mm rainfall on steep terrain,25.6916,91.9872,ISRO_LANDSLIDE_ATLAS
D000074,NH-206,2025-07-01 08:30:00,Meghalaya,West Khasi Hills,ROCKFALL,CRITICAL,BLOCKED,1,34.8,Precipitation debris flow from 224.0mm rainfall on steep terrain,25.4731,91.2551,ISRO_LANDSLIDE_ATLAS
D000075,NH-13,2025-07-01 08:30:00,Meghalaya,West Jaintia Hills,ROCKFALL,HIGH,BLOCKED,1,33.3,Precipitation debris flow from 110.4mm rainfall on steep terrain,25.3773,92.1648,ISRO_LANDSLIDE_ATLAS
D000076,NH-13,2025-07-01 08:30:00,Sikkim,South Sikkim,LANDSLIDE,HIGH,BLOCKED,1,28.2,Precipitation debris flow from 78.9mm rainfall on steep terrain,27.1226,88.3664,ISRO_LANDSLIDE_ATLAS
D000077,NH-10,2025-07-02 08:30:00,Nagaland,Kohima,LANDSLIDE,CRITICAL,BLOCKED,1,33.7,Precipitation debris flow from 132.6mm rainfall on steep terrain,25.7934,94.0393,ISRO_LANDSLIDE_ATLAS
D000078,NH-54,2025-07-02 08:30:00,Mizoram,Lunglei,LANDSLIDE,CRITICAL,BLOCKED,1,16.6,Precipitation debris flow from 124.7mm rainfall on steep terrain,22.8922,92.7407,ISRO_LANDSLIDE_ATLAS
D000079,NH-54,2025-07-03 08:30:00,Arunachal Pradesh,West Kameng,LANDSLIDE,HIGH,BLOCKED,1,15.4,Precipitation debris flow from 108.9mm rainfall on steep terrain,27.3402,92.3754,ISRO_LANDSLIDE_ATLAS
D000080,NH-10,2025-07-04 08:30:00,Meghalaya,East Khasi Hills,ROCKFALL,CRITICAL,BLOCKED,1,24.8,Precipitation debris flow from 212.2mm rainfall on steep terrain,25.575,91.9643,ISRO_LANDSLIDE_ATLAS
D000081,NH-29,2025-07-04 08:30:00,Sikkim,East Sikkim,LANDSLIDE,CRITICAL,BLOCKED,1,43.7,Precipitation debris flow from 149.3mm rainfall on steep terrain,27.2691,88.6499,ISRO_LANDSLIDE_ATLAS
D000082,NH-206,2025-07-04 08:30:00,Sikkim,North Sikkim,LANDSLIDE,HIGH,BLOCKED,1,31.8,Precipitation debris flow from 78.9mm rainfall on steep terrain,27.6316,88.6244,ISRO_LANDSLIDE_ATLAS
D000083,NH-206,2025-07-05 08:30:00,Sikkim,South Sikkim,LANDSLIDE,CRITICAL,BLOCKED,1,28.3,Precipitation debris flow from 121.3mm rainfall on steep terrain,27.0752,88.2069,ISRO_LANDSLIDE_ATLAS
D000084,NH-29,2025-07-05 08:30:00,Manipur,Senapati,LANDSLIDE,HIGH,BLOCKED,1,43.0,Precipitation debris flow from 93.0mm rainfall on steep terrain,25.3091,94.1181,ISRO_LANDSLIDE_ATLAS
D000085,NH-29,2025-07-05 08:30:00,Mizoram,Lunglei,LANDSLIDE,CRITICAL,BLOCKED,1,21.7,Precipitation debris flow from 129.5mm rainfall on steep terrain,22.9932,92.7205,ISRO_LANDSLIDE_ATLAS
D000086,NH-10,2025-07-06 08:30:00,Arunachal Pradesh,Tawang,LANDSLIDE,CRITICAL,BLOCKED,1,21.4,Precipitation debris flow from 145.2mm rainfall on steep terrain,27.5837,91.936,ISRO_LANDSLIDE_ATLAS
D000087,NH-13,2025-07-06 08:30:00,Arunachal Pradesh,Lower Subansiri,LANDSLIDE,CRITICAL,BLOCKED,1,17.2,Precipitation debris flow from 190.5mm rainfall on steep terrain,27.555,93.92,ISRO_LANDSLIDE_ATLAS
D000088,NH-29,2025-07-07 08:30:00,Meghalaya,West Khasi Hills,ROCKFALL,CRITICAL,BLOCKED,1,19.1,Precipitation debris flow from 182.0mm rainfall on steep terrain,25.6287,91.185,ISRO_LANDSLIDE_ATLAS
D000089,NH-29,2025-07-07 08:30:00,Meghalaya,West Jaintia Hills,ROCKFALL,CRITICAL,BLOCKED,1,42.0,Precipitation debris flow from 207.8mm rainfall on steep terrain,25.5984,92.1098,ISRO_LANDSLIDE_ATLAS
D000090,NH-29,2025-07-08 08:30:00,Sikkim,South Sikkim,LANDSLIDE,CRITICAL,BLOCKED,1,51.8,Precipitation debris flow from 158.2mm rainfall on steep terrain,27.096,88.3916,ISRO_LANDSLIDE_ATLAS
D000091,NH-29,2025-07-08 08:30:00,Nagaland,Kohima,LANDSLIDE,CRITICAL,BLOCKED,1,14.3,Precipitation debris flow from 162.4mm rainfall on steep terrain,25.7251,94.2506,ISRO_LANDSLIDE_ATLAS
D000092,NH-206,2025-07-08 08:30:00,Manipur,Senapati,ROCKFALL,CRITICAL,BLOCKED,1,43.5,Precipitation debris flow from 133.3mm rainfall on steep terrain,25.3034,94.0704,ISRO_LANDSLIDE_ATLAS
D000093,NH-54,2025-07-09 08:30:00,Arunachal Pradesh,Tawang,LANDSLIDE,CRITICAL,BLOCKED,1,43.9,Precipitation debris flow from 190.8mm rainfall on steep terrain,27.5723,91.9422,ISRO_LANDSLIDE_ATLAS
D000094,NH-206,2025-07-09 08:30:00,Arunachal Pradesh,West Kameng,LANDSLIDE,HIGH,BLOCKED,1,35.6,Precipitation debris flow from 78.2mm rainfall on steep terrain,27.1201,92.5229,ISRO_LANDSLIDE_ATLAS
D000095,NH-10,2025-07-10 08:30:00,Meghalaya,East Khasi Hills,LANDSLIDE,HIGH,BLOCKED,1,29.3,Precipitation debris flow from 108.4mm rainfall on steep terrain,25.4936,91.8991,ISRO_LANDSLIDE_ATLAS
D000096,NH-206,2025-07-10 08:30:00,Meghalaya,West Khasi Hills,ROCKFALL,CRITICAL,BLOCKED,1,23.7,Precipitation debris flow from 222.9mm rainfall on steep terrain,25.4168,91.2679,ISRO_LANDSLIDE_ATLAS
D000097,NH-54,2025-07-10 08:30:00,Meghalaya,West Jaintia Hills,ROCKFALL,CRITICAL,BLOCKED,1,32.1,Precipitation debris flow from 187.0mm rainfall on steep terrain,25.4074,92.1876,ISRO_LANDSLIDE_ATLAS
D000098,NH-10,2025-07-11 08:30:00,Sikkim,North Sikkim,LANDSLIDE,HIGH,BLOCKED,1,51.0,Precipitation debris flow from 116.9mm rainfall on steep terrain,27.6495,88.5329,ISRO_LANDSLIDE_ATLAS
D000099,NH-206,2025-07-11 08:30:00,Sikkim,South Sikkim,LANDSLIDE,HIGH,BLOCKED,1,17.6,Precipitation debris flow from 78.5mm rainfall on steep terrain,27.3191,88.4535,ISRO_LANDSLIDE_ATLAS
D000100,NH-206,2025-07-11 08:30:00,Mizoram,Aizawl,LANDSLIDE,CRITICAL,BLOCKED,1,19.0,Precipitation debris flow from 141.9mm rainfall on steep terrain,23.7152,92.6144,ISRO_LANDSLIDE_ATLAS
D000101,NH-10,2025-07-12 08:30:00,Mizoram,Lunglei,LANDSLIDE,CRITICAL,BLOCKED,1,44.8,Precipitation debris flow from 147.2mm rainfall on steep terrain,22.7952,92.6132,ISRO_LANDSLIDE_ATLAS
D000102,NH-29,2025-07-12 08:30:00,Arunachal Pradesh,Lower Subansiri,LANDSLIDE,HIGH,BLOCKED,1,16.9,Precipitation debris flow from 79.6mm rainfall on steep terrain,27.6259,93.8526,ISRO_LANDSLIDE_ATLAS
D000103,NH-29,2025-07-13 08:30:00,Meghalaya,East Khasi Hills,LANDSLIDE,CRITICAL,BLOCKED,1,21.9,Precipitation debris flow from 135.8mm rainfall on steep terrain,25.7258,91.876,ISRO_LANDSLIDE_ATLAS
D000104,NH-29,2025-07-13 08:30:00,Meghalaya,West Khasi Hills,ROCKFALL,CRITICAL,BLOCKED,1,27.9,Precipitation debris flow from 240.2mm rainfall on steep terrain,25.43,91.3156,ISRO_LANDSLIDE_ATLAS
D000105,NH-13,2025-07-14 08:30:00,Sikkim,East Sikkim,LANDSLIDE,CRITICAL,BLOCKED,1,23.5,Precipitation debris flow from 134.6mm rainfall on steep terrain,27.3303,88.5561,ISRO_LANDSLIDE_ATLAS
D000106,NH-10,2025-07-14 08:30:00,Nagaland,Kohima,LANDSLIDE,CRITICAL,BLOCKED,1,29.1,Precipitation debris flow from 152.5mm rainfall on steep terrain,25.5381,94.0097,ISRO_LANDSLIDE_ATLAS
D000107,NH-10,2025-07-14 08:30:00,Nagaland,Mokokchung,LANDSLIDE,HIGH,BLOCKED,1,16.0,Precipitation debris flow from 113.2mm rainfall on steep terrain,26.2564,94.6256,ISRO_LANDSLIDE_ATLAS
D000108,NH-10,2025-07-14 08:30:00,Manipur,Senapati,ROCKFALL,CRITICAL,BLOCKED,1,33.1,Precipitation debris flow from 134.8mm rainfall on steep terrain,25.1364,93.9197,ISRO_LANDSLIDE_ATLAS
D000109,NH-206,2025-07-15 08:30:00,Mizoram,Kolasib,ROCKFALL,CRITICAL,BLOCKED,1,41.6,Precipitation debris flow from 127.1mm rainfall on steep terrain,24.1171,92.634,ISRO_LANDSLIDE_ATLAS
D000110,NH-13,2025-07-15 08:30:00,Arunachal Pradesh,Tawang,LANDSLIDE,CRITICAL,BLOCKED,1,14.5,Precipitation debris flow from 177.8mm rainfall on steep terrain,27.5043,91.7815,ISRO_LANDSLIDE_ATLAS
D000111,NH-10,2025-07-15 08:30:00,Arunachal Pradesh,West Kameng,LANDSLIDE,HIGH,BLOCKED,1,25.8,Precipitation debris flow from 102.9mm rainfall on steep terrain,27.2961,92.4007,ISRO_LANDSLIDE_ATLAS
D000112,NH-29,2025-07-17 08:30:00,Sikkim,North Sikkim,LANDSLIDE,HIGH,BLOCKED,1,23.5,Precipitation debris flow from 81.9mm rainfall on steep terrain,27.5973,88.6161,ISRO_LANDSLIDE_ATLAS
D000113,NH-10,2025-07-17 08:30:00,Sikkim,South Sikkim,LANDSLIDE,CRITICAL,BLOCKED,1,14.1,Precipitation debris flow from 133.2mm rainfall on steep terrain,27.1981,88.3576,ISRO_LANDSLIDE_ATLAS
D000114,NH-13,2025-07-17 08:30:00,Nagaland,Kohima,LANDSLIDE,HIGH,BLOCKED,1,23.4,Precipitation debris flow from 109.8mm rainfall on steep terrain,25.5579,94.0957,ISRO_LANDSLIDE_ATLAS
D000115,NH-206,2025-07-18 08:30:00,Mizoram,Aizawl,LANDSLIDE,CRITICAL,BLOCKED,1,32.3,Precipitation debris flow from 161.2mm rainfall on steep terrain,23.8454,92.7315,ISRO_LANDSLIDE_ATLAS
D000116,NH-13,2025-07-18 08:30:00,Mizoram,Kolasib,ROCKFALL,CRITICAL,BLOCKED,1,34.2,Precipitation debris flow from 125.5mm rainfall on steep terrain,24.1237,92.7071,ISRO_LANDSLIDE_ATLAS
D000117,NH-29,2025-07-18 08:30:00,Mizoram,Lunglei,LANDSLIDE,CRITICAL,BLOCKED,1,30.9,Precipitation debris flow from 121.1mm rainfall on steep terrain,22.7571,92.6872,ISRO_LANDSLIDE_ATLAS
D000118,NH-54,2025-07-18 08:30:00,Arunachal Pradesh,West Kameng,LANDSLIDE,HIGH,BLOCKED,1,36.9,Precipitation debris flow from 118.9mm rainfall on steep terrain,27.1682,92.4795,ISRO_LANDSLIDE_ATLAS
D000119,NH-13,2025-07-19 08:30:00,Arunachal Pradesh,Lower Subansiri,LANDSLIDE,HIGH,BLOCKED,1,48.4,Precipitation debris flow from 113.7mm rainfall on steep terrain,27.5496,93.9222,ISRO_LANDSLIDE_ATLAS
D000120,NH-10,2025-07-23 08:30:00,Meghalaya,East Khasi Hills,LANDSLIDE,CRITICAL,BLOCKED,1,33.6,Precipitation debris flow from 167.3mm rainfall on steep terrain,25.5225,91.9166,ISRO_LANDSLIDE_ATLAS
D000121,NH-13,2025-07-23 08:30:00,Meghalaya,West Khasi Hills,ROCKFALL,CRITICAL,BLOCKED,1,35.7,Precipitation debris flow from 242.2mm rainfall on steep terrain,25.4202,91.196,ISRO_LANDSLIDE_ATLAS
D000122,NH-54,2025-07-23 08:30:00,Meghalaya,West Jaintia Hills,ROCKFALL,CRITICAL,BLOCKED,1,26.0,Precipitation debris flow from 175.1mm rainfall on steep terrain,25.4679,92.0807,ISRO_LANDSLIDE_ATLAS
D000123,NH-54,2025-07-23 08:30:00,Sikkim,North Sikkim,LANDSLIDE,HIGH,BLOCKED,1,33.6,Precipitation debris flow from 97.0mm rainfall on steep terrain,27.4434,88.6677,ISRO_LANDSLIDE_ATLAS
D000124,NH-29,2025-07-23 08:30:00,Sikkim,South Sikkim,LANDSLIDE,CRITICAL,BLOCKED,1,50.0,Precipitation debris flow from 135.5mm rainfall on steep terrain,27.1612,88.4026,ISRO_LANDSLIDE_ATLAS
D000125,NH-206,2025-07-23 08:30:00,Nagaland,Mokokchung,LANDSLIDE,CRITICAL,BLOCKED,1,20.4,Precipitation debris flow from 123.1mm rainfall on steep terrain,26.4025,94.6128,ISRO_LANDSLIDE_ATLAS
D000126,NH-206,2025-07-24 08:30:00,Manipur,Senapati,LANDSLIDE,CRITICAL,BLOCKED,1,33.4,Precipitation debris flow from 154.5mm rainfall on steep terrain,25.1795,93.9271,ISRO_LANDSLIDE_ATLAS
D000127,NH-13,2025-07-24 08:30:00,Mizoram,Aizawl,LANDSLIDE,CRITICAL,BLOCKED,1,39.8,Precipitation debris flow from 164.5mm rainfall on steep terrain,23.6861,92.6226,ISRO_LANDSLIDE_ATLAS
D000128,NH-29,2025-07-24 08:30:00,Mizoram,Lunglei,LANDSLIDE,CRITICAL,BLOCKED,1,44.4,Precipitation debris flow from 122.6mm rainfall on steep terrain,22.8736,92.8437,ISRO_LANDSLIDE_ATLAS
D000129,NH-10,2025-07-25 08:30:00,Arunachal Pradesh,West Kameng,LANDSLIDE,HIGH,BLOCKED,1,43.9,Precipitation debris flow from 85.1mm rainfall on steep terrain,27.2451,92.5021,ISRO_LANDSLIDE_ATLAS
D000130,NH-29,2025-07-26 08:30:00,Meghalaya,East Khasi Hills,LANDSLIDE,CRITICAL,BLOCKED,1,16.0,Precipitation debris flow from 188.4mm rainfall on steep terrain,25.5935,91.7592,ISRO_LANDSLIDE_ATLAS
D000131,NH-29,2025-07-26 08:30:00,Sikkim,East Sikkim,LANDSLIDE,HIGH,BLOCKED,1,39.8,Precipitation debris flow from 76.0mm rainfall on steep terrain,27.4662,88.7085,ISRO_LANDSLIDE_ATLAS
D000132,NH-29,2025-07-26 08:30:00,Sikkim,North Sikkim,LANDSLIDE,HIGH,BLOCKED,1,32.7,Precipitation debris flow from 91.7mm rainfall on steep terrain,27.3877,88.4035,ISRO_LANDSLIDE_ATLAS
D000133,NH-13,2025-07-27 08:30:00,Manipur,Senapati,ROCKFALL,CRITICAL,BLOCKED,1,51.4,Precipitation debris flow from 159.6mm rainfall on steep terrain,25.2841,94.1485,ISRO_LANDSLIDE_ATLAS
D000134,NH-29,2025-07-27 08:30:00,Mizoram,Lunglei,LANDSLIDE,CRITICAL,BLOCKED,1,51.8,Precipitation debris flow from 123.8mm rainfall on steep terrain,23.0181,92.6134,ISRO_LANDSLIDE_ATLAS
D000135,NH-10,2025-07-28 08:30:00,Arunachal Pradesh,West Kameng,LANDSLIDE,CRITICAL,BLOCKED,1,30.6,Precipitation debris flow from 152.0mm rainfall on steep terrain,27.2879,92.4378,ISRO_LANDSLIDE_ATLAS
D000136,NH-206,2025-07-29 08:30:00,Meghalaya,West Khasi Hills,ROCKFALL,CRITICAL,BLOCKED,1,51.5,Precipitation debris flow from 164.8mm rainfall on steep terrain,25.4466,91.3492,ISRO_LANDSLIDE_ATLAS
D000137,NH-206,2025-07-29 08:30:00,Sikkim,East Sikkim,LANDSLIDE,HIGH,BLOCKED,1,30.0,Precipitation debris flow from 87.0mm rainfall on steep terrain,27.269,88.486,ISRO_LANDSLIDE_ATLAS
D000138,NH-29,2025-07-29 08:30:00,Nagaland,Kohima,LANDSLIDE,CRITICAL,BLOCKED,1,31.0,Precipitation debris flow from 121.8mm rainfall on steep terrain,25.5276,93.979,ISRO_LANDSLIDE_ATLAS
D000139,NH-54,2025-07-30 08:30:00,Nagaland,Mokokchung,LANDSLIDE,HIGH,BLOCKED,1,29.3,Precipitation debris flow from 112.1mm rainfall on steep terrain,26.3608,94.3871,ISRO_LANDSLIDE_ATLAS
D000140,NH-29,2025-07-30 08:30:00,Mizoram,Aizawl,LANDSLIDE,HIGH,BLOCKED,1,31.0,Precipitation debris flow from 90.0mm rainfall on steep terrain,23.7752,92.5903,ISRO_LANDSLIDE_ATLAS
D000141,NH-206,2025-07-30 08:30:00,Mizoram,Lunglei,LANDSLIDE,CRITICAL,BLOCKED,1,40.7,Precipitation debris flow from 160.0mm rainfall on steep terrain,22.9642,92.6732,ISRO_LANDSLIDE_ATLAS
D000142,NH-29,2025-07-31 08:30:00,Arunachal Pradesh,Lower Subansiri,LANDSLIDE,HIGH,BLOCKED,1,22.4,Precipitation debris flow from 90.7mm rainfall on steep terrain,27.5434,93.8012,ISRO_LANDSLIDE_ATLAS
D000143,NH-13,2025-08-01 08:30:00,Sikkim,North Sikkim,LANDSLIDE,CRITICAL,BLOCKED,1,40.7,Precipitation debris flow from 143.0mm rainfall on steep terrain,27.3611,88.4425,ISRO_LANDSLIDE_ATLAS
D000144,NH-206,2025-08-02 08:30:00,Nagaland,Mokokchung,ROCKFALL,CRITICAL,BLOCKED,1,47.3,Precipitation debris flow from 149.1mm rainfall on steep terrain,26.4148,94.4362,ISRO_LANDSLIDE_ATLAS
D000145,NH-29,2025-08-02 08:30:00,Mizoram,Aizawl,LANDSLIDE,MEDIUM,PARTIAL,0,0.0,Precipitation debris flow from 71.9mm rainfall on steep terrain,23.7016,92.7765,ISRO_LANDSLIDE_ATLAS
D000146,NH-13,2025-08-02 08:30:00,Mizoram,Lunglei,ROCKFALL,HIGH,BLOCKED,1,29.5,Precipitation debris flow from 105.0mm rainfall on steep terrain,22.9633,92.5947,ISRO_LANDSLIDE_ATLAS
D000147,NH-29,2025-08-03 08:30:00,Arunachal Pradesh,Tawang,LANDSLIDE,CRITICAL,BLOCKED,1,36.1,Precipitation debris flow from 199.2mm rainfall on steep terrain,27.4474,91.7634,ISRO_LANDSLIDE_ATLAS
D000148,NH-13,2025-08-03 08:30:00,Arunachal Pradesh,Lower Subansiri,LANDSLIDE,HIGH,BLOCKED,1,43.4,Precipitation debris flow from 76.4mm rainfall on steep terrain,27.4829,93.7381,ISRO_LANDSLIDE_ATLAS
D000149,NH-206,2025-08-04 08:30:00,Meghalaya,East Khasi Hills,LANDSLIDE,HIGH,BLOCKED,1,40.5,Precipitation debris flow from 85.7mm rainfall on steep terrain,25.5701,91.8886,ISRO_LANDSLIDE_ATLAS
D000150,NH-29,2025-08-04 08:30:00,Sikkim,North Sikkim,LANDSLIDE,HIGH,BLOCKED,1,22.3,Precipitation debris flow from 97.3mm rainfall on steep terrain,27.5884,88.6858,ISRO_LANDSLIDE_ATLAS
D000151,NH-13,2025-08-05 08:30:00,Nagaland,Mokokchung,LANDSLIDE,HIGH,BLOCKED,1,40.9,Precipitation debris flow from 88.3mm rainfall on steep terrain,26.4532,94.6539,ISRO_LANDSLIDE_ATLAS
D000152,NH-54,2025-08-05 08:30:00,Manipur,Senapati,LANDSLIDE,CRITICAL,BLOCKED,1,32.1,Precipitation debris flow from 148.2mm rainfall on steep terrain,25.2457,93.9322,ISRO_LANDSLIDE_ATLAS
D000153,NH-13,2025-08-05 08:30:00,Mizoram,Lunglei,LANDSLIDE,CRITICAL,BLOCKED,1,43.7,Precipitation debris flow from 147.9mm rainfall on steep terrain,22.9011,92.7651,ISRO_LANDSLIDE_ATLAS
D000154,NH-13,2025-08-06 08:30:00,Arunachal Pradesh,West Kameng,LANDSLIDE,HIGH,BLOCKED,1,27.4,Precipitation debris flow from 115.6mm rainfall on steep terrain,27.2152,92.5456,ISRO_LANDSLIDE_ATLAS
D000155,NH-10,2025-08-06 08:30:00,Arunachal Pradesh,Lower Subansiri,LANDSLIDE,CRITICAL,BLOCKED,1,31.2,Precipitation debris flow from 179.5mm rainfall on steep terrain,27.4614,93.9744,ISRO_LANDSLIDE_ATLAS
D000156,NH-13,2025-08-07 08:30:00,Sikkim,East Sikkim,LANDSLIDE,CRITICAL,BLOCKED,1,19.2,Precipitation debris flow from 139.8mm rainfall on steep terrain,27.4731,88.6499,ISRO_LANDSLIDE_ATLAS
D000157,NH-13,2025-08-08 08:30:00,Sikkim,South Sikkim,LANDSLIDE,HIGH,BLOCKED,1,50.7,Precipitation debris flow from 94.1mm rainfall on steep terrain,27.1536,88.2912,ISRO_LANDSLIDE_ATLAS
D000158,NH-10,2025-08-08 08:30:00,Nagaland,Kohima,LANDSLIDE,CRITICAL,BLOCKED,1,29.7,Precipitation debris flow from 125.5mm rainfall on steep terrain,25.7619,94.0266,ISRO_LANDSLIDE_ATLAS
D000159,NH-29,2025-08-08 08:30:00,Nagaland,Mokokchung,LANDSLIDE,CRITICAL,BLOCKED,1,39.9,Precipitation debris flow from 120.7mm rainfall on steep terrain,26.2232,94.5306,ISRO_LANDSLIDE_ATLAS
D000160,NH-10,2025-08-09 08:30:00,Mizoram,Lunglei,LANDSLIDE,CRITICAL,BLOCKED,1,25.1,Precipitation debris flow from 144.0mm rainfall on steep terrain,22.7768,92.881,ISRO_LANDSLIDE_ATLAS
D000161,NH-10,2025-08-09 08:30:00,Arunachal Pradesh,Tawang,LANDSLIDE,CRITICAL,BLOCKED,1,35.5,Precipitation debris flow from 147.8mm rainfall on steep terrain,27.6395,91.7445,ISRO_LANDSLIDE_ATLAS
D000162,NH-206,2025-08-09 08:30:00,Arunachal Pradesh,West Kameng,LANDSLIDE,CRITICAL,BLOCKED,1,42.8,Precipitation debris flow from 190.3mm rainfall on steep terrain,27.2483,92.2936,ISRO_LANDSLIDE_ATLAS
D000163,NH-29,2025-08-10 08:30:00,Meghalaya,East Khasi Hills,LANDSLIDE,HIGH,BLOCKED,1,24.7,Precipitation debris flow from 102.4mm rainfall on steep terrain,25.7031,91.8677,ISRO_LANDSLIDE_ATLAS
D000164,NH-54,2025-08-10 08:30:00,Meghalaya,West Khasi Hills,ROCKFALL,HIGH,BLOCKED,1,26.3,Precipitation debris flow from 117.2mm rainfall on steep terrain,25.6345,91.1698,ISRO_LANDSLIDE_ATLAS
D000165,NH-206,2025-08-10 08:30:00,Meghalaya,West Jaintia Hills,ROCKFALL,CRITICAL,BLOCKED,1,45.6,Precipitation debris flow from 249.2mm rainfall on steep terrain,25.522,92.1174,ISRO_LANDSLIDE_ATLAS
D000166,NH-10,2025-08-11 08:30:00,Sikkim,East Sikkim,LANDSLIDE,CRITICAL,BLOCKED,1,38.3,Precipitation debris flow from 128.1mm rainfall on steep terrain,27.4757,88.7068,ISRO_LANDSLIDE_ATLAS
D000167,NH-206,2025-08-11 08:30:00,Sikkim,North Sikkim,LANDSLIDE,HIGH,BLOCKED,1,51.5,Precipitation debris flow from 118.8mm rainfall on steep terrain,27.4363,88.4538,ISRO_LANDSLIDE_ATLAS
D000168,NH-13,2025-08-11 08:30:00,Nagaland,Mokokchung,LANDSLIDE,HIGH,BLOCKED,1,26.6,Precipitation debris flow from 94.0mm rainfall on steep terrain,26.2529,94.5445,ISRO_LANDSLIDE_ATLAS
D000169,NH-206,2025-08-11 08:30:00,Mizoram,Aizawl,LANDSLIDE,CRITICAL,BLOCKED,1,48.7,Precipitation debris flow from 160.6mm rainfall on steep terrain,23.6272,92.6644,ISRO_LANDSLIDE_ATLAS
D000170,NH-29,2025-08-14 08:30:00,Sikkim,East Sikkim,LANDSLIDE,CRITICAL,BLOCKED,1,29.6,Precipitation debris flow from 164.7mm rainfall on steep terrain,27.4393,88.7509,ISRO_LANDSLIDE_ATLAS
D000171,NH-13,2025-08-14 08:30:00,Sikkim,South Sikkim,LANDSLIDE,HIGH,BLOCKED,1,14.1,Precipitation debris flow from 110.2mm rainfall on steep terrain,27.1687,88.3084,ISRO_LANDSLIDE_ATLAS
D000172,NH-10,2025-08-15 08:30:00,Mizoram,Aizawl,LANDSLIDE,HIGH,BLOCKED,1,45.1,Precipitation debris flow from 107.9mm rainfall on steep terrain,23.6277,92.6767,ISRO_LANDSLIDE_ATLAS
D000173,NH-10,2025-08-15 08:30:00,Arunachal Pradesh,Tawang,LANDSLIDE,CRITICAL,BLOCKED,1,32.7,Precipitation debris flow from 150.1mm rainfall on steep terrain,27.6574,91.9585,ISRO_LANDSLIDE_ATLAS
D000174,NH-29,2025-08-15 08:30:00,Arunachal Pradesh,West Kameng,LANDSLIDE,CRITICAL,BLOCKED,1,20.0,Precipitation debris flow from 165.9mm rainfall on steep terrain,27.2293,92.4697,ISRO_LANDSLIDE_ATLAS
D000175,NH-54,2025-08-16 08:30:00,Arunachal Pradesh,Lower Subansiri,LANDSLIDE,CRITICAL,BLOCKED,1,45.2,Precipitation debris flow from 140.7mm rainfall on steep terrain,27.6428,93.8422,ISRO_LANDSLIDE_ATLAS
D000176,NH-206,2025-08-17 08:30:00,Meghalaya,West Jaintia Hills,ROCKFALL,CRITICAL,BLOCKED,1,26.1,Precipitation debris flow from 142.1mm rainfall on steep terrain,25.4778,92.3231,ISRO_LANDSLIDE_ATLAS
D000177,NH-206,2025-08-17 08:30:00,Sikkim,North Sikkim,LANDSLIDE,HIGH,BLOCKED,1,33.9,Precipitation debris flow from 86.8mm rainfall on steep terrain,27.5204,88.6704,ISRO_LANDSLIDE_ATLAS
D000178,NH-10,2025-08-17 08:30:00,Nagaland,Kohima,LANDSLIDE,HIGH,BLOCKED,1,45.4,Precipitation debris flow from 117.2mm rainfall on steep terrain,25.7676,93.9886,ISRO_LANDSLIDE_ATLAS
D000179,NH-54,2025-08-18 08:30:00,Arunachal Pradesh,West Kameng,LANDSLIDE,CRITICAL,BLOCKED,1,44.0,Precipitation debris flow from 149.6mm rainfall on steep terrain,27.1866,92.4898,ISRO_LANDSLIDE_ATLAS
D000180,NH-206,2025-08-19 08:30:00,Arunachal Pradesh,Lower Subansiri,ROCKFALL,HIGH,BLOCKED,1,22.9,Precipitation debris flow from 115.4mm rainfall on steep terrain,27.5218,93.7141,ISRO_LANDSLIDE_ATLAS
D000181,NH-206,2025-08-19 08:30:00,Meghalaya,East Khasi Hills,ROCKFALL,CRITICAL,BLOCKED,1,15.2,Precipitation debris flow from 255.1mm rainfall on steep terrain,25.6029,91.9758,ISRO_LANDSLIDE_ATLAS
D000182,NH-13,2025-08-20 08:30:00,Sikkim,South Sikkim,LANDSLIDE,CRITICAL,BLOCKED,1,20.9,Precipitation debris flow from 136.4mm rainfall on steep terrain,27.3011,88.3089,ISRO_LANDSLIDE_ATLAS
D000183,NH-206,2025-08-20 08:30:00,Nagaland,Mokokchung,LANDSLIDE,CRITICAL,BLOCKED,1,49.7,Precipitation debris flow from 163.9mm rainfall on steep terrain,26.2904,94.5617,ISRO_LANDSLIDE_ATLAS
D000184,NH-13,2025-08-21 08:30:00,Manipur,Senapati,LANDSLIDE,HIGH,BLOCKED,1,27.8,Precipitation debris flow from 78.1mm rainfall on steep terrain,25.3568,93.9306,ISRO_LANDSLIDE_ATLAS
D000185,NH-29,2025-08-21 08:30:00,Mizoram,Aizawl,LANDSLIDE,HIGH,BLOCKED,1,25.4,Precipitation debris flow from 85.6mm rainfall on steep terrain,23.7088,92.6628,ISRO_LANDSLIDE_ATLAS
D000186,NH-10,2025-08-21 08:30:00,Mizoram,Kolasib,ROCKFALL,HIGH,BLOCKED,1,38.1,Precipitation debris flow from 116.7mm rainfall on steep terrain,24.0802,92.7899,ISRO_LANDSLIDE_ATLAS
D000187,NH-10,2025-08-21 08:30:00,Mizoram,Lunglei,LANDSLIDE,CRITICAL,BLOCKED,1,51.0,Precipitation debris flow from 144.7mm rainfall on steep terrain,22.9511,92.8679,ISRO_LANDSLIDE_ATLAS
D000188,NH-54,2025-08-21 08:30:00,Arunachal Pradesh,Tawang,LANDSLIDE,CRITICAL,BLOCKED,1,39.3,Precipitation debris flow from 121.7mm rainfall on steep terrain,27.6284,91.7103,ISRO_LANDSLIDE_ATLAS
D000189,NH-13,2025-08-21 08:30:00,Arunachal Pradesh,West Kameng,LANDSLIDE,HIGH,BLOCKED,1,42.7,Precipitation debris flow from 109.1mm rainfall on steep terrain,27.1392,92.3132,ISRO_LANDSLIDE_ATLAS
D000190,NH-13,2025-08-23 08:30:00,Sikkim,North Sikkim,LANDSLIDE,HIGH,BLOCKED,1,26.0,Precipitation debris flow from 119.8mm rainfall on steep terrain,27.465,88.527,ISRO_LANDSLIDE_ATLAS
D000191,NH-10,2025-08-23 08:30:00,Sikkim,South Sikkim,LANDSLIDE,HIGH,BLOCKED,1,41.2,Precipitation debris flow from 88.2mm rainfall on steep terrain,27.0376,88.2999,ISRO_LANDSLIDE_ATLAS
D000192,NH-54,2025-08-24 08:30:00,Manipur,Senapati,LANDSLIDE,CRITICAL,BLOCKED,1,35.7,Precipitation debris flow from 153.9mm rainfall on steep terrain,25.1232,93.8984,ISRO_LANDSLIDE_ATLAS
D000193,NH-29,2025-08-24 08:30:00,Mizoram,Aizawl,LANDSLIDE,CRITICAL,BLOCKED,1,15.1,Precipitation debris flow from 143.3mm rainfall on steep terrain,23.6853,92.6966,ISRO_LANDSLIDE_ATLAS
D000194,NH-206,2025-08-24 08:30:00,Mizoram,Lunglei,LANDSLIDE,HIGH,BLOCKED,1,28.4,Precipitation debris flow from 75.9mm rainfall on steep terrain,22.9511,92.7374,ISRO_LANDSLIDE_ATLAS
D000195,NH-54,2025-08-24 08:30:00,Arunachal Pradesh,Tawang,LANDSLIDE,HIGH,BLOCKED,1,47.4,Precipitation debris flow from 79.4mm rainfall on steep terrain,27.5817,91.8573,ISRO_LANDSLIDE_ATLAS
D000196,NH-13,2025-08-26 08:30:00,Meghalaya,East Khasi Hills,ROCKFALL,CRITICAL,BLOCKED,1,21.4,Precipitation debris flow from 162.3mm rainfall on steep terrain,25.4822,92.0328,ISRO_LANDSLIDE_ATLAS
D000197,NH-13,2025-08-26 08:30:00,Meghalaya,West Khasi Hills,ROCKFALL,CRITICAL,BLOCKED,1,28.4,Precipitation debris flow from 153.4mm rainfall on steep terrain,25.4225,91.2266,ISRO_LANDSLIDE_ATLAS
D000198,NH-10,2025-08-26 08:30:00,Meghalaya,West Jaintia Hills,ROCKFALL,CRITICAL,BLOCKED,1,40.3,Precipitation debris flow from 140.0mm rainfall on steep terrain,25.5765,92.3211,ISRO_LANDSLIDE_ATLAS
D000199,NH-29,2025-08-26 08:30:00,Sikkim,North Sikkim,LANDSLIDE,HIGH,BLOCKED,1,40.4,Precipitation debris flow from 83.5mm rainfall on steep terrain,27.4305,88.5801,ISRO_LANDSLIDE_ATLAS
D000200,NH-10,2025-08-26 08:30:00,Sikkim,South Sikkim,LANDSLIDE,CRITICAL,BLOCKED,1,31.6,Precipitation debris flow from 136.7mm rainfall on steep terrain,27.2042,88.3302,ISRO_LANDSLIDE_ATLAS
D000201,NH-206,2025-08-27 08:30:00,Nagaland,Mokokchung,ROCKFALL,CRITICAL,BLOCKED,1,33.4,Precipitation debris flow from 144.9mm rainfall on steep terrain,26.1988,94.6105,ISRO_LANDSLIDE_ATLAS
D000202,NH-29,2025-08-27 08:30:00,Manipur,Senapati,LANDSLIDE,CRITICAL,BLOCKED,1,22.7,Precipitation debris flow from 126.8mm rainfall on steep terrain,25.1383,94.0583,ISRO_LANDSLIDE_ATLAS
D000203,NH-10,2025-08-28 08:30:00,Arunachal Pradesh,Tawang,LANDSLIDE,CRITICAL,BLOCKED,1,37.6,Precipitation debris flow from 211.3mm rainfall on steep terrain,27.5792,91.9169,ISRO_LANDSLIDE_ATLAS
D000204,NH-206,2025-08-28 08:30:00,Arunachal Pradesh,West Kameng,LANDSLIDE,CRITICAL,BLOCKED,1,31.4,Precipitation debris flow from 189.0mm rainfall on steep terrain,27.3323,92.3567,ISRO_LANDSLIDE_ATLAS
D000205,NH-54,2025-08-29 08:30:00,Meghalaya,West Khasi Hills,ROCKFALL,CRITICAL,BLOCKED,1,28.9,Precipitation debris flow from 236.8mm rainfall on steep terrain,25.3657,91.2829,ISRO_LANDSLIDE_ATLAS
D000206,NH-206,2025-08-29 08:30:00,Meghalaya,West Jaintia Hills,ROCKFALL,CRITICAL,BLOCKED,1,35.2,Precipitation debris flow from 148.1mm rainfall on steep terrain,25.4345,92.1809,ISRO_LANDSLIDE_ATLAS
D000207,NH-10,2025-08-29 08:30:00,Sikkim,East Sikkim,LANDSLIDE,HIGH,BLOCKED,1,52.0,Precipitation debris flow from 103.9mm rainfall on steep terrain,27.2921,88.5261,ISRO_LANDSLIDE_ATLAS
D000208,NH-29,2025-08-29 08:30:00,Sikkim,North Sikkim,LANDSLIDE,HIGH,BLOCKED,1,28.2,Precipitation debris flow from 111.9mm rainfall on steep terrain,27.6265,88.656,ISRO_LANDSLIDE_ATLAS
D000209,NH-54,2025-08-29 08:30:00,Nagaland,Kohima,LANDSLIDE,HIGH,BLOCKED,1,33.9,Precipitation debris flow from 85.7mm rainfall on steep terrain,25.7455,94.1974,ISRO_LANDSLIDE_ATLAS
D000210,NH-54,2025-08-30 08:30:00,Mizoram,Aizawl,LANDSLIDE,HIGH,BLOCKED,1,37.9,Precipitation debris flow from 79.1mm rainfall on steep terrain,23.6133,92.6348,ISRO_LANDSLIDE_ATLAS
D000211,NH-29,2025-08-31 08:30:00,Arunachal Pradesh,Tawang,LANDSLIDE,HIGH,BLOCKED,1,30.5,Precipitation debris flow from 99.9mm rainfall on steep terrain,27.5446,91.9279,ISRO_LANDSLIDE_ATLAS
D000212,NH-29,2025-08-31 08:30:00,Arunachal Pradesh,West Kameng,LANDSLIDE,HIGH,BLOCKED,1,41.6,Precipitation debris flow from 76.3mm rainfall on steep terrain,27.3343,92.2957,ISRO_LANDSLIDE_ATLAS
D000213,NH-29,2025-08-31 08:30:00,Arunachal Pradesh,Lower Subansiri,LANDSLIDE,CRITICAL,BLOCKED,1,43.7,Precipitation debris flow from 147.6mm rainfall on steep terrain,27.5117,93.9065,ISRO_LANDSLIDE_ATLAS
D000214,NH-13,2025-09-01 08:30:00,Sikkim,North Sikkim,LANDSLIDE,HIGH,BLOCKED,1,31.7,Precipitation debris flow from 75.3mm rainfall on steep terrain,27.5675,88.622,ISRO_LANDSLIDE_ATLAS
D000215,NH-13,2025-09-01 08:30:00,Sikkim,South Sikkim,LANDSLIDE,CRITICAL,BLOCKED,1,35.1,Precipitation debris flow from 148.4mm rainfall on steep terrain,27.0841,88.3535,ISRO_LANDSLIDE_ATLAS
D000216,NH-206,2025-09-02 08:30:00,Nagaland,Kohima,LANDSLIDE,HIGH,BLOCKED,1,25.0,Precipitation debris flow from 110.5mm rainfall on steep terrain,25.5731,93.967,ISRO_LANDSLIDE_ATLAS
D000217,NH-29,2025-09-02 08:30:00,Nagaland,Mokokchung,LANDSLIDE,CRITICAL,BLOCKED,1,29.9,Precipitation debris flow from 150.1mm rainfall on steep terrain,26.193,94.4819,ISRO_LANDSLIDE_ATLAS
D000218,NH-54,2025-09-02 08:30:00,Manipur,Senapati,ROCKFALL,HIGH,BLOCKED,1,25.6,Precipitation debris flow from 94.9mm rainfall on steep terrain,25.3244,94.1413,ISRO_LANDSLIDE_ATLAS
D000219,NH-29,2025-09-03 08:30:00,Arunachal Pradesh,Tawang,LANDSLIDE,HIGH,BLOCKED,1,26.7,Precipitation debris flow from 79.0mm rainfall on steep terrain,27.5631,91.8414,ISRO_LANDSLIDE_ATLAS
D000220,NH-10,2025-09-03 08:30:00,Arunachal Pradesh,West Kameng,LANDSLIDE,CRITICAL,BLOCKED,1,42.2,Precipitation debris flow from 160.1mm rainfall on steep terrain,27.2396,92.3148,ISRO_LANDSLIDE_ATLAS
D000221,NH-10,2025-09-03 08:30:00,Arunachal Pradesh,Lower Subansiri,LANDSLIDE,CRITICAL,BLOCKED,1,35.4,Precipitation debris flow from 127.2mm rainfall on steep terrain,27.6855,93.8605,ISRO_LANDSLIDE_ATLAS
D000222,NH-10,2025-09-04 08:30:00,Meghalaya,East Khasi Hills,LANDSLIDE,CRITICAL,BLOCKED,1,31.1,Precipitation debris flow from 239.3mm rainfall on steep terrain,25.6887,91.8409,ISRO_LANDSLIDE_ATLAS
D000223,NH-10,2025-09-04 08:30:00,Meghalaya,West Khasi Hills,ROCKFALL,CRITICAL,BLOCKED,1,20.3,Precipitation debris flow from 205.1mm rainfall on steep terrain,25.4762,91.3801,ISRO_LANDSLIDE_ATLAS
D000224,NH-13,2025-09-05 08:30:00,Sikkim,South Sikkim,LANDSLIDE,CRITICAL,BLOCKED,1,48.0,Precipitation debris flow from 133.2mm rainfall on steep terrain,27.2891,88.2361,ISRO_LANDSLIDE_ATLAS
D000225,NH-10,2025-09-05 08:30:00,Nagaland,Kohima,LANDSLIDE,HIGH,BLOCKED,1,14.8,Precipitation debris flow from 98.1mm rainfall on steep terrain,25.6076,94.0203,ISRO_LANDSLIDE_ATLAS
D000226,NH-54,2025-09-05 08:30:00,Nagaland,Mokokchung,LANDSLIDE,HIGH,BLOCKED,1,25.1,Precipitation debris flow from 87.1mm rainfall on steep terrain,26.3224,94.6502,ISRO_LANDSLIDE_ATLAS
D000227,NH-54,2025-09-05 08:30:00,Manipur,Senapati,ROCKFALL,CRITICAL,BLOCKED,1,49.7,Precipitation debris flow from 126.1mm rainfall on steep terrain,25.202,93.9822,ISRO_LANDSLIDE_ATLAS
D000228,NH-206,2025-09-05 08:30:00,Mizoram,Aizawl,LANDSLIDE,HIGH,BLOCKED,1,17.2,Precipitation debris flow from 76.8mm rainfall on steep terrain,23.6315,92.7816,ISRO_LANDSLIDE_ATLAS
D000229,NH-206,2025-09-05 08:30:00,Mizoram,Lunglei,LANDSLIDE,HIGH,BLOCKED,1,51.8,Precipitation debris flow from 90.3mm rainfall on steep terrain,22.7456,92.6619,ISRO_LANDSLIDE_ATLAS
D000230,NH-206,2025-09-06 08:30:00,Arunachal Pradesh,Tawang,LANDSLIDE,HIGH,BLOCKED,1,26.6,Precipitation debris flow from 85.5mm rainfall on steep terrain,27.6025,91.945,ISRO_LANDSLIDE_ATLAS
D000231,NH-10,2025-09-06 08:30:00,Arunachal Pradesh,West Kameng,LANDSLIDE,HIGH,BLOCKED,1,37.2,Precipitation debris flow from 113.0mm rainfall on steep terrain,27.3684,92.416,ISRO_LANDSLIDE_ATLAS
D000232,NH-29,2025-09-06 08:30:00,Arunachal Pradesh,Lower Subansiri,LANDSLIDE,CRITICAL,BLOCKED,1,15.6,Precipitation debris flow from 204.3mm rainfall on steep terrain,27.4868,93.9716,ISRO_LANDSLIDE_ATLAS
D000233,NH-10,2025-09-07 08:30:00,Meghalaya,East Khasi Hills,LANDSLIDE,CRITICAL,BLOCKED,1,29.2,Precipitation debris flow from 189.1mm rainfall on steep terrain,25.4689,92.02,ISRO_LANDSLIDE_ATLAS
D000234,NH-206,2025-09-08 08:30:00,Sikkim,North Sikkim,LANDSLIDE,HIGH,BLOCKED,1,19.0,Precipitation debris flow from 115.9mm rainfall on steep terrain,27.5804,88.6091,ISRO_LANDSLIDE_ATLAS
D000235,NH-13,2025-09-08 08:30:00,Nagaland,Mokokchung,ROCKFALL,CRITICAL,BLOCKED,1,28.5,Precipitation debris flow from 140.2mm rainfall on steep terrain,26.3229,94.5812,ISRO_LANDSLIDE_ATLAS
D000236,NH-13,2025-09-08 08:30:00,Manipur,Senapati,LANDSLIDE,HIGH,BLOCKED,1,29.9,Precipitation debris flow from 82.4mm rainfall on steep terrain,25.2795,93.8796,ISRO_LANDSLIDE_ATLAS
D000237,NH-13,2025-09-08 08:30:00,Mizoram,Aizawl,LANDSLIDE,CRITICAL,BLOCKED,1,34.0,Precipitation debris flow from 137.1mm rainfall on steep terrain,23.8572,92.8242,ISRO_LANDSLIDE_ATLAS
D000238,NH-10,2025-09-08 08:30:00,Mizoram,Kolasib,ROCKFALL,HIGH,BLOCKED,1,40.5,Precipitation debris flow from 118.2mm rainfall on steep terrain,24.1276,92.7334,ISRO_LANDSLIDE_ATLAS
D000239,NH-29,2025-09-09 08:30:00,Arunachal Pradesh,Tawang,LANDSLIDE,CRITICAL,BLOCKED,1,28.1,Precipitation debris flow from 174.8mm rainfall on steep terrain,27.5958,91.8043,ISRO_LANDSLIDE_ATLAS
D000240,NH-10,2025-09-10 08:30:00,Meghalaya,East Khasi Hills,LANDSLIDE,CRITICAL,BLOCKED,1,17.8,Precipitation debris flow from 149.0mm rainfall on steep terrain,25.616,91.8793,ISRO_LANDSLIDE_ATLAS
D000241,NH-206,2025-09-10 08:30:00,Meghalaya,West Khasi Hills,ROCKFALL,CRITICAL,BLOCKED,1,31.3,Precipitation debris flow from 130.7mm rainfall on steep terrain,25.5458,91.2119,ISRO_LANDSLIDE_ATLAS
D000242,NH-29,2025-09-11 08:30:00,Sikkim,South Sikkim,LANDSLIDE,CRITICAL,BLOCKED,1,44.6,Precipitation debris flow from 128.8mm rainfall on steep terrain,27.1739,88.3955,ISRO_LANDSLIDE_ATLAS
D000243,NH-10,2025-09-11 08:30:00,Nagaland,Kohima,LANDSLIDE,CRITICAL,BLOCKED,1,38.5,Precipitation debris flow from 151.1mm rainfall on steep terrain,25.7577,94.0028,ISRO_LANDSLIDE_ATLAS
D000244,NH-54,2025-09-11 08:30:00,Manipur,Senapati,ROCKFALL,CRITICAL,BLOCKED,1,19.0,Precipitation debris flow from 121.1mm rainfall on steep terrain,25.2835,94.1489,ISRO_LANDSLIDE_ATLAS
D000245,NH-206,2025-09-12 08:30:00,Arunachal Pradesh,West Kameng,LANDSLIDE,HIGH,BLOCKED,1,22.3,Precipitation debris flow from 97.1mm rainfall on steep terrain,27.1681,92.2723,ISRO_LANDSLIDE_ATLAS
D000246,NH-206,2025-09-12 08:30:00,Arunachal Pradesh,Lower Subansiri,LANDSLIDE,CRITICAL,BLOCKED,1,30.0,Precipitation debris flow from 123.6mm rainfall on steep terrain,27.4514,93.8381,ISRO_LANDSLIDE_ATLAS
D000247,NH-54,2025-09-13 08:30:00,Meghalaya,East Khasi Hills,ROCKFALL,HIGH,BLOCKED,1,43.6,Precipitation debris flow from 98.3mm rainfall on steep terrain,25.5411,91.899,ISRO_LANDSLIDE_ATLAS
D000248,NH-13,2025-09-14 08:30:00,Meghalaya,West Jaintia Hills,ROCKFALL,CRITICAL,BLOCKED,1,19.0,Precipitation debris flow from 123.6mm rainfall on steep terrain,25.3609,92.309,ISRO_LANDSLIDE_ATLAS
D000249,NH-54,2025-09-14 08:30:00,Sikkim,South Sikkim,LANDSLIDE,HIGH,BLOCKED,1,24.0,Precipitation debris flow from 115.3mm rainfall on steep terrain,27.0323,88.3537,ISRO_LANDSLIDE_ATLAS
D000250,NH-206,2025-09-14 08:30:00,Nagaland,Mokokchung,ROCKFALL,CRITICAL,BLOCKED,1,20.2,Precipitation debris flow from 147.8mm rainfall on steep terrain,26.4278,94.5238,ISRO_LANDSLIDE_ATLAS
D000251,NH-10,2025-09-14 08:30:00,Manipur,Senapati,LANDSLIDE,HIGH,BLOCKED,1,47.6,Precipitation debris flow from 75.3mm rainfall on steep terrain,25.3636,93.9172,ISRO_LANDSLIDE_ATLAS
D000252,NH-29,2025-09-15 08:30:00,Mizoram,Aizawl,LANDSLIDE,HIGH,BLOCKED,1,25.3,Precipitation debris flow from 90.7mm rainfall on steep terrain,23.8028,92.7895,ISRO_LANDSLIDE_ATLAS
D000253,NH-54,2025-09-15 08:30:00,Mizoram,Lunglei,LANDSLIDE,HIGH,BLOCKED,1,42.0,Precipitation debris flow from 84.2mm rainfall on steep terrain,22.9573,92.5936,ISRO_LANDSLIDE_ATLAS
D000254,NH-206,2025-09-15 08:30:00,Arunachal Pradesh,Tawang,LANDSLIDE,HIGH,BLOCKED,1,45.9,Precipitation debris flow from 80.9mm rainfall on steep terrain,27.7187,91.8347,ISRO_LANDSLIDE_ATLAS
D000255,NH-29,2025-09-15 08:30:00,Arunachal Pradesh,West Kameng,LANDSLIDE,HIGH,BLOCKED,1,35.7,Precipitation debris flow from 76.9mm rainfall on steep terrain,27.2269,92.4392,ISRO_LANDSLIDE_ATLAS
D000256,NH-13,2025-09-16 08:30:00,Meghalaya,East Khasi Hills,ROCKFALL,CRITICAL,BLOCKED,1,28.8,Precipitation debris flow from 142.5mm rainfall on steep terrain,25.7017,91.8606,ISRO_LANDSLIDE_ATLAS
D000257,NH-10,2025-09-16 08:30:00,Meghalaya,West Khasi Hills,ROCKFALL,HIGH,BLOCKED,1,43.1,Precipitation debris flow from 98.3mm rainfall on steep terrain,25.5829,91.2267,ISRO_LANDSLIDE_ATLAS
D000258,NH-29,2025-09-17 08:30:00,Nagaland,Kohima,LANDSLIDE,HIGH,BLOCKED,1,36.2,Precipitation debris flow from 110.1mm rainfall on steep terrain,25.8008,94.0626,ISRO_LANDSLIDE_ATLAS
D000259,NH-13,2025-09-17 08:30:00,Nagaland,Mokokchung,LANDSLIDE,HIGH,BLOCKED,1,14.3,Precipitation debris flow from 114.0mm rainfall on steep terrain,26.3603,94.4996,ISRO_LANDSLIDE_ATLAS
D000260,NH-29,2025-09-18 08:30:00,Mizoram,Aizawl,LANDSLIDE,CRITICAL,BLOCKED,1,22.8,Precipitation debris flow from 152.7mm rainfall on steep terrain,23.7429,92.8662,ISRO_LANDSLIDE_ATLAS
D000261,NH-13,2025-09-18 08:30:00,Arunachal Pradesh,Tawang,LANDSLIDE,CRITICAL,BLOCKED,1,34.5,Precipitation debris flow from 168.5mm rainfall on steep terrain,27.4782,91.9555,ISRO_LANDSLIDE_ATLAS
D000262,NH-13,2025-09-19 08:30:00,Arunachal Pradesh,Lower Subansiri,LANDSLIDE,CRITICAL,BLOCKED,1,36.2,Precipitation debris flow from 172.2mm rainfall on steep terrain,27.609,93.931,ISRO_LANDSLIDE_ATLAS
D000263,NH-10,2025-09-20 08:30:00,Meghalaya,West Jaintia Hills,ROCKFALL,CRITICAL,BLOCKED,1,16.0,Precipitation debris flow from 231.2mm rainfall on steep terrain,25.5303,92.1999,ISRO_LANDSLIDE_ATLAS
D000264,NH-206,2025-09-20 08:30:00,Sikkim,East Sikkim,LANDSLIDE,MEDIUM,PARTIAL,0,0.0,Precipitation debris flow from 69.1mm rainfall on steep terrain,27.4656,88.6273,ISRO_LANDSLIDE_ATLAS
D000265,NH-10,2025-09-20 08:30:00,Sikkim,North Sikkim,LANDSLIDE,CRITICAL,BLOCKED,1,31.7,Precipitation debris flow from 129.2mm rainfall on steep terrain,27.6444,88.6089,ISRO_LANDSLIDE_ATLAS
D000266,NH-29,2025-09-20 08:30:00,Nagaland,Kohima,LANDSLIDE,HIGH,BLOCKED,1,16.0,Precipitation debris flow from 102.5mm rainfall on steep terrain,25.7806,94.1032,ISRO_LANDSLIDE_ATLAS
D000267,NH-13,2025-09-20 08:30:00,Nagaland,Mokokchung,LANDSLIDE,CRITICAL,BLOCKED,1,25.4,Precipitation debris flow from 125.3mm rainfall on steep terrain,26.4715,94.4398,ISRO_LANDSLIDE_ATLAS
D000268,NH-10,2025-09-21 08:30:00,Mizoram,Aizawl,LANDSLIDE,CRITICAL,BLOCKED,1,19.7,Precipitation debris flow from 137.8mm rainfall on steep terrain,23.6605,92.7607,ISRO_LANDSLIDE_ATLAS
D000269,NH-10,2025-09-21 08:30:00,Mizoram,Lunglei,ROCKFALL,CRITICAL,BLOCKED,1,36.9,Precipitation debris flow from 131.6mm rainfall on steep terrain,22.8294,92.6627,ISRO_LANDSLIDE_ATLAS
D000270,NH-206,2025-09-21 08:30:00,Arunachal Pradesh,Tawang,LANDSLIDE,CRITICAL,BLOCKED,1,45.4,Precipitation debris flow from 153.2mm rainfall on steep terrain,27.4974,91.7369,ISRO_LANDSLIDE_ATLAS
D000271,NH-206,2025-09-21 08:30:00,Arunachal Pradesh,West Kameng,LANDSLIDE,CRITICAL,BLOCKED,1,32.1,Precipitation debris flow from 158.6mm rainfall on steep terrain,27.1758,92.4181,ISRO_LANDSLIDE_ATLAS
D000272,NH-13,2025-09-23 08:30:00,Meghalaya,East Khasi Hills,ROCKFALL,CRITICAL,BLOCKED,1,51.2,Precipitation debris flow from 148.4mm rainfall on steep terrain,25.5757,91.9356,ISRO_LANDSLIDE_ATLAS
D000273,NH-13,2025-09-23 08:30:00,Meghalaya,West Jaintia Hills,ROCKFALL,HIGH,BLOCKED,1,18.7,Precipitation debris flow from 110.8mm rainfall on steep terrain,25.5127,92.2405,ISRO_LANDSLIDE_ATLAS
D000274,NH-13,2025-09-23 08:30:00,Sikkim,East Sikkim,LANDSLIDE,CRITICAL,BLOCKED,1,44.3,Precipitation debris flow from 151.9mm rainfall on steep terrain,27.4669,88.6772,ISRO_LANDSLIDE_ATLAS
D000275,NH-54,2025-09-23 08:30:00,Sikkim,South Sikkim,LANDSLIDE,CRITICAL,BLOCKED,1,34.8,Precipitation debris flow from 164.5mm rainfall on steep terrain,27.0984,88.3366,ISRO_LANDSLIDE_ATLAS
D000276,NH-206,2025-09-24 08:30:00,Mizoram,Lunglei,LANDSLIDE,CRITICAL,BLOCKED,1,25.9,Precipitation debris flow from 159.6mm rainfall on steep terrain,22.8875,92.7864,ISRO_LANDSLIDE_ATLAS
D000277,NH-29,2025-09-24 08:30:00,Arunachal Pradesh,Tawang,LANDSLIDE,CRITICAL,BLOCKED,1,36.7,Precipitation debris flow from 168.1mm rainfall on steep terrain,27.71,91.7422,ISRO_LANDSLIDE_ATLAS
D000278,NH-54,2025-09-25 08:30:00,Arunachal Pradesh,West Kameng,LANDSLIDE,HIGH,BLOCKED,1,39.7,Precipitation debris flow from 76.4mm rainfall on steep terrain,27.2278,92.3489,ISRO_LANDSLIDE_ATLAS
D000279,NH-54,2025-09-25 08:30:00,Arunachal Pradesh,Lower Subansiri,LANDSLIDE,HIGH,BLOCKED,1,38.8,Precipitation debris flow from 88.2mm rainfall on steep terrain,27.4022,93.8609,ISRO_LANDSLIDE_ATLAS
D000280,NH-29,2025-09-26 08:30:00,Meghalaya,East Khasi Hills,LANDSLIDE,CRITICAL,BLOCKED,1,32.8,Precipitation debris flow from 243.0mm rainfall on steep terrain,25.6726,91.7483,ISRO_LANDSLIDE_ATLAS
D000281,NH-54,2025-09-26 08:30:00,Meghalaya,West Khasi Hills,ROCKFALL,CRITICAL,BLOCKED,1,47.8,Precipitation debris flow from 159.1mm rainfall on steep terrain,25.5807,91.3134,ISRO_LANDSLIDE_ATLAS
D000282,NH-54,2025-09-26 08:30:00,Meghalaya,West Jaintia Hills,ROCKFALL,HIGH,BLOCKED,1,15.1,Precipitation debris flow from 104.5mm rainfall on steep terrain,25.4428,92.2475,ISRO_LANDSLIDE_ATLAS
D000283,NH-13,2025-09-26 08:30:00,Sikkim,South Sikkim,LANDSLIDE,HIGH,BLOCKED,1,38.9,Precipitation debris flow from 86.5mm rainfall on steep terrain,27.1104,88.4019,ISRO_LANDSLIDE_ATLAS
D000284,NH-206,2025-09-26 08:30:00,Nagaland,Kohima,LANDSLIDE,HIGH,BLOCKED,1,45.8,Precipitation debris flow from 97.2mm rainfall on steep terrain,25.794,94.2451,ISRO_LANDSLIDE_ATLAS
D000285,NH-206,2025-09-27 08:30:00,Nagaland,Mokokchung,LANDSLIDE,HIGH,BLOCKED,1,20.6,Precipitation debris flow from 119.0mm rainfall on steep terrain,26.473,94.3788,ISRO_LANDSLIDE_ATLAS
D000286,NH-29,2025-09-27 08:30:00,Manipur,Senapati,ROCKFALL,HIGH,BLOCKED,1,50.8,Precipitation debris flow from 92.6mm rainfall on steep terrain,25.1371,94.0675,ISRO_LANDSLIDE_ATLAS
D000287,NH-13,2025-09-27 08:30:00,Mizoram,Aizawl,LANDSLIDE,HIGH,BLOCKED,1,37.3,Precipitation debris flow from 107.4mm rainfall on steep terrain,23.8543,92.587,ISRO_LANDSLIDE_ATLAS
D000288,NH-54,2025-09-29 08:30:00,Meghalaya,East Khasi Hills,LANDSLIDE,HIGH,BLOCKED,1,25.6,Precipitation debris flow from 90.8mm rainfall on steep terrain,25.5137,91.9522,ISRO_LANDSLIDE_ATLAS
D000289,NH-206,2025-09-29 08:30:00,Meghalaya,West Khasi Hills,ROCKFALL,CRITICAL,BLOCKED,1,29.0,Precipitation debris flow from 145.6mm rainfall on steep terrain,25.3892,91.207,ISRO_LANDSLIDE_ATLAS
D000290,NH-10,2025-09-29 08:30:00,Meghalaya,West Jaintia Hills,ROCKFALL,CRITICAL,BLOCKED,1,43.0,Precipitation debris flow from 153.4mm rainfall on steep terrain,25.4326,92.1947,ISRO_LANDSLIDE_ATLAS
D000291,NH-10,2025-09-29 08:30:00,Sikkim,East Sikkim,LANDSLIDE,HIGH,BLOCKED,1,32.3,Precipitation debris flow from 79.3mm rainfall on steep terrain,27.4134,88.6771,ISRO_LANDSLIDE_ATLAS
D000292,NH-206,2025-09-29 08:30:00,Sikkim,North Sikkim,LANDSLIDE,HIGH,BLOCKED,1,20.9,Precipitation debris flow from 118.0mm rainfall on steep terrain,27.3806,88.6356,ISRO_LANDSLIDE_ATLAS
D000293,NH-206,2025-09-30 08:30:00,Nagaland,Mokokchung,LANDSLIDE,CRITICAL,BLOCKED,1,30.7,Precipitation debris flow from 156.6mm rainfall on steep terrain,26.2106,94.489,ISRO_LANDSLIDE_ATLAS
D000294,NH-206,2025-09-30 08:30:00,Mizoram,Lunglei,LANDSLIDE,CRITICAL,BLOCKED,1,16.7,Precipitation debris flow from 125.8mm rainfall on steep terrain,22.8452,92.89,ISRO_LANDSLIDE_ATLAS
D000295,NH-08,2025-06-01 11:15:00,Nagaland,Dimapur,FLOOD,MEDIUM,PARTIAL,0,0.0,River water level reached 15.0m causing highway inundation,25.8827,93.8659,SDMA_FLOOD_BULLETIN
D000296,NH-27,2025-06-02 11:15:00,Assam,Kamrup Metropolitan,FLOOD,HIGH,BLOCKED,1,78.1,River water level reached 10.0m causing highway inundation,26.2697,91.6087,SDMA_FLOOD_BULLETIN
D000297,NH-15,2025-06-02 11:15:00,Assam,Kamrup Rural,FLOOD,CRITICAL,BLOCKED,1,75.4,River water level reached 11.77m causing highway inundation,26.2778,91.4396,SDMA_FLOOD_BULLETIN
D000298,NH-15,2025-06-03 11:15:00,Assam,Cachar,FLOOD,CRITICAL,BLOCKED,1,91.6,River water level reached 13.14m causing highway inundation,24.8675,92.814,SDMA_FLOOD_BULLETIN
D000299,NH-15,2025-06-03 11:15:00,Assam,Nagaon,FLOOD,CRITICAL,BLOCKED,1,90.8,River water level reached 11.06m causing highway inundation,26.3604,92.5523,SDMA_FLOOD_BULLETIN
D000300,NH-15,2025-06-05 11:15:00,Tripura,West Tripura,FLOOD,CRITICAL,BLOCKED,1,76.6,River water level reached 10.88m causing highway inundation,23.7936,91.4194,SDMA_FLOOD_BULLETIN
D000301,NH-27,2025-06-05 11:15:00,Arunachal Pradesh,East Siang,FLOOD,HIGH,BLOCKED,1,38.0,River water level reached 11.22m causing highway inundation,28.2056,95.1857,SDMA_FLOOD_BULLETIN
D000302,NH-15,2025-06-05 11:15:00,Assam,Kamrup Metropolitan,FLOOD,CRITICAL,BLOCKED,1,92.2,River water level reached 10.48m causing highway inundation,26.2181,91.6576,SDMA_FLOOD_BULLETIN
D000303,NH-37,2025-06-06 11:15:00,Assam,Darrang,FLOOD,CRITICAL,BLOCKED,1,62.6,River water level reached 12.86m causing highway inundation,26.3054,91.9439,SDMA_FLOOD_BULLETIN
D000304,NH-27,2025-06-06 11:15:00,Assam,Sonitpur,FLOOD,MEDIUM,PARTIAL,0,0.0,River water level reached 11.49m causing highway inundation,26.5162,92.643,SDMA_FLOOD_BULLETIN
D000305,NH-27,2025-06-06 11:15:00,Assam,Dibrugarh,FLOOD,HIGH,BLOCKED,1,31.7,River water level reached 10.3m causing highway inundation,27.3727,94.8862,SDMA_FLOOD_BULLETIN
D000306,NH-27,2025-06-06 11:15:00,Assam,Nagaon,FLOOD,HIGH,BLOCKED,1,27.8,River water level reached 14.77m causing highway inundation,26.2629,92.6694,SDMA_FLOOD_BULLETIN
D000307,NH-27,2025-06-09 11:15:00,Assam,Kamrup Rural,FLOOD,CRITICAL,BLOCKED,1,27.9,River water level reached 11.62m causing highway inundation,26.2689,91.6477,SDMA_FLOOD_BULLETIN
D000308,NH-37,2025-06-09 11:15:00,Assam,Darrang,FLOOD,HIGH,BLOCKED,1,67.8,River water level reached 11.19m causing highway inundation,26.4253,91.9959,SDMA_FLOOD_BULLETIN
D000309,NH-27,2025-06-09 11:15:00,Assam,Sonitpur,FLOOD,CRITICAL,BLOCKED,1,54.5,River water level reached 13.56m causing highway inundation,26.5355,92.7635,SDMA_FLOOD_BULLETIN
D000310,NH-27,2025-06-09 11:15:00,Assam,Nagaon,FLOOD,MEDIUM,PARTIAL,0,0.0,River water level reached 14.09m causing highway inundation,26.2861,92.6181,SDMA_FLOOD_BULLETIN
D000311,NH-27,2025-06-10 11:15:00,Manipur,Imphal West,FLOOD,HIGH,BLOCKED,1,53.1,River water level reached 12.32m causing highway inundation,24.9163,93.8139,SDMA_FLOOD_BULLETIN
D000312,NH-08,2025-06-11 11:15:00,Arunachal Pradesh,East Siang,FLOOD,HIGH,BLOCKED,1,86.3,River water level reached 13.28m causing highway inundation,28.096,95.3742,SDMA_FLOOD_BULLETIN
D000313,NH-08,2025-06-12 11:15:00,Assam,Kamrup Rural,FLOOD,HIGH,BLOCKED,1,73.2,River water level reached 11.51m causing highway inundation,26.249,91.6179,SDMA_FLOOD_BULLETIN
D000314,NH-37,2025-06-12 11:15:00,Assam,Darrang,FLOOD,CRITICAL,BLOCKED,1,81.4,River water level reached 10.06m causing highway inundation,26.5036,92.0332,SDMA_FLOOD_BULLETIN
D000315,NH-15,2025-06-12 11:15:00,Assam,Sonitpur,FLOOD,HIGH,BLOCKED,1,64.0,River water level reached 10.12m causing highway inundation,26.6513,92.7307,SDMA_FLOOD_BULLETIN
D000316,NH-37,2025-06-12 11:15:00,Assam,Dibrugarh,FLOOD,HIGH,BLOCKED,1,42.3,River water level reached 13.92m causing highway inundation,27.5653,94.9909,SDMA_FLOOD_BULLETIN
D000317,NH-37,2025-06-12 11:15:00,Assam,Nagaon,FLOOD,CRITICAL,BLOCKED,1,70.2,River water level reached 14.55m causing highway inundation,26.4316,92.6334,SDMA_FLOOD_BULLETIN
D000318,NH-15,2025-06-13 11:15:00,Sikkim,North Sikkim,FLOOD,HIGH,BLOCKED,1,62.6,River water level reached 14.6m causing highway inundation,27.5393,88.453,SDMA_FLOOD_BULLETIN
D000319,NH-08,2025-06-14 11:15:00,Arunachal Pradesh,East Siang,FLOOD,HIGH,BLOCKED,1,91.7,River water level reached 9.58m causing highway inundation,27.9571,95.4252,SDMA_FLOOD_BULLETIN
D000320,NH-27,2025-06-15 11:15:00,Assam,Kamrup Rural,FLOOD,CRITICAL,BLOCKED,1,81.0,River water level reached 14.5m causing highway inundation,26.0831,91.5764,SDMA_FLOOD_BULLETIN
D000321,NH-27,2025-06-15 11:15:00,Assam,Darrang,FLOOD,CRITICAL,BLOCKED,1,75.8,River water level reached 10.45m causing highway inundation,26.4012,91.8818,SDMA_FLOOD_BULLETIN
D000322,NH-37,2025-06-15 11:15:00,Assam,Nagaon,FLOOD,HIGH,BLOCKED,1,49.6,River water level reached 12.67m causing highway inundation,26.4509,92.6421,SDMA_FLOOD_BULLETIN
D000323,NH-37,2025-06-16 11:15:00,Sikkim,North Sikkim,FLOOD,CRITICAL,BLOCKED,1,51.6,River water level reached 11.32m causing highway inundation,27.5679,88.6945,SDMA_FLOOD_BULLETIN
D000324,NH-08,2025-06-17 11:15:00,Tripura,West Tripura,FLOOD,HIGH,BLOCKED,1,22.0,River water level reached 14.45m causing highway inundation,23.9725,91.1519,SDMA_FLOOD_BULLETIN
D000325,NH-37,2025-06-18 11:15:00,Arunachal Pradesh,East Siang,FLOOD,MEDIUM,PARTIAL,0,0.0,River water level reached 14.79m causing highway inundation,27.9323,95.2429,SDMA_FLOOD_BULLETIN
D000326,NH-08,2025-06-18 11:15:00,Assam,Kamrup Metropolitan,FLOOD,CRITICAL,BLOCKED,1,93.9,River water level reached 14.43m causing highway inundation,26.2223,91.6527,SDMA_FLOOD_BULLETIN
D000327,NH-15,2025-06-18 11:15:00,Assam,Kamrup Rural,FLOOD,CRITICAL,BLOCKED,1,67.9,River water level reached 13.98m causing highway inundation,26.275,91.5763,SDMA_FLOOD_BULLETIN
D000328,NH-37,2025-06-18 11:15:00,Assam,Darrang,FLOOD,CRITICAL,BLOCKED,1,67.7,River water level reached 9.79m causing highway inundation,26.3512,91.9231,SDMA_FLOOD_BULLETIN
D000329,NH-15,2025-06-18 11:15:00,Assam,Cachar,FLOOD,HIGH,BLOCKED,1,24.7,River water level reached 14.39m causing highway inundation,24.6973,92.8189,SDMA_FLOOD_BULLETIN
D000330,NH-27,2025-06-18 11:15:00,Assam,Nagaon,FLOOD,CRITICAL,BLOCKED,1,78.0,River water level reached 12.76m causing highway inundation,26.3304,92.7315,SDMA_FLOOD_BULLETIN
D000331,NH-08,2025-06-19 11:15:00,Sikkim,East Sikkim,FLOOD,CRITICAL,BLOCKED,1,69.2,River water level reached 10.45m causing highway inundation,27.4176,88.5386,SDMA_FLOOD_BULLETIN
D000332,NH-15,2025-06-20 11:15:00,Manipur,Bishnupur,FLOOD,CRITICAL,BLOCKED,1,20.2,River water level reached 13.94m causing highway inundation,24.7068,93.8669,SDMA_FLOOD_BULLETIN
D000333,NH-08,2025-06-21 11:15:00,Arunachal Pradesh,East Siang,FLOOD,CRITICAL,BLOCKED,1,84.8,River water level reached 11.25m causing highway inundation,28.1335,95.234,SDMA_FLOOD_BULLETIN
D000334,NH-37,2025-06-21 11:15:00,Assam,Sonitpur,FLOOD,MEDIUM,PARTIAL,0,0.0,River water level reached 13.23m causing highway inundation,26.631,92.8144,SDMA_FLOOD_BULLETIN
D000335,NH-37,2025-06-21 11:15:00,Assam,Dibrugarh,FLOOD,HIGH,BLOCKED,1,46.7,River water level reached 10.0m causing highway inundation,27.4804,95.0491,SDMA_FLOOD_BULLETIN
D000336,NH-37,2025-06-21 11:15:00,Assam,Cachar,FLOOD,HIGH,BLOCKED,1,78.6,River water level reached 13.75m causing highway inundation,24.8081,92.79,SDMA_FLOOD_BULLETIN
D000337,NH-27,2025-06-22 11:15:00,Sikkim,North Sikkim,FLOOD,CRITICAL,BLOCKED,1,69.8,River water level reached 13.19m causing highway inundation,27.496,88.4889,SDMA_FLOOD_BULLETIN
D000338,NH-08,2025-06-23 11:15:00,Manipur,Imphal West,FLOOD,CRITICAL,BLOCKED,1,89.2,River water level reached 12.28m causing highway inundation,24.6741,94.0019,SDMA_FLOOD_BULLETIN
D000339,NH-27,2025-06-24 11:15:00,Assam,Dibrugarh,FLOOD,HIGH,BLOCKED,1,65.3,River water level reached 14.72m causing highway inundation,27.3808,94.9078,SDMA_FLOOD_BULLETIN
D000340,NH-27,2025-06-24 11:15:00,Assam,Cachar,FLOOD,CRITICAL,BLOCKED,1,75.5,River water level reached 10.05m causing highway inundation,24.8586,92.7986,SDMA_FLOOD_BULLETIN
D000341,NH-08,2025-06-25 11:15:00,Assam,Nagaon,FLOOD,HIGH,BLOCKED,1,40.0,River water level reached 12.59m causing highway inundation,26.2458,92.628,SDMA_FLOOD_BULLETIN
D000342,NH-15,2025-06-25 11:15:00,Nagaland,Dimapur,FLOOD,HIGH,BLOCKED,1,23.3,River water level reached 9.75m causing highway inundation,25.8962,93.7306,SDMA_FLOOD_BULLETIN
D000343,NH-27,2025-06-27 11:15:00,Arunachal Pradesh,Papum Pare,FLOOD,CRITICAL,BLOCKED,1,47.0,River water level reached 14.07m causing highway inundation,27.1656,93.5021,SDMA_FLOOD_BULLETIN
D000344,NH-15,2025-06-27 11:15:00,Assam,Kamrup Metropolitan,FLOOD,HIGH,BLOCKED,1,36.0,River water level reached 13.85m causing highway inundation,26.0349,91.74,SDMA_FLOOD_BULLETIN
D000345,NH-37,2025-06-27 11:15:00,Assam,Kamrup Rural,FLOOD,MEDIUM,PARTIAL,0,0.0,River water level reached 11.33m causing highway inundation,26.1125,91.466,SDMA_FLOOD_BULLETIN
D000346,NH-08,2025-06-27 11:15:00,Assam,Darrang,FLOOD,MEDIUM,PARTIAL,0,0.0,River water level reached 10.34m causing highway inundation,26.3076,92.0969,SDMA_FLOOD_BULLETIN
D000347,NH-15,2025-06-27 11:15:00,Assam,Dibrugarh,FLOOD,HIGH,BLOCKED,1,82.3,River water level reached 13.48m causing highway inundation,27.5719,94.9423,SDMA_FLOOD_BULLETIN
D000348,NH-08,2025-06-28 11:15:00,Assam,Cachar,FLOOD,CRITICAL,BLOCKED,1,68.4,River water level reached 12.35m causing highway inundation,24.8703,92.7821,SDMA_FLOOD_BULLETIN
D000349,NH-15,2025-06-28 11:15:00,Assam,Nagaon,FLOOD,CRITICAL,BLOCKED,1,61.6,River water level reached 11.92m causing highway inundation,26.3312,92.7112,SDMA_FLOOD_BULLETIN
D000350,NH-37,2025-06-30 11:15:00,Arunachal Pradesh,East Siang,FLOOD,HIGH,BLOCKED,1,40.5,River water level reached 11.92m causing highway inundation,28.0477,95.2365,SDMA_FLOOD_BULLETIN
D000351,NH-08,2025-06-30 11:15:00,Assam,Kamrup Metropolitan,FLOOD,CRITICAL,BLOCKED,1,93.1,River water level reached 13.43m causing highway inundation,26.0453,91.597,SDMA_FLOOD_BULLETIN
D000352,NH-08,2025-06-30 11:15:00,Assam,Darrang,FLOOD,CRITICAL,BLOCKED,1,56.8,River water level reached 12.11m causing highway inundation,26.4778,92.0363,SDMA_FLOOD_BULLETIN
D000353,NH-15,2025-06-30 11:15:00,Assam,Sonitpur,FLOOD,HIGH,BLOCKED,1,88.2,River water level reached 9.81m causing highway inundation,26.6487,92.8604,SDMA_FLOOD_BULLETIN
D000354,NH-15,2025-07-01 11:15:00,Assam,Cachar,FLOOD,HIGH,BLOCKED,1,53.4,River water level reached 13.32m causing highway inundation,24.8045,92.6303,SDMA_FLOOD_BULLETIN
D000355,NH-27,2025-07-01 11:15:00,Assam,Nagaon,FLOOD,MEDIUM,PARTIAL,0,0.0,River water level reached 14.88m causing highway inundation,26.2169,92.6223,SDMA_FLOOD_BULLETIN
D000356,NH-08,2025-07-02 11:15:00,Nagaland,Dimapur,FLOOD,HIGH,BLOCKED,1,21.1,River water level reached 11.01m causing highway inundation,25.9065,93.6374,SDMA_FLOOD_BULLETIN
D000357,NH-37,2025-07-02 11:15:00,Manipur,Bishnupur,FLOOD,HIGH,BLOCKED,1,34.8,River water level reached 11.3m causing highway inundation,24.4844,93.8716,SDMA_FLOOD_BULLETIN
D000358,NH-37,2025-07-03 11:15:00,Assam,Kamrup Rural,FLOOD,CRITICAL,BLOCKED,1,30.5,River water level reached 12.4m causing highway inundation,26.2706,91.502,SDMA_FLOOD_BULLETIN
D000359,NH-37,2025-07-04 11:15:00,Assam,Dibrugarh,FLOOD,HIGH,BLOCKED,1,75.1,River water level reached 11.93m causing highway inundation,27.49,95.005,SDMA_FLOOD_BULLETIN
D000360,NH-15,2025-07-04 11:15:00,Assam,Cachar,FLOOD,CRITICAL,BLOCKED,1,94.9,River water level reached 12.36m causing highway inundation,24.9435,92.9178,SDMA_FLOOD_BULLETIN
D000361,NH-15,2025-07-04 11:15:00,Assam,Nagaon,FLOOD,CRITICAL,BLOCKED,1,70.0,River water level reached 11.27m causing highway inundation,26.3567,92.8278,SDMA_FLOOD_BULLETIN
D000362,NH-37,2025-07-04 11:15:00,Sikkim,East Sikkim,FLOOD,CRITICAL,BLOCKED,1,46.8,River water level reached 11.81m causing highway inundation,27.2691,88.6499,SDMA_FLOOD_BULLETIN
D000363,NH-27,2025-07-06 11:15:00,Tripura,West Tripura,FLOOD,CRITICAL,BLOCKED,1,43.7,River water level reached 9.7m causing highway inundation,23.7857,91.2987,SDMA_FLOOD_BULLETIN
D000364,NH-08,2025-07-06 11:15:00,Assam,Kamrup Rural,FLOOD,HIGH,BLOCKED,1,69.3,River water level reached 10.63m causing highway inundation,26.0555,91.453,SDMA_FLOOD_BULLETIN
D000365,NH-08,2025-07-07 11:15:00,Assam,Darrang,FLOOD,HIGH,BLOCKED,1,85.0,River water level reached 11.57m causing highway inundation,26.3836,92.0678,SDMA_FLOOD_BULLETIN
D000366,NH-15,2025-07-07 11:15:00,Assam,Sonitpur,FLOOD,CRITICAL,BLOCKED,1,44.8,River water level reached 11.09m causing highway inundation,26.7747,92.6492,SDMA_FLOOD_BULLETIN
D000367,NH-27,2025-07-07 11:15:00,Assam,Dibrugarh,FLOOD,CRITICAL,BLOCKED,1,59.9,River water level reached 10.09m causing highway inundation,27.4543,94.7645,SDMA_FLOOD_BULLETIN
D000368,NH-08,2025-07-08 11:15:00,Sikkim,South Sikkim,FLOOD,CRITICAL,BLOCKED,1,20.4,River water level reached 10.12m causing highway inundation,27.096,88.3916,SDMA_FLOOD_BULLETIN
D000369,NH-08,2025-07-09 11:15:00,Assam,Kamrup Metropolitan,FLOOD,CRITICAL,BLOCKED,1,68.3,River water level reached 13.92m causing highway inundation,26.0334,91.8482,SDMA_FLOOD_BULLETIN
D000370,NH-15,2025-07-10 11:15:00,Assam,Kamrup Rural,FLOOD,HIGH,BLOCKED,1,92.1,River water level reached 12.54m causing highway inundation,26.0445,91.6045,SDMA_FLOOD_BULLETIN
D000371,NH-37,2025-07-10 11:15:00,Assam,Darrang,FLOOD,CRITICAL,BLOCKED,1,58.4,River water level reached 9.96m causing highway inundation,26.5124,91.9578,SDMA_FLOOD_BULLETIN
D000372,NH-15,2025-07-10 11:15:00,Assam,Sonitpur,FLOOD,HIGH,BLOCKED,1,26.9,River water level reached 14.76m causing highway inundation,26.4877,92.9189,SDMA_FLOOD_BULLETIN
D000373,NH-27,2025-07-11 11:15:00,Manipur,Imphal West,FLOOD,HIGH,BLOCKED,1,79.9,River water level reached 14.4m causing highway inundation,24.965,93.8774,SDMA_FLOOD_BULLETIN
D000374,NH-37,2025-07-11 11:15:00,Manipur,Bishnupur,FLOOD,CRITICAL,BLOCKED,1,24.9,River water level reached 15.16m causing highway inundation,24.5769,93.846,SDMA_FLOOD_BULLETIN
D000375,NH-08,2025-07-12 11:15:00,Arunachal Pradesh,East Siang,FLOOD,CRITICAL,BLOCKED,1,78.0,River water level reached 14.87m causing highway inundation,27.9822,95.1912,SDMA_FLOOD_BULLETIN
D000376,NH-27,2025-07-13 11:15:00,Assam,Kamrup Metropolitan,FLOOD,HIGH,BLOCKED,1,63.0,River water level reached 14.29m causing highway inundation,26.1128,91.6259,SDMA_FLOOD_BULLETIN
D000377,NH-27,2025-07-13 11:15:00,Assam,Darrang,FLOOD,CRITICAL,BLOCKED,1,26.9,River water level reached 9.7m causing highway inundation,26.3411,91.9215,SDMA_FLOOD_BULLETIN
D000378,NH-08,2025-07-13 11:15:00,Assam,Sonitpur,FLOOD,CRITICAL,BLOCKED,1,54.3,River water level reached 10.7m causing highway inundation,26.6552,92.811,SDMA_FLOOD_BULLETIN
D000379,NH-27,2025-07-13 11:15:00,Assam,Cachar,FLOOD,HIGH,BLOCKED,1,64.2,River water level reached 11.25m causing highway inundation,24.8848,92.756,SDMA_FLOOD_BULLETIN
D000380,NH-37,2025-07-14 11:15:00,Sikkim,East Sikkim,FLOOD,CRITICAL,BLOCKED,1,33.4,River water level reached 11.61m causing highway inundation,27.3303,88.5561,SDMA_FLOOD_BULLETIN
D000381,NH-08,2025-07-14 11:15:00,Nagaland,Dimapur,FLOOD,CRITICAL,BLOCKED,1,83.6,River water level reached 9.94m causing highway inundation,25.8382,93.717,SDMA_FLOOD_BULLETIN
D000382,NH-37,2025-07-15 11:15:00,Arunachal Pradesh,East Siang,FLOOD,CRITICAL,BLOCKED,1,27.6,River water level reached 10.96m causing highway inundation,28.1856,95.4489,SDMA_FLOOD_BULLETIN
D000383,NH-37,2025-07-16 11:15:00,Assam,Kamrup Rural,FLOOD,CRITICAL,BLOCKED,1,25.6,River water level reached 14.99m causing highway inundation,26.2531,91.6416,SDMA_FLOOD_BULLETIN
D000384,NH-08,2025-07-16 11:15:00,Assam,Darrang,FLOOD,CRITICAL,BLOCKED,1,68.0,River water level reached 12.26m causing highway inundation,26.393,92.1047,SDMA_FLOOD_BULLETIN
D000385,NH-15,2025-07-16 11:15:00,Assam,Sonitpur,FLOOD,CRITICAL,BLOCKED,1,42.6,River water level reached 10.68m causing highway inundation,26.5659,92.8763,SDMA_FLOOD_BULLETIN
D000386,NH-37,2025-07-16 11:15:00,Assam,Dibrugarh,FLOOD,HIGH,BLOCKED,1,51.5,River water level reached 10.53m causing highway inundation,27.6186,94.9471,SDMA_FLOOD_BULLETIN
D000387,NH-37,2025-07-17 11:15:00,Nagaland,Dimapur,FLOOD,CRITICAL,BLOCKED,1,33.0,River water level reached 10.36m causing highway inundation,25.9124,93.6962,SDMA_FLOOD_BULLETIN
D000388,NH-15,2025-07-18 11:15:00,Arunachal Pradesh,Papum Pare,FLOOD,CRITICAL,BLOCKED,1,40.0,River water level reached 13.74m causing highway inundation,27.2387,93.5532,SDMA_FLOOD_BULLETIN
D000389,NH-15,2025-07-19 11:15:00,Assam,Kamrup Metropolitan,FLOOD,CRITICAL,BLOCKED,1,23.9,River water level reached 14.54m causing highway inundation,26.1712,91.7289,SDMA_FLOOD_BULLETIN
D000390,NH-15,2025-07-19 11:15:00,Assam,Kamrup Rural,FLOOD,HIGH,BLOCKED,1,74.9,River water level reached 10.9m causing highway inundation,26.037,91.6767,SDMA_FLOOD_BULLETIN
D000391,NH-08,2025-07-19 11:15:00,Assam,Darrang,FLOOD,CRITICAL,BLOCKED,1,55.8,River water level reached 14.5m causing highway inundation,26.5496,91.8957,SDMA_FLOOD_BULLETIN
D000392,NH-37,2025-07-22 11:15:00,Arunachal Pradesh,East Siang,FLOOD,HIGH,BLOCKED,1,38.2,River water level reached 11.61m causing highway inundation,28.129,95.2574,SDMA_FLOOD_BULLETIN
D000393,NH-08,2025-07-22 11:15:00,Assam,Kamrup Metropolitan,FLOOD,HIGH,BLOCKED,1,31.7,River water level reached 10.99m causing highway inundation,26.1068,91.5974,SDMA_FLOOD_BULLETIN
D000394,NH-27,2025-07-22 11:15:00,Assam,Kamrup Rural,FLOOD,MEDIUM,PARTIAL,0,0.0,River water level reached 12.71m causing highway inundation,26.0425,91.5568,SDMA_FLOOD_BULLETIN
D000395,NH-27,2025-07-22 11:15:00,Assam,Darrang,FLOOD,HIGH,BLOCKED,1,60.3,River water level reached 11.72m causing highway inundation,26.447,92.1432,SDMA_FLOOD_BULLETIN
D000396,NH-27,2025-07-22 11:15:00,Assam,Sonitpur,FLOOD,CRITICAL,BLOCKED,1,23.3,River water level reached 11.47m causing highway inundation,26.7453,92.8892,SDMA_FLOOD_BULLETIN
D000397,NH-08,2025-07-22 11:15:00,Assam,Cachar,FLOOD,CRITICAL,BLOCKED,1,35.8,River water level reached 14.42m causing highway inundation,24.6845,92.9086,SDMA_FLOOD_BULLETIN
D000398,NH-08,2025-07-22 11:15:00,Assam,Nagaon,FLOOD,HIGH,BLOCKED,1,59.9,River water level reached 12.13m causing highway inundation,26.2952,92.8008,SDMA_FLOOD_BULLETIN
D000399,NH-15,2025-07-23 11:15:00,Sikkim,North Sikkim,FLOOD,HIGH,BLOCKED,1,43.1,River water level reached 12.1m causing highway inundation,27.4434,88.6677,SDMA_FLOOD_BULLETIN
D000400,NH-15,2025-07-23 11:15:00,Nagaland,Dimapur,FLOOD,CRITICAL,BLOCKED,1,45.3,River water level reached 13.37m causing highway inundation,25.9666,93.7624,SDMA_FLOOD_BULLETIN
D000401,NH-15,2025-07-25 11:15:00,Arunachal Pradesh,East Siang,FLOOD,CRITICAL,BLOCKED,1,23.2,River water level reached 10.87m causing highway inundation,28.0936,95.3149,SDMA_FLOOD_BULLETIN
D000402,NH-08,2025-07-25 11:15:00,Assam,Kamrup Metropolitan,FLOOD,HIGH,BLOCKED,1,24.9,River water level reached 10.1m causing highway inundation,26.2259,91.6999,SDMA_FLOOD_BULLETIN
D000403,NH-37,2025-07-26 11:15:00,Assam,Nagaon,FLOOD,MEDIUM,PARTIAL,0,0.0,River water level reached 12.87m causing highway inundation,26.3483,92.7883,SDMA_FLOOD_BULLETIN
D000404,NH-15,2025-07-28 11:15:00,Arunachal Pradesh,Papum Pare,FLOOD,CRITICAL,BLOCKED,1,76.1,River water level reached 10.39m causing highway inundation,27.1377,93.5526,SDMA_FLOOD_BULLETIN
D000405,NH-27,2025-07-28 11:15:00,Assam,Kamrup Metropolitan,FLOOD,CRITICAL,BLOCKED,1,30.0,River water level reached 13.5m causing highway inundation,26.1922,91.6971,SDMA_FLOOD_BULLETIN
D000406,NH-37,2025-07-28 11:15:00,Assam,Kamrup Rural,FLOOD,HIGH,BLOCKED,1,27.3,River water level reached 10.24m causing highway inundation,26.1805,91.6518,SDMA_FLOOD_BULLETIN
D000407,NH-27,2025-07-28 11:15:00,Assam,Darrang,FLOOD,HIGH,BLOCKED,1,65.9,River water level reached 12.6m causing highway inundation,26.5922,92.0597,SDMA_FLOOD_BULLETIN
D000408,NH-08,2025-07-28 11:15:00,Assam,Sonitpur,FLOOD,HIGH,BLOCKED,1,40.1,River water level reached 10.84m causing highway inundation,26.7819,92.8737,SDMA_FLOOD_BULLETIN
D000409,NH-27,2025-07-28 11:15:00,Assam,Dibrugarh,FLOOD,HIGH,BLOCKED,1,64.5,River water level reached 12.28m causing highway inundation,27.373,94.9353,SDMA_FLOOD_BULLETIN
D000410,NH-15,2025-07-29 11:15:00,Assam,Cachar,FLOOD,HIGH,BLOCKED,1,90.8,River water level reached 11.41m causing highway inundation,24.9099,92.6637,SDMA_FLOOD_BULLETIN
D000411,NH-08,2025-07-30 11:15:00,Nagaland,Dimapur,FLOOD,CRITICAL,BLOCKED,1,51.0,River water level reached 12.28m causing highway inundation,25.8906,93.6433,SDMA_FLOOD_BULLETIN
D000412,NH-37,2025-07-30 11:15:00,Tripura,West Tripura,FLOOD,CRITICAL,BLOCKED,1,47.6,River water level reached 11.64m causing highway inundation,23.6995,91.4235,SDMA_FLOOD_BULLETIN
D000413,NH-27,2025-07-31 11:15:00,Arunachal Pradesh,East Siang,FLOOD,CRITICAL,BLOCKED,1,38.7,River water level reached 14.8m causing highway inundation,28.1874,95.3484,SDMA_FLOOD_BULLETIN
D000414,NH-27,2025-07-31 11:15:00,Assam,Kamrup Metropolitan,FLOOD,HIGH,BLOCKED,1,92.1,River water level reached 14.69m causing highway inundation,26.1565,91.5872,SDMA_FLOOD_BULLETIN
D000415,NH-27,2025-07-31 11:15:00,Assam,Darrang,FLOOD,CRITICAL,BLOCKED,1,55.7,River water level reached 13.63m causing highway inundation,26.3186,92.1801,SDMA_FLOOD_BULLETIN
D000416,NH-27,2025-07-31 11:15:00,Assam,Sonitpur,FLOOD,CRITICAL,BLOCKED,1,57.2,River water level reached 14.82m causing highway inundation,26.7721,92.6667,SDMA_FLOOD_BULLETIN
D000417,NH-37,2025-08-01 11:15:00,Assam,Cachar,FLOOD,CRITICAL,BLOCKED,1,42.2,River water level reached 14.13m causing highway inundation,24.8003,92.6609,SDMA_FLOOD_BULLETIN
D000418,NH-27,2025-08-01 11:15:00,Assam,Nagaon,FLOOD,HIGH,BLOCKED,1,63.5,River water level reached 13.53m causing highway inundation,26.385,92.7546,SDMA_FLOOD_BULLETIN
D000419,NH-37,2025-08-01 11:15:00,Sikkim,South Sikkim,FLOOD,HIGH,BLOCKED,1,41.2,River water level reached 10.45m causing highway inundation,27.2055,88.2728,SDMA_FLOOD_BULLETIN
D000420,NH-15,2025-08-04 11:15:00,Assam,Sonitpur,FLOOD,CRITICAL,BLOCKED,1,95.9,River water level reached 11.21m causing highway inundation,26.5366,92.8782,SDMA_FLOOD_BULLETIN
D000421,NH-08,2025-08-04 11:15:00,Assam,Dibrugarh,FLOOD,CRITICAL,BLOCKED,1,45.7,River water level reached 10.41m causing highway inundation,27.3934,94.8954,SDMA_FLOOD_BULLETIN
D000422,NH-37,2025-08-04 11:15:00,Assam,Cachar,FLOOD,HIGH,BLOCKED,1,31.8,River water level reached 14.12m causing highway inundation,24.8864,92.7266,SDMA_FLOOD_BULLETIN
D000423,NH-08,2025-08-04 11:15:00,Assam,Nagaon,FLOOD,CRITICAL,BLOCKED,1,71.3,River water level reached 12.48m causing highway inundation,26.2663,92.6578,SDMA_FLOOD_BULLETIN
D000424,NH-08,2025-08-05 11:15:00,Nagaland,Dimapur,FLOOD,CRITICAL,BLOCKED,1,93.4,River water level reached 13.44m causing highway inundation,25.9777,93.6515,SDMA_FLOOD_BULLETIN
D000425,NH-15,2025-08-06 11:15:00,Arunachal Pradesh,East Siang,FLOOD,CRITICAL,BLOCKED,1,79.9,River water level reached 9.95m causing highway inundation,28.0259,95.3705,SDMA_FLOOD_BULLETIN
D000426,NH-08,2025-08-06 11:15:00,Assam,Kamrup Rural,FLOOD,CRITICAL,BLOCKED,1,38.4,River water level reached 9.68m causing highway inundation,26.2585,91.4796,SDMA_FLOOD_BULLETIN
D000427,NH-08,2025-08-07 11:15:00,Assam,Sonitpur,FLOOD,CRITICAL,BLOCKED,1,62.7,River water level reached 11.56m causing highway inundation,26.6418,92.6794,SDMA_FLOOD_BULLETIN
D000428,NH-37,2025-08-07 11:15:00,Assam,Dibrugarh,FLOOD,CRITICAL,BLOCKED,1,58.7,River water level reached 15.15m causing highway inundation,27.5926,94.8976,SDMA_FLOOD_BULLETIN
D000429,NH-08,2025-08-07 11:15:00,Assam,Cachar,FLOOD,HIGH,BLOCKED,1,89.1,River water level reached 10.24m causing highway inundation,24.9259,92.9112,SDMA_FLOOD_BULLETIN
D000430,NH-27,2025-08-07 11:15:00,Assam,Nagaon,FLOOD,HIGH,BLOCKED,1,73.1,River water level reached 10.59m causing highway inundation,26.2214,92.6512,SDMA_FLOOD_BULLETIN
D000431,NH-27,2025-08-08 11:15:00,Manipur,Bishnupur,FLOOD,CRITICAL,BLOCKED,1,76.5,River water level reached 10.06m causing highway inundation,24.7805,93.7869,SDMA_FLOOD_BULLETIN
D000432,NH-37,2025-08-09 11:15:00,Assam,Kamrup Metropolitan,FLOOD,HIGH,BLOCKED,1,45.3,River water level reached 10.24m causing highway inundation,26.267,91.6945,SDMA_FLOOD_BULLETIN
D000433,NH-37,2025-08-10 11:15:00,Assam,Sonitpur,FLOOD,HIGH,BLOCKED,1,87.8,River water level reached 10.09m causing highway inundation,26.6085,92.7754,SDMA_FLOOD_BULLETIN
D000434,NH-27,2025-08-11 11:15:00,Sikkim,East Sikkim,FLOOD,CRITICAL,BLOCKED,1,70.1,River water level reached 12.04m causing highway inundation,27.4757,88.7068,SDMA_FLOOD_BULLETIN
D000435,NH-08,2025-08-12 11:15:00,Arunachal Pradesh,East Siang,FLOOD,CRITICAL,BLOCKED,1,94.4,River water level reached 13.11m causing highway inundation,28.129,95.1846,SDMA_FLOOD_BULLETIN
D000436,NH-08,2025-08-13 11:15:00,Assam,Kamrup Metropolitan,FLOOD,HIGH,BLOCKED,1,86.0,River water level reached 13.46m causing highway inundation,26.0181,91.7934,SDMA_FLOOD_BULLETIN
D000437,NH-15,2025-08-13 11:15:00,Assam,Sonitpur,FLOOD,HIGH,BLOCKED,1,31.4,River water level reached 14.3m causing highway inundation,26.5743,92.6457,SDMA_FLOOD_BULLETIN
D000438,NH-08,2025-08-13 11:15:00,Assam,Dibrugarh,FLOOD,HIGH,BLOCKED,1,80.4,River water level reached 9.75m causing highway inundation,27.3844,95.0324,SDMA_FLOOD_BULLETIN
D000439,NH-27,2025-08-13 11:15:00,Assam,Cachar,FLOOD,CRITICAL,BLOCKED,1,71.4,River water level reached 14.83m causing highway inundation,24.727,92.8528,SDMA_FLOOD_BULLETIN
D000440,NH-27,2025-08-13 11:15:00,Assam,Nagaon,FLOOD,HIGH,BLOCKED,1,69.4,River water level reached 9.67m causing highway inundation,26.2434,92.6842,SDMA_FLOOD_BULLETIN
D000441,NH-37,2025-08-14 11:15:00,Sikkim,East Sikkim,FLOOD,CRITICAL,BLOCKED,1,95.1,River water level reached 10.43m causing highway inundation,27.4393,88.7509,SDMA_FLOOD_BULLETIN
D000442,NH-15,2025-08-14 11:15:00,Sikkim,North Sikkim,FLOOD,CRITICAL,BLOCKED,1,76.1,River water level reached 13.9m causing highway inundation,27.3839,88.6954,SDMA_FLOOD_BULLETIN
D000443,NH-27,2025-08-14 11:15:00,Sikkim,South Sikkim,FLOOD,HIGH,BLOCKED,1,53.8,River water level reached 12.0m causing highway inundation,27.1687,88.3084,SDMA_FLOOD_BULLETIN
D000444,NH-27,2025-08-14 11:15:00,Manipur,Bishnupur,FLOOD,CRITICAL,BLOCKED,1,32.4,River water level reached 11.86m causing highway inundation,24.514,93.7459,SDMA_FLOOD_BULLETIN
D000445,NH-08,2025-08-15 11:15:00,Arunachal Pradesh,East Siang,FLOOD,CRITICAL,BLOCKED,1,83.8,River water level reached 11.15m causing highway inundation,27.9766,95.3746,SDMA_FLOOD_BULLETIN
D000446,NH-27,2025-08-16 11:15:00,Assam,Kamrup Metropolitan,FLOOD,CRITICAL,BLOCKED,1,66.1,River water level reached 11.19m causing highway inundation,26.1236,91.8607,SDMA_FLOOD_BULLETIN
D000447,NH-08,2025-08-16 11:15:00,Assam,Darrang,FLOOD,HIGH,BLOCKED,1,58.7,River water level reached 11.25m causing highway inundation,26.3929,92.0928,SDMA_FLOOD_BULLETIN
D000448,NH-15,2025-08-16 11:15:00,Assam,Dibrugarh,FLOOD,HIGH,BLOCKED,1,41.2,River water level reached 12.83m causing highway inundation,27.5284,94.9337,SDMA_FLOOD_BULLETIN
D000449,NH-37,2025-08-17 11:15:00,Nagaland,Dimapur,FLOOD,CRITICAL,BLOCKED,1,21.2,River water level reached 14.96m causing highway inundation,26.0002,93.7777,SDMA_FLOOD_BULLETIN
D000450,NH-27,2025-08-19 11:15:00,Arunachal Pradesh,East Siang,FLOOD,CRITICAL,BLOCKED,1,59.0,River water level reached 12.63m causing highway inundation,27.9961,95.2621,SDMA_FLOOD_BULLETIN
D000451,NH-08,2025-08-19 11:15:00,Assam,Kamrup Metropolitan,FLOOD,HIGH,BLOCKED,1,78.6,River water level reached 12.04m causing highway inundation,26.0877,91.7318,SDMA_FLOOD_BULLETIN
D000452,NH-08,2025-08-19 11:15:00,Assam,Darrang,FLOOD,HIGH,BLOCKED,1,40.1,River water level reached 10.8m causing highway inundation,26.4996,91.9338,SDMA_FLOOD_BULLETIN
D000453,NH-08,2025-08-19 11:15:00,Assam,Dibrugarh,FLOOD,MEDIUM,PARTIAL,0,0.0,River water level reached 11.5m causing highway inundation,27.583,95.0322,SDMA_FLOOD_BULLETIN
D000454,NH-08,2025-08-19 11:15:00,Assam,Cachar,FLOOD,CRITICAL,BLOCKED,1,30.0,River water level reached 12.11m causing highway inundation,24.949,92.748,SDMA_FLOOD_BULLETIN
D000455,NH-15,2025-08-20 11:15:00,Sikkim,South Sikkim,FLOOD,CRITICAL,BLOCKED,1,88.9,River water level reached 11.98m causing highway inundation,27.3011,88.3089,SDMA_FLOOD_BULLETIN
D000456,NH-15,2025-08-20 11:15:00,Nagaland,Dimapur,FLOOD,CRITICAL,BLOCKED,1,27.3,River water level reached 10.68m causing highway inundation,26.0391,93.7847,SDMA_FLOOD_BULLETIN
D000457,NH-08,2025-08-20 11:15:00,Manipur,Imphal West,FLOOD,HIGH,BLOCKED,1,28.5,River water level reached 11.74m causing highway inundation,24.7036,94.0469,SDMA_FLOOD_BULLETIN
D000458,NH-37,2025-08-21 11:15:00,Tripura,West Tripura,FLOOD,CRITICAL,BLOCKED,1,44.1,River water level reached 10.73m causing highway inundation,23.9276,91.3841,SDMA_FLOOD_BULLETIN
D000459,NH-08,2025-08-22 11:15:00,Assam,Kamrup Metropolitan,FLOOD,CRITICAL,BLOCKED,1,61.5,River water level reached 15.13m causing highway inundation,26.0491,91.8491,SDMA_FLOOD_BULLETIN
D000460,NH-37,2025-08-22 11:15:00,Assam,Kamrup Rural,FLOOD,CRITICAL,BLOCKED,1,75.1,River water level reached 10.51m causing highway inundation,26.0412,91.4189,SDMA_FLOOD_BULLETIN
D000461,NH-27,2025-08-22 11:15:00,Assam,Sonitpur,FLOOD,CRITICAL,BLOCKED,1,80.1,River water level reached 13.72m causing highway inundation,26.4987,92.828,SDMA_FLOOD_BULLETIN
D000462,NH-15,2025-08-22 11:15:00,Assam,Dibrugarh,FLOOD,CRITICAL,BLOCKED,1,65.1,River water level reached 11.31m causing highway inundation,27.4332,95.0462,SDMA_FLOOD_BULLETIN
D000463,NH-15,2025-08-22 11:15:00,Assam,Nagaon,FLOOD,CRITICAL,BLOCKED,1,27.5,River water level reached 9.59m causing highway inundation,26.4093,92.5912,SDMA_FLOOD_BULLETIN
D000464,NH-15,2025-08-23 11:15:00,Sikkim,East Sikkim,FLOOD,CRITICAL,BLOCKED,1,86.2,River water level reached 15.1m causing highway inundation,27.2289,88.5535,SDMA_FLOOD_BULLETIN
D000465,NH-27,2025-08-25 11:15:00,Arunachal Pradesh,East Siang,FLOOD,CRITICAL,BLOCKED,1,25.8,River water level reached 13.55m causing highway inundation,28.2154,95.1772,SDMA_FLOOD_BULLETIN
D000466,NH-27,2025-08-25 11:15:00,Assam,Kamrup Metropolitan,FLOOD,CRITICAL,BLOCKED,1,31.4,River water level reached 11.53m causing highway inundation,26.0798,91.8806,SDMA_FLOOD_BULLETIN
D000467,NH-08,2025-08-25 11:15:00,Assam,Kamrup Rural,FLOOD,CRITICAL,BLOCKED,1,42.6,River water level reached 11.39m causing highway inundation,26.3204,91.6631,SDMA_FLOOD_BULLETIN
D000468,NH-37,2025-08-25 11:15:00,Assam,Darrang,FLOOD,HIGH,BLOCKED,1,50.8,River water level reached 10.99m causing highway inundation,26.5143,92.025,SDMA_FLOOD_BULLETIN
D000469,NH-15,2025-08-25 11:15:00,Assam,Sonitpur,FLOOD,CRITICAL,BLOCKED,1,38.5,River water level reached 14.84m causing highway inundation,26.4855,92.9335,SDMA_FLOOD_BULLETIN
D000470,NH-27,2025-08-25 11:15:00,Assam,Dibrugarh,FLOOD,CRITICAL,BLOCKED,1,65.2,River water level reached 11.74m causing highway inundation,27.607,95.0619,SDMA_FLOOD_BULLETIN
D000471,NH-08,2025-08-26 11:15:00,Assam,Nagaon,FLOOD,CRITICAL,BLOCKED,1,24.8,River water level reached 9.97m causing highway inundation,26.4183,92.6981,SDMA_FLOOD_BULLETIN
D000472,NH-15,2025-08-26 11:15:00,Nagaland,Dimapur,FLOOD,MEDIUM,PARTIAL,0,0.0,River water level reached 11.93m causing highway inundation,25.9054,93.7664,SDMA_FLOOD_BULLETIN
D000473,NH-37,2025-08-28 11:15:00,Arunachal Pradesh,East Siang,FLOOD,CRITICAL,BLOCKED,1,74.4,River water level reached 14.41m causing highway inundation,27.9565,95.2332,SDMA_FLOOD_BULLETIN
D000474,NH-08,2025-08-28 11:15:00,Assam,Kamrup Metropolitan,FLOOD,CRITICAL,BLOCKED,1,27.4,River water level reached 11.53m causing highway inundation,26.2471,91.8437,SDMA_FLOOD_BULLETIN
D000475,NH-15,2025-08-28 11:15:00,Assam,Kamrup Rural,FLOOD,CRITICAL,BLOCKED,1,24.2,River water level reached 10.53m causing highway inundation,26.174,91.5542,SDMA_FLOOD_BULLETIN
D000476,NH-27,2025-08-28 11:15:00,Assam,Darrang,FLOOD,CRITICAL,BLOCKED,1,52.9,River water level reached 9.98m causing highway inundation,26.5236,92.0146,SDMA_FLOOD_BULLETIN
D000477,NH-15,2025-08-28 11:15:00,Assam,Sonitpur,FLOOD,CRITICAL,BLOCKED,1,68.9,River water level reached 9.59m causing highway inundation,26.6594,92.703,SDMA_FLOOD_BULLETIN
D000478,NH-27,2025-08-28 11:15:00,Assam,Dibrugarh,FLOOD,HIGH,BLOCKED,1,94.1,River water level reached 10.36m causing highway inundation,27.423,94.7928,SDMA_FLOOD_BULLETIN
D000479,NH-27,2025-08-29 11:15:00,Assam,Nagaon,FLOOD,CRITICAL,BLOCKED,1,30.7,River water level reached 13.17m causing highway inundation,26.2063,92.6539,SDMA_FLOOD_BULLETIN
D000480,NH-08,2025-08-29 11:15:00,Sikkim,East Sikkim,FLOOD,HIGH,BLOCKED,1,64.6,River water level reached 13.92m causing highway inundation,27.2921,88.5261,SDMA_FLOOD_BULLETIN
D000481,NH-15,2025-08-31 11:15:00,Arunachal Pradesh,East Siang,FLOOD,CRITICAL,BLOCKED,1,93.7,River water level reached 9.75m causing highway inundation,28.1664,95.3181,SDMA_FLOOD_BULLETIN
D000482,NH-37,2025-08-31 11:15:00,Assam,Kamrup Metropolitan,FLOOD,CRITICAL,BLOCKED,1,95.8,River water level reached 11.94m causing highway inundation,26.2205,91.7451,SDMA_FLOOD_BULLETIN
D000483,NH-27,2025-08-31 11:15:00,Assam,Sonitpur,FLOOD,CRITICAL,BLOCKED,1,69.1,River water level reached 13.2m causing highway inundation,26.7257,92.9257,SDMA_FLOOD_BULLETIN
D000484,NH-15,2025-09-01 11:15:00,Assam,Dibrugarh,FLOOD,HIGH,BLOCKED,1,90.0,River water level reached 13.37m causing highway inundation,27.5545,94.8922,SDMA_FLOOD_BULLETIN
D000485,NH-27,2025-09-01 11:15:00,Assam,Nagaon,FLOOD,CRITICAL,BLOCKED,1,51.6,River water level reached 13.04m causing highway inundation,26.4349,92.7967,SDMA_FLOOD_BULLETIN
D000486,NH-08,2025-09-01 11:15:00,Sikkim,East Sikkim,FLOOD,CRITICAL,BLOCKED,1,94.7,River water level reached 14.99m causing highway inundation,27.4215,88.7208,SDMA_FLOOD_BULLETIN
D000487,NH-37,2025-09-02 11:15:00,Nagaland,Dimapur,FLOOD,HIGH,BLOCKED,1,63.6,River water level reached 11.14m causing highway inundation,26.0065,93.6687,SDMA_FLOOD_BULLETIN
D000488,NH-08,2025-09-03 11:15:00,Assam,Kamrup Rural,FLOOD,CRITICAL,BLOCKED,1,51.4,River water level reached 12.47m causing highway inundation,26.126,91.5578,SDMA_FLOOD_BULLETIN
D000489,NH-27,2025-09-04 11:15:00,Assam,Sonitpur,FLOOD,CRITICAL,BLOCKED,1,83.7,River water level reached 10.03m causing highway inundation,26.7295,92.7892,SDMA_FLOOD_BULLETIN
D000490,NH-08,2025-09-04 11:15:00,Assam,Dibrugarh,FLOOD,HIGH,BLOCKED,1,62.8,River water level reached 14.95m causing highway inundation,27.3362,94.9064,SDMA_FLOOD_BULLETIN
D000491,NH-27,2025-09-04 11:15:00,Assam,Cachar,FLOOD,HIGH,BLOCKED,1,29.0,River water level reached 12.23m causing highway inundation,24.9177,92.7715,SDMA_FLOOD_BULLETIN
D000492,NH-27,2025-09-04 11:15:00,Assam,Nagaon,FLOOD,CRITICAL,BLOCKED,1,48.2,River water level reached 15.02m causing highway inundation,26.2368,92.7249,SDMA_FLOOD_BULLETIN
D000493,NH-27,2025-09-06 11:15:00,Tripura,West Tripura,FLOOD,MEDIUM,PARTIAL,0,0.0,River water level reached 14.67m causing highway inundation,23.9072,91.2523,SDMA_FLOOD_BULLETIN
D000494,NH-08,2025-09-06 11:15:00,Assam,Kamrup Metropolitan,FLOOD,CRITICAL,BLOCKED,1,47.9,River water level reached 10.66m causing highway inundation,26.0765,91.6615,SDMA_FLOOD_BULLETIN
D000495,NH-37,2025-09-07 11:15:00,Assam,Sonitpur,FLOOD,CRITICAL,BLOCKED,1,94.6,River water level reached 12.31m causing highway inundation,26.5257,92.8095,SDMA_FLOOD_BULLETIN
D000496,NH-37,2025-09-07 11:15:00,Assam,Dibrugarh,FLOOD,MEDIUM,PARTIAL,0,0.0,River water level reached 14.82m causing highway inundation,27.4742,95.0026,SDMA_FLOOD_BULLETIN
D000497,NH-37,2025-09-07 11:15:00,Assam,Nagaon,FLOOD,CRITICAL,BLOCKED,1,33.0,River water level reached 12.11m causing highway inundation,26.2917,92.5972,SDMA_FLOOD_BULLETIN
D000498,NH-27,2025-09-08 11:15:00,Sikkim,North Sikkim,FLOOD,CRITICAL,BLOCKED,1,20.2,River water level reached 13.11m causing highway inundation,27.5804,88.6091,SDMA_FLOOD_BULLETIN
D000499,NH-08,2025-09-08 11:15:00,Nagaland,Dimapur,FLOOD,CRITICAL,BLOCKED,1,38.2,River water level reached 14.67m causing highway inundation,25.9993,93.6438,SDMA_FLOOD_BULLETIN
D000500,NH-08,2025-09-09 11:15:00,Arunachal Pradesh,Papum Pare,FLOOD,HIGH,BLOCKED,1,86.9,River water level reached 10.99m causing highway inundation,27.2377,93.7417,SDMA_FLOOD_BULLETIN
D000501,NH-27,2025-09-09 11:15:00,Arunachal Pradesh,East Siang,FLOOD,CRITICAL,BLOCKED,1,65.5,River water level reached 11.1m causing highway inundation,28.1038,95.205,SDMA_FLOOD_BULLETIN
D000502,NH-27,2025-09-09 11:15:00,Assam,Kamrup Metropolitan,FLOOD,HIGH,BLOCKED,1,71.0,River water level reached 14.58m causing highway inundation,26.066,91.6884,SDMA_FLOOD_BULLETIN
D000503,NH-27,2025-09-10 11:15:00,Assam,Dibrugarh,FLOOD,CRITICAL,BLOCKED,1,94.9,River water level reached 13.43m causing highway inundation,27.5985,94.8946,SDMA_FLOOD_BULLETIN
D000504,NH-08,2025-09-10 11:15:00,Assam,Nagaon,FLOOD,CRITICAL,BLOCKED,1,45.9,River water level reached 13.95m causing highway inundation,26.2239,92.7596,SDMA_FLOOD_BULLETIN
D000505,NH-27,2025-09-11 11:15:00,Nagaland,Dimapur,FLOOD,CRITICAL,BLOCKED,1,74.8,River water level reached 12.83m causing highway inundation,26.0479,93.7328,SDMA_FLOOD_BULLETIN
D000506,NH-27,2025-09-12 11:15:00,Tripura,West Tripura,FLOOD,CRITICAL,BLOCKED,1,36.5,River water level reached 10.59m causing highway inundation,23.7431,91.1921,SDMA_FLOOD_BULLETIN
D000507,NH-37,2025-09-12 11:15:00,Arunachal Pradesh,East Siang,FLOOD,HIGH,BLOCKED,1,33.4,River water level reached 12.58m causing highway inundation,28.1968,95.2675,SDMA_FLOOD_BULLETIN
D000508,NH-15,2025-09-13 11:15:00,Assam,Kamrup Metropolitan,FLOOD,HIGH,BLOCKED,1,79.7,River water level reached 11.23m causing highway inundation,26.258,91.6058,SDMA_FLOOD_BULLETIN
D000509,NH-08,2025-09-13 11:15:00,Assam,Kamrup Rural,FLOOD,CRITICAL,BLOCKED,1,75.6,River water level reached 14.33m causing highway inundation,26.0919,91.5718,SDMA_FLOOD_BULLETIN
D000510,NH-27,2025-09-13 11:15:00,Assam,Cachar,FLOOD,CRITICAL,BLOCKED,1,22.8,River water level reached 15.02m causing highway inundation,24.83,92.8471,SDMA_FLOOD_BULLETIN
D000511,NH-15,2025-09-13 11:15:00,Assam,Nagaon,FLOOD,CRITICAL,BLOCKED,1,45.0,River water level reached 11.43m causing highway inundation,26.2147,92.6866,SDMA_FLOOD_BULLETIN
D000512,NH-37,2025-09-14 11:15:00,Nagaland,Dimapur,FLOOD,CRITICAL,BLOCKED,1,21.2,River water level reached 10.4m causing highway inundation,25.8893,93.6572,SDMA_FLOOD_BULLETIN
D000513,NH-15,2025-09-14 11:15:00,Manipur,Imphal West,FLOOD,CRITICAL,BLOCKED,1,57.0,River water level reached 14.84m causing highway inundation,24.7353,93.8224,SDMA_FLOOD_BULLETIN
D000514,NH-08,2025-09-15 11:15:00,Tripura,West Tripura,FLOOD,HIGH,BLOCKED,1,80.0,River water level reached 14.62m causing highway inundation,23.7263,91.2561,SDMA_FLOOD_BULLETIN
D000515,NH-15,2025-09-16 11:15:00,Assam,Kamrup Rural,FLOOD,MEDIUM,PARTIAL,0,0.0,River water level reached 14.89m causing highway inundation,26.2072,91.5293,SDMA_FLOOD_BULLETIN
D000516,NH-15,2025-09-16 11:15:00,Assam,Darrang,FLOOD,HIGH,BLOCKED,1,44.1,River water level reached 14.55m causing highway inundation,26.4623,91.9375,SDMA_FLOOD_BULLETIN
D000517,NH-15,2025-09-16 11:15:00,Assam,Sonitpur,FLOOD,CRITICAL,BLOCKED,1,71.5,River water level reached 13.52m causing highway inundation,26.6755,92.734,SDMA_FLOOD_BULLETIN
D000518,NH-15,2025-09-16 11:15:00,Assam,Cachar,FLOOD,MEDIUM,PARTIAL,0,0.0,River water level reached 11.9m causing highway inundation,24.9567,92.7447,SDMA_FLOOD_BULLETIN
D000519,NH-37,2025-09-17 11:15:00,Manipur,Bishnupur,FLOOD,CRITICAL,BLOCKED,1,60.1,River water level reached 14.66m causing highway inundation,24.5645,93.8029,SDMA_FLOOD_BULLETIN
D000520,NH-15,2025-09-19 11:15:00,Assam,Darrang,FLOOD,HIGH,BLOCKED,1,87.8,River water level reached 14.43m causing highway inundation,26.5746,91.941,SDMA_FLOOD_BULLETIN
D000521,NH-27,2025-09-19 11:15:00,Assam,Sonitpur,FLOOD,CRITICAL,BLOCKED,1,91.1,River water level reached 9.63m causing highway inundation,26.5849,92.7002,SDMA_FLOOD_BULLETIN
D000522,NH-27,2025-09-20 11:15:00,Manipur,Imphal West,FLOOD,CRITICAL,BLOCKED,1,95.7,River water level reached 14.11m causing highway inundation,24.7379,93.9153,SDMA_FLOOD_BULLETIN
D000523,NH-08,2025-09-22 11:15:00,Arunachal Pradesh,East Siang,FLOOD,CRITICAL,BLOCKED,1,57.4,River water level reached 14.67m causing highway inundation,28.0889,95.4663,SDMA_FLOOD_BULLETIN
D000524,NH-27,2025-09-22 11:15:00,Assam,Kamrup Rural,FLOOD,MEDIUM,PARTIAL,0,0.0,River water level reached 14.08m causing highway inundation,26.2731,91.4179,SDMA_FLOOD_BULLETIN
D000525,NH-08,2025-09-22 11:15:00,Assam,Nagaon,FLOOD,HIGH,BLOCKED,1,82.8,River water level reached 9.84m causing highway inundation,26.3166,92.6587,SDMA_FLOOD_BULLETIN
D000526,NH-27,2025-09-23 11:15:00,Sikkim,South Sikkim,FLOOD,CRITICAL,BLOCKED,1,44.4,River water level reached 15.04m causing highway inundation,27.0984,88.3366,SDMA_FLOOD_BULLETIN
D000527,NH-37,2025-09-25 11:15:00,Arunachal Pradesh,East Siang,FLOOD,CRITICAL,BLOCKED,1,82.9,River water level reached 14.24m causing highway inundation,27.9182,95.3507,SDMA_FLOOD_BULLETIN
D000528,NH-37,2025-09-25 11:15:00,Assam,Kamrup Metropolitan,FLOOD,MEDIUM,PARTIAL,0,0.0,River water level reached 11.3m causing highway inundation,26.2216,91.7675,SDMA_FLOOD_BULLETIN
D000529,NH-37,2025-09-25 11:15:00,Assam,Kamrup Rural,FLOOD,HIGH,BLOCKED,1,24.9,River water level reached 11.07m causing highway inundation,26.3348,91.6571,SDMA_FLOOD_BULLETIN
D000530,NH-27,2025-09-26 11:15:00,Assam,Nagaon,FLOOD,CRITICAL,BLOCKED,1,46.0,River water level reached 12.03m causing highway inundation,26.3497,92.7321,SDMA_FLOOD_BULLETIN
D000531,NH-27,2025-09-26 11:15:00,Nagaland,Dimapur,FLOOD,HIGH,BLOCKED,1,26.1,River water level reached 13.32m causing highway inundation,25.8203,93.8035,SDMA_FLOOD_BULLETIN
D000532,NH-08,2025-09-28 11:15:00,Arunachal Pradesh,East Siang,FLOOD,CRITICAL,BLOCKED,1,52.4,River water level reached 10.22m causing highway inundation,28.0659,95.3127,SDMA_FLOOD_BULLETIN
D000533,NH-37,2025-09-28 11:15:00,Assam,Kamrup Metropolitan,FLOOD,CRITICAL,BLOCKED,1,93.3,River water level reached 12.2m causing highway inundation,26.2916,91.6232,SDMA_FLOOD_BULLETIN
D000534,NH-37,2025-09-28 11:15:00,Assam,Sonitpur,FLOOD,HIGH,BLOCKED,1,37.1,River water level reached 14.85m causing highway inundation,26.7269,92.8527,SDMA_FLOOD_BULLETIN
D000535,NH-27,2025-09-28 11:15:00,Assam,Dibrugarh,FLOOD,HIGH,BLOCKED,1,29.2,River water level reached 11.46m causing highway inundation,27.5798,94.9802,SDMA_FLOOD_BULLETIN
D000536,NH-08,2025-09-29 11:15:00,Assam,Nagaon,FLOOD,CRITICAL,BLOCKED,1,20.5,River water level reached 10.23m causing highway inundation,26.3372,92.6385,SDMA_FLOOD_BULLETIN
D000537,NH-08,2025-09-30 11:15:00,Manipur,Bishnupur,FLOOD,CRITICAL,BLOCKED,1,39.1,River water level reached 13.34m causing highway inundation,24.5093,93.7536,SDMA_FLOOD_BULLETIN
D000538,NH-02,2025-07-11 08:24:00,Manipur,Imphal West,BRIDGE_DAMAGE,CRITICAL,BLOCKED,1,23.7,Structural wear or adverse weather (bridge_damage),24.8634,94.0524,HIGHWAY_PATROL
D000539,NH-08,2025-07-11 10:12:00,Tripura,Dhalai,BRIDGE_DAMAGE,MEDIUM,PARTIAL,0,6.9,Structural wear or adverse weather (bridge_damage),23.7847,91.8194,PWD_NER
D000540,NH-29,2025-07-11 12:00:00,Nagaland,Dimapur,ACCIDENT,LOW,OPEN,0,2.4,Structural wear or adverse weather (accident),25.771,93.6834,PWD_NER
D000541,NH-02,2025-07-11 13:48:00,Manipur,Imphal West,HEAVY_RAIN,CRITICAL,BLOCKED,1,28.2,Structural wear or adverse weather (heavy_rain),24.6907,94.064,PWD_NER
D000542,NH-310,2025-07-11 15:36:00,Sikkim,North Sikkim,HEAVY_RAIN,HIGH,PARTIAL,0,3.7,Structural wear or adverse weather (heavy_rain),27.5679,88.6945,PWD_NER
D000543,NH-13,2025-07-11 17:24:00,Arunachal Pradesh,Lower Subansiri,ACCIDENT,HIGH,PARTIAL,0,7.4,Structural wear or adverse weather (accident),27.6392,93.9605,PWD_NER
D000544,NH-02,2025-07-11 19:12:00,Manipur,Bishnupur,ROAD_DAMAGE,CRITICAL,BLOCKED,1,15.2,Structural wear or adverse weather (road_damage),24.5948,93.7035,BRO_BORDER_ROADS
D000545,NH-37,2025-07-11 21:00:00,Assam,Cachar,ACCIDENT,LOW,OPEN,0,2.8,Structural wear or adverse weather (accident),24.7538,92.7376,HIGHWAY_PATROL
D000546,NH-27,2025-07-11 22:48:00,Assam,Kamrup Metropolitan,HEAVY_RAIN,CRITICAL,BLOCKED,1,4.1,Structural wear or adverse weather (heavy_rain),26.1213,91.769,HIGHWAY_PATROL
D000547,NH-13,2025-07-12 00:36:00,Arunachal Pradesh,West Kameng,HEAVY_RAIN,HIGH,PARTIAL,0,6.6,Structural wear or adverse weather (heavy_rain),27.1866,92.4898,HIGHWAY_PATROL
D000548,NH-08,2025-07-12 02:24:00,Tripura,Dhalai,HEAVY_RAIN,HIGH,PARTIAL,0,6.0,Structural wear or adverse weather (heavy_rain),23.9145,91.8422,BRO_BORDER_ROADS
D000549,NH-02,2025-07-12 04:12:00,Nagaland,Mokokchung,ROAD_DAMAGE,CRITICAL,BLOCKED,1,6.4,Structural wear or adverse weather (road_damage),26.2342,94.5507,PWD_NER
D000550,NH-06,2025-07-12 06:00:00,Meghalaya,West Jaintia Hills,HEAVY_RAIN,MEDIUM,PARTIAL,0,2.7,Structural wear or adverse weather (heavy_rain),25.5415,92.1703,HIGHWAY_PATROL
D000551,NH-02,2025-07-12 07:48:00,Nagaland,Mokokchung,ROAD_DAMAGE,CRITICAL,BLOCKED,1,11.4,Structural wear or adverse weather (road_damage),26.3222,94.4767,BRO_BORDER_ROADS
D000552,NH-310,2025-07-12 09:36:00,Sikkim,North Sikkim,ACCIDENT,LOW,OPEN,0,6.2,Structural wear or adverse weather (accident),27.3839,88.6954,PWD_NER
D000553,NH-27,2025-07-12 11:24:00,Assam,Kamrup Metropolitan,ACCIDENT,LOW,OPEN,0,7.3,Structural wear or adverse weather (accident),26.2216,91.7675,BRO_BORDER_ROADS
D000554,NH-310,2025-07-12 13:12:00,Sikkim,North Sikkim,ACCIDENT,MEDIUM,PARTIAL,0,5.2,Structural wear or adverse weather (accident),27.6444,88.6089,HIGHWAY_PATROL
D000555,NH-08,2025-07-12 15:00:00,Tripura,Sipahijala,HEAVY_RAIN,HIGH,PARTIAL,0,5.0,Structural wear or adverse weather (heavy_rain),23.7032,91.3203,BRO_BORDER_ROADS
D000556,NH-515,2025-07-12 16:48:00,Arunachal Pradesh,East Siang,BRIDGE_DAMAGE,MEDIUM,PARTIAL,0,2.7,Structural wear or adverse weather (bridge_damage),28.1383,95.4675,BRO_BORDER_ROADS
D000557,NH-06,2025-07-12 18:36:00,Meghalaya,Ri-Bhoi,ACCIDENT,HIGH,PARTIAL,0,2.1,Structural wear or adverse weather (accident),25.9396,92.0227,BRO_BORDER_ROADS
D000558,NH-08,2025-07-12 20:24:00,Tripura,Dhalai,HEAVY_RAIN,CRITICAL,BLOCKED,1,4.1,Structural wear or adverse weather (heavy_rain),23.9544,91.8032,BRO_BORDER_ROADS
D000559,NH-13,2025-07-12 22:12:00,Arunachal Pradesh,West Kameng,ACCIDENT,LOW,OPEN,0,3.3,Structural wear or adverse weather (accident),27.3726,92.3988,PWD_NER
D000560,NH-15,2025-07-13 00:00:00,Assam,Darrang,BRIDGE_DAMAGE,HIGH,BLOCKED,1,9.5,Structural wear or adverse weather (bridge_damage),26.5746,91.941,BRO_BORDER_ROADS
D000561,NH-54,2025-07-13 01:48:00,Mizoram,Aizawl,HEAVY_RAIN,HIGH,PARTIAL,0,5.7,Structural wear or adverse weather (heavy_rain),23.7547,92.5703,BRO_BORDER_ROADS
D000562,NH-10,2025-07-13 03:36:00,Sikkim,East Sikkim,BRIDGE_DAMAGE,MEDIUM,PARTIAL,0,2.1,Structural wear or adverse weather (bridge_damage),27.4217,88.6762,PWD_NER
D000563,NH-54,2025-07-13 05:24:00,Mizoram,Kolasib,BRIDGE_DAMAGE,CRITICAL,BLOCKED,1,7.0,Structural wear or adverse weather (bridge_damage),24.2446,92.57,HIGHWAY_PATROL
D000564,NH-13,2025-07-13 07:12:00,Arunachal Pradesh,Tawang,HEAVY_RAIN,MEDIUM,PARTIAL,0,7.3,Structural wear or adverse weather (heavy_rain),27.4522,91.7365,PWD_NER
D000565,NH-13,2025-07-13 09:00:00,Arunachal Pradesh,Lower Subansiri,ROAD_DAMAGE,MEDIUM,PARTIAL,0,3.0,Structural wear or adverse weather (road_damage),27.5753,93.7717,PWD_NER
D000566,NH-02,2025-07-13 10:48:00,Manipur,Imphal West,HEAVY_RAIN,HIGH,PARTIAL,0,2.1,Structural wear or adverse weather (heavy_rain),24.884,93.9056,HIGHWAY_PATROL
D000567,NH-37,2025-07-13 12:36:00,Assam,Cachar,ACCIDENT,HIGH,PARTIAL,0,2.9,Structural wear or adverse weather (accident),24.8796,92.6956,HIGHWAY_PATROL
D000568,NH-27,2025-07-13 14:24:00,Assam,Kamrup Rural,ROAD_DAMAGE,CRITICAL,BLOCKED,1,24.6,Structural wear or adverse weather (road_damage),26.1803,91.5414,PWD_NER
D000569,NH-15,2025-07-13 16:12:00,Assam,Darrang,HEAVY_RAIN,MEDIUM,PARTIAL,0,1.6,Structural wear or adverse weather (heavy_rain),26.4253,91.9959,BRO_BORDER_ROADS
D000570,NH-27,2025-07-13 18:00:00,Assam,Nagaon,ACCIDENT,LOW,OPEN,0,7.3,Structural wear or adverse weather (accident),26.2458,92.628,BRO_BORDER_ROADS
D000571,NH-37,2025-07-13 19:48:00,Assam,Cachar,BRIDGE_DAMAGE,CRITICAL,BLOCKED,1,23.9,Structural wear or adverse weather (bridge_damage),24.7402,92.6328,PWD_NER
D000572,NH-29,2025-07-13 21:36:00,Nagaland,Dimapur,HEAVY_RAIN,MEDIUM,PARTIAL,0,5.1,Structural wear or adverse weather (heavy_rain),26.0443,93.7711,HIGHWAY_PATROL
D000573,NH-10,2025-07-13 23:24:00,Sikkim,East Sikkim,HEAVY_RAIN,MEDIUM,PARTIAL,0,7.1,Structural wear or adverse weather (heavy_rain),27.3269,88.6634,PWD_NER
D000574,NH-13,2025-07-14 01:12:00,Arunachal Pradesh,Tawang,ACCIDENT,MEDIUM,PARTIAL,0,5.3,Structural wear or adverse weather (accident),27.6284,91.7103,HIGHWAY_PATROL
D000575,NH-27,2025-07-14 03:00:00,Assam,Nagaon,ACCIDENT,LOW,OPEN,0,3.0,Structural wear or adverse weather (accident),26.4183,92.6981,HIGHWAY_PATROL
D000576,NH-54,2025-07-14 04:48:00,Mizoram,Kolasib,BRIDGE_DAMAGE,HIGH,BLOCKED,1,12.5,Structural wear or adverse weather (bridge_damage),24.0893,92.5802,BRO_BORDER_ROADS
D000577,NH-27,2025-07-14 06:36:00,Assam,Kamrup Rural,BRIDGE_DAMAGE,CRITICAL,BLOCKED,1,22.9,Structural wear or adverse weather (bridge_damage),26.2072,91.5293,PWD_NER
D000578,NH-510,2025-07-14 08:24:00,Sikkim,South Sikkim,BRIDGE_DAMAGE,CRITICAL,BLOCKED,1,30.5,Structural wear or adverse weather (bridge_damage),27.1739,88.3955,HIGHWAY_PATROL
D000579,NH-29,2025-07-14 10:12:00,Nagaland,Dimapur,ACCIDENT,HIGH,PARTIAL,0,5.6,Structural wear or adverse weather (accident),25.8382,93.717,PWD_NER
D000580,NH-02,2025-07-14 12:00:00,Nagaland,Mokokchung,ACCIDENT,MEDIUM,PARTIAL,0,4.3,Structural wear or adverse weather (accident),26.3484,94.5684,HIGHWAY_PATROL
D000581,NH-310,2025-07-14 13:48:00,Sikkim,North Sikkim,HEAVY_RAIN,CRITICAL,BLOCKED,1,30.7,Structural wear or adverse weather (heavy_rain),27.4807,88.6273,PWD_NER
D000582,NH-10,2025-07-14 15:36:00,Sikkim,East Sikkim,ROAD_DAMAGE,HIGH,BLOCKED,1,24.8,Structural wear or adverse weather (road_damage),27.2775,88.5222,BRO_BORDER_ROADS
D000583,NH-02,2025-07-14 17:24:00,Manipur,Bishnupur,BRIDGE_DAMAGE,MEDIUM,PARTIAL,0,7.0,Structural wear or adverse weather (bridge_damage),24.6638,93.7273,BRO_BORDER_ROADS
D000584,NH-54,2025-07-14 19:12:00,Mizoram,Lunglei,HEAVY_RAIN,HIGH,PARTIAL,0,2.1,Structural wear or adverse weather (heavy_rain),22.7952,92.6132,PWD_NER
D000585,NH-37,2025-07-14 21:00:00,Assam,Cachar,HEAVY_RAIN,MEDIUM,PARTIAL,0,6.2,Structural wear or adverse weather (heavy_rain),24.7876,92.7153,BRO_BORDER_ROADS
D000586,NH-310,2025-07-14 22:48:00,Sikkim,North Sikkim,ACCIDENT,MEDIUM,PARTIAL,0,2.0,Structural wear or adverse weather (accident),27.4755,88.6135,PWD_NER
D000587,NH-02,2025-07-15 00:36:00,Manipur,Imphal West,ROAD_DAMAGE,HIGH,BLOCKED,1,11.6,Structural wear or adverse weather (road_damage),24.7429,93.8775,PWD_NER
D000588,NH-54,2025-07-15 02:24:00,Mizoram,Aizawl,ROAD_DAMAGE,HIGH,BLOCKED,1,25.1,Structural wear or adverse weather (road_damage),23.7911,92.7649,HIGHWAY_PATROL
D000589,NH-37,2025-07-15 04:12:00,Assam,Dibrugarh,HEAVY_RAIN,HIGH,PARTIAL,0,2.0,Structural wear or adverse weather (heavy_rain),27.4543,94.7645,BRO_BORDER_ROADS
D000590,NH-37,2025-07-15 06:00:00,Assam,Dibrugarh,HEAVY_RAIN,MEDIUM,PARTIAL,0,4.0,Structural wear or adverse weather (heavy_rain),27.6186,94.9471,BRO_BORDER_ROADS
D000591,NH-29,2025-07-15 07:48:00,Nagaland,Kohima,ROAD_DAMAGE,MEDIUM,PARTIAL,0,2.1,Structural wear or adverse weather (road_damage),25.7251,94.2506,HIGHWAY_PATROL
D000592,NH-510,2025-07-15 09:36:00,Sikkim,South Sikkim,ACCIDENT,LOW,OPEN,0,5.5,Structural wear or adverse weather (accident),27.2211,88.3267,BRO_BORDER_ROADS
D000593,NH-510,2025-07-15 11:24:00,Sikkim,South Sikkim,BRIDGE_DAMAGE,CRITICAL,BLOCKED,1,15.9,Structural wear or adverse weather (bridge_damage),27.102,88.4607,PWD_NER
D000594,NH-08,2025-07-15 13:12:00,Tripura,Sipahijala,ACCIDENT,LOW,OPEN,0,4.8,Structural wear or adverse weather (accident),23.5757,91.2845,PWD_NER
D000595,NH-54,2025-07-15 15:00:00,Mizoram,Aizawl,ROAD_DAMAGE,CRITICAL,BLOCKED,1,25.2,Structural wear or adverse weather (road_damage),23.6371,92.7927,PWD_NER
D000596,NH-54,2025-07-15 16:48:00,Mizoram,Aizawl,HEAVY_RAIN,CRITICAL,BLOCKED,1,29.9,Structural wear or adverse weather (heavy_rain),23.6822,92.653,HIGHWAY_PATROL
D000597,NH-02,2025-07-15 18:36:00,Manipur,Bishnupur,ACCIDENT,HIGH,PARTIAL,0,5.6,Structural wear or adverse weather (accident),24.586,93.8369,HIGHWAY_PATROL
D000598,NH-54,2025-07-15 20:24:00,Mizoram,Lunglei,ACCIDENT,MEDIUM,PARTIAL,0,7.3,Structural wear or adverse weather (accident),22.7456,92.6619,PWD_NER
D000599,NH-06,2025-07-15 22:12:00,Meghalaya,Ri-Bhoi,BRIDGE_DAMAGE,CRITICAL,BLOCKED,1,14.2,Structural wear or adverse weather (bridge_damage),25.7599,92.0086,PWD_NER
D000600,NH-08,2025-07-16 00:00:00,Tripura,Sipahijala,HEAVY_RAIN,HIGH,PARTIAL,0,3.5,Structural wear or adverse weather (heavy_rain),23.7566,91.4555,PWD_NER
D000601,NH-206,2025-07-16 01:48:00,Meghalaya,East Khasi Hills,HEAVY_RAIN,MEDIUM,PARTIAL,0,4.1,Structural wear or adverse weather (heavy_rain),25.6844,91.8907,BRO_BORDER_ROADS
D000602,NH-08,2025-07-16 03:36:00,Tripura,West Tripura,ACCIDENT,LOW,OPEN,0,2.9,Structural wear or adverse weather (accident),23.7857,91.2987,BRO_BORDER_ROADS
D000603,NH-510,2025-07-16 05:24:00,Sikkim,South Sikkim,HEAVY_RAIN,HIGH,PARTIAL,0,3.5,Structural wear or adverse weather (heavy_rain),27.0866,88.4241,BRO_BORDER_ROADS
D000604,NH-13,2025-07-16 07:12:00,Arunachal Pradesh,Lower Subansiri,HEAVY_RAIN,CRITICAL,BLOCKED,1,21.7,Structural wear or adverse weather (heavy_rain),27.6547,93.9283,HIGHWAY_PATROL
D000605,NH-54,2025-07-16 09:00:00,Mizoram,Lunglei,ROAD_DAMAGE,HIGH,BLOCKED,1,7.6,Structural wear or adverse weather (road_damage),22.9642,92.6732,HIGHWAY_PATROL
D000606,NH-27,2025-07-16 10:48:00,Assam,Kamrup Metropolitan,ACCIDENT,MEDIUM,PARTIAL,0,2.7,Structural wear or adverse weather (accident),26.2769,91.7651,HIGHWAY_PATROL
D000607,NH-127B,2025-07-16 12:36:00,Meghalaya,West Khasi Hills,BRIDGE_DAMAGE,CRITICAL,BLOCKED,1,13.2,Structural wear or adverse weather (bridge_damage),25.3791,91.2445,BRO_BORDER_ROADS
D000608,NH-27,2025-07-16 14:24:00,Assam,Kamrup Rural,BRIDGE_DAMAGE,MEDIUM,PARTIAL,0,2.2,Structural wear or adverse weather (bridge_damage),26.0616,91.6247,PWD_NER
D000609,NH-29,2025-07-16 16:12:00,Nagaland,Kohima,HEAVY_RAIN,HIGH,PARTIAL,0,4.6,Structural wear or adverse weather (heavy_rain),25.7798,94.1768,BRO_BORDER_ROADS
D000610,NH-02,2025-07-16 18:00:00,Manipur,Senapati,ACCIDENT,HIGH,PARTIAL,0,5.7,Structural wear or adverse weather (accident),25.2323,93.9953,HIGHWAY_PATROL
D000611,NH-27,2025-07-16 19:48:00,Assam,Kamrup Rural,ROAD_DAMAGE,CRITICAL,BLOCKED,1,17.0,Structural wear or adverse weather (road_damage),26.174,91.5542,BRO_BORDER_ROADS
D000612,NH-415,2025-07-16 21:36:00,Arunachal Pradesh,Papum Pare,BRIDGE_DAMAGE,CRITICAL,BLOCKED,1,14.1,Structural wear or adverse weather (bridge_damage),27.1003,93.6643,BRO_BORDER_ROADS
D000613,NH-13,2025-07-16 23:24:00,Arunachal Pradesh,West Kameng,BRIDGE_DAMAGE,MEDIUM,PARTIAL,0,3.5,Structural wear or adverse weather (bridge_damage),27.1427,92.4035,HIGHWAY_PATROL
D000614,NH-29,2025-07-17 01:12:00,Nagaland,Kohima,BRIDGE_DAMAGE,HIGH,BLOCKED,1,23.4,Structural wear or adverse weather (bridge_damage),25.7147,94.1064,PWD_NER
D000615,NH-29,2025-07-17 03:00:00,Nagaland,Kohima,HEAVY_RAIN,MEDIUM,PARTIAL,0,4.5,Structural wear or adverse weather (heavy_rain),25.7806,94.1032,PWD_NER
D000616,NH-13,2025-07-17 04:48:00,Arunachal Pradesh,Lower Subansiri,HEAVY_RAIN,MEDIUM,PARTIAL,0,7.3,Structural wear or adverse weather (heavy_rain),27.5662,93.7971,BRO_BORDER_ROADS
D000617,NH-13,2025-07-17 06:36:00,Arunachal Pradesh,Tawang,BRIDGE_DAMAGE,CRITICAL,BLOCKED,1,13.6,Structural wear or adverse weather (bridge_damage),27.5446,91.9279,BRO_BORDER_ROADS
D000618,NH-54,2025-07-17 08:24:00,Mizoram,Kolasib,BRIDGE_DAMAGE,CRITICAL,BLOCKED,1,11.5,Structural wear or adverse weather (bridge_damage),24.0802,92.7899,BRO_BORDER_ROADS
D000619,NH-37,2025-07-17 10:12:00,Assam,Dibrugarh,HEAVY_RAIN,CRITICAL,BLOCKED,1,19.9,Structural wear or adverse weather (heavy_rain),27.4624,94.8483,HIGHWAY_PATROL
D000620,NH-06,2025-07-17 12:00:00,Meghalaya,West Jaintia Hills,BRIDGE_DAMAGE,CRITICAL,BLOCKED,1,11.4,Structural wear or adverse weather (bridge_damage),25.4778,92.3231,BRO_BORDER_ROADS
D000621,NH-515,2025-07-17 13:48:00,Arunachal Pradesh,East Siang,ROAD_DAMAGE,CRITICAL,BLOCKED,1,20.1,Structural wear or adverse weather (road_damage),28.0329,95.2895,BRO_BORDER_ROADS
D000622,NH-54,2025-07-17 15:36:00,Mizoram,Lunglei,ACCIDENT,MEDIUM,PARTIAL,0,5.7,Structural wear or adverse weather (accident),22.7793,92.7298,BRO_BORDER_ROADS
D000623,NH-13,2025-07-17 17:24:00,Arunachal Pradesh,West Kameng,HEAVY_RAIN,CRITICAL,BLOCKED,1,9.7,Structural wear or adverse weather (heavy_rain),27.3978,92.4822,HIGHWAY_PATROL
D000624,NH-10,2025-07-17 19:12:00,Sikkim,East Sikkim,BRIDGE_DAMAGE,MEDIUM,PARTIAL,0,3.4,Structural wear or adverse weather (bridge_damage),27.45,88.6175,HIGHWAY_PATROL
D000625,NH-02,2025-07-17 21:00:00,Nagaland,Mokokchung,ACCIDENT,LOW,OPEN,0,7.0,Structural wear or adverse weather (accident),26.3222,94.4767,BRO_BORDER_ROADS
D000626,NH-37,2025-07-17 22:48:00,Assam,Cachar,ACCIDENT,HIGH,PARTIAL,0,6.7,Structural wear or adverse weather (accident),24.8848,92.756,PWD_NER
D000627,NH-510,2025-07-18 00:36:00,Sikkim,South Sikkim,HEAVY_RAIN,HIGH,PARTIAL,0,6.6,Structural wear or adverse weather (heavy_rain),27.2766,88.4312,PWD_NER
D000628,NH-13,2025-07-18 02:24:00,Arunachal Pradesh,Lower Subansiri,BRIDGE_DAMAGE,CRITICAL,BLOCKED,1,30.7,Structural wear or adverse weather (bridge_damage),27.4614,93.9744,BRO_BORDER_ROADS
D000629,NH-37,2025-07-18 04:12:00,Assam,Cachar,ACCIDENT,LOW,OPEN,0,3.4,Structural wear or adverse weather (accident),24.7481,92.6918,BRO_BORDER_ROADS
D000630,NH-08,2025-07-18 06:00:00,Tripura,Dhalai,HEAVY_RAIN,CRITICAL,BLOCKED,1,23.3,Structural wear or adverse weather (heavy_rain),23.9882,91.8948,PWD_NER
D000631,NH-310,2025-07-18 07:48:00,Sikkim,North Sikkim,ACCIDENT,MEDIUM,PARTIAL,0,7.0,Structural wear or adverse weather (accident),27.496,88.4889,BRO_BORDER_ROADS
D000632,NH-15,2025-07-18 09:36:00,Assam,Darrang,BRIDGE_DAMAGE,MEDIUM,PARTIAL,0,7.3,Structural wear or adverse weather (bridge_damage),26.4285,92.162,HIGHWAY_PATROL
D000633,NH-37,2025-07-18 11:24:00,Assam,Cachar,HEAVY_RAIN,HIGH,PARTIAL,0,2.0,Structural wear or adverse weather (heavy_rain),24.9379,92.9262,HIGHWAY_PATROL
D000634,NH-13,2025-07-18 13:12:00,Arunachal Pradesh,West Kameng,ROAD_DAMAGE,HIGH,BLOCKED,1,23.7,Structural wear or adverse weather (road_damage),27.1452,92.4881,BRO_BORDER_ROADS
D000635,NH-13,2025-07-18 15:00:00,Arunachal Pradesh,Tawang,ACCIDENT,LOW,OPEN,0,4.4,Structural wear or adverse weather (accident),27.4888,91.9853,PWD_NER
D000636,NH-13,2025-07-18 16:48:00,Arunachal Pradesh,West Kameng,HEAVY_RAIN,MEDIUM,PARTIAL,0,3.7,Structural wear or adverse weather (heavy_rain),27.2451,92.5021,PWD_NER
D000637,NH-08,2025-07-18 18:36:00,Tripura,West Tripura,ROAD_DAMAGE,CRITICAL,BLOCKED,1,24.7,Structural wear or adverse weather (road_damage),23.9503,91.2755,BRO_BORDER_ROADS
D000638,NH-510,2025-07-18 20:24:00,Sikkim,South Sikkim,BRIDGE_DAMAGE,CRITICAL,BLOCKED,1,8.2,Structural wear or adverse weather (bridge_damage),27.0318,88.4366,PWD_NER
D000639,NH-29,2025-07-18 22:12:00,Nagaland,Kohima,BRIDGE_DAMAGE,HIGH,BLOCKED,1,6.5,Structural wear or adverse weather (bridge_damage),25.5345,93.9932,HIGHWAY_PATROL
D000640,NH-54,2025-07-19 00:00:00,Mizoram,Aizawl,ROAD_DAMAGE,MEDIUM,PARTIAL,0,2.6,Structural wear or adverse weather (road_damage),23.6391,92.8399,HIGHWAY_PATROL
D000641,NH-13,2025-07-19 01:48:00,Arunachal Pradesh,Tawang,ROAD_DAMAGE,MEDIUM,PARTIAL,0,6.2,Structural wear or adverse weather (road_damage),27.5817,91.8573,PWD_NER
D000642,NH-13,2025-07-19 03:36:00,Arunachal Pradesh,Lower Subansiri,HEAVY_RAIN,HIGH,PARTIAL,0,6.9,Structural wear or adverse weather (heavy_rain),27.4829,93.7381,BRO_BORDER_ROADS
D000643,NH-37,2025-07-19 05:24:00,Assam,Dibrugarh,ROAD_DAMAGE,CRITICAL,BLOCKED,1,13.7,Structural wear or adverse weather (road_damage),27.5653,94.9909,BRO_BORDER_ROADS
D000644,NH-10,2025-07-19 07:12:00,Sikkim,East Sikkim,BRIDGE_DAMAGE,MEDIUM,PARTIAL,0,4.4,Structural wear or adverse weather (bridge_damage),27.4757,88.7068,PWD_NER
D000645,NH-02,2025-07-19 09:00:00,Nagaland,Mokokchung,ACCIDENT,HIGH,PARTIAL,0,7.3,Structural wear or adverse weather (accident),26.2507,94.3946,BRO_BORDER_ROADS
D000646,NH-310,2025-07-19 10:48:00,Sikkim,North Sikkim,HEAVY_RAIN,CRITICAL,BLOCKED,1,25.6,Structural wear or adverse weather (heavy_rain),27.5137,88.5425,BRO_BORDER_ROADS
D000647,NH-02,2025-07-19 12:36:00,Manipur,Senapati,ACCIDENT,MEDIUM,PARTIAL,0,2.3,Structural wear or adverse weather (accident),25.3244,94.1413,BRO_BORDER_ROADS
D000648,NH-29,2025-07-19 14:24:00,Nagaland,Kohima,BRIDGE_DAMAGE,MEDIUM,PARTIAL,0,6.4,Structural wear or adverse weather (bridge_damage),25.7483,94.1835,PWD_NER
D000649,NH-02,2025-07-19 16:12:00,Manipur,Imphal West,ACCIDENT,HIGH,PARTIAL,0,6.7,Structural wear or adverse weather (accident),24.8409,94.04,BRO_BORDER_ROADS
D000650,NH-02,2025-07-19 18:00:00,Manipur,Bishnupur,ROAD_DAMAGE,MEDIUM,PARTIAL,0,5.8,Structural wear or adverse weather (road_damage),24.6171,93.8917,HIGHWAY_PATROL
D000651,NH-206,2025-07-19 19:48:00,Meghalaya,East Khasi Hills,ROAD_DAMAGE,CRITICAL,BLOCKED,1,7.9,Structural wear or adverse weather (road_damage),25.5879,92.0423,PWD_NER
D000652,NH-10,2025-07-19 21:36:00,Sikkim,East Sikkim,ROAD_DAMAGE,MEDIUM,PARTIAL,0,4.0,Structural wear or adverse weather (road_damage),27.2115,88.4621,PWD_NER
D000653,NH-510,2025-07-19 23:24:00,Sikkim,South Sikkim,ACCIDENT,HIGH,PARTIAL,0,6.6,Structural wear or adverse weather (accident),27.0323,88.3537,BRO_BORDER_ROADS
D000654,NH-54,2025-07-20 01:12:00,Mizoram,Kolasib,ROAD_DAMAGE,MEDIUM,PARTIAL,0,3.7,Structural wear or adverse weather (road_damage),24.2643,92.6937,HIGHWAY_PATROL
D000655,NH-02,2025-07-20 03:00:00,Manipur,Senapati,BRIDGE_DAMAGE,HIGH,BLOCKED,1,30.0,Structural wear or adverse weather (bridge_damage),25.2026,93.9829,PWD_NER
D000656,NH-515,2025-07-20 04:48:00,Arunachal Pradesh,East Siang,HEAVY_RAIN,CRITICAL,BLOCKED,1,28.8,Structural wear or adverse weather (heavy_rain),27.9615,95.3149,PWD_NER
D000657,NH-08,2025-07-20 06:36:00,Tripura,Sipahijala,ACCIDENT,HIGH,PARTIAL,0,5.6,Structural wear or adverse weather (accident),23.645,91.2029,PWD_NER
D000658,NH-510,2025-07-20 08:24:00,Sikkim,South Sikkim,HEAVY_RAIN,MEDIUM,PARTIAL,0,4.8,Structural wear or adverse weather (heavy_rain),27.102,88.4504,PWD_NER
D000659,NH-27,2025-07-20 10:12:00,Assam,Kamrup Rural,BRIDGE_DAMAGE,MEDIUM,PARTIAL,0,6.3,Structural wear or adverse weather (bridge_damage),26.1235,91.6143,HIGHWAY_PATROL
D000660,NH-15,2025-07-20 12:00:00,Assam,Darrang,HEAVY_RAIN,CRITICAL,BLOCKED,1,9.3,Structural wear or adverse weather (heavy_rain),26.3769,91.9118,PWD_NER
D000661,NH-13,2025-07-20 13:48:00,Arunachal Pradesh,West Kameng,ROAD_DAMAGE,CRITICAL,BLOCKED,1,30.0,Structural wear or adverse weather (road_damage),27.1258,92.3812,BRO_BORDER_ROADS
D000662,NH-54,2025-07-20 15:36:00,Mizoram,Kolasib,ROAD_DAMAGE,CRITICAL,BLOCKED,1,6.4,Structural wear or adverse weather (road_damage),24.2736,92.7998,PWD_NER
D000663,NH-54,2025-07-20 17:24:00,Mizoram,Lunglei,ROAD_DAMAGE,MEDIUM,PARTIAL,0,7.1,Structural wear or adverse weather (road_damage),22.8005,92.7221,PWD_NER
D000664,NH-310,2025-07-20 19:12:00,Sikkim,North Sikkim,BRIDGE_DAMAGE,HIGH,BLOCKED,1,31.9,Structural wear or adverse weather (bridge_damage),27.612,88.475,HIGHWAY_PATROL
D000665,NH-27,2025-07-20 21:00:00,Assam,Nagaon,ROAD_DAMAGE,CRITICAL,BLOCKED,1,7.9,Structural wear or adverse weather (road_damage),26.2381,92.7539,HIGHWAY_PATROL
D000666,NH-13,2025-07-20 22:48:00,Arunachal Pradesh,Tawang,HEAVY_RAIN,CRITICAL,BLOCKED,1,28.7,Structural wear or adverse weather (heavy_rain),27.5817,91.8573,PWD_NER
D000667,NH-15,2025-07-21 00:36:00,Assam,Sonitpur,HEAVY_RAIN,HIGH,PARTIAL,0,3.1,Structural wear or adverse weather (heavy_rain),26.4855,92.9335,PWD_NER
D000668,NH-27,2025-07-21 02:24:00,Assam,Kamrup Metropolitan,BRIDGE_DAMAGE,HIGH,BLOCKED,1,12.2,Structural wear or adverse weather (bridge_damage),26.2565,91.6862,BRO_BORDER_ROADS
D000669,NH-127B,2025-07-21 04:12:00,Meghalaya,West Khasi Hills,HEAVY_RAIN,MEDIUM,PARTIAL,0,5.1,Structural wear or adverse weather (heavy_rain),25.5542,91.2086,HIGHWAY_PATROL
D000670,NH-54,2025-07-21 06:00:00,Mizoram,Aizawl,BRIDGE_DAMAGE,HIGH,BLOCKED,1,26.6,Structural wear or adverse weather (bridge_damage),23.8572,92.8242,HIGHWAY_PATROL
D000671,NH-02,2025-07-21 07:48:00,Manipur,Imphal West,BRIDGE_DAMAGE,CRITICAL,BLOCKED,1,23.7,Structural wear or adverse weather (bridge_damage),24.8373,93.8294,HIGHWAY_PATROL
D000672,NH-13,2025-07-21 09:36:00,Arunachal Pradesh,Tawang,ROAD_DAMAGE,MEDIUM,PARTIAL,0,1.9,Structural wear or adverse weather (road_damage),27.6586,91.9316,HIGHWAY_PATROL
D000673,NH-510,2025-07-21 11:24:00,Sikkim,South Sikkim,ROAD_DAMAGE,HIGH,BLOCKED,1,13.0,Structural wear or adverse weather (road_damage),27.3011,88.3089,HIGHWAY_PATROL
D000674,NH-54,2025-07-21 13:12:00,Mizoram,Kolasib,ROAD_DAMAGE,CRITICAL,BLOCKED,1,9.4,Structural wear or adverse weather (road_damage),24.1844,92.8265,HIGHWAY_PATROL
D000675,NH-15,2025-07-21 15:00:00,Assam,Darrang,HEAVY_RAIN,MEDIUM,PARTIAL,0,4.6,Structural wear or adverse weather (heavy_rain),26.5236,92.0146,BRO_BORDER_ROADS
D000676,NH-08,2025-07-21 16:48:00,Tripura,West Tripura,ACCIDENT,LOW,OPEN,0,5.0,Structural wear or adverse weather (accident),23.8906,91.1937,HIGHWAY_PATROL
D000677,NH-54,2025-07-21 18:36:00,Mizoram,Kolasib,ROAD_DAMAGE,HIGH,BLOCKED,1,27.8,Structural wear or adverse weather (road_damage),24.2493,92.7829,BRO_BORDER_ROADS
D000678,NH-08,2025-07-21 20:24:00,Tripura,West Tripura,BRIDGE_DAMAGE,MEDIUM,PARTIAL,0,7.0,Structural wear or adverse weather (bridge_damage),23.8187,91.1729,PWD_NER
D000679,NH-02,2025-07-21 22:12:00,Manipur,Bishnupur,HEAVY_RAIN,HIGH,PARTIAL,0,6.4,Structural wear or adverse weather (heavy_rain),24.5093,93.7536,BRO_BORDER_ROADS
D000680,NH-27,2025-07-22 00:00:00,Assam,Nagaon,ROAD_DAMAGE,MEDIUM,PARTIAL,0,5.7,Structural wear or adverse weather (road_damage),26.2541,92.7164,HIGHWAY_PATROL
D000681,NH-127B,2025-07-22 01:48:00,Meghalaya,West Khasi Hills,HEAVY_RAIN,CRITICAL,BLOCKED,1,21.2,Structural wear or adverse weather (heavy_rain),25.5618,91.2339,HIGHWAY_PATROL
D000682,NH-29,2025-07-22 03:36:00,Nagaland,Kohima,BRIDGE_DAMAGE,CRITICAL,BLOCKED,1,14.1,Structural wear or adverse weather (bridge_damage),25.7722,94.1101,BRO_BORDER_ROADS
D000683,NH-02,2025-07-22 05:24:00,Manipur,Bishnupur,BRIDGE_DAMAGE,MEDIUM,PARTIAL,0,1.9,Structural wear or adverse weather (bridge_damage),24.514,93.7459,HIGHWAY_PATROL
D000684,NH-02,2025-07-22 07:12:00,Manipur,Senapati,ACCIDENT,HIGH,PARTIAL,0,3.4,Structural wear or adverse weather (accident),25.1149,94.026,BRO_BORDER_ROADS
D000685,NH-02,2025-07-22 09:00:00,Manipur,Bishnupur,ACCIDENT,MEDIUM,PARTIAL,0,5.1,Structural wear or adverse weather (accident),24.5253,93.7125,PWD_NER
D000686,NH-13,2025-07-22 10:48:00,Arunachal Pradesh,Tawang,ACCIDENT,LOW,OPEN,0,3.7,Structural wear or adverse weather (accident),27.6817,91.9049,HIGHWAY_PATROL
D000687,NH-510,2025-07-22 12:36:00,Sikkim,South Sikkim,HEAVY_RAIN,MEDIUM,PARTIAL,0,7.3,Structural wear or adverse weather (heavy_rain),27.1152,88.366,HIGHWAY_PATROL
D000688,NH-02,2025-07-22 14:24:00,Manipur,Senapati,BRIDGE_DAMAGE,MEDIUM,PARTIAL,0,5.8,Structural wear or adverse weather (bridge_damage),25.3585,94.0884,BRO_BORDER_ROADS
D000689,NH-15,2025-07-22 16:12:00,Assam,Sonitpur,ACCIDENT,HIGH,PARTIAL,0,5.2,Structural wear or adverse weather (accident),26.5362,92.7527,PWD_NER
D000690,NH-06,2025-07-22 18:00:00,Meghalaya,West Jaintia Hills,ACCIDENT,HIGH,PARTIAL,0,6.9,Structural wear or adverse weather (accident),25.3433,92.1025,HIGHWAY_PATROL
D000691,NH-08,2025-07-22 19:48:00,Tripura,Dhalai,BRIDGE_DAMAGE,CRITICAL,BLOCKED,1,6.1,Structural wear or adverse weather (bridge_damage),23.7065,91.7425,PWD_NER
D000692,NH-15,2025-07-22 21:36:00,Assam,Darrang,ROAD_DAMAGE,CRITICAL,BLOCKED,1,11.7,Structural wear or adverse weather (road_damage),26.5036,92.0332,HIGHWAY_PATROL
D000693,NH-54,2025-07-22 23:24:00,Mizoram,Lunglei,BRIDGE_DAMAGE,CRITICAL,BLOCKED,1,17.6,Structural wear or adverse weather (bridge_damage),22.8001,92.5975,HIGHWAY_PATROL
D000694,NH-08,2025-07-23 01:12:00,Tripura,West Tripura,ROAD_DAMAGE,MEDIUM,PARTIAL,0,7.0,Structural wear or adverse weather (road_damage),23.7968,91.3109,HIGHWAY_PATROL
D000695,NH-08,2025-07-23 03:00:00,Tripura,Dhalai,BRIDGE_DAMAGE,CRITICAL,BLOCKED,1,13.6,Structural wear or adverse weather (bridge_damage),23.822,91.7938,BRO_BORDER_ROADS
D000696,NH-27,2025-07-23 04:48:00,Assam,Kamrup Metropolitan,ACCIDENT,LOW,OPEN,0,2.4,Structural wear or adverse weather (accident),26.0181,91.7934,PWD_NER
D000697,NH-27,2025-07-23 06:36:00,Assam,Kamrup Rural,ROAD_DAMAGE,CRITICAL,BLOCKED,1,5.6,Structural wear or adverse weather (road_damage),26.1263,91.4928,HIGHWAY_PATROL
D000698,NH-37,2025-07-23 08:24:00,Assam,Cachar,BRIDGE_DAMAGE,MEDIUM,PARTIAL,0,5.7,Structural wear or adverse weather (bridge_damage),24.7402,92.6328,PWD_NER
D000699,NH-08,2025-07-23 10:12:00,Tripura,West Tripura,ACCIDENT,LOW,OPEN,0,4.3,Structural wear or adverse weather (accident),23.7936,91.4194,BRO_BORDER_ROADS
D000700,NH-02,2025-07-23 12:00:00,Manipur,Imphal West,BRIDGE_DAMAGE,MEDIUM,PARTIAL,0,6.9,Structural wear or adverse weather (bridge_damage),24.8969,93.8529,BRO_BORDER_ROADS
D000701,NH-02,2025-07-23 13:48:00,Manipur,Bishnupur,HEAVY_RAIN,MEDIUM,PARTIAL,0,2.1,Structural wear or adverse weather (heavy_rain),24.5925,93.908,PWD_NER
D000702,NH-15,2025-07-23 15:36:00,Assam,Sonitpur,ACCIDENT,MEDIUM,PARTIAL,0,5.0,Structural wear or adverse weather (accident),26.5488,92.8246,HIGHWAY_PATROL
D000703,NH-08,2025-07-23 17:24:00,Tripura,West Tripura,BRIDGE_DAMAGE,CRITICAL,BLOCKED,1,21.4,Structural wear or adverse weather (bridge_damage),23.9276,91.3841,BRO_BORDER_ROADS
D000704,NH-310,2025-07-23 19:12:00,Sikkim,North Sikkim,ACCIDENT,MEDIUM,PARTIAL,0,2.5,Structural wear or adverse weather (accident),27.4229,88.6391,HIGHWAY_PATROL
D000705,NH-510,2025-07-23 21:00:00,Sikkim,South Sikkim,ACCIDENT,HIGH,PARTIAL,0,1.7,Structural wear or adverse weather (accident),27.0299,88.2152,HIGHWAY_PATROL
D000706,NH-54,2025-07-23 22:48:00,Mizoram,Lunglei,ACCIDENT,MEDIUM,PARTIAL,0,2.0,Structural wear or adverse weather (accident),22.9414,92.8637,BRO_BORDER_ROADS
D000707,NH-54,2025-07-24 00:36:00,Mizoram,Kolasib,ACCIDENT,LOW,OPEN,0,6.1,Structural wear or adverse weather (accident),24.0779,92.7672,BRO_BORDER_ROADS
D000708,NH-54,2025-07-24 02:24:00,Mizoram,Lunglei,HEAVY_RAIN,CRITICAL,BLOCKED,1,29.4,Structural wear or adverse weather (heavy_rain),22.7397,92.8342,PWD_NER
D000709,NH-415,2025-07-24 04:12:00,Arunachal Pradesh,Papum Pare,HEAVY_RAIN,HIGH,PARTIAL,0,6.1,Structural wear or adverse weather (heavy_rain),27.1452,93.5056,BRO_BORDER_ROADS
D000710,NH-02,2025-07-24 06:00:00,Manipur,Senapati,HEAVY_RAIN,HIGH,PARTIAL,0,7.5,Structural wear or adverse weather (heavy_rain),25.3801,94.0717,BRO_BORDER_ROADS
D000711,NH-27,2025-07-24 07:48:00,Assam,Kamrup Metropolitan,ACCIDENT,HIGH,PARTIAL,0,3.4,Structural wear or adverse weather (accident),26.1925,91.617,BRO_BORDER_ROADS
D000712,NH-15,2025-07-24 09:36:00,Assam,Darrang,ROAD_DAMAGE,HIGH,BLOCKED,1,7.3,Structural wear or adverse weather (road_damage),26.4101,92.1378,BRO_BORDER_ROADS
D000713,NH-15,2025-07-24 11:24:00,Assam,Sonitpur,ROAD_DAMAGE,HIGH,BLOCKED,1,17.0,Structural wear or adverse weather (road_damage),26.6594,92.703,HIGHWAY_PATROL
D000714,NH-02,2025-07-24 13:12:00,Manipur,Senapati,HEAVY_RAIN,HIGH,PARTIAL,0,6.7,Structural wear or adverse weather (heavy_rain),25.1272,94.0317,PWD_NER
D000715,NH-13,2025-07-24 15:00:00,Arunachal Pradesh,Lower Subansiri,ACCIDENT,HIGH,PARTIAL,0,5.3,Structural wear or adverse weather (accident),27.5513,93.7619,BRO_BORDER_ROADS
D000716,NH-13,2025-07-24 16:48:00,Arunachal Pradesh,Lower Subansiri,ACCIDENT,MEDIUM,PARTIAL,0,4.5,Structural wear or adverse weather (accident),27.4906,93.9423,PWD_NER
D000717,NH-13,2025-07-24 18:36:00,Arunachal Pradesh,Tawang,BRIDGE_DAMAGE,HIGH,BLOCKED,1,11.3,Structural wear or adverse weather (bridge_damage),27.5988,91.9477,HIGHWAY_PATROL
D000718,NH-13,2025-07-24 20:24:00,Arunachal Pradesh,Tawang,ACCIDENT,LOW,OPEN,0,6.6,Structural wear or adverse weather (accident),27.6491,91.7473,HIGHWAY_PATROL
D000719,NH-27,2025-07-24 22:12:00,Assam,Kamrup Rural,ACCIDENT,HIGH,PARTIAL,0,3.9,Structural wear or adverse weather (accident),26.2048,91.6498,PWD_NER
D000720,NH-06,2025-07-25 00:00:00,Meghalaya,West Jaintia Hills,BRIDGE_DAMAGE,CRITICAL,BLOCKED,1,23.7,Structural wear or adverse weather (bridge_damage),25.3093,92.2996,PWD_NER
D000721,NH-29,2025-07-25 01:48:00,Nagaland,Dimapur,ACCIDENT,LOW,OPEN,0,5.8,Structural wear or adverse weather (accident),25.8451,93.8011,PWD_NER
D000722,NH-27,2025-07-25 03:36:00,Assam,Kamrup Metropolitan,BRIDGE_DAMAGE,HIGH,BLOCKED,1,13.2,Structural wear or adverse weather (bridge_damage),26.1925,91.617,HIGHWAY_PATROL
D000723,NH-06,2025-07-25 05:24:00,Meghalaya,West Jaintia Hills,ROAD_DAMAGE,CRITICAL,BLOCKED,1,21.2,Structural wear or adverse weather (road_damage),25.4961,92.2322,PWD_NER
D000724,NH-27,2025-07-25 07:12:00,Assam,Kamrup Rural,BRIDGE_DAMAGE,MEDIUM,PARTIAL,0,2.6,Structural wear or adverse weather (bridge_damage),26.1678,91.4228,PWD_NER
D000725,NH-13,2025-07-25 09:00:00,Arunachal Pradesh,Lower Subansiri,ROAD_DAMAGE,MEDIUM,PARTIAL,0,5.0,Structural wear or adverse weather (road_damage),27.4223,93.727,HIGHWAY_PATROL
D000726,NH-27,2025-07-25 10:48:00,Assam,Kamrup Rural,ACCIDENT,HIGH,PARTIAL,0,6.4,Structural wear or adverse weather (accident),26.1003,91.4537,PWD_NER
D000727,NH-415,2025-07-25 12:36:00,Arunachal Pradesh,Papum Pare,HEAVY_RAIN,MEDIUM,PARTIAL,0,3.4,Structural wear or adverse weather (heavy_rain),27.1594,93.573,HIGHWAY_PATROL
D000728,NH-29,2025-07-25 14:24:00,Nagaland,Dimapur,ACCIDENT,HIGH,PARTIAL,0,4.3,Structural wear or adverse weather (accident),25.9288,93.7405,HIGHWAY_PATROL
D000729,NH-15,2025-07-25 16:12:00,Assam,Sonitpur,ROAD_DAMAGE,HIGH,BLOCKED,1,22.8,Structural wear or adverse weather (road_damage),26.5383,92.6981,PWD_NER
D000730,NH-08,2025-07-25 18:00:00,Tripura,West Tripura,ACCIDENT,MEDIUM,PARTIAL,0,3.7,Structural wear or adverse weather (accident),23.6925,91.3584,HIGHWAY_PATROL
D000731,NH-13,2025-07-25 19:48:00,Arunachal Pradesh,West Kameng,BRIDGE_DAMAGE,CRITICAL,BLOCKED,1,31.6,Structural wear or adverse weather (bridge_damage),27.2263,92.3099,BRO_BORDER_ROADS
D000732,NH-10,2025-07-25 21:36:00,Sikkim,East Sikkim,BRIDGE_DAMAGE,HIGH,BLOCKED,1,18.0,Structural wear or adverse weather (bridge_damage),27.2579,88.5512,HIGHWAY_PATROL
D000733,NH-02,2025-07-25 23:24:00,Manipur,Bishnupur,ROAD_DAMAGE,HIGH,BLOCKED,1,20.5,Structural wear or adverse weather (road_damage),24.6638,93.7273,PWD_NER
D000734,NH-13,2025-07-26 01:12:00,Arunachal Pradesh,Tawang,ACCIDENT,LOW,OPEN,0,2.3,Structural wear or adverse weather (accident),27.6284,91.7103,HIGHWAY_PATROL
D000735,NH-310,2025-07-26 03:00:00,Sikkim,North Sikkim,ACCIDENT,LOW,OPEN,0,2.3,Structural wear or adverse weather (accident),27.5779,88.6677,PWD_NER
D000736,NH-06,2025-07-26 04:48:00,Meghalaya,West Jaintia Hills,ROAD_DAMAGE,MEDIUM,PARTIAL,0,4.8,Structural wear or adverse weather (road_damage),25.478,92.0752,BRO_BORDER_ROADS
D000737,NH-54,2025-07-26 06:36:00,Mizoram,Lunglei,HEAVY_RAIN,MEDIUM,PARTIAL,0,6.1,Structural wear or adverse weather (heavy_rain),22.9633,92.5947,PWD_NER
D000738,NH-06,2025-07-26 08:24:00,Meghalaya,West Jaintia Hills,ACCIDENT,HIGH,PARTIAL,0,4.0,Structural wear or adverse weather (accident),25.5773,92.2058,PWD_NER
D000739,NH-08,2025-07-26 10:12:00,Tripura,Dhalai,ROAD_DAMAGE,CRITICAL,BLOCKED,1,19.2,Structural wear or adverse weather (road_damage),23.8475,91.9861,HIGHWAY_PATROL
D000740,NH-02,2025-07-26 12:00:00,Manipur,Imphal West,ROAD_DAMAGE,HIGH,BLOCKED,1,22.7,Structural wear or adverse weather (road_damage),24.6907,94.064,BRO_BORDER_ROADS
D000741,NH-310,2025-07-26 13:48:00,Sikkim,North Sikkim,HEAVY_RAIN,CRITICAL,BLOCKED,1,27.8,Structural wear or adverse weather (heavy_rain),27.4363,88.4538,HIGHWAY_PATROL
D000742,NH-02,2025-07-26 15:36:00,Manipur,Bishnupur,ACCIDENT,LOW,OPEN,0,1.7,Structural wear or adverse weather (accident),24.586,93.8369,HIGHWAY_PATROL
D000743,NH-54,2025-07-26 17:24:00,Mizoram,Kolasib,HEAVY_RAIN,HIGH,PARTIAL,0,6.2,Structural wear or adverse weather (heavy_rain),24.1239,92.5847,PWD_NER
D000744,NH-510,2025-07-26 19:12:00,Sikkim,South Sikkim,ACCIDENT,MEDIUM,PARTIAL,0,5.1,Structural wear or adverse weather (accident),27.1981,88.3576,BRO_BORDER_ROADS
D000745,NH-27,2025-07-26 21:00:00,Assam,Kamrup Rural,ROAD_DAMAGE,MEDIUM,PARTIAL,0,5.8,Structural wear or adverse weather (road_damage),26.2689,91.6477,PWD_NER
D000746,NH-27,2025-07-26 22:48:00,Assam,Kamrup Rural,ACCIDENT,LOW,OPEN,0,6.8,Structural wear or adverse weather (accident),26.3149,91.7037,PWD_NER
D000747,NH-13,2025-07-27 00:36:00,Arunachal Pradesh,West Kameng,HEAVY_RAIN,HIGH,PARTIAL,0,3.1,Structural wear or adverse weather (heavy_rain),27.2188,92.2737,PWD_NER
D000748,NH-06,2025-07-27 02:24:00,Meghalaya,Ri-Bhoi,HEAVY_RAIN,MEDIUM,PARTIAL,0,3.4,Structural wear or adverse weather (heavy_rain),26.0237,91.9263,PWD_NER
D000749,NH-37,2025-07-27 04:12:00,Assam,Dibrugarh,ACCIDENT,LOW,OPEN,0,3.5,Structural wear or adverse weather (accident),27.5545,94.8922,PWD_NER
D000750,NH-515,2025-07-27 06:00:00,Arunachal Pradesh,East Siang,ROAD_DAMAGE,CRITICAL,BLOCKED,1,9.7,Structural wear or adverse weather (road_damage),28.0816,95.435,BRO_BORDER_ROADS
D000751,NH-13,2025-07-27 07:48:00,Arunachal Pradesh,Lower Subansiri,HEAVY_RAIN,MEDIUM,PARTIAL,0,7.4,Structural wear or adverse weather (heavy_rain),27.4374,93.7696,BRO_BORDER_ROADS
D000752,NH-10,2025-07-27 09:36:00,Sikkim,East Sikkim,HEAVY_RAIN,CRITICAL,BLOCKED,1,29.3,Structural wear or adverse weather (heavy_rain),27.3201,88.589,HIGHWAY_PATROL
D000753,NH-515,2025-07-27 11:24:00,Arunachal Pradesh,East Siang,ROAD_DAMAGE,CRITICAL,BLOCKED,1,15.9,Structural wear or adverse weather (road_damage),28.1968,95.2675,BRO_BORDER_ROADS
D000754,NH-54,2025-07-27 13:12:00,Mizoram,Lunglei,BRIDGE_DAMAGE,HIGH,BLOCKED,1,26.9,Structural wear or adverse weather (bridge_damage),23.02,92.7825,PWD_NER
D000755,NH-510,2025-07-27 15:00:00,Sikkim,South Sikkim,ACCIDENT,HIGH,PARTIAL,0,2.7,Structural wear or adverse weather (accident),27.0742,88.2131,HIGHWAY_PATROL
D000756,NH-27,2025-07-27 16:48:00,Assam,Nagaon,ACCIDENT,HIGH,PARTIAL,0,6.5,Structural wear or adverse weather (accident),26.2214,92.6512,HIGHWAY_PATROL
D000757,NH-13,2025-07-27 18:36:00,Arunachal Pradesh,Lower Subansiri,HEAVY_RAIN,HIGH,PARTIAL,0,5.9,Structural wear or adverse weather (heavy_rain),27.5834,93.8719,HIGHWAY_PATROL
D000758,NH-415,2025-07-27 20:24:00,Arunachal Pradesh,Papum Pare,BRIDGE_DAMAGE,MEDIUM,PARTIAL,0,4.0,Structural wear or adverse weather (bridge_damage),27.1003,93.6643,HIGHWAY_PATROL
D000759,NH-510,2025-07-27 22:12:00,Sikkim,South Sikkim,ACCIDENT,MEDIUM,PARTIAL,0,4.9,Structural wear or adverse weather (accident),27.0246,88.4811,HIGHWAY_PATROL
D000760,NH-15,2025-07-28 00:00:00,Assam,Sonitpur,ROAD_DAMAGE,HIGH,BLOCKED,1,28.8,Structural wear or adverse weather (road_damage),26.6552,92.811,HIGHWAY_PATROL
D000761,NH-10,2025-07-28 01:48:00,Sikkim,East Sikkim,HEAVY_RAIN,HIGH,PARTIAL,0,2.2,Structural wear or adverse weather (heavy_rain),27.2319,88.7152,PWD_NER
D000762,NH-127B,2025-07-28 03:36:00,Meghalaya,West Khasi Hills,BRIDGE_DAMAGE,HIGH,BLOCKED,1,26.8,Structural wear or adverse weather (bridge_damage),25.6077,91.1908,HIGHWAY_PATROL
D000763,NH-27,2025-07-28 05:24:00,Assam,Kamrup Metropolitan,ROAD_DAMAGE,CRITICAL,BLOCKED,1,25.4,Structural wear or adverse weather (road_damage),26.0696,91.6978,BRO_BORDER_ROADS
D000764,NH-15,2025-07-28 07:12:00,Assam,Sonitpur,HEAVY_RAIN,CRITICAL,BLOCKED,1,7.1,Structural wear or adverse weather (heavy_rain),26.6594,92.703,BRO_BORDER_ROADS
D000765,NH-13,2025-07-28 09:00:00,Arunachal Pradesh,Lower Subansiri,ACCIDENT,HIGH,PARTIAL,0,3.1,Structural wear or adverse weather (accident),27.4483,93.7462,PWD_NER
D000766,NH-37,2025-07-28 10:48:00,Assam,Dibrugarh,ACCIDENT,HIGH,PARTIAL,0,5.5,Structural wear or adverse weather (accident),27.5248,94.8416,PWD_NER
D000767,NH-13,2025-07-28 12:36:00,Arunachal Pradesh,Tawang,HEAVY_RAIN,HIGH,PARTIAL,0,4.9,Structural wear or adverse weather (heavy_rain),27.6746,91.9282,HIGHWAY_PATROL
D000768,NH-06,2025-07-28 14:24:00,Meghalaya,West Jaintia Hills,ROAD_DAMAGE,MEDIUM,PARTIAL,0,5.9,Structural wear or adverse weather (road_damage),25.4836,92.0828,HIGHWAY_PATROL
D000769,NH-310,2025-07-28 16:12:00,Sikkim,North Sikkim,HEAVY_RAIN,MEDIUM,PARTIAL,0,2.2,Structural wear or adverse weather (heavy_rain),27.5779,88.6677,HIGHWAY_PATROL
D000770,NH-02,2025-07-28 18:00:00,Nagaland,Mokokchung,ROAD_DAMAGE,MEDIUM,PARTIAL,0,5.8,Structural wear or adverse weather (road_damage),26.2173,94.3852,PWD_NER
D000771,NH-10,2025-07-28 19:48:00,Sikkim,East Sikkim,ACCIDENT,HIGH,PARTIAL,0,7.1,Structural wear or adverse weather (accident),27.4097,88.558,PWD_NER
D000772,NH-02,2025-07-28 21:36:00,Nagaland,Mokokchung,ROAD_DAMAGE,HIGH,BLOCKED,1,10.6,Structural wear or adverse weather (road_damage),26.4076,94.564,BRO_BORDER_ROADS
D000773,NH-02,2025-07-28 23:24:00,Manipur,Bishnupur,HEAVY_RAIN,MEDIUM,PARTIAL,0,5.5,Structural wear or adverse weather (heavy_rain),24.5973,93.7847,PWD_NER
D000774,NH-515,2025-07-29 01:12:00,Arunachal Pradesh,East Siang,HEAVY_RAIN,CRITICAL,BLOCKED,1,17.6,Structural wear or adverse weather (heavy_rain),28.1359,95.2114,HIGHWAY_PATROL
D000775,NH-08,2025-07-29 03:00:00,Tripura,Dhalai,BRIDGE_DAMAGE,MEDIUM,PARTIAL,0,6.0,Structural wear or adverse weather (bridge_damage),23.8384,91.7248,BRO_BORDER_ROADS
D000776,NH-206,2025-07-29 04:48:00,Meghalaya,East Khasi Hills,ROAD_DAMAGE,MEDIUM,PARTIAL,0,5.6,Structural wear or adverse weather (road_damage),25.5528,91.7996,PWD_NER
D000777,NH-54,2025-07-29 06:36:00,Mizoram,Aizawl,ROAD_DAMAGE,CRITICAL,BLOCKED,1,30.3,Structural wear or adverse weather (road_damage),23.8074,92.5703,PWD_NER
D000778,NH-13,2025-07-29 08:24:00,Arunachal Pradesh,Lower Subansiri,ACCIDENT,MEDIUM,PARTIAL,0,4.6,Structural wear or adverse weather (accident),27.5102,93.9505,HIGHWAY_PATROL
D000779,NH-510,2025-07-29 10:12:00,Sikkim,South Sikkim,ACCIDENT,LOW,OPEN,0,5.1,Structural wear or adverse weather (accident),27.096,88.3916,HIGHWAY_PATROL
D000780,NH-15,2025-07-29 12:00:00,Assam,Darrang,ROAD_DAMAGE,HIGH,BLOCKED,1,28.7,Structural wear or adverse weather (road_damage),26.5544,92.0793,HIGHWAY_PATROL
D000781,NH-29,2025-07-29 13:48:00,Nagaland,Dimapur,HEAVY_RAIN,MEDIUM,PARTIAL,0,6.3,Structural wear or adverse weather (heavy_rain),25.7705,93.6536,PWD_NER
D000782,NH-127B,2025-07-29 15:36:00,Meghalaya,West Khasi Hills,BRIDGE_DAMAGE,CRITICAL,BLOCKED,1,28.4,Structural wear or adverse weather (bridge_damage),25.4466,91.3492,HIGHWAY_PATROL
D000783,NH-515,2025-07-29 17:24:00,Arunachal Pradesh,East Siang,ROAD_DAMAGE,MEDIUM,PARTIAL,0,5.7,Structural wear or adverse weather (road_damage),27.9431,95.2494,HIGHWAY_PATROL
D000784,NH-29,2025-07-29 19:12:00,Nagaland,Kohima,ACCIDENT,LOW,OPEN,0,2.3,Structural wear or adverse weather (accident),25.7588,94.142,PWD_NER
D000785,NH-54,2025-07-29 21:00:00,Mizoram,Lunglei,ROAD_DAMAGE,CRITICAL,BLOCKED,1,7.5,Structural wear or adverse weather (road_damage),22.91,92.6905,HIGHWAY_PATROL
D000786,NH-06,2025-07-29 22:48:00,Meghalaya,West Jaintia Hills,ROAD_DAMAGE,MEDIUM,PARTIAL,0,4.5,Structural wear or adverse weather (road_damage),25.3773,92.1648,HIGHWAY_PATROL
D000787,NH-127B,2025-07-30 00:36:00,Meghalaya,West Khasi Hills,BRIDGE_DAMAGE,HIGH,BLOCKED,1,5.0,Structural wear or adverse weather (bridge_damage),25.4202,91.196,PWD_NER
D000788,NH-515,2025-07-30 02:24:00,Arunachal Pradesh,East Siang,HEAVY_RAIN,CRITICAL,BLOCKED,1,8.8,Structural wear or adverse weather (heavy_rain),27.9961,95.2621,HIGHWAY_PATROL
D000789,NH-13,2025-07-30 04:12:00,Arunachal Pradesh,Tawang,HEAVY_RAIN,MEDIUM,PARTIAL,0,2.8,Structural wear or adverse weather (heavy_rain),27.5543,91.9479,BRO_BORDER_ROADS
D000790,NH-02,2025-07-30 06:00:00,Manipur,Senapati,ROAD_DAMAGE,MEDIUM,PARTIAL,0,4.0,Structural wear or adverse weather (road_damage),25.3323,94.152,PWD_NER
D000791,NH-127B,2025-07-30 07:48:00,Meghalaya,West Khasi Hills,ROAD_DAMAGE,MEDIUM,PARTIAL,0,5.3,Structural wear or adverse weather (road_damage),25.4083,91.1325,BRO_BORDER_ROADS
D000792,NH-510,2025-07-30 09:36:00,Sikkim,South Sikkim,HEAVY_RAIN,CRITICAL,BLOCKED,1,15.7,Structural wear or adverse weather (heavy_rain),27.1801,88.4374,BRO_BORDER_ROADS
D000793,NH-13,2025-07-30 11:24:00,Arunachal Pradesh,Tawang,HEAVY_RAIN,MEDIUM,PARTIAL,0,2.0,Structural wear or adverse weather (heavy_rain),27.6609,91.9275,BRO_BORDER_ROADS
D000794,NH-02,2025-07-30 13:12:00,Nagaland,Mokokchung,ROAD_DAMAGE,CRITICAL,BLOCKED,1,5.5,Structural wear or adverse weather (road_damage),26.3337,94.5801,PWD_NER
D000795,NH-02,2025-07-30 15:00:00,Manipur,Bishnupur,BRIDGE_DAMAGE,MEDIUM,PARTIAL,0,6.4,Structural wear or adverse weather (bridge_damage),24.5859,93.7801,BRO_BORDER_ROADS
D000796,NH-37,2025-07-30 16:48:00,Assam,Dibrugarh,HEAVY_RAIN,CRITICAL,BLOCKED,1,14.6,Structural wear or adverse weather (heavy_rain),27.5415,94.964,BRO_BORDER_ROADS
D000797,NH-29,2025-07-30 18:36:00,Nagaland,Kohima,BRIDGE_DAMAGE,HIGH,BLOCKED,1,8.3,Structural wear or adverse weather (bridge_damage),25.7676,93.9886,HIGHWAY_PATROL
D000798,NH-54,2025-07-30 20:24:00,Mizoram,Lunglei,ROAD_DAMAGE,CRITICAL,BLOCKED,1,10.9,Structural wear or adverse weather (road_damage),22.7853,92.7821,HIGHWAY_PATROL
D000799,NH-08,2025-07-30 22:12:00,Tripura,Sipahijala,ROAD_DAMAGE,CRITICAL,BLOCKED,1,27.9,Structural wear or adverse weather (road_damage),23.7813,91.3154,PWD_NER
D000800,NH-02,2025-07-31 00:00:00,Nagaland,Mokokchung,ACCIDENT,MEDIUM,PARTIAL,0,7.0,Structural wear or adverse weather (accident),26.4657,94.5443,BRO_BORDER_ROADS
D000801,NH-510,2025-07-31 01:48:00,Sikkim,South Sikkim,ACCIDENT,LOW,OPEN,0,5.0,Structural wear or adverse weather (accident),27.0742,88.2131,HIGHWAY_PATROL
D000802,NH-08,2025-07-31 03:36:00,Tripura,West Tripura,ACCIDENT,HIGH,PARTIAL,0,7.1,Structural wear or adverse weather (accident),23.8289,91.1736,HIGHWAY_PATROL
D000803,NH-54,2025-07-31 05:24:00,Mizoram,Lunglei,ACCIDENT,MEDIUM,PARTIAL,0,5.5,Structural wear or adverse weather (accident),23.0288,92.8836,HIGHWAY_PATROL
D000804,NH-13,2025-07-31 07:12:00,Arunachal Pradesh,Lower Subansiri,ACCIDENT,HIGH,PARTIAL,0,5.1,Structural wear or adverse weather (accident),27.5516,93.7319,PWD_NER
D000805,NH-06,2025-07-31 09:00:00,Meghalaya,Ri-Bhoi,ACCIDENT,MEDIUM,PARTIAL,0,6.6,Structural wear or adverse weather (accident),25.9877,91.7386,HIGHWAY_PATROL
D000806,NH-15,2025-07-31 10:48:00,Assam,Sonitpur,ACCIDENT,MEDIUM,PARTIAL,0,3.0,Structural wear or adverse weather (accident),26.5459,92.7074,BRO_BORDER_ROADS
D000807,NH-510,2025-07-31 12:36:00,Sikkim,South Sikkim,ROAD_DAMAGE,HIGH,BLOCKED,1,27.4,Structural wear or adverse weather (road_damage),27.0866,88.4241,BRO_BORDER_ROADS
D000808,NH-06,2025-07-31 14:24:00,Meghalaya,West Jaintia Hills,ACCIDENT,HIGH,PARTIAL,0,1.5,Structural wear or adverse weather (accident),25.3237,92.1531,BRO_BORDER_ROADS
D000809,NH-02,2025-07-31 16:12:00,Manipur,Bishnupur,ACCIDENT,LOW,OPEN,0,6.7,Structural wear or adverse weather (accident),24.6449,93.7001,BRO_BORDER_ROADS
D000810,NH-27,2025-07-31 18:00:00,Assam,Kamrup Metropolitan,ACCIDENT,MEDIUM,PARTIAL,0,5.7,Structural wear or adverse weather (accident),26.1544,91.802,BRO_BORDER_ROADS
D000811,NH-415,2025-07-31 19:48:00,Arunachal Pradesh,Papum Pare,ACCIDENT,HIGH,PARTIAL,0,1.9,Structural wear or adverse weather (accident),27.1892,93.6097,BRO_BORDER_ROADS
D000812,NH-13,2025-07-31 21:36:00,Arunachal Pradesh,West Kameng,BRIDGE_DAMAGE,HIGH,BLOCKED,1,7.8,Structural wear or adverse weather (bridge_damage),27.2483,92.2936,HIGHWAY_PATROL
D000813,NH-06,2025-07-31 23:24:00,Meghalaya,West Jaintia Hills,HEAVY_RAIN,HIGH,PARTIAL,0,3.8,Structural wear or adverse weather (heavy_rain),25.5707,92.1607,PWD_NER
D000814,NH-13,2025-08-01 01:12:00,Arunachal Pradesh,Tawang,BRIDGE_DAMAGE,MEDIUM,PARTIAL,0,3.0,Structural wear or adverse weather (bridge_damage),27.5641,91.8428,PWD_NER
D000815,NH-54,2025-08-01 03:00:00,Mizoram,Kolasib,ACCIDENT,LOW,OPEN,0,2.0,Structural wear or adverse weather (accident),24.1151,92.7302,HIGHWAY_PATROL
D000816,NH-08,2025-08-01 04:48:00,Tripura,Sipahijala,BRIDGE_DAMAGE,HIGH,BLOCKED,1,23.7,Structural wear or adverse weather (bridge_damage),23.7574,91.1888,HIGHWAY_PATROL
D000817,NH-08,2025-08-01 06:36:00,Tripura,Sipahijala,ACCIDENT,MEDIUM,PARTIAL,0,4.7,Structural wear or adverse weather (accident),23.7646,91.2907,HIGHWAY_PATROL
D000818,NH-27,2025-08-01 08:24:00,Assam,Nagaon,HEAVY_RAIN,HIGH,PARTIAL,0,4.4,Structural wear or adverse weather (heavy_rain),26.3312,92.7112,PWD_NER
D000819,NH-37,2025-08-01 10:12:00,Assam,Dibrugarh,ROAD_DAMAGE,HIGH,BLOCKED,1,11.0,Structural wear or adverse weather (road_damage),27.5798,94.9802,PWD_NER
D000820,NH-310,2025-08-01 12:00:00,Sikkim,North Sikkim,ACCIDENT,LOW,OPEN,0,2.5,Structural wear or adverse weather (accident),27.512,88.5982,BRO_BORDER_ROADS
D000821,NH-27,2025-08-01 13:48:00,Assam,Kamrup Rural,BRIDGE_DAMAGE,CRITICAL,BLOCKED,1,23.0,Structural wear or adverse weather (bridge_damage),26.064,91.6662,BRO_BORDER_ROADS
D000822,NH-08,2025-08-01 15:36:00,Tripura,Sipahijala,BRIDGE_DAMAGE,HIGH,BLOCKED,1,17.3,Structural wear or adverse weather (bridge_damage),23.7574,91.1888,PWD_NER
D000823,NH-37,2025-08-01 17:24:00,Assam,Cachar,HEAVY_RAIN,MEDIUM,PARTIAL,0,1.8,Structural wear or adverse weather (heavy_rain),24.9435,92.9178,BRO_BORDER_ROADS
D000824,NH-415,2025-08-01 19:12:00,Arunachal Pradesh,Papum Pare,HEAVY_RAIN,HIGH,PARTIAL,0,2.8,Structural wear or adverse weather (heavy_rain),27.2258,93.5828,BRO_BORDER_ROADS
D000825,NH-06,2025-08-01 21:00:00,Meghalaya,West Jaintia Hills,ROAD_DAMAGE,HIGH,BLOCKED,1,10.6,Structural wear or adverse weather (road_damage),25.5712,92.1359,PWD_NER
D000826,NH-02,2025-08-01 22:48:00,Manipur,Imphal West,HEAVY_RAIN,HIGH,PARTIAL,0,2.8,Structural wear or adverse weather (heavy_rain),24.691,93.7889,BRO_BORDER_ROADS
D000827,NH-13,2025-08-02 00:36:00,Arunachal Pradesh,West Kameng,ROAD_DAMAGE,MEDIUM,PARTIAL,0,4.7,Structural wear or adverse weather (road_damage),27.1671,92.3579,HIGHWAY_PATROL
D000828,NH-08,2025-08-02 02:24:00,Tripura,Dhalai,HEAVY_RAIN,HIGH,PARTIAL,0,3.6,Structural wear or adverse weather (heavy_rain),23.957,91.8341,HIGHWAY_PATROL
D000829,NH-02,2025-08-02 04:12:00,Nagaland,Mokokchung,HEAVY_RAIN,MEDIUM,PARTIAL,0,2.5,Structural wear or adverse weather (heavy_rain),26.2869,94.3742,PWD_NER
D000830,NH-02,2025-08-02 06:00:00,Nagaland,Mokokchung,ACCIDENT,MEDIUM,PARTIAL,0,6.8,Structural wear or adverse weather (accident),26.3822,94.6293,HIGHWAY_PATROL
D000831,NH-13,2025-08-02 07:48:00,Arunachal Pradesh,West Kameng,ACCIDENT,HIGH,PARTIAL,0,4.9,Structural wear or adverse weather (accident),27.1232,92.3479,HIGHWAY_PATROL
D000832,NH-127B,2025-08-02 09:36:00,Meghalaya,West Khasi Hills,ROAD_DAMAGE,CRITICAL,BLOCKED,1,7.4,Structural wear or adverse weather (road_damage),25.528,91.2232,PWD_NER
D000833,NH-06,2025-08-02 11:24:00,Meghalaya,West Jaintia Hills,ACCIDENT,LOW,OPEN,0,4.9,Structural wear or adverse weather (accident),25.3632,92.2593,BRO_BORDER_ROADS
D000834,NH-13,2025-08-02 13:12:00,Arunachal Pradesh,Tawang,BRIDGE_DAMAGE,HIGH,BLOCKED,1,7.8,Structural wear or adverse weather (bridge_damage),27.5641,91.8428,HIGHWAY_PATROL
D000835,NH-15,2025-08-02 15:00:00,Assam,Sonitpur,HEAVY_RAIN,HIGH,PARTIAL,0,2.6,Structural wear or adverse weather (heavy_rain),26.7326,92.8282,HIGHWAY_PATROL
D000836,NH-02,2025-08-02 16:48:00,Manipur,Imphal West,ACCIDENT,MEDIUM,PARTIAL,0,2.6,Structural wear or adverse weather (accident),24.7146,93.9294,BRO_BORDER_ROADS
D000837,NH-54,2025-08-02 18:36:00,Mizoram,Aizawl,BRIDGE_DAMAGE,HIGH,BLOCKED,1,19.8,Structural wear or adverse weather (bridge_damage),23.6371,92.7927,BRO_BORDER_ROADS
D000838,NH-13,2025-08-02 20:24:00,Arunachal Pradesh,West Kameng,HEAVY_RAIN,MEDIUM,PARTIAL,0,5.3,Structural wear or adverse weather (heavy_rain),27.3955,92.5545,BRO_BORDER_ROADS
D000839,NH-29,2025-08-02 22:12:00,Nagaland,Dimapur,BRIDGE_DAMAGE,MEDIUM,PARTIAL,0,3.2,Structural wear or adverse weather (bridge_damage),25.9928,93.8404,BRO_BORDER_ROADS
D000840,NH-54,2025-08-03 00:00:00,Mizoram,Lunglei,ROAD_DAMAGE,MEDIUM,PARTIAL,0,5.2,Structural wear or adverse weather (road_damage),22.7397,92.8342,PWD_NER
D000841,NH-02,2025-08-03 01:48:00,Manipur,Imphal West,BRIDGE_DAMAGE,MEDIUM,PARTIAL,0,3.8,Structural wear or adverse weather (bridge_damage),24.7664,93.7963,PWD_NER
D000842,NH-29,2025-08-03 03:36:00,Nagaland,Dimapur,ACCIDENT,HIGH,PARTIAL,0,2.9,Structural wear or adverse weather (accident),25.9359,93.628,HIGHWAY_PATROL
D000843,NH-13,2025-08-03 05:24:00,Arunachal Pradesh,Lower Subansiri,HEAVY_RAIN,MEDIUM,PARTIAL,0,3.3,Structural wear or adverse weather (heavy_rain),27.6196,93.8068,BRO_BORDER_ROADS
D000844,NH-127B,2025-08-03 07:12:00,Meghalaya,West Khasi Hills,BRIDGE_DAMAGE,CRITICAL,BLOCKED,1,24.6,Structural wear or adverse weather (bridge_damage),25.6026,91.1639,BRO_BORDER_ROADS
D000845,NH-02,2025-08-03 09:00:00,Nagaland,Mokokchung,BRIDGE_DAMAGE,MEDIUM,PARTIAL,0,7.0,Structural wear or adverse weather (bridge_damage),26.3222,94.4767,PWD_NER
D000846,NH-37,2025-08-03 10:48:00,Assam,Cachar,HEAVY_RAIN,CRITICAL,BLOCKED,1,26.7,Structural wear or adverse weather (heavy_rain),24.9379,92.85,HIGHWAY_PATROL
D000847,NH-13,2025-08-03 12:36:00,Arunachal Pradesh,West Kameng,ROAD_DAMAGE,MEDIUM,PARTIAL,0,2.4,Structural wear or adverse weather (road_damage),27.2278,92.3489,PWD_NER
D000848,NH-27,2025-08-03 14:24:00,Assam,Kamrup Metropolitan,BRIDGE_DAMAGE,HIGH,BLOCKED,1,25.4,Structural wear or adverse weather (bridge_damage),26.0005,91.809,BRO_BORDER_ROADS
D000849,NH-127B,2025-08-03 16:12:00,Meghalaya,West Khasi Hills,ACCIDENT,LOW,OPEN,0,7.5,Structural wear or adverse weather (accident),25.4466,91.3492,BRO_BORDER_ROADS
D000850,NH-02,2025-08-03 18:00:00,Manipur,Imphal West,ROAD_DAMAGE,HIGH,BLOCKED,1,8.0,Structural wear or adverse weather (road_damage),24.9249,93.882,HIGHWAY_PATROL
D000851,NH-54,2025-08-03 19:48:00,Mizoram,Aizawl,ROAD_DAMAGE,MEDIUM,PARTIAL,0,7.1,Structural wear or adverse weather (road_damage),23.6391,92.8399,HIGHWAY_PATROL
D000852,NH-15,2025-08-03 21:36:00,Assam,Darrang,HEAVY_RAIN,CRITICAL,BLOCKED,1,20.1,Structural wear or adverse weather (heavy_rain),26.3761,92.1495,PWD_NER
D000853,NH-37,2025-08-03 23:24:00,Assam,Dibrugarh,HEAVY_RAIN,HIGH,PARTIAL,0,6.6,Structural wear or adverse weather (heavy_rain),27.4671,94.862,PWD_NER
D000854,NH-415,2025-08-04 01:12:00,Arunachal Pradesh,Papum Pare,ROAD_DAMAGE,MEDIUM,PARTIAL,0,3.7,Structural wear or adverse weather (road_damage),27.2171,93.5388,BRO_BORDER_ROADS
D000855,NH-02,2025-08-04 03:00:00,Manipur,Bishnupur,BRIDGE_DAMAGE,HIGH,BLOCKED,1,16.3,Structural wear or adverse weather (bridge_damage),24.6916,93.7808,PWD_NER
D000856,NH-06,2025-08-04 04:48:00,Meghalaya,Ri-Bhoi,BRIDGE_DAMAGE,MEDIUM,PARTIAL,0,2.1,Structural wear or adverse weather (bridge_damage),25.7599,92.0086,PWD_NER
D000857,NH-54,2025-08-04 06:36:00,Mizoram,Kolasib,HEAVY_RAIN,HIGH,PARTIAL,0,2.1,Structural wear or adverse weather (heavy_rain),24.2214,92.62,PWD_NER
D000858,NH-310,2025-08-04 08:24:00,Sikkim,North Sikkim,BRIDGE_DAMAGE,HIGH,BLOCKED,1,28.1,Structural wear or adverse weather (bridge_damage),27.3615,88.579,HIGHWAY_PATROL
D000859,NH-415,2025-08-04 10:12:00,Arunachal Pradesh,Papum Pare,HEAVY_RAIN,HIGH,PARTIAL,0,2.9,Structural wear or adverse weather (heavy_rain),27.1452,93.5056,BRO_BORDER_ROADS
D000860,NH-15,2025-08-04 12:00:00,Assam,Sonitpur,ACCIDENT,MEDIUM,PARTIAL,0,7.3,Structural wear or adverse weather (accident),26.7747,92.6492,PWD_NER
D000861,NH-15,2025-08-04 13:48:00,Assam,Darrang,ACCIDENT,MEDIUM,PARTIAL,0,4.5,Structural wear or adverse weather (accident),26.4164,92.1047,BRO_BORDER_ROADS
D000862,NH-08,2025-08-04 15:36:00,Tripura,Dhalai,ROAD_DAMAGE,MEDIUM,PARTIAL,0,2.1,Structural wear or adverse weather (road_damage),23.9586,91.7561,HIGHWAY_PATROL
D000863,NH-15,2025-08-04 17:24:00,Assam,Sonitpur,BRIDGE_DAMAGE,MEDIUM,PARTIAL,0,3.9,Structural wear or adverse weather (bridge_damage),26.7175,92.782,BRO_BORDER_ROADS
D000864,NH-02,2025-08-04 19:12:00,Manipur,Imphal West,ACCIDENT,LOW,OPEN,0,2.1,Structural wear or adverse weather (accident),24.9558,94.0225,HIGHWAY_PATROL
D000865,NH-54,2025-08-04 21:00:00,Mizoram,Lunglei,ROAD_DAMAGE,CRITICAL,BLOCKED,1,28.4,Structural wear or adverse weather (road_damage),22.7825,92.8631,HIGHWAY_PATROL
D000866,NH-127B,2025-08-04 22:48:00,Meghalaya,West Khasi Hills,ROAD_DAMAGE,MEDIUM,PARTIAL,0,3.8,Structural wear or adverse weather (road_damage),25.6372,91.1224,PWD_NER
D000867,NH-27,2025-08-05 00:36:00,Assam,Kamrup Rural,ROAD_DAMAGE,HIGH,BLOCKED,1,5.0,Structural wear or adverse weather (road_damage),26.2836,91.5605,BRO_BORDER_ROADS
D000868,NH-08,2025-08-05 02:24:00,Tripura,Sipahijala,BRIDGE_DAMAGE,CRITICAL,BLOCKED,1,13.8,Structural wear or adverse weather (bridge_damage),23.7788,91.2222,PWD_NER
D000869,NH-415,2025-08-05 04:12:00,Arunachal Pradesh,Papum Pare,BRIDGE_DAMAGE,HIGH,BLOCKED,1,11.9,Structural wear or adverse weather (bridge_damage),26.9973,93.5717,BRO_BORDER_ROADS
D000870,NH-06,2025-08-05 06:00:00,Meghalaya,Ri-Bhoi,ACCIDENT,MEDIUM,PARTIAL,0,3.8,Structural wear or adverse weather (accident),25.8736,91.7469,PWD_NER
D000871,NH-13,2025-08-05 07:48:00,Arunachal Pradesh,Lower Subansiri,ROAD_DAMAGE,HIGH,BLOCKED,1,14.4,Structural wear or adverse weather (road_damage),27.4022,93.8609,HIGHWAY_PATROL
D000872,NH-415,2025-08-05 09:36:00,Arunachal Pradesh,Papum Pare,BRIDGE_DAMAGE,HIGH,BLOCKED,1,13.5,Structural wear or adverse weather (bridge_damage),27.0972,93.589,BRO_BORDER_ROADS
D000873,NH-15,2025-08-05 11:24:00,Assam,Sonitpur,BRIDGE_DAMAGE,MEDIUM,PARTIAL,0,4.1,Structural wear or adverse weather (bridge_damage),26.6685,92.7767,BRO_BORDER_ROADS
D000874,NH-02,2025-08-05 13:12:00,Manipur,Imphal West,HEAVY_RAIN,HIGH,PARTIAL,0,6.7,Structural wear or adverse weather (heavy_rain),24.8969,93.8529,HIGHWAY_PATROL
D000875,NH-510,2025-08-05 15:00:00,Sikkim,South Sikkim,BRIDGE_DAMAGE,HIGH,BLOCKED,1,29.5,Structural wear or adverse weather (bridge_damage),27.0866,88.4241,BRO_BORDER_ROADS
D000876,NH-06,2025-08-05 16:48:00,Meghalaya,West Jaintia Hills,ROAD_DAMAGE,HIGH,BLOCKED,1,12.5,Structural wear or adverse weather (road_damage),25.3093,92.2996,BRO_BORDER_ROADS
D000877,NH-02,2025-08-05 18:36:00,Nagaland,Mokokchung,ROAD_DAMAGE,HIGH,BLOCKED,1,26.5,Structural wear or adverse weather (road_damage),26.1852,94.5804,BRO_BORDER_ROADS
D000878,NH-08,2025-08-05 20:24:00,Tripura,Sipahijala,BRIDGE_DAMAGE,HIGH,BLOCKED,1,24.3,Structural wear or adverse weather (bridge_damage),23.64,91.3334,PWD_NER
D000879,NH-02,2025-08-05 22:12:00,Manipur,Imphal West,ACCIDENT,HIGH,PARTIAL,0,6.2,Structural wear or adverse weather (accident),24.841,93.9848,BRO_BORDER_ROADS
D000880,NH-06,2025-08-06 00:00:00,Meghalaya,Ri-Bhoi,ACCIDENT,MEDIUM,PARTIAL,0,5.1,Structural wear or adverse weather (accident),25.887,91.8407,HIGHWAY_PATROL
D000881,NH-08,2025-08-06 01:48:00,Tripura,Sipahijala,HEAVY_RAIN,HIGH,PARTIAL,0,2.9,Structural wear or adverse weather (heavy_rain),23.5757,91.2845,PWD_NER
D000882,NH-510,2025-08-06 03:36:00,Sikkim,South Sikkim,ROAD_DAMAGE,CRITICAL,BLOCKED,1,22.1,Structural wear or adverse weather (road_damage),27.1739,88.3955,BRO_BORDER_ROADS
D000883,NH-510,2025-08-06 05:24:00,Sikkim,South Sikkim,HEAVY_RAIN,MEDIUM,PARTIAL,0,1.9,Structural wear or adverse weather (heavy_rain),27.1339,88.4096,BRO_BORDER_ROADS
D000884,NH-13,2025-08-06 07:12:00,Arunachal Pradesh,Lower Subansiri,ROAD_DAMAGE,HIGH,BLOCKED,1,14.6,Structural wear or adverse weather (road_damage),27.5331,93.8882,BRO_BORDER_ROADS
D000885,NH-08,2025-08-06 09:00:00,Tripura,Dhalai,ACCIDENT,LOW,OPEN,0,7.1,Structural wear or adverse weather (accident),23.9544,91.8032,PWD_NER
D000886,NH-13,2025-08-06 10:48:00,Arunachal Pradesh,Tawang,ACCIDENT,LOW,OPEN,0,3.0,Structural wear or adverse weather (accident),27.6395,91.7445,PWD_NER
D000887,NH-54,2025-08-06 12:36:00,Mizoram,Lunglei,ROAD_DAMAGE,CRITICAL,BLOCKED,1,24.8,Structural wear or adverse weather (road_damage),22.9511,92.8679,PWD_NER
D000888,NH-06,2025-08-06 14:24:00,Meghalaya,Ri-Bhoi,ROAD_DAMAGE,CRITICAL,BLOCKED,1,18.7,Structural wear or adverse weather (road_damage),26.0237,91.9263,HIGHWAY_PATROL
D000889,NH-10,2025-08-06 16:12:00,Sikkim,East Sikkim,BRIDGE_DAMAGE,HIGH,BLOCKED,1,18.8,Structural wear or adverse weather (bridge_damage),27.1976,88.5573,HIGHWAY_PATROL
D000890,NH-02,2025-08-06 18:00:00,Manipur,Senapati,ACCIDENT,HIGH,PARTIAL,0,5.4,Structural wear or adverse weather (accident),25.261,94.102,PWD_NER
D000891,NH-127B,2025-08-06 19:48:00,Meghalaya,West Khasi Hills,ACCIDENT,MEDIUM,PARTIAL,0,3.1,Structural wear or adverse weather (accident),25.6577,91.1473,HIGHWAY_PATROL
D000892,NH-15,2025-08-06 21:36:00,Assam,Darrang,ACCIDENT,HIGH,PARTIAL,0,4.2,Structural wear or adverse weather (accident),26.3959,92.1542,HIGHWAY_PATROL
D000893,NH-54,2025-08-06 23:24:00,Mizoram,Aizawl,ACCIDENT,LOW,OPEN,0,3.6,Structural wear or adverse weather (accident),23.6859,92.8012,BRO_BORDER_ROADS
D000894,NH-206,2025-08-07 01:12:00,Meghalaya,East Khasi Hills,ROAD_DAMAGE,CRITICAL,BLOCKED,1,25.5,Structural wear or adverse weather (road_damage),25.5244,92.0288,BRO_BORDER_ROADS
D000895,NH-13,2025-08-07 03:00:00,Arunachal Pradesh,Lower Subansiri,HEAVY_RAIN,CRITICAL,BLOCKED,1,8.7,Structural wear or adverse weather (heavy_rain),27.65,93.6867,BRO_BORDER_ROADS
D000896,NH-13,2025-08-07 04:48:00,Arunachal Pradesh,Lower Subansiri,HEAVY_RAIN,CRITICAL,BLOCKED,1,11.2,Structural wear or adverse weather (heavy_rain),27.6083,93.8864,BRO_BORDER_ROADS
D000897,NH-02,2025-08-07 06:36:00,Manipur,Bishnupur,ACCIDENT,LOW,OPEN,0,6.3,Structural wear or adverse weather (accident),24.7726,93.6554,BRO_BORDER_ROADS
D000898,NH-13,2025-08-07 08:24:00,Arunachal Pradesh,West Kameng,HEAVY_RAIN,HIGH,PARTIAL,0,7.1,Structural wear or adverse weather (heavy_rain),27.3016,92.4652,BRO_BORDER_ROADS
D000899,NH-02,2025-08-07 10:12:00,Manipur,Imphal West,ROAD_DAMAGE,CRITICAL,BLOCKED,1,7.0,Structural wear or adverse weather (road_damage),24.8634,94.0524,HIGHWAY_PATROL
D000900,NH-02,2025-08-07 12:00:00,Manipur,Bishnupur,HEAVY_RAIN,HIGH,PARTIAL,0,4.6,Structural wear or adverse weather (heavy_rain),24.7077,93.8451,HIGHWAY_PATROL
D000901,NH-310,2025-08-07 13:48:00,Sikkim,North Sikkim,ACCIDENT,LOW,OPEN,0,2.1,Structural wear or adverse weather (accident),27.5973,88.6161,HIGHWAY_PATROL
D000902,NH-206,2025-08-07 15:36:00,Meghalaya,East Khasi Hills,BRIDGE_DAMAGE,HIGH,BLOCKED,1,15.6,Structural wear or adverse weather (bridge_damage),25.6916,91.9872,PWD_NER
D000903,NH-37,2025-08-07 17:24:00,Assam,Cachar,BRIDGE_DAMAGE,HIGH,BLOCKED,1,13.4,Structural wear or adverse weather (bridge_damage),24.8323,92.6684,PWD_NER
D000904,NH-13,2025-08-07 19:12:00,Arunachal Pradesh,Tawang,ROAD_DAMAGE,MEDIUM,PARTIAL,0,6.8,Structural wear or adverse weather (road_damage),27.5632,91.9408,HIGHWAY_PATROL
D000905,NH-206,2025-08-07 21:00:00,Meghalaya,East Khasi Hills,ACCIDENT,HIGH,PARTIAL,0,5.3,Structural wear or adverse weather (accident),25.4826,91.9846,PWD_NER
D000906,NH-13,2025-08-07 22:48:00,Arunachal Pradesh,West Kameng,ROAD_DAMAGE,CRITICAL,BLOCKED,1,27.7,Structural wear or adverse weather (road_damage),27.2483,92.2936,BRO_BORDER_ROADS
D000907,NH-02,2025-08-08 00:36:00,Manipur,Senapati,ROAD_DAMAGE,HIGH,BLOCKED,1,9.7,Structural wear or adverse weather (road_damage),25.3649,94.0031,PWD_NER
D000908,NH-06,2025-08-08 02:24:00,Meghalaya,West Jaintia Hills,BRIDGE_DAMAGE,HIGH,BLOCKED,1,6.1,Structural wear or adverse weather (bridge_damage),25.5398,92.2629,HIGHWAY_PATROL
D000909,NH-29,2025-08-08 04:12:00,Nagaland,Dimapur,ROAD_DAMAGE,HIGH,BLOCKED,1,12.7,Structural wear or adverse weather (road_damage),25.9726,93.8001,BRO_BORDER_ROADS
D000910,NH-13,2025-08-08 06:00:00,Arunachal Pradesh,Lower Subansiri,ROAD_DAMAGE,CRITICAL,BLOCKED,1,30.8,Structural wear or adverse weather (road_damage),27.5356,93.9652,PWD_NER
D000911,NH-310,2025-08-08 07:48:00,Sikkim,North Sikkim,ACCIDENT,LOW,OPEN,0,5.4,Structural wear or adverse weather (accident),27.4759,88.5342,PWD_NER
D000912,NH-06,2025-08-08 09:36:00,Meghalaya,Ri-Bhoi,HEAVY_RAIN,HIGH,PARTIAL,0,4.7,Structural wear or adverse weather (heavy_rain),25.8809,91.8066,PWD_NER
D000913,NH-27,2025-08-08 11:24:00,Assam,Kamrup Rural,BRIDGE_DAMAGE,MEDIUM,PARTIAL,0,5.8,Structural wear or adverse weather (bridge_damage),26.2247,91.5875,HIGHWAY_PATROL
D000914,NH-15,2025-08-08 13:12:00,Assam,Sonitpur,ACCIDENT,LOW,OPEN,0,1.9,Structural wear or adverse weather (accident),26.5997,92.7623,PWD_NER
D000915,NH-15,2025-08-08 15:00:00,Assam,Sonitpur,ROAD_DAMAGE,MEDIUM,PARTIAL,0,6.8,Structural wear or adverse weather (road_damage),26.5362,92.7527,PWD_NER
D000916,NH-13,2025-08-08 16:48:00,Arunachal Pradesh,Tawang,ROAD_DAMAGE,CRITICAL,BLOCKED,1,16.9,Structural wear or adverse weather (road_damage),27.5429,91.7483,HIGHWAY_PATROL
D000917,NH-08,2025-08-08 18:36:00,Tripura,Sipahijala,HEAVY_RAIN,HIGH,PARTIAL,0,5.0,Structural wear or adverse weather (heavy_rain),23.5106,91.3742,HIGHWAY_PATROL
D000918,NH-06,2025-08-08 20:24:00,Meghalaya,Ri-Bhoi,HEAVY_RAIN,CRITICAL,BLOCKED,1,10.6,Structural wear or adverse weather (heavy_rain),26.0237,91.9263,PWD_NER
D000919,NH-08,2025-08-08 22:12:00,Tripura,Sipahijala,HEAVY_RAIN,CRITICAL,BLOCKED,1,26.3,Structural wear or adverse weather (heavy_rain),23.7786,91.4124,BRO_BORDER_ROADS
D000920,NH-510,2025-08-09 00:00:00,Sikkim,South Sikkim,BRIDGE_DAMAGE,HIGH,BLOCKED,1,12.7,Structural wear or adverse weather (bridge_damage),27.3011,88.3089,PWD_NER
D000921,NH-13,2025-08-09 01:48:00,Arunachal Pradesh,Lower Subansiri,ROAD_DAMAGE,MEDIUM,PARTIAL,0,7.3,Structural wear or adverse weather (road_damage),27.5194,93.8951,HIGHWAY_PATROL
D000922,NH-06,2025-08-09 03:36:00,Meghalaya,West Jaintia Hills,HEAVY_RAIN,HIGH,PARTIAL,0,3.3,Structural wear or adverse weather (heavy_rain),25.3438,92.1287,PWD_NER
D000923,NH-10,2025-08-09 05:24:00,Sikkim,East Sikkim,HEAVY_RAIN,MEDIUM,PARTIAL,0,1.9,Structural wear or adverse weather (heavy_rain),27.3857,88.5778,PWD_NER
D000924,NH-06,2025-08-09 07:12:00,Meghalaya,Ri-Bhoi,ACCIDENT,HIGH,PARTIAL,0,5.6,Structural wear or adverse weather (accident),25.978,91.8624,BRO_BORDER_ROADS
D000925,NH-27,2025-08-09 09:00:00,Assam,Nagaon,ROAD_DAMAGE,CRITICAL,BLOCKED,1,4.2,Structural wear or adverse weather (road_damage),26.2368,92.7249,PWD_NER
D000926,NH-127B,2025-08-09 10:48:00,Meghalaya,West Khasi Hills,ACCIDENT,LOW,OPEN,0,6.4,Structural wear or adverse weather (accident),25.4987,91.191,PWD_NER
D000927,NH-54,2025-08-09 12:36:00,Mizoram,Kolasib,HEAVY_RAIN,MEDIUM,PARTIAL,0,6.5,Structural wear or adverse weather (heavy_rain),24.2617,92.7127,PWD_NER
D000928,NH-54,2025-08-09 14:24:00,Mizoram,Aizawl,BRIDGE_DAMAGE,MEDIUM,PARTIAL,0,2.3,Structural wear or adverse weather (bridge_damage),23.8057,92.7199,PWD_NER
D000929,NH-27,2025-08-09 16:12:00,Assam,Nagaon,HEAVY_RAIN,CRITICAL,BLOCKED,1,27.2,Structural wear or adverse weather (heavy_rain),26.2861,92.6181,HIGHWAY_PATROL
D000930,NH-10,2025-08-09 18:00:00,Sikkim,East Sikkim,ACCIDENT,LOW,OPEN,0,6.6,Structural wear or adverse weather (accident),27.2169,88.7542,PWD_NER
D000931,NH-515,2025-08-09 19:48:00,Arunachal Pradesh,East Siang,ROAD_DAMAGE,CRITICAL,BLOCKED,1,29.4,Structural wear or adverse weather (road_damage),28.1572,95.2749,HIGHWAY_PATROL
D000932,NH-13,2025-08-09 21:36:00,Arunachal Pradesh,West Kameng,BRIDGE_DAMAGE,HIGH,BLOCKED,1,24.3,Structural wear or adverse weather (bridge_damage),27.2396,92.3148,PWD_NER
D000933,NH-02,2025-08-09 23:24:00,Nagaland,Mokokchung,HEAVY_RAIN,HIGH,PARTIAL,0,4.1,Structural wear or adverse weather (heavy_rain),26.2904,94.5488,HIGHWAY_PATROL
D000934,NH-13,2025-08-10 01:12:00,Arunachal Pradesh,Tawang,ROAD_DAMAGE,MEDIUM,PARTIAL,0,6.5,Structural wear or adverse weather (road_damage),27.5643,91.9274,PWD_NER
D000935,NH-27,2025-08-10 03:00:00,Assam,Kamrup Rural,ACCIDENT,LOW,OPEN,0,2.0,Structural wear or adverse weather (accident),26.1003,91.4537,BRO_BORDER_ROADS
D000936,NH-37,2025-08-10 04:48:00,Assam,Dibrugarh,BRIDGE_DAMAGE,CRITICAL,BLOCKED,1,8.2,Structural wear or adverse weather (bridge_damage),27.49,95.005,PWD_NER
D000937,NH-08,2025-08-10 06:36:00,Tripura,Sipahijala,ROAD_DAMAGE,CRITICAL,BLOCKED,1,14.7,Structural wear or adverse weather (road_damage),23.5405,91.3861,PWD_NER
D000938,NH-08,2025-08-10 08:24:00,Tripura,Sipahijala,ACCIDENT,HIGH,PARTIAL,0,5.3,Structural wear or adverse weather (accident),23.7617,91.428,PWD_NER
D000939,NH-27,2025-08-10 10:12:00,Assam,Kamrup Metropolitan,HEAVY_RAIN,MEDIUM,PARTIAL,0,2.2,Structural wear or adverse weather (heavy_rain),26.2216,91.7675,BRO_BORDER_ROADS
D000940,NH-510,2025-08-10 12:00:00,Sikkim,South Sikkim,BRIDGE_DAMAGE,HIGH,BLOCKED,1,11.1,Structural wear or adverse weather (bridge_damage),27.2019,88.3534,BRO_BORDER_ROADS
D000941,NH-29,2025-08-10 13:48:00,Nagaland,Kohima,HEAVY_RAIN,HIGH,PARTIAL,0,3.5,Structural wear or adverse weather (heavy_rain),25.7153,94.1397,PWD_NER
D000942,NH-206,2025-08-10 15:36:00,Meghalaya,East Khasi Hills,BRIDGE_DAMAGE,CRITICAL,BLOCKED,1,6.3,Structural wear or adverse weather (bridge_damage),25.5225,91.9166,HIGHWAY_PATROL
D000943,NH-02,2025-08-10 17:24:00,Manipur,Bishnupur,ACCIDENT,MEDIUM,PARTIAL,0,5.3,Structural wear or adverse weather (accident),24.6237,93.9107,PWD_NER
D000944,NH-02,2025-08-10 19:12:00,Manipur,Senapati,HEAVY_RAIN,HIGH,PARTIAL,0,5.2,Structural wear or adverse weather (heavy_rain),25.2284,94.0685,BRO_BORDER_ROADS
D000945,NH-15,2025-08-10 21:00:00,Assam,Sonitpur,BRIDGE_DAMAGE,HIGH,BLOCKED,1,8.0,Structural wear or adverse weather (bridge_damage),26.7326,92.8282,BRO_BORDER_ROADS
D000946,NH-15,2025-08-10 22:48:00,Assam,Sonitpur,HEAVY_RAIN,MEDIUM,PARTIAL,0,3.0,Structural wear or adverse weather (heavy_rain),26.6396,92.7761,BRO_BORDER_ROADS
D000947,NH-02,2025-08-11 00:36:00,Nagaland,Mokokchung,BRIDGE_DAMAGE,MEDIUM,PARTIAL,0,5.5,Structural wear or adverse weather (bridge_damage),26.2869,94.3742,HIGHWAY_PATROL
D000948,NH-37,2025-08-11 02:24:00,Assam,Cachar,ACCIDENT,HIGH,PARTIAL,0,4.2,Structural wear or adverse weather (accident),24.7264,92.7199,PWD_NER
D000949,NH-29,2025-08-11 04:12:00,Nagaland,Dimapur,BRIDGE_DAMAGE,MEDIUM,PARTIAL,0,2.4,Structural wear or adverse weather (bridge_damage),26.0332,93.6173,BRO_BORDER_ROADS
D000950,NH-08,2025-08-11 06:00:00,Tripura,West Tripura,BRIDGE_DAMAGE,CRITICAL,BLOCKED,1,26.5,Structural wear or adverse weather (bridge_damage),23.8025,91.1504,PWD_NER
D000951,NH-54,2025-08-11 07:48:00,Mizoram,Lunglei,BRIDGE_DAMAGE,MEDIUM,PARTIAL,0,6.2,Structural wear or adverse weather (bridge_damage),22.8155,92.7215,BRO_BORDER_ROADS
D000952,NH-206,2025-08-11 09:36:00,Meghalaya,East Khasi Hills,HEAVY_RAIN,CRITICAL,BLOCKED,1,26.0,Structural wear or adverse weather (heavy_rain),25.5051,91.8709,BRO_BORDER_ROADS
D000953,NH-13,2025-08-11 11:24:00,Arunachal Pradesh,Tawang,ACCIDENT,HIGH,PARTIAL,0,6.8,Structural wear or adverse weather (accident),27.4559,91.7719,PWD_NER
D000954,NH-127B,2025-08-11 13:12:00,Meghalaya,West Khasi Hills,HEAVY_RAIN,CRITICAL,BLOCKED,1,4.3,Structural wear or adverse weather (heavy_rain),25.3688,91.1244,PWD_NER
D000955,NH-27,2025-08-11 15:00:00,Assam,Kamrup Metropolitan,ROAD_DAMAGE,HIGH,BLOCKED,1,21.1,Structural wear or adverse weather (road_damage),26.2769,91.7651,PWD_NER
D000956,NH-13,2025-08-11 16:48:00,Arunachal Pradesh,Lower Subansiri,HEAVY_RAIN,HIGH,PARTIAL,0,3.8,Structural wear or adverse weather (heavy_rain),27.6193,93.7605,BRO_BORDER_ROADS
D000957,NH-02,2025-08-11 18:36:00,Manipur,Imphal West,BRIDGE_DAMAGE,CRITICAL,BLOCKED,1,14.6,Structural wear or adverse weather (bridge_damage),24.8969,93.8529,HIGHWAY_PATROL
D000958,NH-02,2025-08-11 20:24:00,Nagaland,Mokokchung,HEAVY_RAIN,CRITICAL,BLOCKED,1,12.7,Structural wear or adverse weather (heavy_rain),26.3843,94.6442,HIGHWAY_PATROL
D000959,NH-13,2025-08-11 22:12:00,Arunachal Pradesh,West Kameng,ROAD_DAMAGE,CRITICAL,BLOCKED,1,5.2,Structural wear or adverse weather (road_damage),27.2263,92.3099,HIGHWAY_PATROL
D000960,NH-515,2025-08-12 00:00:00,Arunachal Pradesh,East Siang,ROAD_DAMAGE,HIGH,BLOCKED,1,12.3,Structural wear or adverse weather (road_damage),28.0843,95.4441,HIGHWAY_PATROL
D000961,NH-37,2025-08-12 01:48:00,Assam,Dibrugarh,ACCIDENT,MEDIUM,PARTIAL,0,5.3,Structural wear or adverse weather (accident),27.3844,95.0324,BRO_BORDER_ROADS
D000962,NH-15,2025-08-12 03:36:00,Assam,Darrang,HEAVY_RAIN,HIGH,PARTIAL,0,4.3,Structural wear or adverse weather (heavy_rain),26.569,92.0169,HIGHWAY_PATROL
D000963,NH-510,2025-08-12 05:24:00,Sikkim,South Sikkim,BRIDGE_DAMAGE,CRITICAL,BLOCKED,1,26.8,Structural wear or adverse weather (bridge_damage),27.2372,88.3502,HIGHWAY_PATROL
D000964,NH-06,2025-08-12 07:12:00,Meghalaya,West Jaintia Hills,ROAD_DAMAGE,HIGH,BLOCKED,1,9.5,Structural wear or adverse weather (road_damage),25.5465,92.1449,PWD_NER
D000965,NH-10,2025-08-12 09:00:00,Sikkim,East Sikkim,BRIDGE_DAMAGE,CRITICAL,BLOCKED,1,27.6,Structural wear or adverse weather (bridge_damage),27.4858,88.5171,HIGHWAY_PATROL
D000966,NH-37,2025-08-12 10:48:00,Assam,Cachar,BRIDGE_DAMAGE,MEDIUM,PARTIAL,0,7.1,Structural wear or adverse weather (bridge_damage),24.7124,92.633,PWD_NER
D000967,NH-54,2025-08-12 12:36:00,Mizoram,Lunglei,HEAVY_RAIN,HIGH,PARTIAL,0,7.3,Structural wear or adverse weather (heavy_rain),22.8106,92.6257,BRO_BORDER_ROADS
D000968,NH-510,2025-08-12 14:24:00,Sikkim,South Sikkim,ACCIDENT,LOW,OPEN,0,4.5,Structural wear or adverse weather (accident),27.1525,88.3123,BRO_BORDER_ROADS
D000969,NH-06,2025-08-12 16:12:00,Meghalaya,West Jaintia Hills,ACCIDENT,MEDIUM,PARTIAL,0,5.6,Structural wear or adverse weather (accident),25.5503,92.1895,BRO_BORDER_ROADS
D000970,NH-37,2025-08-12 18:00:00,Assam,Cachar,ROAD_DAMAGE,MEDIUM,PARTIAL,0,6.9,Structural wear or adverse weather (road_damage),24.6845,92.9086,PWD_NER
D000971,NH-02,2025-08-12 19:48:00,Nagaland,Mokokchung,BRIDGE_DAMAGE,CRITICAL,BLOCKED,1,6.8,Structural wear or adverse weather (bridge_damage),26.2507,94.3946,BRO_BORDER_ROADS
D000972,NH-54,2025-08-12 21:36:00,Mizoram,Lunglei,HEAVY_RAIN,HIGH,PARTIAL,0,3.5,Structural wear or adverse weather (heavy_rain),22.9932,92.7205,HIGHWAY_PATROL
D000973,NH-54,2025-08-12 23:24:00,Mizoram,Aizawl,ACCIDENT,LOW,OPEN,0,4.8,Structural wear or adverse weather (accident),23.7752,92.5903,HIGHWAY_PATROL
D000974,NH-02,2025-08-13 01:12:00,Manipur,Bishnupur,BRIDGE_DAMAGE,MEDIUM,PARTIAL,0,7.4,Structural wear or adverse weather (bridge_damage),24.6541,93.904,BRO_BORDER_ROADS
D000975,NH-08,2025-08-13 03:00:00,Tripura,Dhalai,BRIDGE_DAMAGE,MEDIUM,PARTIAL,0,3.6,Structural wear or adverse weather (bridge_damage),23.7752,91.8492,BRO_BORDER_ROADS
D000976,NH-13,2025-08-13 04:48:00,Arunachal Pradesh,Tawang,BRIDGE_DAMAGE,MEDIUM,PARTIAL,0,6.1,Structural wear or adverse weather (bridge_damage),27.6596,91.7816,HIGHWAY_PATROL
D000977,NH-515,2025-08-13 06:36:00,Arunachal Pradesh,East Siang,HEAVY_RAIN,HIGH,PARTIAL,0,6.1,Structural wear or adverse weather (heavy_rain),28.0066,95.2962,HIGHWAY_PATROL
D000978,NH-02,2025-08-13 08:24:00,Nagaland,Mokokchung,ACCIDENT,HIGH,PARTIAL,0,6.9,Structural wear or adverse weather (accident),26.2348,94.5517,PWD_NER
D000979,NH-02,2025-08-13 10:12:00,Nagaland,Mokokchung,BRIDGE_DAMAGE,CRITICAL,BLOCKED,1,21.2,Structural wear or adverse weather (bridge_damage),26.2904,94.5488,PWD_NER
D000980,NH-08,2025-08-13 12:00:00,Tripura,Sipahijala,BRIDGE_DAMAGE,MEDIUM,PARTIAL,0,6.4,Structural wear or adverse weather (bridge_damage),23.6476,91.3545,BRO_BORDER_ROADS
D000981,NH-206,2025-08-13 13:48:00,Meghalaya,East Khasi Hills,ROAD_DAMAGE,CRITICAL,BLOCKED,1,6.2,Structural wear or adverse weather (road_damage),25.616,91.8793,BRO_BORDER_ROADS
D000982,NH-27,2025-08-13 15:36:00,Assam,Nagaon,HEAVY_RAIN,MEDIUM,PARTIAL,0,2.1,Structural wear or adverse weather (heavy_rain),26.285,92.6221,BRO_BORDER_ROADS
D000983,NH-02,2025-08-13 17:24:00,Manipur,Senapati,ROAD_DAMAGE,MEDIUM,PARTIAL,0,3.6,Structural wear or adverse weather (road_damage),25.3737,94.0092,HIGHWAY_PATROL
D000984,NH-15,2025-08-13 19:12:00,Assam,Sonitpur,HEAVY_RAIN,MEDIUM,PARTIAL,0,2.8,Structural wear or adverse weather (heavy_rain),26.6508,92.8201,BRO_BORDER_ROADS
D000985,NH-13,2025-08-13 21:00:00,Arunachal Pradesh,Lower Subansiri,ACCIDENT,LOW,OPEN,0,4.8,Structural wear or adverse weather (accident),27.4966,93.7089,PWD_NER
D000986,NH-37,2025-08-13 22:48:00,Assam,Cachar,HEAVY_RAIN,CRITICAL,BLOCKED,1,29.7,Structural wear or adverse weather (heavy_rain),24.7467,92.6435,BRO_BORDER_ROADS
D000987,NH-13,2025-08-14 00:36:00,Arunachal Pradesh,Lower Subansiri,ROAD_DAMAGE,HIGH,BLOCKED,1,9.7,Structural wear or adverse weather (road_damage),27.4687,93.8823,HIGHWAY_PATROL
D000988,NH-15,2025-08-14 02:24:00,Assam,Sonitpur,ACCIDENT,LOW,OPEN,0,3.7,Structural wear or adverse weather (accident),26.6902,92.8414,BRO_BORDER_ROADS
D000989,NH-13,2025-08-14 04:12:00,Arunachal Pradesh,Tawang,BRIDGE_DAMAGE,MEDIUM,PARTIAL,0,6.7,Structural wear or adverse weather (bridge_damage),27.5871,91.7336,BRO_BORDER_ROADS
D000990,NH-06,2025-08-14 06:00:00,Meghalaya,West Jaintia Hills,ROAD_DAMAGE,CRITICAL,BLOCKED,1,30.3,Structural wear or adverse weather (road_damage),25.3346,92.0563,HIGHWAY_PATROL
D000991,NH-27,2025-08-14 07:48:00,Assam,Kamrup Rural,ROAD_DAMAGE,MEDIUM,PARTIAL,0,5.4,Structural wear or adverse weather (road_damage),26.1455,91.6141,BRO_BORDER_ROADS
D000992,NH-08,2025-08-14 09:36:00,Tripura,Sipahijala,BRIDGE_DAMAGE,MEDIUM,PARTIAL,0,1.7,Structural wear or adverse weather (bridge_damage),23.7788,91.2222,BRO_BORDER_ROADS
D000993,NH-06,2025-08-14 11:24:00,Meghalaya,West Jaintia Hills,BRIDGE_DAMAGE,MEDIUM,PARTIAL,0,6.0,Structural wear or adverse weather (bridge_damage),25.386,92.1727,HIGHWAY_PATROL
D000994,NH-310,2025-08-14 13:12:00,Sikkim,North Sikkim,ACCIDENT,MEDIUM,PARTIAL,0,4.9,Structural wear or adverse weather (accident),27.5675,88.622,PWD_NER
D000995,NH-08,2025-08-14 15:00:00,Tripura,Dhalai,HEAVY_RAIN,CRITICAL,BLOCKED,1,9.3,Structural wear or adverse weather (heavy_rain),23.9437,91.8466,PWD_NER
D000996,NH-10,2025-08-14 16:48:00,Sikkim,East Sikkim,BRIDGE_DAMAGE,HIGH,BLOCKED,1,28.2,Structural wear or adverse weather (bridge_damage),27.3735,88.5472,PWD_NER
D000997,NH-13,2025-08-14 18:36:00,Arunachal Pradesh,Tawang,HEAVY_RAIN,HIGH,PARTIAL,0,5.9,Structural wear or adverse weather (heavy_rain),27.5958,91.8043,HIGHWAY_PATROL
D000998,NH-15,2025-08-14 20:24:00,Assam,Sonitpur,ROAD_DAMAGE,HIGH,BLOCKED,1,10.9,Structural wear or adverse weather (road_damage),26.5124,92.9371,HIGHWAY_PATROL
D000999,NH-515,2025-08-14 22:12:00,Arunachal Pradesh,East Siang,HEAVY_RAIN,HIGH,PARTIAL,0,2.9,Structural wear or adverse weather (heavy_rain),28.1383,95.4675,HIGHWAY_PATROL
D001000,NH-06,2025-08-15 00:00:00,Meghalaya,Ri-Bhoi,HEAVY_RAIN,MEDIUM,PARTIAL,0,3.2,Structural wear or adverse weather (heavy_rain),25.9394,91.9864,BRO_BORDER_ROADS
D001001,NH-310,2025-08-15 01:48:00,Sikkim,North Sikkim,HEAVY_RAIN,CRITICAL,BLOCKED,1,29.1,Structural wear or adverse weather (heavy_rain),27.5679,88.6945,PWD_NER
D001002,NH-27,2025-08-15 03:36:00,Assam,Kamrup Rural,BRIDGE_DAMAGE,MEDIUM,PARTIAL,0,6.3,Structural wear or adverse weather (bridge_damage),26.1078,91.6871,HIGHWAY_PATROL
D001003,NH-08,2025-08-15 05:24:00,Tripura,Dhalai,HEAVY_RAIN,MEDIUM,PARTIAL,0,3.2,Structural wear or adverse weather (heavy_rain),23.7263,91.8147,PWD_NER
D001004,NH-54,2025-08-15 07:12:00,Mizoram,Lunglei,BRIDGE_DAMAGE,CRITICAL,BLOCKED,1,18.2,Structural wear or adverse weather (bridge_damage),22.8529,92.7712,HIGHWAY_PATROL
D001005,NH-27,2025-08-15 09:00:00,Assam,Nagaon,HEAVY_RAIN,HIGH,PARTIAL,0,3.3,Structural wear or adverse weather (heavy_rain),26.1975,92.7581,HIGHWAY_PATROL
D001006,NH-02,2025-08-15 10:48:00,Manipur,Bishnupur,ACCIDENT,MEDIUM,PARTIAL,0,6.7,Structural wear or adverse weather (accident),24.6792,93.8249,BRO_BORDER_ROADS
D001007,NH-37,2025-08-15 12:36:00,Assam,Cachar,ACCIDENT,HIGH,PARTIAL,0,4.3,Structural wear or adverse weather (accident),24.9581,92.8224,PWD_NER
D001008,NH-02,2025-08-15 14:24:00,Nagaland,Mokokchung,ACCIDENT,MEDIUM,PARTIAL,0,6.8,Structural wear or adverse weather (accident),26.2447,94.518,PWD_NER
D001009,NH-13,2025-08-15 16:12:00,Arunachal Pradesh,Lower Subansiri,HEAVY_RAIN,MEDIUM,PARTIAL,0,5.4,Structural wear or adverse weather (heavy_rain),27.4594,93.6949,BRO_BORDER_ROADS
D001010,NH-27,2025-08-15 18:00:00,Assam,Kamrup Rural,HEAVY_RAIN,CRITICAL,BLOCKED,1,19.6,Structural wear or adverse weather (heavy_rain),26.1728,91.6171,HIGHWAY_PATROL
D001011,NH-02,2025-08-15 19:48:00,Manipur,Bishnupur,BRIDGE_DAMAGE,MEDIUM,PARTIAL,0,7.1,Structural wear or adverse weather (bridge_damage),24.7503,93.7102,BRO_BORDER_ROADS
D001012,NH-08,2025-08-15 21:36:00,Tripura,West Tripura,ACCIDENT,HIGH,PARTIAL,0,3.3,Structural wear or adverse weather (accident),23.9458,91.3252,HIGHWAY_PATROL
D001013,NH-08,2025-08-15 23:24:00,Tripura,Sipahijala,BRIDGE_DAMAGE,MEDIUM,PARTIAL,0,1.6,Structural wear or adverse weather (bridge_damage),23.6518,91.1833,PWD_NER
D001014,NH-29,2025-08-16 01:12:00,Nagaland,Dimapur,HEAVY_RAIN,MEDIUM,PARTIAL,0,2.2,Structural wear or adverse weather (heavy_rain),26.0074,93.5967,BRO_BORDER_ROADS
D001015,NH-54,2025-08-16 03:00:00,Mizoram,Kolasib,ACCIDENT,MEDIUM,PARTIAL,0,3.7,Structural wear or adverse weather (accident),24.2418,92.6121,HIGHWAY_PATROL
D001016,NH-13,2025-08-16 04:48:00,Arunachal Pradesh,Lower Subansiri,ACCIDENT,MEDIUM,PARTIAL,0,5.7,Structural wear or adverse weather (accident),27.6193,93.7605,HIGHWAY_PATROL
D001017,NH-15,2025-08-16 06:36:00,Assam,Darrang,HEAVY_RAIN,MEDIUM,PARTIAL,0,7.4,Structural wear or adverse weather (heavy_rain),26.4285,92.162,BRO_BORDER_ROADS
D001018,NH-310,2025-08-16 08:24:00,Sikkim,North Sikkim,BRIDGE_DAMAGE,MEDIUM,PARTIAL,0,2.9,Structural wear or adverse weather (bridge_damage),27.5224,88.5152,BRO_BORDER_ROADS
D001019,NH-54,2025-08-16 10:12:00,Mizoram,Lunglei,ROAD_DAMAGE,MEDIUM,PARTIAL,0,6.0,Structural wear or adverse weather (road_damage),22.8052,92.6018,HIGHWAY_PATROL
D001020,NH-54,2025-08-16 12:00:00,Mizoram,Lunglei,ACCIDENT,HIGH,PARTIAL,0,3.6,Structural wear or adverse weather (accident),22.7853,92.7821,PWD_NER
D001021,NH-510,2025-08-16 13:48:00,Sikkim,South Sikkim,ACCIDENT,HIGH,PARTIAL,0,2.6,Structural wear or adverse weather (accident),27.2211,88.3267,HIGHWAY_PATROL
D001022,NH-02,2025-08-16 15:36:00,Manipur,Senapati,HEAVY_RAIN,CRITICAL,BLOCKED,1,9.8,Structural wear or adverse weather (heavy_rain),25.261,94.102,BRO_BORDER_ROADS
D001023,NH-54,2025-08-16 17:24:00,Mizoram,Aizawl,ROAD_DAMAGE,MEDIUM,PARTIAL,0,6.4,Structural wear or adverse weather (road_damage),23.7427,92.7349,PWD_NER
D001024,NH-13,2025-08-16 19:12:00,Arunachal Pradesh,Lower Subansiri,ACCIDENT,HIGH,PARTIAL,0,5.8,Structural wear or adverse weather (accident),27.4614,93.9744,BRO_BORDER_ROADS
D001025,NH-27,2025-08-16 21:00:00,Assam,Kamrup Rural,ROAD_DAMAGE,MEDIUM,PARTIAL,0,7.5,Structural wear or adverse weather (road_damage),26.1487,91.4206,HIGHWAY_PATROL
D001026,NH-06,2025-08-16 22:48:00,Meghalaya,Ri-Bhoi,ROAD_DAMAGE,HIGH,BLOCKED,1,13.8,Structural wear or adverse weather (road_damage),25.7599,92.0086,BRO_BORDER_ROADS
D001027,NH-206,2025-08-17 00:36:00,Meghalaya,East Khasi Hills,BRIDGE_DAMAGE,HIGH,BLOCKED,1,19.6,Structural wear or adverse weather (bridge_damage),25.4456,91.976,BRO_BORDER_ROADS
D001028,NH-02,2025-08-17 02:24:00,Manipur,Bishnupur,ACCIDENT,HIGH,PARTIAL,0,5.3,Structural wear or adverse weather (accident),24.6237,93.9107,PWD_NER
D001029,NH-06,2025-08-17 04:12:00,Meghalaya,West Jaintia Hills,ROAD_DAMAGE,HIGH,BLOCKED,1,16.0,Structural wear or adverse weather (road_damage),25.4778,92.3231,BRO_BORDER_ROADS
D001030,NH-13,2025-08-17 06:00:00,Arunachal Pradesh,Lower Subansiri,BRIDGE_DAMAGE,CRITICAL,BLOCKED,1,17.9,Structural wear or adverse weather (bridge_damage),27.4614,93.9744,HIGHWAY_PATROL
D001031,NH-54,2025-08-17 07:48:00,Mizoram,Kolasib,ROAD_DAMAGE,HIGH,BLOCKED,1,30.1,Structural wear or adverse weather (road_damage),24.1151,92.7302,PWD_NER
D001032,NH-02,2025-08-17 09:36:00,Manipur,Bishnupur,BRIDGE_DAMAGE,HIGH,BLOCKED,1,29.1,Structural wear or adverse weather (bridge_damage),24.7689,93.6291,HIGHWAY_PATROL
D001033,NH-54,2025-08-17 11:24:00,Mizoram,Kolasib,ROAD_DAMAGE,MEDIUM,PARTIAL,0,7.0,Structural wear or adverse weather (road_damage),24.2472,92.6883,BRO_BORDER_ROADS
D001034,NH-13,2025-08-17 13:12:00,Arunachal Pradesh,Lower Subansiri,BRIDGE_DAMAGE,HIGH,BLOCKED,1,16.1,Structural wear or adverse weather (bridge_damage),27.5641,93.9002,HIGHWAY_PATROL
D001035,NH-08,2025-08-17 15:00:00,Tripura,Sipahijala,BRIDGE_DAMAGE,CRITICAL,BLOCKED,1,15.9,Structural wear or adverse weather (bridge_damage),23.4994,91.19,BRO_BORDER_ROADS
D001036,NH-37,2025-08-17 16:48:00,Assam,Dibrugarh,BRIDGE_DAMAGE,MEDIUM,PARTIAL,0,4.1,Structural wear or adverse weather (bridge_damage),27.4804,95.0491,PWD_NER
D001037,NH-13,2025-08-17 18:36:00,Arunachal Pradesh,Tawang,BRIDGE_DAMAGE,CRITICAL,BLOCKED,1,15.8,Structural wear or adverse weather (bridge_damage),27.6279,91.7169,HIGHWAY_PATROL
D001038,NH-54,2025-08-17 20:24:00,Mizoram,Kolasib,ACCIDENT,LOW,OPEN,0,5.5,Structural wear or adverse weather (accident),24.1151,92.7302,BRO_BORDER_ROADS
D001039,NH-510,2025-08-17 22:12:00,Sikkim,South Sikkim,ACCIDENT,LOW,OPEN,0,3.4,Structural wear or adverse weather (accident),27.1389,88.3271,BRO_BORDER_ROADS
D001040,NH-515,2025-08-18 00:00:00,Arunachal Pradesh,East Siang,BRIDGE_DAMAGE,MEDIUM,PARTIAL,0,5.7,Structural wear or adverse weather (bridge_damage),28.0659,95.3127,BRO_BORDER_ROADS
D001041,NH-02,2025-08-18 01:48:00,Manipur,Imphal West,ROAD_DAMAGE,HIGH,BLOCKED,1,14.5,Structural wear or adverse weather (road_damage),24.7451,93.9379,HIGHWAY_PATROL
D001042,NH-02,2025-08-18 03:36:00,Manipur,Imphal West,BRIDGE_DAMAGE,CRITICAL,BLOCKED,1,19.3,Structural wear or adverse weather (bridge_damage),24.884,93.9056,HIGHWAY_PATROL
D001043,NH-37,2025-08-18 05:24:00,Assam,Dibrugarh,ACCIDENT,HIGH,PARTIAL,0,6.7,Structural wear or adverse weather (accident),27.5985,94.8946,BRO_BORDER_ROADS
D001044,NH-206,2025-08-18 07:12:00,Meghalaya,East Khasi Hills,HEAVY_RAIN,HIGH,PARTIAL,0,6.4,Structural wear or adverse weather (heavy_rain),25.4861,91.8504,PWD_NER
D001045,NH-13,2025-08-18 09:00:00,Arunachal Pradesh,Lower Subansiri,ROAD_DAMAGE,MEDIUM,PARTIAL,0,2.0,Structural wear or adverse weather (road_damage),27.4483,93.7462,BRO_BORDER_ROADS
D001046,NH-510,2025-08-18 10:48:00,Sikkim,South Sikkim,ACCIDENT,MEDIUM,PARTIAL,0,7.3,Structural wear or adverse weather (accident),27.0742,88.2131,PWD_NER
D001047,NH-515,2025-08-18 12:36:00,Arunachal Pradesh,East Siang,BRIDGE_DAMAGE,MEDIUM,PARTIAL,0,4.6,Structural wear or adverse weather (bridge_damage),28.0825,95.1885,BRO_BORDER_ROADS
D001048,NH-37,2025-08-18 14:24:00,Assam,Dibrugarh,BRIDGE_DAMAGE,HIGH,BLOCKED,1,11.0,Structural wear or adverse weather (bridge_damage),27.5415,94.964,PWD_NER
D001049,NH-02,2025-08-18 16:12:00,Manipur,Senapati,ROAD_DAMAGE,CRITICAL,BLOCKED,1,13.1,Structural wear or adverse weather (road_damage),25.261,94.102,PWD_NER
D001050,NH-515,2025-08-18 18:00:00,Arunachal Pradesh,East Siang,ROAD_DAMAGE,HIGH,BLOCKED,1,26.9,Structural wear or adverse weather (road_damage),28.1359,95.2114,BRO_BORDER_ROADS
D001051,NH-37,2025-08-18 19:48:00,Assam,Cachar,BRIDGE_DAMAGE,CRITICAL,BLOCKED,1,29.1,Structural wear or adverse weather (bridge_damage),24.7974,92.8754,BRO_BORDER_ROADS
D001052,NH-02,2025-08-18 21:36:00,Manipur,Bishnupur,HEAVY_RAIN,MEDIUM,PARTIAL,0,5.4,Structural wear or adverse weather (heavy_rain),24.5839,93.9054,BRO_BORDER_ROADS
D001053,NH-10,2025-08-18 23:24:00,Sikkim,East Sikkim,ACCIDENT,HIGH,PARTIAL,0,3.4,Structural wear or adverse weather (accident),27.3954,88.4722,BRO_BORDER_ROADS
D001054,NH-02,2025-08-19 01:12:00,Nagaland,Mokokchung,BRIDGE_DAMAGE,MEDIUM,PARTIAL,0,1.5,Structural wear or adverse weather (bridge_damage),26.4532,94.6539,HIGHWAY_PATROL
D001055,NH-29,2025-08-19 03:00:00,Nagaland,Kohima,ACCIDENT,HIGH,PARTIAL,0,6.1,Structural wear or adverse weather (accident),25.5276,93.979,BRO_BORDER_ROADS
D001056,NH-310,2025-08-19 04:48:00,Sikkim,North Sikkim,HEAVY_RAIN,HIGH,PARTIAL,0,2.2,Structural wear or adverse weather (heavy_rain),27.5018,88.4788,BRO_BORDER_ROADS
D001057,NH-06,2025-08-19 06:36:00,Meghalaya,West Jaintia Hills,ACCIDENT,LOW,OPEN,0,4.5,Structural wear or adverse weather (accident),25.5303,92.1999,PWD_NER
D001058,NH-13,2025-08-19 08:24:00,Arunachal Pradesh,West Kameng,BRIDGE_DAMAGE,MEDIUM,PARTIAL,0,6.0,Structural wear or adverse weather (bridge_damage),27.1681,92.2723,BRO_BORDER_ROADS
D001059,NH-37,2025-08-19 10:12:00,Assam,Dibrugarh,BRIDGE_DAMAGE,CRITICAL,BLOCKED,1,16.1,Structural wear or adverse weather (bridge_damage),27.6118,94.845,PWD_NER
D001060,NH-08,2025-08-19 12:00:00,Tripura,West Tripura,HEAVY_RAIN,CRITICAL,BLOCKED,1,13.9,Structural wear or adverse weather (heavy_rain),23.8746,91.2569,HIGHWAY_PATROL
D001061,NH-54,2025-08-19 13:48:00,Mizoram,Aizawl,HEAVY_RAIN,HIGH,PARTIAL,0,6.7,Structural wear or adverse weather (heavy_rain),23.692,92.6275,BRO_BORDER_ROADS
D001062,NH-02,2025-08-19 15:36:00,Manipur,Imphal West,BRIDGE_DAMAGE,HIGH,BLOCKED,1,4.7,Structural wear or adverse weather (bridge_damage),24.803,93.9116,HIGHWAY_PATROL
D001063,NH-127B,2025-08-19 17:24:00,Meghalaya,West Khasi Hills,HEAVY_RAIN,HIGH,PARTIAL,0,1.8,Structural wear or adverse weather (heavy_rain),25.4762,91.3801,BRO_BORDER_ROADS
D001064,NH-13,2025-08-19 19:12:00,Arunachal Pradesh,West Kameng,ACCIDENT,LOW,OPEN,0,4.6,Structural wear or adverse weather (accident),27.1427,92.4035,BRO_BORDER_ROADS
D001065,NH-310,2025-08-19 21:00:00,Sikkim,North Sikkim,HEAVY_RAIN,MEDIUM,PARTIAL,0,7.2,Structural wear or adverse weather (heavy_rain),27.3519,88.523,BRO_BORDER_ROADS
D001066,NH-02,2025-08-19 22:48:00,Manipur,Bishnupur,HEAVY_RAIN,HIGH,PARTIAL,0,3.6,Structural wear or adverse weather (heavy_rain),24.7331,93.6872,HIGHWAY_PATROL
D001067,NH-29,2025-08-20 00:36:00,Nagaland,Kohima,BRIDGE_DAMAGE,HIGH,BLOCKED,1,25.4,Structural wear or adverse weather (bridge_damage),25.6428,94.226,BRO_BORDER_ROADS
D001068,NH-510,2025-08-20 02:24:00,Sikkim,South Sikkim,ACCIDENT,LOW,OPEN,0,5.4,Structural wear or adverse weather (accident),27.0249,88.4797,BRO_BORDER_ROADS
D001069,NH-06,2025-08-20 04:12:00,Meghalaya,Ri-Bhoi,BRIDGE_DAMAGE,CRITICAL,BLOCKED,1,11.6,Structural wear or adverse weather (bridge_damage),25.8439,91.8588,HIGHWAY_PATROL
D001070,NH-37,2025-08-20 06:00:00,Assam,Cachar,BRIDGE_DAMAGE,CRITICAL,BLOCKED,1,16.2,Structural wear or adverse weather (bridge_damage),24.753,92.8351,BRO_BORDER_ROADS
D001071,NH-13,2025-08-20 07:48:00,Arunachal Pradesh,Tawang,BRIDGE_DAMAGE,HIGH,BLOCKED,1,20.3,Structural wear or adverse weather (bridge_damage),27.6596,91.7816,BRO_BORDER_ROADS
D001072,NH-29,2025-08-20 09:36:00,Nagaland,Kohima,ROAD_DAMAGE,MEDIUM,PARTIAL,0,6.8,Structural wear or adverse weather (road_damage),25.5521,94.0471,HIGHWAY_PATROL
D001073,NH-10,2025-08-20 11:24:00,Sikkim,East Sikkim,ROAD_DAMAGE,CRITICAL,BLOCKED,1,17.7,Structural wear or adverse weather (road_damage),27.2732,88.6991,BRO_BORDER_ROADS
D001074,NH-29,2025-08-20 13:12:00,Nagaland,Kohima,ROAD_DAMAGE,CRITICAL,BLOCKED,1,10.0,Structural wear or adverse weather (road_damage),25.5544,93.9988,HIGHWAY_PATROL
D001075,NH-54,2025-08-20 15:00:00,Mizoram,Kolasib,BRIDGE_DAMAGE,HIGH,BLOCKED,1,6.3,Structural wear or adverse weather (bridge_damage),24.2643,92.6937,PWD_NER
D001076,NH-54,2025-08-20 16:48:00,Mizoram,Kolasib,BRIDGE_DAMAGE,CRITICAL,BLOCKED,1,27.5,Structural wear or adverse weather (bridge_damage),24.0893,92.5802,PWD_NER
D001077,NH-510,2025-08-20 18:36:00,Sikkim,South Sikkim,HEAVY_RAIN,CRITICAL,BLOCKED,1,7.6,Structural wear or adverse weather (heavy_rain),27.1525,88.3123,BRO_BORDER_ROADS
D001078,NH-08,2025-08-20 20:24:00,Tripura,West Tripura,ROAD_DAMAGE,MEDIUM,PARTIAL,0,6.6,Structural wear or adverse weather (road_damage),23.8746,91.2569,PWD_NER
D001079,NH-06,2025-08-20 22:12:00,Meghalaya,West Jaintia Hills,ACCIDENT,MEDIUM,PARTIAL,0,4.0,Structural wear or adverse weather (accident),25.3296,92.3325,PWD_NER
D001080,NH-310,2025-08-21 00:00:00,Sikkim,North Sikkim,ROAD_DAMAGE,CRITICAL,BLOCKED,1,16.1,Structural wear or adverse weather (road_damage),27.5085,88.5085,BRO_BORDER_ROADS
D001081,NH-27,2025-08-21 01:48:00,Assam,Kamrup Rural,BRIDGE_DAMAGE,MEDIUM,PARTIAL,0,4.0,Structural wear or adverse weather (bridge_damage),26.1508,91.4157,BRO_BORDER_ROADS
D001082,NH-54,2025-08-21 03:36:00,Mizoram,Lunglei,ROAD_DAMAGE,HIGH,BLOCKED,1,7.6,Structural wear or adverse weather (road_damage),22.864,92.6793,HIGHWAY_PATROL
D001083,NH-02,2025-08-21 05:24:00,Nagaland,Mokokchung,BRIDGE_DAMAGE,CRITICAL,BLOCKED,1,7.0,Structural wear or adverse weather (bridge_damage),26.2438,94.6205,BRO_BORDER_ROADS
D001084,NH-29,2025-08-21 07:12:00,Nagaland,Dimapur,ACCIDENT,HIGH,PARTIAL,0,2.0,Structural wear or adverse weather (accident),25.8203,93.8035,BRO_BORDER_ROADS
D001085,NH-10,2025-08-21 09:00:00,Sikkim,East Sikkim,ROAD_DAMAGE,MEDIUM,PARTIAL,0,2.0,Structural wear or adverse weather (road_damage),27.4623,88.7031,HIGHWAY_PATROL
D001086,NH-54,2025-08-21 10:48:00,Mizoram,Lunglei,ACCIDENT,HIGH,PARTIAL,0,3.0,Structural wear or adverse weather (accident),22.9602,92.661,PWD_NER
D001087,NH-415,2025-08-21 12:36:00,Arunachal Pradesh,Papum Pare,BRIDGE_DAMAGE,CRITICAL,BLOCKED,1,31.2,Structural wear or adverse weather (bridge_damage),27.083,93.7629,HIGHWAY_PATROL
D001088,NH-510,2025-08-21 14:24:00,Sikkim,South Sikkim,HEAVY_RAIN,MEDIUM,PARTIAL,0,6.2,Structural wear or adverse weather (heavy_rain),27.3132,88.2171,BRO_BORDER_ROADS
D001089,NH-15,2025-08-21 16:12:00,Assam,Sonitpur,BRIDGE_DAMAGE,HIGH,BLOCKED,1,15.8,Structural wear or adverse weather (bridge_damage),26.7185,92.6592,BRO_BORDER_ROADS
D001090,NH-15,2025-08-21 18:00:00,Assam,Sonitpur,ROAD_DAMAGE,CRITICAL,BLOCKED,1,28.6,Structural wear or adverse weather (road_damage),26.6128,92.7276,BRO_BORDER_ROADS
D001091,NH-02,2025-08-21 19:48:00,Manipur,Senapati,HEAVY_RAIN,CRITICAL,BLOCKED,1,25.7,Structural wear or adverse weather (heavy_rain),25.1371,94.0675,PWD_NER
D001092,NH-29,2025-08-21 21:36:00,Nagaland,Dimapur,BRIDGE_DAMAGE,CRITICAL,BLOCKED,1,7.1,Structural wear or adverse weather (bridge_damage),25.8901,93.8196,PWD_NER
D001093,NH-08,2025-08-21 23:24:00,Tripura,Sipahijala,ROAD_DAMAGE,HIGH,BLOCKED,1,11.1,Structural wear or adverse weather (road_damage),23.747,91.1775,HIGHWAY_PATROL
D001094,NH-29,2025-08-22 01:12:00,Nagaland,Dimapur,HEAVY_RAIN,MEDIUM,PARTIAL,0,4.7,Structural wear or adverse weather (heavy_rain),26.0332,93.6173,HIGHWAY_PATROL
D001095,NH-02,2025-08-22 03:00:00,Manipur,Senapati,ACCIDENT,LOW,OPEN,0,2.9,Structural wear or adverse weather (accident),25.1138,93.8919,BRO_BORDER_ROADS
D001096,NH-515,2025-08-22 04:48:00,Arunachal Pradesh,East Siang,BRIDGE_DAMAGE,MEDIUM,PARTIAL,0,3.2,Structural wear or adverse weather (bridge_damage),28.0714,95.1911,PWD_NER
D001097,NH-310,2025-08-22 06:36:00,Sikkim,North Sikkim,ACCIDENT,HIGH,PARTIAL,0,4.0,Structural wear or adverse weather (accident),27.5779,88.6677,HIGHWAY_PATROL
D001098,NH-02,2025-08-22 08:24:00,Manipur,Imphal West,HEAVY_RAIN,HIGH,PARTIAL,0,4.2,Structural wear or adverse weather (heavy_rain),24.7513,93.9046,HIGHWAY_PATROL
D001099,NH-415,2025-08-22 10:12:00,Arunachal Pradesh,Papum Pare,HEAVY_RAIN,CRITICAL,BLOCKED,1,12.8,Structural wear or adverse weather (heavy_rain),26.9507,93.478,HIGHWAY_PATROL
D001100,NH-127B,2025-08-22 12:00:00,Meghalaya,West Khasi Hills,BRIDGE_DAMAGE,MEDIUM,PARTIAL,0,4.6,Structural wear or adverse weather (bridge_damage),25.43,91.3156,BRO_BORDER_ROADS
D001101,NH-02,2025-08-22 13:48:00,Manipur,Bishnupur,BRIDGE_DAMAGE,MEDIUM,PARTIAL,0,6.0,Structural wear or adverse weather (bridge_damage),24.5288,93.81,BRO_BORDER_ROADS
D001102,NH-415,2025-08-22 15:36:00,Arunachal Pradesh,Papum Pare,HEAVY_RAIN,HIGH,PARTIAL,0,3.2,Structural wear or adverse weather (heavy_rain),27.083,93.7629,PWD_NER
D001103,NH-127B,2025-08-22 17:24:00,Meghalaya,West Khasi Hills,ROAD_DAMAGE,MEDIUM,PARTIAL,0,6.1,Structural wear or adverse weather (road_damage),25.6586,91.1949,BRO_BORDER_ROADS
D001104,NH-02,2025-08-22 19:12:00,Manipur,Bishnupur,BRIDGE_DAMAGE,HIGH,BLOCKED,1,25.4,Structural wear or adverse weather (bridge_damage),24.6171,93.8917,BRO_BORDER_ROADS
D001105,NH-37,2025-08-22 21:00:00,Assam,Cachar,ROAD_DAMAGE,CRITICAL,BLOCKED,1,23.7,Structural wear or adverse weather (road_damage),24.8757,92.8997,BRO_BORDER_ROADS
D001106,NH-02,2025-08-22 22:48:00,Nagaland,Mokokchung,HEAVY_RAIN,CRITICAL,BLOCKED,1,19.8,Structural wear or adverse weather (heavy_rain),26.2529,94.5445,BRO_BORDER_ROADS
D001107,NH-08,2025-08-23 00:36:00,Tripura,Sipahijala,HEAVY_RAIN,HIGH,PARTIAL,0,3.3,Structural wear or adverse weather (heavy_rain),23.7253,91.3462,BRO_BORDER_ROADS
D001108,NH-37,2025-08-23 02:24:00,Assam,Cachar,BRIDGE_DAMAGE,HIGH,BLOCKED,1,6.4,Structural wear or adverse weather (bridge_damage),24.6964,92.6887,BRO_BORDER_ROADS
D001109,NH-06,2025-08-23 04:12:00,Meghalaya,West Jaintia Hills,BRIDGE_DAMAGE,HIGH,BLOCKED,1,28.2,Structural wear or adverse weather (bridge_damage),25.5984,92.1098,PWD_NER
D001110,NH-27,2025-08-23 06:00:00,Assam,Nagaon,HEAVY_RAIN,HIGH,PARTIAL,0,6.2,Structural wear or adverse weather (heavy_rain),26.3175,92.6968,PWD_NER
D001111,NH-54,2025-08-23 07:48:00,Mizoram,Kolasib,HEAVY_RAIN,HIGH,PARTIAL,0,3.7,Structural wear or adverse weather (heavy_rain),24.2418,92.6121,PWD_NER
D001112,NH-29,2025-08-23 09:36:00,Nagaland,Kohima,HEAVY_RAIN,HIGH,PARTIAL,0,5.3,Structural wear or adverse weather (heavy_rain),25.6402,94.2352,PWD_NER
D001113,NH-27,2025-08-23 11:24:00,Assam,Kamrup Metropolitan,BRIDGE_DAMAGE,MEDIUM,PARTIAL,0,7.4,Structural wear or adverse weather (bridge_damage),26.0913,91.6741,BRO_BORDER_ROADS
D001114,NH-37,2025-08-23 13:12:00,Assam,Cachar,HEAVY_RAIN,HIGH,PARTIAL,0,3.4,Structural wear or adverse weather (heavy_rain),24.9444,92.793,PWD_NER
D001115,NH-127B,2025-08-23 15:00:00,Meghalaya,West Khasi Hills,ACCIDENT,LOW,OPEN,0,5.0,Structural wear or adverse weather (accident),25.4354,91.1462,PWD_NER
D001116,NH-02,2025-08-23 16:48:00,Manipur,Senapati,BRIDGE_DAMAGE,CRITICAL,BLOCKED,1,5.5,Structural wear or adverse weather (bridge_damage),25.1149,94.026,PWD_NER
D001117,NH-02,2025-08-23 18:36:00,Manipur,Senapati,ACCIDENT,LOW,OPEN,0,5.2,Structural wear or adverse weather (accident),25.2794,94.0436,PWD_NER
D001118,NH-37,2025-08-23 20:24:00,Assam,Dibrugarh,BRIDGE_DAMAGE,HIGH,BLOCKED,1,24.6,Structural wear or adverse weather (bridge_damage),27.5284,94.9337,PWD_NER
D001119,NH-27,2025-08-23 22:12:00,Assam,Kamrup Metropolitan,BRIDGE_DAMAGE,CRITICAL,BLOCKED,1,24.4,Structural wear or adverse weather (bridge_damage),26.0428,91.8753,PWD_NER
D001120,NH-13,2025-08-24 00:00:00,Arunachal Pradesh,Tawang,BRIDGE_DAMAGE,MEDIUM,PARTIAL,0,5.5,Structural wear or adverse weather (bridge_damage),27.5722,91.9105,BRO_BORDER_ROADS
D001121,NH-06,2025-08-24 01:48:00,Meghalaya,West Jaintia Hills,HEAVY_RAIN,HIGH,PARTIAL,0,6.9,Structural wear or adverse weather (heavy_rain),25.3203,92.2868,HIGHWAY_PATROL
D001122,NH-10,2025-08-24 03:36:00,Sikkim,East Sikkim,ROAD_DAMAGE,CRITICAL,BLOCKED,1,30.1,Structural wear or adverse weather (road_damage),27.4385,88.6103,BRO_BORDER_ROADS
D001123,NH-27,2025-08-24 05:24:00,Assam,Kamrup Rural,HEAVY_RAIN,CRITICAL,BLOCKED,1,29.4,Structural wear or adverse weather (heavy_rain),26.1059,91.4184,HIGHWAY_PATROL
D001124,NH-02,2025-08-24 07:12:00,Nagaland,Mokokchung,ACCIDENT,MEDIUM,PARTIAL,0,6.6,Structural wear or adverse weather (accident),26.2619,94.6567,HIGHWAY_PATROL
D001125,NH-08,2025-08-24 09:00:00,Tripura,Sipahijala,ACCIDENT,MEDIUM,PARTIAL,0,5.7,Structural wear or adverse weather (accident),23.5672,91.1865,BRO_BORDER_ROADS
D001126,NH-15,2025-08-24 10:48:00,Assam,Sonitpur,ROAD_DAMAGE,HIGH,BLOCKED,1,28.5,Structural wear or adverse weather (road_damage),26.5004,92.6798,PWD_NER
D001127,NH-10,2025-08-24 12:36:00,Sikkim,East Sikkim,ACCIDENT,MEDIUM,PARTIAL,0,1.9,Structural wear or adverse weather (accident),27.3181,88.5158,HIGHWAY_PATROL
D001128,NH-13,2025-08-24 14:24:00,Arunachal Pradesh,Lower Subansiri,HEAVY_RAIN,CRITICAL,BLOCKED,1,23.8,Structural wear or adverse weather (heavy_rain),27.5102,93.9505,PWD_NER
D001129,NH-02,2025-08-24 16:12:00,Manipur,Bishnupur,ACCIDENT,LOW,OPEN,0,1.6,Structural wear or adverse weather (accident),24.4844,93.8716,HIGHWAY_PATROL
D001130,NH-08,2025-08-24 18:00:00,Tripura,Dhalai,BRIDGE_DAMAGE,HIGH,BLOCKED,1,22.8,Structural wear or adverse weather (bridge_damage),23.7885,91.8902,BRO_BORDER_ROADS
D001131,NH-54,2025-08-24 19:48:00,Mizoram,Kolasib,HEAVY_RAIN,CRITICAL,BLOCKED,1,31.2,Structural wear or adverse weather (heavy_rain),24.1276,92.7334,HIGHWAY_PATROL
D001132,NH-06,2025-08-24 21:36:00,Meghalaya,West Jaintia Hills,ACCIDENT,LOW,OPEN,0,1.6,Structural wear or adverse weather (accident),25.478,92.0752,PWD_NER
D001133,NH-02,2025-08-24 23:24:00,Manipur,Bishnupur,HEAVY_RAIN,HIGH,PARTIAL,0,1.9,Structural wear or adverse weather (heavy_rain),24.7691,93.8764,PWD_NER
D001134,NH-310,2025-08-25 01:12:00,Sikkim,North Sikkim,ACCIDENT,LOW,OPEN,0,3.1,Structural wear or adverse weather (accident),27.5478,88.6515,PWD_NER
D001135,NH-13,2025-08-25 03:00:00,Arunachal Pradesh,Tawang,BRIDGE_DAMAGE,MEDIUM,PARTIAL,0,5.9,Structural wear or adverse weather (bridge_damage),27.5422,92.0003,BRO_BORDER_ROADS
D001136,NH-206,2025-08-25 04:48:00,Meghalaya,East Khasi Hills,ROAD_DAMAGE,MEDIUM,PARTIAL,0,2.8,Structural wear or adverse weather (road_damage),25.639,92.0054,PWD_NER
D001137,NH-27,2025-08-25 06:36:00,Assam,Nagaon,ACCIDENT,HIGH,PARTIAL,0,3.7,Structural wear or adverse weather (accident),26.4523,92.7588,BRO_BORDER_ROADS
D001138,NH-13,2025-08-25 08:24:00,Arunachal Pradesh,Tawang,BRIDGE_DAMAGE,CRITICAL,BLOCKED,1,31.7,Structural wear or adverse weather (bridge_damage),27.5722,91.9105,HIGHWAY_PATROL
D001139,NH-27,2025-08-25 10:12:00,Assam,Kamrup Metropolitan,ROAD_DAMAGE,MEDIUM,PARTIAL,0,4.7,Structural wear or adverse weather (road_damage),26.1925,91.617,HIGHWAY_PATROL
D001140,NH-08,2025-08-25 12:00:00,Tripura,Sipahijala,BRIDGE_DAMAGE,CRITICAL,BLOCKED,1,20.5,Structural wear or adverse weather (bridge_damage),23.6457,91.4199,PWD_NER
D001141,NH-02,2025-08-25 13:48:00,Manipur,Bishnupur,ACCIDENT,LOW,OPEN,0,4.6,Structural wear or adverse weather (accident),24.6552,93.6557,BRO_BORDER_ROADS
D001142,NH-02,2025-08-25 15:36:00,Manipur,Imphal West,HEAVY_RAIN,HIGH,PARTIAL,0,1.9,Structural wear or adverse weather (heavy_rain),24.9494,94.0209,HIGHWAY_PATROL
D001143,NH-13,2025-08-25 17:24:00,Arunachal Pradesh,Tawang,HEAVY_RAIN,HIGH,PARTIAL,0,4.4,Structural wear or adverse weather (heavy_rain),27.4469,91.7154,PWD_NER
D001144,NH-13,2025-08-25 19:12:00,Arunachal Pradesh,Tawang,BRIDGE_DAMAGE,HIGH,BLOCKED,1,12.4,Structural wear or adverse weather (bridge_damage),27.6889,91.7788,BRO_BORDER_ROADS
D001145,NH-27,2025-08-25 21:00:00,Assam,Nagaon,ROAD_DAMAGE,HIGH,BLOCKED,1,24.2,Structural wear or adverse weather (road_damage),26.2147,92.6866,PWD_NER
D001146,NH-06,2025-08-25 22:48:00,Meghalaya,West Jaintia Hills,BRIDGE_DAMAGE,CRITICAL,BLOCKED,1,29.7,Structural wear or adverse weather (bridge_damage),25.3433,92.1025,HIGHWAY_PATROL
D001147,NH-15,2025-08-26 00:36:00,Assam,Sonitpur,ACCIDENT,HIGH,PARTIAL,0,6.4,Structural wear or adverse weather (accident),26.5601,92.7014,HIGHWAY_PATROL
D001148,NH-13,2025-08-26 02:24:00,Arunachal Pradesh,Lower Subansiri,ACCIDENT,LOW,OPEN,0,7.4,Structural wear or adverse weather (accident),27.5753,93.7717,PWD_NER
D001149,NH-310,2025-08-26 04:12:00,Sikkim,North Sikkim,ROAD_DAMAGE,MEDIUM,PARTIAL,0,4.6,Structural wear or adverse weather (road_damage),27.5393,88.453,BRO_BORDER_ROADS
D001150,NH-15,2025-08-26 06:00:00,Assam,Darrang,ROAD_DAMAGE,HIGH,BLOCKED,1,5.3,Structural wear or adverse weather (road_damage),26.4587,92.0744,PWD_NER
D001151,NH-27,2025-08-26 07:48:00,Assam,Kamrup Metropolitan,ACCIDENT,LOW,OPEN,0,7.4,Structural wear or adverse weather (accident),26.0051,91.7986,BRO_BORDER_ROADS
D001152,NH-15,2025-08-26 09:36:00,Assam,Darrang,BRIDGE_DAMAGE,HIGH,BLOCKED,1,24.1,Structural wear or adverse weather (bridge_damage),26.4084,91.9585,PWD_NER
D001153,NH-27,2025-08-26 11:24:00,Assam,Kamrup Metropolitan,HEAVY_RAIN,CRITICAL,BLOCKED,1,11.0,Structural wear or adverse weather (heavy_rain),26.0334,91.8482,PWD_NER
D001154,NH-13,2025-08-26 13:12:00,Arunachal Pradesh,Tawang,ACCIDENT,HIGH,PARTIAL,0,2.4,Structural wear or adverse weather (accident),27.6746,91.9282,PWD_NER
D001155,NH-29,2025-08-26 15:00:00,Nagaland,Kohima,HEAVY_RAIN,MEDIUM,PARTIAL,0,6.3,Structural wear or adverse weather (heavy_rain),25.5276,93.979,HIGHWAY_PATROL
D001156,NH-02,2025-08-26 16:48:00,Manipur,Imphal West,HEAVY_RAIN,MEDIUM,PARTIAL,0,6.6,Structural wear or adverse weather (heavy_rain),24.8908,93.9546,BRO_BORDER_ROADS
D001157,NH-08,2025-08-26 18:36:00,Tripura,Dhalai,ACCIDENT,HIGH,PARTIAL,0,2.3,Structural wear or adverse weather (accident),23.7349,91.8946,HIGHWAY_PATROL
D001158,NH-310,2025-08-26 20:24:00,Sikkim,North Sikkim,BRIDGE_DAMAGE,MEDIUM,PARTIAL,0,1.7,Structural wear or adverse weather (bridge_damage),27.5887,88.463,PWD_NER
D001159,NH-206,2025-08-26 22:12:00,Meghalaya,East Khasi Hills,BRIDGE_DAMAGE,HIGH,BLOCKED,1,29.0,Structural wear or adverse weather (bridge_damage),25.6745,91.7807,HIGHWAY_PATROL
D001160,NH-29,2025-08-27 00:00:00,Nagaland,Kohima,ROAD_DAMAGE,CRITICAL,BLOCKED,1,13.5,Structural wear or adverse weather (road_damage),25.5871,94.0207,PWD_NER
D001161,NH-127B,2025-08-27 01:48:00,Meghalaya,West Khasi Hills,ACCIDENT,LOW,OPEN,0,5.9,Structural wear or adverse weather (accident),25.4075,91.1541,BRO_BORDER_ROADS
D001162,NH-08,2025-08-27 03:36:00,Tripura,Dhalai,HEAVY_RAIN,MEDIUM,PARTIAL,0,2.0,Structural wear or adverse weather (heavy_rain),23.8122,91.824,PWD_NER
D001163,NH-27,2025-08-27 05:24:00,Assam,Kamrup Metropolitan,ROAD_DAMAGE,CRITICAL,BLOCKED,1,28.3,Structural wear or adverse weather (road_damage),26.1068,91.5974,BRO_BORDER_ROADS
D001164,NH-10,2025-08-27 07:12:00,Sikkim,East Sikkim,HEAVY_RAIN,MEDIUM,PARTIAL,0,5.2,Structural wear or adverse weather (heavy_rain),27.2521,88.6672,BRO_BORDER_ROADS
D001165,NH-13,2025-08-27 09:00:00,Arunachal Pradesh,Lower Subansiri,ROAD_DAMAGE,CRITICAL,BLOCKED,1,15.1,Structural wear or adverse weather (road_damage),27.5183,93.8271,PWD_NER
D001166,NH-510,2025-08-27 10:48:00,Sikkim,South Sikkim,ROAD_DAMAGE,HIGH,BLOCKED,1,13.8,Structural wear or adverse weather (road_damage),27.1389,88.3271,PWD_NER
D001167,NH-13,2025-08-27 12:36:00,Arunachal Pradesh,West Kameng,ACCIDENT,HIGH,PARTIAL,0,4.7,Structural wear or adverse weather (accident),27.1758,92.4181,HIGHWAY_PATROL
D001168,NH-15,2025-08-27 14:24:00,Assam,Sonitpur,HEAVY_RAIN,MEDIUM,PARTIAL,0,6.5,Structural wear or adverse weather (heavy_rain),26.6209,92.8521,PWD_NER
D001169,NH-27,2025-08-27 16:12:00,Assam,Nagaon,ACCIDENT,HIGH,PARTIAL,0,6.0,Structural wear or adverse weather (accident),26.3372,92.6385,BRO_BORDER_ROADS
D001170,NH-02,2025-08-27 18:00:00,Manipur,Bishnupur,HEAVY_RAIN,MEDIUM,PARTIAL,0,2.6,Structural wear or adverse weather (heavy_rain),24.543,93.7761,HIGHWAY_PATROL
D001171,NH-13,2025-08-27 19:48:00,Arunachal Pradesh,West Kameng,BRIDGE_DAMAGE,CRITICAL,BLOCKED,1,22.4,Structural wear or adverse weather (bridge_damage),27.2521,92.3155,HIGHWAY_PATROL
D001172,NH-206,2025-08-27 21:36:00,Meghalaya,East Khasi Hills,HEAVY_RAIN,HIGH,PARTIAL,0,5.8,Structural wear or adverse weather (heavy_rain),25.4751,91.9409,BRO_BORDER_ROADS
D001173,NH-13,2025-08-27 23:24:00,Arunachal Pradesh,Lower Subansiri,HEAVY_RAIN,CRITICAL,BLOCKED,1,4.3,Structural wear or adverse weather (heavy_rain),27.6428,93.6819,PWD_NER
D001174,NH-29,2025-08-28 01:12:00,Nagaland,Kohima,HEAVY_RAIN,CRITICAL,BLOCKED,1,28.1,Structural wear or adverse weather (heavy_rain),25.7722,94.1101,PWD_NER
D001175,NH-310,2025-08-28 03:00:00,Sikkim,North Sikkim,ACCIDENT,MEDIUM,PARTIAL,0,2.6,Structural wear or adverse weather (accident),27.4434,88.6677,HIGHWAY_PATROL
D001176,NH-37,2025-08-28 04:48:00,Assam,Cachar,BRIDGE_DAMAGE,MEDIUM,PARTIAL,0,5.7,Structural wear or adverse weather (bridge_damage),24.9099,92.6637,PWD_NER
D001177,NH-08,2025-08-28 06:36:00,Tripura,Dhalai,HEAVY_RAIN,CRITICAL,BLOCKED,1,21.8,Structural wear or adverse weather (heavy_rain),23.9894,91.7016,PWD_NER
D001178,NH-06,2025-08-28 08:24:00,Meghalaya,West Jaintia Hills,ACCIDENT,MEDIUM,PARTIAL,0,6.9,Structural wear or adverse weather (accident),25.5303,92.1999,BRO_BORDER_ROADS
D001179,NH-10,2025-08-28 10:12:00,Sikkim,East Sikkim,ACCIDENT,HIGH,PARTIAL,0,5.1,Structural wear or adverse weather (accident),27.2775,88.5222,HIGHWAY_PATROL
D001180,NH-206,2025-08-28 12:00:00,Meghalaya,East Khasi Hills,HEAVY_RAIN,CRITICAL,BLOCKED,1,22.1,Structural wear or adverse weather (heavy_rain),25.5945,91.7589,BRO_BORDER_ROADS
D001181,NH-206,2025-08-28 13:48:00,Meghalaya,East Khasi Hills,HEAVY_RAIN,CRITICAL,BLOCKED,1,11.6,Structural wear or adverse weather (heavy_rain),25.6472,91.9261,HIGHWAY_PATROL
D001182,NH-310,2025-08-28 15:36:00,Sikkim,North Sikkim,BRIDGE_DAMAGE,MEDIUM,PARTIAL,0,2.8,Structural wear or adverse weather (bridge_damage),27.39,88.5238,HIGHWAY_PATROL
D001183,NH-29,2025-08-28 17:24:00,Nagaland,Dimapur,BRIDGE_DAMAGE,HIGH,BLOCKED,1,19.5,Structural wear or adverse weather (bridge_damage),25.8286,93.6933,BRO_BORDER_ROADS
D001184,NH-27,2025-08-28 19:12:00,Assam,Kamrup Rural,HEAVY_RAIN,MEDIUM,PARTIAL,0,5.4,Structural wear or adverse weather (heavy_rain),26.0931,91.6641,PWD_NER
D001185,NH-13,2025-08-28 21:00:00,Arunachal Pradesh,Lower Subansiri,ACCIDENT,MEDIUM,PARTIAL,0,7.3,Structural wear or adverse weather (accident),27.6168,93.8864,HIGHWAY_PATROL
D001186,NH-54,2025-08-28 22:48:00,Mizoram,Lunglei,ACCIDENT,MEDIUM,PARTIAL,0,3.5,Structural wear or adverse weather (accident),23.0236,92.654,HIGHWAY_PATROL
D001187,NH-415,2025-08-29 00:36:00,Arunachal Pradesh,Papum Pare,ACCIDENT,LOW,OPEN,0,1.5,Structural wear or adverse weather (accident),27.246,93.7012,PWD_NER
D001188,NH-127B,2025-08-29 02:24:00,Meghalaya,West Khasi Hills,HEAVY_RAIN,HIGH,PARTIAL,0,2.7,Structural wear or adverse weather (heavy_rain),25.4826,91.4006,HIGHWAY_PATROL
D001189,NH-02,2025-08-29 04:12:00,Manipur,Bishnupur,BRIDGE_DAMAGE,MEDIUM,PARTIAL,0,2.4,Structural wear or adverse weather (bridge_damage),24.5936,93.7387,BRO_BORDER_ROADS
D001190,NH-54,2025-08-29 06:00:00,Mizoram,Kolasib,ACCIDENT,LOW,OPEN,0,3.1,Structural wear or adverse weather (accident),24.3573,92.7678,PWD_NER
D001191,NH-29,2025-08-29 07:48:00,Nagaland,Kohima,HEAVY_RAIN,HIGH,PARTIAL,0,3.3,Structural wear or adverse weather (heavy_rain),25.5514,94.2058,PWD_NER
D001192,NH-37,2025-08-29 09:36:00,Assam,Cachar,ROAD_DAMAGE,CRITICAL,BLOCKED,1,11.9,Structural wear or adverse weather (road_damage),24.8757,92.8997,BRO_BORDER_ROADS
D001193,NH-54,2025-08-29 11:24:00,Mizoram,Kolasib,HEAVY_RAIN,MEDIUM,PARTIAL,0,2.1,Structural wear or adverse weather (heavy_rain),24.3008,92.761,HIGHWAY_PATROL
D001194,NH-08,2025-08-29 13:12:00,Tripura,West Tripura,HEAVY_RAIN,HIGH,PARTIAL,0,2.6,Structural wear or adverse weather (heavy_rain),23.9126,91.2724,HIGHWAY_PATROL
D001195,NH-06,2025-08-29 15:00:00,Meghalaya,Ri-Bhoi,HEAVY_RAIN,HIGH,PARTIAL,0,4.1,Structural wear or adverse weather (heavy_rain),25.7837,91.7464,PWD_NER
D001196,NH-206,2025-08-29 16:48:00,Meghalaya,East Khasi Hills,BRIDGE_DAMAGE,CRITICAL,BLOCKED,1,31.1,Structural wear or adverse weather (bridge_damage),25.5582,91.9503,PWD_NER
D001197,NH-510,2025-08-29 18:36:00,Sikkim,South Sikkim,ROAD_DAMAGE,MEDIUM,PARTIAL,0,1.8,Structural wear or adverse weather (road_damage),27.1389,88.3271,BRO_BORDER_ROADS
D001198,NH-02,2025-08-29 20:24:00,Manipur,Bishnupur,HEAVY_RAIN,HIGH,PARTIAL,0,2.2,Structural wear or adverse weather (heavy_rain),24.7805,93.7869,BRO_BORDER_ROADS
D001199,NH-29,2025-08-29 22:12:00,Nagaland,Kohima,BRIDGE_DAMAGE,CRITICAL,BLOCKED,1,20.9,Structural wear or adverse weather (bridge_damage),25.5345,93.9932,BRO_BORDER_ROADS
D001200,NH-27,2025-08-30 00:00:00,Assam,Kamrup Rural,BRIDGE_DAMAGE,CRITICAL,BLOCKED,1,28.5,Structural wear or adverse weather (bridge_damage),26.0612,91.5205,HIGHWAY_PATROL
D001201,NH-310,2025-08-30 01:48:00,Sikkim,North Sikkim,BRIDGE_DAMAGE,MEDIUM,PARTIAL,0,4.5,Structural wear or adverse weather (bridge_damage),27.5997,88.4745,HIGHWAY_PATROL
D001202,NH-54,2025-08-30 03:36:00,Mizoram,Lunglei,HEAVY_RAIN,HIGH,PARTIAL,0,4.8,Structural wear or adverse weather (heavy_rain),22.7397,92.8342,PWD_NER
D001203,NH-54,2025-08-30 05:24:00,Mizoram,Lunglei,HEAVY_RAIN,CRITICAL,BLOCKED,1,20.3,Structural wear or adverse weather (heavy_rain),22.8825,92.7644,HIGHWAY_PATROL
D001204,NH-02,2025-08-30 07:12:00,Manipur,Bishnupur,ACCIDENT,HIGH,PARTIAL,0,2.2,Structural wear or adverse weather (accident),24.7284,93.6369,BRO_BORDER_ROADS
D001205,NH-02,2025-08-30 09:00:00,Manipur,Senapati,HEAVY_RAIN,CRITICAL,BLOCKED,1,6.9,Structural wear or adverse weather (heavy_rain),25.3384,93.9295,BRO_BORDER_ROADS
D001206,NH-13,2025-08-30 10:48:00,Arunachal Pradesh,West Kameng,BRIDGE_DAMAGE,CRITICAL,BLOCKED,1,8.0,Structural wear or adverse weather (bridge_damage),27.1392,92.3132,BRO_BORDER_ROADS
D001207,NH-08,2025-08-30 12:36:00,Tripura,West Tripura,HEAVY_RAIN,CRITICAL,BLOCKED,1,20.9,Structural wear or adverse weather (heavy_rain),23.8936,91.3477,HIGHWAY_PATROL
D001208,NH-13,2025-08-30 14:24:00,Arunachal Pradesh,Lower Subansiri,HEAVY_RAIN,CRITICAL,BLOCKED,1,31.3,Structural wear or adverse weather (heavy_rain),27.555,93.92,PWD_NER
D001209,NH-310,2025-08-30 16:12:00,Sikkim,North Sikkim,BRIDGE_DAMAGE,MEDIUM,PARTIAL,0,5.0,Structural wear or adverse weather (bridge_damage),27.4305,88.5801,HIGHWAY_PATROL
D001210,NH-37,2025-08-30 18:00:00,Assam,Dibrugarh,HEAVY_RAIN,CRITICAL,BLOCKED,1,11.2,Structural wear or adverse weather (heavy_rain),27.4085,94.8435,HIGHWAY_PATROL
D001211,NH-27,2025-08-30 19:48:00,Assam,Nagaon,ROAD_DAMAGE,CRITICAL,BLOCKED,1,9.5,Structural wear or adverse weather (road_damage),26.2147,92.6866,PWD_NER
D001212,NH-15,2025-08-30 21:36:00,Assam,Darrang,BRIDGE_DAMAGE,CRITICAL,BLOCKED,1,29.4,Structural wear or adverse weather (bridge_damage),26.5922,92.0597,HIGHWAY_PATROL
D001213,NH-27,2025-08-30 23:24:00,Assam,Nagaon,ROAD_DAMAGE,CRITICAL,BLOCKED,1,15.0,Structural wear or adverse weather (road_damage),26.4093,92.5912,PWD_NER
D001214,NH-27,2025-08-31 01:12:00,Assam,Nagaon,HEAVY_RAIN,CRITICAL,BLOCKED,1,21.7,Structural wear or adverse weather (heavy_rain),26.3604,92.5523,PWD_NER
D001215,NH-29,2025-08-31 03:00:00,Nagaland,Kohima,ROAD_DAMAGE,MEDIUM,PARTIAL,0,4.2,Structural wear or adverse weather (road_damage),25.6214,94.1682,BRO_BORDER_ROADS
D001216,NH-27,2025-08-31 04:48:00,Assam,Nagaon,HEAVY_RAIN,CRITICAL,BLOCKED,1,27.9,Structural wear or adverse weather (heavy_rain),26.285,92.6221,BRO_BORDER_ROADS
D001217,NH-15,2025-08-31 06:36:00,Assam,Darrang,HEAVY_RAIN,MEDIUM,PARTIAL,0,4.7,Structural wear or adverse weather (heavy_rain),26.3317,91.93,PWD_NER
D001218,NH-127B,2025-08-31 08:24:00,Meghalaya,West Khasi Hills,ROAD_DAMAGE,HIGH,BLOCKED,1,22.3,Structural wear or adverse weather (road_damage),25.4795,91.3567,BRO_BORDER_ROADS
D001219,NH-08,2025-08-31 10:12:00,Tripura,Dhalai,HEAVY_RAIN,CRITICAL,BLOCKED,1,30.6,Structural wear or adverse weather (heavy_rain),23.9849,91.8136,HIGHWAY_PATROL
D001220,NH-515,2025-08-31 12:00:00,Arunachal Pradesh,East Siang,BRIDGE_DAMAGE,MEDIUM,PARTIAL,0,1.7,Structural wear or adverse weather (bridge_damage),28.0294,95.2962,PWD_NER
D001221,NH-27,2025-08-31 13:48:00,Assam,Kamrup Rural,ACCIDENT,LOW,OPEN,0,5.5,Structural wear or adverse weather (accident),26.192,91.6426,PWD_NER
D001222,NH-54,2025-08-31 15:36:00,Mizoram,Kolasib,BRIDGE_DAMAGE,HIGH,BLOCKED,1,7.3,Structural wear or adverse weather (bridge_damage),24.1171,92.634,HIGHWAY_PATROL
D001223,NH-515,2025-08-31 17:24:00,Arunachal Pradesh,East Siang,BRIDGE_DAMAGE,MEDIUM,PARTIAL,0,3.2,Structural wear or adverse weather (bridge_damage),28.0329,95.2895,HIGHWAY_PATROL
D001224,NH-206,2025-08-31 19:12:00,Meghalaya,East Khasi Hills,HEAVY_RAIN,MEDIUM,PARTIAL,0,3.8,Structural wear or adverse weather (heavy_rain),25.5868,91.9613,PWD_NER
D001225,NH-02,2025-08-31 21:00:00,Manipur,Senapati,ACCIDENT,HIGH,PARTIAL,0,2.2,Structural wear or adverse weather (accident),25.2003,93.9533,HIGHWAY_PATROL
D001226,NH-13,2025-08-31 22:48:00,Arunachal Pradesh,Tawang,HEAVY_RAIN,MEDIUM,PARTIAL,0,2.8,Structural wear or adverse weather (heavy_rain),27.7187,91.8347,HIGHWAY_PATROL
D001227,NH-02,2025-09-01 00:36:00,Manipur,Senapati,ROAD_DAMAGE,HIGH,BLOCKED,1,10.7,Structural wear or adverse weather (road_damage),25.1237,93.912,BRO_BORDER_ROADS
D001228,NH-127B,2025-09-01 02:24:00,Meghalaya,West Khasi Hills,BRIDGE_DAMAGE,HIGH,BLOCKED,1,17.1,Structural wear or adverse weather (bridge_damage),25.4752,91.143,PWD_NER
D001229,NH-27,2025-09-01 04:12:00,Assam,Kamrup Rural,ACCIDENT,MEDIUM,PARTIAL,0,6.1,Structural wear or adverse weather (accident),26.2731,91.6203,BRO_BORDER_ROADS
D001230,NH-13,2025-09-01 06:00:00,Arunachal Pradesh,Lower Subansiri,ACCIDENT,LOW,OPEN,0,1.6,Structural wear or adverse weather (accident),27.415,93.7213,PWD_NER
D001231,NH-13,2025-09-01 07:48:00,Arunachal Pradesh,West Kameng,ACCIDENT,LOW,OPEN,0,4.5,Structural wear or adverse weather (accident),27.2706,92.361,HIGHWAY_PATROL
D001232,NH-54,2025-09-01 09:36:00,Mizoram,Lunglei,ROAD_DAMAGE,MEDIUM,PARTIAL,0,5.0,Structural wear or adverse weather (road_damage),22.9511,92.7374,HIGHWAY_PATROL
D001233,NH-06,2025-09-01 11:24:00,Meghalaya,West Jaintia Hills,HEAVY_RAIN,HIGH,PARTIAL,0,6.9,Structural wear or adverse weather (heavy_rain),25.5707,92.1607,HIGHWAY_PATROL
D001234,NH-515,2025-09-01 13:12:00,Arunachal Pradesh,East Siang,BRIDGE_DAMAGE,CRITICAL,BLOCKED,1,31.3,Structural wear or adverse weather (bridge_damage),28.0294,95.2962,HIGHWAY_PATROL
D001235,NH-27,2025-09-01 15:00:00,Assam,Nagaon,ROAD_DAMAGE,HIGH,BLOCKED,1,5.8,Structural wear or adverse weather (road_damage),26.2214,92.6512,BRO_BORDER_ROADS
D001236,NH-02,2025-09-01 16:48:00,Manipur,Senapati,ACCIDENT,HIGH,PARTIAL,0,6.0,Structural wear or adverse weather (accident),25.1816,94.0021,HIGHWAY_PATROL
D001237,NH-10,2025-09-01 18:36:00,Sikkim,East Sikkim,ACCIDENT,HIGH,PARTIAL,0,5.1,Structural wear or adverse weather (accident),27.2579,88.5512,BRO_BORDER_ROADS
D001238,NH-515,2025-09-01 20:24:00,Arunachal Pradesh,East Siang,BRIDGE_DAMAGE,HIGH,BLOCKED,1,30.6,Structural wear or adverse weather (bridge_damage),28.129,95.2574,BRO_BORDER_ROADS
D001239,NH-13,2025-09-01 22:12:00,Arunachal Pradesh,Tawang,HEAVY_RAIN,HIGH,PARTIAL,0,5.2,Structural wear or adverse weather (heavy_rain),27.5837,91.936,BRO_BORDER_ROADS
D001240,NH-15,2025-09-02 00:00:00,Assam,Darrang,ROAD_DAMAGE,HIGH,BLOCKED,1,18.0,Structural wear or adverse weather (road_damage),26.5711,92.1291,HIGHWAY_PATROL
D001241,NH-08,2025-09-02 01:48:00,Tripura,Sipahijala,HEAVY_RAIN,HIGH,PARTIAL,0,2.4,Structural wear or adverse weather (heavy_rain),23.69,91.1915,PWD_NER
D001242,NH-02,2025-09-02 03:36:00,Nagaland,Mokokchung,HEAVY_RAIN,HIGH,PARTIAL,0,6.7,Structural wear or adverse weather (heavy_rain),26.3335,94.6633,BRO_BORDER_ROADS
D001243,NH-27,2025-09-02 05:24:00,Assam,Kamrup Metropolitan,ACCIDENT,LOW,OPEN,0,2.9,Structural wear or adverse weather (accident),26.2415,91.6083,PWD_NER
D001244,NH-27,2025-09-02 07:12:00,Assam,Nagaon,BRIDGE_DAMAGE,HIGH,BLOCKED,1,4.3,Structural wear or adverse weather (bridge_damage),26.2373,92.589,BRO_BORDER_ROADS
D001245,NH-13,2025-09-02 09:00:00,Arunachal Pradesh,Tawang,ROAD_DAMAGE,HIGH,BLOCKED,1,27.6,Structural wear or adverse weather (road_damage),27.5792,91.9169,HIGHWAY_PATROL
D001246,NH-13,2025-09-02 10:48:00,Arunachal Pradesh,Lower Subansiri,HEAVY_RAIN,CRITICAL,BLOCKED,1,19.8,Structural wear or adverse weather (heavy_rain),27.6168,93.8864,HIGHWAY_PATROL
D001247,NH-515,2025-09-02 12:36:00,Arunachal Pradesh,East Siang,ACCIDENT,LOW,OPEN,0,3.0,Structural wear or adverse weather (accident),27.928,95.3056,PWD_NER
D001248,NH-27,2025-09-02 14:24:00,Assam,Kamrup Rural,HEAVY_RAIN,CRITICAL,BLOCKED,1,20.6,Structural wear or adverse weather (heavy_rain),26.2058,91.66,PWD_NER
D001249,NH-06,2025-09-02 16:12:00,Meghalaya,Ri-Bhoi,HEAVY_RAIN,CRITICAL,BLOCKED,1,28.9,Structural wear or adverse weather (heavy_rain),25.7599,92.0086,PWD_NER
D001250,NH-06,2025-09-02 18:00:00,Meghalaya,Ri-Bhoi,ROAD_DAMAGE,HIGH,BLOCKED,1,13.6,Structural wear or adverse weather (road_damage),25.9844,91.8332,PWD_NER
D001251,NH-27,2025-09-02 19:48:00,Assam,Kamrup Rural,ROAD_DAMAGE,HIGH,BLOCKED,1,21.1,Structural wear or adverse weather (road_damage),26.0986,91.6038,HIGHWAY_PATROL
D001252,NH-02,2025-09-02 21:36:00,Nagaland,Mokokchung,ACCIDENT,MEDIUM,PARTIAL,0,4.7,Structural wear or adverse weather (accident),26.3788,94.6558,BRO_BORDER_ROADS
D001253,NH-515,2025-09-02 23:24:00,Arunachal Pradesh,East Siang,BRIDGE_DAMAGE,CRITICAL,BLOCKED,1,29.0,Structural wear or adverse weather (bridge_damage),28.0294,95.2962,PWD_NER
D001254,NH-08,2025-09-03 01:12:00,Tripura,Dhalai,ACCIDENT,MEDIUM,PARTIAL,0,3.4,Structural wear or adverse weather (accident),23.9774,91.7348,BRO_BORDER_ROADS
D001255,NH-02,2025-09-03 03:00:00,Manipur,Bishnupur,BRIDGE_DAMAGE,MEDIUM,PARTIAL,0,2.6,Structural wear or adverse weather (bridge_damage),24.603,93.6823,PWD_NER
D001256,NH-515,2025-09-03 04:48:00,Arunachal Pradesh,East Siang,ACCIDENT,MEDIUM,PARTIAL,0,6.1,Structural wear or adverse weather (accident),28.212,95.3283,PWD_NER
D001257,NH-310,2025-09-03 06:36:00,Sikkim,North Sikkim,ACCIDENT,HIGH,PARTIAL,0,2.0,Structural wear or adverse weather (accident),27.4736,88.6222,BRO_BORDER_ROADS
D001258,NH-515,2025-09-03 08:24:00,Arunachal Pradesh,East Siang,BRIDGE_DAMAGE,MEDIUM,PARTIAL,0,7.1,Structural wear or adverse weather (bridge_damage),28.1968,95.2675,PWD_NER
D001259,NH-54,2025-09-03 10:12:00,Mizoram,Lunglei,ROAD_DAMAGE,HIGH,BLOCKED,1,16.2,Structural wear or adverse weather (road_damage),22.8825,92.7644,BRO_BORDER_ROADS
D001260,NH-510,2025-09-03 12:00:00,Sikkim,South Sikkim,ROAD_DAMAGE,HIGH,BLOCKED,1,4.4,Structural wear or adverse weather (road_damage),27.1007,88.354,HIGHWAY_PATROL
D001261,NH-10,2025-09-03 13:48:00,Sikkim,East Sikkim,ACCIDENT,HIGH,PARTIAL,0,1.9,Structural wear or adverse weather (accident),27.2771,88.515,BRO_BORDER_ROADS
D001262,NH-310,2025-09-03 15:36:00,Sikkim,North Sikkim,HEAVY_RAIN,MEDIUM,PARTIAL,0,5.4,Structural wear or adverse weather (heavy_rain),27.5237,88.6308,PWD_NER
D001263,NH-10,2025-09-03 17:24:00,Sikkim,East Sikkim,HEAVY_RAIN,HIGH,PARTIAL,0,1.7,Structural wear or adverse weather (heavy_rain),27.4262,88.5308,HIGHWAY_PATROL
D001264,NH-08,2025-09-03 19:12:00,Tripura,Sipahijala,ROAD_DAMAGE,HIGH,BLOCKED,1,27.2,Structural wear or adverse weather (road_damage),23.6476,91.3545,PWD_NER
D001265,NH-29,2025-09-03 21:00:00,Nagaland,Dimapur,BRIDGE_DAMAGE,CRITICAL,BLOCKED,1,8.1,Structural wear or adverse weather (bridge_damage),26.0065,93.6687,BRO_BORDER_ROADS
D001266,NH-06,2025-09-03 22:48:00,Meghalaya,West Jaintia Hills,BRIDGE_DAMAGE,CRITICAL,BLOCKED,1,16.3,Structural wear or adverse weather (bridge_damage),25.3064,92.1067,HIGHWAY_PATROL
D001267,NH-13,2025-09-04 00:36:00,Arunachal Pradesh,Tawang,HEAVY_RAIN,MEDIUM,PARTIAL,0,4.5,Structural wear or adverse weather (heavy_rain),27.531,91.9222,PWD_NER
D001268,NH-08,2025-09-04 02:24:00,Tripura,Dhalai,BRIDGE_DAMAGE,CRITICAL,BLOCKED,1,12.0,Structural wear or adverse weather (bridge_damage),23.8458,91.7208,BRO_BORDER_ROADS
D001269,NH-415,2025-09-04 04:12:00,Arunachal Pradesh,Papum Pare,ROAD_DAMAGE,CRITICAL,BLOCKED,1,14.1,Structural wear or adverse weather (road_damage),27.1666,93.5167,BRO_BORDER_ROADS
D001270,NH-29,2025-09-04 06:00:00,Nagaland,Dimapur,ROAD_DAMAGE,CRITICAL,BLOCKED,1,30.2,Structural wear or adverse weather (road_damage),25.8901,93.8196,HIGHWAY_PATROL
D001271,NH-515,2025-09-04 07:48:00,Arunachal Pradesh,East Siang,ROAD_DAMAGE,MEDIUM,PARTIAL,0,5.4,Structural wear or adverse weather (road_damage),28.0953,95.387,PWD_NER
D001272,NH-02,2025-09-04 09:36:00,Nagaland,Mokokchung,ACCIDENT,HIGH,PARTIAL,0,7.5,Structural wear or adverse weather (accident),26.4045,94.6588,HIGHWAY_PATROL
D001273,NH-29,2025-09-04 11:24:00,Nagaland,Kohima,ACCIDENT,MEDIUM,PARTIAL,0,5.2,Structural wear or adverse weather (accident),25.7806,94.1032,HIGHWAY_PATROL
D001274,NH-08,2025-09-04 13:12:00,Tripura,Dhalai,ACCIDENT,MEDIUM,PARTIAL,0,7.3,Structural wear or adverse weather (accident),23.7453,91.7186,HIGHWAY_PATROL
D001275,NH-08,2025-09-04 15:00:00,Tripura,Sipahijala,HEAVY_RAIN,HIGH,PARTIAL,0,7.4,Structural wear or adverse weather (heavy_rain),23.6255,91.4223,BRO_BORDER_ROADS
D001276,NH-27,2025-09-04 16:48:00,Assam,Kamrup Metropolitan,BRIDGE_DAMAGE,HIGH,BLOCKED,1,22.0,Structural wear or adverse weather (bridge_damage),26.2565,91.6862,PWD_NER
D001277,NH-15,2025-09-04 18:36:00,Assam,Darrang,ACCIDENT,HIGH,PARTIAL,0,4.2,Structural wear or adverse weather (accident),26.5067,92.1641,HIGHWAY_PATROL
D001278,NH-27,2025-09-04 20:24:00,Assam,Nagaon,ROAD_DAMAGE,HIGH,BLOCKED,1,15.2,Structural wear or adverse weather (road_damage),26.3231,92.6705,PWD_NER
D001279,NH-02,2025-09-04 22:12:00,Manipur,Imphal West,ROAD_DAMAGE,CRITICAL,BLOCKED,1,5.3,Structural wear or adverse weather (road_damage),24.699,94.0629,BRO_BORDER_ROADS
D001280,NH-54,2025-09-05 00:00:00,Mizoram,Kolasib,ROAD_DAMAGE,CRITICAL,BLOCKED,1,22.2,Structural wear or adverse weather (road_damage),24.1276,92.7334,BRO_BORDER_ROADS
D001281,NH-08,2025-09-05 01:48:00,Tripura,Sipahijala,HEAVY_RAIN,MEDIUM,PARTIAL,0,3.7,Structural wear or adverse weather (heavy_rain),23.7355,91.2518,PWD_NER
D001282,NH-37,2025-09-05 03:36:00,Assam,Dibrugarh,BRIDGE_DAMAGE,HIGH,BLOCKED,1,5.5,Structural wear or adverse weather (bridge_damage),27.6192,94.8887,BRO_BORDER_ROADS
D001283,NH-10,2025-09-05 05:24:00,Sikkim,East Sikkim,HEAVY_RAIN,HIGH,PARTIAL,0,6.5,Structural wear or adverse weather (heavy_rain),27.4215,88.7208,BRO_BORDER_ROADS
D001284,NH-54,2025-09-05 07:12:00,Mizoram,Kolasib,ACCIDENT,HIGH,PARTIAL,0,1.6,Structural wear or adverse weather (accident),24.2855,92.7633,HIGHWAY_PATROL
D001285,NH-29,2025-09-05 09:00:00,Nagaland,Dimapur,ACCIDENT,HIGH,PARTIAL,0,4.2,Structural wear or adverse weather (accident),25.9054,93.7664,BRO_BORDER_ROADS
D001286,NH-13,2025-09-05 10:48:00,Arunachal Pradesh,West Kameng,BRIDGE_DAMAGE,HIGH,BLOCKED,1,20.0,Structural wear or adverse weather (bridge_damage),27.3369,92.2962,PWD_NER
D001287,NH-515,2025-09-05 12:36:00,Arunachal Pradesh,East Siang,ROAD_DAMAGE,CRITICAL,BLOCKED,1,12.6,Structural wear or adverse weather (road_damage),27.996,95.2278,BRO_BORDER_ROADS
D001288,NH-54,2025-09-05 14:24:00,Mizoram,Aizawl,HEAVY_RAIN,MEDIUM,PARTIAL,0,6.8,Structural wear or adverse weather (heavy_rain),23.7243,92.8629,HIGHWAY_PATROL
D001289,NH-06,2025-09-05 16:12:00,Meghalaya,West Jaintia Hills,BRIDGE_DAMAGE,HIGH,BLOCKED,1,28.3,Structural wear or adverse weather (bridge_damage),25.5398,92.2629,PWD_NER
D001290,NH-54,2025-09-05 18:00:00,Mizoram,Kolasib,HEAVY_RAIN,MEDIUM,PARTIAL,0,5.1,Structural wear or adverse weather (heavy_rain),24.2319,92.8151,PWD_NER
D001291,NH-15,2025-09-05 19:48:00,Assam,Darrang,HEAVY_RAIN,HIGH,PARTIAL,0,6.9,Structural wear or adverse weather (heavy_rain),26.5131,91.8813,BRO_BORDER_ROADS
D001292,NH-02,2025-09-05 21:36:00,Nagaland,Mokokchung,ROAD_DAMAGE,HIGH,BLOCKED,1,9.2,Structural wear or adverse weather (road_damage),26.2893,94.4287,HIGHWAY_PATROL
D001293,NH-515,2025-09-05 23:24:00,Arunachal Pradesh,East Siang,BRIDGE_DAMAGE,MEDIUM,PARTIAL,0,2.1,Structural wear or adverse weather (bridge_damage),28.1572,95.3426,HIGHWAY_PATROL
D001294,NH-02,2025-09-06 01:12:00,Manipur,Bishnupur,ROAD_DAMAGE,MEDIUM,PARTIAL,0,4.1,Structural wear or adverse weather (road_damage),24.626,93.6277,BRO_BORDER_ROADS
D001295,NH-29,2025-09-06 03:00:00,Nagaland,Dimapur,BRIDGE_DAMAGE,HIGH,BLOCKED,1,16.6,Structural wear or adverse weather (bridge_damage),25.9359,93.628,HIGHWAY_PATROL
D001296,NH-08,2025-09-06 04:48:00,Tripura,Sipahijala,ROAD_DAMAGE,MEDIUM,PARTIAL,0,7.2,Structural wear or adverse weather (road_damage),23.5085,91.1852,PWD_NER
D001297,NH-08,2025-09-06 06:36:00,Tripura,Dhalai,BRIDGE_DAMAGE,MEDIUM,PARTIAL,0,7.5,Structural wear or adverse weather (bridge_damage),23.8458,91.7208,BRO_BORDER_ROADS
D001298,NH-06,2025-09-06 08:24:00,Meghalaya,Ri-Bhoi,BRIDGE_DAMAGE,HIGH,BLOCKED,1,19.0,Structural wear or adverse weather (bridge_damage),25.9282,91.9141,PWD_NER
D001299,NH-206,2025-09-06 10:12:00,Meghalaya,East Khasi Hills,ACCIDENT,MEDIUM,PARTIAL,0,2.8,Structural wear or adverse weather (accident),25.5596,91.9953,PWD_NER
D001300,NH-54,2025-09-06 12:00:00,Mizoram,Lunglei,HEAVY_RAIN,HIGH,PARTIAL,0,5.3,Structural wear or adverse weather (heavy_rain),22.9736,92.5957,BRO_BORDER_ROADS
D001301,NH-415,2025-09-06 13:48:00,Arunachal Pradesh,Papum Pare,ACCIDENT,MEDIUM,PARTIAL,0,7.3,Structural wear or adverse weather (accident),26.9737,93.6957,HIGHWAY_PATROL
D001302,NH-54,2025-09-06 15:36:00,Mizoram,Lunglei,HEAVY_RAIN,CRITICAL,BLOCKED,1,5.0,Structural wear or adverse weather (heavy_rain),22.9342,92.8549,HIGHWAY_PATROL
D001303,NH-415,2025-09-06 17:24:00,Arunachal Pradesh,Papum Pare,ROAD_DAMAGE,MEDIUM,PARTIAL,0,1.8,Structural wear or adverse weather (road_damage),27.1785,93.6649,BRO_BORDER_ROADS
D001304,NH-06,2025-09-06 19:12:00,Meghalaya,West Jaintia Hills,ACCIDENT,HIGH,PARTIAL,0,6.0,Structural wear or adverse weather (accident),25.4774,92.235,HIGHWAY_PATROL
D001305,NH-37,2025-09-06 21:00:00,Assam,Dibrugarh,ACCIDENT,MEDIUM,PARTIAL,0,6.5,Structural wear or adverse weather (accident),27.4444,94.8752,PWD_NER
D001306,NH-15,2025-09-06 22:48:00,Assam,Darrang,ACCIDENT,MEDIUM,PARTIAL,0,2.8,Structural wear or adverse weather (accident),26.5196,92.0874,HIGHWAY_PATROL
D001307,NH-13,2025-09-07 00:36:00,Arunachal Pradesh,Tawang,HEAVY_RAIN,CRITICAL,BLOCKED,1,7.0,Structural wear or adverse weather (heavy_rain),27.6574,91.9585,HIGHWAY_PATROL
D001308,NH-10,2025-09-07 02:24:00,Sikkim,East Sikkim,HEAVY_RAIN,HIGH,PARTIAL,0,5.2,Structural wear or adverse weather (heavy_rain),27.2546,88.5135,HIGHWAY_PATROL
D001309,NH-27,2025-09-07 04:12:00,Assam,Kamrup Metropolitan,ROAD_DAMAGE,HIGH,BLOCKED,1,28.6,Structural wear or adverse weather (road_damage),26.1068,91.5974,HIGHWAY_PATROL
D001310,NH-515,2025-09-07 06:00:00,Arunachal Pradesh,East Siang,ACCIDENT,HIGH,PARTIAL,0,6.0,Structural wear or adverse weather (accident),27.921,95.3927,HIGHWAY_PATROL
D001311,NH-415,2025-09-07 07:48:00,Arunachal Pradesh,Papum Pare,ACCIDENT,MEDIUM,PARTIAL,0,4.1,Structural wear or adverse weather (accident),27.0954,93.613,PWD_NER
D001312,NH-54,2025-09-07 09:36:00,Mizoram,Aizawl,ACCIDENT,MEDIUM,PARTIAL,0,2.2,Structural wear or adverse weather (accident),23.7569,92.6784,PWD_NER
D001313,NH-02,2025-09-07 11:24:00,Nagaland,Mokokchung,ROAD_DAMAGE,HIGH,BLOCKED,1,29.7,Structural wear or adverse weather (road_damage),26.3481,94.5759,BRO_BORDER_ROADS
D001314,NH-02,2025-09-07 13:12:00,Nagaland,Mokokchung,HEAVY_RAIN,HIGH,PARTIAL,0,4.1,Structural wear or adverse weather (heavy_rain),26.3335,94.6633,HIGHWAY_PATROL
D001315,NH-54,2025-09-07 15:00:00,Mizoram,Aizawl,ACCIDENT,MEDIUM,PARTIAL,0,5.5,Structural wear or adverse weather (accident),23.7528,92.7982,PWD_NER
D001316,NH-02,2025-09-07 16:48:00,Manipur,Imphal West,BRIDGE_DAMAGE,HIGH,BLOCKED,1,30.1,Structural wear or adverse weather (bridge_damage),24.96,93.979,BRO_BORDER_ROADS
D001317,NH-15,2025-09-07 18:36:00,Assam,Darrang,HEAVY_RAIN,HIGH,PARTIAL,0,5.1,Structural wear or adverse weather (heavy_rain),26.5739,91.9711,BRO_BORDER_ROADS
D001318,NH-27,2025-09-07 20:24:00,Assam,Kamrup Rural,ROAD_DAMAGE,MEDIUM,PARTIAL,0,5.5,Structural wear or adverse weather (road_damage),26.2731,91.6203,BRO_BORDER_ROADS
D001319,NH-27,2025-09-07 22:12:00,Assam,Kamrup Rural,BRIDGE_DAMAGE,MEDIUM,PARTIAL,0,6.9,Structural wear or adverse weather (bridge_damage),26.1003,91.4537,HIGHWAY_PATROL
D001320,NH-06,2025-09-08 00:00:00,Meghalaya,West Jaintia Hills,HEAVY_RAIN,MEDIUM,PARTIAL,0,2.6,Structural wear or adverse weather (heavy_rain),25.5738,92.2772,BRO_BORDER_ROADS
D001321,NH-510,2025-09-08 01:48:00,Sikkim,South Sikkim,ACCIDENT,HIGH,PARTIAL,0,5.4,Structural wear or adverse weather (accident),27.207,88.4781,HIGHWAY_PATROL
D001322,NH-02,2025-09-08 03:36:00,Manipur,Senapati,ROAD_DAMAGE,HIGH,BLOCKED,1,14.8,Structural wear or adverse weather (road_damage),25.2795,93.8796,PWD_NER
D001323,NH-06,2025-09-08 05:24:00,Meghalaya,West Jaintia Hills,BRIDGE_DAMAGE,HIGH,BLOCKED,1,10.1,Structural wear or adverse weather (bridge_damage),25.3539,92.2798,BRO_BORDER_ROADS
D001324,NH-13,2025-09-08 07:12:00,Arunachal Pradesh,Tawang,ROAD_DAMAGE,CRITICAL,BLOCKED,1,14.5,Structural wear or adverse weather (road_damage),27.5225,91.8697,PWD_NER
D001325,NH-10,2025-09-08 09:00:00,Sikkim,East Sikkim,ROAD_DAMAGE,CRITICAL,BLOCKED,1,14.1,Structural wear or adverse weather (road_damage),27.4623,88.7031,HIGHWAY_PATROL
D001326,NH-27,2025-09-08 10:48:00,Assam,Nagaon,ROAD_DAMAGE,CRITICAL,BLOCKED,1,31.4,Structural wear or adverse weather (road_damage),26.3942,92.6333,BRO_BORDER_ROADS
D001327,NH-08,2025-09-08 12:36:00,Tripura,Sipahijala,ROAD_DAMAGE,MEDIUM,PARTIAL,0,7.2,Structural wear or adverse weather (road_damage),23.6202,91.4063,PWD_NER
D001328,NH-29,2025-09-08 14:24:00,Nagaland,Dimapur,HEAVY_RAIN,CRITICAL,BLOCKED,1,12.1,Structural wear or adverse weather (heavy_rain),25.7645,93.6287,PWD_NER
D001329,NH-15,2025-09-08 16:12:00,Assam,Darrang,ACCIDENT,MEDIUM,PARTIAL,0,7.4,Structural wear or adverse weather (accident),26.3186,92.1801,HIGHWAY_PATROL
D001330,NH-37,2025-09-08 18:00:00,Assam,Dibrugarh,HEAVY_RAIN,MEDIUM,PARTIAL,0,6.0,Structural wear or adverse weather (heavy_rain),27.4599,94.9964,PWD_NER
D001331,NH-310,2025-09-08 19:48:00,Sikkim,North Sikkim,HEAVY_RAIN,HIGH,PARTIAL,0,2.0,Structural wear or adverse weather (heavy_rain),27.4151,88.4627,HIGHWAY_PATROL
D001332,NH-54,2025-09-08 21:36:00,Mizoram,Aizawl,BRIDGE_DAMAGE,MEDIUM,PARTIAL,0,3.6,Structural wear or adverse weather (bridge_damage),23.8028,92.7895,HIGHWAY_PATROL
D001333,NH-415,2025-09-08 23:24:00,Arunachal Pradesh,Papum Pare,ACCIDENT,HIGH,PARTIAL,0,2.7,Structural wear or adverse weather (accident),27.046,93.7157,PWD_NER
D001334,NH-06,2025-09-09 01:12:00,Meghalaya,West Jaintia Hills,HEAVY_RAIN,HIGH,PARTIAL,0,1.6,Structural wear or adverse weather (heavy_rain),25.3064,92.1067,BRO_BORDER_ROADS
D001335,NH-29,2025-09-09 03:00:00,Nagaland,Kohima,HEAVY_RAIN,HIGH,PARTIAL,0,1.7,Structural wear or adverse weather (heavy_rain),25.59,94.1006,BRO_BORDER_ROADS
D001336,NH-02,2025-09-09 04:48:00,Manipur,Senapati,HEAVY_RAIN,MEDIUM,PARTIAL,0,4.9,Structural wear or adverse weather (heavy_rain),25.1138,93.8919,BRO_BORDER_ROADS
D001337,NH-02,2025-09-09 06:36:00,Manipur,Senapati,HEAVY_RAIN,HIGH,PARTIAL,0,3.9,Structural wear or adverse weather (heavy_rain),25.3904,93.8807,BRO_BORDER_ROADS
D001338,NH-415,2025-09-09 08:24:00,Arunachal Pradesh,Papum Pare,ROAD_DAMAGE,HIGH,BLOCKED,1,7.5,Structural wear or adverse weather (road_damage),27.1892,93.6097,PWD_NER
D001339,NH-27,2025-09-09 10:12:00,Assam,Kamrup Rural,ACCIDENT,LOW,OPEN,0,3.5,Structural wear or adverse weather (accident),26.1805,91.6518,PWD_NER
D001340,NH-54,2025-09-09 12:00:00,Mizoram,Kolasib,ROAD_DAMAGE,CRITICAL,BLOCKED,1,12.9,Structural wear or adverse weather (road_damage),24.0893,92.5802,BRO_BORDER_ROADS
D001341,NH-27,2025-09-09 13:48:00,Assam,Nagaon,ROAD_DAMAGE,CRITICAL,BLOCKED,1,29.1,Structural wear or adverse weather (road_damage),26.2214,92.6512,HIGHWAY_PATROL
D001342,NH-29,2025-09-09 15:36:00,Nagaland,Dimapur,ACCIDENT,LOW,OPEN,0,3.7,Structural wear or adverse weather (accident),25.802,93.8768,PWD_NER
D001343,NH-54,2025-09-09 17:24:00,Mizoram,Lunglei,HEAVY_RAIN,MEDIUM,PARTIAL,0,3.4,Structural wear or adverse weather (heavy_rain),22.9426,92.7866,BRO_BORDER_ROADS
D001344,NH-02,2025-09-09 19:12:00,Manipur,Senapati,ROAD_DAMAGE,HIGH,BLOCKED,1,27.7,Structural wear or adverse weather (road_damage),25.2461,94.1461,PWD_NER
D001345,NH-29,2025-09-09 21:00:00,Nagaland,Dimapur,ROAD_DAMAGE,CRITICAL,BLOCKED,1,22.7,Structural wear or adverse weather (road_damage),25.9147,93.8402,BRO_BORDER_ROADS
D001346,NH-27,2025-09-09 22:48:00,Assam,Kamrup Metropolitan,ROAD_DAMAGE,HIGH,BLOCKED,1,12.6,Structural wear or adverse weather (road_damage),26.0913,91.6741,PWD_NER
D001347,NH-127B,2025-09-10 00:36:00,Meghalaya,West Khasi Hills,HEAVY_RAIN,CRITICAL,BLOCKED,1,30.9,Structural wear or adverse weather (heavy_rain),25.4168,91.2679,PWD_NER
D001348,NH-29,2025-09-10 02:24:00,Nagaland,Dimapur,ROAD_DAMAGE,HIGH,BLOCKED,1,14.7,Structural wear or adverse weather (road_damage),25.9726,93.8001,PWD_NER
D001349,NH-06,2025-09-10 04:12:00,Meghalaya,Ri-Bhoi,HEAVY_RAIN,CRITICAL,BLOCKED,1,7.1,Structural wear or adverse weather (heavy_rain),25.7853,91.7748,HIGHWAY_PATROL
D001350,NH-06,2025-09-10 06:00:00,Meghalaya,Ri-Bhoi,ROAD_DAMAGE,HIGH,BLOCKED,1,28.7,Structural wear or adverse weather (road_damage),25.7549,91.8318,PWD_NER
D001351,NH-54,2025-09-10 07:48:00,Mizoram,Aizawl,HEAVY_RAIN,HIGH,PARTIAL,0,6.9,Structural wear or adverse weather (heavy_rain),23.7695,92.6122,HIGHWAY_PATROL
D001352,NH-02,2025-09-10 09:36:00,Nagaland,Mokokchung,ROAD_DAMAGE,CRITICAL,BLOCKED,1,21.3,Structural wear or adverse weather (road_damage),26.2104,94.6244,PWD_NER
D001353,NH-37,2025-09-10 11:24:00,Assam,Dibrugarh,ROAD_DAMAGE,CRITICAL,BLOCKED,1,17.8,Structural wear or adverse weather (road_damage),27.5989,94.7767,PWD_NER
D001354,NH-13,2025-09-10 13:12:00,Arunachal Pradesh,West Kameng,ROAD_DAMAGE,HIGH,BLOCKED,1,7.1,Structural wear or adverse weather (road_damage),27.3861,92.5197,BRO_BORDER_ROADS
D001355,NH-29,2025-09-10 15:00:00,Nagaland,Dimapur,ROAD_DAMAGE,CRITICAL,BLOCKED,1,30.8,Structural wear or adverse weather (road_damage),25.8038,93.8694,BRO_BORDER_ROADS
D001356,NH-127B,2025-09-10 16:48:00,Meghalaya,West Khasi Hills,ACCIDENT,HIGH,PARTIAL,0,3.7,Structural wear or adverse weather (accident),25.6348,91.1985,BRO_BORDER_ROADS
D001357,NH-08,2025-09-10 18:36:00,Tripura,Sipahijala,ACCIDENT,MEDIUM,PARTIAL,0,4.7,Structural wear or adverse weather (accident),23.5037,91.1912,PWD_NER
D001358,NH-02,2025-09-10 20:24:00,Nagaland,Mokokchung,HEAVY_RAIN,MEDIUM,PARTIAL,0,3.8,Structural wear or adverse weather (heavy_rain),26.419,94.6393,PWD_NER
D001359,NH-02,2025-09-10 22:12:00,Nagaland,Mokokchung,BRIDGE_DAMAGE,CRITICAL,BLOCKED,1,15.0,Structural wear or adverse weather (bridge_damage),26.2619,94.6567,HIGHWAY_PATROL
D001360,NH-37,2025-09-11 00:00:00,Assam,Dibrugarh,ROAD_DAMAGE,CRITICAL,BLOCKED,1,11.2,Structural wear or adverse weather (road_damage),27.3633,94.9768,HIGHWAY_PATROL
D001361,NH-10,2025-09-11 01:48:00,Sikkim,East Sikkim,ROAD_DAMAGE,HIGH,BLOCKED,1,27.2,Structural wear or adverse weather (road_damage),27.2632,88.4893,BRO_BORDER_ROADS
D001362,NH-08,2025-09-11 03:36:00,Tripura,Sipahijala,BRIDGE_DAMAGE,HIGH,BLOCKED,1,24.0,Structural wear or adverse weather (bridge_damage),23.6894,91.4198,PWD_NER
D001363,NH-415,2025-09-11 05:24:00,Arunachal Pradesh,Papum Pare,ROAD_DAMAGE,HIGH,BLOCKED,1,30.0,Structural wear or adverse weather (road_damage),27.216,93.7001,BRO_BORDER_ROADS
D001364,NH-54,2025-09-11 07:12:00,Mizoram,Lunglei,ACCIDENT,MEDIUM,PARTIAL,0,3.5,Structural wear or adverse weather (accident),22.7456,92.6619,PWD_NER
D001365,NH-54,2025-09-11 09:00:00,Mizoram,Lunglei,ROAD_DAMAGE,HIGH,BLOCKED,1,22.8,Structural wear or adverse weather (road_damage),22.9681,92.8779,BRO_BORDER_ROADS
D001366,NH-15,2025-09-11 10:48:00,Assam,Darrang,ROAD_DAMAGE,CRITICAL,BLOCKED,1,21.1,Structural wear or adverse weather (road_damage),26.5143,92.025,PWD_NER
D001367,NH-510,2025-09-11 12:36:00,Sikkim,South Sikkim,ROAD_DAMAGE,CRITICAL,BLOCKED,1,17.4,Structural wear or adverse weather (road_damage),27.1339,88.4096,PWD_NER
D001368,NH-08,2025-09-11 14:24:00,Tripura,Dhalai,ROAD_DAMAGE,MEDIUM,PARTIAL,0,4.5,Structural wear or adverse weather (road_damage),23.9988,91.7348,BRO_BORDER_ROADS
D001369,NH-510,2025-09-11 16:12:00,Sikkim,South Sikkim,BRIDGE_DAMAGE,HIGH,BLOCKED,1,9.1,Structural wear or adverse weather (bridge_damage),27.096,88.3916,PWD_NER
D001370,NH-310,2025-09-11 18:00:00,Sikkim,North Sikkim,BRIDGE_DAMAGE,HIGH,BLOCKED,1,21.2,Structural wear or adverse weather (bridge_damage),27.6071,88.6986,BRO_BORDER_ROADS
D001371,NH-54,2025-09-11 19:48:00,Mizoram,Aizawl,ACCIDENT,LOW,OPEN,0,2.4,Structural wear or adverse weather (accident),23.6161,92.5856,HIGHWAY_PATROL
D001372,NH-08,2025-09-11 21:36:00,Tripura,Dhalai,ROAD_DAMAGE,HIGH,BLOCKED,1,20.4,Structural wear or adverse weather (road_damage),23.9658,91.7807,BRO_BORDER_ROADS
D001373,NH-37,2025-09-11 23:24:00,Assam,Cachar,BRIDGE_DAMAGE,HIGH,BLOCKED,1,9.9,Structural wear or adverse weather (bridge_damage),24.7124,92.633,PWD_NER
D001374,NH-02,2025-09-12 01:12:00,Nagaland,Mokokchung,HEAVY_RAIN,CRITICAL,BLOCKED,1,29.5,Structural wear or adverse weather (heavy_rain),26.2097,94.6055,BRO_BORDER_ROADS
D001375,NH-08,2025-09-12 03:00:00,Tripura,West Tripura,BRIDGE_DAMAGE,MEDIUM,PARTIAL,0,7.3,Structural wear or adverse weather (bridge_damage),23.7623,91.31,BRO_BORDER_ROADS
D001376,NH-29,2025-09-12 04:48:00,Nagaland,Kohima,HEAVY_RAIN,MEDIUM,PARTIAL,0,6.1,Structural wear or adverse weather (heavy_rain),25.6428,94.226,BRO_BORDER_ROADS
D001377,NH-02,2025-09-12 06:36:00,Manipur,Bishnupur,BRIDGE_DAMAGE,CRITICAL,BLOCKED,1,22.4,Structural wear or adverse weather (bridge_damage),24.543,93.7761,HIGHWAY_PATROL
D001378,NH-29,2025-09-12 08:24:00,Nagaland,Kohima,HEAVY_RAIN,HIGH,PARTIAL,0,2.4,Structural wear or adverse weather (heavy_rain),25.5345,93.9932,PWD_NER
D001379,NH-27,2025-09-12 10:12:00,Assam,Kamrup Metropolitan,ROAD_DAMAGE,CRITICAL,BLOCKED,1,4.7,Structural wear or adverse weather (road_damage),26.0814,91.743,HIGHWAY_PATROL
D001380,NH-310,2025-09-12 12:00:00,Sikkim,North Sikkim,BRIDGE_DAMAGE,HIGH,BLOCKED,1,11.1,Structural wear or adverse weather (bridge_damage),27.3872,88.5462,PWD_NER
D001381,NH-10,2025-09-12 13:48:00,Sikkim,East Sikkim,ROAD_DAMAGE,HIGH,BLOCKED,1,22.3,Structural wear or adverse weather (road_damage),27.4731,88.6499,PWD_NER
D001382,NH-515,2025-09-12 15:36:00,Arunachal Pradesh,East Siang,HEAVY_RAIN,HIGH,PARTIAL,0,2.0,Structural wear or adverse weather (heavy_rain),27.921,95.3927,PWD_NER
D001383,NH-37,2025-09-12 17:24:00,Assam,Cachar,ROAD_DAMAGE,CRITICAL,BLOCKED,1,9.6,Structural wear or adverse weather (road_damage),24.8244,92.7445,BRO_BORDER_ROADS
D001384,NH-06,2025-09-12 19:12:00,Meghalaya,Ri-Bhoi,ACCIDENT,HIGH,PARTIAL,0,1.8,Structural wear or adverse weather (accident),25.945,91.8407,HIGHWAY_PATROL
D001385,NH-29,2025-09-12 21:00:00,Nagaland,Dimapur,ACCIDENT,MEDIUM,PARTIAL,0,6.8,Structural wear or adverse weather (accident),26.0543,93.6296,PWD_NER
D001386,NH-310,2025-09-12 22:48:00,Sikkim,North Sikkim,ROAD_DAMAGE,MEDIUM,PARTIAL,0,4.0,Structural wear or adverse weather (road_damage),27.4584,88.612,HIGHWAY_PATROL
D001387,NH-08,2025-09-13 00:36:00,Tripura,Dhalai,BRIDGE_DAMAGE,MEDIUM,PARTIAL,0,2.6,Structural wear or adverse weather (bridge_damage),23.9145,91.8422,BRO_BORDER_ROADS
D001388,NH-08,2025-09-13 02:24:00,Tripura,West Tripura,ACCIDENT,MEDIUM,PARTIAL,0,5.2,Structural wear or adverse weather (accident),23.9595,91.2512,HIGHWAY_PATROL
D001389,NH-02,2025-09-13 04:12:00,Manipur,Senapati,ACCIDENT,HIGH,PARTIAL,0,3.3,Structural wear or adverse weather (accident),25.1386,94.0585,HIGHWAY_PATROL
D001390,NH-02,2025-09-13 06:00:00,Nagaland,Mokokchung,BRIDGE_DAMAGE,MEDIUM,PARTIAL,0,3.5,Structural wear or adverse weather (bridge_damage),26.4303,94.4927,HIGHWAY_PATROL
D001391,NH-02,2025-09-13 07:48:00,Manipur,Bishnupur,ACCIDENT,MEDIUM,PARTIAL,0,3.4,Structural wear or adverse weather (accident),24.6256,93.8103,HIGHWAY_PATROL
D001392,NH-02,2025-09-13 09:36:00,Manipur,Senapati,HEAVY_RAIN,HIGH,PARTIAL,0,3.6,Structural wear or adverse weather (heavy_rain),25.275,94.0901,BRO_BORDER_ROADS
D001393,NH-310,2025-09-13 11:24:00,Sikkim,North Sikkim,ROAD_DAMAGE,MEDIUM,PARTIAL,0,4.6,Structural wear or adverse weather (road_damage),27.586,88.5458,HIGHWAY_PATROL
D001394,NH-13,2025-09-13 13:12:00,Arunachal Pradesh,Tawang,HEAVY_RAIN,MEDIUM,PARTIAL,0,4.7,Structural wear or adverse weather (heavy_rain),27.6574,91.9585,BRO_BORDER_ROADS
D001395,NH-02,2025-09-13 15:00:00,Manipur,Senapati,HEAVY_RAIN,HIGH,PARTIAL,0,3.6,Structural wear or adverse weather (heavy_rain),25.3207,94.0029,BRO_BORDER_ROADS
D001396,NH-02,2025-09-13 16:48:00,Nagaland,Mokokchung,BRIDGE_DAMAGE,MEDIUM,PARTIAL,0,5.9,Structural wear or adverse weather (bridge_damage),26.4346,94.499,PWD_NER
D001397,NH-13,2025-09-13 18:36:00,Arunachal Pradesh,Lower Subansiri,BRIDGE_DAMAGE,CRITICAL,BLOCKED,1,6.0,Structural wear or adverse weather (bridge_damage),27.5763,93.9145,PWD_NER
D001398,NH-13,2025-09-13 20:24:00,Arunachal Pradesh,Lower Subansiri,HEAVY_RAIN,HIGH,PARTIAL,0,6.2,Structural wear or adverse weather (heavy_rain),27.6196,93.8068,HIGHWAY_PATROL
D001399,NH-510,2025-09-13 22:12:00,Sikkim,South Sikkim,BRIDGE_DAMAGE,MEDIUM,PARTIAL,0,3.3,Structural wear or adverse weather (bridge_damage),27.1981,88.3576,HIGHWAY_PATROL
D001400,NH-310,2025-09-14 00:00:00,Sikkim,North Sikkim,BRIDGE_DAMAGE,HIGH,BLOCKED,1,12.1,Structural wear or adverse weather (bridge_damage),27.6341,88.4225,BRO_BORDER_ROADS
D001401,NH-08,2025-09-14 01:48:00,Tripura,Dhalai,ACCIDENT,HIGH,PARTIAL,0,4.5,Structural wear or adverse weather (accident),23.822,91.7938,HIGHWAY_PATROL
D001402,NH-10,2025-09-14 03:36:00,Sikkim,East Sikkim,HEAVY_RAIN,CRITICAL,BLOCKED,1,31.2,Structural wear or adverse weather (heavy_rain),27.2691,88.6499,HIGHWAY_PATROL
D001403,NH-02,2025-09-14 05:24:00,Manipur,Senapati,ACCIDENT,LOW,OPEN,0,3.7,Structural wear or adverse weather (accident),25.3232,93.8668,BRO_BORDER_ROADS
D001404,NH-127B,2025-09-14 07:12:00,Meghalaya,West Khasi Hills,ROAD_DAMAGE,CRITICAL,BLOCKED,1,28.0,Structural wear or adverse weather (road_damage),25.4049,91.1389,BRO_BORDER_ROADS
D001405,NH-54,2025-09-14 09:00:00,Mizoram,Lunglei,ACCIDENT,LOW,OPEN,0,7.3,Structural wear or adverse weather (accident),22.7952,92.6132,BRO_BORDER_ROADS
D001406,NH-37,2025-09-14 10:48:00,Assam,Cachar,HEAVY_RAIN,MEDIUM,PARTIAL,0,5.6,Structural wear or adverse weather (heavy_rain),24.9669,92.8591,BRO_BORDER_ROADS
D001407,NH-27,2025-09-14 12:36:00,Assam,Kamrup Metropolitan,HEAVY_RAIN,MEDIUM,PARTIAL,0,7.1,Structural wear or adverse weather (heavy_rain),26.0814,91.743,BRO_BORDER_ROADS
D001408,NH-27,2025-09-14 14:24:00,Assam,Nagaon,BRIDGE_DAMAGE,CRITICAL,BLOCKED,1,11.2,Structural wear or adverse weather (bridge_damage),26.2493,92.7466,PWD_NER
D001409,NH-37,2025-09-14 16:12:00,Assam,Dibrugarh,HEAVY_RAIN,HIGH,PARTIAL,0,4.0,Structural wear or adverse weather (heavy_rain),27.607,95.0619,PWD_NER
D001410,NH-15,2025-09-14 18:00:00,Assam,Sonitpur,ROAD_DAMAGE,CRITICAL,BLOCKED,1,29.5,Structural wear or adverse weather (road_damage),26.776,92.8674,PWD_NER
D001411,NH-27,2025-09-14 19:48:00,Assam,Kamrup Metropolitan,ROAD_DAMAGE,MEDIUM,PARTIAL,0,2.6,Structural wear or adverse weather (road_damage),26.0349,91.74,PWD_NER
D001412,NH-06,2025-09-14 21:36:00,Meghalaya,Ri-Bhoi,BRIDGE_DAMAGE,CRITICAL,BLOCKED,1,13.5,Structural wear or adverse weather (bridge_damage),25.9348,91.8627,BRO_BORDER_ROADS
D001413,NH-415,2025-09-14 23:24:00,Arunachal Pradesh,Papum Pare,BRIDGE_DAMAGE,MEDIUM,PARTIAL,0,6.7,Structural wear or adverse weather (bridge_damage),27.2171,93.5388,BRO_BORDER_ROADS
D001414,NH-02,2025-09-15 01:12:00,Manipur,Senapati,BRIDGE_DAMAGE,MEDIUM,PARTIAL,0,2.6,Structural wear or adverse weather (bridge_damage),25.1945,93.8965,HIGHWAY_PATROL
D001415,NH-08,2025-09-15 03:00:00,Tripura,West Tripura,ACCIDENT,LOW,OPEN,0,3.1,Structural wear or adverse weather (accident),23.8725,91.2688,PWD_NER
D001416,NH-02,2025-09-15 04:48:00,Nagaland,Mokokchung,HEAVY_RAIN,MEDIUM,PARTIAL,0,5.3,Structural wear or adverse weather (heavy_rain),26.2097,94.6055,BRO_BORDER_ROADS
D001417,NH-54,2025-09-15 06:36:00,Mizoram,Kolasib,ROAD_DAMAGE,HIGH,BLOCKED,1,11.4,Structural wear or adverse weather (road_damage),24.1693,92.6579,PWD_NER
D001418,NH-02,2025-09-15 08:24:00,Manipur,Imphal West,ROAD_DAMAGE,HIGH,BLOCKED,1,22.1,Structural wear or adverse weather (road_damage),24.7824,94.0521,BRO_BORDER_ROADS
D001419,NH-10,2025-09-15 10:12:00,Sikkim,East Sikkim,ROAD_DAMAGE,CRITICAL,BLOCKED,1,15.0,Structural wear or adverse weather (road_damage),27.4757,88.7068,HIGHWAY_PATROL
D001420,NH-27,2025-09-15 12:00:00,Assam,Kamrup Rural,HEAVY_RAIN,CRITICAL,BLOCKED,1,18.0,Structural wear or adverse weather (heavy_rain),26.2836,91.5605,PWD_NER
D001421,NH-27,2025-09-15 13:48:00,Assam,Nagaon,ROAD_DAMAGE,CRITICAL,BLOCKED,1,13.9,Structural wear or adverse weather (road_damage),26.3147,92.7786,HIGHWAY_PATROL
D001422,NH-15,2025-09-15 15:36:00,Assam,Sonitpur,BRIDGE_DAMAGE,MEDIUM,PARTIAL,0,4.0,Structural wear or adverse weather (bridge_damage),26.5124,92.9371,BRO_BORDER_ROADS
D001423,NH-510,2025-09-15 17:24:00,Sikkim,South Sikkim,BRIDGE_DAMAGE,MEDIUM,PARTIAL,0,5.7,Structural wear or adverse weather (bridge_damage),27.1972,88.4407,BRO_BORDER_ROADS
D001424,NH-515,2025-09-15 19:12:00,Arunachal Pradesh,East Siang,ACCIDENT,MEDIUM,PARTIAL,0,6.3,Structural wear or adverse weather (accident),27.9323,95.2429,BRO_BORDER_ROADS
D001425,NH-27,2025-09-15 21:00:00,Assam,Nagaon,BRIDGE_DAMAGE,MEDIUM,PARTIAL,0,5.8,Structural wear or adverse weather (bridge_damage),26.3165,92.6884,HIGHWAY_PATROL
D001426,NH-37,2025-09-15 22:48:00,Assam,Cachar,BRIDGE_DAMAGE,MEDIUM,PARTIAL,0,1.7,Structural wear or adverse weather (bridge_damage),24.8323,92.6684,BRO_BORDER_ROADS
D001427,NH-02,2025-09-16 00:36:00,Manipur,Imphal West,ROAD_DAMAGE,CRITICAL,BLOCKED,1,16.7,Structural wear or adverse weather (road_damage),24.8628,93.8994,PWD_NER
D001428,NH-06,2025-09-16 02:24:00,Meghalaya,Ri-Bhoi,ROAD_DAMAGE,HIGH,BLOCKED,1,12.2,Structural wear or adverse weather (road_damage),25.9363,92.0177,BRO_BORDER_ROADS
D001429,NH-27,2025-09-16 04:12:00,Assam,Kamrup Metropolitan,HEAVY_RAIN,CRITICAL,BLOCKED,1,24.4,Structural wear or adverse weather (heavy_rain),26.0696,91.6978,BRO_BORDER_ROADS
D001430,NH-27,2025-09-16 06:00:00,Assam,Nagaon,HEAVY_RAIN,MEDIUM,PARTIAL,0,6.8,Structural wear or adverse weather (heavy_rain),26.2629,92.6694,PWD_NER
D001431,NH-310,2025-09-16 07:48:00,Sikkim,North Sikkim,HEAVY_RAIN,HIGH,PARTIAL,0,1.6,Structural wear or adverse weather (heavy_rain),27.3839,88.6954,HIGHWAY_PATROL
D001432,NH-415,2025-09-16 09:36:00,Arunachal Pradesh,Papum Pare,BRIDGE_DAMAGE,MEDIUM,PARTIAL,0,5.2,Structural wear or adverse weather (bridge_damage),27.1513,93.4861,HIGHWAY_PATROL
D001433,NH-310,2025-09-16 11:24:00,Sikkim,North Sikkim,HEAVY_RAIN,CRITICAL,BLOCKED,1,21.0,Structural wear or adverse weather (heavy_rain),27.3693,88.5836,PWD_NER
D001434,NH-15,2025-09-16 13:12:00,Assam,Darrang,ACCIDENT,LOW,OPEN,0,4.4,Structural wear or adverse weather (accident),26.5302,92.0121,HIGHWAY_PATROL
D001435,NH-02,2025-09-16 15:00:00,Nagaland,Mokokchung,HEAVY_RAIN,CRITICAL,BLOCKED,1,31.8,Structural wear or adverse weather (heavy_rain),26.473,94.3788,HIGHWAY_PATROL
D001436,NH-06,2025-09-16 16:48:00,Meghalaya,West Jaintia Hills,BRIDGE_DAMAGE,CRITICAL,BLOCKED,1,18.7,Structural wear or adverse weather (bridge_damage),25.478,92.0752,PWD_NER
D001437,NH-15,2025-09-16 18:36:00,Assam,Darrang,ROAD_DAMAGE,CRITICAL,BLOCKED,1,19.9,Structural wear or adverse weather (road_damage),26.5374,92.0085,HIGHWAY_PATROL
D001438,NH-02,2025-09-16 20:24:00,Manipur,Senapati,ACCIDENT,MEDIUM,PARTIAL,0,2.2,Structural wear or adverse weather (accident),25.3145,93.8982,PWD_NER
D001439,NH-13,2025-09-16 22:12:00,Arunachal Pradesh,Tawang,ROAD_DAMAGE,MEDIUM,PARTIAL,0,2.4,Structural wear or adverse weather (road_damage),27.5261,91.7567,PWD_NER
D001440,NH-54,2025-09-17 00:00:00,Mizoram,Kolasib,ACCIDENT,LOW,OPEN,0,4.5,Structural wear or adverse weather (accident),24.1239,92.5847,BRO_BORDER_ROADS
D001441,NH-29,2025-09-17 01:48:00,Nagaland,Dimapur,HEAVY_RAIN,MEDIUM,PARTIAL,0,6.9,Structural wear or adverse weather (heavy_rain),25.7609,93.6833,BRO_BORDER_ROADS
D001442,NH-54,2025-09-17 03:36:00,Mizoram,Kolasib,ACCIDENT,LOW,OPEN,0,2.7,Structural wear or adverse weather (accident),24.3345,92.542,BRO_BORDER_ROADS
D001443,NH-10,2025-09-17 05:24:00,Sikkim,East Sikkim,BRIDGE_DAMAGE,CRITICAL,BLOCKED,1,25.7,Structural wear or adverse weather (bridge_damage),27.4387,88.5454,HIGHWAY_PATROL
D001444,NH-54,2025-09-17 07:12:00,Mizoram,Lunglei,HEAVY_RAIN,HIGH,PARTIAL,0,7.3,Structural wear or adverse weather (heavy_rain),22.8159,92.8674,HIGHWAY_PATROL
D001445,NH-27,2025-09-17 09:00:00,Assam,Kamrup Metropolitan,ACCIDENT,HIGH,PARTIAL,0,6.5,Structural wear or adverse weather (accident),26.2216,91.7675,BRO_BORDER_ROADS
D001446,NH-415,2025-09-17 10:48:00,Arunachal Pradesh,Papum Pare,ROAD_DAMAGE,MEDIUM,PARTIAL,0,3.8,Structural wear or adverse weather (road_damage),27.1656,93.5021,PWD_NER
D001447,NH-54,2025-09-17 12:36:00,Mizoram,Kolasib,HEAVY_RAIN,HIGH,PARTIAL,0,6.7,Structural wear or adverse weather (heavy_rain),24.1932,92.7921,PWD_NER
D001448,NH-15,2025-09-17 14:24:00,Assam,Sonitpur,ACCIDENT,MEDIUM,PARTIAL,0,2.7,Structural wear or adverse weather (accident),26.5366,92.8782,HIGHWAY_PATROL
D001449,NH-27,2025-09-17 16:12:00,Assam,Kamrup Metropolitan,ACCIDENT,HIGH,PARTIAL,0,6.2,Structural wear or adverse weather (accident),26.258,91.6058,HIGHWAY_PATROL
D001450,NH-310,2025-09-17 18:00:00,Sikkim,North Sikkim,ROAD_DAMAGE,MEDIUM,PARTIAL,0,3.5,Structural wear or adverse weather (road_damage),27.496,88.4889,BRO_BORDER_ROADS
D001451,NH-127B,2025-09-17 19:48:00,Meghalaya,West Khasi Hills,ROAD_DAMAGE,CRITICAL,BLOCKED,1,5.3,Structural wear or adverse weather (road_damage),25.4831,91.2157,PWD_NER
D001452,NH-15,2025-09-17 21:36:00,Assam,Sonitpur,BRIDGE_DAMAGE,HIGH,BLOCKED,1,13.3,Structural wear or adverse weather (bridge_damage),26.5459,92.7074,BRO_BORDER_ROADS
D001453,NH-06,2025-09-17 23:24:00,Meghalaya,Ri-Bhoi,ACCIDENT,HIGH,PARTIAL,0,3.8,Structural wear or adverse weather (accident),25.8814,91.9395,BRO_BORDER_ROADS
D001454,NH-37,2025-09-18 01:12:00,Assam,Dibrugarh,BRIDGE_DAMAGE,HIGH,BLOCKED,1,28.3,Structural wear or adverse weather (bridge_damage),27.3249,94.7717,BRO_BORDER_ROADS
D001455,NH-08,2025-09-18 03:00:00,Tripura,West Tripura,ACCIDENT,LOW,OPEN,0,2.6,Structural wear or adverse weather (accident),23.9595,91.2512,BRO_BORDER_ROADS
D001456,NH-08,2025-09-18 04:48:00,Tripura,Sipahijala,ACCIDENT,MEDIUM,PARTIAL,0,2.5,Structural wear or adverse weather (accident),23.6457,91.4199,PWD_NER
D001457,NH-37,2025-09-18 06:36:00,Assam,Dibrugarh,ACCIDENT,HIGH,PARTIAL,0,6.7,Structural wear or adverse weather (accident),27.3344,95.0289,HIGHWAY_PATROL
D001458,NH-15,2025-09-18 08:24:00,Assam,Darrang,ROAD_DAMAGE,HIGH,BLOCKED,1,7.9,Structural wear or adverse weather (road_damage),26.4852,92.1736,PWD_NER
D001459,NH-29,2025-09-18 10:12:00,Nagaland,Dimapur,ROAD_DAMAGE,CRITICAL,BLOCKED,1,5.2,Structural wear or adverse weather (road_damage),26.0254,93.7686,BRO_BORDER_ROADS
D001460,NH-37,2025-09-18 12:00:00,Assam,Dibrugarh,ROAD_DAMAGE,HIGH,BLOCKED,1,7.5,Structural wear or adverse weather (road_damage),27.4624,94.8483,BRO_BORDER_ROADS
D001461,NH-02,2025-09-18 13:48:00,Manipur,Imphal West,ACCIDENT,LOW,OPEN,0,3.6,Structural wear or adverse weather (accident),24.884,93.9056,PWD_NER
D001462,NH-02,2025-09-18 15:36:00,Manipur,Senapati,ACCIDENT,LOW,OPEN,0,5.5,Structural wear or adverse weather (accident),25.4068,93.9232,HIGHWAY_PATROL
D001463,NH-08,2025-09-18 17:24:00,Tripura,Dhalai,ACCIDENT,MEDIUM,PARTIAL,0,5.3,Structural wear or adverse weather (accident),23.7207,91.7465,HIGHWAY_PATROL
D001464,NH-37,2025-09-18 19:12:00,Assam,Cachar,HEAVY_RAIN,MEDIUM,PARTIAL,0,6.2,Structural wear or adverse weather (heavy_rain),24.7137,92.7727,BRO_BORDER_ROADS
D001465,NH-10,2025-09-18 21:00:00,Sikkim,East Sikkim,BRIDGE_DAMAGE,MEDIUM,PARTIAL,0,6.3,Structural wear or adverse weather (bridge_damage),27.4146,88.6916,BRO_BORDER_ROADS
D001466,NH-02,2025-09-18 22:48:00,Manipur,Bishnupur,BRIDGE_DAMAGE,HIGH,BLOCKED,1,23.4,Structural wear or adverse weather (bridge_damage),24.586,93.8369,HIGHWAY_PATROL
D001467,NH-08,2025-09-19 00:36:00,Tripura,Sipahijala,BRIDGE_DAMAGE,HIGH,BLOCKED,1,13.5,Structural wear or adverse weather (bridge_damage),23.7253,91.3462,HIGHWAY_PATROL
D001468,NH-310,2025-09-19 02:24:00,Sikkim,North Sikkim,ROAD_DAMAGE,HIGH,BLOCKED,1,7.5,Structural wear or adverse weather (road_damage),27.4229,88.6391,PWD_NER
D001469,NH-08,2025-09-19 04:12:00,Tripura,Sipahijala,ROAD_DAMAGE,HIGH,BLOCKED,1,11.9,Structural wear or adverse weather (road_damage),23.6472,91.1688,HIGHWAY_PATROL
D001470,NH-10,2025-09-19 06:00:00,Sikkim,East Sikkim,BRIDGE_DAMAGE,HIGH,BLOCKED,1,22.8,Structural wear or adverse weather (bridge_damage),27.2314,88.6678,HIGHWAY_PATROL
D001471,NH-54,2025-09-19 07:48:00,Mizoram,Lunglei,ACCIDENT,HIGH,PARTIAL,0,2.6,Structural wear or adverse weather (accident),22.8742,92.8205,BRO_BORDER_ROADS
D001472,NH-06,2025-09-19 09:36:00,Meghalaya,Ri-Bhoi,BRIDGE_DAMAGE,MEDIUM,PARTIAL,0,4.9,Structural wear or adverse weather (bridge_damage),25.9394,91.9864,HIGHWAY_PATROL
D001473,NH-10,2025-09-19 11:24:00,Sikkim,East Sikkim,ROAD_DAMAGE,MEDIUM,PARTIAL,0,2.4,Structural wear or adverse weather (road_damage),27.2571,88.5088,BRO_BORDER_ROADS
D001474,NH-06,2025-09-19 13:12:00,Meghalaya,West Jaintia Hills,ROAD_DAMAGE,HIGH,BLOCKED,1,28.7,Structural wear or adverse weather (road_damage),25.3093,92.2996,HIGHWAY_PATROL
D001475,NH-27,2025-09-19 15:00:00,Assam,Kamrup Metropolitan,HEAVY_RAIN,MEDIUM,PARTIAL,0,2.5,Structural wear or adverse weather (heavy_rain),26.2944,91.7879,HIGHWAY_PATROL
D001476,NH-54,2025-09-19 16:48:00,Mizoram,Kolasib,ROAD_DAMAGE,CRITICAL,BLOCKED,1,16.2,Structural wear or adverse weather (road_damage),24.2823,92.6875,PWD_NER
D001477,NH-37,2025-09-19 18:36:00,Assam,Dibrugarh,ROAD_DAMAGE,CRITICAL,BLOCKED,1,12.9,Structural wear or adverse weather (road_damage),27.607,95.0619,PWD_NER
D001478,NH-54,2025-09-19 20:24:00,Mizoram,Lunglei,HEAVY_RAIN,HIGH,PARTIAL,0,5.4,Structural wear or adverse weather (heavy_rain),22.9388,92.6316,PWD_NER
D001479,NH-06,2025-09-19 22:12:00,Meghalaya,West Jaintia Hills,HEAVY_RAIN,MEDIUM,PARTIAL,0,2.3,Structural wear or adverse weather (heavy_rain),25.3433,92.2962,BRO_BORDER_ROADS
D001480,NH-08,2025-09-20 00:00:00,Tripura,West Tripura,BRIDGE_DAMAGE,HIGH,BLOCKED,1,20.8,Structural wear or adverse weather (bridge_damage),23.9595,91.2512,PWD_NER
D001481,NH-27,2025-09-20 01:48:00,Assam,Kamrup Rural,HEAVY_RAIN,MEDIUM,PARTIAL,0,3.4,Structural wear or adverse weather (heavy_rain),26.3295,91.5193,HIGHWAY_PATROL
D001482,NH-13,2025-09-20 03:36:00,Arunachal Pradesh,Lower Subansiri,HEAVY_RAIN,HIGH,PARTIAL,0,7.0,Structural wear or adverse weather (heavy_rain),27.555,93.92,HIGHWAY_PATROL
D001483,NH-54,2025-09-20 05:24:00,Mizoram,Lunglei,BRIDGE_DAMAGE,HIGH,BLOCKED,1,9.6,Structural wear or adverse weather (bridge_damage),22.9602,92.661,PWD_NER
D001484,NH-13,2025-09-20 07:12:00,Arunachal Pradesh,West Kameng,BRIDGE_DAMAGE,MEDIUM,PARTIAL,0,5.6,Structural wear or adverse weather (bridge_damage),27.3971,92.4104,BRO_BORDER_ROADS
D001485,NH-127B,2025-09-20 09:00:00,Meghalaya,West Khasi Hills,BRIDGE_DAMAGE,MEDIUM,PARTIAL,0,1.6,Structural wear or adverse weather (bridge_damage),25.4991,91.397,PWD_NER
D001486,NH-29,2025-09-20 10:48:00,Nagaland,Kohima,ACCIDENT,MEDIUM,PARTIAL,0,5.0,Structural wear or adverse weather (accident),25.7588,94.142,BRO_BORDER_ROADS
D001487,NH-54,2025-09-20 12:36:00,Mizoram,Lunglei,HEAVY_RAIN,HIGH,PARTIAL,0,7.0,Structural wear or adverse weather (heavy_rain),22.9237,92.7344,PWD_NER
D001488,NH-27,2025-09-20 14:24:00,Assam,Kamrup Rural,BRIDGE_DAMAGE,MEDIUM,PARTIAL,0,7.0,Structural wear or adverse weather (bridge_damage),26.275,91.5763,BRO_BORDER_ROADS
D001489,NH-415,2025-09-20 16:12:00,Arunachal Pradesh,Papum Pare,HEAVY_RAIN,CRITICAL,BLOCKED,1,10.4,Structural wear or adverse weather (heavy_rain),26.9915,93.5665,BRO_BORDER_ROADS
D001490,NH-15,2025-09-20 18:00:00,Assam,Sonitpur,ACCIDENT,LOW,OPEN,0,2.3,Structural wear or adverse weather (accident),26.7678,92.7238,HIGHWAY_PATROL
D001491,NH-515,2025-09-20 19:48:00,Arunachal Pradesh,East Siang,BRIDGE_DAMAGE,MEDIUM,PARTIAL,0,3.7,Structural wear or adverse weather (bridge_damage),27.9182,95.3507,PWD_NER
D001492,NH-37,2025-09-20 21:36:00,Assam,Cachar,ROAD_DAMAGE,MEDIUM,PARTIAL,0,5.4,Structural wear or adverse weather (road_damage),24.9606,92.8636,HIGHWAY_PATROL
D001493,NH-515,2025-09-20 23:24:00,Arunachal Pradesh,East Siang,ROAD_DAMAGE,MEDIUM,PARTIAL,0,2.0,Structural wear or adverse weather (road_damage),28.0259,95.3705,BRO_BORDER_ROADS
D001494,NH-15,2025-09-21 01:12:00,Assam,Sonitpur,BRIDGE_DAMAGE,CRITICAL,BLOCKED,1,14.6,Structural wear or adverse weather (bridge_damage),26.7185,92.6592,BRO_BORDER_ROADS
D001495,NH-29,2025-09-21 03:00:00,Nagaland,Kohima,BRIDGE_DAMAGE,HIGH,BLOCKED,1,12.6,Structural wear or adverse weather (bridge_damage),25.8215,94.0622,HIGHWAY_PATROL
D001496,NH-54,2025-09-21 04:48:00,Mizoram,Kolasib,ACCIDENT,LOW,OPEN,0,6.0,Structural wear or adverse weather (accident),24.1139,92.5486,BRO_BORDER_ROADS
D001497,NH-08,2025-09-21 06:36:00,Tripura,West Tripura,BRIDGE_DAMAGE,MEDIUM,PARTIAL,0,4.6,Structural wear or adverse weather (bridge_damage),23.827,91.2389,HIGHWAY_PATROL
D001498,NH-08,2025-09-21 08:24:00,Tripura,West Tripura,BRIDGE_DAMAGE,MEDIUM,PARTIAL,0,6.8,Structural wear or adverse weather (bridge_damage),23.9137,91.3566,HIGHWAY_PATROL
D001499,NH-510,2025-09-21 10:12:00,Sikkim,South Sikkim,ACCIDENT,HIGH,PARTIAL,0,5.5,Structural wear or adverse weather (accident),27.1252,88.4414,HIGHWAY_PATROL
D001500,NH-02,2025-09-21 12:00:00,Nagaland,Mokokchung,HEAVY_RAIN,CRITICAL,BLOCKED,1,19.9,Structural wear or adverse weather (heavy_rain),26.3072,94.389,HIGHWAY_PATROL
D001501,NH-02,2025-09-21 13:48:00,Manipur,Senapati,HEAVY_RAIN,HIGH,PARTIAL,0,7.3,Structural wear or adverse weather (heavy_rain),25.1364,93.9197,BRO_BORDER_ROADS
D001502,NH-29,2025-09-21 15:36:00,Nagaland,Dimapur,BRIDGE_DAMAGE,CRITICAL,BLOCKED,1,10.2,Structural wear or adverse weather (bridge_damage),25.771,93.6834,PWD_NER
D001503,NH-02,2025-09-21 17:24:00,Manipur,Bishnupur,HEAVY_RAIN,MEDIUM,PARTIAL,0,7.4,Structural wear or adverse weather (heavy_rain),24.6963,93.6391,BRO_BORDER_ROADS
D001504,NH-54,2025-09-21 19:12:00,Mizoram,Lunglei,ROAD_DAMAGE,HIGH,BLOCKED,1,12.1,Structural wear or adverse weather (road_damage),22.9642,92.6732,PWD_NER
D001505,NH-08,2025-09-21 21:00:00,Tripura,West Tripura,ROAD_DAMAGE,HIGH,BLOCKED,1,11.9,Structural wear or adverse weather (road_damage),23.8501,91.2041,PWD_NER
D001506,NH-02,2025-09-21 22:48:00,Manipur,Imphal West,ACCIDENT,MEDIUM,PARTIAL,0,4.5,Structural wear or adverse weather (accident),24.9611,93.7988,PWD_NER
D001507,NH-02,2025-09-22 00:36:00,Manipur,Senapati,ACCIDENT,LOW,OPEN,0,2.1,Structural wear or adverse weather (accident),25.3649,94.0031,PWD_NER
D001508,NH-02,2025-09-22 02:24:00,Manipur,Imphal West,HEAVY_RAIN,CRITICAL,BLOCKED,1,4.6,Structural wear or adverse weather (heavy_rain),24.9252,93.9573,PWD_NER
D001509,NH-510,2025-09-22 04:12:00,Sikkim,South Sikkim,ROAD_DAMAGE,HIGH,BLOCKED,1,6.9,Structural wear or adverse weather (road_damage),27.207,88.4781,PWD_NER
D001510,NH-02,2025-09-22 06:00:00,Manipur,Bishnupur,BRIDGE_DAMAGE,HIGH,BLOCKED,1,30.6,Structural wear or adverse weather (bridge_damage),24.7706,93.8928,HIGHWAY_PATROL
D001511,NH-127B,2025-09-22 07:48:00,Meghalaya,West Khasi Hills,BRIDGE_DAMAGE,HIGH,BLOCKED,1,30.2,Structural wear or adverse weather (bridge_damage),25.5458,91.2119,PWD_NER
D001512,NH-27,2025-09-22 09:36:00,Assam,Nagaon,BRIDGE_DAMAGE,CRITICAL,BLOCKED,1,6.1,Structural wear or adverse weather (bridge_damage),26.3034,92.777,BRO_BORDER_ROADS
D001513,NH-310,2025-09-22 11:24:00,Sikkim,North Sikkim,ACCIDENT,MEDIUM,PARTIAL,0,2.7,Structural wear or adverse weather (accident),27.5973,88.6161,BRO_BORDER_ROADS
D001514,NH-15,2025-09-22 13:12:00,Assam,Darrang,HEAVY_RAIN,CRITICAL,BLOCKED,1,30.8,Structural wear or adverse weather (heavy_rain),26.5746,91.941,BRO_BORDER_ROADS
D001515,NH-206,2025-09-22 15:00:00,Meghalaya,East Khasi Hills,HEAVY_RAIN,HIGH,PARTIAL,0,5.3,Structural wear or adverse weather (heavy_rain),25.5701,91.8886,PWD_NER
D001516,NH-13,2025-09-22 16:48:00,Arunachal Pradesh,West Kameng,HEAVY_RAIN,CRITICAL,BLOCKED,1,9.4,Structural wear or adverse weather (heavy_rain),27.3684,92.416,PWD_NER
D001517,NH-02,2025-09-22 18:36:00,Manipur,Imphal West,BRIDGE_DAMAGE,MEDIUM,PARTIAL,0,2.3,Structural wear or adverse weather (bridge_damage),24.8634,94.0524,HIGHWAY_PATROL
D001518,NH-515,2025-09-22 20:24:00,Arunachal Pradesh,East Siang,BRIDGE_DAMAGE,MEDIUM,PARTIAL,0,6.5,Structural wear or adverse weather (bridge_damage),27.9509,95.2821,PWD_NER
D001519,NH-510,2025-09-22 22:12:00,Sikkim,South Sikkim,HEAVY_RAIN,CRITICAL,BLOCKED,1,28.1,Structural wear or adverse weather (heavy_rain),27.0299,88.2152,PWD_NER
D001520,NH-29,2025-09-23 00:00:00,Nagaland,Dimapur,HEAVY_RAIN,MEDIUM,PARTIAL,0,3.3,Structural wear or adverse weather (heavy_rain),26.0488,93.7444,HIGHWAY_PATROL
D001521,NH-206,2025-09-23 01:48:00,Meghalaya,East Khasi Hills,ROAD_DAMAGE,CRITICAL,BLOCKED,1,13.9,Structural wear or adverse weather (road_damage),25.5935,91.7592,BRO_BORDER_ROADS
D001522,NH-02,2025-09-23 03:36:00,Manipur,Imphal West,ACCIDENT,MEDIUM,PARTIAL,0,7.2,Structural wear or adverse weather (accident),24.7664,93.7963,BRO_BORDER_ROADS
D001523,NH-06,2025-09-23 05:24:00,Meghalaya,West Jaintia Hills,BRIDGE_DAMAGE,CRITICAL,BLOCKED,1,11.9,Structural wear or adverse weather (bridge_damage),25.5398,92.2629,BRO_BORDER_ROADS
D001524,NH-54,2025-09-23 07:12:00,Mizoram,Kolasib,HEAVY_RAIN,MEDIUM,PARTIAL,0,6.4,Structural wear or adverse weather (heavy_rain),24.3531,92.5708,HIGHWAY_PATROL
D001525,NH-37,2025-09-23 09:00:00,Assam,Dibrugarh,BRIDGE_DAMAGE,CRITICAL,BLOCKED,1,16.8,Structural wear or adverse weather (bridge_damage),27.5399,95.0334,BRO_BORDER_ROADS
D001526,NH-27,2025-09-23 10:48:00,Assam,Nagaon,ROAD_DAMAGE,HIGH,BLOCKED,1,25.8,Structural wear or adverse weather (road_damage),26.2147,92.6866,PWD_NER
D001527,NH-02,2025-09-23 12:36:00,Manipur,Imphal West,HEAVY_RAIN,HIGH,PARTIAL,0,1.9,Structural wear or adverse weather (heavy_rain),24.7623,93.9042,BRO_BORDER_ROADS
D001528,NH-127B,2025-09-23 14:24:00,Meghalaya,West Khasi Hills,BRIDGE_DAMAGE,MEDIUM,PARTIAL,0,5.9,Structural wear or adverse weather (bridge_damage),25.6077,91.1908,BRO_BORDER_ROADS
D001529,NH-02,2025-09-23 16:12:00,Manipur,Imphal West,ROAD_DAMAGE,CRITICAL,BLOCKED,1,18.1,Structural wear or adverse weather (road_damage),24.8888,93.8027,PWD_NER
D001530,NH-08,2025-09-23 18:00:00,Tripura,Sipahijala,ROAD_DAMAGE,MEDIUM,PARTIAL,0,1.8,Structural wear or adverse weather (road_damage),23.5994,91.2585,HIGHWAY_PATROL
D001531,NH-206,2025-09-23 19:48:00,Meghalaya,East Khasi Hills,ACCIDENT,HIGH,PARTIAL,0,6.0,Structural wear or adverse weather (accident),25.6916,91.9872,BRO_BORDER_ROADS
D001532,NH-206,2025-09-23 21:36:00,Meghalaya,East Khasi Hills,ROAD_DAMAGE,MEDIUM,PARTIAL,0,1.8,Structural wear or adverse weather (road_damage),25.5907,91.9649,BRO_BORDER_ROADS
D001533,NH-415,2025-09-23 23:24:00,Arunachal Pradesh,Papum Pare,ROAD_DAMAGE,CRITICAL,BLOCKED,1,7.9,Structural wear or adverse weather (road_damage),27.1656,93.5021,PWD_NER
D001534,NH-02,2025-09-24 01:12:00,Manipur,Senapati,ACCIDENT,HIGH,PARTIAL,0,4.9,Structural wear or adverse weather (accident),25.2003,93.9533,BRO_BORDER_ROADS
D001535,NH-54,2025-09-24 03:00:00,Mizoram,Kolasib,BRIDGE_DAMAGE,CRITICAL,BLOCKED,1,21.5,Structural wear or adverse weather (bridge_damage),24.2117,92.7344,PWD_NER
D001536,NH-206,2025-09-24 04:48:00,Meghalaya,East Khasi Hills,BRIDGE_DAMAGE,MEDIUM,PARTIAL,0,2.7,Structural wear or adverse weather (bridge_damage),25.5403,91.9384,PWD_NER
D001537,NH-13,2025-09-24 06:36:00,Arunachal Pradesh,West Kameng,ACCIDENT,HIGH,PARTIAL,0,4.8,Structural wear or adverse weather (accident),27.1201,92.5229,PWD_NER
D001538,NH-29,2025-09-24 08:24:00,Nagaland,Kohima,ACCIDENT,LOW,OPEN,0,2.1,Structural wear or adverse weather (accident),25.7934,94.0393,PWD_NER
D001539,NH-54,2025-09-24 10:12:00,Mizoram,Kolasib,HEAVY_RAIN,CRITICAL,BLOCKED,1,17.1,Structural wear or adverse weather (heavy_rain),24.2016,92.5879,PWD_NER
D001540,NH-06,2025-09-24 12:00:00,Meghalaya,West Jaintia Hills,HEAVY_RAIN,CRITICAL,BLOCKED,1,8.4,Structural wear or adverse weather (heavy_rain),25.3715,92.0776,HIGHWAY_PATROL
D001541,NH-54,2025-09-24 13:48:00,Mizoram,Aizawl,HEAVY_RAIN,HIGH,PARTIAL,0,7.2,Structural wear or adverse weather (heavy_rain),23.7547,92.5703,PWD_NER
D001542,NH-06,2025-09-24 15:36:00,Meghalaya,West Jaintia Hills,HEAVY_RAIN,MEDIUM,PARTIAL,0,5.3,Structural wear or adverse weather (heavy_rain),25.4074,92.1876,HIGHWAY_PATROL
D001543,NH-02,2025-09-24 17:24:00,Manipur,Imphal West,BRIDGE_DAMAGE,MEDIUM,PARTIAL,0,5.1,Structural wear or adverse weather (bridge_damage),24.9521,93.9782,BRO_BORDER_ROADS
D001544,NH-08,2025-09-24 19:12:00,Tripura,West Tripura,ACCIDENT,LOW,OPEN,0,3.3,Structural wear or adverse weather (accident),23.7263,91.2561,HIGHWAY_PATROL
D001545,NH-27,2025-09-24 21:00:00,Assam,Nagaon,HEAVY_RAIN,HIGH,PARTIAL,0,4.3,Structural wear or adverse weather (heavy_rain),26.2354,92.7878,PWD_NER
D001546,NH-515,2025-09-24 22:48:00,Arunachal Pradesh,East Siang,HEAVY_RAIN,MEDIUM,PARTIAL,0,6.4,Structural wear or adverse weather (heavy_rain),28.0714,95.1911,BRO_BORDER_ROADS
D001547,NH-02,2025-09-25 00:36:00,Manipur,Bishnupur,ROAD_DAMAGE,HIGH,BLOCKED,1,22.9,Structural wear or adverse weather (road_damage),24.7726,93.6554,HIGHWAY_PATROL
D001548,NH-06,2025-09-25 02:24:00,Meghalaya,Ri-Bhoi,ROAD_DAMAGE,CRITICAL,BLOCKED,1,18.2,Structural wear or adverse weather (road_damage),25.7549,91.8318,BRO_BORDER_ROADS
D001549,NH-29,2025-09-25 04:12:00,Nagaland,Dimapur,ROAD_DAMAGE,MEDIUM,PARTIAL,0,6.6,Structural wear or adverse weather (road_damage),25.8286,93.6933,HIGHWAY_PATROL
D001550,NH-06,2025-09-25 06:00:00,Meghalaya,Ri-Bhoi,ROAD_DAMAGE,MEDIUM,PARTIAL,0,1.6,Structural wear or adverse weather (road_damage),26.0184,91.846,PWD_NER
D001551,NH-206,2025-09-25 07:48:00,Meghalaya,East Khasi Hills,ACCIDENT,LOW,OPEN,0,7.0,Structural wear or adverse weather (accident),25.7008,91.8149,PWD_NER
D001552,NH-37,2025-09-25 09:36:00,Assam,Dibrugarh,ROAD_DAMAGE,HIGH,BLOCKED,1,29.2,Structural wear or adverse weather (road_damage),27.586,95.045,HIGHWAY_PATROL
D001553,NH-29,2025-09-25 11:24:00,Nagaland,Kohima,ROAD_DAMAGE,MEDIUM,PARTIAL,0,5.7,Structural wear or adverse weather (road_damage),25.6028,94.0358,HIGHWAY_PATROL
D001554,NH-54,2025-09-25 13:12:00,Mizoram,Lunglei,HEAVY_RAIN,MEDIUM,PARTIAL,0,6.9,Structural wear or adverse weather (heavy_rain),22.8611,92.66,PWD_NER
D001555,NH-510,2025-09-25 15:00:00,Sikkim,South Sikkim,ROAD_DAMAGE,HIGH,BLOCKED,1,25.1,Structural wear or adverse weather (road_damage),27.0267,88.295,BRO_BORDER_ROADS
D001556,NH-06,2025-09-25 16:48:00,Meghalaya,West Jaintia Hills,ACCIDENT,LOW,OPEN,0,6.7,Structural wear or adverse weather (accident),25.478,92.0752,BRO_BORDER_ROADS
D001557,NH-510,2025-09-25 18:36:00,Sikkim,South Sikkim,BRIDGE_DAMAGE,HIGH,BLOCKED,1,6.7,Structural wear or adverse weather (bridge_damage),27.096,88.3916,HIGHWAY_PATROL
D001558,NH-08,2025-09-25 20:24:00,Tripura,Sipahijala,ROAD_DAMAGE,MEDIUM,PARTIAL,0,5.7,Structural wear or adverse weather (road_damage),23.64,91.3334,BRO_BORDER_ROADS
D001559,NH-54,2025-09-25 22:12:00,Mizoram,Kolasib,ROAD_DAMAGE,HIGH,BLOCKED,1,6.4,Structural wear or adverse weather (road_damage),24.1237,92.7071,BRO_BORDER_ROADS
D001560,NH-27,2025-09-26 00:00:00,Assam,Kamrup Rural,BRIDGE_DAMAGE,CRITICAL,BLOCKED,1,30.9,Structural wear or adverse weather (bridge_damage),26.1078,91.6871,PWD_NER
D001561,NH-415,2025-09-26 01:48:00,Arunachal Pradesh,Papum Pare,ROAD_DAMAGE,CRITICAL,BLOCKED,1,24.7,Structural wear or adverse weather (road_damage),27.129,93.726,BRO_BORDER_ROADS
D001562,NH-13,2025-09-26 03:36:00,Arunachal Pradesh,Lower Subansiri,HEAVY_RAIN,MEDIUM,PARTIAL,0,2.3,Structural wear or adverse weather (heavy_rain),27.6439,93.8822,HIGHWAY_PATROL
D001563,NH-02,2025-09-26 05:24:00,Manipur,Imphal West,BRIDGE_DAMAGE,HIGH,BLOCKED,1,4.4,Structural wear or adverse weather (bridge_damage),24.884,93.9056,HIGHWAY_PATROL
D001564,NH-37,2025-09-26 07:12:00,Assam,Dibrugarh,HEAVY_RAIN,CRITICAL,BLOCKED,1,22.6,Structural wear or adverse weather (heavy_rain),27.4499,95.0309,PWD_NER
D001565,NH-08,2025-09-26 09:00:00,Tripura,Dhalai,BRIDGE_DAMAGE,HIGH,BLOCKED,1,15.5,Structural wear or adverse weather (bridge_damage),23.8275,91.8634,PWD_NER
D001566,NH-13,2025-09-26 10:48:00,Arunachal Pradesh,Lower Subansiri,HEAVY_RAIN,CRITICAL,BLOCKED,1,13.4,Structural wear or adverse weather (heavy_rain),27.5492,93.7687,BRO_BORDER_ROADS
D001567,NH-13,2025-09-26 12:36:00,Arunachal Pradesh,Lower Subansiri,ACCIDENT,LOW,OPEN,0,3.7,Structural wear or adverse weather (accident),27.5953,93.8583,HIGHWAY_PATROL
D001568,NH-02,2025-09-26 14:24:00,Manipur,Senapati,ACCIDENT,LOW,OPEN,0,6.3,Structural wear or adverse weather (accident),25.3384,93.9295,PWD_NER
D001569,NH-510,2025-09-26 16:12:00,Sikkim,South Sikkim,HEAVY_RAIN,CRITICAL,BLOCKED,1,6.1,Structural wear or adverse weather (heavy_rain),27.1536,88.2912,PWD_NER
D001570,NH-37,2025-09-26 18:00:00,Assam,Cachar,ACCIDENT,MEDIUM,PARTIAL,0,5.8,Structural wear or adverse weather (accident),24.9567,92.7447,BRO_BORDER_ROADS
D001571,NH-515,2025-09-26 19:48:00,Arunachal Pradesh,East Siang,ACCIDENT,MEDIUM,PARTIAL,0,2.1,Structural wear or adverse weather (accident),28.094,95.1843,PWD_NER
D001572,NH-10,2025-09-26 21:36:00,Sikkim,East Sikkim,ROAD_DAMAGE,MEDIUM,PARTIAL,0,6.2,Structural wear or adverse weather (road_damage),27.4018,88.5775,PWD_NER
D001573,NH-02,2025-09-26 23:24:00,Manipur,Senapati,ROAD_DAMAGE,HIGH,BLOCKED,1,18.6,Structural wear or adverse weather (road_damage),25.1753,94.1301,HIGHWAY_PATROL
D001574,NH-13,2025-09-27 01:12:00,Arunachal Pradesh,West Kameng,ROAD_DAMAGE,MEDIUM,PARTIAL,0,4.8,Structural wear or adverse weather (road_damage),27.1866,92.4898,HIGHWAY_PATROL
D001575,NH-02,2025-09-27 03:00:00,Manipur,Imphal West,ROAD_DAMAGE,MEDIUM,PARTIAL,0,2.1,Structural wear or adverse weather (road_damage),24.7985,93.8247,BRO_BORDER_ROADS
D001576,NH-13,2025-09-27 04:48:00,Arunachal Pradesh,Tawang,BRIDGE_DAMAGE,MEDIUM,PARTIAL,0,6.1,Structural wear or adverse weather (bridge_damage),27.6916,91.9651,BRO_BORDER_ROADS
D001577,NH-13,2025-09-27 06:36:00,Arunachal Pradesh,Tawang,ACCIDENT,HIGH,PARTIAL,0,6.2,Structural wear or adverse weather (accident),27.7152,91.7456,BRO_BORDER_ROADS
D001578,NH-37,2025-09-27 08:24:00,Assam,Dibrugarh,BRIDGE_DAMAGE,CRITICAL,BLOCKED,1,20.6,Structural wear or adverse weather (bridge_damage),27.3436,94.7905,PWD_NER
D001579,NH-02,2025-09-27 10:12:00,Manipur,Bishnupur,ROAD_DAMAGE,CRITICAL,BLOCKED,1,7.2,Structural wear or adverse weather (road_damage),24.5428,93.699,PWD_NER
D001580,NH-13,2025-09-27 12:00:00,Arunachal Pradesh,Tawang,ACCIDENT,MEDIUM,PARTIAL,0,2.9,Structural wear or adverse weather (accident),27.5723,91.9422,PWD_NER
D001581,NH-02,2025-09-27 13:48:00,Manipur,Imphal West,HEAVY_RAIN,HIGH,PARTIAL,0,3.9,Structural wear or adverse weather (heavy_rain),24.96,93.979,PWD_NER
D001582,NH-54,2025-09-27 15:36:00,Mizoram,Kolasib,ROAD_DAMAGE,HIGH,BLOCKED,1,19.7,Structural wear or adverse weather (road_damage),24.0859,92.7476,PWD_NER
D001583,NH-27,2025-09-27 17:24:00,Assam,Kamrup Rural,ACCIDENT,MEDIUM,PARTIAL,0,4.6,Structural wear or adverse weather (accident),26.1263,91.4928,HIGHWAY_PATROL
D001584,NH-02,2025-09-27 19:12:00,Manipur,Bishnupur,ROAD_DAMAGE,CRITICAL,BLOCKED,1,6.1,Structural wear or adverse weather (road_damage),24.682,93.6942,HIGHWAY_PATROL
D001585,NH-15,2025-09-27 21:00:00,Assam,Sonitpur,BRIDGE_DAMAGE,HIGH,BLOCKED,1,18.0,Structural wear or adverse weather (bridge_damage),26.631,92.8144,BRO_BORDER_ROADS
D001586,NH-13,2025-09-27 22:48:00,Arunachal Pradesh,West Kameng,ACCIDENT,LOW,OPEN,0,1.6,Structural wear or adverse weather (accident),27.3025,92.5321,HIGHWAY_PATROL
D001587,NH-02,2025-09-28 00:36:00,Manipur,Bishnupur,HEAVY_RAIN,MEDIUM,PARTIAL,0,7.4,Structural wear or adverse weather (heavy_rain),24.7754,93.6444,HIGHWAY_PATROL
D001588,NH-37,2025-09-28 02:24:00,Assam,Dibrugarh,ROAD_DAMAGE,MEDIUM,PARTIAL,0,7.5,Structural wear or adverse weather (road_damage),27.3673,94.9103,PWD_NER
D001589,NH-06,2025-09-28 04:12:00,Meghalaya,Ri-Bhoi,BRIDGE_DAMAGE,MEDIUM,PARTIAL,0,5.7,Structural wear or adverse weather (bridge_damage),26.0494,91.8735,HIGHWAY_PATROL
D001590,NH-27,2025-09-28 06:00:00,Assam,Nagaon,BRIDGE_DAMAGE,HIGH,BLOCKED,1,21.6,Structural wear or adverse weather (bridge_damage),26.385,92.7546,PWD_NER
D001591,NH-02,2025-09-28 07:48:00,Manipur,Bishnupur,BRIDGE_DAMAGE,MEDIUM,PARTIAL,0,3.1,Structural wear or adverse weather (bridge_damage),24.6552,93.6557,BRO_BORDER_ROADS
D001592,NH-54,2025-09-28 09:36:00,Mizoram,Kolasib,HEAVY_RAIN,CRITICAL,BLOCKED,1,17.0,Structural wear or adverse weather (heavy_rain),24.0972,92.6739,HIGHWAY_PATROL
D001593,NH-02,2025-09-28 11:24:00,Manipur,Senapati,ACCIDENT,LOW,OPEN,0,6.3,Structural wear or adverse weather (accident),25.2417,94.045,HIGHWAY_PATROL
D001594,NH-10,2025-09-28 13:12:00,Sikkim,East Sikkim,BRIDGE_DAMAGE,HIGH,BLOCKED,1,20.2,Structural wear or adverse weather (bridge_damage),27.2715,88.4587,PWD_NER
D001595,NH-54,2025-09-28 15:00:00,Mizoram,Aizawl,ROAD_DAMAGE,CRITICAL,BLOCKED,1,16.6,Structural wear or adverse weather (road_damage),23.8272,92.6588,HIGHWAY_PATROL
D001596,NH-06,2025-09-28 16:48:00,Meghalaya,Ri-Bhoi,BRIDGE_DAMAGE,MEDIUM,PARTIAL,0,3.2,Structural wear or adverse weather (bridge_damage),26.0282,91.9188,PWD_NER
D001597,NH-415,2025-09-28 18:36:00,Arunachal Pradesh,Papum Pare,ACCIDENT,LOW,OPEN,0,5.2,Structural wear or adverse weather (accident),26.9522,93.7276,PWD_NER
D001598,NH-127B,2025-09-28 20:24:00,Meghalaya,West Khasi Hills,BRIDGE_DAMAGE,CRITICAL,BLOCKED,1,5.2,Structural wear or adverse weather (bridge_damage),25.6372,91.1224,PWD_NER
D001599,NH-310,2025-09-28 22:12:00,Sikkim,North Sikkim,HEAVY_RAIN,HIGH,PARTIAL,0,1.9,Structural wear or adverse weather (heavy_rain),27.3806,88.6356,PWD_NER
D001600,NH-13,2025-09-29 00:00:00,Arunachal Pradesh,Lower Subansiri,ROAD_DAMAGE,HIGH,BLOCKED,1,23.2,Structural wear or adverse weather (road_damage),27.4868,93.9716,BRO_BORDER_ROADS
D001601,NH-06,2025-09-29 01:48:00,Meghalaya,West Jaintia Hills,ACCIDENT,MEDIUM,PARTIAL,0,3.4,Structural wear or adverse weather (accident),25.4774,92.235,HIGHWAY_PATROL
D001602,NH-13,2025-09-29 03:36:00,Arunachal Pradesh,Lower Subansiri,BRIDGE_DAMAGE,CRITICAL,BLOCKED,1,31.3,Structural wear or adverse weather (bridge_damage),27.5641,93.9002,HIGHWAY_PATROL
D001603,NH-08,2025-09-29 05:24:00,Tripura,Dhalai,HEAVY_RAIN,MEDIUM,PARTIAL,0,4.7,Structural wear or adverse weather (heavy_rain),23.9904,91.9377,HIGHWAY_PATROL
D001604,NH-27,2025-09-29 07:12:00,Assam,Nagaon,ROAD_DAMAGE,CRITICAL,BLOCKED,1,14.9,Structural wear or adverse weather (road_damage),26.2365,92.5571,BRO_BORDER_ROADS
D001605,NH-54,2025-09-29 09:00:00,Mizoram,Kolasib,BRIDGE_DAMAGE,MEDIUM,PARTIAL,0,6.2,Structural wear or adverse weather (bridge_damage),24.2307,92.6477,BRO_BORDER_ROADS
D001606,NH-54,2025-09-29 10:48:00,Mizoram,Aizawl,ROAD_DAMAGE,HIGH,BLOCKED,1,14.4,Structural wear or adverse weather (road_damage),23.589,92.8443,PWD_NER
D001607,NH-54,2025-09-29 12:36:00,Mizoram,Kolasib,HEAVY_RAIN,HIGH,PARTIAL,0,2.5,Structural wear or adverse weather (heavy_rain),24.0972,92.6739,PWD_NER
D001608,NH-206,2025-09-29 14:24:00,Meghalaya,East Khasi Hills,HEAVY_RAIN,MEDIUM,PARTIAL,0,5.4,Structural wear or adverse weather (heavy_rain),25.496,92.0359,BRO_BORDER_ROADS
D001609,NH-27,2025-09-29 16:12:00,Assam,Kamrup Metropolitan,ROAD_DAMAGE,CRITICAL,BLOCKED,1,31.2,Structural wear or adverse weather (road_damage),26.2697,91.6087,PWD_NER
D001610,NH-08,2025-09-29 18:00:00,Tripura,West Tripura,ROAD_DAMAGE,CRITICAL,BLOCKED,1,31.1,Structural wear or adverse weather (road_damage),23.7263,91.2561,HIGHWAY_PATROL
D001611,NH-08,2025-09-29 19:48:00,Tripura,West Tripura,ROAD_DAMAGE,HIGH,BLOCKED,1,24.6,Structural wear or adverse weather (road_damage),23.6995,91.4235,PWD_NER
D001612,NH-510,2025-09-29 21:36:00,Sikkim,South Sikkim,ROAD_DAMAGE,CRITICAL,BLOCKED,1,4.8,Structural wear or adverse weather (road_damage),27.2729,88.3643,BRO_BORDER_ROADS
D001613,NH-27,2025-09-29 23:24:00,Assam,Nagaon,HEAVY_RAIN,HIGH,PARTIAL,0,7.4,Structural wear or adverse weather (heavy_rain),26.2347,92.6415,HIGHWAY_PATROL
D001614,NH-29,2025-09-30 01:12:00,Nagaland,Dimapur,BRIDGE_DAMAGE,HIGH,BLOCKED,1,7.8,Structural wear or adverse weather (bridge_damage),26.0065,93.6687,HIGHWAY_PATROL
D001615,NH-415,2025-09-30 03:00:00,Arunachal Pradesh,Papum Pare,ACCIDENT,HIGH,PARTIAL,0,5.0,Structural wear or adverse weather (accident),27.1988,93.5454,BRO_BORDER_ROADS
D001616,NH-54,2025-09-30 04:48:00,Mizoram,Kolasib,ACCIDENT,HIGH,PARTIAL,0,5.8,Structural wear or adverse weather (accident),24.2472,92.6883,HIGHWAY_PATROL
D001617,NH-02,2025-09-30 06:36:00,Manipur,Imphal West,ACCIDENT,MEDIUM,PARTIAL,0,1.7,Structural wear or adverse weather (accident),24.7555,94.0479,BRO_BORDER_ROADS
D001618,NH-37,2025-09-30 08:24:00,Assam,Cachar,ROAD_DAMAGE,MEDIUM,PARTIAL,0,6.5,Structural wear or adverse weather (road_damage),24.887,92.8784,BRO_BORDER_ROADS
D001619,NH-37,2025-09-30 10:12:00,Assam,Dibrugarh,ACCIDENT,MEDIUM,PARTIAL,0,6.6,Structural wear or adverse weather (accident),27.4742,95.0026,HIGHWAY_PATROL
D001620,NH-02,2025-09-30 12:00:00,Manipur,Bishnupur,ROAD_DAMAGE,CRITICAL,BLOCKED,1,16.0,Structural wear or adverse weather (road_damage),24.5116,93.7076,BRO_BORDER_ROADS
D001621,NH-06,2025-09-30 13:48:00,Meghalaya,West Jaintia Hills,HEAVY_RAIN,HIGH,PARTIAL,0,2.1,Structural wear or adverse weather (heavy_rain),25.3093,92.2996,BRO_BORDER_ROADS
D001622,NH-54,2025-09-30 15:36:00,Mizoram,Aizawl,ROAD_DAMAGE,MEDIUM,PARTIAL,0,2.3,Structural wear or adverse weather (road_damage),23.6228,92.6666,BRO_BORDER_ROADS
D001623,NH-27,2025-09-30 17:24:00,Assam,Nagaon,ROAD_DAMAGE,CRITICAL,BLOCKED,1,23.3,Structural wear or adverse weather (road_damage),26.4384,92.614,PWD_NER
D001624,NH-510,2025-09-30 19:12:00,Sikkim,South Sikkim,BRIDGE_DAMAGE,HIGH,BLOCKED,1,20.0,Structural wear or adverse weather (bridge_damage),27.0267,88.295,BRO_BORDER_ROADS
D001625,NH-08,2025-09-30 21:00:00,Tripura,West Tripura,BRIDGE_DAMAGE,HIGH,BLOCKED,1,9.1,Structural wear or adverse weather (bridge_damage),23.7623,91.31,HIGHWAY_PATROL
D001626,NH-02,2025-09-30 22:48:00,Manipur,Senapati,BRIDGE_DAMAGE,HIGH,BLOCKED,1,16.9,Structural wear or adverse weather (bridge_damage),25.2835,94.0376,PWD_NER
D001627,NH-27,2025-10-01 00:36:00,Assam,Kamrup Metropolitan,ROAD_DAMAGE,CRITICAL,BLOCKED,1,23.9,Structural wear or adverse weather (road_damage),26.0491,91.8491,PWD_NER
D001628,NH-02,2025-10-01 02:24:00,Manipur,Senapati,ACCIDENT,HIGH,PARTIAL,0,6.3,Structural wear or adverse weather (accident),25.1386,94.0585,HIGHWAY_PATROL
D001629,NH-515,2025-10-01 04:12:00,Arunachal Pradesh,East Siang,ROAD_DAMAGE,CRITICAL,BLOCKED,1,15.7,Structural wear or adverse weather (road_damage),28.1856,95.4489,HIGHWAY_PATROL
D001630,NH-08,2025-10-01 06:00:00,Tripura,Sipahijala,BRIDGE_DAMAGE,MEDIUM,PARTIAL,0,6.4,Structural wear or adverse weather (bridge_damage),23.6202,91.4063,PWD_NER
D001631,NH-13,2025-10-01 07:48:00,Arunachal Pradesh,Tawang,BRIDGE_DAMAGE,MEDIUM,PARTIAL,0,5.1,Structural wear or adverse weather (bridge_damage),27.4559,91.7719,HIGHWAY_PATROL
D001632,NH-10,2025-10-01 09:36:00,Sikkim,East Sikkim,ACCIDENT,LOW,OPEN,0,2.3,Structural wear or adverse weather (accident),27.393,88.6467,PWD_NER
D001633,NH-127B,2025-10-01 11:24:00,Meghalaya,West Khasi Hills,ROAD_DAMAGE,CRITICAL,BLOCKED,1,10.7,Structural wear or adverse weather (road_damage),25.4987,91.191,HIGHWAY_PATROL
D001634,NH-54,2025-10-01 13:12:00,Mizoram,Lunglei,BRIDGE_DAMAGE,MEDIUM,PARTIAL,0,4.9,Structural wear or adverse weather (bridge_damage),22.8005,92.7221,BRO_BORDER_ROADS
D001635,NH-08,2025-10-01 15:00:00,Tripura,Dhalai,ROAD_DAMAGE,MEDIUM,PARTIAL,0,4.4,Structural wear or adverse weather (road_damage),23.8458,91.7208,BRO_BORDER_ROADS
D001636,NH-10,2025-10-01 16:48:00,Sikkim,East Sikkim,ACCIDENT,HIGH,PARTIAL,0,7.0,Structural wear or adverse weather (accident),27.3657,88.6036,HIGHWAY_PATROL
D001637,NH-08,2025-10-01 18:36:00,Tripura,Sipahijala,ROAD_DAMAGE,MEDIUM,PARTIAL,0,6.9,Structural wear or adverse weather (road_damage),23.6457,91.4199,PWD_NER
D001638,NH-54,2025-10-01 20:24:00,Mizoram,Aizawl,HEAVY_RAIN,HIGH,PARTIAL,0,5.9,Structural wear or adverse weather (heavy_rain),23.7197,92.6305,PWD_NER
D001639,NH-06,2025-10-01 22:12:00,Meghalaya,West Jaintia Hills,HEAVY_RAIN,CRITICAL,BLOCKED,1,17.7,Structural wear or adverse weather (heavy_rain),25.3745,92.2249,HIGHWAY_PATROL
D001640,NH-08,2025-10-02 00:00:00,Tripura,Dhalai,ROAD_DAMAGE,CRITICAL,BLOCKED,1,13.1,Structural wear or adverse weather (road_damage),23.9916,91.9067,PWD_NER
D001641,NH-54,2025-10-02 01:48:00,Mizoram,Lunglei,HEAVY_RAIN,CRITICAL,BLOCKED,1,20.9,Structural wear or adverse weather (heavy_rain),22.7537,92.8663,PWD_NER
D001642,NH-54,2025-10-02 03:36:00,Mizoram,Aizawl,HEAVY_RAIN,MEDIUM,PARTIAL,0,3.9,Structural wear or adverse weather (heavy_rain),23.7944,92.7524,PWD_NER
D001643,NH-510,2025-10-02 05:24:00,Sikkim,South Sikkim,ROAD_DAMAGE,CRITICAL,BLOCKED,1,25.4,Structural wear or adverse weather (road_damage),27.2211,88.3267,HIGHWAY_PATROL
D001644,NH-06,2025-10-02 07:12:00,Meghalaya,West Jaintia Hills,ACCIDENT,HIGH,PARTIAL,0,6.0,Structural wear or adverse weather (accident),25.5303,92.1999,PWD_NER
D001645,NH-15,2025-10-02 09:00:00,Assam,Sonitpur,BRIDGE_DAMAGE,HIGH,BLOCKED,1,20.4,Structural wear or adverse weather (bridge_damage),26.7295,92.7892,BRO_BORDER_ROADS
D001646,NH-06,2025-10-02 10:48:00,Meghalaya,West Jaintia Hills,HEAVY_RAIN,CRITICAL,BLOCKED,1,9.4,Structural wear or adverse weather (heavy_rain),25.5773,92.2058,BRO_BORDER_ROADS
D001647,NH-02,2025-10-02 12:36:00,Manipur,Bishnupur,ROAD_DAMAGE,HIGH,BLOCKED,1,29.7,Structural wear or adverse weather (road_damage),24.7796,93.6819,BRO_BORDER_ROADS
D001648,NH-13,2025-10-02 14:24:00,Arunachal Pradesh,West Kameng,BRIDGE_DAMAGE,CRITICAL,BLOCKED,1,15.5,Structural wear or adverse weather (bridge_damage),27.2483,92.2936,HIGHWAY_PATROL
D001649,NH-27,2025-10-02 16:12:00,Assam,Nagaon,ACCIDENT,HIGH,PARTIAL,0,6.2,Structural wear or adverse weather (accident),26.4135,92.8194,HIGHWAY_PATROL
D001650,NH-54,2025-10-02 18:00:00,Mizoram,Aizawl,ROAD_DAMAGE,HIGH,BLOCKED,1,27.9,Structural wear or adverse weather (road_damage),23.6315,92.7816,HIGHWAY_PATROL
D001651,NH-27,2025-10-02 19:48:00,Assam,Nagaon,HEAVY_RAIN,CRITICAL,BLOCKED,1,19.2,Structural wear or adverse weather (heavy_rain),26.2541,92.7164,PWD_NER
D001652,NH-08,2025-10-02 21:36:00,Tripura,Dhalai,ROAD_DAMAGE,CRITICAL,BLOCKED,1,7.9,Structural wear or adverse weather (road_damage),23.9849,91.8136,BRO_BORDER_ROADS
D001653,NH-29,2025-10-02 23:24:00,Nagaland,Dimapur,HEAVY_RAIN,HIGH,PARTIAL,0,1.7,Structural wear or adverse weather (heavy_rain),25.7645,93.6287,PWD_NER
D001654,NH-06,2025-10-03 01:12:00,Meghalaya,Ri-Bhoi,HEAVY_RAIN,HIGH,PARTIAL,0,7.1,Structural wear or adverse weather (heavy_rain),25.9496,91.8798,PWD_NER
D001655,NH-310,2025-10-03 03:00:00,Sikkim,North Sikkim,HEAVY_RAIN,MEDIUM,PARTIAL,0,3.1,Structural wear or adverse weather (heavy_rain),27.4363,88.4538,HIGHWAY_PATROL
D001656,NH-29,2025-10-03 04:48:00,Nagaland,Kohima,HEAVY_RAIN,HIGH,PARTIAL,0,4.6,Structural wear or adverse weather (heavy_rain),25.6309,94.258,HIGHWAY_PATROL
D001657,NH-29,2025-10-03 06:36:00,Nagaland,Kohima,ROAD_DAMAGE,MEDIUM,PARTIAL,0,2.9,Structural wear or adverse weather (road_damage),25.7455,94.1974,HIGHWAY_PATROL
D001658,NH-08,2025-10-03 08:24:00,Tripura,West Tripura,BRIDGE_DAMAGE,CRITICAL,BLOCKED,1,16.9,Structural wear or adverse weather (bridge_damage),23.7872,91.1788,BRO_BORDER_ROADS
D001659,NH-02,2025-10-03 10:12:00,Manipur,Senapati,ROAD_DAMAGE,HIGH,BLOCKED,1,28.5,Structural wear or adverse weather (road_damage),25.1795,93.9271,PWD_NER
D001660,NH-27,2025-10-03 12:00:00,Assam,Nagaon,BRIDGE_DAMAGE,HIGH,BLOCKED,1,27.4,Structural wear or adverse weather (bridge_damage),26.2138,92.5695,HIGHWAY_PATROL
D001661,NH-415,2025-10-03 13:48:00,Arunachal Pradesh,Papum Pare,ACCIDENT,LOW,OPEN,0,4.8,Structural wear or adverse weather (accident),27.1252,93.7477,HIGHWAY_PATROL
D001662,NH-13,2025-10-03 15:36:00,Arunachal Pradesh,West Kameng,ROAD_DAMAGE,HIGH,BLOCKED,1,4.5,Structural wear or adverse weather (road_damage),27.1928,92.4792,BRO_BORDER_ROADS
D001663,NH-27,2025-10-03 17:24:00,Assam,Nagaon,ACCIDENT,MEDIUM,PARTIAL,0,4.7,Structural wear or adverse weather (accident),26.4316,92.6334,HIGHWAY_PATROL
D001664,NH-54,2025-10-03 19:12:00,Mizoram,Lunglei,ACCIDENT,MEDIUM,PARTIAL,0,7.1,Structural wear or adverse weather (accident),22.7397,92.8342,PWD_NER
D001665,NH-06,2025-10-03 21:00:00,Meghalaya,West Jaintia Hills,HEAVY_RAIN,CRITICAL,BLOCKED,1,8.6,Structural wear or adverse weather (heavy_rain),25.3391,92.231,PWD_NER
D001666,NH-02,2025-10-03 22:48:00,Manipur,Imphal West,ROAD_DAMAGE,CRITICAL,BLOCKED,1,22.5,Structural wear or adverse weather (road_damage),24.8634,94.0524,PWD_NER
D001667,NH-08,2025-10-04 00:36:00,Tripura,Sipahijala,ACCIDENT,MEDIUM,PARTIAL,0,6.2,Structural wear or adverse weather (accident),23.6255,91.4223,BRO_BORDER_ROADS
D001668,NH-127B,2025-10-04 02:24:00,Meghalaya,West Khasi Hills,ACCIDENT,LOW,OPEN,0,7.3,Structural wear or adverse weather (accident),25.5458,91.2119,PWD_NER
D001669,NH-37,2025-10-04 04:12:00,Assam,Dibrugarh,ROAD_DAMAGE,CRITICAL,BLOCKED,1,13.0,Structural wear or adverse weather (road_damage),27.4153,94.8282,HIGHWAY_PATROL
D001670,NH-13,2025-10-04 06:00:00,Arunachal Pradesh,Lower Subansiri,HEAVY_RAIN,MEDIUM,PARTIAL,0,4.4,Structural wear or adverse weather (heavy_rain),27.4868,93.9716,HIGHWAY_PATROL
D001671,NH-54,2025-10-04 07:48:00,Mizoram,Kolasib,ROAD_DAMAGE,HIGH,BLOCKED,1,19.9,Structural wear or adverse weather (road_damage),24.0864,92.723,PWD_NER
D001672,NH-02,2025-10-04 09:36:00,Nagaland,Mokokchung,ROAD_DAMAGE,CRITICAL,BLOCKED,1,28.4,Structural wear or adverse weather (road_damage),26.3949,94.6464,HIGHWAY_PATROL
D001673,NH-27,2025-10-04 11:24:00,Assam,Kamrup Metropolitan,ACCIDENT,MEDIUM,PARTIAL,0,4.2,Structural wear or adverse weather (accident),26.184,91.6936,PWD_NER
D001674,NH-06,2025-10-04 13:12:00,Meghalaya,West Jaintia Hills,ROAD_DAMAGE,CRITICAL,BLOCKED,1,20.1,Structural wear or adverse weather (road_damage),25.3296,92.3325,PWD_NER
D001675,NH-15,2025-10-04 15:00:00,Assam,Darrang,ROAD_DAMAGE,MEDIUM,PARTIAL,0,5.8,Structural wear or adverse weather (road_damage),26.5196,92.0874,BRO_BORDER_ROADS
D001676,NH-27,2025-10-04 16:48:00,Assam,Nagaon,BRIDGE_DAMAGE,HIGH,BLOCKED,1,17.5,Structural wear or adverse weather (bridge_damage),26.2147,92.6866,BRO_BORDER_ROADS
D001677,NH-310,2025-10-04 18:36:00,Sikkim,North Sikkim,ROAD_DAMAGE,MEDIUM,PARTIAL,0,7.4,Structural wear or adverse weather (road_damage),27.5827,88.4711,HIGHWAY_PATROL
D001678,NH-29,2025-10-04 20:24:00,Nagaland,Kohima,ROAD_DAMAGE,MEDIUM,PARTIAL,0,4.7,Structural wear or adverse weather (road_damage),25.7153,94.1397,BRO_BORDER_ROADS
D001679,NH-08,2025-10-04 22:12:00,Tripura,Sipahijala,ACCIDENT,MEDIUM,PARTIAL,0,1.6,Structural wear or adverse weather (accident),23.7621,91.2306,PWD_NER
D001680,NH-08,2025-10-05 00:00:00,Tripura,West Tripura,ACCIDENT,MEDIUM,PARTIAL,0,1.9,Structural wear or adverse weather (accident),23.9451,91.4039,BRO_BORDER_ROADS
D001681,NH-06,2025-10-05 01:48:00,Meghalaya,West Jaintia Hills,BRIDGE_DAMAGE,MEDIUM,PARTIAL,0,7.2,Structural wear or adverse weather (bridge_damage),25.3074,92.239,BRO_BORDER_ROADS
D001682,NH-37,2025-10-05 03:36:00,Assam,Dibrugarh,BRIDGE_DAMAGE,HIGH,BLOCKED,1,14.4,Structural wear or adverse weather (bridge_damage),27.4127,95.0118,PWD_NER
D001683,NH-02,2025-10-05 05:24:00,Manipur,Bishnupur,ROAD_DAMAGE,MEDIUM,PARTIAL,0,2.2,Structural wear or adverse weather (road_damage),24.7691,93.8764,BRO_BORDER_ROADS
D001684,NH-127B,2025-10-05 07:12:00,Meghalaya,West Khasi Hills,BRIDGE_DAMAGE,CRITICAL,BLOCKED,1,9.9,Structural wear or adverse weather (bridge_damage),25.5704,91.2749,HIGHWAY_PATROL
D001685,NH-54,2025-10-05 09:00:00,Mizoram,Lunglei,ACCIDENT,LOW,OPEN,0,4.3,Structural wear or adverse weather (accident),22.9681,92.8779,PWD_NER
D001686,NH-08,2025-10-05 10:48:00,Tripura,Dhalai,HEAVY_RAIN,CRITICAL,BLOCKED,1,15.0,Structural wear or adverse weather (heavy_rain),23.9586,91.7561,HIGHWAY_PATROL
D001687,NH-54,2025-10-05 12:36:00,Mizoram,Aizawl,HEAVY_RAIN,MEDIUM,PARTIAL,0,1.5,Structural wear or adverse weather (heavy_rain),23.7869,92.7977,PWD_NER
D001688,NH-27,2025-10-05 14:24:00,Assam,Kamrup Metropolitan,ACCIDENT,HIGH,PARTIAL,0,7.4,Structural wear or adverse weather (accident),26.2697,91.6087,PWD_NER
D001689,NH-510,2025-10-05 16:12:00,Sikkim,South Sikkim,BRIDGE_DAMAGE,CRITICAL,BLOCKED,1,17.0,Structural wear or adverse weather (bridge_damage),27.2741,88.4627,BRO_BORDER_ROADS
D001690,NH-37,2025-10-05 18:00:00,Assam,Dibrugarh,HEAVY_RAIN,HIGH,PARTIAL,0,4.4,Structural wear or adverse weather (heavy_rain),27.423,94.7928,BRO_BORDER_ROADS
D001691,NH-29,2025-10-05 19:48:00,Nagaland,Dimapur,HEAVY_RAIN,CRITICAL,BLOCKED,1,13.1,Structural wear or adverse weather (heavy_rain),26.0065,93.6687,PWD_NER
D001692,NH-29,2025-10-05 21:36:00,Nagaland,Kohima,ROAD_DAMAGE,HIGH,BLOCKED,1,18.1,Structural wear or adverse weather (road_damage),25.6427,94.17,PWD_NER
D001693,NH-37,2025-10-05 23:24:00,Assam,Dibrugarh,ROAD_DAMAGE,HIGH,BLOCKED,1,16.4,Structural wear or adverse weather (road_damage),27.3518,95.0126,BRO_BORDER_ROADS
D001694,NH-02,2025-10-06 01:12:00,Manipur,Bishnupur,HEAVY_RAIN,HIGH,PARTIAL,0,4.7,Structural wear or adverse weather (heavy_rain),24.5925,93.908,HIGHWAY_PATROL
D001695,NH-13,2025-10-06 03:00:00,Arunachal Pradesh,Tawang,ACCIDENT,MEDIUM,PARTIAL,0,6.4,Structural wear or adverse weather (accident),27.5632,91.9408,BRO_BORDER_ROADS
D001696,NH-510,2025-10-06 04:48:00,Sikkim,South Sikkim,BRIDGE_DAMAGE,HIGH,BLOCKED,1,7.9,Structural wear or adverse weather (bridge_damage),27.0812,88.382,HIGHWAY_PATROL
D001697,NH-08,2025-10-06 06:36:00,Tripura,Dhalai,ACCIDENT,MEDIUM,PARTIAL,0,4.7,Structural wear or adverse weather (accident),23.7207,91.7465,PWD_NER
D001698,NH-08,2025-10-06 08:24:00,Tripura,West Tripura,ACCIDENT,LOW,OPEN,0,3.9,Structural wear or adverse weather (accident),23.7436,91.3884,PWD_NER
D001699,NH-15,2025-10-06 10:12:00,Assam,Darrang,HEAVY_RAIN,MEDIUM,PARTIAL,0,3.5,Structural wear or adverse weather (heavy_rain),26.4012,91.8818,PWD_NER
D001700,NH-02,2025-10-06 12:00:00,Manipur,Bishnupur,HEAVY_RAIN,HIGH,PARTIAL,0,4.7,Structural wear or adverse weather (heavy_rain),24.5253,93.7125,PWD_NER
D001701,NH-37,2025-10-06 13:48:00,Assam,Dibrugarh,ROAD_DAMAGE,HIGH,BLOCKED,1,12.0,Structural wear or adverse weather (road_damage),27.6186,94.9471,BRO_BORDER_ROADS
D001702,NH-515,2025-10-06 15:36:00,Arunachal Pradesh,East Siang,HEAVY_RAIN,HIGH,PARTIAL,0,4.2,Structural wear or adverse weather (heavy_rain),27.9615,95.3149,BRO_BORDER_ROADS
D001703,NH-13,2025-10-06 17:24:00,Arunachal Pradesh,Tawang,HEAVY_RAIN,CRITICAL,BLOCKED,1,24.2,Structural wear or adverse weather (heavy_rain),27.6017,91.7133,PWD_NER
D001704,NH-10,2025-10-06 19:12:00,Sikkim,East Sikkim,ROAD_DAMAGE,CRITICAL,BLOCKED,1,19.0,Structural wear or adverse weather (road_damage),27.4176,88.5386,PWD_NER
D001705,NH-02,2025-10-06 21:00:00,Nagaland,Mokokchung,HEAVY_RAIN,CRITICAL,BLOCKED,1,30.6,Structural wear or adverse weather (heavy_rain),26.2893,94.4287,PWD_NER
D001706,NH-13,2025-10-06 22:48:00,Arunachal Pradesh,Lower Subansiri,HEAVY_RAIN,HIGH,PARTIAL,0,5.5,Structural wear or adverse weather (heavy_rain),27.5761,93.8503,BRO_BORDER_ROADS
D001707,NH-415,2025-10-07 00:36:00,Arunachal Pradesh,Papum Pare,ROAD_DAMAGE,HIGH,BLOCKED,1,23.2,Structural wear or adverse weather (road_damage),27.1056,93.5387,PWD_NER
D001708,NH-54,2025-10-07 02:24:00,Mizoram,Kolasib,HEAVY_RAIN,CRITICAL,BLOCKED,1,31.1,Structural wear or adverse weather (heavy_rain),24.1603,92.7356,BRO_BORDER_ROADS
D001709,NH-27,2025-10-07 04:12:00,Assam,Kamrup Metropolitan,BRIDGE_DAMAGE,MEDIUM,PARTIAL,0,3.9,Structural wear or adverse weather (bridge_damage),26.0051,91.7986,BRO_BORDER_ROADS
D001710,NH-02,2025-10-07 06:00:00,Manipur,Bishnupur,ACCIDENT,LOW,OPEN,0,4.7,Structural wear or adverse weather (accident),24.5414,93.7133,BRO_BORDER_ROADS
D001711,NH-13,2025-10-07 07:48:00,Arunachal Pradesh,Tawang,ROAD_DAMAGE,HIGH,BLOCKED,1,10.5,Structural wear or adverse weather (road_damage),27.6395,91.7445,PWD_NER
D001712,NH-206,2025-10-07 09:36:00,Meghalaya,East Khasi Hills,ACCIDENT,LOW,OPEN,0,5.6,Structural wear or adverse weather (accident),25.4978,91.9109,PWD_NER
D001713,NH-54,2025-10-07 11:24:00,Mizoram,Lunglei,BRIDGE_DAMAGE,CRITICAL,BLOCKED,1,21.2,Structural wear or adverse weather (bridge_damage),22.7825,92.8631,HIGHWAY_PATROL
D001714,NH-08,2025-10-07 13:12:00,Tripura,Dhalai,ROAD_DAMAGE,CRITICAL,BLOCKED,1,25.0,Structural wear or adverse weather (road_damage),23.7847,91.8194,HIGHWAY_PATROL
D001715,NH-54,2025-10-07 15:00:00,Mizoram,Aizawl,HEAVY_RAIN,HIGH,PARTIAL,0,6.2,Structural wear or adverse weather (heavy_rain),23.8017,92.8466,HIGHWAY_PATROL
D001716,NH-06,2025-10-07 16:48:00,Meghalaya,West Jaintia Hills,HEAVY_RAIN,HIGH,PARTIAL,0,6.3,Structural wear or adverse weather (heavy_rain),25.546,92.0541,PWD_NER
D001717,NH-37,2025-10-07 18:36:00,Assam,Dibrugarh,ROAD_DAMAGE,CRITICAL,BLOCKED,1,13.8,Structural wear or adverse weather (road_damage),27.6165,94.8881,PWD_NER
D001718,NH-02,2025-10-07 20:24:00,Manipur,Senapati,HEAVY_RAIN,MEDIUM,PARTIAL,0,2.1,Structural wear or adverse weather (heavy_rain),25.328,94.1307,HIGHWAY_PATROL
D001719,NH-15,2025-10-07 22:12:00,Assam,Darrang,ACCIDENT,HIGH,PARTIAL,0,6.7,Structural wear or adverse weather (accident),26.3929,92.0928,PWD_NER
D001720,NH-27,2025-10-08 00:00:00,Assam,Kamrup Rural,ACCIDENT,LOW,OPEN,0,5.9,Structural wear or adverse weather (accident),26.2247,91.5875,BRO_BORDER_ROADS
D001721,NH-08,2025-10-08 01:48:00,Tripura,Dhalai,ACCIDENT,MEDIUM,PARTIAL,0,2.4,Structural wear or adverse weather (accident),23.9658,91.7807,HIGHWAY_PATROL
D001722,NH-127B,2025-10-08 03:36:00,Meghalaya,West Khasi Hills,ACCIDENT,HIGH,PARTIAL,0,4.4,Structural wear or adverse weather (accident),25.4586,91.2267,BRO_BORDER_ROADS
D001723,NH-54,2025-10-08 05:24:00,Mizoram,Kolasib,ACCIDENT,LOW,OPEN,0,3.8,Structural wear or adverse weather (accident),24.1139,92.5486,PWD_NER
D001724,NH-127B,2025-10-08 07:12:00,Meghalaya,West Khasi Hills,ROAD_DAMAGE,MEDIUM,PARTIAL,0,2.5,Structural wear or adverse weather (road_damage),25.492,91.3267,BRO_BORDER_ROADS
D001725,NH-127B,2025-10-08 09:00:00,Meghalaya,West Khasi Hills,ROAD_DAMAGE,MEDIUM,PARTIAL,0,5.4,Structural wear or adverse weather (road_damage),25.512,91.3861,HIGHWAY_PATROL
D001726,NH-29,2025-10-08 10:48:00,Nagaland,Kohima,ROAD_DAMAGE,MEDIUM,PARTIAL,0,2.0,Structural wear or adverse weather (road_damage),25.5521,94.0471,BRO_BORDER_ROADS
D001727,NH-27,2025-10-08 12:36:00,Assam,Nagaon,ROAD_DAMAGE,MEDIUM,PARTIAL,0,5.8,Structural wear or adverse weather (road_damage),26.2616,92.5394,HIGHWAY_PATROL
D001728,NH-310,2025-10-08 14:24:00,Sikkim,North Sikkim,HEAVY_RAIN,CRITICAL,BLOCKED,1,12.8,Structural wear or adverse weather (heavy_rain),27.507,88.4776,BRO_BORDER_ROADS
D001729,NH-310,2025-10-08 16:12:00,Sikkim,North Sikkim,HEAVY_RAIN,CRITICAL,BLOCKED,1,17.6,Structural wear or adverse weather (heavy_rain),27.4305,88.5801,BRO_BORDER_ROADS
D001730,NH-29,2025-10-08 18:00:00,Nagaland,Kohima,BRIDGE_DAMAGE,CRITICAL,BLOCKED,1,9.1,Structural wear or adverse weather (bridge_damage),25.5544,93.9988,HIGHWAY_PATROL
D001731,NH-13,2025-10-08 19:48:00,Arunachal Pradesh,Tawang,BRIDGE_DAMAGE,MEDIUM,PARTIAL,0,7.5,Structural wear or adverse weather (bridge_damage),27.7308,91.7347,HIGHWAY_PATROL
D001732,NH-02,2025-10-08 21:36:00,Manipur,Bishnupur,BRIDGE_DAMAGE,HIGH,BLOCKED,1,14.9,Structural wear or adverse weather (bridge_damage),24.6171,93.8917,HIGHWAY_PATROL
D001733,NH-02,2025-10-08 23:24:00,Nagaland,Mokokchung,BRIDGE_DAMAGE,HIGH,BLOCKED,1,20.5,Structural wear or adverse weather (bridge_damage),26.4045,94.6588,HIGHWAY_PATROL
D001734,NH-37,2025-10-09 01:12:00,Assam,Dibrugarh,ACCIDENT,MEDIUM,PARTIAL,0,5.1,Structural wear or adverse weather (accident),27.5415,94.964,BRO_BORDER_ROADS
D001735,NH-15,2025-10-09 03:00:00,Assam,Sonitpur,BRIDGE_DAMAGE,CRITICAL,BLOCKED,1,31.5,Structural wear or adverse weather (bridge_damage),26.5223,92.8392,BRO_BORDER_ROADS
D001736,NH-02,2025-10-09 04:48:00,Nagaland,Mokokchung,ACCIDENT,MEDIUM,PARTIAL,0,4.1,Structural wear or adverse weather (accident),26.2232,94.5306,BRO_BORDER_ROADS
D001737,NH-13,2025-10-09 06:36:00,Arunachal Pradesh,Lower Subansiri,BRIDGE_DAMAGE,HIGH,BLOCKED,1,5.5,Structural wear or adverse weather (bridge_damage),27.5317,93.8419,PWD_NER
D001738,NH-15,2025-10-09 08:24:00,Assam,Sonitpur,ACCIDENT,MEDIUM,PARTIAL,0,6.6,Structural wear or adverse weather (accident),26.5659,92.8763,HIGHWAY_PATROL
D001739,NH-310,2025-10-09 10:12:00,Sikkim,North Sikkim,ACCIDENT,HIGH,PARTIAL,0,4.8,Structural wear or adverse weather (accident),27.4434,88.6677,HIGHWAY_PATROL
D001740,NH-54,2025-10-09 12:00:00,Mizoram,Kolasib,ROAD_DAMAGE,HIGH,BLOCKED,1,15.2,Structural wear or adverse weather (road_damage),24.2855,92.7633,PWD_NER
D001741,NH-02,2025-10-09 13:48:00,Manipur,Senapati,ACCIDENT,MEDIUM,PARTIAL,0,4.6,Structural wear or adverse weather (accident),25.3509,94.0062,PWD_NER
D001742,NH-13,2025-10-09 15:36:00,Arunachal Pradesh,West Kameng,BRIDGE_DAMAGE,HIGH,BLOCKED,1,12.1,Structural wear or adverse weather (bridge_damage),27.2966,92.3191,HIGHWAY_PATROL
D001743,NH-54,2025-10-09 17:24:00,Mizoram,Aizawl,HEAVY_RAIN,MEDIUM,PARTIAL,0,7.4,Structural wear or adverse weather (heavy_rain),23.6277,92.6767,BRO_BORDER_ROADS
D001744,NH-02,2025-10-09 19:12:00,Nagaland,Mokokchung,HEAVY_RAIN,MEDIUM,PARTIAL,0,2.0,Structural wear or adverse weather (heavy_rain),26.4148,94.4362,HIGHWAY_PATROL
D001745,NH-13,2025-10-09 21:00:00,Arunachal Pradesh,Tawang,ACCIDENT,LOW,OPEN,0,5.6,Structural wear or adverse weather (accident),27.6586,91.8734,PWD_NER
D001746,NH-10,2025-10-09 22:48:00,Sikkim,East Sikkim,BRIDGE_DAMAGE,HIGH,BLOCKED,1,12.6,Structural wear or adverse weather (bridge_damage),27.3201,88.589,PWD_NER
D001747,NH-08,2025-10-10 00:36:00,Tripura,West Tripura,ROAD_DAMAGE,CRITICAL,BLOCKED,1,18.4,Structural wear or adverse weather (road_damage),23.6963,91.1999,HIGHWAY_PATROL
D001748,NH-310,2025-10-10 02:24:00,Sikkim,North Sikkim,BRIDGE_DAMAGE,MEDIUM,PARTIAL,0,1.7,Structural wear or adverse weather (bridge_damage),27.374,88.5983,PWD_NER
D001749,NH-415,2025-10-10 04:12:00,Arunachal Pradesh,Papum Pare,ROAD_DAMAGE,MEDIUM,PARTIAL,0,5.4,Structural wear or adverse weather (road_damage),27.046,93.7157,HIGHWAY_PATROL
D001750,NH-02,2025-10-10 06:00:00,Manipur,Bishnupur,ROAD_DAMAGE,MEDIUM,PARTIAL,0,3.8,Structural wear or adverse weather (road_damage),24.5093,93.8276,BRO_BORDER_ROADS
D001751,NH-15,2025-10-10 07:48:00,Assam,Darrang,ACCIDENT,MEDIUM,PARTIAL,0,6.5,Structural wear or adverse weather (accident),26.4084,91.9585,HIGHWAY_PATROL
D001752,NH-15,2025-10-10 09:36:00,Assam,Darrang,ACCIDENT,LOW,OPEN,0,7.5,Structural wear or adverse weather (accident),26.4622,91.902,BRO_BORDER_ROADS
D001753,NH-13,2025-10-10 11:24:00,Arunachal Pradesh,West Kameng,ROAD_DAMAGE,CRITICAL,BLOCKED,1,28.1,Structural wear or adverse weather (road_damage),27.2414,92.3294,BRO_BORDER_ROADS
D001754,NH-54,2025-10-10 13:12:00,Mizoram,Aizawl,HEAVY_RAIN,HIGH,PARTIAL,0,2.0,Structural wear or adverse weather (heavy_rain),23.7015,92.6401,PWD_NER
D001755,NH-515,2025-10-10 15:00:00,Arunachal Pradesh,East Siang,BRIDGE_DAMAGE,MEDIUM,PARTIAL,0,2.5,Structural wear or adverse weather (bridge_damage),27.9431,95.4695,HIGHWAY_PATROL
D001756,NH-08,2025-10-10 16:48:00,Tripura,Sipahijala,ROAD_DAMAGE,HIGH,BLOCKED,1,10.8,Structural wear or adverse weather (road_damage),23.6202,91.4063,BRO_BORDER_ROADS
D001757,NH-37,2025-10-10 18:36:00,Assam,Dibrugarh,ACCIDENT,LOW,OPEN,0,2.5,Structural wear or adverse weather (accident),27.3436,94.7905,BRO_BORDER_ROADS
D001758,NH-54,2025-10-10 20:24:00,Mizoram,Lunglei,ACCIDENT,MEDIUM,PARTIAL,0,3.1,Structural wear or adverse weather (accident),23.0288,92.8836,HIGHWAY_PATROL
D001759,NH-08,2025-10-10 22:12:00,Tripura,Sipahijala,ROAD_DAMAGE,MEDIUM,PARTIAL,0,6.4,Structural wear or adverse weather (road_damage),23.7253,91.3462,PWD_NER
D001760,NH-10,2025-10-11 00:00:00,Sikkim,East Sikkim,BRIDGE_DAMAGE,MEDIUM,PARTIAL,0,4.8,Structural wear or adverse weather (bridge_damage),27.4262,88.5308,HIGHWAY_PATROL
D001761,NH-02,2025-10-11 01:48:00,Manipur,Bishnupur,ACCIDENT,LOW,OPEN,0,4.2,Structural wear or adverse weather (accident),24.5093,93.8276,BRO_BORDER_ROADS
D001762,NH-310,2025-10-11 03:36:00,Sikkim,North Sikkim,BRIDGE_DAMAGE,MEDIUM,PARTIAL,0,6.0,Structural wear or adverse weather (bridge_damage),27.6143,88.4096,HIGHWAY_PATROL
D001763,NH-37,2025-10-11 05:24:00,Assam,Dibrugarh,BRIDGE_DAMAGE,MEDIUM,PARTIAL,0,5.2,Structural wear or adverse weather (bridge_damage),27.583,95.0322,HIGHWAY_PATROL
D001764,NH-02,2025-10-11 07:12:00,Nagaland,Mokokchung,ACCIDENT,HIGH,PARTIAL,0,7.3,Structural wear or adverse weather (accident),26.4025,94.6128,BRO_BORDER_ROADS
D001765,NH-415,2025-10-11 09:00:00,Arunachal Pradesh,Papum Pare,BRIDGE_DAMAGE,MEDIUM,PARTIAL,0,3.1,Structural wear or adverse weather (bridge_damage),27.1988,93.5454,PWD_NER
D001766,NH-08,2025-10-11 10:48:00,Tripura,Dhalai,ROAD_DAMAGE,MEDIUM,PARTIAL,0,3.6,Structural wear or adverse weather (road_damage),23.8289,91.7636,BRO_BORDER_ROADS
D001767,NH-15,2025-10-11 12:36:00,Assam,Darrang,BRIDGE_DAMAGE,CRITICAL,BLOCKED,1,21.3,Structural wear or adverse weather (bridge_damage),26.5331,92.0788,HIGHWAY_PATROL
D001768,NH-27,2025-10-11 14:24:00,Assam,Kamrup Rural,ROAD_DAMAGE,HIGH,BLOCKED,1,19.2,Structural wear or adverse weather (road_damage),26.3333,91.5504,BRO_BORDER_ROADS
D001769,NH-29,2025-10-11 16:12:00,Nagaland,Dimapur,BRIDGE_DAMAGE,HIGH,BLOCKED,1,17.1,Structural wear or adverse weather (bridge_damage),25.8286,93.674,HIGHWAY_PATROL
D001770,NH-06,2025-10-11 18:00:00,Meghalaya,West Jaintia Hills,HEAVY_RAIN,MEDIUM,PARTIAL,0,4.2,Structural wear or adverse weather (heavy_rain),25.4725,92.1431,HIGHWAY_PATROL
D001771,NH-29,2025-10-11 19:48:00,Nagaland,Kohima,ACCIDENT,MEDIUM,PARTIAL,0,6.9,Structural wear or adverse weather (accident),25.7588,94.142,BRO_BORDER_ROADS
D001772,NH-02,2025-10-11 21:36:00,Nagaland,Mokokchung,HEAVY_RAIN,HIGH,PARTIAL,0,5.4,Structural wear or adverse weather (heavy_rain),26.4148,94.4362,BRO_BORDER_ROADS
D001773,NH-27,2025-10-11 23:24:00,Assam,Kamrup Metropolitan,ROAD_DAMAGE,MEDIUM,PARTIAL,0,6.5,Structural wear or adverse weather (road_damage),26.2565,91.6862,BRO_BORDER_ROADS
D001774,NH-54,2025-10-12 01:12:00,Mizoram,Kolasib,HEAVY_RAIN,MEDIUM,PARTIAL,0,2.2,Structural wear or adverse weather (heavy_rain),24.3039,92.653,PWD_NER
D001775,NH-15,2025-10-12 03:00:00,Assam,Darrang,ACCIDENT,LOW,OPEN,0,3.8,Structural wear or adverse weather (accident),26.3581,92.1336,BRO_BORDER_ROADS
D001776,NH-08,2025-10-12 04:48:00,Tripura,West Tripura,HEAVY_RAIN,MEDIUM,PARTIAL,0,4.9,Structural wear or adverse weather (heavy_rain),23.8931,91.279,BRO_BORDER_ROADS
D001777,NH-06,2025-10-12 06:36:00,Meghalaya,Ri-Bhoi,ACCIDENT,MEDIUM,PARTIAL,0,4.6,Structural wear or adverse weather (accident),25.8809,91.8066,HIGHWAY_PATROL
D001778,NH-13,2025-10-12 08:24:00,Arunachal Pradesh,Lower Subansiri,ROAD_DAMAGE,CRITICAL,BLOCKED,1,4.4,Structural wear or adverse weather (road_damage),27.5513,93.7619,BRO_BORDER_ROADS
D001779,NH-37,2025-10-12 10:12:00,Assam,Dibrugarh,ACCIDENT,HIGH,PARTIAL,0,5.8,Structural wear or adverse weather (accident),27.3673,94.9103,PWD_NER
D001780,NH-08,2025-10-12 12:00:00,Tripura,Sipahijala,BRIDGE_DAMAGE,CRITICAL,BLOCKED,1,9.2,Structural wear or adverse weather (bridge_damage),23.6279,91.2958,BRO_BORDER_ROADS
D001781,NH-15,2025-10-12 13:48:00,Assam,Darrang,ROAD_DAMAGE,MEDIUM,PARTIAL,0,4.4,Structural wear or adverse weather (road_damage),26.5741,92.1732,PWD_NER
D001782,NH-13,2025-10-12 15:36:00,Arunachal Pradesh,West Kameng,BRIDGE_DAMAGE,HIGH,BLOCKED,1,12.6,Structural wear or adverse weather (bridge_damage),27.212,92.3409,PWD_NER
D001783,NH-54,2025-10-12 17:24:00,Mizoram,Lunglei,BRIDGE_DAMAGE,MEDIUM,PARTIAL,0,4.8,Structural wear or adverse weather (bridge_damage),23.016,92.8667,BRO_BORDER_ROADS
D001784,NH-06,2025-10-12 19:12:00,Meghalaya,Ri-Bhoi,ROAD_DAMAGE,HIGH,BLOCKED,1,11.0,Structural wear or adverse weather (road_damage),25.9282,91.9141,BRO_BORDER_ROADS
D001785,NH-29,2025-10-12 21:00:00,Nagaland,Kohima,HEAVY_RAIN,MEDIUM,PARTIAL,0,3.8,Structural wear or adverse weather (heavy_rain),25.59,94.1006,HIGHWAY_PATROL
D001786,NH-37,2025-10-12 22:48:00,Assam,Cachar,ROAD_DAMAGE,CRITICAL,BLOCKED,1,24.6,Structural wear or adverse weather (road_damage),24.9259,92.9112,HIGHWAY_PATROL
D001787,NH-06,2025-10-13 00:36:00,Meghalaya,Ri-Bhoi,HEAVY_RAIN,CRITICAL,BLOCKED,1,21.7,Structural wear or adverse weather (heavy_rain),25.7599,92.0086,BRO_BORDER_ROADS
D001788,NH-13,2025-10-13 02:24:00,Arunachal Pradesh,Lower Subansiri,BRIDGE_DAMAGE,HIGH,BLOCKED,1,15.6,Structural wear or adverse weather (bridge_damage),27.4584,93.9152,PWD_NER
D001789,NH-02,2025-10-13 04:12:00,Manipur,Senapati,ACCIDENT,LOW,OPEN,0,2.5,Structural wear or adverse weather (accident),25.1272,94.0317,PWD_NER
D001790,NH-08,2025-10-13 06:00:00,Tripura,Sipahijala,HEAVY_RAIN,MEDIUM,PARTIAL,0,5.6,Structural wear or adverse weather (heavy_rain),23.7566,91.4555,PWD_NER
D001791,NH-37,2025-10-13 07:48:00,Assam,Dibrugarh,BRIDGE_DAMAGE,MEDIUM,PARTIAL,0,2.3,Structural wear or adverse weather (bridge_damage),27.5309,94.8485,PWD_NER
D001792,NH-127B,2025-10-13 09:36:00,Meghalaya,West Khasi Hills,BRIDGE_DAMAGE,MEDIUM,PARTIAL,0,6.0,Structural wear or adverse weather (bridge_damage),25.4225,91.2266,PWD_NER
D001793,NH-510,2025-10-13 11:24:00,Sikkim,South Sikkim,BRIDGE_DAMAGE,CRITICAL,BLOCKED,1,24.1,Structural wear or adverse weather (bridge_damage),27.0742,88.2131,BRO_BORDER_ROADS
D001794,NH-06,2025-10-13 13:12:00,Meghalaya,West Jaintia Hills,ROAD_DAMAGE,HIGH,BLOCKED,1,15.9,Structural wear or adverse weather (road_damage),25.5712,92.1359,PWD_NER
D001795,NH-13,2025-10-13 15:00:00,Arunachal Pradesh,West Kameng,ROAD_DAMAGE,MEDIUM,PARTIAL,0,6.7,Structural wear or adverse weather (road_damage),27.3838,92.3201,BRO_BORDER_ROADS
D001796,NH-515,2025-10-13 16:48:00,Arunachal Pradesh,East Siang,BRIDGE_DAMAGE,HIGH,BLOCKED,1,26.6,Structural wear or adverse weather (bridge_damage),28.0772,95.4696,BRO_BORDER_ROADS
D001797,NH-02,2025-10-13 18:36:00,Nagaland,Mokokchung,ROAD_DAMAGE,MEDIUM,PARTIAL,0,6.9,Structural wear or adverse weather (road_damage),26.4303,94.4927,PWD_NER
D001798,NH-13,2025-10-13 20:24:00,Arunachal Pradesh,Tawang,ROAD_DAMAGE,HIGH,BLOCKED,1,15.7,Structural wear or adverse weather (road_damage),27.4469,91.7154,PWD_NER
D001799,NH-15,2025-10-13 22:12:00,Assam,Darrang,ACCIDENT,MEDIUM,PARTIAL,0,5.8,Structural wear or adverse weather (accident),26.5951,91.9544,PWD_NER
D001800,NH-13,2025-10-14 00:00:00,Arunachal Pradesh,Lower Subansiri,HEAVY_RAIN,MEDIUM,PARTIAL,0,2.2,Structural wear or adverse weather (heavy_rain),27.4848,93.9154,PWD_NER
D001801,NH-10,2025-10-14 01:48:00,Sikkim,East Sikkim,ACCIDENT,LOW,OPEN,0,2.4,Structural wear or adverse weather (accident),27.4835,88.5983,BRO_BORDER_ROADS
D001802,NH-08,2025-10-14 03:36:00,Tripura,Sipahijala,ROAD_DAMAGE,HIGH,BLOCKED,1,27.0,Structural wear or adverse weather (road_damage),23.5489,91.4506,PWD_NER
D001803,NH-02,2025-10-14 05:24:00,Manipur,Imphal West,HEAVY_RAIN,MEDIUM,PARTIAL,0,7.1,Structural wear or adverse weather (heavy_rain),24.7699,94.0221,HIGHWAY_PATROL
D001804,NH-27,2025-10-14 07:12:00,Assam,Kamrup Metropolitan,BRIDGE_DAMAGE,HIGH,BLOCKED,1,29.6,Structural wear or adverse weather (bridge_damage),26.0491,91.8491,HIGHWAY_PATROL
D001805,NH-06,2025-10-14 09:00:00,Meghalaya,Ri-Bhoi,ACCIDENT,HIGH,PARTIAL,0,6.0,Structural wear or adverse weather (accident),25.8809,91.8066,BRO_BORDER_ROADS
D001806,NH-510,2025-10-14 10:48:00,Sikkim,South Sikkim,HEAVY_RAIN,CRITICAL,BLOCKED,1,15.6,Structural wear or adverse weather (heavy_rain),27.2055,88.2728,BRO_BORDER_ROADS
D001807,NH-206,2025-10-14 12:36:00,Meghalaya,East Khasi Hills,ACCIDENT,MEDIUM,PARTIAL,0,5.2,Structural wear or adverse weather (accident),25.616,91.8793,PWD_NER
D001808,NH-02,2025-10-14 14:24:00,Manipur,Imphal West,BRIDGE_DAMAGE,CRITICAL,BLOCKED,1,18.1,Structural wear or adverse weather (bridge_damage),24.8067,93.8263,PWD_NER
D001809,NH-37,2025-10-14 16:12:00,Assam,Dibrugarh,ROAD_DAMAGE,MEDIUM,PARTIAL,0,6.5,Structural wear or adverse weather (road_damage),27.6157,95.0052,PWD_NER
D001810,NH-08,2025-10-14 18:00:00,Tripura,Dhalai,HEAVY_RAIN,HIGH,PARTIAL,0,2.6,Structural wear or adverse weather (heavy_rain),23.8218,91.9452,HIGHWAY_PATROL
D001811,NH-54,2025-10-14 19:48:00,Mizoram,Aizawl,HEAVY_RAIN,CRITICAL,BLOCKED,1,6.7,Structural wear or adverse weather (heavy_rain),23.7944,92.7524,BRO_BORDER_ROADS
D001812,NH-02,2025-10-14 21:36:00,Manipur,Bishnupur,BRIDGE_DAMAGE,MEDIUM,PARTIAL,0,7.3,Structural wear or adverse weather (bridge_damage),24.5839,93.9054,PWD_NER
D001813,NH-08,2025-10-14 23:24:00,Tripura,Sipahijala,BRIDGE_DAMAGE,MEDIUM,PARTIAL,0,4.4,Structural wear or adverse weather (bridge_damage),23.636,91.4115,PWD_NER
D001814,NH-29,2025-10-15 01:12:00,Nagaland,Dimapur,BRIDGE_DAMAGE,CRITICAL,BLOCKED,1,10.6,Structural wear or adverse weather (bridge_damage),25.8286,93.6933,BRO_BORDER_ROADS
D001815,NH-54,2025-10-15 03:00:00,Mizoram,Kolasib,ROAD_DAMAGE,HIGH,BLOCKED,1,11.7,Structural wear or adverse weather (road_damage),24.1844,92.8265,BRO_BORDER_ROADS
D001816,NH-15,2025-10-15 04:48:00,Assam,Darrang,HEAVY_RAIN,HIGH,PARTIAL,0,4.3,Structural wear or adverse weather (heavy_rain),26.4582,91.8821,BRO_BORDER_ROADS
D001817,NH-02,2025-10-15 06:36:00,Manipur,Bishnupur,ROAD_DAMAGE,MEDIUM,PARTIAL,0,5.7,Structural wear or adverse weather (road_damage),24.6836,93.8141,PWD_NER
D001818,NH-02,2025-10-15 08:24:00,Manipur,Imphal West,ROAD_DAMAGE,HIGH,BLOCKED,1,20.8,Structural wear or adverse weather (road_damage),24.7582,94.085,PWD_NER
D001819,NH-08,2025-10-15 10:12:00,Tripura,Dhalai,HEAVY_RAIN,MEDIUM,PARTIAL,0,5.4,Structural wear or adverse weather (heavy_rain),23.7065,91.7425,BRO_BORDER_ROADS
D001820,NH-13,2025-10-15 12:00:00,Arunachal Pradesh,Tawang,BRIDGE_DAMAGE,CRITICAL,BLOCKED,1,10.0,Structural wear or adverse weather (bridge_damage),27.6491,91.7473,PWD_NER
D001821,NH-54,2025-10-15 13:48:00,Mizoram,Aizawl,ROAD_DAMAGE,HIGH,BLOCKED,1,5.6,Structural wear or adverse weather (road_damage),23.7016,92.7765,BRO_BORDER_ROADS
D001822,NH-02,2025-10-15 15:36:00,Manipur,Senapati,HEAVY_RAIN,MEDIUM,PARTIAL,0,2.0,Structural wear or adverse weather (heavy_rain),25.2417,94.045,BRO_BORDER_ROADS
D001823,NH-08,2025-10-15 17:24:00,Tripura,West Tripura,ACCIDENT,HIGH,PARTIAL,0,4.7,Structural wear or adverse weather (accident),23.9276,91.3841,HIGHWAY_PATROL
D001824,NH-06,2025-10-15 19:12:00,Meghalaya,West Jaintia Hills,HEAVY_RAIN,HIGH,PARTIAL,0,4.5,Structural wear or adverse weather (heavy_rain),25.4924,92.1699,BRO_BORDER_ROADS
D001825,NH-54,2025-10-15 21:00:00,Mizoram,Lunglei,ACCIDENT,LOW,OPEN,0,7.2,Structural wear or adverse weather (accident),22.9602,92.661,PWD_NER
D001826,NH-06,2025-10-15 22:48:00,Meghalaya,West Jaintia Hills,BRIDGE_DAMAGE,CRITICAL,BLOCKED,1,24.3,Structural wear or adverse weather (bridge_damage),25.5488,92.0655,PWD_NER
D001827,NH-127B,2025-10-16 00:36:00,Meghalaya,West Khasi Hills,HEAVY_RAIN,MEDIUM,PARTIAL,0,5.5,Structural wear or adverse weather (heavy_rain),25.6373,91.3443,HIGHWAY_PATROL
D001828,NH-515,2025-10-16 02:24:00,Arunachal Pradesh,East Siang,ACCIDENT,MEDIUM,PARTIAL,0,3.8,Structural wear or adverse weather (accident),28.0936,95.3149,HIGHWAY_PATROL
D001829,NH-15,2025-10-16 04:12:00,Assam,Darrang,ROAD_DAMAGE,MEDIUM,PARTIAL,0,5.5,Structural wear or adverse weather (road_damage),26.5643,91.9073,HIGHWAY_PATROL
D001830,NH-310,2025-10-16 06:00:00,Sikkim,North Sikkim,ROAD_DAMAGE,MEDIUM,PARTIAL,0,4.5,Structural wear or adverse weather (road_damage),27.612,88.475,HIGHWAY_PATROL
D001831,NH-206,2025-10-16 07:48:00,Meghalaya,East Khasi Hills,ROAD_DAMAGE,CRITICAL,BLOCKED,1,30.3,Structural wear or adverse weather (road_damage),25.7277,91.8148,PWD_NER
D001832,NH-54,2025-10-16 09:36:00,Mizoram,Aizawl,BRIDGE_DAMAGE,HIGH,BLOCKED,1,24.7,Structural wear or adverse weather (bridge_damage),23.7243,92.8629,BRO_BORDER_ROADS
D001833,NH-08,2025-10-16 11:24:00,Tripura,West Tripura,ROAD_DAMAGE,MEDIUM,PARTIAL,0,4.3,Structural wear or adverse weather (road_damage),23.8221,91.2228,BRO_BORDER_ROADS
D001834,NH-08,2025-10-16 13:12:00,Tripura,Dhalai,BRIDGE_DAMAGE,HIGH,BLOCKED,1,22.5,Structural wear or adverse weather (bridge_damage),23.7168,91.9313,PWD_NER
D001835,NH-15,2025-10-16 15:00:00,Assam,Darrang,HEAVY_RAIN,HIGH,PARTIAL,0,2.7,Structural wear or adverse weather (heavy_rain),26.4168,92.0859,PWD_NER
D001836,NH-02,2025-10-16 16:48:00,Manipur,Imphal West,ACCIDENT,HIGH,PARTIAL,0,6.5,Structural wear or adverse weather (accident),24.7036,94.0469,BRO_BORDER_ROADS
D001837,NH-08,2025-10-16 18:36:00,Tripura,Sipahijala,BRIDGE_DAMAGE,HIGH,BLOCKED,1,20.2,Structural wear or adverse weather (bridge_damage),23.699,91.4612,PWD_NER
D001838,NH-13,2025-10-16 20:24:00,Arunachal Pradesh,Tawang,BRIDGE_DAMAGE,HIGH,BLOCKED,1,8.6,Structural wear or adverse weather (bridge_damage),27.4788,91.7273,HIGHWAY_PATROL
D001839,NH-06,2025-10-16 22:12:00,Meghalaya,West Jaintia Hills,HEAVY_RAIN,HIGH,PARTIAL,0,4.0,Structural wear or adverse weather (heavy_rain),25.342,92.2082,HIGHWAY_PATROL
D001840,NH-08,2025-10-17 00:00:00,Tripura,Dhalai,ROAD_DAMAGE,HIGH,BLOCKED,1,23.5,Structural wear or adverse weather (road_damage),23.9916,91.9067,BRO_BORDER_ROADS
D001841,NH-37,2025-10-17 01:48:00,Assam,Dibrugarh,HEAVY_RAIN,CRITICAL,BLOCKED,1,27.0,Structural wear or adverse weather (heavy_rain),27.4444,94.8752,PWD_NER
D001842,NH-06,2025-10-17 03:36:00,Meghalaya,West Jaintia Hills,HEAVY_RAIN,HIGH,PARTIAL,0,6.7,Structural wear or adverse weather (heavy_rain),25.5765,92.3211,PWD_NER
D001843,NH-27,2025-10-17 05:24:00,Assam,Kamrup Rural,BRIDGE_DAMAGE,CRITICAL,BLOCKED,1,20.2,Structural wear or adverse weather (bridge_damage),26.239,91.5154,PWD_NER
D001844,NH-37,2025-10-17 07:12:00,Assam,Dibrugarh,HEAVY_RAIN,HIGH,PARTIAL,0,4.5,Structural wear or adverse weather (heavy_rain),27.6157,95.0052,BRO_BORDER_ROADS
D001845,NH-08,2025-10-17 09:00:00,Tripura,Dhalai,ACCIDENT,HIGH,PARTIAL,0,6.4,Structural wear or adverse weather (accident),23.9894,91.7016,PWD_NER
D001846,NH-37,2025-10-17 10:48:00,Assam,Dibrugarh,HEAVY_RAIN,HIGH,PARTIAL,0,2.8,Structural wear or adverse weather (heavy_rain),27.586,95.045,PWD_NER
D001847,NH-54,2025-10-17 12:36:00,Mizoram,Kolasib,BRIDGE_DAMAGE,MEDIUM,PARTIAL,0,7.2,Structural wear or adverse weather (bridge_damage),24.112,92.6433,HIGHWAY_PATROL
D001848,NH-02,2025-10-17 14:24:00,Manipur,Senapati,HEAVY_RAIN,CRITICAL,BLOCKED,1,6.6,Structural wear or adverse weather (heavy_rain),25.3585,94.0884,HIGHWAY_PATROL
D001849,NH-206,2025-10-17 16:12:00,Meghalaya,East Khasi Hills,ROAD_DAMAGE,CRITICAL,BLOCKED,1,17.3,Structural wear or adverse weather (road_damage),25.5411,91.899,HIGHWAY_PATROL
D001850,NH-13,2025-10-17 18:00:00,Arunachal Pradesh,Lower Subansiri,HEAVY_RAIN,MEDIUM,PARTIAL,0,3.0,Structural wear or adverse weather (heavy_rain),27.6392,93.9605,BRO_BORDER_ROADS
D001851,NH-37,2025-10-17 19:48:00,Assam,Dibrugarh,HEAVY_RAIN,HIGH,PARTIAL,0,5.5,Structural wear or adverse weather (heavy_rain),27.3844,94.773,PWD_NER
D001852,NH-02,2025-10-17 21:36:00,Manipur,Senapati,ROAD_DAMAGE,HIGH,BLOCKED,1,26.7,Structural wear or adverse weather (road_damage),25.172,94.0555,HIGHWAY_PATROL
D001853,NH-02,2025-10-17 23:24:00,Manipur,Bishnupur,BRIDGE_DAMAGE,HIGH,BLOCKED,1,25.7,Structural wear or adverse weather (bridge_damage),24.7433,93.6486,HIGHWAY_PATROL
D001854,NH-02,2025-10-18 01:12:00,Manipur,Senapati,ROAD_DAMAGE,MEDIUM,PARTIAL,0,2.7,Structural wear or adverse weather (road_damage),25.3034,94.0704,BRO_BORDER_ROADS
D001855,NH-29,2025-10-18 03:00:00,Nagaland,Dimapur,ROAD_DAMAGE,CRITICAL,BLOCKED,1,23.7,Structural wear or adverse weather (road_damage),25.9237,93.6362,HIGHWAY_PATROL
D001856,NH-02,2025-10-18 04:48:00,Manipur,Senapati,ACCIDENT,MEDIUM,PARTIAL,0,5.3,Structural wear or adverse weather (accident),25.3145,93.8982,PWD_NER
D001857,NH-310,2025-10-18 06:36:00,Sikkim,North Sikkim,ACCIDENT,HIGH,PARTIAL,0,2.1,Structural wear or adverse weather (accident),27.507,88.4776,PWD_NER
D001858,NH-08,2025-10-18 08:24:00,Tripura,Dhalai,ACCIDENT,LOW,OPEN,0,3.2,Structural wear or adverse weather (accident),23.9339,91.7367,HIGHWAY_PATROL
D001859,NH-27,2025-10-18 10:12:00,Assam,Kamrup Metropolitan,BRIDGE_DAMAGE,MEDIUM,PARTIAL,0,6.9,Structural wear or adverse weather (bridge_damage),26.2109,91.7896,PWD_NER
D001860,NH-27,2025-10-18 12:00:00,Assam,Kamrup Rural,BRIDGE_DAMAGE,HIGH,BLOCKED,1,27.7,Structural wear or adverse weather (bridge_damage),26.2836,91.5605,BRO_BORDER_ROADS
D001861,NH-54,2025-10-18 13:48:00,Mizoram,Kolasib,BRIDGE_DAMAGE,HIGH,BLOCKED,1,5.3,Structural wear or adverse weather (bridge_damage),24.0893,92.5802,HIGHWAY_PATROL
D001862,NH-54,2025-10-18 15:36:00,Mizoram,Aizawl,BRIDGE_DAMAGE,CRITICAL,BLOCKED,1,6.2,Structural wear or adverse weather (bridge_damage),23.7695,92.6122,HIGHWAY_PATROL
D001863,NH-02,2025-10-18 17:24:00,Manipur,Bishnupur,HEAVY_RAIN,CRITICAL,BLOCKED,1,17.3,Structural wear or adverse weather (heavy_rain),24.5762,93.8434,BRO_BORDER_ROADS
D001864,NH-02,2025-10-18 19:12:00,Manipur,Imphal West,ROAD_DAMAGE,MEDIUM,PARTIAL,0,1.5,Structural wear or adverse weather (road_damage),24.6967,93.8012,BRO_BORDER_ROADS
D001865,NH-02,2025-10-18 21:00:00,Manipur,Bishnupur,BRIDGE_DAMAGE,MEDIUM,PARTIAL,0,7.3,Structural wear or adverse weather (bridge_damage),24.5859,93.7801,BRO_BORDER_ROADS
D001866,NH-08,2025-10-18 22:48:00,Tripura,West Tripura,HEAVY_RAIN,MEDIUM,PARTIAL,0,4.5,Structural wear or adverse weather (heavy_rain),23.8913,91.1853,BRO_BORDER_ROADS
D001867,NH-515,2025-10-19 00:36:00,Arunachal Pradesh,East Siang,ACCIDENT,LOW,OPEN,0,4.3,Structural wear or adverse weather (accident),28.2154,95.4424,HIGHWAY_PATROL
D001868,NH-02,2025-10-19 02:24:00,Manipur,Bishnupur,ACCIDENT,HIGH,PARTIAL,0,4.7,Structural wear or adverse weather (accident),24.6171,93.8917,PWD_NER
D001869,NH-27,2025-10-19 04:12:00,Assam,Kamrup Rural,ROAD_DAMAGE,MEDIUM,PARTIAL,0,6.8,Structural wear or adverse weather (road_damage),26.2204,91.6142,PWD_NER
D001870,NH-415,2025-10-19 06:00:00,Arunachal Pradesh,Papum Pare,BRIDGE_DAMAGE,MEDIUM,PARTIAL,0,6.5,Structural wear or adverse weather (bridge_damage),26.9897,93.6394,HIGHWAY_PATROL
D001871,NH-15,2025-10-19 07:48:00,Assam,Sonitpur,ROAD_DAMAGE,HIGH,BLOCKED,1,27.1,Structural wear or adverse weather (road_damage),26.5355,92.7635,HIGHWAY_PATROL
D001872,NH-127B,2025-10-19 09:36:00,Meghalaya,West Khasi Hills,ACCIDENT,LOW,OPEN,0,2.0,Structural wear or adverse weather (accident),25.4516,91.3486,HIGHWAY_PATROL
D001873,NH-29,2025-10-19 11:24:00,Nagaland,Dimapur,BRIDGE_DAMAGE,MEDIUM,PARTIAL,0,3.6,Structural wear or adverse weather (bridge_damage),25.9219,93.8009,HIGHWAY_PATROL
D001874,NH-02,2025-10-19 13:12:00,Manipur,Senapati,ROAD_DAMAGE,CRITICAL,BLOCKED,1,8.2,Structural wear or adverse weather (road_damage),25.4068,93.9232,BRO_BORDER_ROADS
D001875,NH-06,2025-10-19 15:00:00,Meghalaya,Ri-Bhoi,ACCIDENT,MEDIUM,PARTIAL,0,3.0,Structural wear or adverse weather (accident),25.887,91.8407,BRO_BORDER_ROADS
D001876,NH-310,2025-10-19 16:48:00,Sikkim,North Sikkim,ACCIDENT,MEDIUM,PARTIAL,0,3.8,Structural wear or adverse weather (accident),27.6444,88.6089,HIGHWAY_PATROL
D001877,NH-08,2025-10-19 18:36:00,Tripura,Dhalai,HEAVY_RAIN,CRITICAL,BLOCKED,1,20.1,Structural wear or adverse weather (heavy_rain),23.8593,91.789,PWD_NER
D001878,NH-37,2025-10-19 20:24:00,Assam,Cachar,BRIDGE_DAMAGE,MEDIUM,PARTIAL,0,7.0,Structural wear or adverse weather (bridge_damage),24.8757,92.8997,BRO_BORDER_ROADS
D001879,NH-310,2025-10-19 22:12:00,Sikkim,North Sikkim,ACCIDENT,MEDIUM,PARTIAL,0,6.8,Structural wear or adverse weather (accident),27.3806,88.6356,HIGHWAY_PATROL
D001880,NH-13,2025-10-20 00:00:00,Arunachal Pradesh,Tawang,ROAD_DAMAGE,HIGH,BLOCKED,1,18.4,Structural wear or adverse weather (road_damage),27.4522,91.7365,HIGHWAY_PATROL
D001881,NH-02,2025-10-20 01:48:00,Nagaland,Mokokchung,BRIDGE_DAMAGE,CRITICAL,BLOCKED,1,22.9,Structural wear or adverse weather (bridge_damage),26.3222,94.4767,PWD_NER
D001882,NH-06,2025-10-20 03:36:00,Meghalaya,West Jaintia Hills,BRIDGE_DAMAGE,MEDIUM,PARTIAL,0,7.2,Structural wear or adverse weather (bridge_damage),25.5707,92.1607,PWD_NER
D001883,NH-29,2025-10-20 05:24:00,Nagaland,Dimapur,ACCIDENT,MEDIUM,PARTIAL,0,2.2,Structural wear or adverse weather (accident),26.0065,93.6687,BRO_BORDER_ROADS
D001884,NH-29,2025-10-20 07:12:00,Nagaland,Dimapur,HEAVY_RAIN,CRITICAL,BLOCKED,1,28.8,Structural wear or adverse weather (heavy_rain),25.9237,93.6362,PWD_NER
D001885,NH-54,2025-10-20 09:00:00,Mizoram,Aizawl,HEAVY_RAIN,HIGH,PARTIAL,0,5.6,Structural wear or adverse weather (heavy_rain),23.6822,92.653,HIGHWAY_PATROL
D001886,NH-29,2025-10-20 10:48:00,Nagaland,Kohima,HEAVY_RAIN,CRITICAL,BLOCKED,1,27.7,Structural wear or adverse weather (heavy_rain),25.7767,94.0608,HIGHWAY_PATROL
D001887,NH-54,2025-10-20 12:36:00,Mizoram,Kolasib,HEAVY_RAIN,HIGH,PARTIAL,0,5.5,Structural wear or adverse weather (heavy_rain),24.3233,92.6271,HIGHWAY_PATROL
D001888,NH-27,2025-10-20 14:24:00,Assam,Nagaon,HEAVY_RAIN,CRITICAL,BLOCKED,1,26.0,Structural wear or adverse weather (heavy_rain),26.3425,92.5406,BRO_BORDER_ROADS
D001889,NH-15,2025-10-20 16:12:00,Assam,Darrang,ACCIDENT,HIGH,PARTIAL,0,5.9,Structural wear or adverse weather (accident),26.5914,92.0834,BRO_BORDER_ROADS
D001890,NH-54,2025-10-20 18:00:00,Mizoram,Lunglei,HEAVY_RAIN,HIGH,PARTIAL,0,5.5,Structural wear or adverse weather (heavy_rain),22.864,92.6793,BRO_BORDER_ROADS
D001891,NH-37,2025-10-20 19:48:00,Assam,Cachar,HEAVY_RAIN,HIGH,PARTIAL,0,4.1,Structural wear or adverse weather (heavy_rain),24.7657,92.7676,PWD_NER
D001892,NH-08,2025-10-20 21:36:00,Tripura,Dhalai,ROAD_DAMAGE,MEDIUM,PARTIAL,0,6.9,Structural wear or adverse weather (road_damage),23.9339,91.7367,BRO_BORDER_ROADS
D001893,NH-06,2025-10-20 23:24:00,Meghalaya,West Jaintia Hills,HEAVY_RAIN,CRITICAL,BLOCKED,1,7.7,Structural wear or adverse weather (heavy_rain),25.5174,92.343,HIGHWAY_PATROL
D001894,NH-02,2025-10-21 01:12:00,Manipur,Senapati,HEAVY_RAIN,MEDIUM,PARTIAL,0,6.5,Structural wear or adverse weather (heavy_rain),25.2761,94.0269,PWD_NER
D001895,NH-02,2025-10-21 03:00:00,Manipur,Senapati,BRIDGE_DAMAGE,HIGH,BLOCKED,1,17.1,Structural wear or adverse weather (bridge_damage),25.2026,93.9829,BRO_BORDER_ROADS
D001896,NH-37,2025-10-21 04:48:00,Assam,Cachar,BRIDGE_DAMAGE,HIGH,BLOCKED,1,18.0,Structural wear or adverse weather (bridge_damage),24.7974,92.8754,HIGHWAY_PATROL
D001897,NH-127B,2025-10-21 06:36:00,Meghalaya,West Khasi Hills,ACCIDENT,MEDIUM,PARTIAL,0,1.8,Structural wear or adverse weather (accident),25.5684,91.3247,PWD_NER
D001898,NH-08,2025-10-21 08:24:00,Tripura,Sipahijala,ACCIDENT,MEDIUM,PARTIAL,0,6.5,Structural wear or adverse weather (accident),23.7745,91.1799,PWD_NER
D001899,NH-06,2025-10-21 10:12:00,Meghalaya,West Jaintia Hills,BRIDGE_DAMAGE,MEDIUM,PARTIAL,0,7.3,Structural wear or adverse weather (bridge_damage),25.5765,92.3211,PWD_NER
D001900,NH-54,2025-10-21 12:00:00,Mizoram,Lunglei,ROAD_DAMAGE,MEDIUM,PARTIAL,0,2.8,Structural wear or adverse weather (road_damage),22.9932,92.7264,HIGHWAY_PATROL
D001901,NH-54,2025-10-21 13:48:00,Mizoram,Lunglei,HEAVY_RAIN,CRITICAL,BLOCKED,1,19.7,Structural wear or adverse weather (heavy_rain),22.9594,92.8198,PWD_NER
D001902,NH-515,2025-10-21 15:36:00,Arunachal Pradesh,East Siang,ROAD_DAMAGE,MEDIUM,PARTIAL,0,7.4,Structural wear or adverse weather (road_damage),28.1838,95.3025,HIGHWAY_PATROL
D001903,NH-29,2025-10-21 17:24:00,Nagaland,Dimapur,ACCIDENT,MEDIUM,PARTIAL,0,6.2,Structural wear or adverse weather (accident),26.0543,93.6296,BRO_BORDER_ROADS
D001904,NH-29,2025-10-21 19:12:00,Nagaland,Kohima,BRIDGE_DAMAGE,MEDIUM,PARTIAL,0,4.6,Structural wear or adverse weather (bridge_damage),25.7577,94.0028,HIGHWAY_PATROL
D001905,NH-127B,2025-10-21 21:00:00,Meghalaya,West Khasi Hills,HEAVY_RAIN,CRITICAL,BLOCKED,1,4.9,Structural wear or adverse weather (heavy_rain),25.4049,91.1389,HIGHWAY_PATROL
D001906,NH-08,2025-10-21 22:48:00,Tripura,West Tripura,ROAD_DAMAGE,CRITICAL,BLOCKED,1,22.8,Structural wear or adverse weather (road_damage),23.7063,91.387,HIGHWAY_PATROL
D001907,NH-37,2025-10-22 00:36:00,Assam,Cachar,HEAVY_RAIN,MEDIUM,PARTIAL,0,2.6,Structural wear or adverse weather (heavy_rain),24.7851,92.8874,HIGHWAY_PATROL
D001908,NH-08,2025-10-22 02:24:00,Tripura,Dhalai,ACCIDENT,HIGH,PARTIAL,0,3.2,Structural wear or adverse weather (accident),23.7959,91.8042,BRO_BORDER_ROADS
D001909,NH-02,2025-10-22 04:12:00,Manipur,Senapati,ROAD_DAMAGE,CRITICAL,BLOCKED,1,27.1,Structural wear or adverse weather (road_damage),25.4001,94.1288,BRO_BORDER_ROADS
D001910,NH-13,2025-10-22 06:00:00,Arunachal Pradesh,Tawang,ROAD_DAMAGE,CRITICAL,BLOCKED,1,19.3,Structural wear or adverse weather (road_damage),27.5081,91.7375,BRO_BORDER_ROADS
D001911,NH-06,2025-10-22 07:48:00,Meghalaya,West Jaintia Hills,HEAVY_RAIN,HIGH,PARTIAL,0,2.2,Structural wear or adverse weather (heavy_rain),25.3715,92.0776,HIGHWAY_PATROL
D001912,NH-515,2025-10-22 09:36:00,Arunachal Pradesh,East Siang,BRIDGE_DAMAGE,HIGH,BLOCKED,1,21.1,Structural wear or adverse weather (bridge_damage),28.0659,95.3127,HIGHWAY_PATROL
D001913,NH-02,2025-10-22 11:24:00,Manipur,Senapati,HEAVY_RAIN,MEDIUM,PARTIAL,0,3.0,Structural wear or adverse weather (heavy_rain),25.2787,93.8704,BRO_BORDER_ROADS
D001914,NH-27,2025-10-22 13:12:00,Assam,Nagaon,ROAD_DAMAGE,CRITICAL,BLOCKED,1,11.0,Structural wear or adverse weather (road_damage),26.4349,92.7967,BRO_BORDER_ROADS
D001915,NH-29,2025-10-22 15:00:00,Nagaland,Dimapur,HEAVY_RAIN,HIGH,PARTIAL,0,2.6,Structural wear or adverse weather (heavy_rain),25.8286,93.6933,PWD_NER
D001916,NH-02,2025-10-22 16:48:00,Manipur,Senapati,HEAVY_RAIN,MEDIUM,PARTIAL,0,4.9,Structural wear or adverse weather (heavy_rain),25.2371,94.0841,BRO_BORDER_ROADS
D001917,NH-06,2025-10-22 18:36:00,Meghalaya,West Jaintia Hills,ROAD_DAMAGE,CRITICAL,BLOCKED,1,10.9,Structural wear or adverse weather (road_damage),25.4977,92.1405,PWD_NER
D001918,NH-27,2025-10-22 20:24:00,Assam,Kamrup Metropolitan,HEAVY_RAIN,HIGH,PARTIAL,0,4.2,Structural wear or adverse weather (heavy_rain),26.2205,91.7451,PWD_NER
D001919,NH-515,2025-10-22 22:12:00,Arunachal Pradesh,East Siang,HEAVY_RAIN,MEDIUM,PARTIAL,0,4.3,Structural wear or adverse weather (heavy_rain),28.0242,95.462,PWD_NER
D001920,NH-27,2025-10-23 00:00:00,Assam,Nagaon,ACCIDENT,HIGH,PARTIAL,0,5.2,Structural wear or adverse weather (accident),26.2484,92.6706,HIGHWAY_PATROL
D001921,NH-08,2025-10-23 01:48:00,Tripura,Dhalai,ROAD_DAMAGE,HIGH,BLOCKED,1,26.7,Structural wear or adverse weather (road_damage),23.9882,91.8948,HIGHWAY_PATROL
D001922,NH-27,2025-10-23 03:36:00,Assam,Nagaon,ROAD_DAMAGE,MEDIUM,PARTIAL,0,2.5,Structural wear or adverse weather (road_damage),26.41,92.5703,PWD_NER
D001923,NH-54,2025-10-23 05:24:00,Mizoram,Aizawl,HEAVY_RAIN,MEDIUM,PARTIAL,0,3.4,Structural wear or adverse weather (heavy_rain),23.6311,92.6082,PWD_NER
D001924,NH-15,2025-10-23 07:12:00,Assam,Sonitpur,HEAVY_RAIN,MEDIUM,PARTIAL,0,6.7,Structural wear or adverse weather (heavy_rain),26.6418,92.6794,HIGHWAY_PATROL
D001925,NH-54,2025-10-23 09:00:00,Mizoram,Lunglei,HEAVY_RAIN,MEDIUM,PARTIAL,0,3.3,Structural wear or adverse weather (heavy_rain),22.9842,92.7193,BRO_BORDER_ROADS
D001926,NH-08,2025-10-23 10:48:00,Tripura,West Tripura,ROAD_DAMAGE,HIGH,BLOCKED,1,15.4,Structural wear or adverse weather (road_damage),23.9451,91.4039,BRO_BORDER_ROADS
D001927,NH-515,2025-10-23 12:36:00,Arunachal Pradesh,East Siang,ACCIDENT,MEDIUM,PARTIAL,0,2.0,Structural wear or adverse weather (accident),27.9565,95.2332,PWD_NER
D001928,NH-02,2025-10-23 14:24:00,Nagaland,Mokokchung,BRIDGE_DAMAGE,HIGH,BLOCKED,1,14.2,Structural wear or adverse weather (bridge_damage),26.2941,94.5879,PWD_NER
D001929,NH-54,2025-10-23 16:12:00,Mizoram,Aizawl,ACCIDENT,HIGH,PARTIAL,0,5.2,Structural wear or adverse weather (accident),23.7429,92.8662,BRO_BORDER_ROADS
D001930,NH-15,2025-10-23 18:00:00,Assam,Sonitpur,HEAVY_RAIN,MEDIUM,PARTIAL,0,1.6,Structural wear or adverse weather (heavy_rain),26.6755,92.734,PWD_NER
D001931,NH-06,2025-10-23 19:48:00,Meghalaya,Ri-Bhoi,BRIDGE_DAMAGE,MEDIUM,PARTIAL,0,4.6,Structural wear or adverse weather (bridge_damage),26.017,91.9508,HIGHWAY_PATROL
D001932,NH-29,2025-10-23 21:36:00,Nagaland,Dimapur,HEAVY_RAIN,HIGH,PARTIAL,0,1.6,Structural wear or adverse weather (heavy_rain),25.9777,93.6515,BRO_BORDER_ROADS
D001933,NH-08,2025-10-23 23:24:00,Tripura,West Tripura,ACCIDENT,LOW,OPEN,0,3.5,Structural wear or adverse weather (accident),23.6995,91.4235,BRO_BORDER_ROADS
D001934,NH-27,2025-10-24 01:12:00,Assam,Kamrup Metropolitan,ROAD_DAMAGE,CRITICAL,BLOCKED,1,6.5,Structural wear or adverse weather (road_damage),26.0779,91.6508,BRO_BORDER_ROADS
D001935,NH-10,2025-10-24 03:00:00,Sikkim,East Sikkim,HEAVY_RAIN,HIGH,PARTIAL,0,4.3,Structural wear or adverse weather (heavy_rain),27.2691,88.6499,BRO_BORDER_ROADS
D001936,NH-06,2025-10-24 04:48:00,Meghalaya,West Jaintia Hills,HEAVY_RAIN,CRITICAL,BLOCKED,1,25.8,Structural wear or adverse weather (heavy_rain),25.4428,92.2475,BRO_BORDER_ROADS
D001937,NH-13,2025-10-24 06:36:00,Arunachal Pradesh,Lower Subansiri,ROAD_DAMAGE,MEDIUM,PARTIAL,0,3.1,Structural wear or adverse weather (road_damage),27.4695,93.7447,BRO_BORDER_ROADS
D001938,NH-27,2025-10-24 08:24:00,Assam,Kamrup Rural,BRIDGE_DAMAGE,HIGH,BLOCKED,1,30.6,Structural wear or adverse weather (bridge_damage),26.0956,91.4938,BRO_BORDER_ROADS
D001939,NH-37,2025-10-24 10:12:00,Assam,Cachar,HEAVY_RAIN,HIGH,PARTIAL,0,6.1,Structural wear or adverse weather (heavy_rain),24.7639,92.7041,PWD_NER
D001940,NH-02,2025-10-24 12:00:00,Manipur,Senapati,BRIDGE_DAMAGE,HIGH,BLOCKED,1,29.7,Structural wear or adverse weather (bridge_damage),25.2787,93.8704,HIGHWAY_PATROL
D001941,NH-15,2025-10-24 13:48:00,Assam,Sonitpur,ACCIDENT,LOW,OPEN,0,7.3,Structural wear or adverse weather (accident),26.776,92.8674,HIGHWAY_PATROL
D001942,NH-13,2025-10-24 15:36:00,Arunachal Pradesh,Tawang,ACCIDENT,LOW,OPEN,0,7.2,Structural wear or adverse weather (accident),27.4694,91.9809,BRO_BORDER_ROADS
D001943,NH-310,2025-10-24 17:24:00,Sikkim,North Sikkim,BRIDGE_DAMAGE,CRITICAL,BLOCKED,1,23.9,Structural wear or adverse weather (bridge_damage),27.5237,88.6308,HIGHWAY_PATROL
D001944,NH-27,2025-10-24 19:12:00,Assam,Nagaon,ACCIDENT,LOW,OPEN,0,6.2,Structural wear or adverse weather (accident),26.2147,92.6866,PWD_NER
D001945,NH-13,2025-10-24 21:00:00,Arunachal Pradesh,Lower Subansiri,HEAVY_RAIN,MEDIUM,PARTIAL,0,1.8,Structural wear or adverse weather (heavy_rain),27.4816,93.6992,BRO_BORDER_ROADS
D001946,NH-13,2025-10-24 22:48:00,Arunachal Pradesh,Tawang,ROAD_DAMAGE,MEDIUM,PARTIAL,0,4.1,Structural wear or adverse weather (road_damage),27.531,91.9222,BRO_BORDER_ROADS
D001947,NH-515,2025-10-25 00:36:00,Arunachal Pradesh,East Siang,ACCIDENT,MEDIUM,PARTIAL,0,5.8,Structural wear or adverse weather (accident),28.0329,95.2895,HIGHWAY_PATROL
D001948,NH-510,2025-10-25 02:24:00,Sikkim,South Sikkim,ROAD_DAMAGE,CRITICAL,BLOCKED,1,26.4,Structural wear or adverse weather (road_damage),27.1575,88.4127,HIGHWAY_PATROL
D001949,NH-15,2025-10-25 04:12:00,Assam,Sonitpur,ACCIDENT,LOW,OPEN,0,7.1,Structural wear or adverse weather (accident),26.776,92.8674,PWD_NER
D001950,NH-29,2025-10-25 06:00:00,Nagaland,Kohima,BRIDGE_DAMAGE,MEDIUM,PARTIAL,0,4.9,Structural wear or adverse weather (bridge_damage),25.6076,94.0203,HIGHWAY_PATROL
D001951,NH-13,2025-10-25 07:48:00,Arunachal Pradesh,Tawang,BRIDGE_DAMAGE,HIGH,BLOCKED,1,7.6,Structural wear or adverse weather (bridge_damage),27.5428,91.8634,HIGHWAY_PATROL
D001952,NH-415,2025-10-25 09:36:00,Arunachal Pradesh,Papum Pare,BRIDGE_DAMAGE,CRITICAL,BLOCKED,1,16.0,Structural wear or adverse weather (bridge_damage),27.1639,93.6458,BRO_BORDER_ROADS
D001953,NH-54,2025-10-25 11:24:00,Mizoram,Aizawl,ROAD_DAMAGE,CRITICAL,BLOCKED,1,28.2,Structural wear or adverse weather (road_damage),23.6696,92.6756,HIGHWAY_PATROL
D001954,NH-37,2025-10-25 13:12:00,Assam,Dibrugarh,ACCIDENT,HIGH,PARTIAL,0,6.0,Structural wear or adverse weather (accident),27.3344,95.0289,PWD_NER
D001955,NH-06,2025-10-25 15:00:00,Meghalaya,West Jaintia Hills,BRIDGE_DAMAGE,MEDIUM,PARTIAL,0,6.8,Structural wear or adverse weather (bridge_damage),25.5707,92.1607,BRO_BORDER_ROADS
D001956,NH-54,2025-10-25 16:48:00,Mizoram,Lunglei,BRIDGE_DAMAGE,CRITICAL,BLOCKED,1,7.2,Structural wear or adverse weather (bridge_damage),23.0201,92.7828,PWD_NER
D001957,NH-06,2025-10-25 18:36:00,Meghalaya,Ri-Bhoi,ACCIDENT,MEDIUM,PARTIAL,0,2.2,Structural wear or adverse weather (accident),25.8825,92.004,BRO_BORDER_ROADS
D001958,NH-27,2025-10-25 20:24:00,Assam,Nagaon,ROAD_DAMAGE,HIGH,BLOCKED,1,16.6,Structural wear or adverse weather (road_damage),26.4135,92.8194,PWD_NER
D001959,NH-02,2025-10-25 22:12:00,Manipur,Imphal West,HEAVY_RAIN,MEDIUM,PARTIAL,0,4.4,Structural wear or adverse weather (heavy_rain),24.8941,93.8354,PWD_NER
D001960,NH-10,2025-10-26 00:00:00,Sikkim,East Sikkim,HEAVY_RAIN,MEDIUM,PARTIAL,0,5.2,Structural wear or adverse weather (heavy_rain),27.3931,88.6976,PWD_NER
D001961,NH-37,2025-10-26 01:48:00,Assam,Cachar,BRIDGE_DAMAGE,CRITICAL,BLOCKED,1,13.1,Structural wear or adverse weather (bridge_damage),24.7859,92.7224,PWD_NER
D001962,NH-54,2025-10-26 03:36:00,Mizoram,Lunglei,BRIDGE_DAMAGE,HIGH,BLOCKED,1,9.8,Structural wear or adverse weather (bridge_damage),22.7952,92.6132,BRO_BORDER_ROADS
D001963,NH-29,2025-10-26 05:24:00,Nagaland,Dimapur,ACCIDENT,MEDIUM,PARTIAL,0,2.5,Structural wear or adverse weather (accident),25.9219,93.8009,HIGHWAY_PATROL
D001964,NH-54,2025-10-26 07:12:00,Mizoram,Aizawl,BRIDGE_DAMAGE,CRITICAL,BLOCKED,1,12.7,Structural wear or adverse weather (bridge_damage),23.7277,92.8447,BRO_BORDER_ROADS
D001965,NH-08,2025-10-26 09:00:00,Tripura,West Tripura,ACCIDENT,HIGH,PARTIAL,0,7.1,Structural wear or adverse weather (accident),23.8361,91.3267,HIGHWAY_PATROL
D001966,NH-02,2025-10-26 10:48:00,Nagaland,Mokokchung,ACCIDENT,LOW,OPEN,0,3.1,Structural wear or adverse weather (accident),26.2507,94.3946,BRO_BORDER_ROADS
D001967,NH-510,2025-10-26 12:36:00,Sikkim,South Sikkim,ROAD_DAMAGE,HIGH,BLOCKED,1,19.4,Structural wear or adverse weather (road_damage),27.0249,88.4797,HIGHWAY_PATROL
D001968,NH-510,2025-10-26 14:24:00,Sikkim,South Sikkim,BRIDGE_DAMAGE,MEDIUM,PARTIAL,0,4.7,Structural wear or adverse weather (bridge_damage),27.1575,88.4127,PWD_NER
D001969,NH-37,2025-10-26 16:12:00,Assam,Cachar,ACCIDENT,MEDIUM,PARTIAL,0,4.8,Structural wear or adverse weather (accident),24.9099,92.6637,PWD_NER
D001970,NH-54,2025-10-26 18:00:00,Mizoram,Lunglei,BRIDGE_DAMAGE,HIGH,BLOCKED,1,7.6,Structural wear or adverse weather (bridge_damage),22.8742,92.8205,BRO_BORDER_ROADS
D001971,NH-10,2025-10-26 19:48:00,Sikkim,East Sikkim,BRIDGE_DAMAGE,CRITICAL,BLOCKED,1,16.1,Structural wear or adverse weather (bridge_damage),27.4518,88.5509,HIGHWAY_PATROL
D001972,NH-29,2025-10-26 21:36:00,Nagaland,Kohima,HEAVY_RAIN,MEDIUM,PARTIAL,0,2.3,Structural wear or adverse weather (heavy_rain),25.6499,94.0954,HIGHWAY_PATROL
D001973,NH-06,2025-10-26 23:24:00,Meghalaya,Ri-Bhoi,BRIDGE_DAMAGE,MEDIUM,PARTIAL,0,7.2,Structural wear or adverse weather (bridge_damage),25.9282,91.9141,BRO_BORDER_ROADS
D001974,NH-08,2025-10-27 01:12:00,Tripura,Dhalai,HEAVY_RAIN,MEDIUM,PARTIAL,0,4.2,Structural wear or adverse weather (heavy_rain),23.9882,91.8948,HIGHWAY_PATROL
D001975,NH-27,2025-10-27 03:00:00,Assam,Nagaon,HEAVY_RAIN,CRITICAL,BLOCKED,1,24.9,Structural wear or adverse weather (heavy_rain),26.3312,92.7112,PWD_NER
D001976,NH-08,2025-10-27 04:48:00,Tripura,Dhalai,ACCIDENT,LOW,OPEN,0,3.3,Structural wear or adverse weather (accident),23.8914,91.9427,PWD_NER
D001977,NH-54,2025-10-27 06:36:00,Mizoram,Lunglei,HEAVY_RAIN,CRITICAL,BLOCKED,1,11.8,Structural wear or adverse weather (heavy_rain),22.7825,92.8631,BRO_BORDER_ROADS
D001978,NH-08,2025-10-27 08:24:00,Tripura,Dhalai,ACCIDENT,MEDIUM,PARTIAL,0,4.3,Structural wear or adverse weather (accident),23.8458,91.7208,HIGHWAY_PATROL
D001979,NH-08,2025-10-27 10:12:00,Tripura,West Tripura,HEAVY_RAIN,HIGH,PARTIAL,0,3.4,Structural wear or adverse weather (heavy_rain),23.8025,91.1504,BRO_BORDER_ROADS
D001980,NH-10,2025-10-27 12:00:00,Sikkim,East Sikkim,ROAD_DAMAGE,MEDIUM,PARTIAL,0,3.6,Structural wear or adverse weather (road_damage),27.2152,88.6737,HIGHWAY_PATROL
D001981,NH-310,2025-10-27 13:48:00,Sikkim,North Sikkim,ROAD_DAMAGE,HIGH,BLOCKED,1,23.4,Structural wear or adverse weather (road_damage),27.3611,88.4425,PWD_NER
D001982,NH-27,2025-10-27 15:36:00,Assam,Kamrup Rural,BRIDGE_DAMAGE,MEDIUM,PARTIAL,0,5.0,Structural wear or adverse weather (bridge_damage),26.0412,91.4189,HIGHWAY_PATROL
D001983,NH-08,2025-10-27 17:24:00,Tripura,Sipahijala,ACCIDENT,MEDIUM,PARTIAL,0,6.5,Structural wear or adverse weather (accident),23.5467,91.3877,HIGHWAY_PATROL
D001984,NH-13,2025-10-27 19:12:00,Arunachal Pradesh,West Kameng,BRIDGE_DAMAGE,HIGH,BLOCKED,1,24.4,Structural wear or adverse weather (bridge_damage),27.2645,92.3857,PWD_NER
D001985,NH-27,2025-10-27 21:00:00,Assam,Kamrup Rural,ACCIDENT,MEDIUM,PARTIAL,0,7.0,Structural wear or adverse weather (accident),26.2542,91.496,HIGHWAY_PATROL
D001986,NH-02,2025-10-27 22:48:00,Manipur,Bishnupur,HEAVY_RAIN,HIGH,PARTIAL,0,3.4,Structural wear or adverse weather (heavy_rain),24.7157,93.8348,BRO_BORDER_ROADS
D001987,NH-15,2025-10-28 00:36:00,Assam,Sonitpur,BRIDGE_DAMAGE,CRITICAL,BLOCKED,1,19.2,Structural wear or adverse weather (bridge_damage),26.6741,92.8343,PWD_NER
D001988,NH-310,2025-10-28 02:24:00,Sikkim,North Sikkim,HEAVY_RAIN,MEDIUM,PARTIAL,0,7.0,Structural wear or adverse weather (heavy_rain),27.4363,88.4538,BRO_BORDER_ROADS
D001989,NH-06,2025-10-28 04:12:00,Meghalaya,West Jaintia Hills,ACCIDENT,HIGH,PARTIAL,0,1.5,Structural wear or adverse weather (accident),25.3601,92.1728,HIGHWAY_PATROL
D001990,NH-29,2025-10-28 06:00:00,Nagaland,Dimapur,BRIDGE_DAMAGE,MEDIUM,PARTIAL,0,1.7,Structural wear or adverse weather (bridge_damage),25.9501,93.8526,PWD_NER
D001991,NH-15,2025-10-28 07:48:00,Assam,Sonitpur,HEAVY_RAIN,MEDIUM,PARTIAL,0,3.1,Structural wear or adverse weather (heavy_rain),26.6902,92.8414,BRO_BORDER_ROADS
D001992,NH-206,2025-10-28 09:36:00,Meghalaya,East Khasi Hills,HEAVY_RAIN,MEDIUM,PARTIAL,0,3.2,Structural wear or adverse weather (heavy_rain),25.5619,91.7485,BRO_BORDER_ROADS
D001993,NH-27,2025-10-28 11:24:00,Assam,Kamrup Rural,BRIDGE_DAMAGE,HIGH,BLOCKED,1,7.3,Structural wear or adverse weather (bridge_damage),26.2439,91.5819,PWD_NER
D001994,NH-310,2025-10-28 13:12:00,Sikkim,North Sikkim,BRIDGE_DAMAGE,MEDIUM,PARTIAL,0,3.4,Structural wear or adverse weather (bridge_damage),27.4372,88.4685,BRO_BORDER_ROADS
D001995,NH-510,2025-10-28 15:00:00,Sikkim,South Sikkim,BRIDGE_DAMAGE,CRITICAL,BLOCKED,1,5.4,Structural wear or adverse weather (bridge_damage),27.1152,88.366,HIGHWAY_PATROL
D001996,NH-27,2025-10-28 16:48:00,Assam,Kamrup Rural,BRIDGE_DAMAGE,MEDIUM,PARTIAL,0,5.8,Structural wear or adverse weather (bridge_damage),26.2048,91.6498,HIGHWAY_PATROL
D001997,NH-27,2025-10-28 18:36:00,Assam,Nagaon,ROAD_DAMAGE,CRITICAL,BLOCKED,1,18.0,Structural wear or adverse weather (road_damage),26.3425,92.5406,PWD_NER
D001998,NH-510,2025-10-28 20:24:00,Sikkim,South Sikkim,ROAD_DAMAGE,CRITICAL,BLOCKED,1,27.2,Structural wear or adverse weather (road_damage),27.0299,88.2152,BRO_BORDER_ROADS
D001999,NH-27,2025-10-28 22:12:00,Assam,Nagaon,ROAD_DAMAGE,MEDIUM,PARTIAL,0,5.4,Structural wear or adverse weather (road_damage),26.4316,92.6334,HIGHWAY_PATROL
D002000,NH-27,2025-10-29 00:00:00,Assam,Kamrup Metropolitan,BRIDGE_DAMAGE,MEDIUM,PARTIAL,0,5.3,Structural wear or adverse weather (bridge_damage),26.1068,91.5974,HIGHWAY_PATROL
D002001,NH-15,2025-10-29 01:48:00,Assam,Darrang,HEAVY_RAIN,CRITICAL,BLOCKED,1,6.3,Structural wear or adverse weather (heavy_rain),26.393,92.1047,PWD_NER
D002002,NH-02,2025-10-29 03:36:00,Manipur,Imphal West,HEAVY_RAIN,CRITICAL,BLOCKED,1,7.7,Structural wear or adverse weather (heavy_rain),24.8373,93.8294,HIGHWAY_PATROL
D002003,NH-06,2025-10-29 05:24:00,Meghalaya,West Jaintia Hills,BRIDGE_DAMAGE,HIGH,BLOCKED,1,6.4,Structural wear or adverse weather (bridge_damage),25.3494,92.0506,PWD_NER
D002004,NH-27,2025-10-29 07:12:00,Assam,Kamrup Metropolitan,BRIDGE_DAMAGE,HIGH,BLOCKED,1,20.7,Structural wear or adverse weather (bridge_damage),26.1709,91.8137,PWD_NER
D002005,NH-02,2025-10-29 09:00:00,Manipur,Imphal West,HEAVY_RAIN,CRITICAL,BLOCKED,1,31.3,Structural wear or adverse weather (heavy_rain),24.9379,94.0393,HIGHWAY_PATROL
D002006,NH-02,2025-10-29 10:48:00,Manipur,Imphal West,BRIDGE_DAMAGE,HIGH,BLOCKED,1,26.1,Structural wear or adverse weather (bridge_damage),24.7347,93.8659,HIGHWAY_PATROL
D002007,NH-515,2025-10-29 12:36:00,Arunachal Pradesh,East Siang,BRIDGE_DAMAGE,MEDIUM,PARTIAL,0,4.1,Structural wear or adverse weather (bridge_damage),27.9822,95.1912,PWD_NER
D002008,NH-29,2025-10-29 14:24:00,Nagaland,Dimapur,BRIDGE_DAMAGE,MEDIUM,PARTIAL,0,3.3,Structural wear or adverse weather (bridge_damage),25.7759,93.8411,HIGHWAY_PATROL
D002009,NH-510,2025-10-29 16:12:00,Sikkim,South Sikkim,HEAVY_RAIN,HIGH,PARTIAL,0,5.4,Structural wear or adverse weather (heavy_rain),27.0988,88.3754,PWD_NER
D002010,NH-02,2025-10-29 18:00:00,Manipur,Senapati,HEAVY_RAIN,CRITICAL,BLOCKED,1,6.9,Structural wear or adverse weather (heavy_rain),25.3091,94.1181,PWD_NER
D002011,NH-54,2025-10-29 19:48:00,Mizoram,Kolasib,ROAD_DAMAGE,HIGH,BLOCKED,1,19.2,Structural wear or adverse weather (road_damage),24.0802,92.7899,PWD_NER
D002012,NH-02,2025-10-29 21:36:00,Manipur,Senapati,HEAVY_RAIN,MEDIUM,PARTIAL,0,4.5,Structural wear or adverse weather (heavy_rain),25.4001,94.1288,HIGHWAY_PATROL
D002013,NH-27,2025-10-29 23:24:00,Assam,Nagaon,ACCIDENT,HIGH,PARTIAL,0,2.5,Structural wear or adverse weather (accident),26.309,92.6201,HIGHWAY_PATROL
D002014,NH-510,2025-10-30 01:12:00,Sikkim,South Sikkim,ACCIDENT,LOW,OPEN,0,7.2,Structural wear or adverse weather (accident),27.0318,88.4366,PWD_NER
D002015,NH-02,2025-10-30 03:00:00,Nagaland,Mokokchung,BRIDGE_DAMAGE,CRITICAL,BLOCKED,1,28.1,Structural wear or adverse weather (bridge_damage),26.3072,94.389,BRO_BORDER_ROADS
D002016,NH-29,2025-10-30 04:48:00,Nagaland,Kohima,ROAD_DAMAGE,MEDIUM,PARTIAL,0,7.3,Structural wear or adverse weather (road_damage),25.6076,94.0203,HIGHWAY_PATROL
D002017,NH-37,2025-10-30 06:36:00,Assam,Cachar,ACCIDENT,HIGH,PARTIAL,0,3.2,Structural wear or adverse weather (accident),24.887,92.8784,PWD_NER
D002018,NH-510,2025-10-30 08:24:00,Sikkim,South Sikkim,HEAVY_RAIN,MEDIUM,PARTIAL,0,3.7,Structural wear or adverse weather (heavy_rain),27.1843,88.3516,HIGHWAY_PATROL
D002019,NH-15,2025-10-30 10:12:00,Assam,Darrang,BRIDGE_DAMAGE,HIGH,BLOCKED,1,12.3,Structural wear or adverse weather (bridge_damage),26.4841,92.0053,HIGHWAY_PATROL
D002020,NH-10,2025-10-30 12:00:00,Sikkim,East Sikkim,BRIDGE_DAMAGE,HIGH,BLOCKED,1,7.5,Structural wear or adverse weather (bridge_damage),27.2989,88.71,BRO_BORDER_ROADS
D002021,NH-54,2025-10-30 13:48:00,Mizoram,Aizawl,ROAD_DAMAGE,MEDIUM,PARTIAL,0,3.4,Structural wear or adverse weather (road_damage),23.8272,92.6588,HIGHWAY_PATROL
D002022,NH-37,2025-10-30 15:36:00,Assam,Dibrugarh,ACCIDENT,HIGH,PARTIAL,0,5.6,Structural wear or adverse weather (accident),27.4671,94.862,BRO_BORDER_ROADS
D002023,NH-37,2025-10-30 17:24:00,Assam,Dibrugarh,BRIDGE_DAMAGE,CRITICAL,BLOCKED,1,30.1,Structural wear or adverse weather (bridge_damage),27.49,95.005,HIGHWAY_PATROL
D002024,NH-37,2025-10-30 19:12:00,Assam,Cachar,HEAVY_RAIN,CRITICAL,BLOCKED,1,17.7,Structural wear or adverse weather (heavy_rain),24.9379,92.9262,BRO_BORDER_ROADS
D002025,NH-15,2025-10-30 21:00:00,Assam,Darrang,BRIDGE_DAMAGE,CRITICAL,BLOCKED,1,27.0,Structural wear or adverse weather (bridge_damage),26.4289,91.8973,HIGHWAY_PATROL
D002026,NH-54,2025-10-30 22:48:00,Mizoram,Lunglei,ACCIDENT,MEDIUM,PARTIAL,0,2.0,Structural wear or adverse weather (accident),22.8507,92.7775,HIGHWAY_PATROL
D002027,NH-08,2025-10-31 00:36:00,Tripura,West Tripura,HEAVY_RAIN,CRITICAL,BLOCKED,1,28.3,Structural wear or adverse weather (heavy_rain),23.9593,91.3488,BRO_BORDER_ROADS
D002028,NH-54,2025-10-31 02:24:00,Mizoram,Aizawl,ROAD_DAMAGE,HIGH,BLOCKED,1,31.6,Structural wear or adverse weather (road_damage),23.5813,92.7286,HIGHWAY_PATROL
D002029,NH-13,2025-10-31 04:12:00,Arunachal Pradesh,Tawang,ROAD_DAMAGE,MEDIUM,PARTIAL,0,3.7,Structural wear or adverse weather (road_damage),27.5261,91.7567,PWD_NER
D002030,NH-415,2025-10-31 06:00:00,Arunachal Pradesh,Papum Pare,BRIDGE_DAMAGE,HIGH,BLOCKED,1,21.5,Structural wear or adverse weather (bridge_damage),27.1998,93.5078,PWD_NER
D002031,NH-515,2025-10-31 07:48:00,Arunachal Pradesh,East Siang,BRIDGE_DAMAGE,MEDIUM,PARTIAL,0,3.1,Structural wear or adverse weather (bridge_damage),28.0772,95.4696,BRO_BORDER_ROADS
D002032,NH-127B,2025-10-31 09:36:00,Meghalaya,West Khasi Hills,ACCIDENT,MEDIUM,PARTIAL,0,4.7,Structural wear or adverse weather (accident),25.6372,91.1224,HIGHWAY_PATROL
D002033,NH-02,2025-10-31 11:24:00,Manipur,Senapati,HEAVY_RAIN,HIGH,PARTIAL,0,3.0,Structural wear or adverse weather (heavy_rain),25.3801,94.0717,PWD_NER
D002034,NH-08,2025-10-31 13:12:00,Tripura,Sipahijala,BRIDGE_DAMAGE,CRITICAL,BLOCKED,1,17.1,Structural wear or adverse weather (bridge_damage),23.7355,91.2518,BRO_BORDER_ROADS
D002035,NH-10,2025-10-31 15:00:00,Sikkim,East Sikkim,ROAD_DAMAGE,HIGH,BLOCKED,1,12.5,Structural wear or adverse weather (road_damage),27.451,88.5129,PWD_NER
D002036,NH-54,2025-10-31 16:48:00,Mizoram,Kolasib,ACCIDENT,HIGH,PARTIAL,0,3.0,Structural wear or adverse weather (accident),24.2352,92.813,HIGHWAY_PATROL
D002037,NH-13,2025-10-31 18:36:00,Arunachal Pradesh,Lower Subansiri,BRIDGE_DAMAGE,CRITICAL,BLOCKED,1,23.9,Structural wear or adverse weather (bridge_damage),27.6439,93.8822,BRO_BORDER_ROADS
D002038,NH-02,2025-10-31 20:24:00,Manipur,Imphal West,ACCIDENT,LOW,OPEN,0,4.4,Structural wear or adverse weather (accident),24.8178,93.7907,PWD_NER
D002039,NH-13,2025-10-31 22:12:00,Arunachal Pradesh,West Kameng,HEAVY_RAIN,HIGH,PARTIAL,0,3.3,Structural wear or adverse weather (heavy_rain),27.286,92.2735,PWD_NER
D002040,NH-54,2025-11-01 00:00:00,Mizoram,Aizawl,BRIDGE_DAMAGE,MEDIUM,PARTIAL,0,2.8,Structural wear or adverse weather (bridge_damage),23.6861,92.6226,BRO_BORDER_ROADS
D002041,NH-54,2025-11-01 01:48:00,Mizoram,Kolasib,ROAD_DAMAGE,CRITICAL,BLOCKED,1,4.0,Structural wear or adverse weather (road_damage),24.1237,92.7071,PWD_NER
D002042,NH-54,2025-11-01 03:36:00,Mizoram,Lunglei,ROAD_DAMAGE,MEDIUM,PARTIAL,0,6.5,Structural wear or adverse weather (road_damage),22.9414,92.8637,PWD_NER
D002043,NH-13,2025-11-01 05:24:00,Arunachal Pradesh,Lower Subansiri,BRIDGE_DAMAGE,CRITICAL,BLOCKED,1,8.6,Structural wear or adverse weather (bridge_damage),27.5761,93.8503,BRO_BORDER_ROADS
D002044,NH-54,2025-11-01 07:12:00,Mizoram,Kolasib,BRIDGE_DAMAGE,MEDIUM,PARTIAL,0,3.8,Structural wear or adverse weather (bridge_damage),24.3201,92.8067,BRO_BORDER_ROADS
D002045,NH-515,2025-11-01 09:00:00,Arunachal Pradesh,East Siang,ACCIDENT,LOW,OPEN,0,5.5,Structural wear or adverse weather (accident),28.0294,95.2962,HIGHWAY_PATROL
D002046,NH-27,2025-11-01 10:48:00,Assam,Kamrup Rural,ROAD_DAMAGE,CRITICAL,BLOCKED,1,20.2,Structural wear or adverse weather (road_damage),26.0931,91.6641,HIGHWAY_PATROL
D002047,NH-29,2025-11-01 12:36:00,Nagaland,Dimapur,ACCIDENT,LOW,OPEN,0,7.4,Structural wear or adverse weather (accident),25.9629,93.8298,HIGHWAY_PATROL
D002048,NH-54,2025-11-01 14:24:00,Mizoram,Lunglei,ACCIDENT,MEDIUM,PARTIAL,0,6.7,Structural wear or adverse weather (accident),23.02,92.7825,BRO_BORDER_ROADS
D002049,NH-10,2025-11-01 16:12:00,Sikkim,East Sikkim,ROAD_DAMAGE,CRITICAL,BLOCKED,1,29.2,Structural wear or adverse weather (road_damage),27.3201,88.589,BRO_BORDER_ROADS
D002050,NH-06,2025-11-01 18:00:00,Meghalaya,West Jaintia Hills,ACCIDENT,HIGH,PARTIAL,0,7.2,Structural wear or adverse weather (accident),25.4345,92.1809,PWD_NER
D002051,NH-02,2025-11-01 19:48:00,Manipur,Senapati,ACCIDENT,HIGH,PARTIAL,0,3.1,Structural wear or adverse weather (accident),25.1816,94.0021,HIGHWAY_PATROL
D002052,NH-27,2025-11-01 21:36:00,Assam,Kamrup Metropolitan,ROAD_DAMAGE,MEDIUM,PARTIAL,0,7.2,Structural wear or adverse weather (road_damage),26.0113,91.6937,BRO_BORDER_ROADS
D002053,NH-06,2025-11-01 23:24:00,Meghalaya,West Jaintia Hills,ACCIDENT,MEDIUM,PARTIAL,0,5.2,Structural wear or adverse weather (accident),25.3511,92.3349,PWD_NER
D002054,NH-29,2025-11-02 01:12:00,Nagaland,Dimapur,BRIDGE_DAMAGE,MEDIUM,PARTIAL,0,7.1,Structural wear or adverse weather (bridge_damage),26.0488,93.7444,PWD_NER
D002055,NH-37,2025-11-02 03:00:00,Assam,Cachar,HEAVY_RAIN,HIGH,PARTIAL,0,5.0,Structural wear or adverse weather (heavy_rain),24.707,92.6878,PWD_NER
D002056,NH-127B,2025-11-02 04:48:00,Meghalaya,West Khasi Hills,HEAVY_RAIN,HIGH,PARTIAL,0,1.6,Structural wear or adverse weather (heavy_rain),25.5618,91.2339,HIGHWAY_PATROL
D002057,NH-206,2025-11-02 06:36:00,Meghalaya,East Khasi Hills,ROAD_DAMAGE,HIGH,BLOCKED,1,13.7,Structural wear or adverse weather (road_damage),25.4456,91.976,BRO_BORDER_ROADS
D002058,NH-06,2025-11-02 08:24:00,Meghalaya,West Jaintia Hills,ROAD_DAMAGE,CRITICAL,BLOCKED,1,30.5,Structural wear or adverse weather (road_damage),25.4455,92.289,BRO_BORDER_ROADS
D002059,NH-02,2025-11-02 10:12:00,Manipur,Imphal West,ROAD_DAMAGE,MEDIUM,PARTIAL,0,3.8,Structural wear or adverse weather (road_damage),24.8829,93.8769,PWD_NER
D002060,NH-510,2025-11-02 12:00:00,Sikkim,South Sikkim,ROAD_DAMAGE,HIGH,BLOCKED,1,21.5,Structural wear or adverse weather (road_damage),27.1025,88.3899,BRO_BORDER_ROADS
D002061,NH-08,2025-11-02 13:48:00,Tripura,Sipahijala,ROAD_DAMAGE,HIGH,BLOCKED,1,20.9,Structural wear or adverse weather (road_damage),23.7574,91.1888,PWD_NER
D002062,NH-206,2025-11-02 15:36:00,Meghalaya,East Khasi Hills,HEAVY_RAIN,HIGH,PARTIAL,0,2.8,Structural wear or adverse weather (heavy_rain),25.5945,91.7589,BRO_BORDER_ROADS
D002063,NH-27,2025-11-02 17:24:00,Assam,Kamrup Rural,ACCIDENT,MEDIUM,PARTIAL,0,5.6,Structural wear or adverse weather (accident),26.1805,91.6518,HIGHWAY_PATROL
D002064,NH-127B,2025-11-02 19:12:00,Meghalaya,West Khasi Hills,BRIDGE_DAMAGE,CRITICAL,BLOCKED,1,9.3,Structural wear or adverse weather (bridge_damage),25.4811,91.1235,HIGHWAY_PATROL
D002065,NH-13,2025-11-02 21:00:00,Arunachal Pradesh,Lower Subansiri,HEAVY_RAIN,HIGH,PARTIAL,0,5.9,Structural wear or adverse weather (heavy_rain),27.6577,93.7428,BRO_BORDER_ROADS
D002066,NH-54,2025-11-02 22:48:00,Mizoram,Aizawl,BRIDGE_DAMAGE,HIGH,BLOCKED,1,29.7,Structural wear or adverse weather (bridge_damage),23.589,92.8443,HIGHWAY_PATROL
D002067,NH-13,2025-11-03 00:36:00,Arunachal Pradesh,Tawang,BRIDGE_DAMAGE,HIGH,BLOCKED,1,18.5,Structural wear or adverse weather (bridge_damage),27.5743,91.7559,HIGHWAY_PATROL
D002068,NH-206,2025-11-03 02:24:00,Meghalaya,East Khasi Hills,ROAD_DAMAGE,HIGH,BLOCKED,1,21.6,Structural wear or adverse weather (road_damage),25.6655,91.7655,HIGHWAY_PATROL
D002069,NH-02,2025-11-03 04:12:00,Manipur,Imphal West,HEAVY_RAIN,CRITICAL,BLOCKED,1,21.6,Structural wear or adverse weather (heavy_rain),24.8409,94.04,PWD_NER
D002070,NH-15,2025-11-03 06:00:00,Assam,Darrang,ROAD_DAMAGE,MEDIUM,PARTIAL,0,5.1,Structural wear or adverse weather (road_damage),26.5036,92.0332,PWD_NER
D002071,NH-02,2025-11-03 07:48:00,Manipur,Senapati,ROAD_DAMAGE,HIGH,BLOCKED,1,21.6,Structural wear or adverse weather (road_damage),25.2794,94.0436,HIGHWAY_PATROL
D002072,NH-08,2025-11-03 09:36:00,Tripura,Sipahijala,HEAVY_RAIN,CRITICAL,BLOCKED,1,15.9,Structural wear or adverse weather (heavy_rain),23.7566,91.4555,PWD_NER
D002073,NH-54,2025-11-03 11:24:00,Mizoram,Aizawl,ACCIDENT,MEDIUM,PARTIAL,0,7.0,Structural wear or adverse weather (accident),23.8074,92.5703,HIGHWAY_PATROL
D002074,NH-13,2025-11-03 13:12:00,Arunachal Pradesh,West Kameng,ROAD_DAMAGE,CRITICAL,BLOCKED,1,24.7,Structural wear or adverse weather (road_damage),27.2513,92.284,HIGHWAY_PATROL
D002075,NH-27,2025-11-03 15:00:00,Assam,Nagaon,BRIDGE_DAMAGE,CRITICAL,BLOCKED,1,16.3,Structural wear or adverse weather (bridge_damage),26.4884,92.8262,BRO_BORDER_ROADS
D002076,NH-13,2025-11-03 16:48:00,Arunachal Pradesh,Tawang,ACCIDENT,LOW,OPEN,0,4.8,Structural wear or adverse weather (accident),27.4888,91.9853,BRO_BORDER_ROADS
D002077,NH-127B,2025-11-03 18:36:00,Meghalaya,West Khasi Hills,ACCIDENT,MEDIUM,PARTIAL,0,2.3,Structural wear or adverse weather (accident),25.6026,91.1639,BRO_BORDER_ROADS
D002078,NH-54,2025-11-03 20:24:00,Mizoram,Lunglei,HEAVY_RAIN,CRITICAL,BLOCKED,1,26.3,Structural wear or adverse weather (heavy_rain),22.8106,92.6257,PWD_NER
D002079,NH-415,2025-11-03 22:12:00,Arunachal Pradesh,Papum Pare,ACCIDENT,HIGH,PARTIAL,0,7.2,Structural wear or adverse weather (accident),26.9522,93.7276,BRO_BORDER_ROADS
D002080,NH-27,2025-11-04 00:00:00,Assam,Nagaon,HEAVY_RAIN,HIGH,PARTIAL,0,3.4,Structural wear or adverse weather (heavy_rain),26.41,92.5703,PWD_NER
D002081,NH-15,2025-11-04 01:48:00,Assam,Sonitpur,ACCIDENT,MEDIUM,PARTIAL,0,3.3,Structural wear or adverse weather (accident),26.656,92.7908,BRO_BORDER_ROADS
D002082,NH-13,2025-11-04 03:36:00,Arunachal Pradesh,Tawang,ACCIDENT,MEDIUM,PARTIAL,0,4.9,Structural wear or adverse weather (accident),27.6341,91.8691,BRO_BORDER_ROADS
D002083,NH-510,2025-11-04 05:24:00,Sikkim,South Sikkim,HEAVY_RAIN,MEDIUM,PARTIAL,0,3.0,Structural wear or adverse weather (heavy_rain),27.0812,88.382,HIGHWAY_PATROL
D002084,NH-27,2025-11-04 07:12:00,Assam,Nagaon,ROAD_DAMAGE,CRITICAL,BLOCKED,1,23.7,Structural wear or adverse weather (road_damage),26.4384,92.614,PWD_NER
D002085,NH-29,2025-11-04 09:00:00,Nagaland,Kohima,ROAD_DAMAGE,HIGH,BLOCKED,1,12.5,Structural wear or adverse weather (road_damage),25.5345,93.9932,HIGHWAY_PATROL
D002086,NH-02,2025-11-04 10:48:00,Manipur,Imphal West,ACCIDENT,HIGH,PARTIAL,0,4.0,Structural wear or adverse weather (accident),24.9178,94.0082,HIGHWAY_PATROL
D002087,NH-127B,2025-11-04 12:36:00,Meghalaya,West Khasi Hills,BRIDGE_DAMAGE,MEDIUM,PARTIAL,0,4.0,Structural wear or adverse weather (bridge_damage),25.3624,91.1939,PWD_NER
D002088,NH-54,2025-11-04 14:24:00,Mizoram,Lunglei,HEAVY_RAIN,CRITICAL,BLOCKED,1,10.1,Structural wear or adverse weather (heavy_rain),22.8825,92.7644,HIGHWAY_PATROL
D002089,NH-27,2025-11-04 16:12:00,Assam,Nagaon,HEAVY_RAIN,HIGH,PARTIAL,0,3.8,Structural wear or adverse weather (heavy_rain),26.3323,92.6246,BRO_BORDER_ROADS
D002090,NH-27,2025-11-04 18:00:00,Assam,Kamrup Rural,ACCIDENT,HIGH,PARTIAL,0,2.4,Structural wear or adverse weather (accident),26.192,91.6426,BRO_BORDER_ROADS
D002091,NH-37,2025-11-04 19:48:00,Assam,Dibrugarh,BRIDGE_DAMAGE,MEDIUM,PARTIAL,0,7.3,Structural wear or adverse weather (bridge_damage),27.3837,94.9283,PWD_NER
D002092,NH-02,2025-11-04 21:36:00,Manipur,Imphal West,ACCIDENT,MEDIUM,PARTIAL,0,5.0,Structural wear or adverse weather (accident),24.884,93.9056,BRO_BORDER_ROADS
D002093,NH-27,2025-11-04 23:24:00,Assam,Kamrup Rural,HEAVY_RAIN,HIGH,PARTIAL,0,6.2,Structural wear or adverse weather (heavy_rain),26.1185,91.5576,PWD_NER
D002094,NH-10,2025-11-05 01:12:00,Sikkim,East Sikkim,BRIDGE_DAMAGE,HIGH,BLOCKED,1,14.3,Structural wear or adverse weather (bridge_damage),27.2631,88.6829,PWD_NER
D002095,NH-06,2025-11-05 03:00:00,Meghalaya,Ri-Bhoi,HEAVY_RAIN,CRITICAL,BLOCKED,1,10.5,Structural wear or adverse weather (heavy_rain),25.7631,91.8045,PWD_NER
D002096,NH-15,2025-11-05 04:48:00,Assam,Darrang,ROAD_DAMAGE,CRITICAL,BLOCKED,1,26.3,Structural wear or adverse weather (road_damage),26.456,91.8988,BRO_BORDER_ROADS
D002097,NH-510,2025-11-05 06:36:00,Sikkim,South Sikkim,ROAD_DAMAGE,MEDIUM,PARTIAL,0,4.9,Structural wear or adverse weather (road_damage),27.1339,88.4096,PWD_NER
D002098,NH-02,2025-11-05 08:24:00,Manipur,Imphal West,ROAD_DAMAGE,HIGH,BLOCKED,1,15.6,Structural wear or adverse weather (road_damage),24.7664,93.7963,PWD_NER
D002099,NH-15,2025-11-05 10:12:00,Assam,Darrang,BRIDGE_DAMAGE,HIGH,BLOCKED,1,9.0,Structural wear or adverse weather (bridge_damage),26.5938,92.0311,BRO_BORDER_ROADS
D002100,NH-27,2025-11-05 12:00:00,Assam,Kamrup Metropolitan,ROAD_DAMAGE,HIGH,BLOCKED,1,31.9,Structural wear or adverse weather (road_damage),26.0779,91.6508,BRO_BORDER_ROADS
D002101,NH-08,2025-11-05 13:48:00,Tripura,West Tripura,HEAVY_RAIN,HIGH,PARTIAL,0,3.5,Structural wear or adverse weather (heavy_rain),23.8192,91.2023,PWD_NER
D002102,NH-08,2025-11-05 15:36:00,Tripura,Sipahijala,BRIDGE_DAMAGE,HIGH,BLOCKED,1,6.8,Structural wear or adverse weather (bridge_damage),23.645,91.2029,BRO_BORDER_ROADS
D002103,NH-37,2025-11-05 17:24:00,Assam,Cachar,BRIDGE_DAMAGE,HIGH,BLOCKED,1,29.8,Structural wear or adverse weather (bridge_damage),24.753,92.8351,PWD_NER
D002104,NH-54,2025-11-05 19:12:00,Mizoram,Kolasib,BRIDGE_DAMAGE,MEDIUM,PARTIAL,0,2.7,Structural wear or adverse weather (bridge_damage),24.1258,92.6853,PWD_NER
D002105,NH-510,2025-11-05 21:00:00,Sikkim,South Sikkim,ROAD_DAMAGE,MEDIUM,PARTIAL,0,3.4,Structural wear or adverse weather (road_damage),27.1025,88.3899,HIGHWAY_PATROL
D002106,NH-127B,2025-11-05 22:48:00,Meghalaya,West Khasi Hills,ROAD_DAMAGE,HIGH,BLOCKED,1,27.2,Structural wear or adverse weather (road_damage),25.4731,91.2551,HIGHWAY_PATROL
D002107,NH-02,2025-11-06 00:36:00,Manipur,Imphal West,HEAVY_RAIN,CRITICAL,BLOCKED,1,12.6,Structural wear or adverse weather (heavy_rain),24.96,93.979,BRO_BORDER_ROADS
D002108,NH-206,2025-11-06 02:24:00,Meghalaya,East Khasi Hills,ACCIDENT,LOW,OPEN,0,2.9,Structural wear or adverse weather (accident),25.49,91.8938,PWD_NER
D002109,NH-08,2025-11-06 04:12:00,Tripura,Sipahijala,HEAVY_RAIN,HIGH,PARTIAL,0,5.7,Structural wear or adverse weather (heavy_rain),23.5489,91.4506,PWD_NER
D002110,NH-02,2025-11-06 06:00:00,Manipur,Senapati,HEAVY_RAIN,MEDIUM,PARTIAL,0,7.2,Structural wear or adverse weather (heavy_rain),25.2642,94.0899,HIGHWAY_PATROL
D002111,NH-206,2025-11-06 07:48:00,Meghalaya,East Khasi Hills,HEAVY_RAIN,HIGH,PARTIAL,0,2.7,Structural wear or adverse weather (heavy_rain),25.5582,91.9503,PWD_NER
D002112,NH-15,2025-11-06 09:36:00,Assam,Sonitpur,ACCIDENT,HIGH,PARTIAL,0,7.1,Structural wear or adverse weather (accident),26.4949,92.8026,PWD_NER
D002113,NH-206,2025-11-06 11:24:00,Meghalaya,East Khasi Hills,HEAVY_RAIN,HIGH,PARTIAL,0,4.9,Structural wear or adverse weather (heavy_rain),25.4456,91.976,PWD_NER
D002114,NH-10,2025-11-06 13:12:00,Sikkim,East Sikkim,BRIDGE_DAMAGE,CRITICAL,BLOCKED,1,28.4,Structural wear or adverse weather (bridge_damage),27.3657,88.6036,HIGHWAY_PATROL
D002115,NH-54,2025-11-06 15:00:00,Mizoram,Aizawl,ACCIDENT,MEDIUM,PARTIAL,0,7.2,Structural wear or adverse weather (accident),23.7429,92.8662,BRO_BORDER_ROADS
D002116,NH-37,2025-11-06 16:48:00,Assam,Cachar,HEAVY_RAIN,HIGH,PARTIAL,0,2.7,Structural wear or adverse weather (heavy_rain),24.9669,92.8591,HIGHWAY_PATROL
D002117,NH-29,2025-11-06 18:36:00,Nagaland,Dimapur,ROAD_DAMAGE,MEDIUM,PARTIAL,0,7.5,Structural wear or adverse weather (road_damage),25.8962,93.7306,PWD_NER
D002118,NH-02,2025-11-06 20:24:00,Nagaland,Mokokchung,HEAVY_RAIN,CRITICAL,BLOCKED,1,24.0,Structural wear or adverse weather (heavy_rain),26.4614,94.6114,HIGHWAY_PATROL
D002119,NH-515,2025-11-06 22:12:00,Arunachal Pradesh,East Siang,HEAVY_RAIN,MEDIUM,PARTIAL,0,2.1,Structural wear or adverse weather (heavy_rain),27.9431,95.4695,PWD_NER
D002120,NH-13,2025-11-07 00:00:00,Arunachal Pradesh,West Kameng,ACCIDENT,MEDIUM,PARTIAL,0,4.4,Structural wear or adverse weather (accident),27.3526,92.4185,HIGHWAY_PATROL
D002121,NH-310,2025-11-07 01:48:00,Sikkim,North Sikkim,BRIDGE_DAMAGE,HIGH,BLOCKED,1,6.8,Structural wear or adverse weather (bridge_damage),27.4861,88.6066,PWD_NER
D002122,NH-08,2025-11-07 03:36:00,Tripura,Dhalai,BRIDGE_DAMAGE,CRITICAL,BLOCKED,1,9.5,Structural wear or adverse weather (bridge_damage),23.9588,91.8154,PWD_NER
D002123,NH-37,2025-11-07 05:24:00,Assam,Dibrugarh,HEAVY_RAIN,CRITICAL,BLOCKED,1,24.0,Structural wear or adverse weather (heavy_rain),27.3633,94.9768,HIGHWAY_PATROL
D002124,NH-27,2025-11-07 07:12:00,Assam,Kamrup Metropolitan,ACCIDENT,HIGH,PARTIAL,0,5.8,Structural wear or adverse weather (accident),26.2679,91.7355,HIGHWAY_PATROL
D002125,NH-37,2025-11-07 09:00:00,Assam,Dibrugarh,HEAVY_RAIN,HIGH,PARTIAL,0,5.9,Structural wear or adverse weather (heavy_rain),27.423,94.7928,HIGHWAY_PATROL
D002126,NH-02,2025-11-07 10:48:00,Manipur,Senapati,BRIDGE_DAMAGE,HIGH,BLOCKED,1,9.6,Structural wear or adverse weather (bridge_damage),25.3244,94.1413,BRO_BORDER_ROADS
D002127,NH-29,2025-11-07 12:36:00,Nagaland,Kohima,ROAD_DAMAGE,HIGH,BLOCKED,1,7.4,Structural wear or adverse weather (road_damage),25.7814,94.0912,PWD_NER
D002128,NH-02,2025-11-07 14:24:00,Nagaland,Mokokchung,BRIDGE_DAMAGE,HIGH,BLOCKED,1,31.3,Structural wear or adverse weather (bridge_damage),26.3273,94.6162,HIGHWAY_PATROL
D002129,NH-27,2025-11-07 16:12:00,Assam,Nagaon,ACCIDENT,LOW,OPEN,0,5.3,Structural wear or adverse weather (accident),26.2381,92.7539,BRO_BORDER_ROADS
D002130,NH-13,2025-11-07 18:00:00,Arunachal Pradesh,Tawang,HEAVY_RAIN,HIGH,PARTIAL,0,7.4,Structural wear or adverse weather (heavy_rain),27.6059,91.8974,HIGHWAY_PATROL
D002131,NH-54,2025-11-07 19:48:00,Mizoram,Aizawl,BRIDGE_DAMAGE,MEDIUM,PARTIAL,0,1.8,Structural wear or adverse weather (bridge_damage),23.8074,92.5703,PWD_NER
D002132,NH-127B,2025-11-07 21:36:00,Meghalaya,West Khasi Hills,ACCIDENT,LOW,OPEN,0,2.3,Structural wear or adverse weather (accident),25.5542,91.2086,BRO_BORDER_ROADS
D002133,NH-515,2025-11-07 23:24:00,Arunachal Pradesh,East Siang,HEAVY_RAIN,HIGH,PARTIAL,0,3.4,Structural wear or adverse weather (heavy_rain),28.1839,95.2179,PWD_NER
D002134,NH-127B,2025-11-08 01:12:00,Meghalaya,West Khasi Hills,ACCIDENT,LOW,OPEN,0,6.4,Structural wear or adverse weather (accident),25.6373,91.3443,HIGHWAY_PATROL
D002135,NH-29,2025-11-08 03:00:00,Nagaland,Dimapur,BRIDGE_DAMAGE,MEDIUM,PARTIAL,0,1.9,Structural wear or adverse weather (bridge_damage),25.9147,93.8402,BRO_BORDER_ROADS
D002136,NH-29,2025-11-08 04:48:00,Nagaland,Kohima,BRIDGE_DAMAGE,HIGH,BLOCKED,1,25.1,Structural wear or adverse weather (bridge_damage),25.5871,94.0207,PWD_NER
D002137,NH-127B,2025-11-08 06:36:00,Meghalaya,West Khasi Hills,BRIDGE_DAMAGE,CRITICAL,BLOCKED,1,5.6,Structural wear or adverse weather (bridge_damage),25.528,91.2232,BRO_BORDER_ROADS
D002138,NH-02,2025-11-08 08:24:00,Nagaland,Mokokchung,ACCIDENT,LOW,OPEN,0,1.8,Structural wear or adverse weather (accident),26.1991,94.643,HIGHWAY_PATROL
D002139,NH-206,2025-11-08 10:12:00,Meghalaya,East Khasi Hills,ROAD_DAMAGE,HIGH,BLOCKED,1,29.8,Structural wear or adverse weather (road_damage),25.4922,92.0037,HIGHWAY_PATROL
D002140,NH-127B,2025-11-08 12:00:00,Meghalaya,West Khasi Hills,ROAD_DAMAGE,MEDIUM,PARTIAL,0,2.0,Structural wear or adverse weather (road_damage),25.4168,91.2679,HIGHWAY_PATROL
D002141,NH-13,2025-11-08 13:48:00,Arunachal Pradesh,Lower Subansiri,ROAD_DAMAGE,CRITICAL,BLOCKED,1,25.4,Structural wear or adverse weather (road_damage),27.6439,93.8822,BRO_BORDER_ROADS
D002142,NH-02,2025-11-08 15:36:00,Manipur,Imphal West,ROAD_DAMAGE,HIGH,BLOCKED,1,9.2,Structural wear or adverse weather (road_damage),24.7582,94.085,PWD_NER
D002143,NH-13,2025-11-08 17:24:00,Arunachal Pradesh,Lower Subansiri,ACCIDENT,MEDIUM,PARTIAL,0,6.9,Structural wear or adverse weather (accident),27.4614,93.9744,HIGHWAY_PATROL
D002144,NH-08,2025-11-08 19:12:00,Tripura,West Tripura,ACCIDENT,LOW,OPEN,0,1.6,Structural wear or adverse weather (accident),23.7431,91.1921,HIGHWAY_PATROL
D002145,NH-08,2025-11-08 21:00:00,Tripura,West Tripura,ACCIDENT,LOW,OPEN,0,4.3,Structural wear or adverse weather (accident),23.6925,91.3584,HIGHWAY_PATROL
D002146,NH-08,2025-11-08 22:48:00,Tripura,Dhalai,BRIDGE_DAMAGE,HIGH,BLOCKED,1,25.6,Structural wear or adverse weather (bridge_damage),23.7146,91.9984,HIGHWAY_PATROL
D002147,NH-206,2025-11-09 00:36:00,Meghalaya,East Khasi Hills,BRIDGE_DAMAGE,CRITICAL,BLOCKED,1,20.8,Structural wear or adverse weather (bridge_damage),25.575,91.9643,PWD_NER
D002148,NH-08,2025-11-09 02:24:00,Tripura,Dhalai,BRIDGE_DAMAGE,MEDIUM,PARTIAL,0,3.3,Structural wear or adverse weather (bridge_damage),23.8914,91.9427,HIGHWAY_PATROL
D002149,NH-54,2025-11-09 04:12:00,Mizoram,Kolasib,ROAD_DAMAGE,HIGH,BLOCKED,1,25.6,Structural wear or adverse weather (road_damage),24.1332,92.6417,BRO_BORDER_ROADS
D002150,NH-415,2025-11-09 06:00:00,Arunachal Pradesh,Papum Pare,HEAVY_RAIN,HIGH,PARTIAL,0,4.3,Structural wear or adverse weather (heavy_rain),27.065,93.7607,BRO_BORDER_ROADS
D002151,NH-310,2025-11-09 07:48:00,Sikkim,North Sikkim,ACCIDENT,LOW,OPEN,0,4.9,Structural wear or adverse weather (accident),27.586,88.5458,HIGHWAY_PATROL
D002152,NH-02,2025-11-09 09:36:00,Nagaland,Mokokchung,ROAD_DAMAGE,HIGH,BLOCKED,1,15.9,Structural wear or adverse weather (road_damage),26.2097,94.6055,PWD_NER
D002153,NH-08,2025-11-09 11:24:00,Tripura,Sipahijala,ACCIDENT,MEDIUM,PARTIAL,0,5.6,Structural wear or adverse weather (accident),23.64,91.3334,BRO_BORDER_ROADS
D002154,NH-08,2025-11-09 13:12:00,Tripura,West Tripura,ACCIDENT,HIGH,PARTIAL,0,5.7,Structural wear or adverse weather (accident),23.8221,91.2228,PWD_NER
D002155,NH-415,2025-11-09 15:00:00,Arunachal Pradesh,Papum Pare,HEAVY_RAIN,MEDIUM,PARTIAL,0,5.9,Structural wear or adverse weather (heavy_rain),27.0226,93.5916,BRO_BORDER_ROADS
D002156,NH-06,2025-11-09 16:48:00,Meghalaya,West Jaintia Hills,ROAD_DAMAGE,CRITICAL,BLOCKED,1,8.4,Structural wear or adverse weather (road_damage),25.3296,92.3325,PWD_NER
D002157,NH-27,2025-11-09 18:36:00,Assam,Kamrup Rural,ACCIDENT,HIGH,PARTIAL,0,3.1,Structural wear or adverse weather (accident),26.1125,91.466,HIGHWAY_PATROL
D002158,NH-15,2025-11-09 20:24:00,Assam,Sonitpur,ACCIDENT,MEDIUM,PARTIAL,0,6.2,Structural wear or adverse weather (accident),26.7819,92.8737,HIGHWAY_PATROL
D002159,NH-08,2025-11-09 22:12:00,Tripura,West Tripura,ACCIDENT,HIGH,PARTIAL,0,3.6,Structural wear or adverse weather (accident),23.9593,91.3488,HIGHWAY_PATROL
D002160,NH-27,2025-11-10 00:00:00,Assam,Kamrup Rural,ACCIDENT,MEDIUM,PARTIAL,0,7.3,Structural wear or adverse weather (accident),26.106,91.4339,PWD_NER
D002161,NH-02,2025-11-10 01:48:00,Nagaland,Mokokchung,BRIDGE_DAMAGE,MEDIUM,PARTIAL,0,5.3,Structural wear or adverse weather (bridge_damage),26.4045,94.6588,BRO_BORDER_ROADS
D002162,NH-310,2025-11-10 03:36:00,Sikkim,North Sikkim,ROAD_DAMAGE,HIGH,BLOCKED,1,7.7,Structural wear or adverse weather (road_damage),27.53,88.5823,HIGHWAY_PATROL
D002163,NH-37,2025-11-10 05:24:00,Assam,Cachar,HEAVY_RAIN,MEDIUM,PARTIAL,0,2.8,Structural wear or adverse weather (heavy_rain),24.7223,92.7041,HIGHWAY_PATROL
D002164,NH-15,2025-11-10 07:12:00,Assam,Sonitpur,ACCIDENT,LOW,OPEN,0,6.9,Structural wear or adverse weather (accident),26.5004,92.6798,PWD_NER
D002165,NH-15,2025-11-10 09:00:00,Assam,Darrang,HEAVY_RAIN,HIGH,PARTIAL,0,5.5,Structural wear or adverse weather (heavy_rain),26.5451,91.9268,PWD_NER
D002166,NH-06,2025-11-10 10:48:00,Meghalaya,Ri-Bhoi,BRIDGE_DAMAGE,CRITICAL,BLOCKED,1,20.8,Structural wear or adverse weather (bridge_damage),25.978,91.8624,BRO_BORDER_ROADS
D002167,NH-54,2025-11-10 12:36:00,Mizoram,Lunglei,ACCIDENT,HIGH,PARTIAL,0,7.0,Structural wear or adverse weather (accident),22.7571,92.6872,HIGHWAY_PATROL
D002168,NH-06,2025-11-10 14:24:00,Meghalaya,Ri-Bhoi,ACCIDENT,HIGH,PARTIAL,0,4.9,Structural wear or adverse weather (accident),25.887,91.8407,PWD_NER
D002169,NH-06,2025-11-10 16:12:00,Meghalaya,Ri-Bhoi,HEAVY_RAIN,MEDIUM,PARTIAL,0,6.5,Structural wear or adverse weather (heavy_rain),25.8027,91.912,PWD_NER
D002170,NH-510,2025-11-10 18:00:00,Sikkim,South Sikkim,HEAVY_RAIN,HIGH,PARTIAL,0,5.3,Structural wear or adverse weather (heavy_rain),27.1581,88.3728,HIGHWAY_PATROL
D002171,NH-02,2025-11-10 19:48:00,Manipur,Bishnupur,ROAD_DAMAGE,CRITICAL,BLOCKED,1,31.0,Structural wear or adverse weather (road_damage),24.5288,93.81,BRO_BORDER_ROADS
D002172,NH-27,2025-11-10 21:36:00,Assam,Kamrup Rural,ROAD_DAMAGE,MEDIUM,PARTIAL,0,6.6,Structural wear or adverse weather (road_damage),26.0465,91.4421,HIGHWAY_PATROL
D002173,NH-15,2025-11-10 23:24:00,Assam,Darrang,ACCIDENT,MEDIUM,PARTIAL,0,4.9,Structural wear or adverse weather (accident),26.3076,92.0969,PWD_NER
D002174,NH-02,2025-11-11 01:12:00,Manipur,Imphal West,HEAVY_RAIN,HIGH,PARTIAL,0,7.3,Structural wear or adverse weather (heavy_rain),24.7555,94.0479,PWD_NER
D002175,NH-206,2025-11-11 03:00:00,Meghalaya,East Khasi Hills,ROAD_DAMAGE,CRITICAL,BLOCKED,1,6.4,Structural wear or adverse weather (road_damage),25.6122,91.9563,HIGHWAY_PATROL
D002176,NH-08,2025-11-11 04:48:00,Tripura,West Tripura,BRIDGE_DAMAGE,CRITICAL,BLOCKED,1,30.1,Structural wear or adverse weather (bridge_damage),23.7063,91.387,HIGHWAY_PATROL
D002177,NH-310,2025-11-11 06:36:00,Sikkim,North Sikkim,ROAD_DAMAGE,CRITICAL,BLOCKED,1,27.5,Structural wear or adverse weather (road_damage),27.4759,88.5342,PWD_NER
D002178,NH-37,2025-11-11 08:24:00,Assam,Cachar,ROAD_DAMAGE,HIGH,BLOCKED,1,10.6,Structural wear or adverse weather (road_damage),24.7264,92.7199,HIGHWAY_PATROL
D002179,NH-415,2025-11-11 10:12:00,Arunachal Pradesh,Papum Pare,ACCIDENT,MEDIUM,PARTIAL,0,1.6,Structural wear or adverse weather (accident),26.9857,93.6257,PWD_NER
D002180,NH-02,2025-11-11 12:00:00,Nagaland,Mokokchung,ROAD_DAMAGE,HIGH,BLOCKED,1,6.6,Structural wear or adverse weather (road_damage),26.3229,94.5812,PWD_NER
D002181,NH-13,2025-11-11 13:48:00,Arunachal Pradesh,Tawang,HEAVY_RAIN,MEDIUM,PARTIAL,0,4.3,Structural wear or adverse weather (heavy_rain),27.5367,91.9708,HIGHWAY_PATROL
D002182,NH-415,2025-11-11 15:36:00,Arunachal Pradesh,Papum Pare,HEAVY_RAIN,CRITICAL,BLOCKED,1,15.4,Structural wear or adverse weather (heavy_rain),27.1785,93.6649,PWD_NER
D002183,NH-13,2025-11-11 17:24:00,Arunachal Pradesh,Tawang,HEAVY_RAIN,MEDIUM,PARTIAL,0,5.5,Structural wear or adverse weather (heavy_rain),27.4611,91.921,HIGHWAY_PATROL
D002184,NH-206,2025-11-11 19:12:00,Meghalaya,East Khasi Hills,ACCIDENT,LOW,OPEN,0,6.4,Structural wear or adverse weather (accident),25.4641,91.7594,PWD_NER
D002185,NH-37,2025-11-11 21:00:00,Assam,Dibrugarh,ACCIDENT,MEDIUM,PARTIAL,0,4.0,Structural wear or adverse weather (accident),27.3934,94.8954,BRO_BORDER_ROADS
D002186,NH-13,2025-11-11 22:48:00,Arunachal Pradesh,Tawang,ACCIDENT,HIGH,PARTIAL,0,5.1,Structural wear or adverse weather (accident),27.5261,91.7567,BRO_BORDER_ROADS
D002187,NH-54,2025-11-12 00:36:00,Mizoram,Lunglei,ROAD_DAMAGE,MEDIUM,PARTIAL,0,3.3,Structural wear or adverse weather (road_damage),22.7618,92.8261,BRO_BORDER_ROADS
D002188,NH-415,2025-11-12 02:24:00,Arunachal Pradesh,Papum Pare,BRIDGE_DAMAGE,CRITICAL,BLOCKED,1,11.3,Structural wear or adverse weather (bridge_damage),27.1656,93.5021,BRO_BORDER_ROADS
D002189,NH-06,2025-11-12 04:12:00,Meghalaya,West Jaintia Hills,ACCIDENT,LOW,OPEN,0,2.0,Structural wear or adverse weather (accident),25.3634,92.102,HIGHWAY_PATROL
D002190,NH-02,2025-11-12 06:00:00,Manipur,Senapati,BRIDGE_DAMAGE,MEDIUM,PARTIAL,0,6.9,Structural wear or adverse weather (bridge_damage),25.1887,93.8719,HIGHWAY_PATROL
D002191,NH-54,2025-11-12 07:48:00,Mizoram,Kolasib,ACCIDENT,HIGH,PARTIAL,0,2.1,Structural wear or adverse weather (accident),24.2736,92.7998,PWD_NER
D002192,NH-08,2025-11-12 09:36:00,Tripura,West Tripura,ROAD_DAMAGE,HIGH,BLOCKED,1,28.5,Structural wear or adverse weather (road_damage),23.9464,91.2717,PWD_NER
D002193,NH-206,2025-11-12 11:24:00,Meghalaya,East Khasi Hills,BRIDGE_DAMAGE,MEDIUM,PARTIAL,0,7.5,Structural wear or adverse weather (bridge_damage),25.4811,91.759,HIGHWAY_PATROL
D002194,NH-415,2025-11-12 13:12:00,Arunachal Pradesh,Papum Pare,BRIDGE_DAMAGE,MEDIUM,PARTIAL,0,5.8,Structural wear or adverse weather (bridge_damage),27.0254,93.6052,PWD_NER
D002195,NH-02,2025-11-12 15:00:00,Manipur,Senapati,ROAD_DAMAGE,HIGH,BLOCKED,1,15.9,Structural wear or adverse weather (road_damage),25.2457,93.9322,HIGHWAY_PATROL
D002196,NH-08,2025-11-12 16:48:00,Tripura,Sipahijala,ROAD_DAMAGE,CRITICAL,BLOCKED,1,15.3,Structural wear or adverse weather (road_damage),23.6569,91.2002,HIGHWAY_PATROL
D002197,NH-510,2025-11-12 18:36:00,Sikkim,South Sikkim,BRIDGE_DAMAGE,CRITICAL,BLOCKED,1,8.6,Structural wear or adverse weather (bridge_damage),27.3045,88.2502,HIGHWAY_PATROL
D002198,NH-13,2025-11-12 20:24:00,Arunachal Pradesh,Tawang,HEAVY_RAIN,HIGH,PARTIAL,0,1.9,Structural wear or adverse weather (heavy_rain),27.7187,91.8347,PWD_NER
D002199,NH-08,2025-11-12 22:12:00,Tripura,Sipahijala,HEAVY_RAIN,HIGH,PARTIAL,0,2.8,Structural wear or adverse weather (heavy_rain),23.5568,91.2343,HIGHWAY_PATROL
D002200,NH-02,2025-11-13 00:00:00,Manipur,Senapati,HEAVY_RAIN,MEDIUM,PARTIAL,0,3.7,Structural wear or adverse weather (heavy_rain),25.4001,94.1288,HIGHWAY_PATROL
D002201,NH-15,2025-11-13 01:48:00,Assam,Darrang,ROAD_DAMAGE,CRITICAL,BLOCKED,1,7.2,Structural wear or adverse weather (road_damage),26.5741,92.1732,PWD_NER
D002202,NH-02,2025-11-13 03:36:00,Manipur,Imphal West,ACCIDENT,MEDIUM,PARTIAL,0,7.0,Structural wear or adverse weather (accident),24.7795,93.8484,PWD_NER
D002203,NH-29,2025-11-13 05:24:00,Nagaland,Kohima,BRIDGE_DAMAGE,HIGH,BLOCKED,1,10.2,Structural wear or adverse weather (bridge_damage),25.7767,94.0608,HIGHWAY_PATROL
D002204,NH-15,2025-11-13 07:12:00,Assam,Darrang,HEAVY_RAIN,CRITICAL,BLOCKED,1,11.2,Structural wear or adverse weather (heavy_rain),26.4811,92.1131,BRO_BORDER_ROADS
D002205,NH-54,2025-11-13 09:00:00,Mizoram,Aizawl,BRIDGE_DAMAGE,HIGH,BLOCKED,1,5.7,Structural wear or adverse weather (bridge_damage),23.8763,92.7573,BRO_BORDER_ROADS
D002206,NH-27,2025-11-13 10:48:00,Assam,Nagaon,HEAVY_RAIN,HIGH,PARTIAL,0,3.2,Structural wear or adverse weather (heavy_rain),26.2434,92.6842,PWD_NER
D002207,NH-206,2025-11-13 12:36:00,Meghalaya,East Khasi Hills,ACCIDENT,HIGH,PARTIAL,0,2.6,Structural wear or adverse weather (accident),25.4751,91.9409,PWD_NER
D002208,NH-02,2025-11-13 14:24:00,Manipur,Senapati,ACCIDENT,MEDIUM,PARTIAL,0,7.2,Structural wear or adverse weather (accident),25.2345,93.9789,HIGHWAY_PATROL
D002209,NH-15,2025-11-13 16:12:00,Assam,Darrang,BRIDGE_DAMAGE,MEDIUM,PARTIAL,0,6.8,Structural wear or adverse weather (bridge_damage),26.4582,91.8821,BRO_BORDER_ROADS
D002210,NH-10,2025-11-13 18:00:00,Sikkim,East Sikkim,ACCIDENT,LOW,OPEN,0,2.5,Structural wear or adverse weather (accident),27.4215,88.7208,BRO_BORDER_ROADS
D002211,NH-54,2025-11-13 19:48:00,Mizoram,Lunglei,ACCIDENT,MEDIUM,PARTIAL,0,3.4,Structural wear or adverse weather (accident),22.8825,92.7644,PWD_NER
D002212,NH-27,2025-11-13 21:36:00,Assam,Kamrup Rural,ACCIDENT,MEDIUM,PARTIAL,0,1.6,Structural wear or adverse weather (accident),26.2247,91.5875,HIGHWAY_PATROL
D002213,NH-310,2025-11-13 23:24:00,Sikkim,North Sikkim,HEAVY_RAIN,MEDIUM,PARTIAL,0,4.3,Structural wear or adverse weather (heavy_rain),27.5237,88.6308,PWD_NER
D002214,NH-13,2025-11-14 01:12:00,Arunachal Pradesh,West Kameng,ACCIDENT,HIGH,PARTIAL,0,5.0,Structural wear or adverse weather (accident),27.1474,92.4778,HIGHWAY_PATROL
D002215,NH-02,2025-11-14 03:00:00,Manipur,Senapati,HEAVY_RAIN,HIGH,PARTIAL,0,4.5,Structural wear or adverse weather (heavy_rain),25.1492,93.9475,HIGHWAY_PATROL
D002216,NH-08,2025-11-14 04:48:00,Tripura,West Tripura,ROAD_DAMAGE,MEDIUM,PARTIAL,0,3.9,Structural wear or adverse weather (road_damage),23.9777,91.333,HIGHWAY_PATROL
D002217,NH-08,2025-11-14 06:36:00,Tripura,Dhalai,BRIDGE_DAMAGE,CRITICAL,BLOCKED,1,13.6,Structural wear or adverse weather (bridge_damage),23.8914,91.9427,BRO_BORDER_ROADS
D002218,NH-54,2025-11-14 08:24:00,Mizoram,Kolasib,ROAD_DAMAGE,HIGH,BLOCKED,1,8.9,Structural wear or adverse weather (road_damage),24.1139,92.5486,PWD_NER
D002219,NH-27,2025-11-14 10:12:00,Assam,Kamrup Metropolitan,ROAD_DAMAGE,HIGH,BLOCKED,1,28.3,Structural wear or adverse weather (road_damage),26.1213,91.769,PWD_NER
D002220,NH-515,2025-11-14 12:00:00,Arunachal Pradesh,East Siang,BRIDGE_DAMAGE,CRITICAL,BLOCKED,1,16.5,Structural wear or adverse weather (bridge_damage),27.9182,95.3507,BRO_BORDER_ROADS
D002221,NH-206,2025-11-14 13:48:00,Meghalaya,East Khasi Hills,HEAVY_RAIN,HIGH,PARTIAL,0,5.7,Structural wear or adverse weather (heavy_rain),25.5244,92.0288,PWD_NER
D002222,NH-08,2025-11-14 15:36:00,Tripura,Sipahijala,ACCIDENT,LOW,OPEN,0,2.6,Structural wear or adverse weather (accident),23.7017,91.285,HIGHWAY_PATROL
D002223,NH-54,2025-11-14 17:24:00,Mizoram,Aizawl,ROAD_DAMAGE,HIGH,BLOCKED,1,20.0,Structural wear or adverse weather (road_damage),23.7752,92.5903,PWD_NER
D002224,NH-310,2025-11-14 19:12:00,Sikkim,North Sikkim,HEAVY_RAIN,HIGH,PARTIAL,0,5.9,Structural wear or adverse weather (heavy_rain),27.4536,88.4623,HIGHWAY_PATROL
D002225,NH-13,2025-11-14 21:00:00,Arunachal Pradesh,Tawang,ROAD_DAMAGE,HIGH,BLOCKED,1,18.2,Structural wear or adverse weather (road_damage),27.5261,91.7567,HIGHWAY_PATROL
D002226,NH-15,2025-11-14 22:48:00,Assam,Darrang,ACCIDENT,HIGH,PARTIAL,0,1.6,Structural wear or adverse weather (accident),26.5711,92.1291,BRO_BORDER_ROADS
D002227,NH-13,2025-11-15 00:36:00,Arunachal Pradesh,West Kameng,BRIDGE_DAMAGE,HIGH,BLOCKED,1,19.6,Structural wear or adverse weather (bridge_damage),27.1682,92.4795,BRO_BORDER_ROADS
D002228,NH-415,2025-11-15 02:24:00,Arunachal Pradesh,Papum Pare,ACCIDENT,HIGH,PARTIAL,0,1.8,Structural wear or adverse weather (accident),27.0388,93.6028,PWD_NER
D002229,NH-510,2025-11-15 04:12:00,Sikkim,South Sikkim,HEAVY_RAIN,MEDIUM,PARTIAL,0,3.1,Structural wear or adverse weather (heavy_rain),27.2765,88.2259,HIGHWAY_PATROL
D002230,NH-02,2025-11-15 06:00:00,Nagaland,Mokokchung,HEAVY_RAIN,HIGH,PARTIAL,0,6.4,Structural wear or adverse weather (heavy_rain),26.3484,94.5684,BRO_BORDER_ROADS
D002231,NH-15,2025-11-15 07:48:00,Assam,Darrang,ACCIDENT,HIGH,PARTIAL,0,7.1,Structural wear or adverse weather (accident),26.342,91.9867,HIGHWAY_PATROL
D002232,NH-02,2025-11-15 09:36:00,Manipur,Senapati,BRIDGE_DAMAGE,MEDIUM,PARTIAL,0,5.0,Structural wear or adverse weather (bridge_damage),25.2417,94.045,HIGHWAY_PATROL
D002233,NH-27,2025-11-15 11:24:00,Assam,Nagaon,HEAVY_RAIN,CRITICAL,BLOCKED,1,25.5,Structural wear or adverse weather (heavy_rain),26.3942,92.6333,PWD_NER
D002234,NH-37,2025-11-15 13:12:00,Assam,Cachar,HEAVY_RAIN,CRITICAL,BLOCKED,1,18.7,Structural wear or adverse weather (heavy_rain),24.9669,92.8591,HIGHWAY_PATROL
D002235,NH-54,2025-11-15 15:00:00,Mizoram,Aizawl,ACCIDENT,HIGH,PARTIAL,0,4.4,Structural wear or adverse weather (accident),23.7146,92.8671,BRO_BORDER_ROADS
D002236,NH-13,2025-11-15 16:48:00,Arunachal Pradesh,Lower Subansiri,BRIDGE_DAMAGE,MEDIUM,PARTIAL,0,6.2,Structural wear or adverse weather (bridge_damage),27.555,93.92,HIGHWAY_PATROL
D002237,NH-54,2025-11-15 18:36:00,Mizoram,Lunglei,ACCIDENT,MEDIUM,PARTIAL,0,6.1,Structural wear or adverse weather (accident),22.9983,92.636,HIGHWAY_PATROL
D002238,NH-27,2025-11-15 20:24:00,Assam,Kamrup Rural,ACCIDENT,LOW,OPEN,0,6.9,Structural wear or adverse weather (accident),26.1235,91.6143,HIGHWAY_PATROL
D002239,NH-27,2025-11-15 22:12:00,Assam,Kamrup Metropolitan,BRIDGE_DAMAGE,CRITICAL,BLOCKED,1,12.5,Structural wear or adverse weather (bridge_damage),26.1628,91.7787,BRO_BORDER_ROADS
D002240,NH-27,2025-11-16 00:00:00,Assam,Kamrup Rural,HEAVY_RAIN,HIGH,PARTIAL,0,3.2,Structural wear or adverse weather (heavy_rain),26.126,91.5578,BRO_BORDER_ROADS
D002241,NH-206,2025-11-16 01:48:00,Meghalaya,East Khasi Hills,BRIDGE_DAMAGE,HIGH,BLOCKED,1,11.8,Structural wear or adverse weather (bridge_damage),25.4673,91.8532,BRO_BORDER_ROADS
D002242,NH-310,2025-11-16 03:36:00,Sikkim,North Sikkim,HEAVY_RAIN,CRITICAL,BLOCKED,1,13.6,Structural wear or adverse weather (heavy_rain),27.5675,88.622,BRO_BORDER_ROADS
D002243,NH-27,2025-11-16 05:24:00,Assam,Kamrup Rural,HEAVY_RAIN,MEDIUM,PARTIAL,0,3.8,Structural wear or adverse weather (heavy_rain),26.3333,91.5504,PWD_NER
D002244,NH-06,2025-11-16 07:12:00,Meghalaya,Ri-Bhoi,ROAD_DAMAGE,CRITICAL,BLOCKED,1,31.5,Structural wear or adverse weather (road_damage),25.9052,91.9063,PWD_NER
D002245,NH-06,2025-11-16 09:00:00,Meghalaya,Ri-Bhoi,HEAVY_RAIN,CRITICAL,BLOCKED,1,14.3,Structural wear or adverse weather (heavy_rain),26.0494,91.8735,BRO_BORDER_ROADS
D002246,NH-15,2025-11-16 10:48:00,Assam,Sonitpur,ACCIDENT,LOW,OPEN,0,6.9,Structural wear or adverse weather (accident),26.6396,92.7761,PWD_NER
D002247,NH-54,2025-11-16 12:36:00,Mizoram,Kolasib,HEAVY_RAIN,HIGH,PARTIAL,0,4.4,Structural wear or adverse weather (heavy_rain),24.1205,92.6775,PWD_NER
D002248,NH-310,2025-11-16 14:24:00,Sikkim,North Sikkim,HEAVY_RAIN,CRITICAL,BLOCKED,1,10.9,Structural wear or adverse weather (heavy_rain),27.586,88.5458,HIGHWAY_PATROL
D002249,NH-08,2025-11-16 16:12:00,Tripura,Sipahijala,BRIDGE_DAMAGE,HIGH,BLOCKED,1,6.5,Structural wear or adverse weather (bridge_damage),23.645,91.2029,PWD_NER
D002250,NH-54,2025-11-16 18:00:00,Mizoram,Aizawl,ROAD_DAMAGE,MEDIUM,PARTIAL,0,5.4,Structural wear or adverse weather (road_damage),23.6965,92.7625,HIGHWAY_PATROL
D002251,NH-13,2025-11-16 19:48:00,Arunachal Pradesh,Lower Subansiri,BRIDGE_DAMAGE,CRITICAL,BLOCKED,1,7.3,Structural wear or adverse weather (bridge_damage),27.415,93.7213,BRO_BORDER_ROADS
D002252,NH-10,2025-11-16 21:36:00,Sikkim,East Sikkim,ROAD_DAMAGE,HIGH,BLOCKED,1,6.1,Structural wear or adverse weather (road_damage),27.4058,88.6265,PWD_NER
D002253,NH-54,2025-11-16 23:24:00,Mizoram,Kolasib,BRIDGE_DAMAGE,MEDIUM,PARTIAL,0,6.3,Structural wear or adverse weather (bridge_damage),24.2493,92.7829,HIGHWAY_PATROL
D002254,NH-54,2025-11-17 01:12:00,Mizoram,Lunglei,ACCIDENT,MEDIUM,PARTIAL,0,3.0,Structural wear or adverse weather (accident),22.9126,92.802,HIGHWAY_PATROL
D002255,NH-37,2025-11-17 03:00:00,Assam,Dibrugarh,ACCIDENT,HIGH,PARTIAL,0,4.4,Structural wear or adverse weather (accident),27.4979,94.8132,BRO_BORDER_ROADS
D002256,NH-02,2025-11-17 04:48:00,Manipur,Bishnupur,ACCIDENT,LOW,OPEN,0,2.6,Structural wear or adverse weather (accident),24.543,93.7761,HIGHWAY_PATROL
D002257,NH-06,2025-11-17 06:36:00,Meghalaya,Ri-Bhoi,BRIDGE_DAMAGE,CRITICAL,BLOCKED,1,5.9,Structural wear or adverse weather (bridge_damage),25.9012,92.0136,BRO_BORDER_ROADS
D002258,NH-310,2025-11-17 08:24:00,Sikkim,North Sikkim,BRIDGE_DAMAGE,HIGH,BLOCKED,1,28.0,Structural wear or adverse weather (bridge_damage),27.4363,88.4538,BRO_BORDER_ROADS
D002259,NH-13,2025-11-17 10:12:00,Arunachal Pradesh,Lower Subansiri,ROAD_DAMAGE,CRITICAL,BLOCKED,1,17.9,Structural wear or adverse weather (road_damage),27.5662,93.8565,HIGHWAY_PATROL
D002260,NH-54,2025-11-17 12:00:00,Mizoram,Kolasib,HEAVY_RAIN,CRITICAL,BLOCKED,1,22.0,Structural wear or adverse weather (heavy_rain),24.3404,92.6378,BRO_BORDER_ROADS
D002261,NH-15,2025-11-17 13:48:00,Assam,Sonitpur,ACCIDENT,HIGH,PARTIAL,0,2.7,Structural wear or adverse weather (accident),26.6902,92.8414,HIGHWAY_PATROL
D002262,NH-415,2025-11-17 15:36:00,Arunachal Pradesh,Papum Pare,BRIDGE_DAMAGE,HIGH,BLOCKED,1,11.7,Structural wear or adverse weather (bridge_damage),27.1377,93.5526,HIGHWAY_PATROL
D002263,NH-08,2025-11-17 17:24:00,Tripura,West Tripura,HEAVY_RAIN,MEDIUM,PARTIAL,0,7.2,Structural wear or adverse weather (heavy_rain),23.8924,91.1923,BRO_BORDER_ROADS
D002264,NH-15,2025-11-17 19:12:00,Assam,Sonitpur,ACCIDENT,HIGH,PARTIAL,0,3.3,Structural wear or adverse weather (accident),26.6508,92.8201,BRO_BORDER_ROADS
D002265,NH-29,2025-11-17 21:00:00,Nagaland,Dimapur,BRIDGE_DAMAGE,MEDIUM,PARTIAL,0,4.4,Structural wear or adverse weather (bridge_damage),25.8203,93.8035,HIGHWAY_PATROL
D002266,NH-13,2025-11-17 22:48:00,Arunachal Pradesh,Tawang,HEAVY_RAIN,MEDIUM,PARTIAL,0,2.3,Structural wear or adverse weather (heavy_rain),27.4685,91.7286,PWD_NER
D002267,NH-37,2025-11-18 00:36:00,Assam,Cachar,HEAVY_RAIN,MEDIUM,PARTIAL,0,4.6,Structural wear or adverse weather (heavy_rain),24.7347,92.7789,BRO_BORDER_ROADS
D002268,NH-54,2025-11-18 02:24:00,Mizoram,Aizawl,BRIDGE_DAMAGE,HIGH,BLOCKED,1,25.1,Structural wear or adverse weather (bridge_damage),23.6721,92.7351,BRO_BORDER_ROADS
D002269,NH-37,2025-11-18 04:12:00,Assam,Dibrugarh,BRIDGE_DAMAGE,CRITICAL,BLOCKED,1,16.3,Structural wear or adverse weather (bridge_damage),27.4332,95.0462,BRO_BORDER_ROADS
D002270,NH-27,2025-11-18 06:00:00,Assam,Kamrup Metropolitan,BRIDGE_DAMAGE,CRITICAL,BLOCKED,1,29.0,Structural wear or adverse weather (bridge_damage),26.0113,91.6937,PWD_NER
D002271,NH-310,2025-11-18 07:48:00,Sikkim,North Sikkim,ACCIDENT,MEDIUM,PARTIAL,0,5.7,Structural wear or adverse weather (accident),27.496,88.4889,HIGHWAY_PATROL
D002272,NH-15,2025-11-18 09:36:00,Assam,Sonitpur,ROAD_DAMAGE,MEDIUM,PARTIAL,0,4.8,Structural wear or adverse weather (road_damage),26.4907,92.938,BRO_BORDER_ROADS
D002273,NH-15,2025-11-18 11:24:00,Assam,Darrang,BRIDGE_DAMAGE,HIGH,BLOCKED,1,18.5,Structural wear or adverse weather (bridge_damage),26.4398,91.9184,BRO_BORDER_ROADS
D002274,NH-127B,2025-11-18 13:12:00,Meghalaya,West Khasi Hills,HEAVY_RAIN,CRITICAL,BLOCKED,1,31.1,Structural wear or adverse weather (heavy_rain),25.4404,91.2729,HIGHWAY_PATROL
D002275,NH-06,2025-11-18 15:00:00,Meghalaya,Ri-Bhoi,ACCIDENT,LOW,OPEN,0,5.6,Structural wear or adverse weather (accident),25.7853,91.7748,HIGHWAY_PATROL
D002276,NH-02,2025-11-18 16:48:00,Manipur,Bishnupur,HEAVY_RAIN,CRITICAL,BLOCKED,1,5.5,Structural wear or adverse weather (heavy_rain),24.6638,93.7273,BRO_BORDER_ROADS
D002277,NH-27,2025-11-18 18:36:00,Assam,Kamrup Rural,ACCIDENT,LOW,OPEN,0,3.6,Structural wear or adverse weather (accident),26.3348,91.6955,BRO_BORDER_ROADS
D002278,NH-13,2025-11-18 20:24:00,Arunachal Pradesh,Tawang,BRIDGE_DAMAGE,HIGH,BLOCKED,1,29.0,Structural wear or adverse weather (bridge_damage),27.5871,91.7336,PWD_NER
D002279,NH-08,2025-11-18 22:12:00,Tripura,Dhalai,ROAD_DAMAGE,CRITICAL,BLOCKED,1,25.6,Structural wear or adverse weather (road_damage),23.9428,91.7576,PWD_NER
D002280,NH-08,2025-11-19 00:00:00,Tripura,West Tripura,BRIDGE_DAMAGE,MEDIUM,PARTIAL,0,7.2,Structural wear or adverse weather (bridge_damage),23.9292,91.3437,PWD_NER
D002281,NH-54,2025-11-19 01:48:00,Mizoram,Aizawl,BRIDGE_DAMAGE,CRITICAL,BLOCKED,1,17.2,Structural wear or adverse weather (bridge_damage),23.7146,92.8671,PWD_NER
D002282,NH-29,2025-11-19 03:36:00,Nagaland,Dimapur,HEAVY_RAIN,CRITICAL,BLOCKED,1,26.2,Structural wear or adverse weather (heavy_rain),25.8915,93.7308,PWD_NER
D002283,NH-127B,2025-11-19 05:24:00,Meghalaya,West Khasi Hills,HEAVY_RAIN,HIGH,PARTIAL,0,5.3,Structural wear or adverse weather (heavy_rain),25.4882,91.2751,PWD_NER
D002284,NH-29,2025-11-19 07:12:00,Nagaland,Kohima,BRIDGE_DAMAGE,MEDIUM,PARTIAL,0,2.6,Structural wear or adverse weather (bridge_damage),25.8243,94.0001,PWD_NER
D002285,NH-08,2025-11-19 09:00:00,Tripura,Dhalai,BRIDGE_DAMAGE,CRITICAL,BLOCKED,1,19.3,Structural wear or adverse weather (bridge_damage),23.7509,91.7807,BRO_BORDER_ROADS
D002286,NH-02,2025-11-19 10:48:00,Manipur,Bishnupur,BRIDGE_DAMAGE,HIGH,BLOCKED,1,26.9,Structural wear or adverse weather (bridge_damage),24.6916,93.7808,PWD_NER
D002287,NH-13,2025-11-19 12:36:00,Arunachal Pradesh,West Kameng,BRIDGE_DAMAGE,MEDIUM,PARTIAL,0,2.5,Structural wear or adverse weather (bridge_damage),27.1928,92.4792,PWD_NER
D002288,NH-02,2025-11-19 14:24:00,Manipur,Senapati,ACCIDENT,MEDIUM,PARTIAL,0,2.3,Structural wear or adverse weather (accident),25.2046,94.1294,PWD_NER
D002289,NH-02,2025-11-19 16:12:00,Manipur,Senapati,ROAD_DAMAGE,CRITICAL,BLOCKED,1,10.0,Structural wear or adverse weather (road_damage),25.2795,93.8796,HIGHWAY_PATROL
D002290,NH-02,2025-11-19 18:00:00,Manipur,Bishnupur,ACCIDENT,HIGH,PARTIAL,0,5.0,Structural wear or adverse weather (accident),24.5973,93.7847,HIGHWAY_PATROL
D002291,NH-54,2025-11-19 19:48:00,Mizoram,Aizawl,BRIDGE_DAMAGE,CRITICAL,BLOCKED,1,8.6,Structural wear or adverse weather (bridge_damage),23.7944,92.7524,HIGHWAY_PATROL
D002292,NH-37,2025-11-19 21:36:00,Assam,Dibrugarh,BRIDGE_DAMAGE,MEDIUM,PARTIAL,0,4.5,Structural wear or adverse weather (bridge_damage),27.4599,94.9964,HIGHWAY_PATROL
D002293,NH-02,2025-11-19 23:24:00,Manipur,Senapati,HEAVY_RAIN,HIGH,PARTIAL,0,2.2,Structural wear or adverse weather (heavy_rain),25.1237,93.912,HIGHWAY_PATROL
D002294,NH-08,2025-11-20 01:12:00,Tripura,West Tripura,HEAVY_RAIN,MEDIUM,PARTIAL,0,1.8,Structural wear or adverse weather (heavy_rain),23.6963,91.1999,HIGHWAY_PATROL
D002295,NH-206,2025-11-20 03:00:00,Meghalaya,East Khasi Hills,HEAVY_RAIN,MEDIUM,PARTIAL,0,2.4,Structural wear or adverse weather (heavy_rain),25.49,91.8938,PWD_NER
D002296,NH-02,2025-11-20 04:48:00,Nagaland,Mokokchung,BRIDGE_DAMAGE,HIGH,BLOCKED,1,30.2,Structural wear or adverse weather (bridge_damage),26.4657,94.5443,HIGHWAY_PATROL
D002297,NH-13,2025-11-20 06:36:00,Arunachal Pradesh,Tawang,BRIDGE_DAMAGE,MEDIUM,PARTIAL,0,6.2,Structural wear or adverse weather (bridge_damage),27.6395,91.7445,BRO_BORDER_ROADS
D002298,NH-27,2025-11-20 08:24:00,Assam,Kamrup Rural,ACCIDENT,MEDIUM,PARTIAL,0,4.2,Structural wear or adverse weather (accident),26.3204,91.6631,PWD_NER
D002299,NH-27,2025-11-20 10:12:00,Assam,Kamrup Metropolitan,ROAD_DAMAGE,CRITICAL,BLOCKED,1,5.4,Structural wear or adverse weather (road_damage),26.1211,91.7596,BRO_BORDER_ROADS
D002300,NH-27,2025-11-20 12:00:00,Assam,Kamrup Metropolitan,HEAVY_RAIN,HIGH,PARTIAL,0,6.1,Structural wear or adverse weather (heavy_rain),26.0773,91.7684,PWD_NER
D002301,NH-13,2025-11-20 13:48:00,Arunachal Pradesh,Lower Subansiri,ACCIDENT,HIGH,PARTIAL,0,5.6,Structural wear or adverse weather (accident),27.5492,93.7687,BRO_BORDER_ROADS
D002302,NH-06,2025-11-20 15:36:00,Meghalaya,West Jaintia Hills,ROAD_DAMAGE,MEDIUM,PARTIAL,0,4.4,Structural wear or adverse weather (road_damage),25.5389,92.084,HIGHWAY_PATROL
D002303,NH-27,2025-11-20 17:24:00,Assam,Kamrup Metropolitan,ROAD_DAMAGE,CRITICAL,BLOCKED,1,9.9,Structural wear or adverse weather (road_damage),26.2471,91.8437,BRO_BORDER_ROADS
D002304,NH-10,2025-11-20 19:12:00,Sikkim,East Sikkim,BRIDGE_DAMAGE,MEDIUM,PARTIAL,0,5.9,Structural wear or adverse weather (bridge_damage),27.2152,88.6737,PWD_NER
D002305,NH-54,2025-11-20 21:00:00,Mizoram,Lunglei,ROAD_DAMAGE,CRITICAL,BLOCKED,1,25.9,Structural wear or adverse weather (road_damage),22.8742,92.8205,PWD_NER
D002306,NH-15,2025-11-20 22:48:00,Assam,Sonitpur,HEAVY_RAIN,HIGH,PARTIAL,0,3.0,Structural wear or adverse weather (heavy_rain),26.7326,92.8282,BRO_BORDER_ROADS
D002307,NH-127B,2025-11-21 00:36:00,Meghalaya,West Khasi Hills,HEAVY_RAIN,HIGH,PARTIAL,0,7.2,Structural wear or adverse weather (heavy_rain),25.4762,91.3801,BRO_BORDER_ROADS
D002308,NH-54,2025-11-21 02:24:00,Mizoram,Kolasib,HEAVY_RAIN,HIGH,PARTIAL,0,7.2,Structural wear or adverse weather (heavy_rain),24.2643,92.6937,HIGHWAY_PATROL
D002309,NH-08,2025-11-21 04:12:00,Tripura,West Tripura,HEAVY_RAIN,MEDIUM,PARTIAL,0,2.9,Structural wear or adverse weather (heavy_rain),23.8931,91.279,BRO_BORDER_ROADS
D002310,NH-27,2025-11-21 06:00:00,Assam,Nagaon,BRIDGE_DAMAGE,HIGH,BLOCKED,1,25.4,Structural wear or adverse weather (bridge_damage),26.2169,92.6223,HIGHWAY_PATROL
D002311,NH-08,2025-11-21 07:48:00,Tripura,West Tripura,BRIDGE_DAMAGE,MEDIUM,PARTIAL,0,4.7,Structural wear or adverse weather (bridge_damage),23.8936,91.3477,HIGHWAY_PATROL
D002312,NH-15,2025-11-21 09:36:00,Assam,Darrang,ACCIDENT,HIGH,PARTIAL,0,1.8,Structural wear or adverse weather (accident),26.3421,92.113,BRO_BORDER_ROADS
D002313,NH-06,2025-11-21 11:24:00,Meghalaya,West Jaintia Hills,ACCIDENT,HIGH,PARTIAL,0,6.5,Structural wear or adverse weather (accident),25.5503,92.1895,BRO_BORDER_ROADS
D002314,NH-54,2025-11-21 13:12:00,Mizoram,Kolasib,BRIDGE_DAMAGE,HIGH,BLOCKED,1,30.3,Structural wear or adverse weather (bridge_damage),24.1961,92.8279,HIGHWAY_PATROL
D002315,NH-54,2025-11-21 15:00:00,Mizoram,Aizawl,BRIDGE_DAMAGE,CRITICAL,BLOCKED,1,22.9,Structural wear or adverse weather (bridge_damage),23.6696,92.6756,PWD_NER
D002316,NH-08,2025-11-21 16:48:00,Tripura,Sipahijala,HEAVY_RAIN,MEDIUM,PARTIAL,0,3.2,Structural wear or adverse weather (heavy_rain),23.7133,91.2363,PWD_NER
D002317,NH-54,2025-11-21 18:36:00,Mizoram,Lunglei,ACCIDENT,LOW,OPEN,0,2.5,Structural wear or adverse weather (accident),22.7725,92.747,HIGHWAY_PATROL
D002318,NH-310,2025-11-21 20:24:00,Sikkim,North Sikkim,HEAVY_RAIN,HIGH,PARTIAL,0,4.1,Structural wear or adverse weather (heavy_rain),27.5827,88.4711,BRO_BORDER_ROADS
D002319,NH-127B,2025-11-21 22:12:00,Meghalaya,West Khasi Hills,HEAVY_RAIN,MEDIUM,PARTIAL,0,1.8,Structural wear or adverse weather (heavy_rain),25.4168,91.2679,BRO_BORDER_ROADS
D002320,NH-13,2025-11-22 00:00:00,Arunachal Pradesh,Tawang,ROAD_DAMAGE,MEDIUM,PARTIAL,0,4.2,Structural wear or adverse weather (road_damage),27.7019,91.8821,HIGHWAY_PATROL
D002321,NH-29,2025-11-22 01:48:00,Nagaland,Kohima,ACCIDENT,HIGH,PARTIAL,0,3.8,Structural wear or adverse weather (accident),25.6235,93.9933,BRO_BORDER_ROADS
D002322,NH-54,2025-11-22 03:36:00,Mizoram,Lunglei,HEAVY_RAIN,MEDIUM,PARTIAL,0,3.7,Structural wear or adverse weather (heavy_rain),22.9642,92.6732,PWD_NER
D002323,NH-37,2025-11-22 05:24:00,Assam,Dibrugarh,HEAVY_RAIN,CRITICAL,BLOCKED,1,12.5,Structural wear or adverse weather (heavy_rain),27.3518,95.0126,BRO_BORDER_ROADS
D002324,NH-206,2025-11-22 07:12:00,Meghalaya,East Khasi Hills,ROAD_DAMAGE,CRITICAL,BLOCKED,1,17.7,Structural wear or adverse weather (road_damage),25.6844,91.8907,PWD_NER
D002325,NH-29,2025-11-22 09:00:00,Nagaland,Dimapur,HEAVY_RAIN,CRITICAL,BLOCKED,1,17.8,Structural wear or adverse weather (heavy_rain),26.0479,93.7328,HIGHWAY_PATROL
D002326,NH-415,2025-11-22 10:48:00,Arunachal Pradesh,Papum Pare,ROAD_DAMAGE,MEDIUM,PARTIAL,0,1.6,Structural wear or adverse weather (road_damage),26.9756,93.596,PWD_NER
D002327,NH-54,2025-11-22 12:36:00,Mizoram,Aizawl,BRIDGE_DAMAGE,MEDIUM,PARTIAL,0,5.5,Structural wear or adverse weather (bridge_damage),23.8722,92.8627,HIGHWAY_PATROL
D002328,NH-15,2025-11-22 14:24:00,Assam,Darrang,ROAD_DAMAGE,CRITICAL,BLOCKED,1,10.0,Structural wear or adverse weather (road_damage),26.4398,91.9184,BRO_BORDER_ROADS
D002329,NH-08,2025-11-22 16:12:00,Tripura,Sipahijala,HEAVY_RAIN,MEDIUM,PARTIAL,0,6.2,Structural wear or adverse weather (heavy_rain),23.7566,91.4555,HIGHWAY_PATROL
D002330,NH-37,2025-11-22 18:00:00,Assam,Cachar,ROAD_DAMAGE,MEDIUM,PARTIAL,0,5.2,Structural wear or adverse weather (road_damage),24.9259,92.9112,PWD_NER
D002331,NH-15,2025-11-22 19:48:00,Assam,Darrang,BRIDGE_DAMAGE,CRITICAL,BLOCKED,1,30.4,Structural wear or adverse weather (bridge_damage),26.5986,92.1171,PWD_NER
D002332,NH-13,2025-11-22 21:36:00,Arunachal Pradesh,Lower Subansiri,ACCIDENT,MEDIUM,PARTIAL,0,2.7,Structural wear or adverse weather (accident),27.58,93.895,PWD_NER
D002333,NH-15,2025-11-22 23:24:00,Assam,Sonitpur,BRIDGE_DAMAGE,MEDIUM,PARTIAL,0,2.4,Structural wear or adverse weather (bridge_damage),26.7269,92.8527,HIGHWAY_PATROL
D002334,NH-06,2025-11-23 01:12:00,Meghalaya,Ri-Bhoi,ACCIDENT,HIGH,PARTIAL,0,1.7,Structural wear or adverse weather (accident),26.0427,91.7586,BRO_BORDER_ROADS
D002335,NH-02,2025-11-23 03:00:00,Manipur,Senapati,ROAD_DAMAGE,CRITICAL,BLOCKED,1,19.2,Structural wear or adverse weather (road_damage),25.3792,93.9724,HIGHWAY_PATROL
D002336,NH-27,2025-11-23 04:48:00,Assam,Kamrup Rural,HEAVY_RAIN,MEDIUM,PARTIAL,0,2.3,Structural wear or adverse weather (heavy_rain),26.174,91.5542,PWD_NER
D002337,NH-415,2025-11-23 06:36:00,Arunachal Pradesh,Papum Pare,BRIDGE_DAMAGE,HIGH,BLOCKED,1,18.7,Structural wear or adverse weather (bridge_damage),27.1513,93.4861,HIGHWAY_PATROL
D002338,NH-13,2025-11-23 08:24:00,Arunachal Pradesh,Tawang,BRIDGE_DAMAGE,CRITICAL,BLOCKED,1,10.6,Structural wear or adverse weather (bridge_damage),27.4522,91.7365,HIGHWAY_PATROL
D002339,NH-08,2025-11-23 10:12:00,Tripura,Dhalai,HEAVY_RAIN,MEDIUM,PARTIAL,0,6.7,Structural wear or adverse weather (heavy_rain),23.9145,91.8422,PWD_NER
D002340,NH-13,2025-11-23 12:00:00,Arunachal Pradesh,Lower Subansiri,HEAVY_RAIN,MEDIUM,PARTIAL,0,1.7,Structural wear or adverse weather (heavy_rain),27.4687,93.8823,BRO_BORDER_ROADS
D002341,NH-02,2025-11-23 13:48:00,Manipur,Senapati,HEAVY_RAIN,MEDIUM,PARTIAL,0,6.9,Structural wear or adverse weather (heavy_rain),25.3145,93.8982,PWD_NER
D002342,NH-02,2025-11-23 15:36:00,Manipur,Imphal West,ROAD_DAMAGE,HIGH,BLOCKED,1,20.2,Structural wear or adverse weather (road_damage),24.9494,94.0209,HIGHWAY_PATROL
D002343,NH-13,2025-11-23 17:24:00,Arunachal Pradesh,Tawang,HEAVY_RAIN,HIGH,PARTIAL,0,1.7,Structural wear or adverse weather (heavy_rain),27.5043,91.7815,HIGHWAY_PATROL
D002344,NH-27,2025-11-23 19:12:00,Assam,Kamrup Metropolitan,HEAVY_RAIN,HIGH,PARTIAL,0,3.1,Structural wear or adverse weather (heavy_rain),26.0814,91.743,BRO_BORDER_ROADS
D002345,NH-06,2025-11-23 21:00:00,Meghalaya,West Jaintia Hills,ROAD_DAMAGE,MEDIUM,PARTIAL,0,4.8,Structural wear or adverse weather (road_damage),25.3511,92.3349,PWD_NER
D002346,NH-510,2025-11-23 22:48:00,Sikkim,South Sikkim,ROAD_DAMAGE,HIGH,BLOCKED,1,11.4,Structural wear or adverse weather (road_damage),27.102,88.4504,PWD_NER
D002347,NH-27,2025-11-24 00:36:00,Assam,Kamrup Metropolitan,BRIDGE_DAMAGE,HIGH,BLOCKED,1,13.4,Structural wear or adverse weather (bridge_damage),26.2916,91.6232,BRO_BORDER_ROADS
D002348,NH-27,2025-11-24 02:24:00,Assam,Kamrup Rural,ROAD_DAMAGE,CRITICAL,BLOCKED,1,6.9,Structural wear or adverse weather (road_damage),26.2706,91.502,HIGHWAY_PATROL
D002349,NH-13,2025-11-24 04:12:00,Arunachal Pradesh,Lower Subansiri,HEAVY_RAIN,MEDIUM,PARTIAL,0,3.5,Structural wear or adverse weather (heavy_rain),27.5331,93.8882,BRO_BORDER_ROADS
D002350,NH-27,2025-11-24 06:00:00,Assam,Kamrup Metropolitan,BRIDGE_DAMAGE,MEDIUM,PARTIAL,0,2.3,Structural wear or adverse weather (bridge_damage),26.0051,91.7986,HIGHWAY_PATROL
D002351,NH-54,2025-11-24 07:48:00,Mizoram,Aizawl,BRIDGE_DAMAGE,HIGH,BLOCKED,1,23.4,Structural wear or adverse weather (bridge_damage),23.6224,92.6962,BRO_BORDER_ROADS
D002352,NH-08,2025-11-24 09:36:00,Tripura,West Tripura,ROAD_DAMAGE,CRITICAL,BLOCKED,1,13.6,Structural wear or adverse weather (road_damage),23.7936,91.4194,PWD_NER
D002353,NH-27,2025-11-24 11:24:00,Assam,Nagaon,BRIDGE_DAMAGE,MEDIUM,PARTIAL,0,1.9,Structural wear or adverse weather (bridge_damage),26.2234,92.6281,PWD_NER
D002354,NH-27,2025-11-24 13:12:00,Assam,Kamrup Rural,BRIDGE_DAMAGE,HIGH,BLOCKED,1,5.9,Structural wear or adverse weather (bridge_damage),26.037,91.6767,BRO_BORDER_ROADS
D002355,NH-02,2025-11-24 15:00:00,Nagaland,Mokokchung,BRIDGE_DAMAGE,CRITICAL,BLOCKED,1,8.4,Structural wear or adverse weather (bridge_damage),26.3224,94.6502,BRO_BORDER_ROADS
D002356,NH-13,2025-11-24 16:48:00,Arunachal Pradesh,Tawang,ACCIDENT,HIGH,PARTIAL,0,4.1,Structural wear or adverse weather (accident),27.5632,91.9408,BRO_BORDER_ROADS
D002357,NH-15,2025-11-24 18:36:00,Assam,Darrang,HEAVY_RAIN,MEDIUM,PARTIAL,0,5.4,Structural wear or adverse weather (heavy_rain),26.5451,91.9268,HIGHWAY_PATROL
D002358,NH-37,2025-11-24 20:24:00,Assam,Cachar,HEAVY_RAIN,MEDIUM,PARTIAL,0,3.6,Structural wear or adverse weather (heavy_rain),24.6845,92.9086,HIGHWAY_PATROL
D002359,NH-02,2025-11-24 22:12:00,Manipur,Senapati,HEAVY_RAIN,CRITICAL,BLOCKED,1,13.3,Structural wear or adverse weather (heavy_rain),25.1237,93.912,BRO_BORDER_ROADS
D002360,NH-54,2025-11-25 00:00:00,Mizoram,Kolasib,ROAD_DAMAGE,CRITICAL,BLOCKED,1,14.7,Structural wear or adverse weather (road_damage),24.227,92.713,HIGHWAY_PATROL
D002361,NH-02,2025-11-25 01:48:00,Nagaland,Mokokchung,ACCIDENT,HIGH,PARTIAL,0,5.4,Structural wear or adverse weather (accident),26.3322,94.6688,BRO_BORDER_ROADS
D002362,NH-02,2025-11-25 03:36:00,Nagaland,Mokokchung,HEAVY_RAIN,MEDIUM,PARTIAL,0,4.1,Structural wear or adverse weather (heavy_rain),26.4106,94.6642,BRO_BORDER_ROADS
D002363,NH-08,2025-11-25 05:24:00,Tripura,West Tripura,BRIDGE_DAMAGE,CRITICAL,BLOCKED,1,7.5,Structural wear or adverse weather (bridge_damage),23.7431,91.1921,PWD_NER
D002364,NH-02,2025-11-25 07:12:00,Manipur,Imphal West,HEAVY_RAIN,MEDIUM,PARTIAL,0,3.8,Structural wear or adverse weather (heavy_rain),24.9051,93.926,PWD_NER
D002365,NH-13,2025-11-25 09:00:00,Arunachal Pradesh,Tawang,BRIDGE_DAMAGE,CRITICAL,BLOCKED,1,4.1,Structural wear or adverse weather (bridge_damage),27.6769,91.8346,HIGHWAY_PATROL
D002366,NH-06,2025-11-25 10:48:00,Meghalaya,West Jaintia Hills,ROAD_DAMAGE,MEDIUM,PARTIAL,0,1.6,Structural wear or adverse weather (road_damage),25.3346,92.0563,BRO_BORDER_ROADS
D002367,NH-27,2025-11-25 12:36:00,Assam,Kamrup Rural,BRIDGE_DAMAGE,MEDIUM,PARTIAL,0,7.5,Structural wear or adverse weather (bridge_damage),26.2095,91.6543,HIGHWAY_PATROL
D002368,NH-29,2025-11-25 14:24:00,Nagaland,Dimapur,HEAVY_RAIN,MEDIUM,PARTIAL,0,4.4,Structural wear or adverse weather (heavy_rain),26.0543,93.6296,BRO_BORDER_ROADS
D002369,NH-37,2025-11-25 16:12:00,Assam,Cachar,HEAVY_RAIN,CRITICAL,BLOCKED,1,24.9,Structural wear or adverse weather (heavy_rain),24.7374,92.6932,PWD_NER
D002370,NH-15,2025-11-25 18:00:00,Assam,Darrang,BRIDGE_DAMAGE,HIGH,BLOCKED,1,5.6,Structural wear or adverse weather (bridge_damage),26.4012,91.8818,HIGHWAY_PATROL
D002371,NH-02,2025-11-25 19:48:00,Nagaland,Mokokchung,BRIDGE_DAMAGE,MEDIUM,PARTIAL,0,5.2,Structural wear or adverse weather (bridge_damage),26.2173,94.3852,PWD_NER
D002372,NH-15,2025-11-25 21:36:00,Assam,Sonitpur,HEAVY_RAIN,HIGH,PARTIAL,0,5.4,Structural wear or adverse weather (heavy_rain),26.5162,92.643,BRO_BORDER_ROADS
D002373,NH-13,2025-11-25 23:24:00,Arunachal Pradesh,Tawang,ACCIDENT,HIGH,PARTIAL,0,7.3,Structural wear or adverse weather (accident),27.5367,91.9708,BRO_BORDER_ROADS
D002374,NH-02,2025-11-26 01:12:00,Manipur,Imphal West,BRIDGE_DAMAGE,HIGH,BLOCKED,1,18.5,Structural wear or adverse weather (bridge_damage),24.8908,93.9546,BRO_BORDER_ROADS
D002375,NH-15,2025-11-26 03:00:00,Assam,Darrang,BRIDGE_DAMAGE,HIGH,BLOCKED,1,11.9,Structural wear or adverse weather (bridge_damage),26.5302,92.0121,BRO_BORDER_ROADS
D002376,NH-02,2025-11-26 04:48:00,Manipur,Imphal West,ROAD_DAMAGE,HIGH,BLOCKED,1,12.7,Structural wear or adverse weather (road_damage),24.7664,93.7963,BRO_BORDER_ROADS
D002377,NH-02,2025-11-26 06:36:00,Manipur,Senapati,HEAVY_RAIN,HIGH,PARTIAL,0,4.9,Structural wear or adverse weather (heavy_rain),25.2795,93.8796,HIGHWAY_PATROL
D002378,NH-06,2025-11-26 08:24:00,Meghalaya,Ri-Bhoi,BRIDGE_DAMAGE,MEDIUM,PARTIAL,0,5.6,Structural wear or adverse weather (bridge_damage),25.9727,92.0265,BRO_BORDER_ROADS
D002379,NH-08,2025-11-26 10:12:00,Tripura,Sipahijala,BRIDGE_DAMAGE,HIGH,BLOCKED,1,16.0,Structural wear or adverse weather (bridge_damage),23.7566,91.4555,HIGHWAY_PATROL
D002380,NH-54,2025-11-26 12:00:00,Mizoram,Kolasib,BRIDGE_DAMAGE,HIGH,BLOCKED,1,14.5,Structural wear or adverse weather (bridge_damage),24.2361,92.7822,HIGHWAY_PATROL
D002381,NH-37,2025-11-26 13:48:00,Assam,Dibrugarh,ACCIDENT,HIGH,PARTIAL,0,5.1,Structural wear or adverse weather (accident),27.5187,94.8847,PWD_NER
D002382,NH-08,2025-11-26 15:36:00,Tripura,West Tripura,HEAVY_RAIN,CRITICAL,BLOCKED,1,28.1,Structural wear or adverse weather (heavy_rain),23.9639,91.1963,BRO_BORDER_ROADS
D002383,NH-06,2025-11-26 17:24:00,Meghalaya,West Jaintia Hills,ROAD_DAMAGE,CRITICAL,BLOCKED,1,6.0,Structural wear or adverse weather (road_damage),25.4455,92.289,HIGHWAY_PATROL
D002384,NH-13,2025-11-26 19:12:00,Arunachal Pradesh,Lower Subansiri,BRIDGE_DAMAGE,MEDIUM,PARTIAL,0,7.2,Structural wear or adverse weather (bridge_damage),27.5662,93.7971,BRO_BORDER_ROADS
D002385,NH-02,2025-11-26 21:00:00,Nagaland,Mokokchung,ACCIDENT,HIGH,PARTIAL,0,6.2,Structural wear or adverse weather (accident),26.3877,94.6068,PWD_NER
D002386,NH-15,2025-11-26 22:48:00,Assam,Sonitpur,HEAVY_RAIN,HIGH,PARTIAL,0,1.9,Structural wear or adverse weather (heavy_rain),26.6594,92.703,PWD_NER
D002387,NH-27,2025-11-27 00:36:00,Assam,Nagaon,BRIDGE_DAMAGE,MEDIUM,PARTIAL,0,5.8,Structural wear or adverse weather (bridge_damage),26.2917,92.5972,HIGHWAY_PATROL
D002388,NH-06,2025-11-27 02:24:00,Meghalaya,West Jaintia Hills,BRIDGE_DAMAGE,MEDIUM,PARTIAL,0,3.4,Structural wear or adverse weather (bridge_damage),25.5738,92.2772,PWD_NER
D002389,NH-13,2025-11-27 04:12:00,Arunachal Pradesh,West Kameng,ACCIDENT,MEDIUM,PARTIAL,0,2.9,Structural wear or adverse weather (accident),27.2302,92.4464,HIGHWAY_PATROL
D002390,NH-27,2025-11-27 06:00:00,Assam,Kamrup Rural,BRIDGE_DAMAGE,CRITICAL,BLOCKED,1,11.1,Structural wear or adverse weather (bridge_damage),26.0831,91.5764,HIGHWAY_PATROL
D002391,NH-515,2025-11-27 07:48:00,Arunachal Pradesh,East Siang,BRIDGE_DAMAGE,HIGH,BLOCKED,1,28.8,Structural wear or adverse weather (bridge_damage),28.2127,95.339,PWD_NER
D002392,NH-02,2025-11-27 09:36:00,Manipur,Imphal West,ROAD_DAMAGE,HIGH,BLOCKED,1,10.9,Structural wear or adverse weather (road_damage),24.803,93.9116,PWD_NER
D002393,NH-37,2025-11-27 11:24:00,Assam,Cachar,ROAD_DAMAGE,CRITICAL,BLOCKED,1,8.4,Structural wear or adverse weather (road_damage),24.8323,92.6684,HIGHWAY_PATROL
D002394,NH-310,2025-11-27 13:12:00,Sikkim,North Sikkim,BRIDGE_DAMAGE,HIGH,BLOCKED,1,17.5,Structural wear or adverse weather (bridge_damage),27.5122,88.5152,HIGHWAY_PATROL
D002395,NH-06,2025-11-27 15:00:00,Meghalaya,West Jaintia Hills,HEAVY_RAIN,HIGH,PARTIAL,0,7.0,Structural wear or adverse weather (heavy_rain),25.3203,92.2868,HIGHWAY_PATROL
D002396,NH-29,2025-11-27 16:48:00,Nagaland,Kohima,BRIDGE_DAMAGE,MEDIUM,PARTIAL,0,2.7,Structural wear or adverse weather (bridge_damage),25.5603,94.0894,PWD_NER
D002397,NH-02,2025-11-27 18:36:00,Manipur,Bishnupur,BRIDGE_DAMAGE,CRITICAL,BLOCKED,1,24.9,Structural wear or adverse weather (bridge_damage),24.6029,93.6338,PWD_NER
D002398,NH-10,2025-11-27 20:24:00,Sikkim,East Sikkim,BRIDGE_DAMAGE,HIGH,BLOCKED,1,13.8,Structural wear or adverse weather (bridge_damage),27.4055,88.5664,PWD_NER
D002399,NH-37,2025-11-27 22:12:00,Assam,Cachar,HEAVY_RAIN,CRITICAL,BLOCKED,1,19.0,Structural wear or adverse weather (heavy_rain),24.9444,92.793,BRO_BORDER_ROADS
D002400,NH-415,2025-11-28 00:00:00,Arunachal Pradesh,Papum Pare,ROAD_DAMAGE,HIGH,BLOCKED,1,24.6,Structural wear or adverse weather (road_damage),27.1597,93.4988,PWD_NER
D002401,NH-02,2025-11-28 01:48:00,Nagaland,Mokokchung,HEAVY_RAIN,HIGH,PARTIAL,0,4.9,Structural wear or adverse weather (heavy_rain),26.4106,94.6642,PWD_NER
D002402,NH-10,2025-11-28 03:36:00,Sikkim,East Sikkim,ACCIDENT,MEDIUM,PARTIAL,0,1.9,Structural wear or adverse weather (accident),27.2954,88.5912,PWD_NER
D002403,NH-27,2025-11-28 05:24:00,Assam,Nagaon,ACCIDENT,HIGH,PARTIAL,0,6.0,Structural wear or adverse weather (accident),26.244,92.6406,BRO_BORDER_ROADS
D002404,NH-08,2025-11-28 07:12:00,Tripura,Dhalai,ACCIDENT,LOW,OPEN,0,6.9,Structural wear or adverse weather (accident),23.7168,91.9313,BRO_BORDER_ROADS
D002405,NH-27,2025-11-28 09:00:00,Assam,Kamrup Metropolitan,ACCIDENT,MEDIUM,PARTIAL,0,4.7,Structural wear or adverse weather (accident),26.2944,91.7879,HIGHWAY_PATROL
D002406,NH-54,2025-11-28 10:48:00,Mizoram,Kolasib,BRIDGE_DAMAGE,CRITICAL,BLOCKED,1,11.1,Structural wear or adverse weather (bridge_damage),24.0802,92.7899,PWD_NER
D002407,NH-27,2025-11-28 12:36:00,Assam,Kamrup Rural,HEAVY_RAIN,HIGH,PARTIAL,0,6.7,Structural wear or adverse weather (heavy_rain),26.2048,91.6498,HIGHWAY_PATROL
D002408,NH-54,2025-11-28 14:24:00,Mizoram,Aizawl,HEAVY_RAIN,MEDIUM,PARTIAL,0,2.3,Structural wear or adverse weather (heavy_rain),23.7911,92.7649,BRO_BORDER_ROADS
D002409,NH-127B,2025-11-28 16:12:00,Meghalaya,West Khasi Hills,ACCIDENT,LOW,OPEN,0,2.3,Structural wear or adverse weather (accident),25.4752,91.143,PWD_NER
D002410,NH-127B,2025-11-28 18:00:00,Meghalaya,West Khasi Hills,BRIDGE_DAMAGE,CRITICAL,BLOCKED,1,26.7,Structural wear or adverse weather (bridge_damage),25.6274,91.2124,HIGHWAY_PATROL
D002411,NH-02,2025-11-28 19:48:00,Nagaland,Mokokchung,BRIDGE_DAMAGE,HIGH,BLOCKED,1,8.7,Structural wear or adverse weather (bridge_damage),26.3843,94.6442,BRO_BORDER_ROADS
D002412,NH-02,2025-11-28 21:36:00,Manipur,Imphal West,ACCIDENT,MEDIUM,PARTIAL,0,5.3,Structural wear or adverse weather (accident),24.8863,94.0004,PWD_NER
D002413,NH-02,2025-11-28 23:24:00,Manipur,Bishnupur,HEAVY_RAIN,CRITICAL,BLOCKED,1,12.9,Structural wear or adverse weather (heavy_rain),24.5437,93.8294,PWD_NER
D002414,NH-29,2025-11-29 01:12:00,Nagaland,Kohima,ACCIDENT,MEDIUM,PARTIAL,0,4.3,Structural wear or adverse weather (accident),25.6235,93.9933,BRO_BORDER_ROADS
D002415,NH-29,2025-11-29 03:00:00,Nagaland,Kohima,BRIDGE_DAMAGE,CRITICAL,BLOCKED,1,14.5,Structural wear or adverse weather (bridge_damage),25.7798,94.1768,HIGHWAY_PATROL
D002416,NH-415,2025-11-29 04:48:00,Arunachal Pradesh,Papum Pare,BRIDGE_DAMAGE,CRITICAL,BLOCKED,1,4.3,Structural wear or adverse weather (bridge_damage),27.1892,93.6097,BRO_BORDER_ROADS
D002417,NH-27,2025-11-29 06:36:00,Assam,Kamrup Rural,ROAD_DAMAGE,HIGH,BLOCKED,1,9.6,Structural wear or adverse weather (road_damage),26.1508,91.4157,PWD_NER
D002418,NH-08,2025-11-29 08:24:00,Tripura,Sipahijala,HEAVY_RAIN,MEDIUM,PARTIAL,0,3.9,Structural wear or adverse weather (heavy_rain),23.494,91.1966,BRO_BORDER_ROADS
D002419,NH-06,2025-11-29 10:12:00,Meghalaya,West Jaintia Hills,ROAD_DAMAGE,CRITICAL,BLOCKED,1,23.4,Structural wear or adverse weather (road_damage),25.3355,92.2921,PWD_NER
D002420,NH-29,2025-11-29 12:00:00,Nagaland,Dimapur,BRIDGE_DAMAGE,HIGH,BLOCKED,1,24.2,Structural wear or adverse weather (bridge_damage),25.7988,93.8016,PWD_NER
D002421,NH-02,2025-11-29 13:48:00,Manipur,Imphal West,HEAVY_RAIN,HIGH,PARTIAL,0,3.1,Structural wear or adverse weather (heavy_rain),24.9078,94.0035,PWD_NER
D002422,NH-02,2025-11-29 15:36:00,Manipur,Imphal West,HEAVY_RAIN,MEDIUM,PARTIAL,0,3.2,Structural wear or adverse weather (heavy_rain),24.7795,93.8484,HIGHWAY_PATROL
D002423,NH-13,2025-11-29 17:24:00,Arunachal Pradesh,Tawang,ACCIDENT,MEDIUM,PARTIAL,0,1.7,Structural wear or adverse weather (accident),27.5817,91.8573,HIGHWAY_PATROL
D002424,NH-415,2025-11-29 19:12:00,Arunachal Pradesh,Papum Pare,ROAD_DAMAGE,CRITICAL,BLOCKED,1,14.1,Structural wear or adverse weather (road_damage),27.0767,93.4969,BRO_BORDER_ROADS
D002425,NH-310,2025-11-29 21:00:00,Sikkim,North Sikkim,ACCIDENT,HIGH,PARTIAL,0,4.6,Structural wear or adverse weather (accident),27.3615,88.579,HIGHWAY_PATROL
D002426,NH-02,2025-11-29 22:48:00,Manipur,Imphal West,ROAD_DAMAGE,CRITICAL,BLOCKED,1,11.6,Structural wear or adverse weather (road_damage),24.9178,94.0082,PWD_NER
D002427,NH-02,2025-11-30 00:36:00,Manipur,Bishnupur,BRIDGE_DAMAGE,HIGH,BLOCKED,1,24.0,Structural wear or adverse weather (bridge_damage),24.6138,93.8235,PWD_NER
D002428,NH-29,2025-11-30 02:24:00,Nagaland,Dimapur,BRIDGE_DAMAGE,CRITICAL,BLOCKED,1,10.6,Structural wear or adverse weather (bridge_damage),25.9359,93.628,BRO_BORDER_ROADS
D002429,NH-06,2025-11-30 04:12:00,Meghalaya,Ri-Bhoi,ROAD_DAMAGE,CRITICAL,BLOCKED,1,17.7,Structural wear or adverse weather (road_damage),25.8439,91.8588,BRO_BORDER_ROADS
D002430,NH-10,2025-11-30 06:00:00,Sikkim,East Sikkim,HEAVY_RAIN,MEDIUM,PARTIAL,0,4.0,Structural wear or adverse weather (heavy_rain),27.3954,88.4722,PWD_NER
D002431,NH-206,2025-11-30 07:48:00,Meghalaya,East Khasi Hills,ROAD_DAMAGE,HIGH,BLOCKED,1,19.1,Structural wear or adverse weather (road_damage),25.5945,91.7589,BRO_BORDER_ROADS
D002432,NH-206,2025-11-30 09:36:00,Meghalaya,East Khasi Hills,HEAVY_RAIN,MEDIUM,PARTIAL,0,5.5,Structural wear or adverse weather (heavy_rain),25.7278,91.9084,BRO_BORDER_ROADS
D002433,NH-15,2025-11-30 11:24:00,Assam,Darrang,ACCIDENT,HIGH,PARTIAL,0,5.7,Structural wear or adverse weather (accident),26.3317,91.93,BRO_BORDER_ROADS
D002434,NH-06,2025-11-30 13:12:00,Meghalaya,West Jaintia Hills,BRIDGE_DAMAGE,MEDIUM,PARTIAL,0,4.1,Structural wear or adverse weather (bridge_damage),25.4956,92.2592,BRO_BORDER_ROADS
D002435,NH-29,2025-11-30 15:00:00,Nagaland,Dimapur,ROAD_DAMAGE,CRITICAL,BLOCKED,1,22.9,Structural wear or adverse weather (road_damage),26.0443,93.7711,BRO_BORDER_ROADS
D002436,NH-13,2025-11-30 16:48:00,Arunachal Pradesh,Lower Subansiri,HEAVY_RAIN,MEDIUM,PARTIAL,0,7.0,Structural wear or adverse weather (heavy_rain),27.6083,93.8864,PWD_NER
D002437,NH-13,2025-11-30 18:36:00,Arunachal Pradesh,Lower Subansiri,HEAVY_RAIN,CRITICAL,BLOCKED,1,20.6,Structural wear or adverse weather (heavy_rain),27.6259,93.8526,BRO_BORDER_ROADS
D002438,NH-02,2025-11-30 20:24:00,Manipur,Imphal West,BRIDGE_DAMAGE,HIGH,BLOCKED,1,13.4,Structural wear or adverse weather (bridge_damage),24.884,93.9056,HIGHWAY_PATROL
D002439,NH-02,2025-11-30 22:12:00,Manipur,Bishnupur,HEAVY_RAIN,HIGH,PARTIAL,0,7.5,Structural wear or adverse weather (heavy_rain),24.5246,93.6161,HIGHWAY_PATROL
D002440,NH-15,2025-12-01 00:00:00,Assam,Sonitpur,BRIDGE_DAMAGE,HIGH,BLOCKED,1,20.5,Structural wear or adverse weather (bridge_damage),26.6085,92.7754,HIGHWAY_PATROL
D002441,NH-13,2025-12-01 01:48:00,Arunachal Pradesh,Tawang,ROAD_DAMAGE,HIGH,BLOCKED,1,23.9,Structural wear or adverse weather (road_damage),27.5643,91.9274,HIGHWAY_PATROL
D002442,NH-02,2025-12-01 03:36:00,Nagaland,Mokokchung,HEAVY_RAIN,HIGH,PARTIAL,0,2.0,Structural wear or adverse weather (heavy_rain),26.3273,94.6162,HIGHWAY_PATROL
D002443,NH-310,2025-12-01 05:24:00,Sikkim,North Sikkim,HEAVY_RAIN,HIGH,PARTIAL,0,5.4,Structural wear or adverse weather (heavy_rain),27.3843,88.4116,HIGHWAY_PATROL
D002444,NH-02,2025-12-01 07:12:00,Manipur,Imphal West,BRIDGE_DAMAGE,MEDIUM,PARTIAL,0,2.0,Structural wear or adverse weather (bridge_damage),24.7824,94.0521,HIGHWAY_PATROL
D002445,NH-02,2025-12-01 09:00:00,Manipur,Senapati,ACCIDENT,MEDIUM,PARTIAL,0,3.4,Structural wear or adverse weather (accident),25.3649,94.0031,BRO_BORDER_ROADS
D002446,NH-13,2025-12-01 10:48:00,Arunachal Pradesh,Tawang,HEAVY_RAIN,MEDIUM,PARTIAL,0,3.9,Structural wear or adverse weather (heavy_rain),27.5643,91.9274,HIGHWAY_PATROL
D002447,NH-27,2025-12-01 12:36:00,Assam,Kamrup Metropolitan,ACCIDENT,HIGH,PARTIAL,0,5.8,Structural wear or adverse weather (accident),26.0877,91.7318,HIGHWAY_PATROL
D002448,NH-27,2025-12-01 14:24:00,Assam,Kamrup Rural,ACCIDENT,HIGH,PARTIAL,0,6.2,Structural wear or adverse weather (accident),26.275,91.5763,BRO_BORDER_ROADS
D002449,NH-06,2025-12-01 16:12:00,Meghalaya,Ri-Bhoi,BRIDGE_DAMAGE,MEDIUM,PARTIAL,0,6.6,Structural wear or adverse weather (bridge_damage),25.8683,91.8254,HIGHWAY_PATROL
D002450,NH-15,2025-12-01 18:00:00,Assam,Darrang,ACCIDENT,LOW,OPEN,0,7.3,Structural wear or adverse weather (accident),26.5236,92.0146,PWD_NER
D002451,NH-06,2025-12-01 19:48:00,Meghalaya,West Jaintia Hills,HEAVY_RAIN,HIGH,PARTIAL,0,2.4,Structural wear or adverse weather (heavy_rain),25.522,92.1174,BRO_BORDER_ROADS
D002452,NH-02,2025-12-01 21:36:00,Manipur,Bishnupur,ROAD_DAMAGE,CRITICAL,BLOCKED,1,13.6,Structural wear or adverse weather (road_damage),24.5246,93.9045,BRO_BORDER_ROADS
D002453,NH-27,2025-12-01 23:24:00,Assam,Nagaon,HEAVY_RAIN,HIGH,PARTIAL,0,6.8,Structural wear or adverse weather (heavy_rain),26.2629,92.6694,HIGHWAY_PATROL
D002454,NH-510,2025-12-02 01:12:00,Sikkim,South Sikkim,ROAD_DAMAGE,CRITICAL,BLOCKED,1,5.6,Structural wear or adverse weather (road_damage),27.1594,88.2957,BRO_BORDER_ROADS
D002455,NH-29,2025-12-02 03:00:00,Nagaland,Kohima,HEAVY_RAIN,CRITICAL,BLOCKED,1,8.2,Structural wear or adverse weather (heavy_rain),25.6588,94.0759,PWD_NER
D002456,NH-02,2025-12-02 04:48:00,Manipur,Bishnupur,ACCIDENT,MEDIUM,PARTIAL,0,3.9,Structural wear or adverse weather (accident),24.7096,93.9006,PWD_NER
D002457,NH-54,2025-12-02 06:36:00,Mizoram,Aizawl,ACCIDENT,HIGH,PARTIAL,0,7.1,Structural wear or adverse weather (accident),23.6605,92.7607,PWD_NER
D002458,NH-54,2025-12-02 08:24:00,Mizoram,Aizawl,HEAVY_RAIN,CRITICAL,BLOCKED,1,12.7,Structural wear or adverse weather (heavy_rain),23.6086,92.8304,PWD_NER
D002459,NH-15,2025-12-02 10:12:00,Assam,Darrang,BRIDGE_DAMAGE,HIGH,BLOCKED,1,13.4,Structural wear or adverse weather (bridge_damage),26.3054,91.9439,HIGHWAY_PATROL
D002460,NH-27,2025-12-02 12:00:00,Assam,Kamrup Metropolitan,BRIDGE_DAMAGE,CRITICAL,BLOCKED,1,18.6,Structural wear or adverse weather (bridge_damage),26.0132,91.7343,HIGHWAY_PATROL
D002461,NH-02,2025-12-02 13:48:00,Manipur,Imphal West,BRIDGE_DAMAGE,CRITICAL,BLOCKED,1,6.5,Structural wear or adverse weather (bridge_damage),24.699,94.0629,HIGHWAY_PATROL
D002462,NH-54,2025-12-02 15:36:00,Mizoram,Lunglei,BRIDGE_DAMAGE,HIGH,BLOCKED,1,27.8,Structural wear or adverse weather (bridge_damage),22.7952,92.6132,HIGHWAY_PATROL
D002463,NH-54,2025-12-02 17:24:00,Mizoram,Lunglei,BRIDGE_DAMAGE,CRITICAL,BLOCKED,1,26.4,Structural wear or adverse weather (bridge_damage),22.8355,92.6331,HIGHWAY_PATROL
D002464,NH-08,2025-12-02 19:12:00,Tripura,Dhalai,ROAD_DAMAGE,HIGH,BLOCKED,1,16.0,Structural wear or adverse weather (road_damage),23.9518,91.8684,BRO_BORDER_ROADS
D002465,NH-127B,2025-12-02 21:00:00,Meghalaya,West Khasi Hills,ACCIDENT,MEDIUM,PARTIAL,0,5.2,Structural wear or adverse weather (accident),25.504,91.2436,HIGHWAY_PATROL
D002466,NH-510,2025-12-02 22:48:00,Sikkim,South Sikkim,ROAD_DAMAGE,CRITICAL,BLOCKED,1,4.6,Structural wear or adverse weather (road_damage),27.0812,88.382,PWD_NER
D002467,NH-08,2025-12-03 00:36:00,Tripura,Sipahijala,ROAD_DAMAGE,MEDIUM,PARTIAL,0,1.7,Structural wear or adverse weather (road_damage),23.6472,91.1688,PWD_NER
D002468,NH-27,2025-12-03 02:24:00,Assam,Kamrup Metropolitan,HEAVY_RAIN,HIGH,PARTIAL,0,4.0,Structural wear or adverse weather (heavy_rain),26.1709,91.8137,PWD_NER
D002469,NH-29,2025-12-03 04:12:00,Nagaland,Kohima,ROAD_DAMAGE,CRITICAL,BLOCKED,1,24.1,Structural wear or adverse weather (road_damage),25.5603,94.0894,BRO_BORDER_ROADS
D002470,NH-08,2025-12-03 06:00:00,Tripura,West Tripura,ACCIDENT,HIGH,PARTIAL,0,5.2,Structural wear or adverse weather (accident),23.9451,91.4039,HIGHWAY_PATROL
D002471,NH-02,2025-12-03 07:48:00,Nagaland,Mokokchung,ROAD_DAMAGE,HIGH,BLOCKED,1,31.2,Structural wear or adverse weather (road_damage),26.1767,94.4631,PWD_NER
D002472,NH-37,2025-12-03 09:36:00,Assam,Dibrugarh,HEAVY_RAIN,HIGH,PARTIAL,0,3.6,Structural wear or adverse weather (heavy_rain),27.6165,94.8881,PWD_NER
D002473,NH-06,2025-12-03 11:24:00,Meghalaya,Ri-Bhoi,ACCIDENT,LOW,OPEN,0,3.6,Structural wear or adverse weather (accident),26.0282,91.9188,PWD_NER
D002474,NH-27,2025-12-03 13:12:00,Assam,Nagaon,BRIDGE_DAMAGE,CRITICAL,BLOCKED,1,7.3,Structural wear or adverse weather (bridge_damage),26.3604,92.5523,PWD_NER
D002475,NH-02,2025-12-03 15:00:00,Nagaland,Mokokchung,BRIDGE_DAMAGE,HIGH,BLOCKED,1,13.2,Structural wear or adverse weather (bridge_damage),26.2348,94.5517,HIGHWAY_PATROL
D002476,NH-29,2025-12-03 16:48:00,Nagaland,Dimapur,HEAVY_RAIN,MEDIUM,PARTIAL,0,7.3,Structural wear or adverse weather (heavy_rain),26.0543,93.6296,BRO_BORDER_ROADS
D002477,NH-27,2025-12-03 18:36:00,Assam,Kamrup Rural,HEAVY_RAIN,MEDIUM,PARTIAL,0,3.8,Structural wear or adverse weather (heavy_rain),26.106,91.4339,BRO_BORDER_ROADS
D002478,NH-13,2025-12-03 20:24:00,Arunachal Pradesh,Tawang,BRIDGE_DAMAGE,MEDIUM,PARTIAL,0,4.7,Structural wear or adverse weather (bridge_damage),27.6003,91.7486,PWD_NER
D002479,NH-206,2025-12-03 22:12:00,Meghalaya,East Khasi Hills,HEAVY_RAIN,CRITICAL,BLOCKED,1,5.2,Structural wear or adverse weather (heavy_rain),25.5432,91.851,BRO_BORDER_ROADS
D002480,NH-08,2025-12-04 00:00:00,Tripura,West Tripura,ACCIDENT,MEDIUM,PARTIAL,0,3.9,Structural wear or adverse weather (accident),23.8606,91.1392,HIGHWAY_PATROL
D002481,NH-27,2025-12-04 01:48:00,Assam,Kamrup Rural,ACCIDENT,HIGH,PARTIAL,0,7.0,Structural wear or adverse weather (accident),26.0611,91.4948,BRO_BORDER_ROADS
D002482,NH-08,2025-12-04 03:36:00,Tripura,West Tripura,ROAD_DAMAGE,HIGH,BLOCKED,1,24.8,Structural wear or adverse weather (road_damage),23.7929,91.3182,PWD_NER
D002483,NH-27,2025-12-04 05:24:00,Assam,Kamrup Rural,BRIDGE_DAMAGE,MEDIUM,PARTIAL,0,7.1,Structural wear or adverse weather (bridge_damage),26.3348,91.6955,PWD_NER
D002484,NH-206,2025-12-04 07:12:00,Meghalaya,East Khasi Hills,ROAD_DAMAGE,HIGH,BLOCKED,1,27.9,Structural wear or adverse weather (road_damage),25.6916,91.9872,PWD_NER
D002485,NH-13,2025-12-04 09:00:00,Arunachal Pradesh,West Kameng,HEAVY_RAIN,HIGH,PARTIAL,0,2.5,Structural wear or adverse weather (heavy_rain),27.2271,92.4262,BRO_BORDER_ROADS
D002486,NH-54,2025-12-04 10:48:00,Mizoram,Lunglei,ROAD_DAMAGE,CRITICAL,BLOCKED,1,4.8,Structural wear or adverse weather (road_damage),23.0181,92.6134,HIGHWAY_PATROL
D002487,NH-15,2025-12-04 12:36:00,Assam,Darrang,HEAVY_RAIN,HIGH,PARTIAL,0,2.1,Structural wear or adverse weather (heavy_rain),26.4778,92.0363,PWD_NER
D002488,NH-27,2025-12-04 14:24:00,Assam,Kamrup Metropolitan,ACCIDENT,HIGH,PARTIAL,0,5.9,Structural wear or adverse weather (accident),26.0814,91.743,BRO_BORDER_ROADS
D002489,NH-02,2025-12-04 16:12:00,Manipur,Senapati,BRIDGE_DAMAGE,MEDIUM,PARTIAL,0,5.2,Structural wear or adverse weather (bridge_damage),25.202,93.9822,BRO_BORDER_ROADS
D002490,NH-06,2025-12-04 18:00:00,Meghalaya,Ri-Bhoi,BRIDGE_DAMAGE,HIGH,BLOCKED,1,18.8,Structural wear or adverse weather (bridge_damage),25.9691,91.7685,PWD_NER
D002491,NH-13,2025-12-04 19:48:00,Arunachal Pradesh,West Kameng,ACCIDENT,HIGH,PARTIAL,0,5.2,Structural wear or adverse weather (accident),27.1671,92.3579,BRO_BORDER_ROADS
D002492,NH-06,2025-12-04 21:36:00,Meghalaya,Ri-Bhoi,ACCIDENT,MEDIUM,PARTIAL,0,7.0,Structural wear or adverse weather (accident),26.0133,91.8894,HIGHWAY_PATROL
D002493,NH-27,2025-12-04 23:24:00,Assam,Kamrup Rural,ROAD_DAMAGE,MEDIUM,PARTIAL,0,1.9,Structural wear or adverse weather (road_damage),26.3149,91.7037,HIGHWAY_PATROL
D002494,NH-54,2025-12-05 01:12:00,Mizoram,Lunglei,ROAD_DAMAGE,HIGH,BLOCKED,1,29.9,Structural wear or adverse weather (road_damage),22.9414,92.8637,HIGHWAY_PATROL
D002495,NH-08,2025-12-05 03:00:00,Tripura,West Tripura,ACCIDENT,LOW,OPEN,0,3.4,Structural wear or adverse weather (accident),23.7623,91.31,BRO_BORDER_ROADS
D002496,NH-27,2025-12-05 04:48:00,Assam,Kamrup Rural,ACCIDENT,LOW,OPEN,0,7.2,Structural wear or adverse weather (accident),26.2542,91.496,PWD_NER
D002497,NH-29,2025-12-05 06:36:00,Nagaland,Kohima,HEAVY_RAIN,HIGH,PARTIAL,0,3.1,Structural wear or adverse weather (heavy_rain),25.6938,94.1052,HIGHWAY_PATROL
D002498,NH-06,2025-12-05 08:24:00,Meghalaya,Ri-Bhoi,ROAD_DAMAGE,HIGH,BLOCKED,1,26.2,Structural wear or adverse weather (road_damage),26.0272,92.0119,HIGHWAY_PATROL
D002499,NH-37,2025-12-05 10:12:00,Assam,Dibrugarh,ACCIDENT,MEDIUM,PARTIAL,0,5.6,Structural wear or adverse weather (accident),27.373,94.9353,HIGHWAY_PATROL
D002500,NH-08,2025-12-05 12:00:00,Tripura,Dhalai,ROAD_DAMAGE,HIGH,BLOCKED,1,12.8,Structural wear or adverse weather (road_damage),23.8122,91.824,PWD_NER
D002501,NH-510,2025-12-05 13:48:00,Sikkim,South Sikkim,BRIDGE_DAMAGE,MEDIUM,PARTIAL,0,5.3,Structural wear or adverse weather (bridge_damage),27.0988,88.3754,PWD_NER
D002502,NH-29,2025-12-05 15:36:00,Nagaland,Kohima,HEAVY_RAIN,MEDIUM,PARTIAL,0,5.3,Structural wear or adverse weather (heavy_rain),25.6054,94.1031,PWD_NER
D002503,NH-29,2025-12-05 17:24:00,Nagaland,Kohima,HEAVY_RAIN,MEDIUM,PARTIAL,0,6.6,Structural wear or adverse weather (heavy_rain),25.7429,94.1411,PWD_NER
D002504,NH-54,2025-12-05 19:12:00,Mizoram,Aizawl,BRIDGE_DAMAGE,MEDIUM,PARTIAL,0,6.3,Structural wear or adverse weather (bridge_damage),23.7098,92.6584,PWD_NER
D002505,NH-06,2025-12-05 21:00:00,Meghalaya,Ri-Bhoi,ACCIDENT,MEDIUM,PARTIAL,0,4.7,Structural wear or adverse weather (accident),26.0353,91.937,HIGHWAY_PATROL
D002506,NH-37,2025-12-05 22:48:00,Assam,Dibrugarh,ACCIDENT,LOW,OPEN,0,2.0,Structural wear or adverse weather (accident),27.6058,94.8161,PWD_NER
D002507,NH-10,2025-12-06 00:36:00,Sikkim,East Sikkim,ACCIDENT,HIGH,PARTIAL,0,4.1,Structural wear or adverse weather (accident),27.3735,88.5472,BRO_BORDER_ROADS
D002508,NH-27,2025-12-06 02:24:00,Assam,Kamrup Metropolitan,ACCIDENT,HIGH,PARTIAL,0,7.1,Structural wear or adverse weather (accident),26.0051,91.7986,HIGHWAY_PATROL
D002509,NH-15,2025-12-06 04:12:00,Assam,Sonitpur,HEAVY_RAIN,MEDIUM,PARTIAL,0,2.6,Structural wear or adverse weather (heavy_rain),26.6209,92.8521,HIGHWAY_PATROL
D002510,NH-15,2025-12-06 06:00:00,Assam,Sonitpur,ACCIDENT,MEDIUM,PARTIAL,0,3.2,Structural wear or adverse weather (accident),26.5459,92.7074,PWD_NER
D002511,NH-02,2025-12-06 07:48:00,Manipur,Senapati,ROAD_DAMAGE,MEDIUM,PARTIAL,0,3.6,Structural wear or adverse weather (road_damage),25.3145,93.8982,BRO_BORDER_ROADS
D002512,NH-02,2025-12-06 09:36:00,Manipur,Senapati,BRIDGE_DAMAGE,CRITICAL,BLOCKED,1,24.5,Structural wear or adverse weather (bridge_damage),25.1903,94.0576,HIGHWAY_PATROL
D002513,NH-510,2025-12-06 11:24:00,Sikkim,South Sikkim,HEAVY_RAIN,CRITICAL,BLOCKED,1,27.4,Structural wear or adverse weather (heavy_rain),27.1252,88.4414,BRO_BORDER_ROADS
D002514,NH-27,2025-12-06 13:12:00,Assam,Kamrup Rural,HEAVY_RAIN,HIGH,PARTIAL,0,5.6,Structural wear or adverse weather (heavy_rain),26.1185,91.5576,HIGHWAY_PATROL
D002515,NH-415,2025-12-06 15:00:00,Arunachal Pradesh,Papum Pare,BRIDGE_DAMAGE,CRITICAL,BLOCKED,1,10.7,Structural wear or adverse weather (bridge_damage),27.1594,93.573,HIGHWAY_PATROL
D002516,NH-54,2025-12-06 16:48:00,Mizoram,Aizawl,ACCIDENT,LOW,OPEN,0,4.3,Structural wear or adverse weather (accident),23.7695,92.6122,BRO_BORDER_ROADS
D002517,NH-37,2025-12-06 18:36:00,Assam,Cachar,ROAD_DAMAGE,HIGH,BLOCKED,1,17.0,Structural wear or adverse weather (road_damage),24.7101,92.8707,PWD_NER
D002518,NH-15,2025-12-06 20:24:00,Assam,Sonitpur,ACCIDENT,HIGH,PARTIAL,0,2.7,Structural wear or adverse weather (accident),26.6063,92.7389,PWD_NER
D002519,NH-13,2025-12-06 22:12:00,Arunachal Pradesh,Tawang,HEAVY_RAIN,MEDIUM,PARTIAL,0,4.3,Structural wear or adverse weather (heavy_rain),27.6817,91.9049,PWD_NER
D002520,NH-06,2025-12-07 00:00:00,Meghalaya,Ri-Bhoi,ACCIDENT,MEDIUM,PARTIAL,0,2.8,Structural wear or adverse weather (accident),25.8825,92.004,PWD_NER
D002521,NH-02,2025-12-07 01:48:00,Manipur,Senapati,ACCIDENT,LOW,OPEN,0,4.9,Structural wear or adverse weather (accident),25.3145,93.8982,PWD_NER
D002522,NH-13,2025-12-07 03:36:00,Arunachal Pradesh,Lower Subansiri,BRIDGE_DAMAGE,MEDIUM,PARTIAL,0,3.5,Structural wear or adverse weather (bridge_damage),27.6392,93.9605,BRO_BORDER_ROADS
D002523,NH-06,2025-12-07 05:24:00,Meghalaya,West Jaintia Hills,ACCIDENT,HIGH,PARTIAL,0,2.8,Structural wear or adverse weather (accident),25.5674,92.1089,PWD_NER
D002524,NH-415,2025-12-07 07:12:00,Arunachal Pradesh,Papum Pare,BRIDGE_DAMAGE,MEDIUM,PARTIAL,0,1.9,Structural wear or adverse weather (bridge_damage),26.9553,93.7454,BRO_BORDER_ROADS
D002525,NH-08,2025-12-07 09:00:00,Tripura,West Tripura,HEAVY_RAIN,HIGH,PARTIAL,0,3.7,Structural wear or adverse weather (heavy_rain),23.9451,91.4039,PWD_NER
D002526,NH-54,2025-12-07 10:48:00,Mizoram,Lunglei,ROAD_DAMAGE,CRITICAL,BLOCKED,1,31.4,Structural wear or adverse weather (road_damage),22.7952,92.6132,HIGHWAY_PATROL
D002527,NH-08,2025-12-07 12:36:00,Tripura,Dhalai,ROAD_DAMAGE,CRITICAL,BLOCKED,1,12.8,Structural wear or adverse weather (road_damage),23.7432,91.9306,PWD_NER
D002528,NH-13,2025-12-07 14:24:00,Arunachal Pradesh,Lower Subansiri,BRIDGE_DAMAGE,CRITICAL,BLOCKED,1,17.9,Structural wear or adverse weather (bridge_damage),27.5259,93.7823,PWD_NER
D002529,NH-08,2025-12-07 16:12:00,Tripura,Dhalai,ROAD_DAMAGE,HIGH,BLOCKED,1,25.2,Structural wear or adverse weather (road_damage),23.7509,91.7807,PWD_NER
D002530,NH-02,2025-12-07 18:00:00,Manipur,Senapati,ROAD_DAMAGE,HIGH,BLOCKED,1,25.4,Structural wear or adverse weather (road_damage),25.2794,94.0436,HIGHWAY_PATROL
D002531,NH-15,2025-12-07 19:48:00,Assam,Sonitpur,ROAD_DAMAGE,CRITICAL,BLOCKED,1,20.4,Structural wear or adverse weather (road_damage),26.7678,92.7238,PWD_NER
D002532,NH-510,2025-12-07 21:36:00,Sikkim,South Sikkim,ROAD_DAMAGE,CRITICAL,BLOCKED,1,20.2,Structural wear or adverse weather (road_damage),27.2285,88.4005,BRO_BORDER_ROADS
D002533,NH-510,2025-12-07 23:24:00,Sikkim,South Sikkim,ROAD_DAMAGE,CRITICAL,BLOCKED,1,18.8,Structural wear or adverse weather (road_damage),27.2019,88.3534,BRO_BORDER_ROADS
D002534,NH-206,2025-12-08 01:12:00,Meghalaya,East Khasi Hills,ACCIDENT,HIGH,PARTIAL,0,4.7,Structural wear or adverse weather (accident),25.5411,91.899,BRO_BORDER_ROADS
D002535,NH-15,2025-12-08 03:00:00,Assam,Darrang,ACCIDENT,LOW,OPEN,0,2.5,Structural wear or adverse weather (accident),26.456,91.8988,PWD_NER
D002536,NH-27,2025-12-08 04:48:00,Assam,Nagaon,HEAVY_RAIN,HIGH,PARTIAL,0,4.6,Structural wear or adverse weather (heavy_rain),26.3034,92.777,BRO_BORDER_ROADS
D002537,NH-37,2025-12-08 06:36:00,Assam,Cachar,ACCIDENT,HIGH,PARTIAL,0,4.1,Structural wear or adverse weather (accident),24.7,92.7079,BRO_BORDER_ROADS
D002538,NH-27,2025-12-08 08:24:00,Assam,Kamrup Metropolitan,BRIDGE_DAMAGE,CRITICAL,BLOCKED,1,8.9,Structural wear or adverse weather (bridge_damage),26.2157,91.8119,BRO_BORDER_ROADS
D002539,NH-415,2025-12-08 10:12:00,Arunachal Pradesh,Papum Pare,ROAD_DAMAGE,MEDIUM,PARTIAL,0,5.1,Structural wear or adverse weather (road_damage),27.046,93.7157,PWD_NER
D002540,NH-06,2025-12-08 12:00:00,Meghalaya,West Jaintia Hills,BRIDGE_DAMAGE,CRITICAL,BLOCKED,1,15.4,Structural wear or adverse weather (bridge_damage),25.5765,92.3211,BRO_BORDER_ROADS
D002541,NH-15,2025-12-08 13:48:00,Assam,Darrang,ACCIDENT,LOW,OPEN,0,6.6,Structural wear or adverse weather (accident),26.4289,91.8973,PWD_NER
D002542,NH-08,2025-12-08 15:36:00,Tripura,West Tripura,HEAVY_RAIN,HIGH,PARTIAL,0,1.8,Structural wear or adverse weather (heavy_rain),23.8025,91.1504,BRO_BORDER_ROADS
D002543,NH-415,2025-12-08 17:24:00,Arunachal Pradesh,Papum Pare,BRIDGE_DAMAGE,CRITICAL,BLOCKED,1,26.2,Structural wear or adverse weather (bridge_damage),27.1056,93.5387,BRO_BORDER_ROADS
D002544,NH-06,2025-12-08 19:12:00,Meghalaya,Ri-Bhoi,HEAVY_RAIN,MEDIUM,PARTIAL,0,5.6,Structural wear or adverse weather (heavy_rain),26.0282,91.9188,PWD_NER
D002545,NH-54,2025-12-08 21:00:00,Mizoram,Lunglei,BRIDGE_DAMAGE,CRITICAL,BLOCKED,1,12.9,Structural wear or adverse weather (bridge_damage),22.9681,92.8779,BRO_BORDER_ROADS
D002546,NH-27,2025-12-08 22:48:00,Assam,Nagaon,BRIDGE_DAMAGE,MEDIUM,PARTIAL,0,2.6,Structural wear or adverse weather (bridge_damage),26.2734,92.7289,PWD_NER
D002547,NH-37,2025-12-09 00:36:00,Assam,Dibrugarh,BRIDGE_DAMAGE,CRITICAL,BLOCKED,1,14.7,Structural wear or adverse weather (bridge_damage),27.373,94.9353,PWD_NER
D002548,NH-310,2025-12-09 02:24:00,Sikkim,North Sikkim,BRIDGE_DAMAGE,MEDIUM,PARTIAL,0,7.5,Structural wear or adverse weather (bridge_damage),27.5675,88.622,BRO_BORDER_ROADS
D002549,NH-29,2025-12-09 04:12:00,Nagaland,Dimapur,ACCIDENT,LOW,OPEN,0,2.8,Structural wear or adverse weather (accident),26.0002,93.7777,BRO_BORDER_ROADS
D002550,NH-127B,2025-12-09 06:00:00,Meghalaya,West Khasi Hills,ACCIDENT,MEDIUM,PARTIAL,0,7.4,Structural wear or adverse weather (accident),25.3944,91.2138,HIGHWAY_PATROL
D002551,NH-13,2025-12-09 07:48:00,Arunachal Pradesh,West Kameng,BRIDGE_DAMAGE,MEDIUM,PARTIAL,0,6.7,Structural wear or adverse weather (bridge_damage),27.2278,92.3489,HIGHWAY_PATROL
D002552,NH-206,2025-12-09 09:36:00,Meghalaya,East Khasi Hills,ACCIDENT,HIGH,PARTIAL,0,3.6,Structural wear or adverse weather (accident),25.6726,91.7483,PWD_NER
D002553,NH-08,2025-12-09 11:24:00,Tripura,Dhalai,HEAVY_RAIN,HIGH,PARTIAL,0,3.3,Structural wear or adverse weather (heavy_rain),23.822,91.7938,HIGHWAY_PATROL
D002554,NH-37,2025-12-09 13:12:00,Assam,Dibrugarh,ROAD_DAMAGE,HIGH,BLOCKED,1,22.9,Structural wear or adverse weather (road_damage),27.4742,95.0026,HIGHWAY_PATROL
D002555,NH-37,2025-12-09 15:00:00,Assam,Dibrugarh,HEAVY_RAIN,MEDIUM,PARTIAL,0,5.3,Structural wear or adverse weather (heavy_rain),27.4517,94.8287,HIGHWAY_PATROL
D002556,NH-37,2025-12-09 16:48:00,Assam,Cachar,HEAVY_RAIN,CRITICAL,BLOCKED,1,30.0,Structural wear or adverse weather (heavy_rain),24.9504,92.8755,HIGHWAY_PATROL
D002557,NH-510,2025-12-09 18:36:00,Sikkim,South Sikkim,ACCIDENT,HIGH,PARTIAL,0,6.1,Structural wear or adverse weather (accident),27.1843,88.3516,HIGHWAY_PATROL
D002558,NH-27,2025-12-09 20:24:00,Assam,Kamrup Rural,BRIDGE_DAMAGE,CRITICAL,BLOCKED,1,18.7,Structural wear or adverse weather (bridge_damage),26.2585,91.4796,HIGHWAY_PATROL
D002559,NH-37,2025-12-09 22:12:00,Assam,Cachar,HEAVY_RAIN,CRITICAL,BLOCKED,1,17.1,Structural wear or adverse weather (heavy_rain),24.8081,92.79,PWD_NER
D002560,NH-02,2025-12-10 00:00:00,Manipur,Senapati,HEAVY_RAIN,HIGH,PARTIAL,0,1.6,Structural wear or adverse weather (heavy_rain),25.3132,94.1308,BRO_BORDER_ROADS
D002561,NH-27,2025-12-10 01:48:00,Assam,Nagaon,ROAD_DAMAGE,CRITICAL,BLOCKED,1,13.7,Structural wear or adverse weather (road_damage),26.3147,92.7786,BRO_BORDER_ROADS
D002562,NH-415,2025-12-10 03:36:00,Arunachal Pradesh,Papum Pare,ROAD_DAMAGE,MEDIUM,PARTIAL,0,4.5,Structural wear or adverse weather (road_damage),27.1525,93.6737,BRO_BORDER_ROADS
D002563,NH-29,2025-12-10 05:24:00,Nagaland,Kohima,ROAD_DAMAGE,CRITICAL,BLOCKED,1,18.6,Structural wear or adverse weather (road_damage),25.7153,94.1397,HIGHWAY_PATROL
D002564,NH-27,2025-12-10 07:12:00,Assam,Nagaon,ROAD_DAMAGE,MEDIUM,PARTIAL,0,3.7,Structural wear or adverse weather (road_damage),26.2368,92.7249,HIGHWAY_PATROL
D002565,NH-27,2025-12-10 09:00:00,Assam,Nagaon,ROAD_DAMAGE,MEDIUM,PARTIAL,0,4.4,Structural wear or adverse weather (road_damage),26.41,92.5703,HIGHWAY_PATROL
D002566,NH-127B,2025-12-10 10:48:00,Meghalaya,West Khasi Hills,HEAVY_RAIN,MEDIUM,PARTIAL,0,5.1,Structural wear or adverse weather (heavy_rain),25.6026,91.1639,PWD_NER
D002567,NH-06,2025-12-10 12:36:00,Meghalaya,Ri-Bhoi,BRIDGE_DAMAGE,HIGH,BLOCKED,1,18.2,Structural wear or adverse weather (bridge_damage),26.0184,91.846,HIGHWAY_PATROL
D002568,NH-127B,2025-12-10 14:24:00,Meghalaya,West Khasi Hills,ACCIDENT,MEDIUM,PARTIAL,0,2.5,Structural wear or adverse weather (accident),25.6372,91.3153,BRO_BORDER_ROADS
D002569,NH-510,2025-12-10 16:12:00,Sikkim,South Sikkim,ROAD_DAMAGE,HIGH,BLOCKED,1,5.4,Structural wear or adverse weather (road_damage),27.1972,88.4407,HIGHWAY_PATROL
D002570,NH-13,2025-12-10 18:00:00,Arunachal Pradesh,Lower Subansiri,ROAD_DAMAGE,HIGH,BLOCKED,1,21.5,Structural wear or adverse weather (road_damage),27.516,93.7556,BRO_BORDER_ROADS
D002571,NH-13,2025-12-10 19:48:00,Arunachal Pradesh,Lower Subansiri,ROAD_DAMAGE,HIGH,BLOCKED,1,11.4,Structural wear or adverse weather (road_damage),27.609,93.931,BRO_BORDER_ROADS
D002572,NH-515,2025-12-10 21:36:00,Arunachal Pradesh,East Siang,HEAVY_RAIN,CRITICAL,BLOCKED,1,26.0,Structural wear or adverse weather (heavy_rain),27.9345,95.4103,HIGHWAY_PATROL
D002573,NH-54,2025-12-10 23:24:00,Mizoram,Lunglei,ACCIDENT,HIGH,PARTIAL,0,4.2,Structural wear or adverse weather (accident),22.753,92.8493,HIGHWAY_PATROL
D002574,NH-27,2025-12-11 01:12:00,Assam,Kamrup Metropolitan,BRIDGE_DAMAGE,CRITICAL,BLOCKED,1,10.9,Structural wear or adverse weather (bridge_damage),26.0779,91.6508,BRO_BORDER_ROADS
D002575,NH-08,2025-12-11 03:00:00,Tripura,West Tripura,ROAD_DAMAGE,CRITICAL,BLOCKED,1,17.3,Structural wear or adverse weather (road_damage),23.9396,91.1724,PWD_NER
D002576,NH-29,2025-12-11 04:48:00,Nagaland,Dimapur,ACCIDENT,MEDIUM,PARTIAL,0,3.7,Structural wear or adverse weather (accident),25.802,93.8768,PWD_NER
D002577,NH-08,2025-12-11 06:36:00,Tripura,West Tripura,BRIDGE_DAMAGE,MEDIUM,PARTIAL,0,6.4,Structural wear or adverse weather (bridge_damage),23.6852,91.2609,PWD_NER
D002578,NH-10,2025-12-11 08:24:00,Sikkim,East Sikkim,ROAD_DAMAGE,HIGH,BLOCKED,1,15.5,Structural wear or adverse weather (road_damage),27.45,88.6175,BRO_BORDER_ROADS
D002579,NH-13,2025-12-11 10:12:00,Arunachal Pradesh,Tawang,ROAD_DAMAGE,HIGH,BLOCKED,1,7.9,Structural wear or adverse weather (road_damage),27.6746,91.9282,PWD_NER
D002580,NH-510,2025-12-11 12:00:00,Sikkim,South Sikkim,ACCIDENT,MEDIUM,PARTIAL,0,2.8,Structural wear or adverse weather (accident),27.1025,88.3899,PWD_NER
D002581,NH-206,2025-12-11 13:48:00,Meghalaya,East Khasi Hills,HEAVY_RAIN,CRITICAL,BLOCKED,1,16.7,Structural wear or adverse weather (heavy_rain),25.5907,91.9649,PWD_NER
D002582,NH-02,2025-12-11 15:36:00,Manipur,Senapati,HEAVY_RAIN,CRITICAL,BLOCKED,1,30.3,Structural wear or adverse weather (heavy_rain),25.207,94.1513,PWD_NER
D002583,NH-27,2025-12-11 17:24:00,Assam,Kamrup Rural,ROAD_DAMAGE,CRITICAL,BLOCKED,1,12.9,Structural wear or adverse weather (road_damage),26.0412,91.4189,BRO_BORDER_ROADS
D002584,NH-02,2025-12-11 19:12:00,Manipur,Senapati,BRIDGE_DAMAGE,MEDIUM,PARTIAL,0,4.8,Structural wear or adverse weather (bridge_damage),25.1383,94.0583,PWD_NER
D002585,NH-310,2025-12-11 21:00:00,Sikkim,North Sikkim,BRIDGE_DAMAGE,HIGH,BLOCKED,1,12.2,Structural wear or adverse weather (bridge_damage),27.424,88.5674,BRO_BORDER_ROADS
D002586,NH-06,2025-12-11 22:48:00,Meghalaya,Ri-Bhoi,HEAVY_RAIN,MEDIUM,PARTIAL,0,3.0,Structural wear or adverse weather (heavy_rain),25.9554,91.9829,PWD_NER
D002587,NH-27,2025-12-12 00:36:00,Assam,Kamrup Metropolitan,ACCIDENT,HIGH,PARTIAL,0,6.6,Structural wear or adverse weather (accident),26.0799,91.8091,PWD_NER
D002588,NH-27,2025-12-12 02:24:00,Assam,Kamrup Metropolitan,ACCIDENT,HIGH,PARTIAL,0,1.5,Structural wear or adverse weather (accident),26.0877,91.7318,BRO_BORDER_ROADS
D002589,NH-510,2025-12-12 04:12:00,Sikkim,South Sikkim,HEAVY_RAIN,MEDIUM,PARTIAL,0,5.4,Structural wear or adverse weather (heavy_rain),27.2285,88.4005,HIGHWAY_PATROL
D002590,NH-54,2025-12-12 06:00:00,Mizoram,Aizawl,BRIDGE_DAMAGE,CRITICAL,BLOCKED,1,20.4,Structural wear or adverse weather (bridge_damage),23.6315,92.7816,PWD_NER
D002591,NH-13,2025-12-12 07:48:00,Arunachal Pradesh,West Kameng,ROAD_DAMAGE,MEDIUM,PARTIAL,0,2.0,Structural wear or adverse weather (road_damage),27.2269,92.4392,BRO_BORDER_ROADS
D002592,NH-08,2025-12-12 09:36:00,Tripura,West Tripura,ACCIDENT,HIGH,PARTIAL,0,5.4,Structural wear or adverse weather (accident),23.7857,91.2987,BRO_BORDER_ROADS
D002593,NH-29,2025-12-12 11:24:00,Nagaland,Dimapur,ROAD_DAMAGE,HIGH,BLOCKED,1,25.4,Structural wear or adverse weather (road_damage),25.9359,93.628,BRO_BORDER_ROADS
D002594,NH-54,2025-12-12 13:12:00,Mizoram,Aizawl,ACCIDENT,MEDIUM,PARTIAL,0,4.7,Structural wear or adverse weather (accident),23.7088,92.6628,PWD_NER
D002595,NH-27,2025-12-12 15:00:00,Assam,Nagaon,BRIDGE_DAMAGE,MEDIUM,PARTIAL,0,4.2,Structural wear or adverse weather (bridge_damage),26.4316,92.6334,BRO_BORDER_ROADS
D002596,NH-13,2025-12-12 16:48:00,Arunachal Pradesh,West Kameng,ROAD_DAMAGE,MEDIUM,PARTIAL,0,2.1,Structural wear or adverse weather (road_damage),27.2396,92.3148,PWD_NER
D002597,NH-08,2025-12-12 18:36:00,Tripura,Sipahijala,HEAVY_RAIN,HIGH,PARTIAL,0,2.3,Structural wear or adverse weather (heavy_rain),23.5994,91.2585,PWD_NER
D002598,NH-15,2025-12-12 20:24:00,Assam,Sonitpur,BRIDGE_DAMAGE,CRITICAL,BLOCKED,1,24.4,Structural wear or adverse weather (bridge_damage),26.6902,92.8414,BRO_BORDER_ROADS
D002599,NH-29,2025-12-12 22:12:00,Nagaland,Kohima,ACCIDENT,MEDIUM,PARTIAL,0,6.8,Structural wear or adverse weather (accident),25.5381,94.0097,PWD_NER
D002600,NH-02,2025-12-13 00:00:00,Manipur,Senapati,ROAD_DAMAGE,HIGH,BLOCKED,1,16.3,Structural wear or adverse weather (road_damage),25.2417,94.045,BRO_BORDER_ROADS
D002601,NH-08,2025-12-13 01:48:00,Tripura,Dhalai,ROAD_DAMAGE,CRITICAL,BLOCKED,1,27.4,Structural wear or adverse weather (road_damage),23.9774,91.7348,HIGHWAY_PATROL
D002602,NH-206,2025-12-13 03:36:00,Meghalaya,East Khasi Hills,ROAD_DAMAGE,HIGH,BLOCKED,1,9.8,Structural wear or adverse weather (road_damage),25.5879,91.7579,BRO_BORDER_ROADS
D002603,NH-13,2025-12-13 05:24:00,Arunachal Pradesh,Tawang,BRIDGE_DAMAGE,CRITICAL,BLOCKED,1,17.7,Structural wear or adverse weather (bridge_damage),27.5686,91.7871,PWD_NER
D002604,NH-310,2025-12-13 07:12:00,Sikkim,North Sikkim,ACCIDENT,LOW,OPEN,0,3.5,Structural wear or adverse weather (accident),27.4372,88.4685,HIGHWAY_PATROL
D002605,NH-02,2025-12-13 09:00:00,Nagaland,Mokokchung,ACCIDENT,LOW,OPEN,0,6.4,Structural wear or adverse weather (accident),26.2904,94.5617,BRO_BORDER_ROADS
D002606,NH-06,2025-12-13 10:48:00,Meghalaya,West Jaintia Hills,ACCIDENT,LOW,OPEN,0,5.6,Structural wear or adverse weather (accident),25.5984,92.1098,HIGHWAY_PATROL
D002607,NH-15,2025-12-13 12:36:00,Assam,Sonitpur,BRIDGE_DAMAGE,HIGH,BLOCKED,1,31.6,Structural wear or adverse weather (bridge_damage),26.5362,92.7527,BRO_BORDER_ROADS
D002608,NH-02,2025-12-13 14:24:00,Manipur,Imphal West,BRIDGE_DAMAGE,MEDIUM,PARTIAL,0,2.5,Structural wear or adverse weather (bridge_damage),24.8727,94.0053,BRO_BORDER_ROADS
D002609,NH-27,2025-12-13 16:12:00,Assam,Kamrup Rural,ACCIDENT,LOW,OPEN,0,2.6,Structural wear or adverse weather (accident),26.0611,91.4948,PWD_NER
D002610,NH-515,2025-12-13 18:00:00,Arunachal Pradesh,East Siang,HEAVY_RAIN,HIGH,PARTIAL,0,5.4,Structural wear or adverse weather (heavy_rain),27.9644,95.3447,HIGHWAY_PATROL
D002611,NH-10,2025-12-13 19:48:00,Sikkim,East Sikkim,ROAD_DAMAGE,MEDIUM,PARTIAL,0,2.9,Structural wear or adverse weather (road_damage),27.3201,88.589,BRO_BORDER_ROADS
D002612,NH-13,2025-12-13 21:36:00,Arunachal Pradesh,Tawang,ROAD_DAMAGE,MEDIUM,PARTIAL,0,7.1,Structural wear or adverse weather (road_damage),27.7046,91.838,PWD_NER
D002613,NH-54,2025-12-13 23:24:00,Mizoram,Kolasib,HEAVY_RAIN,CRITICAL,BLOCKED,1,23.9,Structural wear or adverse weather (heavy_rain),24.2214,92.62,HIGHWAY_PATROL
D002614,NH-15,2025-12-14 01:12:00,Assam,Sonitpur,BRIDGE_DAMAGE,MEDIUM,PARTIAL,0,2.6,Structural wear or adverse weather (bridge_damage),26.6005,92.8718,PWD_NER
D002615,NH-27,2025-12-14 03:00:00,Assam,Kamrup Metropolitan,ROAD_DAMAGE,MEDIUM,PARTIAL,0,5.9,Structural wear or adverse weather (road_damage),26.2181,91.6576,PWD_NER
D002616,NH-54,2025-12-14 04:48:00,Mizoram,Kolasib,BRIDGE_DAMAGE,CRITICAL,BLOCKED,1,31.2,Structural wear or adverse weather (bridge_damage),24.3531,92.5708,PWD_NER
D002617,NH-15,2025-12-14 06:36:00,Assam,Darrang,BRIDGE_DAMAGE,MEDIUM,PARTIAL,0,5.6,Structural wear or adverse weather (bridge_damage),26.4168,92.0859,HIGHWAY_PATROL
D002618,NH-15,2025-12-14 08:24:00,Assam,Darrang,BRIDGE_DAMAGE,CRITICAL,BLOCKED,1,12.4,Structural wear or adverse weather (bridge_damage),26.4695,92.1683,PWD_NER
D002619,NH-127B,2025-12-14 10:12:00,Meghalaya,West Khasi Hills,ROAD_DAMAGE,MEDIUM,PARTIAL,0,2.3,Structural wear or adverse weather (road_damage),25.4225,91.2266,BRO_BORDER_ROADS
D002620,NH-37,2025-12-14 12:00:00,Assam,Cachar,BRIDGE_DAMAGE,CRITICAL,BLOCKED,1,9.6,Structural wear or adverse weather (bridge_damage),24.9567,92.7447,BRO_BORDER_ROADS
D002621,NH-54,2025-12-14 13:48:00,Mizoram,Lunglei,ACCIDENT,HIGH,PARTIAL,0,6.0,Structural wear or adverse weather (accident),22.8687,92.612,BRO_BORDER_ROADS
D002622,NH-02,2025-12-14 15:36:00,Manipur,Bishnupur,HEAVY_RAIN,CRITICAL,BLOCKED,1,21.4,Structural wear or adverse weather (heavy_rain),24.603,93.6823,BRO_BORDER_ROADS
D002623,NH-27,2025-12-14 17:24:00,Assam,Nagaon,HEAVY_RAIN,CRITICAL,BLOCKED,1,23.5,Structural wear or adverse weather (heavy_rain),26.2365,92.5571,BRO_BORDER_ROADS
D002624,NH-415,2025-12-14 19:12:00,Arunachal Pradesh,Papum Pare,BRIDGE_DAMAGE,CRITICAL,BLOCKED,1,22.0,Structural wear or adverse weather (bridge_damage),27.0954,93.613,BRO_BORDER_ROADS
D002625,NH-54,2025-12-14 21:00:00,Mizoram,Aizawl,ACCIDENT,HIGH,PARTIAL,0,3.4,Structural wear or adverse weather (accident),23.7752,92.5903,HIGHWAY_PATROL
D002626,NH-37,2025-12-14 22:48:00,Assam,Cachar,HEAVY_RAIN,HIGH,PARTIAL,0,4.5,Structural wear or adverse weather (heavy_rain),24.7137,92.7727,BRO_BORDER_ROADS
D002627,NH-29,2025-12-15 00:36:00,Nagaland,Dimapur,ACCIDENT,LOW,OPEN,0,4.7,Structural wear or adverse weather (accident),25.771,93.6834,PWD_NER
D002628,NH-10,2025-12-15 02:24:00,Sikkim,East Sikkim,HEAVY_RAIN,MEDIUM,PARTIAL,0,3.9,Structural wear or adverse weather (heavy_rain),27.2653,88.493,BRO_BORDER_ROADS
D002629,NH-54,2025-12-15 04:12:00,Mizoram,Kolasib,BRIDGE_DAMAGE,MEDIUM,PARTIAL,0,6.4,Structural wear or adverse weather (bridge_damage),24.0711,92.5969,PWD_NER
D002630,NH-29,2025-12-15 06:00:00,Nagaland,Dimapur,ROAD_DAMAGE,CRITICAL,BLOCKED,1,6.3,Structural wear or adverse weather (road_damage),26.0254,93.7686,BRO_BORDER_ROADS
D002631,NH-37,2025-12-15 07:48:00,Assam,Dibrugarh,ROAD_DAMAGE,HIGH,BLOCKED,1,18.3,Structural wear or adverse weather (road_damage),27.6186,94.9471,BRO_BORDER_ROADS
D002632,NH-13,2025-12-15 09:36:00,Arunachal Pradesh,Tawang,HEAVY_RAIN,HIGH,PARTIAL,0,1.5,Structural wear or adverse weather (heavy_rain),27.5871,91.7336,BRO_BORDER_ROADS
D002633,NH-15,2025-12-15 11:24:00,Assam,Darrang,ROAD_DAMAGE,MEDIUM,PARTIAL,0,7.0,Structural wear or adverse weather (road_damage),26.393,92.1047,HIGHWAY_PATROL
D002634,NH-127B,2025-12-15 13:12:00,Meghalaya,West Khasi Hills,ROAD_DAMAGE,HIGH,BLOCKED,1,14.4,Structural wear or adverse weather (road_damage),25.4826,91.4006,BRO_BORDER_ROADS
D002635,NH-15,2025-12-15 15:00:00,Assam,Sonitpur,HEAVY_RAIN,HIGH,PARTIAL,0,2.1,Structural wear or adverse weather (heavy_rain),26.6741,92.8343,PWD_NER
D002636,NH-13,2025-12-15 16:48:00,Arunachal Pradesh,Tawang,HEAVY_RAIN,CRITICAL,BLOCKED,1,21.9,Structural wear or adverse weather (heavy_rain),27.4974,91.7369,HIGHWAY_PATROL
D002637,NH-13,2025-12-15 18:36:00,Arunachal Pradesh,Lower Subansiri,ROAD_DAMAGE,HIGH,BLOCKED,1,14.0,Structural wear or adverse weather (road_damage),27.5356,93.9652,PWD_NER
D002638,NH-13,2025-12-15 20:24:00,Arunachal Pradesh,West Kameng,ROAD_DAMAGE,MEDIUM,PARTIAL,0,4.6,Structural wear or adverse weather (road_damage),27.1392,92.3132,BRO_BORDER_ROADS
D002639,NH-37,2025-12-15 22:12:00,Assam,Dibrugarh,HEAVY_RAIN,MEDIUM,PARTIAL,0,6.4,Structural wear or adverse weather (heavy_rain),27.423,94.7928,PWD_NER
D002640,NH-27,2025-12-16 00:00:00,Assam,Kamrup Rural,ACCIDENT,HIGH,PARTIAL,0,5.1,Structural wear or adverse weather (accident),26.0611,91.4948,BRO_BORDER_ROADS
D002641,NH-02,2025-12-16 01:48:00,Nagaland,Mokokchung,ROAD_DAMAGE,HIGH,BLOCKED,1,23.4,Structural wear or adverse weather (road_damage),26.4316,94.4266,PWD_NER
D002642,NH-06,2025-12-16 03:36:00,Meghalaya,Ri-Bhoi,BRIDGE_DAMAGE,MEDIUM,PARTIAL,0,5.1,Structural wear or adverse weather (bridge_damage),25.9844,91.8332,BRO_BORDER_ROADS
D002643,NH-37,2025-12-16 05:24:00,Assam,Cachar,HEAVY_RAIN,MEDIUM,PARTIAL,0,3.6,Structural wear or adverse weather (heavy_rain),24.9444,92.793,BRO_BORDER_ROADS
D002644,NH-515,2025-12-16 07:12:00,Arunachal Pradesh,East Siang,HEAVY_RAIN,CRITICAL,BLOCKED,1,26.9,Structural wear or adverse weather (heavy_rain),27.9644,95.3447,HIGHWAY_PATROL
D002645,NH-27,2025-12-16 09:00:00,Assam,Kamrup Metropolitan,ROAD_DAMAGE,MEDIUM,PARTIAL,0,3.1,Structural wear or adverse weather (road_damage),26.2216,91.7675,HIGHWAY_PATROL
D002646,NH-54,2025-12-16 10:48:00,Mizoram,Kolasib,BRIDGE_DAMAGE,HIGH,BLOCKED,1,11.2,Structural wear or adverse weather (bridge_damage),24.1461,92.622,BRO_BORDER_ROADS
D002647,NH-06,2025-12-16 12:36:00,Meghalaya,Ri-Bhoi,HEAVY_RAIN,CRITICAL,BLOCKED,1,27.6,Structural wear or adverse weather (heavy_rain),26.017,91.9508,HIGHWAY_PATROL
D002648,NH-13,2025-12-16 14:24:00,Arunachal Pradesh,West Kameng,BRIDGE_DAMAGE,HIGH,BLOCKED,1,22.8,Structural wear or adverse weather (bridge_damage),27.3769,92.3083,HIGHWAY_PATROL
D002649,NH-37,2025-12-16 16:12:00,Assam,Cachar,ACCIDENT,HIGH,PARTIAL,0,5.1,Structural wear or adverse weather (accident),24.858,92.8008,BRO_BORDER_ROADS
D002650,NH-27,2025-12-16 18:00:00,Assam,Kamrup Metropolitan,ACCIDENT,HIGH,PARTIAL,0,5.4,Structural wear or adverse weather (accident),26.0349,91.74,PWD_NER
D002651,NH-37,2025-12-16 19:48:00,Assam,Dibrugarh,BRIDGE_DAMAGE,MEDIUM,PARTIAL,0,6.1,Structural wear or adverse weather (bridge_damage),27.4624,94.8483,PWD_NER
D002652,NH-29,2025-12-16 21:36:00,Nagaland,Kohima,HEAVY_RAIN,HIGH,PARTIAL,0,5.6,Structural wear or adverse weather (heavy_rain),25.8015,94.0659,BRO_BORDER_ROADS
D002653,NH-27,2025-12-16 23:24:00,Assam,Kamrup Rural,HEAVY_RAIN,CRITICAL,BLOCKED,1,29.7,Structural wear or adverse weather (heavy_rain),26.2698,91.6097,PWD_NER
D002654,NH-37,2025-12-17 01:12:00,Assam,Cachar,ROAD_DAMAGE,HIGH,BLOCKED,1,5.8,Structural wear or adverse weather (road_damage),24.8299,92.6537,PWD_NER
D002655,NH-54,2025-12-17 03:00:00,Mizoram,Aizawl,HEAVY_RAIN,CRITICAL,BLOCKED,1,11.1,Structural wear or adverse weather (heavy_rain),23.7364,92.759,PWD_NER
D002656,NH-06,2025-12-17 04:48:00,Meghalaya,Ri-Bhoi,BRIDGE_DAMAGE,HIGH,BLOCKED,1,25.1,Structural wear or adverse weather (bridge_damage),25.7739,91.9991,BRO_BORDER_ROADS
D002657,NH-54,2025-12-17 06:36:00,Mizoram,Kolasib,HEAVY_RAIN,CRITICAL,BLOCKED,1,5.6,Structural wear or adverse weather (heavy_rain),24.1258,92.6853,PWD_NER
D002658,NH-37,2025-12-17 08:24:00,Assam,Dibrugarh,BRIDGE_DAMAGE,CRITICAL,BLOCKED,1,20.0,Structural wear or adverse weather (bridge_damage),27.583,95.0322,HIGHWAY_PATROL
D002659,NH-415,2025-12-17 10:12:00,Arunachal Pradesh,Papum Pare,ACCIDENT,LOW,OPEN,0,3.6,Structural wear or adverse weather (accident),27.1407,93.5354,BRO_BORDER_ROADS
D002660,NH-27,2025-12-17 12:00:00,Assam,Kamrup Rural,ROAD_DAMAGE,CRITICAL,BLOCKED,1,26.6,Structural wear or adverse weather (road_damage),26.2549,91.6005,HIGHWAY_PATROL
D002661,NH-13,2025-12-17 13:48:00,Arunachal Pradesh,West Kameng,ACCIDENT,HIGH,PARTIAL,0,6.8,Structural wear or adverse weather (accident),27.2244,92.2702,HIGHWAY_PATROL
D002662,NH-510,2025-12-17 15:36:00,Sikkim,South Sikkim,ACCIDENT,HIGH,PARTIAL,0,6.2,Structural wear or adverse weather (accident),27.1525,88.3123,PWD_NER
D002663,NH-310,2025-12-17 17:24:00,Sikkim,North Sikkim,ACCIDENT,LOW,OPEN,0,3.8,Structural wear or adverse weather (accident),27.6143,88.4096,BRO_BORDER_ROADS
D002664,NH-37,2025-12-17 19:12:00,Assam,Dibrugarh,BRIDGE_DAMAGE,HIGH,BLOCKED,1,12.7,Structural wear or adverse weather (bridge_damage),27.5187,94.8847,BRO_BORDER_ROADS
D002665,NH-15,2025-12-17 21:00:00,Assam,Sonitpur,ROAD_DAMAGE,MEDIUM,PARTIAL,0,6.5,Structural wear or adverse weather (road_damage),26.4855,92.9335,HIGHWAY_PATROL
D002666,NH-06,2025-12-17 22:48:00,Meghalaya,Ri-Bhoi,BRIDGE_DAMAGE,CRITICAL,BLOCKED,1,16.9,Structural wear or adverse weather (bridge_damage),25.9676,92.0073,HIGHWAY_PATROL
D002667,NH-15,2025-12-18 00:36:00,Assam,Darrang,ROAD_DAMAGE,CRITICAL,BLOCKED,1,10.6,Structural wear or adverse weather (road_damage),26.4397,91.954,BRO_BORDER_ROADS
D002668,NH-06,2025-12-18 02:24:00,Meghalaya,Ri-Bhoi,BRIDGE_DAMAGE,MEDIUM,PARTIAL,0,4.8,Structural wear or adverse weather (bridge_damage),25.7853,91.7748,PWD_NER
D002669,NH-54,2025-12-18 04:12:00,Mizoram,Lunglei,ROAD_DAMAGE,HIGH,BLOCKED,1,22.1,Structural wear or adverse weather (road_damage),22.8526,92.7968,HIGHWAY_PATROL
D002670,NH-02,2025-12-18 06:00:00,Nagaland,Mokokchung,ACCIDENT,MEDIUM,PARTIAL,0,1.7,Structural wear or adverse weather (accident),26.2869,94.3742,PWD_NER
D002671,NH-08,2025-12-18 07:48:00,Tripura,West Tripura,ACCIDENT,MEDIUM,PARTIAL,0,5.5,Structural wear or adverse weather (accident),23.9126,91.2724,HIGHWAY_PATROL
D002672,NH-08,2025-12-18 09:36:00,Tripura,Sipahijala,HEAVY_RAIN,MEDIUM,PARTIAL,0,3.9,Structural wear or adverse weather (heavy_rain),23.7631,91.378,PWD_NER
D002673,NH-15,2025-12-18 11:24:00,Assam,Darrang,ACCIDENT,LOW,OPEN,0,4.6,Structural wear or adverse weather (accident),26.5711,92.1291,PWD_NER
D002674,NH-13,2025-12-18 13:12:00,Arunachal Pradesh,Lower Subansiri,HEAVY_RAIN,HIGH,PARTIAL,0,4.2,Structural wear or adverse weather (heavy_rain),27.6641,93.7886,PWD_NER
D002675,NH-06,2025-12-18 15:00:00,Meghalaya,Ri-Bhoi,BRIDGE_DAMAGE,CRITICAL,BLOCKED,1,20.2,Structural wear or adverse weather (bridge_damage),26.0078,91.8288,HIGHWAY_PATROL
D002676,NH-37,2025-12-18 16:48:00,Assam,Dibrugarh,ROAD_DAMAGE,MEDIUM,PARTIAL,0,3.4,Structural wear or adverse weather (road_damage),27.4127,95.0118,HIGHWAY_PATROL
D002677,NH-415,2025-12-18 18:36:00,Arunachal Pradesh,Papum Pare,HEAVY_RAIN,HIGH,PARTIAL,0,2.4,Structural wear or adverse weather (heavy_rain),26.9709,93.6559,HIGHWAY_PATROL
D002678,NH-02,2025-12-18 20:24:00,Manipur,Senapati,BRIDGE_DAMAGE,MEDIUM,PARTIAL,0,6.6,Structural wear or adverse weather (bridge_damage),25.2003,93.9533,HIGHWAY_PATROL
D002679,NH-27,2025-12-18 22:12:00,Assam,Kamrup Metropolitan,ACCIDENT,HIGH,PARTIAL,0,4.5,Structural wear or adverse weather (accident),26.184,91.6936,BRO_BORDER_ROADS
D002680,NH-29,2025-12-19 00:00:00,Nagaland,Kohima,ROAD_DAMAGE,CRITICAL,BLOCKED,1,24.1,Structural wear or adverse weather (road_damage),25.7577,94.0028,BRO_BORDER_ROADS
D002681,NH-37,2025-12-19 01:48:00,Assam,Cachar,ACCIDENT,LOW,OPEN,0,7.4,Structural wear or adverse weather (accident),24.8986,92.9034,PWD_NER
D002682,NH-29,2025-12-19 03:36:00,Nagaland,Kohima,BRIDGE_DAMAGE,HIGH,BLOCKED,1,19.9,Structural wear or adverse weather (bridge_damage),25.7798,94.1768,PWD_NER
D002683,NH-15,2025-12-19 05:24:00,Assam,Sonitpur,BRIDGE_DAMAGE,HIGH,BLOCKED,1,5.2,Structural wear or adverse weather (bridge_damage),26.4987,92.828,BRO_BORDER_ROADS
D002684,NH-37,2025-12-19 07:12:00,Assam,Dibrugarh,HEAVY_RAIN,MEDIUM,PARTIAL,0,2.9,Structural wear or adverse weather (heavy_rain),27.6109,94.7726,PWD_NER
D002685,NH-02,2025-12-19 09:00:00,Nagaland,Mokokchung,ACCIDENT,HIGH,PARTIAL,0,7.3,Structural wear or adverse weather (accident),26.3229,94.5812,PWD_NER
D002686,NH-206,2025-12-19 10:48:00,Meghalaya,East Khasi Hills,ROAD_DAMAGE,MEDIUM,PARTIAL,0,3.0,Structural wear or adverse weather (road_damage),25.6887,91.8409,HIGHWAY_PATROL
D002687,NH-10,2025-12-19 12:36:00,Sikkim,East Sikkim,HEAVY_RAIN,MEDIUM,PARTIAL,0,5.7,Structural wear or adverse weather (heavy_rain),27.4531,88.6749,BRO_BORDER_ROADS
D002688,NH-310,2025-12-19 14:24:00,Sikkim,North Sikkim,HEAVY_RAIN,MEDIUM,PARTIAL,0,6.5,Structural wear or adverse weather (heavy_rain),27.5085,88.5085,HIGHWAY_PATROL
D002689,NH-13,2025-12-19 16:12:00,Arunachal Pradesh,Tawang,HEAVY_RAIN,CRITICAL,BLOCKED,1,14.5,Structural wear or adverse weather (heavy_rain),27.4559,91.7719,BRO_BORDER_ROADS
D002690,NH-310,2025-12-19 18:00:00,Sikkim,North Sikkim,HEAVY_RAIN,MEDIUM,PARTIAL,0,5.9,Structural wear or adverse weather (heavy_rain),27.5035,88.4457,PWD_NER
D002691,NH-13,2025-12-19 19:48:00,Arunachal Pradesh,Lower Subansiri,HEAVY_RAIN,HIGH,PARTIAL,0,4.0,Structural wear or adverse weather (heavy_rain),27.4255,93.7022,BRO_BORDER_ROADS
D002692,NH-510,2025-12-19 21:36:00,Sikkim,South Sikkim,ACCIDENT,HIGH,PARTIAL,0,3.0,Structural wear or adverse weather (accident),27.0841,88.3535,HIGHWAY_PATROL
D002693,NH-310,2025-12-19 23:24:00,Sikkim,North Sikkim,HEAVY_RAIN,CRITICAL,BLOCKED,1,5.2,Structural wear or adverse weather (heavy_rain),27.465,88.527,BRO_BORDER_ROADS
D002694,NH-54,2025-12-20 01:12:00,Mizoram,Kolasib,ACCIDENT,HIGH,PARTIAL,0,7.0,Structural wear or adverse weather (accident),24.1945,92.7738,BRO_BORDER_ROADS
D002695,NH-13,2025-12-20 03:00:00,Arunachal Pradesh,West Kameng,HEAVY_RAIN,CRITICAL,BLOCKED,1,20.9,Structural wear or adverse weather (heavy_rain),27.2807,92.4138,PWD_NER
D002696,NH-515,2025-12-20 04:48:00,Arunachal Pradesh,East Siang,ACCIDENT,HIGH,PARTIAL,0,4.2,Structural wear or adverse weather (accident),28.2034,95.2367,BRO_BORDER_ROADS
D002697,NH-06,2025-12-20 06:36:00,Meghalaya,Ri-Bhoi,BRIDGE_DAMAGE,MEDIUM,PARTIAL,0,2.9,Structural wear or adverse weather (bridge_damage),26.0133,91.8894,BRO_BORDER_ROADS
D002698,NH-13,2025-12-20 08:24:00,Arunachal Pradesh,Tawang,BRIDGE_DAMAGE,MEDIUM,PARTIAL,0,3.8,Structural wear or adverse weather (bridge_damage),27.4694,91.9809,PWD_NER
D002699,NH-02,2025-12-20 10:12:00,Manipur,Bishnupur,HEAVY_RAIN,MEDIUM,PARTIAL,0,5.3,Structural wear or adverse weather (heavy_rain),24.5769,93.846,HIGHWAY_PATROL
D002700,NH-08,2025-12-20 12:00:00,Tripura,West Tripura,ACCIDENT,LOW,OPEN,0,6.7,Structural wear or adverse weather (accident),23.7082,91.359,HIGHWAY_PATROL
D002701,NH-13,2025-12-20 13:48:00,Arunachal Pradesh,Tawang,HEAVY_RAIN,CRITICAL,BLOCKED,1,9.6,Structural wear or adverse weather (heavy_rain),27.4414,91.8304,HIGHWAY_PATROL
D002702,NH-37,2025-12-20 15:36:00,Assam,Dibrugarh,ROAD_DAMAGE,CRITICAL,BLOCKED,1,10.1,Structural wear or adverse weather (road_damage),27.4134,94.8552,PWD_NER
D002703,NH-02,2025-12-20 17:24:00,Manipur,Bishnupur,ROAD_DAMAGE,CRITICAL,BLOCKED,1,16.1,Structural wear or adverse weather (road_damage),24.5049,93.7458,HIGHWAY_PATROL
D002704,NH-08,2025-12-20 19:12:00,Tripura,Sipahijala,ROAD_DAMAGE,HIGH,BLOCKED,1,12.0,Structural wear or adverse weather (road_damage),23.7745,91.1799,BRO_BORDER_ROADS
D002705,NH-27,2025-12-20 21:00:00,Assam,Nagaon,BRIDGE_DAMAGE,MEDIUM,PARTIAL,0,3.0,Structural wear or adverse weather (bridge_damage),26.4884,92.8262,BRO_BORDER_ROADS
D002706,NH-29,2025-12-20 22:48:00,Nagaland,Kohima,ACCIDENT,MEDIUM,PARTIAL,0,3.8,Structural wear or adverse weather (accident),25.7676,93.9886,BRO_BORDER_ROADS
D002707,NH-06,2025-12-21 00:36:00,Meghalaya,West Jaintia Hills,BRIDGE_DAMAGE,CRITICAL,BLOCKED,1,14.8,Structural wear or adverse weather (bridge_damage),25.3093,92.2996,PWD_NER
D002708,NH-29,2025-12-21 02:24:00,Nagaland,Kohima,BRIDGE_DAMAGE,CRITICAL,BLOCKED,1,19.5,Structural wear or adverse weather (bridge_damage),25.8015,94.0659,PWD_NER
D002709,NH-510,2025-12-21 04:12:00,Sikkim,South Sikkim,BRIDGE_DAMAGE,CRITICAL,BLOCKED,1,26.7,Structural wear or adverse weather (bridge_damage),27.183,88.4996,PWD_NER
D002710,NH-54,2025-12-21 06:00:00,Mizoram,Kolasib,ROAD_DAMAGE,HIGH,BLOCKED,1,31.1,Structural wear or adverse weather (road_damage),24.3345,92.542,PWD_NER
D002711,NH-02,2025-12-21 07:48:00,Manipur,Senapati,ROAD_DAMAGE,MEDIUM,PARTIAL,0,4.5,Structural wear or adverse weather (road_damage),25.1428,94.0823,HIGHWAY_PATROL
D002712,NH-206,2025-12-21 09:36:00,Meghalaya,East Khasi Hills,BRIDGE_DAMAGE,MEDIUM,PARTIAL,0,3.3,Structural wear or adverse weather (bridge_damage),25.496,92.0359,HIGHWAY_PATROL
D002713,NH-08,2025-12-21 11:24:00,Tripura,West Tripura,BRIDGE_DAMAGE,HIGH,BLOCKED,1,24.2,Structural wear or adverse weather (bridge_damage),23.7113,91.1558,PWD_NER
D002714,NH-13,2025-12-21 13:12:00,Arunachal Pradesh,West Kameng,BRIDGE_DAMAGE,MEDIUM,PARTIAL,0,3.5,Structural wear or adverse weather (bridge_damage),27.1928,92.4792,BRO_BORDER_ROADS
D002715,NH-27,2025-12-21 15:00:00,Assam,Kamrup Metropolitan,BRIDGE_DAMAGE,CRITICAL,BLOCKED,1,17.8,Structural wear or adverse weather (bridge_damage),26.0005,91.809,BRO_BORDER_ROADS
D002716,NH-54,2025-12-21 16:48:00,Mizoram,Kolasib,ROAD_DAMAGE,MEDIUM,PARTIAL,0,2.6,Structural wear or adverse weather (road_damage),24.0802,92.7899,PWD_NER
D002717,NH-08,2025-12-21 18:36:00,Tripura,West Tripura,BRIDGE_DAMAGE,CRITICAL,BLOCKED,1,8.3,Structural wear or adverse weather (bridge_damage),23.7623,91.31,PWD_NER
D002718,NH-08,2025-12-21 20:24:00,Tripura,Dhalai,BRIDGE_DAMAGE,MEDIUM,PARTIAL,0,4.2,Structural wear or adverse weather (bridge_damage),23.7453,91.7186,HIGHWAY_PATROL
D002719,NH-02,2025-12-21 22:12:00,Manipur,Bishnupur,ACCIDENT,MEDIUM,PARTIAL,0,6.8,Structural wear or adverse weather (accident),24.5925,93.908,HIGHWAY_PATROL
D002720,NH-08,2025-12-22 00:00:00,Tripura,West Tripura,ACCIDENT,LOW,OPEN,0,7.0,Structural wear or adverse weather (accident),23.6873,91.4155,BRO_BORDER_ROADS
D002721,NH-27,2025-12-22 01:48:00,Assam,Kamrup Rural,ROAD_DAMAGE,MEDIUM,PARTIAL,0,7.4,Structural wear or adverse weather (road_damage),26.2052,91.6925,HIGHWAY_PATROL
D002722,NH-10,2025-12-22 03:36:00,Sikkim,East Sikkim,BRIDGE_DAMAGE,MEDIUM,PARTIAL,0,6.7,Structural wear or adverse weather (bridge_damage),27.2732,88.6991,BRO_BORDER_ROADS
D002723,NH-510,2025-12-22 05:24:00,Sikkim,South Sikkim,HEAVY_RAIN,CRITICAL,BLOCKED,1,12.7,Structural wear or adverse weather (heavy_rain),27.2766,88.4312,PWD_NER
D002724,NH-13,2025-12-22 07:12:00,Arunachal Pradesh,Lower Subansiri,BRIDGE_DAMAGE,HIGH,BLOCKED,1,19.7,Structural wear or adverse weather (bridge_damage),27.6786,93.9057,PWD_NER
D002725,NH-10,2025-12-22 09:00:00,Sikkim,East Sikkim,ROAD_DAMAGE,CRITICAL,BLOCKED,1,4.5,Structural wear or adverse weather (road_damage),27.4835,88.5983,HIGHWAY_PATROL
D002726,NH-54,2025-12-22 10:48:00,Mizoram,Aizawl,BRIDGE_DAMAGE,CRITICAL,BLOCKED,1,9.5,Structural wear or adverse weather (bridge_damage),23.7427,92.7349,PWD_NER
D002727,NH-37,2025-12-22 12:36:00,Assam,Dibrugarh,HEAVY_RAIN,CRITICAL,BLOCKED,1,25.5,Structural wear or adverse weather (heavy_rain),27.3305,94.7989,PWD_NER
D002728,NH-06,2025-12-22 14:24:00,Meghalaya,Ri-Bhoi,ROAD_DAMAGE,HIGH,BLOCKED,1,24.1,Structural wear or adverse weather (road_damage),25.9414,91.9672,PWD_NER
D002729,NH-06,2025-12-22 16:12:00,Meghalaya,West Jaintia Hills,HEAVY_RAIN,CRITICAL,BLOCKED,1,15.6,Structural wear or adverse weather (heavy_rain),25.3634,92.102,HIGHWAY_PATROL
D002730,NH-515,2025-12-22 18:00:00,Arunachal Pradesh,East Siang,ACCIDENT,MEDIUM,PARTIAL,0,2.0,Structural wear or adverse weather (accident),28.1511,95.2516,HIGHWAY_PATROL
D002731,NH-27,2025-12-22 19:48:00,Assam,Kamrup Rural,ROAD_DAMAGE,CRITICAL,BLOCKED,1,7.1,Structural wear or adverse weather (road_damage),26.1508,91.4157,PWD_NER
D002732,NH-10,2025-12-22 21:36:00,Sikkim,East Sikkim,HEAVY_RAIN,CRITICAL,BLOCKED,1,30.8,Structural wear or adverse weather (heavy_rain),27.3254,88.5834,HIGHWAY_PATROL
D002733,NH-515,2025-12-22 23:24:00,Arunachal Pradesh,East Siang,BRIDGE_DAMAGE,CRITICAL,BLOCKED,1,9.2,Structural wear or adverse weather (bridge_damage),28.1511,95.2516,PWD_NER
D002734,NH-206,2025-12-23 01:12:00,Meghalaya,East Khasi Hills,HEAVY_RAIN,CRITICAL,BLOCKED,1,18.1,Structural wear or adverse weather (heavy_rain),25.4978,91.9109,HIGHWAY_PATROL
D002735,NH-37,2025-12-23 03:00:00,Assam,Dibrugarh,BRIDGE_DAMAGE,CRITICAL,BLOCKED,1,22.2,Structural wear or adverse weather (bridge_damage),27.583,95.0322,PWD_NER
D002736,NH-06,2025-12-23 04:48:00,Meghalaya,West Jaintia Hills,ROAD_DAMAGE,CRITICAL,BLOCKED,1,19.7,Structural wear or adverse weather (road_damage),25.3346,92.0563,HIGHWAY_PATROL
D002737,NH-08,2025-12-23 06:36:00,Tripura,West Tripura,ROAD_DAMAGE,HIGH,BLOCKED,1,8.4,Structural wear or adverse weather (road_damage),23.9533,91.1425,PWD_NER
D002738,NH-02,2025-12-23 08:24:00,Manipur,Imphal West,HEAVY_RAIN,HIGH,PARTIAL,0,7.5,Structural wear or adverse weather (heavy_rain),24.9252,93.9573,BRO_BORDER_ROADS
D002739,NH-310,2025-12-23 10:12:00,Sikkim,North Sikkim,BRIDGE_DAMAGE,MEDIUM,PARTIAL,0,2.0,Structural wear or adverse weather (bridge_damage),27.4372,88.4685,BRO_BORDER_ROADS
D002740,NH-37,2025-12-23 12:00:00,Assam,Cachar,ROAD_DAMAGE,MEDIUM,PARTIAL,0,4.6,Structural wear or adverse weather (road_damage),24.7686,92.8272,HIGHWAY_PATROL
D002741,NH-54,2025-12-23 13:48:00,Mizoram,Lunglei,ACCIDENT,MEDIUM,PARTIAL,0,3.0,Structural wear or adverse weather (accident),22.7618,92.8261,BRO_BORDER_ROADS
D002742,NH-02,2025-12-23 15:36:00,Manipur,Senapati,HEAVY_RAIN,HIGH,PARTIAL,0,2.3,Structural wear or adverse weather (heavy_rain),25.2761,94.0269,HIGHWAY_PATROL
D002743,NH-29,2025-12-23 17:24:00,Nagaland,Dimapur,ROAD_DAMAGE,HIGH,BLOCKED,1,18.0,Structural wear or adverse weather (road_damage),26.0074,93.5967,HIGHWAY_PATROL
D002744,NH-02,2025-12-23 19:12:00,Manipur,Imphal West,HEAVY_RAIN,CRITICAL,BLOCKED,1,18.0,Structural wear or adverse weather (heavy_rain),24.7584,94.0351,PWD_NER
D002745,NH-127B,2025-12-23 21:00:00,Meghalaya,West Khasi Hills,BRIDGE_DAMAGE,CRITICAL,BLOCKED,1,22.8,Structural wear or adverse weather (bridge_damage),25.4049,91.1389,PWD_NER
D002746,NH-02,2025-12-23 22:48:00,Manipur,Senapati,ROAD_DAMAGE,CRITICAL,BLOCKED,1,5.8,Structural wear or adverse weather (road_damage),25.2213,93.9932,BRO_BORDER_ROADS
D002747,NH-13,2025-12-24 00:36:00,Arunachal Pradesh,West Kameng,ROAD_DAMAGE,MEDIUM,PARTIAL,0,3.3,Structural wear or adverse weather (road_damage),27.2458,92.3977,PWD_NER
D002748,NH-37,2025-12-24 02:24:00,Assam,Dibrugarh,HEAVY_RAIN,CRITICAL,BLOCKED,1,23.7,Structural wear or adverse weather (heavy_rain),27.5449,94.9379,PWD_NER
D002749,NH-02,2025-12-24 04:12:00,Nagaland,Mokokchung,ACCIDENT,LOW,OPEN,0,1.7,Structural wear or adverse weather (accident),26.4657,94.5443,HIGHWAY_PATROL
D002750,NH-13,2025-12-24 06:00:00,Arunachal Pradesh,Lower Subansiri,ACCIDENT,LOW,OPEN,0,3.6,Structural wear or adverse weather (accident),27.5117,93.8691,BRO_BORDER_ROADS
D002751,NH-27,2025-12-24 07:48:00,Assam,Kamrup Metropolitan,HEAVY_RAIN,MEDIUM,PARTIAL,0,2.1,Structural wear or adverse weather (heavy_rain),26.0913,91.6741,BRO_BORDER_ROADS
D002752,NH-54,2025-12-24 09:36:00,Mizoram,Aizawl,HEAVY_RAIN,CRITICAL,BLOCKED,1,12.2,Structural wear or adverse weather (heavy_rain),23.7613,92.8095,PWD_NER
D002753,NH-127B,2025-12-24 11:24:00,Meghalaya,West Khasi Hills,HEAVY_RAIN,HIGH,PARTIAL,0,6.2,Structural wear or adverse weather (heavy_rain),25.5041,91.3633,HIGHWAY_PATROL
D002754,NH-37,2025-12-24 13:12:00,Assam,Cachar,HEAVY_RAIN,MEDIUM,PARTIAL,0,5.6,Structural wear or adverse weather (heavy_rain),24.9747,92.6353,BRO_BORDER_ROADS
D002755,NH-06,2025-12-24 15:00:00,Meghalaya,Ri-Bhoi,HEAVY_RAIN,CRITICAL,BLOCKED,1,9.2,Structural wear or adverse weather (heavy_rain),25.9496,91.8798,BRO_BORDER_ROADS
D002756,NH-310,2025-12-24 16:48:00,Sikkim,North Sikkim,ROAD_DAMAGE,HIGH,BLOCKED,1,8.8,Structural wear or adverse weather (road_damage),27.5758,88.6897,HIGHWAY_PATROL
D002757,NH-13,2025-12-24 18:36:00,Arunachal Pradesh,West Kameng,ACCIDENT,HIGH,PARTIAL,0,4.8,Structural wear or adverse weather (accident),27.3971,92.4104,PWD_NER
D002758,NH-29,2025-12-24 20:24:00,Nagaland,Dimapur,ROAD_DAMAGE,CRITICAL,BLOCKED,1,31.0,Structural wear or adverse weather (road_damage),25.9673,93.8333,BRO_BORDER_ROADS
D002759,NH-27,2025-12-24 22:12:00,Assam,Nagaon,ROAD_DAMAGE,CRITICAL,BLOCKED,1,4.8,Structural wear or adverse weather (road_damage),26.1975,92.7581,HIGHWAY_PATROL
D002760,NH-54,2025-12-25 00:00:00,Mizoram,Aizawl,ACCIDENT,HIGH,PARTIAL,0,5.3,Structural wear or adverse weather (accident),23.7873,92.7882,PWD_NER
D002761,NH-15,2025-12-25 01:48:00,Assam,Darrang,HEAVY_RAIN,HIGH,PARTIAL,0,2.1,Structural wear or adverse weather (heavy_rain),26.4168,92.0859,BRO_BORDER_ROADS
D002762,NH-29,2025-12-25 03:36:00,Nagaland,Kohima,BRIDGE_DAMAGE,HIGH,BLOCKED,1,29.1,Structural wear or adverse weather (bridge_damage),25.8008,94.0626,BRO_BORDER_ROADS
D002763,NH-415,2025-12-25 05:24:00,Arunachal Pradesh,Papum Pare,ROAD_DAMAGE,MEDIUM,PARTIAL,0,3.4,Structural wear or adverse weather (road_damage),27.0254,93.6052,BRO_BORDER_ROADS
D002764,NH-15,2025-12-25 07:12:00,Assam,Darrang,ACCIDENT,MEDIUM,PARTIAL,0,4.0,Structural wear or adverse weather (accident),26.4444,91.9588,PWD_NER
D002765,NH-37,2025-12-25 09:00:00,Assam,Cachar,ROAD_DAMAGE,CRITICAL,BLOCKED,1,12.4,Structural wear or adverse weather (road_damage),24.8757,92.8997,HIGHWAY_PATROL
D002766,NH-10,2025-12-25 10:48:00,Sikkim,East Sikkim,ACCIDENT,HIGH,PARTIAL,0,7.5,Structural wear or adverse weather (accident),27.2521,88.6672,BRO_BORDER_ROADS
D002767,NH-54,2025-12-25 12:36:00,Mizoram,Lunglei,ACCIDENT,LOW,OPEN,0,6.3,Structural wear or adverse weather (accident),22.8155,92.7215,BRO_BORDER_ROADS
D002768,NH-37,2025-12-25 14:24:00,Assam,Cachar,BRIDGE_DAMAGE,MEDIUM,PARTIAL,0,6.8,Structural wear or adverse weather (bridge_damage),24.9316,92.6457,BRO_BORDER_ROADS
D002769,NH-54,2025-12-25 16:12:00,Mizoram,Kolasib,HEAVY_RAIN,HIGH,PARTIAL,0,7.1,Structural wear or adverse weather (heavy_rain),24.2017,92.7956,BRO_BORDER_ROADS
D002770,NH-29,2025-12-25 18:00:00,Nagaland,Kohima,BRIDGE_DAMAGE,MEDIUM,PARTIAL,0,6.7,Structural wear or adverse weather (bridge_damage),25.7934,94.0393,HIGHWAY_PATROL
D002771,NH-510,2025-12-25 19:48:00,Sikkim,South Sikkim,ACCIDENT,LOW,OPEN,0,2.9,Structural wear or adverse weather (accident),27.2285,88.4005,HIGHWAY_PATROL
D002772,NH-27,2025-12-25 21:36:00,Assam,Nagaon,ACCIDENT,HIGH,PARTIAL,0,5.4,Structural wear or adverse weather (accident),26.3304,92.7315,PWD_NER
D002773,NH-02,2025-12-25 23:24:00,Manipur,Bishnupur,ROAD_DAMAGE,MEDIUM,PARTIAL,0,4.4,Structural wear or adverse weather (road_damage),24.7663,93.6811,BRO_BORDER_ROADS
D002774,NH-08,2025-12-26 01:12:00,Tripura,Dhalai,ROAD_DAMAGE,MEDIUM,PARTIAL,0,2.9,Structural wear or adverse weather (road_damage),23.7321,91.866,PWD_NER
D002775,NH-08,2025-12-26 03:00:00,Tripura,Dhalai,BRIDGE_DAMAGE,MEDIUM,PARTIAL,0,3.5,Structural wear or adverse weather (bridge_damage),23.8326,91.9067,PWD_NER
D002776,NH-02,2025-12-26 04:48:00,Nagaland,Mokokchung,BRIDGE_DAMAGE,HIGH,BLOCKED,1,12.7,Structural wear or adverse weather (bridge_damage),26.473,94.3788,PWD_NER
D002777,NH-54,2025-12-26 06:36:00,Mizoram,Lunglei,HEAVY_RAIN,MEDIUM,PARTIAL,0,6.9,Structural wear or adverse weather (heavy_rain),22.937,92.7446,HIGHWAY_PATROL
D002778,NH-29,2025-12-26 08:24:00,Nagaland,Dimapur,BRIDGE_DAMAGE,CRITICAL,BLOCKED,1,31.9,Structural wear or adverse weather (bridge_damage),26.0075,93.6392,PWD_NER
D002779,NH-54,2025-12-26 10:12:00,Mizoram,Kolasib,ROAD_DAMAGE,HIGH,BLOCKED,1,6.8,Structural wear or adverse weather (road_damage),24.1237,92.7071,PWD_NER
D002780,NH-13,2025-12-26 12:00:00,Arunachal Pradesh,Lower Subansiri,ACCIDENT,LOW,OPEN,0,6.4,Structural wear or adverse weather (accident),27.5218,93.7141,BRO_BORDER_ROADS
D002781,NH-15,2025-12-26 13:48:00,Assam,Sonitpur,ROAD_DAMAGE,CRITICAL,BLOCKED,1,25.1,Structural wear or adverse weather (road_damage),26.7138,92.8792,HIGHWAY_PATROL
D002782,NH-06,2025-12-26 15:36:00,Meghalaya,Ri-Bhoi,BRIDGE_DAMAGE,HIGH,BLOCKED,1,27.1,Structural wear or adverse weather (bridge_damage),25.9394,91.9864,HIGHWAY_PATROL
D002783,NH-29,2025-12-26 17:24:00,Nagaland,Dimapur,HEAVY_RAIN,CRITICAL,BLOCKED,1,12.0,Structural wear or adverse weather (heavy_rain),25.771,93.6834,BRO_BORDER_ROADS
D002784,NH-08,2025-12-26 19:12:00,Tripura,Dhalai,BRIDGE_DAMAGE,MEDIUM,PARTIAL,0,7.4,Structural wear or adverse weather (bridge_damage),23.7432,91.9306,PWD_NER
D002785,NH-08,2025-12-26 21:00:00,Tripura,Dhalai,ROAD_DAMAGE,MEDIUM,PARTIAL,0,6.9,Structural wear or adverse weather (road_damage),23.7056,91.8732,PWD_NER
D002786,NH-02,2025-12-26 22:48:00,Manipur,Senapati,ROAD_DAMAGE,CRITICAL,BLOCKED,1,7.3,Structural wear or adverse weather (road_damage),25.2835,94.0376,HIGHWAY_PATROL
D002787,NH-54,2025-12-27 00:36:00,Mizoram,Kolasib,ACCIDENT,LOW,OPEN,0,3.6,Structural wear or adverse weather (accident),24.2472,92.6883,BRO_BORDER_ROADS
D002788,NH-310,2025-12-27 02:24:00,Sikkim,North Sikkim,BRIDGE_DAMAGE,HIGH,BLOCKED,1,30.6,Structural wear or adverse weather (bridge_damage),27.5758,88.6897,HIGHWAY_PATROL
D002789,NH-206,2025-12-27 04:12:00,Meghalaya,East Khasi Hills,ACCIDENT,HIGH,PARTIAL,0,1.9,Structural wear or adverse weather (accident),25.7278,91.9084,HIGHWAY_PATROL
D002790,NH-15,2025-12-27 06:00:00,Assam,Darrang,BRIDGE_DAMAGE,HIGH,BLOCKED,1,30.2,Structural wear or adverse weather (bridge_damage),26.3411,91.9215,PWD_NER
D002791,NH-15,2025-12-27 07:48:00,Assam,Darrang,ROAD_DAMAGE,MEDIUM,PARTIAL,0,6.4,Structural wear or adverse weather (road_damage),26.3076,92.0969,HIGHWAY_PATROL
D002792,NH-13,2025-12-27 09:36:00,Arunachal Pradesh,West Kameng,HEAVY_RAIN,CRITICAL,BLOCKED,1,28.1,Structural wear or adverse weather (heavy_rain),27.3769,92.3083,BRO_BORDER_ROADS
D002793,NH-127B,2025-12-27 11:24:00,Meghalaya,West Khasi Hills,HEAVY_RAIN,CRITICAL,BLOCKED,1,13.5,Structural wear or adverse weather (heavy_rain),25.6274,91.2124,HIGHWAY_PATROL
D002794,NH-54,2025-12-27 13:12:00,Mizoram,Aizawl,BRIDGE_DAMAGE,MEDIUM,PARTIAL,0,1.6,Structural wear or adverse weather (bridge_damage),23.6161,92.5856,HIGHWAY_PATROL
D002795,NH-27,2025-12-27 15:00:00,Assam,Nagaon,ACCIDENT,LOW,OPEN,0,4.8,Structural wear or adverse weather (accident),26.4384,92.614,BRO_BORDER_ROADS
D002796,NH-10,2025-12-27 16:48:00,Sikkim,East Sikkim,BRIDGE_DAMAGE,HIGH,BLOCKED,1,20.6,Structural wear or adverse weather (bridge_damage),27.393,88.6467,PWD_NER
D002797,NH-13,2025-12-27 18:36:00,Arunachal Pradesh,West Kameng,BRIDGE_DAMAGE,CRITICAL,BLOCKED,1,11.8,Structural wear or adverse weather (bridge_damage),27.2689,92.3501,BRO_BORDER_ROADS
D002798,NH-13,2025-12-27 20:24:00,Arunachal Pradesh,West Kameng,BRIDGE_DAMAGE,CRITICAL,BLOCKED,1,14.4,Structural wear or adverse weather (bridge_damage),27.287,92.4815,HIGHWAY_PATROL
D002799,NH-13,2025-12-27 22:12:00,Arunachal Pradesh,Lower Subansiri,ACCIDENT,MEDIUM,PARTIAL,0,2.2,Structural wear or adverse weather (accident),27.5513,93.7619,PWD_NER
D002800,NH-54,2025-12-28 00:00:00,Mizoram,Lunglei,ROAD_DAMAGE,CRITICAL,BLOCKED,1,11.4,Structural wear or adverse weather (road_damage),22.8786,92.6011,HIGHWAY_PATROL
