flood_id,date,state,district,latitude,longitude,rainfall_24h_mm,river_level_m,river_distance_km,elevation_m,flood_occurred,severity,road_blocked,duration_hours,current_system_score
FL000001,2025-04-01,Arunachal Pradesh,Tawang,27.6279,91.7169,12.0,6.11,5.04,2875,0,NONE,0,0.0,0.155
FL000002,2025-04-01,Arunachal Pradesh,West Kameng,27.1452,92.4881,1.9,5.68,4.52,2209,0,NONE,0,0.0,0.362
FL000003,2025-04-01,Arunachal Pradesh,Papum Pare,26.9593,93.5322,5.2,5.56,1.31,324,0,NONE,0,0.0,0.284
FL000004,2025-04-01,Arunachal Pradesh,East Siang,28.1308,95.3864,0.6,4.07,0.53,148,0,NONE,0,0.0,0.236
FL000005,2025-04-01,Arunachal Pradesh,Lower Subansiri,27.6428,93.6819,4.1,5.66,2.82,1603,0,NONE,0,0.0,0.076
FL000006,2025-04-01,Assam,Kamrup Metropolitan,26.0779,91.6508,0.5,2.98,0.61,92,0,NONE,0,0.0,0.076
FL000007,2025-04-01,Assam,Kamrup Rural,26.064,91.6662,5.4,2.54,0.38,75,0,NONE,0,0.0,0.041
FL000008,2025-04-01,Assam,Darrang,26.4398,91.9184,0.9,3.29,0.41,110,0,NONE,0,0.0,0.332
FL000009,2025-04-02,Assam,Sonitpur,26.7326,92.8282,4.2,5.48,0.37,128,0,NONE,0,0.0,0.236
FL000010,2025-04-02,Assam,Dibrugarh,27.3437,94.9604,2.3,4.14,0.2,146,0,NONE,0,0.0,0.275
FL000011,2025-04-02,Assam,Cachar,24.7531,92.6592,6.3,3.71,0.49,20,0,NONE,0,0.0,0.027
FL000012,2025-04-02,Assam,Nagaon,26.244,92.6406,6.2,5.78,1.06,89,0,NONE,0,0.0,0.369
FL000013,2025-04-02,Meghalaya,East Khasi Hills,25.6232,91.926,13.2,4.56,2.11,1451,0,NONE,0,0.0,0.32
FL000014,2025-04-02,Meghalaya,West Khasi Hills,25.4987,91.191,1.8,3.71,1.91,1338,0,NONE,0,0.0,0.096
FL000015,2025-04-02,Meghalaya,Ri-Bhoi,25.9554,91.9829,9.7,4.94,1.78,589,0,NONE,0,0.0,0.085
FL000016,2025-04-02,Meghalaya,West Jaintia Hills,25.5415,92.1703,0.8,4.11,1.46,1278,0,NONE,0,0.0,0.086
FL000017,2025-04-02,Sikkim,East Sikkim,27.4518,88.5509,13.2,3.97,0.43,1673,0,NONE,0,0.0,0.13
FL000018,2025-04-02,Sikkim,North Sikkim,27.5429,88.4429,8.3,5.8,0.41,2407,0,NONE,0,0.0,0.209
FL000019,2025-04-03,Sikkim,South Sikkim,27.0988,88.3754,5.8,4.77,0.39,1354,0,NONE,0,0.0,0.176
FL000020,2025-04-03,Nagaland,Kohima,25.8243,94.0001,2.2,4.31,1.58,1443,0,NONE,0,0.0,0.125
FL000021,2025-04-03,Nagaland,Dimapur,25.7897,93.7657,11.8,5.61,1.04,236,0,NONE,0,0.0,0.24
FL000022,2025-04-03,Nagaland,Mokokchung,26.2904,94.5488,9.9,3.4,2.48,1319,0,NONE,0,0.0,0.07
FL000023,2025-04-03,Manipur,Imphal West,24.9252,93.7902,5.2,3.69,0.83,817,0,NONE,0,0.0,0.125
FL000024,2025-04-03,Manipur,Bishnupur,24.7077,93.8451,4.1,6.36,0.33,753,0,NONE,0,0.0,0.152
FL000025,2025-04-03,Manipur,Senapati,25.2461,94.1461,3.3,5.71,1.78,1302,0,NONE,0,0.0,0.184
FL000026,2025-04-03,Mizoram,Aizawl,23.8057,92.7199,11.3,5.77,1.94,1083,0,NONE,0,0.0,0.303
FL000027,2025-04-03,Mizoram,Kolasib,24.2617,92.7127,0.2,6.36,1.06,569,0,NONE,0,0.0,0.092
FL000028,2025-04-03,Mizoram,Lunglei,23.016,92.8667,5.9,5.1,2.46,1077,0,NONE,0,0.0,0.205
FL000029,2025-04-04,Tripura,West Tripura,23.6873,91.4155,14.0,3.65,1.47,87,0,NONE,0,0.0,0.233
FL000030,2025-04-04,Tripura,Sipahijala,23.5568,91.2343,0.5,3.03,2.61,44,0,NONE,0,0.0,0.037
FL000031,2025-04-04,Tripura,Dhalai,23.8458,91.7208,8.1,5.11,1.43,177,0,NONE,0,0.0,0.239
FL000032,2025-04-04,Arunachal Pradesh,Tawang,27.634,91.9935,3.4,4.02,5.52,2861,0,NONE,0,0.0,0.081
FL000033,2025-04-04,Arunachal Pradesh,West Kameng,27.2414,92.3294,3.6,2.69,4.7,2209,0,NONE,0,0.0,0.043
FL000034,2025-04-04,Arunachal Pradesh,Papum Pare,27.1643,93.5863,8.5,4.66,1.23,345,0,NONE,0,0.0,0.362
FL000035,2025-04-04,Arunachal Pradesh,East Siang,28.0713,95.2123,12.1,2.63,0.16,123,0,NONE,0,0.0,0.368
FL000036,2025-04-04,Arunachal Pradesh,Lower Subansiri,27.5662,93.8565,10.8,2.81,2.96,1500,0,NONE,0,0.0,0.311
FL000037,2025-04-04,Assam,Kamrup Metropolitan,26.0632,91.8578,11.5,3.21,0.88,105,0,NONE,0,0.0,0.13
FL000038,2025-04-04,Assam,Kamrup Rural,26.1185,91.5576,8.7,4.62,0.96,67,0,NONE,0,0.0,0.055
FL000039,2025-04-05,Assam,Darrang,26.4733,92.0228,11.4,3.5,0.31,92,0,NONE,0,0.0,0.266
FL000040,2025-04-05,Assam,Sonitpur,26.5121,92.8403,7.6,3.52,0.55,63,0,NONE,0,0.0,0.178
FL000041,2025-04-05,Assam,Dibrugarh,27.5415,94.964,2.6,4.53,0.41,130,0,NONE,0,0.0,0.064
FL000042,2025-04-05,Assam,Cachar,24.7851,92.8874,3.9,4.63,0.3,20,0,NONE,0,0.0,0.198
FL000043,2025-04-05,Assam,Nagaon,26.2373,92.589,3.5,6.17,1.05,63,0,NONE,0,0.0,0.032
FL000044,2025-04-05,Meghalaya,East Khasi Hills,25.5617,92.0017,9.1,5.66,2.37,1500,0,NONE,0,0.0,0.347
FL000045,2025-04-05,Meghalaya,West Khasi Hills,25.5222,91.1144,4.0,4.86,2.1,1231,0,NONE,0,0.0,0.113
FL000046,2025-04-05,Meghalaya,Ri-Bhoi,25.7999,91.8757,11.3,5.79,1.84,517,0,NONE,0,0.0,0.259
FL000047,2025-04-05,Meghalaya,West Jaintia Hills,25.3494,92.0506,4.1,3.92,1.36,1319,0,NONE,0,0.0,0.132
FL000048,2025-04-05,Sikkim,East Sikkim,27.3254,88.5834,7.9,5.93,0.21,1683,0,NONE,0,0.0,0.207
FL000049,2025-04-06,Sikkim,North Sikkim,27.5655,88.4464,3.8,3.79,0.09,2427,0,NONE,0,0.0,0.217
FL000050,2025-04-06,Sikkim,South Sikkim,27.2407,88.2183,12.2,3.66,0.53,1280,0,NONE,0,0.0,0.087
FL000051,2025-04-06,Nagaland,Kohima,25.676,94.2144,1.1,3.92,1.88,1400,0,NONE,0,0.0,0.369
FL000052,2025-04-06,Nagaland,Dimapur,26.0122,93.5981,10.8,4.6,0.8,143,0,NONE,0,0.0,0.299
FL000053,2025-04-06,Nagaland,Mokokchung,26.211,94.6371,8.2,4.98,1.88,1291,0,NONE,0,0.0,0.358
FL000054,2025-04-06,Manipur,Imphal West,24.6916,93.984,1.8,4.89,0.86,797,0,NONE,0,0.0,0.342
FL000055,2025-04-06,Manipur,Bishnupur,24.5437,93.8294,5.6,2.65,0.14,740,0,NONE,0,0.0,0.235
FL000056,2025-04-06,Manipur,Senapati,25.3037,93.9972,11.3,2.82,1.2,1308,0,NONE,0,0.0,0.352
FL000057,2025-04-06,Mizoram,Aizawl,23.7146,92.8671,4.4,3.18,1.89,1082,0,NONE,0,0.0,0.052
FL000058,2025-04-06,Mizoram,Kolasib,24.1496,92.81,4.6,3.37,1.11,662,0,NONE,0,0.0,0.091
FL000059,2025-04-07,Mizoram,Lunglei,22.8155,92.7215,4.2,2.86,2.65,1029,0,NONE,0,0.0,0.036
FL000060,2025-04-07,Tripura,West Tripura,23.9777,91.333,3.7,6.12,1.31,20,0,NONE,0,0.0,0.137
FL000061,2025-04-07,Tripura,Sipahijala,23.7645,91.1931,7.0,3.03,2.63,84,0,NONE,0,0.0,0.16
FL000062,2025-04-07,Tripura,Dhalai,23.7321,91.866,1.5,3.7,1.49,114,0,NONE,0,0.0,0.118
FL000063,2025-04-07,Arunachal Pradesh,Tawang,27.539,91.9156,6.9,6.3,5.27,2949,0,NONE,0,0.0,0.318
FL000064,2025-04-07,Arunachal Pradesh,West Kameng,27.3861,92.5197,13.8,6.07,4.79,2151,0,NONE,0,0.0,0.148
FL000065,2025-04-07,Arunachal Pradesh,Papum Pare,26.9636,93.5667,7.6,2.99,1.12,276,0,NONE,0,0.0,0.121
FL000066,2025-04-07,Arunachal Pradesh,East Siang,28.1384,95.3415,5.0,3.75,0.22,149,0,NONE,0,0.0,0.215
FL000067,2025-04-07,Arunachal Pradesh,Lower Subansiri,27.6835,93.8873,9.9,4.32,3.09,1519,0,NONE,0,0.0,0.071
FL000068,2025-04-07,Assam,Kamrup Metropolitan,26.1693,91.6306,9.2,4.56,0.79,20,0,NONE,0,0.0,0.309
FL000069,2025-04-08,Assam,Kamrup Rural,26.3149,91.7037,5.2,3.57,0.49,20,0,NONE,0,0.0,0.047
FL000070,2025-04-08,Assam,Darrang,26.3769,91.9118,1.5,5.71,0.62,91,0,NONE,0,0.0,0.375
FL000071,2025-04-08,Assam,Sonitpur,26.776,92.8674,4.2,4.35,0.81,136,0,NONE,0,0.0,0.298
FL000072,2025-04-08,Assam,Dibrugarh,27.6157,95.0052,11.9,4.57,0.27,160,0,NONE,0,0.0,0.092
FL000073,2025-04-08,Assam,Cachar,24.9606,92.8636,0.2,6.4,0.51,20,0,NONE,0,0.0,0.022
FL000074,2025-04-08,Assam,Nagaon,26.4384,92.614,5.7,2.87,0.7,104,0,NONE,0,0.0,0.314
FL000075,2025-04-08,Meghalaya,East Khasi Hills,25.4404,91.8845,6.0,5.74,2.25,1455,0,NONE,0,0.0,0.274
FL000076,2025-04-08,Meghalaya,West Khasi Hills,25.4516,91.3486,0.7,4.42,1.98,1249,0,NONE,0,0.0,0.282
FL000077,2025-04-08,Meghalaya,Ri-Bhoi,25.8695,91.8136,2.2,5.76,1.43,498,0,NONE,0,0.0,0.298
FL000078,2025-04-08,Meghalaya,West Jaintia Hills,25.4924,92.1699,5.9,5.41,1.46,1377,0,NONE,0,0.0,0.047
FL000079,2025-04-09,Sikkim,East Sikkim,27.2235,88.7476,1.6,5.87,0.49,1612,0,NONE,0,0.0,0.149
FL000080,2025-04-09,Sikkim,North Sikkim,27.3615,88.579,3.9,5.47,0.25,2434,0,NONE,0,0.0,0.062
FL000081,2025-04-09,Sikkim,South Sikkim,27.2019,88.3534,2.8,3.29,0.27,1289,0,NONE,0,0.0,0.331
FL000082,2025-04-09,Nagaland,Kohima,25.5384,94.0894,13.8,3.47,1.9,1446,0,NONE,0,0.0,0.244
FL000083,2025-04-09,Nagaland,Dimapur,25.9726,93.8001,10.0,3.46,0.93,220,0,NONE,0,0.0,0.139
FL000084,2025-04-09,Nagaland,Mokokchung,26.4597,94.6462,11.4,3.81,2.4,1339,0,NONE,0,0.0,0.043
FL000085,2025-04-09,Manipur,Imphal West,24.8829,93.8769,5.1,6.25,0.46,764,0,NONE,0,0.0,0.132
FL000086,2025-04-09,Manipur,Bishnupur,24.6916,93.7808,8.5,4.96,0.66,734,0,NONE,0,0.0,0.137
FL000087,2025-04-09,Manipur,Senapati,25.3132,94.1308,12.0,6.12,1.41,1268,0,NONE,0,0.0,0.283
FL000088,2025-04-09,Mizoram,Aizawl,23.8272,92.6588,7.9,2.58,2.13,1096,0,NONE,0,0.0,0.25
FL000089,2025-04-10,Mizoram,Kolasib,24.2664,92.6695,3.7,4.71,1.28,606,0,NONE,0,0.0,0.339
FL000090,2025-04-10,Mizoram,Lunglei,22.9681,92.8779,2.7,3.53,2.31,1054,0,NONE,0,0.0,0.19
FL000091,2025-04-10,Tripura,West Tripura,23.8361,91.3267,4.1,3.78,1.57,20,0,NONE,0,0.0,0.063
FL000092,2025-04-10,Tripura,Sipahijala,23.5555,91.2551,3.9,4.07,2.57,75,0,NONE,0,0.0,0.277
FL000093,2025-04-10,Tripura,Dhalai,23.7735,91.8425,13.4,4.01,1.65,188,0,NONE,0,0.0,0.294
FL000094,2025-04-10,Arunachal Pradesh,Tawang,27.7019,91.8821,3.8,4.16,5.27,2931,0,NONE,0,0.0,0.222
FL000095,2025-04-10,Arunachal Pradesh,West Kameng,27.1877,92.4627,0.5,5.81,4.81,2140,0,NONE,0,0.0,0.298
FL000096,2025-04-10,Arunachal Pradesh,Papum Pare,27.216,93.7001,9.1,5.17,1.57,288,0,NONE,0,0.0,0.198
FL000097,2025-04-10,Arunachal Pradesh,East Siang,28.0714,95.1911,3.0,3.2,0.23,126,0,NONE,0,0.0,0.208
FL000098,2025-04-10,Arunachal Pradesh,Lower Subansiri,27.44,93.8194,4.9,4.8,2.94,1567,0,NONE,0,0.0,0.174
FL000099,2025-04-11,Assam,Kamrup Metropolitan,26.2795,91.8536,5.7,5.83,1.13,73,0,NONE,0,0.0,0.029
FL000100,2025-04-11,Assam,Kamrup Rural,26.163,91.6841,7.3,5.36,0.83,55,0,NONE,0,0.0,0.059
FL000101,2025-04-11,Assam,Darrang,26.4444,91.9588,9.7,3.96,0.23,23,0,NONE,0,0.0,0.031
FL000102,2025-04-11,Assam,Sonitpur,26.7171,92.788,11.8,5.43,0.3,48,0,NONE,0,0.0,0.249
FL000103,2025-04-11,Assam,Dibrugarh,27.4085,94.8435,4.7,3.63,0.2,88,0,NONE,0,0.0,0.133
FL000104,2025-04-11,Assam,Cachar,24.7285,92.7438,0.4,2.56,0.05,20,0,NONE,0,0.0,0.203
FL000105,2025-04-11,Assam,Nagaon,26.3175,92.6968,12.7,2.81,0.99,57,0,NONE,0,0.0,0.347
FL000106,2025-04-11,Meghalaya,East Khasi Hills,25.5456,91.9742,8.0,3.73,2.52,1519,0,NONE,0,0.0,0.11
FL000107,2025-04-11,Meghalaya,West Khasi Hills,25.5327,91.2531,4.6,5.05,2.04,1340,0,NONE,0,0.0,0.168
FL000108,2025-04-11,Meghalaya,Ri-Bhoi,26.006,92.016,8.0,6.25,1.73,543,0,NONE,0,0.0,0.292
FL000109,2025-04-12,Meghalaya,West Jaintia Hills,25.54,92.3193,10.6,6.47,1.13,1332,0,NONE,0,0.0,0.102
FL000110,2025-04-12,Sikkim,East Sikkim,27.1976,88.5573,11.8,6.05,0.32,1676,0,NONE,0,0.0,0.048
FL000111,2025-04-12,Sikkim,North Sikkim,27.6022,88.6759,12.0,5.17,0.64,2469,0,NONE,0,0.0,0.124
FL000112,2025-04-12,Sikkim,South Sikkim,27.1976,88.3989,5.7,5.05,0.24,1250,0,NONE,0,0.0,0.078
FL000113,2025-04-12,Nagaland,Kohima,25.6636,93.9737,9.5,3.97,1.85,1428,0,NONE,0,0.0,0.355
FL000114,2025-04-12,Nagaland,Dimapur,25.8581,93.8414,11.8,3.06,1.19,170,0,NONE,0,0.0,0.311
FL000115,2025-04-12,Nagaland,Mokokchung,26.2507,94.3946,5.9,3.52,1.88,1262,0,NONE,0,0.0,0.248
FL000116,2025-04-12,Manipur,Imphal West,24.9526,93.8541,12.8,6.5,0.67,733,0,NONE,0,0.0,0.334
FL000117,2025-04-12,Manipur,Bishnupur,24.7087,93.8994,2.2,3.98,0.45,735,0,NONE,0,0.0,0.309
FL000118,2025-04-12,Manipur,Senapati,25.1816,94.0021,9.4,6.07,1.29,1204,0,NONE,0,0.0,0.087
FL000119,2025-04-13,Mizoram,Aizawl,23.7869,92.7977,5.0,3.95,2.38,1091,0,NONE,0,0.0,0.341
FL000120,2025-04-13,Mizoram,Kolasib,24.2855,92.7633,4.8,4.22,1.02,570,0,NONE,0,0.0,0.214
FL000121,2025-04-13,Mizoram,Lunglei,22.7377,92.6836,3.8,2.75,2.49,1046,0,NONE,0,0.0,0.311
FL000122,2025-04-13,Tripura,West Tripura,23.9639,91.1963,2.1,5.77,1.36,50,0,NONE,0,0.0,0.343
FL000123,2025-04-13,Tripura,Sipahijala,23.5156,91.3937,7.0,5.7,3.07,80,0,NONE,0,0.0,0.134
FL000124,2025-04-13,Tripura,Dhalai,23.9389,91.8698,4.8,3.38,1.63,85,0,NONE,0,0.0,0.06
FL000125,2025-04-13,Arunachal Pradesh,Tawang,27.5473,91.8612,11.9,5.54,5.22,2883,0,NONE,0,0.0,0.102
FL000126,2025-04-13,Arunachal Pradesh,West Kameng,27.2616,92.396,4.6,3.62,4.79,2186,0,NONE,0,0.0,0.174
FL000127,2025-04-13,Arunachal Pradesh,Papum Pare,27.1626,93.5972,5.8,6.42,1.37,353,0,NONE,0,0.0,0.314
FL000128,2025-04-13,Arunachal Pradesh,East Siang,28.1008,95.4519,9.0,4.32,0.43,194,0,NONE,0,0.0,0.33
FL000129,2025-04-14,Arunachal Pradesh,Lower Subansiri,27.6193,93.7605,5.8,3.19,3.16,1609,0,NONE,0,0.0,0.023
FL000130,2025-04-14,Assam,Kamrup Metropolitan,26.0782,91.7214,0.4,3.54,0.95,91,0,NONE,0,0.0,0.204
FL000131,2025-04-14,Assam,Kamrup Rural,26.1487,91.4206,2.6,5.2,0.67,106,0,NONE,0,0.0,0.17
FL000132,2025-04-14,Assam,Darrang,26.4084,91.9585,9.6,2.8,0.51,27,0,NONE,0,0.0,0.1
FL000133,2025-04-14,Assam,Sonitpur,26.5667,92.6456,1.9,4.91,0.72,42,0,NONE,0,0.0,0.063
FL000134,2025-04-14,Assam,Dibrugarh,27.4694,94.9894,10.6,5.79,0.61,136,0,NONE,0,0.0,0.142
FL000135,2025-04-14,Assam,Cachar,24.8178,92.6341,4.6,4.55,0.4,20,0,NONE,0,0.0,0.359
FL000136,2025-04-14,Assam,Nagaon,26.2871,92.7085,12.3,3.19,0.67,64,0,NONE,0,0.0,0.136
FL000137,2025-04-14,Meghalaya,East Khasi Hills,25.7278,91.9084,2.0,6.44,2.13,1475,0,NONE,0,0.0,0.207
FL000138,2025-04-14,Meghalaya,West Khasi Hills,25.4354,91.1462,2.2,6.09,2.03,1244,0,NONE,0,0.0,0.273
FL000139,2025-04-15,Meghalaya,Ri-Bhoi,26.0353,91.937,11.5,2.96,1.56,514,0,NONE,0,0.0,0.151
FL000140,2025-04-15,Meghalaya,West Jaintia Hills,25.5174,92.343,10.6,3.7,1.49,1337,0,NONE,0,0.0,0.37
FL000141,2025-04-15,Sikkim,East Sikkim,27.4387,88.5454,3.1,3.34,0.05,1636,0,NONE,0,0.0,0.366
FL000142,2025-04-15,Sikkim,North Sikkim,27.5102,88.4823,10.9,3.84,0.5,2396,0,NONE,0,0.0,0.111
FL000143,2025-04-15,Sikkim,South Sikkim,27.0579,88.4605,12.6,3.35,0.16,1302,0,NONE,0,0.0,0.199
FL000144,2025-04-15,Nagaland,Kohima,25.6104,94.1022,5.2,6.01,1.58,1423,0,NONE,0,0.0,0.128
FL000145,2025-04-15,Nagaland,Dimapur,26.0391,93.7208,5.3,5.06,0.97,240,0,NONE,0,0.0,0.123
FL000146,2025-04-15,Nagaland,Mokokchung,26.3481,94.5759,5.2,5.8,2.22,1279,0,NONE,0,0.0,0.033
FL000147,2025-04-15,Manipur,Imphal West,24.7582,94.085,10.5,3.87,0.52,740,0,NONE,0,0.0,0.239
FL000148,2025-04-15,Manipur,Bishnupur,24.6612,93.8,1.8,5.36,0.34,809,0,NONE,0,0.0,0.201
FL000149,2025-04-16,Manipur,Senapati,25.2428,94.118,2.6,5.77,1.55,1244,0,NONE,0,0.0,0.039
FL000150,2025-04-16,Mizoram,Aizawl,23.76,92.7896,8.2,3.0,1.89,1167,0,NONE,0,0.0,0.12
FL000151,2025-04-16,Mizoram,Kolasib,24.2681,92.5771,6.7,6.44,1.05,572,0,NONE,0,0.0,0.347
FL000152,2025-04-16,Mizoram,Lunglei,22.8526,92.7968,10.9,5.17,2.4,1020,0,NONE,0,0.0,0.106
FL000153,2025-04-16,Tripura,West Tripura,23.8936,91.3477,3.5,4.19,1.1,33,0,NONE,0,0.0,0.072
FL000154,2025-04-16,Tripura,Sipahijala,23.5644,91.3994,8.4,5.49,3.16,47,0,NONE,0,0.0,0.196
FL000155,2025-04-16,Tripura,Dhalai,23.8275,91.8634,9.1,2.51,1.52,162,0,NONE,0,0.0,0.375
FL000156,2025-04-16,Arunachal Pradesh,Tawang,27.4788,91.7273,13.4,5.27,5.44,2941,0,NONE,0,0.0,0.107
FL000157,2025-04-16,Arunachal Pradesh,West Kameng,27.2853,92.3525,1.0,4.54,4.45,2155,0,NONE,0,0.0,0.262
FL000158,2025-04-16,Arunachal Pradesh,Papum Pare,27.0712,93.5483,11.8,5.84,1.0,329,0,NONE,0,0.0,0.294
FL000159,2025-04-17,Arunachal Pradesh,East Siang,27.928,95.3056,4.2,3.49,0.17,136,0,NONE,0,0.0,0.106
FL000160,2025-04-17,Arunachal Pradesh,Lower Subansiri,27.4687,93.8823,9.9,6.33,3.17,1610,0,NONE,0,0.0,0.282
FL000161,2025-04-17,Assam,Kamrup Metropolitan,26.2944,91.7879,13.9,4.53,1.05,29,0,NONE,0,0.0,0.152
FL000162,2025-04-17,Assam,Kamrup Rural,26.0876,91.5677,1.8,6.38,0.47,54,0,NONE,0,0.0,0.248
FL000163,2025-04-17,Assam,Darrang,26.4776,92.0714,9.1,4.32,0.36,54,0,NONE,0,0.0,0.248
FL000164,2025-04-17,Assam,Sonitpur,26.6063,92.7389,8.8,3.83,0.46,31,0,NONE,0,0.0,0.213
FL000165,2025-04-17,Assam,Dibrugarh,27.5309,94.8485,6.7,2.79,0.64,168,0,NONE,0,0.0,0.053
FL000166,2025-04-17,Assam,Cachar,24.6943,92.6553,4.3,5.46,0.58,20,0,NONE,0,0.0,0.321
FL000167,2025-04-17,Assam,Nagaon,26.3165,92.6884,9.2,3.53,0.8,20,0,NONE,0,0.0,0.135
FL000168,2025-04-17,Meghalaya,East Khasi Hills,25.5528,91.7996,2.8,2.67,2.27,1476,0,NONE,0,0.0,0.087
FL000169,2025-04-18,Meghalaya,West Khasi Hills,25.4926,91.1255,10.7,5.19,2.15,1254,0,NONE,0,0.0,0.035
FL000170,2025-04-18,Meghalaya,Ri-Bhoi,25.8814,91.9395,10.1,4.97,1.66,505,0,NONE,0,0.0,0.233
FL000171,2025-04-18,Meghalaya,West Jaintia Hills,25.5398,92.2629,11.3,4.51,1.21,1309,0,NONE,0,0.0,0.264
FL000172,2025-04-18,Sikkim,East Sikkim,27.2169,88.7542,6.9,5.44,0.47,1706,0,NONE,0,0.0,0.026
FL000173,2025-04-18,Sikkim,North Sikkim,27.5443,88.4462,0.9,2.57,0.38,2509,0,NONE,0,0.0,0.204
FL000174,2025-04-18,Sikkim,South Sikkim,27.102,88.4504,1.0,5.3,0.51,1300,0,NONE,0,0.0,0.102
FL000175,2025-04-18,Nagaland,Kohima,25.6402,94.2352,6.8,4.64,1.64,1445,0,NONE,0,0.0,0.252
FL000176,2025-04-18,Nagaland,Dimapur,25.7777,93.8093,2.7,6.37,1.26,244,0,NONE,0,0.0,0.083
FL000177,2025-04-18,Nagaland,Mokokchung,26.3273,94.6162,7.6,5.18,2.39,1296,0,NONE,0,0.0,0.269
FL000178,2025-04-18,Manipur,Imphal West,24.841,93.9848,11.2,2.71,0.6,835,0,NONE,0,0.0,0.159
FL000179,2025-04-19,Manipur,Bishnupur,24.5859,93.7801,11.5,3.88,0.66,779,0,NONE,0,0.0,0.357
FL000180,2025-04-19,Manipur,Senapati,25.3709,94.1542,4.5,6.24,1.3,1220,0,NONE,0,0.0,0.07
FL000181,2025-04-19,Mizoram,Aizawl,23.8098,92.5807,10.0,5.58,2.34,1165,0,NONE,0,0.0,0.143
FL000182,2025-04-19,Mizoram,Kolasib,24.1844,92.8265,2.2,4.17,1.59,651,0,NONE,0,0.0,0.061
FL000183,2025-04-19,Mizoram,Lunglei,22.8786,92.6011,9.6,3.91,2.47,1024,0,NONE,0,0.0,0.353
FL000184,2025-04-19,Tripura,West Tripura,23.7116,91.3903,5.5,3.02,1.25,20,0,NONE,0,0.0,0.336
FL000185,2025-04-19,Tripura,Sipahijala,23.7017,91.285,8.4,4.11,2.6,55,0,NONE,0,0.0,0.113
FL000186,2025-04-19,Tripura,Dhalai,23.9345,91.7795,8.5,2.59,1.77,159,0,NONE,0,0.0,0.258
FL000187,2025-04-19,Arunachal Pradesh,Tawang,27.6916,91.9651,11.8,5.01,5.57,2949,0,NONE,0,0.0,0.314
FL000188,2025-04-19,Arunachal Pradesh,West Kameng,27.3025,92.5321,2.4,4.22,4.27,2202,0,NONE,0,0.0,0.22
FL000189,2025-04-20,Arunachal Pradesh,Papum Pare,26.9709,93.6559,9.7,2.88,1.1,377,0,NONE,0,0.0,0.211
FL000190,2025-04-20,Arunachal Pradesh,East Siang,27.9431,95.4695,11.4,6.29,0.72,192,0,NONE,0,0.0,0.107
FL000191,2025-04-20,Arunachal Pradesh,Lower Subansiri,27.5331,93.8882,11.2,5.39,2.76,1615,0,NONE,0,0.0,0.054
FL000192,2025-04-20,Assam,Kamrup Metropolitan,26.0113,91.6937,11.2,5.59,0.9,50,0,NONE,0,0.0,0.343
FL000193,2025-04-20,Assam,Kamrup Rural,26.2048,91.6498,6.7,4.32,0.75,20,0,NONE,0,0.0,0.344
FL000194,2025-04-20,Assam,Darrang,26.4168,92.0859,12.1,5.06,0.14,55,0,NONE,0,0.0,0.248
FL000195,2025-04-20,Assam,Sonitpur,26.6221,92.7188,0.9,3.12,0.83,50,0,NONE,0,0.0,0.142
FL000196,2025-04-20,Assam,Dibrugarh,27.4624,94.8483,12.3,3.45,0.44,117,0,NONE,0,0.0,0.146
FL000197,2025-04-20,Assam,Cachar,24.787,92.8052,10.6,2.5,0.4,46,0,NONE,0,0.0,0.281
FL000198,2025-04-20,Assam,Nagaon,26.3323,92.6246,7.5,2.98,0.52,53,0,NONE,0,0.0,0.343
FL000199,2025-04-21,Meghalaya,East Khasi Hills,25.5432,91.851,7.2,4.64,2.14,1467,0,NONE,0,0.0,0.339
FL000200,2025-04-21,Meghalaya,West Khasi Hills,25.6534,91.3075,11.6,4.01,2.11,1255,0,NONE,0,0.0,0.301
FL000201,2025-04-21,Meghalaya,Ri-Bhoi,25.9835,92.0221,11.7,3.41,1.57,606,0,NONE,0,0.0,0.251
FL000202,2025-04-21,Meghalaya,West Jaintia Hills,25.5712,92.1359,2.3,5.56,1.37,1372,0,NONE,0,0.0,0.05
FL000203,2025-04-21,Sikkim,East Sikkim,27.2546,88.5135,2.2,5.63,0.32,1622,0,NONE,0,0.0,0.078
FL000204,2025-04-21,Sikkim,North Sikkim,27.5478,88.6515,12.0,3.59,0.46,2470,0,NONE,0,0.0,0.343
FL000205,2025-04-21,Sikkim,South Sikkim,27.0318,88.4366,0.6,5.84,0.63,1244,0,NONE,0,0.0,0.238
FL000206,2025-04-21,Nagaland,Kohima,25.5521,94.0471,3.6,3.01,1.68,1475,0,NONE,0,0.0,0.023
FL000207,2025-04-21,Nagaland,Dimapur,25.9928,93.8404,8.5,2.57,1.24,181,0,NONE,0,0.0,0.057
FL000208,2025-04-21,Nagaland,Mokokchung,26.4241,94.4471,1.7,3.78,2.48,1365,0,NONE,0,0.0,0.259
FL000209,2025-04-22,Manipur,Imphal West,24.7555,94.0479,4.0,5.19,0.88,827,0,NONE,0,0.0,0.022
FL000210,2025-04-22,Manipur,Bishnupur,24.5246,93.9045,1.7,2.74,0.49,820,0,NONE,0,0.0,0.078
FL000211,2025-04-22,Manipur,Senapati,25.2292,94.1137,1.4,6.46,1.66,1261,0,NONE,0,0.0,0.218
FL000212,2025-04-22,Mizoram,Aizawl,23.5813,92.7286,9.0,5.62,2.24,1128,0,NONE,0,0.0,0.269
FL000213,2025-04-22,Mizoram,Kolasib,24.1486,92.6443,5.1,5.43,1.02,631,0,NONE,0,0.0,0.255
FL000214,2025-04-22,Mizoram,Lunglei,22.8001,92.5975,10.2,3.34,2.46,1073,0,NONE,0,0.0,0.101
FL000215,2025-04-22,Tripura,West Tripura,23.8645,91.3311,8.0,4.8,1.54,56,0,NONE,0,0.0,0.276
FL000216,2025-04-22,Tripura,Sipahijala,23.5757,91.2845,7.9,6.24,2.57,20,0,NONE,0,0.0,0.105
FL000217,2025-04-22,Tripura,Dhalai,23.9988,91.7348,4.5,2.69,1.44,110,0,NONE,0,0.0,0.137
FL000218,2025-04-22,Arunachal Pradesh,Tawang,27.5722,91.9105,10.3,4.39,5.3,2935,0,NONE,0,0.0,0.289
FL000219,2025-04-23,Arunachal Pradesh,West Kameng,27.2907,92.4839,4.2,4.49,4.31,2253,0,NONE,0,0.0,0.254
FL000220,2025-04-23,Arunachal Pradesh,Papum Pare,27.0972,93.589,12.3,2.56,1.19,295,0,NONE,0,0.0,0.326
FL000221,2025-04-23,Arunachal Pradesh,East Siang,28.049,95.4612,5.2,5.91,0.79,204,0,NONE,0,0.0,0.257
FL000222,2025-04-23,Arunachal Pradesh,Lower Subansiri,27.5102,93.9505,11.2,5.24,2.81,1582,0,NONE,0,0.0,0.225
FL000223,2025-04-23,Assam,Kamrup Metropolitan,26.0514,91.6228,0.4,4.83,0.61,103,0,NONE,0,0.0,0.054
FL000224,2025-04-23,Assam,Kamrup Rural,26.0986,91.6038,9.8,5.9,0.57,20,0,NONE,0,0.0,0.152
FL000225,2025-04-23,Assam,Darrang,26.5986,92.1171,2.6,3.46,0.55,20,0,NONE,0,0.0,0.115
FL000226,2025-04-23,Assam,Sonitpur,26.5459,92.7074,13.5,3.59,0.75,129,0,NONE,0,0.0,0.108
FL000227,2025-04-23,Assam,Dibrugarh,27.5594,94.9408,8.7,5.42,0.24,83,0,NONE,0,0.0,0.37
FL000228,2025-04-23,Assam,Cachar,24.7223,92.7041,9.6,5.03,0.51,20,0,NONE,0,0.0,0.162
FL000229,2025-04-24,Assam,Nagaon,26.2347,92.6415,10.7,6.28,0.66,104,0,NONE,0,0.0,0.341
FL000230,2025-04-24,Meghalaya,East Khasi Hills,25.4811,91.759,8.3,5.48,2.02,1524,0,NONE,0,0.0,0.247
FL000231,2025-04-24,Meghalaya,West Khasi Hills,25.3791,91.2445,4.6,3.14,1.62,1266,0,NONE,0,0.0,0.306
FL000232,2025-04-24,Meghalaya,Ri-Bhoi,25.9012,92.0136,8.0,4.05,1.84,495,0,NONE,0,0.0,0.201
FL000233,2025-04-24,Meghalaya,West Jaintia Hills,25.4977,92.1405,5.5,2.6,0.89,1352,0,NONE,0,0.0,0.228
FL000234,2025-04-24,Sikkim,East Sikkim,27.3326,88.577,10.1,3.82,0.31,1677,0,NONE,0,0.0,0.197
FL000235,2025-04-24,Sikkim,North Sikkim,27.4831,88.6698,12.4,3.96,0.09,2431,0,NONE,0,0.0,0.09
FL000236,2025-04-24,Sikkim,South Sikkim,27.1025,88.3899,13.0,5.34,0.4,1310,0,NONE,0,0.0,0.28
FL000237,2025-04-24,Nagaland,Kohima,25.7043,94.0471,4.4,5.33,1.61,1444,0,NONE,0,0.0,0.121
FL000238,2025-04-24,Nagaland,Dimapur,25.9673,93.8333,6.6,6.26,1.01,218,0,NONE,0,0.0,0.029
FL000239,2025-04-25,Nagaland,Mokokchung,26.4346,94.499,6.1,5.4,2.07,1373,0,NONE,0,0.0,0.252
FL000240,2025-04-25,Manipur,Imphal West,24.803,93.9116,0.0,4.03,0.45,737,0,NONE,0,0.0,0.084
FL000241,2025-04-25,Manipur,Bishnupur,24.5589,93.9006,7.1,3.09,0.09,797,0,NONE,0,0.0,0.359
FL000242,2025-04-25,Manipur,Senapati,25.3595,93.888,13.2,4.52,1.39,1202,0,NONE,0,0.0,0.363
FL000243,2025-04-25,Mizoram,Aizawl,23.6161,92.5856,1.5,4.93,2.19,1141,0,NONE,0,0.0,0.349
FL000244,2025-04-25,Mizoram,Kolasib,24.1932,92.7921,7.6,3.99,1.51,670,0,NONE,0,0.0,0.153
FL000245,2025-04-25,Mizoram,Lunglei,22.9463,92.8805,0.5,5.69,2.32,1036,0,NONE,0,0.0,0.026
FL000246,2025-04-25,Tripura,West Tripura,23.8337,91.1832,9.3,5.43,1.02,36,0,NONE,0,0.0,0.354
FL000247,2025-04-25,Tripura,Sipahijala,23.7386,91.2723,13.7,4.27,2.7,69,0,NONE,0,0.0,0.174
FL000248,2025-04-25,Tripura,Dhalai,23.8287,91.8683,12.3,5.27,1.75,178,0,NONE,0,0.0,0.368
FL000249,2025-04-26,Arunachal Pradesh,Tawang,27.6289,91.7173,4.8,5.84,5.4,2958,0,NONE,0,0.0,0.367
FL000250,2025-04-26,Arunachal Pradesh,West Kameng,27.1232,92.3479,12.9,5.74,4.47,2237,0,NONE,0,0.0,0.327
FL000251,2025-04-26,Arunachal Pradesh,Papum Pare,26.9522,93.7276,7.0,4.88,1.0,332,0,NONE,0,0.0,0.126
FL000252,2025-04-26,Arunachal Pradesh,East Siang,28.1383,95.4675,9.7,4.91,0.29,106,0,NONE,0,0.0,0.159
FL000253,2025-04-26,Arunachal Pradesh,Lower Subansiri,27.5259,93.7823,7.4,5.59,2.76,1547,0,NONE,0,0.0,0.326
FL000254,2025-04-26,Assam,Kamrup Metropolitan,26.2769,91.7651,7.3,3.33,0.65,108,0,NONE,0,0.0,0.134
FL000255,2025-04-26,Assam,Kamrup Rural,26.2204,91.6142,5.6,2.62,0.63,32,0,NONE,0,0.0,0.081
FL000256,2025-04-26,Assam,Darrang,26.4841,92.0053,10.5,5.23,0.12,20,0,NONE,0,0.0,0.22
FL000257,2025-04-26,Assam,Sonitpur,26.6128,92.7276,12.4,2.82,0.59,104,0,NONE,0,0.0,0.357
FL000258,2025-04-26,Assam,Dibrugarh,27.4153,94.8282,11.3,4.66,0.28,124,0,NONE,0,0.0,0.271
FL000259,2025-04-27,Assam,Cachar,24.9669,92.8591,0.1,4.53,0.16,62,0,NONE,0,0.0,0.225
FL000260,2025-04-27,Assam,Nagaon,26.1975,92.7581,4.6,5.55,0.8,26,0,NONE,0,0.0,0.055
FL000261,2025-04-27,Meghalaya,East Khasi Hills,25.4978,91.9109,4.9,4.69,2.0,1515,0,NONE,0,0.0,0.241
FL000262,2025-04-27,Meghalaya,West Khasi Hills,25.6185,91.1227,6.2,4.62,1.6,1222,0,NONE,0,0.0,0.376
FL000263,2025-04-27,Meghalaya,Ri-Bhoi,25.8439,91.8588,1.0,3.25,1.52,541,0,NONE,0,0.0,0.07
FL000264,2025-04-27,Meghalaya,West Jaintia Hills,25.3346,92.0563,1.0,6.02,1.47,1311,0,NONE,0,0.0,0.207
FL000265,2025-04-27,Sikkim,East Sikkim,27.3269,88.6634,2.8,6.26,0.4,1636,0,NONE,0,0.0,0.336
FL000266,2025-04-27,Sikkim,North Sikkim,27.423,88.5767,6.6,2.56,0.62,2457,0,NONE,0,0.0,0.287
FL000267,2025-04-27,Sikkim,South Sikkim,27.2437,88.2665,4.2,5.89,0.48,1339,0,NONE,0,0.0,0.271
FL000268,2025-04-27,Nagaland,Kohima,25.5593,94.1116,9.7,3.86,1.78,1495,0,NONE,0,0.0,0.273
FL000269,2025-04-28,Nagaland,Dimapur,26.0443,93.7711,3.9,3.22,0.75,153,0,NONE,0,0.0,0.149
FL000270,2025-04-28,Nagaland,Mokokchung,26.2342,94.5507,8.5,5.98,1.9,1357,0,NONE,0,0.0,0.126
FL000271,2025-04-28,Manipur,Imphal West,24.9524,93.9752,3.8,4.54,0.74,784,0,NONE,0,0.0,0.311
FL000272,2025-04-28,Manipur,Bishnupur,24.6171,93.8917,4.2,4.92,0.69,782,0,NONE,0,0.0,0.312
FL000273,2025-04-28,Manipur,Senapati,25.207,94.1513,13.8,4.57,1.19,1230,0,NONE,0,0.0,0.332
FL000274,2025-04-28,Mizoram,Aizawl,23.7098,92.6584,9.5,2.55,1.98,1105,0,NONE,0,0.0,0.349
FL000275,2025-04-28,Mizoram,Kolasib,24.0923,92.6685,0.0,5.92,1.49,554,0,NONE,0,0.0,0.204
FL000276,2025-04-28,Mizoram,Lunglei,22.753,92.8493,13.6,4.74,2.64,1069,0,NONE,0,0.0,0.201
FL000277,2025-04-28,Tripura,West Tripura,23.7968,91.3109,12.2,4.75,0.98,76,0,NONE,0,0.0,0.307
FL000278,2025-04-28,Tripura,Sipahijala,23.7577,91.3335,6.4,5.75,2.86,20,0,NONE,0,0.0,0.254
FL000279,2025-04-29,Tripura,Dhalai,23.7453,91.7186,0.9,5.02,1.89,93,0,NONE,0,0.0,0.273
FL000280,2025-04-29,Arunachal Pradesh,Tawang,27.7308,91.7347,7.0,4.85,5.11,2922,0,NONE,0,0.0,0.306
FL000281,2025-04-29,Arunachal Pradesh,West Kameng,27.2458,92.3977,7.2,5.57,4.49,2206,0,NONE,0,0.0,0.34
FL000282,2025-04-29,Arunachal Pradesh,Papum Pare,27.2258,93.5828,12.5,4.59,1.34,359,0,NONE,0,0.0,0.142
FL000283,2025-04-29,Arunachal Pradesh,East Siang,28.1528,95.3702,6.4,4.12,0.51,103,0,NONE,0,0.0,0.155
FL000284,2025-04-29,Arunachal Pradesh,Lower Subansiri,27.516,93.7556,0.0,5.67,3.14,1609,0,NONE,0,0.0,0.054
FL000285,2025-04-29,Assam,Kamrup Metropolitan,26.2565,91.6862,1.3,5.27,1.15,69,0,NONE,0,0.0,0.228
FL000286,2025-04-29,Assam,Kamrup Rural,26.1281,91.6088,10.9,2.57,0.74,82,0,NONE,0,0.0,0.033
FL000287,2025-04-29,Assam,Darrang,26.5834,91.9739,11.7,4.3,0.26,40,0,NONE,0,0.0,0.188
FL000288,2025-04-29,Assam,Sonitpur,26.5221,92.8534,1.7,3.67,0.84,112,0,NONE,0,0.0,0.215
FL000289,2025-04-30,Assam,Dibrugarh,27.3508,94.9631,11.6,5.98,0.39,113,0,NONE,0,0.0,0.123
FL000290,2025-04-30,Assam,Cachar,24.7374,92.6932,11.2,3.13,0.1,63,0,NONE,0,0.0,0.233
FL000291,2025-04-30,Assam,Nagaon,26.2365,92.5571,6.3,3.78,0.78,112,0,NONE,0,0.0,0.031
FL000292,2025-04-30,Meghalaya,East Khasi Hills,25.5907,91.9649,8.3,5.49,2.17,1497,0,NONE,0,0.0,0.033
FL000293,2025-04-30,Meghalaya,West Khasi Hills,25.5899,91.1493,10.5,5.06,1.67,1268,0,NONE,0,0.0,0.316
FL000294,2025-04-30,Meghalaya,Ri-Bhoi,25.9579,91.9174,4.2,2.51,1.53,605,0,NONE,0,0.0,0.15
FL000295,2025-04-30,Meghalaya,West Jaintia Hills,25.4233,92.2529,7.1,3.34,1.25,1300,0,NONE,0,0.0,0.066
FL000296,2025-04-30,Sikkim,East Sikkim,27.4146,88.6916,6.7,3.13,0.05,1619,0,NONE,0,0.0,0.208
FL000297,2025-04-30,Sikkim,North Sikkim,27.5926,88.5407,9.4,2.9,0.49,2496,0,NONE,0,0.0,0.297
FL000298,2025-04-30,Sikkim,South Sikkim,27.1911,88.3322,13.0,4.64,0.4,1338,0,NONE,0,0.0,0.098
FL000299,2025-05-01,Nagaland,Kohima,25.6833,94.2485,10.7,5.06,1.94,1484,0,NONE,0,0.0,0.244
FL000300,2025-05-01,Nagaland,Dimapur,26.0187,93.5932,11.9,4.29,1.01,196,0,NONE,0,0.0,0.051
FL000301,2025-05-01,Nagaland,Mokokchung,26.2058,94.6238,8.3,4.58,1.9,1368,0,NONE,0,0.0,0.039
FL000302,2025-05-01,Manipur,Imphal West,24.7151,93.9216,13.0,5.79,0.53,790,0,NONE,0,0.0,0.211
FL000303,2025-05-01,Manipur,Bishnupur,24.7663,93.6811,5.9,2.71,0.65,767,0,NONE,0,0.0,0.215
FL000304,2025-05-01,Manipur,Senapati,25.2345,93.9789,13.6,4.82,1.8,1237,0,NONE,0,0.0,0.249
FL000305,2025-05-01,Mizoram,Aizawl,23.6896,92.5761,2.4,5.98,2.21,1189,0,NONE,0,0.0,0.281
FL000306,2025-05-01,Mizoram,Kolasib,24.1706,92.5738,11.8,5.16,1.49,554,0,NONE,0,0.0,0.371
FL000307,2025-05-01,Mizoram,Lunglei,22.9388,92.6316,8.4,2.64,2.65,1050,0,NONE,0,0.0,0.206
FL000308,2025-05-01,Tripura,West Tripura,23.9533,91.1425,13.7,3.87,1.31,20,0,NONE,0,0.0,0.136
FL000309,2025-05-02,Tripura,Sipahijala,23.7032,91.3203,9.1,6.43,2.7,20,0,NONE,0,0.0,0.306
FL000310,2025-05-02,Tripura,Dhalai,23.7366,91.7715,2.8,6.13,1.65,161,0,NONE,0,0.0,0.117
FL000311,2025-05-02,Arunachal Pradesh,Tawang,27.4694,91.9809,8.4,2.68,5.36,2916,0,NONE,0,0.0,0.178
FL000312,2025-05-02,Arunachal Pradesh,West Kameng,27.287,92.4815,12.2,4.1,4.65,2177,0,NONE,0,0.0,0.048
FL000313,2025-05-02,Arunachal Pradesh,Papum Pare,27.0226,93.5916,4.1,6.08,1.29,345,0,NONE,0,0.0,0.029
FL000314,2025-05-02,Arunachal Pradesh,East Siang,28.0242,95.462,10.8,6.14,0.79,164,0,NONE,0,0.0,0.367
FL000315,2025-05-02,Arunachal Pradesh,Lower Subansiri,27.5662,93.7971,8.6,6.05,2.8,1560,0,NONE,0,0.0,0.321
FL000316,2025-05-02,Assam,Kamrup Metropolitan,26.1065,91.8104,7.0,6.42,0.77,40,0,NONE,0,0.0,0.271
FL000317,2025-05-02,Assam,Kamrup Rural,26.2549,91.6005,1.5,3.33,0.84,96,0,NONE,0,0.0,0.167
FL000318,2025-05-02,Assam,Darrang,26.342,91.9867,4.6,2.58,0.16,35,0,NONE,0,0.0,0.082
FL000319,2025-05-03,Assam,Sonitpur,26.7175,92.782,4.2,4.1,0.37,107,0,NONE,0,0.0,0.076
FL000320,2025-05-03,Assam,Dibrugarh,27.3633,94.9768,3.5,3.54,0.34,168,0,NONE,0,0.0,0.11
FL000321,2025-05-03,Assam,Cachar,24.6964,92.6887,11.9,4.63,0.15,20,0,NONE,0,0.0,0.218
FL000322,2025-05-03,Assam,Nagaon,26.3147,92.7786,4.0,4.42,0.94,64,0,NONE,0,0.0,0.277
FL000323,2025-05-03,Meghalaya,East Khasi Hills,25.4861,91.8504,0.9,4.48,2.38,1529,0,NONE,0,0.0,0.258
FL000324,2025-05-03,Meghalaya,West Khasi Hills,25.442,91.3498,7.9,4.96,2.03,1275,0,NONE,0,0.0,0.121
FL000325,2025-05-03,Meghalaya,Ri-Bhoi,26.0184,91.846,11.7,2.67,1.57,513,0,NONE,0,0.0,0.364
FL000326,2025-05-03,Meghalaya,West Jaintia Hills,25.5773,92.2058,9.7,3.69,1.13,1372,0,NONE,0,0.0,0.286
FL000327,2025-05-03,Sikkim,East Sikkim,27.3181,88.755,7.5,5.68,0.06,1613,0,NONE,0,0.0,0.22
FL000328,2025-05-03,Sikkim,North Sikkim,27.374,88.5983,5.9,5.8,0.52,2429,0,NONE,0,0.0,0.24
FL000329,2025-05-04,Sikkim,South Sikkim,27.07,88.3332,9.9,5.62,0.72,1297,0,NONE,0,0.0,0.171
FL000330,2025-05-04,Nagaland,Kohima,25.6309,94.258,5.3,2.55,2.06,1415,0,NONE,0,0.0,0.109
FL000331,2025-05-04,Nagaland,Dimapur,25.774,93.7789,3.4,4.41,1.17,186,0,NONE,0,0.0,0.148
FL000332,2025-05-04,Nagaland,Mokokchung,26.3788,94.6558,9.8,5.04,2.29,1278,0,NONE,0,0.0,0.293
FL000333,2025-05-04,Manipur,Imphal West,24.7985,93.8247,13.6,4.8,0.49,755,0,NONE,0,0.0,0.025
FL000334,2025-05-04,Manipur,Bishnupur,24.5973,93.7847,6.3,2.82,0.34,787,0,NONE,0,0.0,0.062
FL000335,2025-05-04,Manipur,Senapati,25.2213,93.9932,8.6,4.67,1.49,1199,0,NONE,0,0.0,0.037
FL000336,2025-05-04,Mizoram,Aizawl,23.6965,92.7625,6.1,5.0,1.77,1101,0,NONE,0,0.0,0.035
FL000337,2025-05-04,Mizoram,Kolasib,24.1258,92.6853,10.5,5.19,1.12,666,0,NONE,0,0.0,0.328
FL000338,2025-05-04,Mizoram,Lunglei,22.8081,92.7239,12.5,2.98,2.85,1038,0,NONE,0,0.0,0.273
FL000339,2025-05-05,Tripura,West Tripura,23.8289,91.1736,11.9,3.22,1.06,84,0,NONE,0,0.0,0.191
FL000340,2025-05-05,Tripura,Sipahijala,23.699,91.4612,12.9,5.53,3.1,75,0,NONE,0,0.0,0.055
FL000341,2025-05-05,Tripura,Dhalai,23.7959,91.8042,13.7,5.53,1.54,88,0,NONE,0,0.0,0.197
FL000342,2025-05-05,Arunachal Pradesh,Tawang,27.5261,91.7567,5.6,4.45,5.36,2930,0,NONE,0,0.0,0.19
FL000343,2025-05-05,Arunachal Pradesh,West Kameng,27.3526,92.4185,13.4,3.22,4.76,2155,0,NONE,0,0.0,0.082
FL000344,2025-05-05,Arunachal Pradesh,Papum Pare,27.0214,93.6148,6.8,5.22,1.19,306,0,NONE,0,0.0,0.176
FL000345,2025-05-05,Arunachal Pradesh,East Siang,28.1571,95.3415,7.4,5.1,0.19,173,0,NONE,0,0.0,0.163
FL000346,2025-05-05,Arunachal Pradesh,Lower Subansiri,27.5194,93.8951,8.2,5.44,3.05,1561,0,NONE,0,0.0,0.242
FL000347,2025-05-05,Assam,Kamrup Metropolitan,26.2415,91.6083,7.4,4.97,0.84,35,0,NONE,0,0.0,0.249
FL000348,2025-05-05,Assam,Kamrup Rural,26.239,91.5154,4.4,5.02,0.71,110,0,NONE,0,0.0,0.036
FL000349,2025-05-06,Assam,Darrang,26.4783,92.1113,2.4,6.21,0.64,20,0,NONE,0,0.0,0.155
FL000350,2025-05-06,Assam,Sonitpur,26.5004,92.6798,8.6,6.07,0.36,37,0,NONE,0,0.0,0.245
FL000351,2025-05-06,Assam,Dibrugarh,27.6032,94.8296,5.7,2.83,0.33,168,0,NONE,0,0.0,0.201
FL000352,2025-05-06,Assam,Cachar,24.707,92.6878,12.9,5.05,0.36,35,0,NONE,0,0.0,0.328
FL000353,2025-05-06,Assam,Nagaon,26.3795,92.562,0.7,6.43,1.06,86,0,NONE,0,0.0,0.257
FL000354,2025-05-06,Meghalaya,East Khasi Hills,25.4751,91.9409,4.7,4.16,2.17,1522,0,NONE,0,0.0,0.079
FL000355,2025-05-06,Meghalaya,West Khasi Hills,25.6372,91.1224,4.0,4.18,1.58,1330,0,NONE,0,0.0,0.045
FL000356,2025-05-06,Meghalaya,Ri-Bhoi,25.9424,91.903,8.2,4.43,1.62,573,0,NONE,0,0.0,0.251
FL000357,2025-05-06,Meghalaya,West Jaintia Hills,25.4854,92.0591,7.3,6.46,1.04,1383,0,NONE,0,0.0,0.03
FL000358,2025-05-06,Sikkim,East Sikkim,27.4759,88.6014,8.2,4.45,0.11,1693,0,NONE,0,0.0,0.231
FL000359,2025-05-07,Sikkim,North Sikkim,27.4861,88.6066,10.3,4.79,0.36,2410,0,NONE,0,0.0,0.358
FL000360,2025-05-07,Sikkim,South Sikkim,27.0812,88.382,8.1,3.89,0.36,1280,0,NONE,0,0.0,0.227
FL000361,2025-05-07,Nagaland,Kohima,25.8215,94.0622,3.0,4.27,1.79,1431,0,NONE,0,0.0,0.16
FL000362,2025-05-07,Nagaland,Dimapur,25.9253,93.6732,3.0,4.18,0.94,194,0,NONE,0,0.0,0.252
FL000363,2025-05-07,Nagaland,Mokokchung,26.2173,94.3852,2.4,3.04,2.12,1309,0,NONE,0,0.0,0.185
FL000364,2025-05-07,Manipur,Imphal West,24.9558,94.0575,13.3,5.3,0.63,829,0,NONE,0,0.0,0.216
FL000365,2025-05-07,Manipur,Bishnupur,24.5762,93.8434,3.9,2.6,0.35,773,0,NONE,0,0.0,0.359
FL000366,2025-05-07,Manipur,Senapati,25.3737,94.0092,11.7,3.49,1.48,1201,0,NONE,0,0.0,0.159
FL000367,2025-05-07,Mizoram,Aizawl,23.8671,92.6321,7.9,6.31,1.93,1115,0,NONE,0,0.0,0.366
FL000368,2025-05-07,Mizoram,Kolasib,24.2493,92.7829,9.0,6.1,1.3,636,0,NONE,0,0.0,0.346
FL000369,2025-05-08,Mizoram,Lunglei,22.9842,92.7193,3.1,5.55,2.49,1072,0,NONE,0,0.0,0.09
FL000370,2025-05-08,Tripura,West Tripura,23.8025,91.1504,3.8,3.27,1.08,20,0,NONE,0,0.0,0.045
FL000371,2025-05-08,Tripura,Sipahijala,23.651,91.1841,9.7,5.11,2.91,36,0,NONE,0,0.0,0.056
FL000372,2025-05-08,Tripura,Dhalai,23.9476,91.887,3.5,2.8,1.98,158,0,NONE,0,0.0,0.027
FL000373,2025-05-08,Arunachal Pradesh,Tawang,27.5543,91.9479,4.2,4.05,5.19,2883,0,NONE,0,0.0,0.054
FL000374,2025-05-08,Arunachal Pradesh,West Kameng,27.1578,92.4466,2.8,5.04,4.28,2191,0,NONE,0,0.0,0.266
FL000375,2025-05-08,Arunachal Pradesh,Papum Pare,26.9915,93.5665,4.6,4.6,1.05,320,0,NONE,0,0.0,0.046
FL000376,2025-05-08,Arunachal Pradesh,East Siang,28.1839,95.2179,2.1,3.21,0.26,214,0,NONE,0,0.0,0.135
FL000377,2025-05-08,Arunachal Pradesh,Lower Subansiri,27.6972,93.9018,9.2,3.82,2.88,1538,0,NONE,0,0.0,0.324
FL000378,2025-05-08,Assam,Kamrup Metropolitan,26.1474,91.7332,10.9,6.46,1.08,67,0,NONE,0,0.0,0.028
FL000379,2025-05-09,Assam,Kamrup Rural,26.1455,91.6141,1.8,6.24,0.87,51,0,NONE,0,0.0,0.313
FL000380,2025-05-09,Assam,Darrang,26.5196,92.0874,8.6,2.74,0.22,20,0,NONE,0,0.0,0.121
FL000381,2025-05-09,Assam,Sonitpur,26.6805,92.9342,3.9,6.32,0.72,92,0,NONE,0,0.0,0.063
FL000382,2025-05-09,Assam,Dibrugarh,27.4979,94.8132,4.2,3.68,0.65,128,0,NONE,0,0.0,0.271
FL000383,2025-05-09,Assam,Cachar,24.7974,92.8754,11.6,5.73,0.57,20,0,NONE,0,0.0,0.246
FL000384,2025-05-09,Assam,Nagaon,26.2282,92.5397,8.4,4.03,0.72,44,0,NONE,0,0.0,0.336
FL000385,2025-05-09,Meghalaya,East Khasi Hills,25.49,91.8938,3.0,4.01,2.52,1508,0,NONE,0,0.0,0.285
FL000386,2025-05-09,Meghalaya,West Khasi Hills,25.5808,91.1287,5.8,5.28,1.91,1237,0,NONE,0,0.0,0.309
FL000387,2025-05-09,Meghalaya,Ri-Bhoi,26.0494,91.8735,0.4,3.34,1.36,538,0,NONE,0,0.0,0.122
FL000388,2025-05-09,Meghalaya,West Jaintia Hills,25.5736,92.1527,5.5,2.65,1.41,1315,0,NONE,0,0.0,0.084
FL000389,2025-05-10,Sikkim,East Sikkim,27.3931,88.6976,8.4,4.01,0.05,1623,0,NONE,0,0.0,0.29
FL000390,2025-05-10,Sikkim,North Sikkim,27.424,88.5674,3.0,5.71,0.69,2418,0,NONE,0,0.0,0.31
FL000391,2025-05-10,Sikkim,South Sikkim,27.2514,88.4115,11.1,3.09,0.36,1328,0,NONE,0,0.0,0.377
FL000392,2025-05-10,Nagaland,Kohima,25.6297,94.2387,1.0,5.93,1.74,1481,0,NONE,0,0.0,0.169
FL000393,2025-05-10,Nagaland,Dimapur,25.9288,93.7405,5.6,3.44,1.18,249,0,NONE,0,0.0,0.154
FL000394,2025-05-10,Nagaland,Mokokchung,26.4614,94.6114,11.9,4.09,2.47,1297,0,NONE,0,0.0,0.3
FL000395,2025-05-10,Manipur,Imphal West,24.6907,94.064,5.8,3.06,0.56,808,0,NONE,0,0.0,0.143
FL000396,2025-05-10,Manipur,Bishnupur,24.543,93.7761,8.7,3.02,0.23,829,0,NONE,0,0.0,0.355
FL000397,2025-05-10,Manipur,Senapati,25.1428,94.0823,10.4,6.47,1.59,1220,0,NONE,0,0.0,0.329
FL000398,2025-05-10,Mizoram,Aizawl,23.7364,92.759,6.0,4.03,1.96,1076,0,NONE,0,0.0,0.174
FL000399,2025-05-11,Mizoram,Kolasib,24.2117,92.7344,2.9,5.46,1.31,567,0,NONE,0,0.0,0.29
FL000400,2025-05-11,Mizoram,Lunglei,23.0087,92.7121,11.1,6.44,2.56,1079,0,NONE,0,0.0,0.292
FL000401,2025-05-11,Tripura,West Tripura,23.8767,91.3636,11.4,4.4,1.37,20,0,NONE,0,0.0,0.057
FL000402,2025-05-11,Tripura,Sipahijala,23.7574,91.1888,7.8,2.65,3.03,45,0,NONE,0,0.0,0.345
FL000403,2025-05-11,Tripura,Dhalai,23.9551,91.7112,4.4,2.69,1.92,197,0,NONE,0,0.0,0.202
FL000404,2025-05-11,Arunachal Pradesh,Tawang,27.4888,91.9853,11.9,4.07,5.27,2947,0,NONE,0,0.0,0.318
FL000405,2025-05-11,Arunachal Pradesh,West Kameng,27.3955,92.5545,13.5,4.22,4.27,2258,0,NONE,0,0.0,0.135
FL000406,2025-05-11,Arunachal Pradesh,Papum Pare,27.0399,93.6474,11.0,6.34,1.13,378,0,NONE,0,0.0,0.342
FL000407,2025-05-11,Arunachal Pradesh,East Siang,28.2127,95.339,9.9,3.45,0.24,158,0,NONE,0,0.0,0.16
FL000408,2025-05-11,Arunachal Pradesh,Lower Subansiri,27.5513,93.7619,2.6,6.13,2.66,1603,0,NONE,0,0.0,0.024
FL000409,2025-05-12,Assam,Kamrup Metropolitan,26.1322,91.6634,9.2,4.61,0.77,20,0,NONE,0,0.0,0.346
FL000410,2025-05-12,Assam,Kamrup Rural,26.1235,91.6143,0.9,6.04,0.91,22,0,NONE,0,0.0,0.053
FL000411,2025-05-12,Assam,Darrang,26.5711,92.1291,5.0,3.16,0.31,57,0,NONE,0,0.0,0.135
FL000412,2025-05-12,Assam,Sonitpur,26.5124,92.9371,5.2,3.52,0.41,79,0,NONE,0,0.0,0.362
FL000413,2025-05-12,Assam,Dibrugarh,27.401,94.8327,5.6,4.67,0.36,144,0,NONE,0,0.0,0.362
FL000414,2025-05-12,Assam,Cachar,24.858,92.8008,10.1,2.66,0.4,20,0,NONE,0,0.0,0.226
FL000415,2025-05-12,Assam,Nagaon,26.2138,92.5695,5.4,4.34,0.9,43,0,NONE,0,0.0,0.247
FL000416,2025-05-12,Meghalaya,East Khasi Hills,25.7057,92.0096,1.6,5.73,2.03,1528,0,NONE,0,0.0,0.181
FL000417,2025-05-12,Meghalaya,West Khasi Hills,25.6348,91.1985,3.6,2.6,2.17,1298,0,NONE,0,0.0,0.126
FL000418,2025-05-12,Meghalaya,Ri-Bhoi,25.8935,91.8665,13.7,5.14,1.71,567,0,NONE,0,0.0,0.138
FL000419,2025-05-13,Meghalaya,West Jaintia Hills,25.5738,92.2772,6.8,4.38,0.99,1372,0,NONE,0,0.0,0.262
FL000420,2025-05-13,Sikkim,East Sikkim,27.2631,88.6829,12.2,5.74,0.19,1701,0,NONE,0,0.0,0.291
FL000421,2025-05-13,Sikkim,North Sikkim,27.5085,88.5085,0.2,5.83,0.09,2507,0,NONE,0,0.0,0.305
FL000422,2025-05-13,Sikkim,South Sikkim,27.1843,88.3516,4.2,5.38,0.26,1313,0,NONE,0,0.0,0.304
FL000423,2025-05-13,Nagaland,Kohima,25.7814,94.0912,3.2,5.41,1.93,1467,0,NONE,0,0.0,0.053
FL000424,2025-05-13,Nagaland,Dimapur,25.7841,93.7306,13.2,5.12,0.74,238,0,NONE,0,0.0,0.198
FL000425,2025-05-13,Nagaland,Mokokchung,26.2996,94.5392,7.4,4.32,2.37,1331,0,NONE,0,0.0,0.041
FL000426,2025-05-13,Manipur,Imphal West,24.884,93.9056,9.3,5.44,0.39,829,0,NONE,0,0.0,0.218
FL000427,2025-05-13,Manipur,Bishnupur,24.5043,93.7416,13.0,5.57,0.7,799,0,NONE,0,0.0,0.179
FL000428,2025-05-13,Manipur,Senapati,25.3904,93.8807,13.2,3.59,1.34,1309,0,NONE,0,0.0,0.34
FL000429,2025-05-14,Mizoram,Aizawl,23.6311,92.6082,12.7,5.05,2.17,1152,0,NONE,0,0.0,0.146
FL000430,2025-05-14,Mizoram,Kolasib,24.1961,92.8279,8.8,5.21,1.55,598,0,NONE,0,0.0,0.062
FL000431,2025-05-14,Mizoram,Lunglei,22.8432,92.6141,5.4,5.46,2.34,1044,0,NONE,0,0.0,0.071
FL000432,2025-05-14,Tripura,West Tripura,23.9396,91.1724,3.2,4.66,1.03,43,0,NONE,0,0.0,0.294
FL000433,2025-05-14,Tripura,Sipahijala,23.7786,91.4124,12.7,3.98,2.74,68,0,NONE,0,0.0,0.243
FL000434,2025-05-14,Tripura,Dhalai,23.902,91.8633,4.5,5.53,1.5,148,0,NONE,0,0.0,0.056
FL000435,2025-05-14,Arunachal Pradesh,Tawang,27.5743,91.7559,9.8,4.3,5.42,2864,0,NONE,0,0.0,0.05
FL000436,2025-05-14,Arunachal Pradesh,West Kameng,27.1484,92.5087,13.5,2.59,4.86,2193,0,NONE,0,0.0,0.272
FL000437,2025-05-14,Arunachal Pradesh,Papum Pare,27.2171,93.5388,6.0,3.4,0.97,268,0,NONE,0,0.0,0.046
FL000438,2025-05-14,Arunachal Pradesh,East Siang,28.0953,95.387,3.8,5.43,0.18,101,0,NONE,0,0.0,0.316
FL000439,2025-05-15,Arunachal Pradesh,Lower Subansiri,27.5317,93.8419,5.9,4.09,2.59,1596,0,NONE,0,0.0,0.274
FL000440,2025-05-15,Assam,Kamrup Metropolitan,26.1457,91.673,7.2,4.34,0.92,99,0,NONE,0,0.0,0.049
FL000441,2025-05-15,Assam,Kamrup Rural,26.2082,91.6438,3.8,5.41,0.55,102,0,NONE,0,0.0,0.051
FL000442,2025-05-15,Assam,Darrang,26.345,92.0791,7.4,5.03,0.23,20,0,NONE,0,0.0,0.375
FL000443,2025-05-15,Assam,Sonitpur,26.6508,92.8201,10.7,5.5,0.66,112,0,NONE,0,0.0,0.155
FL000444,2025-05-15,Assam,Dibrugarh,27.451,94.9107,12.2,6.19,0.59,92,0,NONE,0,0.0,0.153
FL000445,2025-05-15,Assam,Cachar,24.919,92.7245,0.4,5.57,0.14,20,0,NONE,0,0.0,0.313
FL000446,2025-05-15,Assam,Nagaon,26.2504,92.6954,0.9,6.23,0.65,34,0,NONE,0,0.0,0.361
FL000447,2025-05-15,Meghalaya,East Khasi Hills,25.6411,91.985,5.0,6.41,2.22,1547,0,NONE,0,0.0,0.375
FL000448,2025-05-15,Meghalaya,West Khasi Hills,25.485,91.269,3.2,5.83,1.68,1269,0,NONE,0,0.0,0.291
FL000449,2025-05-16,Meghalaya,Ri-Bhoi,25.944,92.0067,8.6,2.58,1.6,598,0,NONE,0,0.0,0.155
FL000450,2025-05-16,Meghalaya,West Jaintia Hills,25.5488,92.0655,0.4,4.83,1.24,1318,0,NONE,0,0.0,0.05
FL000451,2025-05-16,Sikkim,East Sikkim,27.451,88.5129,8.3,4.97,0.29,1687,0,NONE,0,0.0,0.3
FL000452,2025-05-16,Sikkim,North Sikkim,27.4151,88.4627,13.8,4.98,0.67,2506,0,NONE,0,0.0,0.221
FL000453,2025-05-16,Sikkim,South Sikkim,27.0246,88.4811,0.6,5.85,0.8,1334,0,NONE,0,0.0,0.173
FL000454,2025-05-16,Nagaland,Kohima,25.6688,94.0314,8.2,3.37,1.81,1457,0,NONE,0,0.0,0.346
FL000455,2025-05-16,Nagaland,Dimapur,25.8286,93.674,1.2,5.8,1.0,171,0,NONE,0,0.0,0.06
FL000456,2025-05-16,Nagaland,Mokokchung,26.2828,94.4485,5.3,4.43,2.15,1325,0,NONE,0,0.0,0.197
FL000457,2025-05-16,Manipur,Imphal West,24.9078,94.0035,10.4,3.63,0.84,822,0,NONE,0,0.0,0.024
FL000458,2025-05-16,Manipur,Bishnupur,24.5936,93.7387,2.0,5.36,0.53,782,0,NONE,0,0.0,0.189
FL000459,2025-05-17,Manipur,Senapati,25.1149,94.026,1.2,4.11,1.42,1264,0,NONE,0,0.0,0.04
FL000460,2025-05-17,Mizoram,Aizawl,23.6228,92.6666,5.3,3.15,1.91,1118,0,NONE,0,0.0,0.063
FL000461,2025-05-17,Mizoram,Kolasib,24.2352,92.813,13.2,5.58,1.48,593,0,NONE,0,0.0,0.062
FL000462,2025-05-17,Mizoram,Lunglei,23.02,92.7825,7.0,4.65,2.73,1022,0,NONE,0,0.0,0.254
FL000463,2025-05-17,Tripura,West Tripura,23.7872,91.1788,10.6,3.66,1.55,44,0,NONE,0,0.0,0.289
FL000464,2025-05-17,Tripura,Sipahijala,23.6476,91.3545,6.7,5.86,3.1,20,0,NONE,0,0.0,0.23
FL000465,2025-05-17,Tripura,Dhalai,23.7223,91.9454,9.5,3.27,1.62,86,0,NONE,0,0.0,0.366
FL000466,2025-05-17,Arunachal Pradesh,Tawang,27.6889,91.7788,8.9,6.01,5.09,2930,0,NONE,0,0.0,0.155
FL000467,2025-05-17,Arunachal Pradesh,West Kameng,27.2513,92.284,2.2,2.6,4.65,2221,0,NONE,0,0.0,0.123
FL000468,2025-05-17,Arunachal Pradesh,Papum Pare,27.0954,93.613,3.1,4.95,1.22,260,0,NONE,0,0.0,0.333
FL000469,2025-05-18,Arunachal Pradesh,East Siang,27.921,95.3927,13.1,4.68,0.16,163,0,NONE,0,0.0,0.1
FL000470,2025-05-18,Arunachal Pradesh,Lower Subansiri,27.6439,93.8822,9.8,2.6,2.67,1603,0,NONE,0,0.0,0.367
FL000471,2025-05-18,Assam,Kamrup Metropolitan,26.2699,91.7435,8.8,4.35,0.89,25,0,NONE,0,0.0,0.024
FL000472,2025-05-18,Assam,Kamrup Rural,26.2796,91.4922,3.6,2.63,0.97,48,0,NONE,0,0.0,0.369
FL000473,2025-05-18,Assam,Darrang,26.4397,91.954,13.8,2.59,0.49,81,0,NONE,0,0.0,0.036
FL000474,2025-05-18,Assam,Sonitpur,26.7382,92.8387,0.4,4.07,0.27,127,0,NONE,0,0.0,0.341
FL000475,2025-05-18,Assam,Dibrugarh,27.4444,94.8752,11.1,5.58,0.16,108,0,NONE,0,0.0,0.21
FL000476,2025-05-18,Assam,Cachar,24.7347,92.7789,13.2,3.9,0.17,20,0,NONE,0,0.0,0.377
FL000477,2025-05-18,Assam,Nagaon,26.4884,92.8262,13.0,3.55,0.48,118,0,NONE,0,0.0,0.047
FL000478,2025-05-18,Meghalaya,East Khasi Hills,25.4922,92.0037,2.2,3.89,2.13,1543,0,NONE,0,0.0,0.219
FL000479,2025-05-19,Meghalaya,West Khasi Hills,25.6372,91.3153,8.8,5.75,1.92,1255,0,NONE,0,0.0,0.369
FL000480,2025-05-19,Meghalaya,Ri-Bhoi,25.7599,92.0086,13.0,5.6,1.38,530,0,NONE,0,0.0,0.208
FL000481,2025-05-19,Meghalaya,West Jaintia Hills,25.3433,92.2962,12.3,4.24,0.9,1375,0,NONE,0,0.0,0.247
FL000482,2025-05-19,Sikkim,East Sikkim,27.2376,88.5286,8.2,3.66,0.29,1696,0,NONE,0,0.0,0.27
FL000483,2025-05-19,Sikkim,North Sikkim,27.5122,88.5152,6.1,5.35,0.69,2484,0,NONE,0,0.0,0.184
FL000484,2025-05-19,Sikkim,South Sikkim,27.2372,88.3502,6.5,6.29,0.43,1284,0,NONE,0,0.0,0.246
FL000485,2025-05-19,Nagaland,Kohima,25.7767,94.0608,4.8,3.34,1.94,1478,0,NONE,0,0.0,0.23
FL000486,2025-05-19,Nagaland,Dimapur,26.0475,93.6754,9.8,3.06,1.3,216,0,NONE,0,0.0,0.344
FL000487,2025-05-19,Nagaland,Mokokchung,26.3222,94.4767,7.8,2.82,1.97,1380,0,NONE,0,0.0,0.036
FL000488,2025-05-19,Manipur,Imphal West,24.8428,93.9008,12.3,4.38,0.77,823,0,NONE,0,0.0,0.121
FL000489,2025-05-20,Manipur,Bishnupur,24.6963,93.6391,6.8,5.77,0.56,729,0,NONE,0,0.0,0.362
FL000490,2025-05-20,Manipur,Senapati,25.1563,93.9769,12.1,5.78,1.15,1236,0,NONE,0,0.0,0.34
FL000491,2025-05-20,Mizoram,Aizawl,23.6696,92.6756,11.6,5.04,1.81,1104,0,NONE,0,0.0,0.184
FL000492,2025-05-20,Mizoram,Kolasib,24.1993,92.6971,12.9,2.71,0.97,615,0,NONE,0,0.0,0.243
FL000493,2025-05-20,Mizoram,Lunglei,22.8362,92.6179,3.0,5.87,2.81,1036,0,NONE,0,0.0,0.12
FL000494,2025-05-20,Tripura,West Tripura,23.6852,91.2609,9.7,3.9,1.54,74,0,NONE,0,0.0,0.088
FL000495,2025-05-20,Tripura,Sipahijala,23.7566,91.4555,4.7,3.16,3.0,45,0,NONE,0,0.0,0.187
FL000496,2025-05-20,Tripura,Dhalai,23.7509,91.7807,7.9,4.4,1.39,114,0,NONE,0,0.0,0.147
FL000497,2025-05-20,Arunachal Pradesh,Tawang,27.5665,91.8357,3.7,6.33,5.18,2901,0,NONE,0,0.0,0.23
FL000498,2025-05-20,Arunachal Pradesh,West Kameng,27.3978,92.4822,13.6,6.43,4.38,2203,0,NONE,0,0.0,0.048
FL000499,2025-05-21,Arunachal Pradesh,Papum Pare,26.9825,93.558,12.6,6.33,1.35,310,0,NONE,0,0.0,0.371
FL000500,2025-05-21,Arunachal Pradesh,East Siang,28.1572,95.2749,10.3,5.24,0.69,137,0,NONE,0,0.0,0.375
FL000501,2025-05-21,Arunachal Pradesh,Lower Subansiri,27.5953,93.8583,0.9,5.96,3.17,1538,0,NONE,0,0.0,0.271
FL000502,2025-05-21,Assam,Kamrup Metropolitan,26.0548,91.6805,4.6,4.68,0.74,45,0,NONE,0,0.0,0.213
FL000503,2025-05-21,Assam,Kamrup Rural,26.2435,91.5593,4.9,6.13,0.56,71,0,NONE,0,0.0,0.131
FL000504,2025-05-21,Assam,Darrang,26.3861,92.1168,5.3,5.63,0.42,38,0,NONE,0,0.0,0.313
FL000505,2025-05-21,Assam,Sonitpur,26.6615,92.8063,8.5,5.49,0.27,105,0,NONE,0,0.0,0.267
FL000506,2025-05-21,Assam,Dibrugarh,27.541,95.0449,7.8,3.53,0.34,74,0,NONE,0,0.0,0.079
FL000507,2025-05-21,Assam,Cachar,24.8912,92.8746,5.9,6.23,0.39,66,0,NONE,0,0.0,0.348
FL000508,2025-05-21,Assam,Nagaon,26.237,92.6248,6.1,5.87,0.91,36,0,NONE,0,0.0,0.316
FL000509,2025-05-22,Meghalaya,East Khasi Hills,25.6655,91.7655,0.6,5.05,2.21,1506,0,NONE,0,0.0,0.362
FL000510,2025-05-22,Meghalaya,West Khasi Hills,25.512,91.3861,9.0,5.05,1.57,1308,0,NONE,0,0.0,0.281
FL000511,2025-05-22,Meghalaya,Ri-Bhoi,26.0405,91.9405,13.3,4.64,1.66,593,0,NONE,0,0.0,0.241
FL000512,2025-05-22,Meghalaya,West Jaintia Hills,25.3255,92.2807,5.6,5.27,0.96,1354,0,NONE,0,0.0,0.171
FL000513,2025-05-22,Sikkim,East Sikkim,27.3727,88.6255,4.6,5.35,0.11,1672,0,NONE,0,0.0,0.356
FL000514,2025-05-22,Sikkim,North Sikkim,27.5758,88.6897,12.2,6.02,0.11,2445,0,NONE,0,0.0,0.332
FL000515,2025-05-22,Sikkim,South Sikkim,27.0866,88.4241,6.7,2.82,0.52,1311,0,NONE,0,0.0,0.036
FL000516,2025-05-22,Nagaland,Kohima,25.6588,94.0759,11.4,3.17,2.0,1478,0,NONE,0,0.0,0.029
FL000517,2025-05-22,Nagaland,Dimapur,25.802,93.8768,13.6,3.97,0.92,196,0,NONE,0,0.0,0.156
FL000518,2025-05-22,Nagaland,Mokokchung,26.4635,94.4048,12.9,2.58,2.08,1380,0,NONE,0,0.0,0.312
FL000519,2025-05-23,Manipur,Imphal West,24.7699,94.0221,10.0,3.72,0.56,791,0,NONE,0,0.0,0.375
FL000520,2025-05-23,Manipur,Bishnupur,24.6138,93.8235,1.7,6.02,0.08,750,0,NONE,0,0.0,0.074
FL000521,2025-05-23,Manipur,Senapati,25.3232,93.8668,5.5,2.74,1.59,1233,0,NONE,0,0.0,0.234
FL000522,2025-05-23,Mizoram,Aizawl,23.6264,92.8628,2.0,6.43,2.11,1101,0,NONE,0,0.0,0.157
FL000523,2025-05-23,Mizoram,Kolasib,24.1693,92.6579,0.7,5.23,1.21,609,0,NONE,0,0.0,0.369
FL000524,2025-05-23,Mizoram,Lunglei,22.7853,92.7821,8.7,5.62,2.73,1015,0,NONE,0,0.0,0.323
FL000525,2025-05-23,Tripura,West Tripura,23.9464,91.2717,1.5,6.19,1.41,29,0,NONE,0,0.0,0.322
FL000526,2025-05-23,Tripura,Sipahijala,23.5467,91.3877,0.6,3.01,2.93,75,0,NONE,0,0.0,0.189
FL000527,2025-05-23,Tripura,Dhalai,23.9399,91.8611,0.2,2.9,1.65,126,0,NONE,0,0.0,0.169
FL000528,2025-05-23,Arunachal Pradesh,Tawang,27.5148,91.9682,5.3,4.28,5.15,2907,0,NONE,0,0.0,0.118
FL000529,2025-05-24,Arunachal Pradesh,West Kameng,27.2311,92.3837,1.2,5.31,4.8,2154,0,NONE,0,0.0,0.04
FL000530,2025-05-24,Arunachal Pradesh,Papum Pare,27.1356,93.7107,4.0,4.57,1.55,350,0,NONE,0,0.0,0.331
FL000531,2025-05-24,Arunachal Pradesh,East Siang,28.0931,95.3776,1.2,2.5,0.35,135,0,NONE,0,0.0,0.313
FL000532,2025-05-24,Arunachal Pradesh,Lower Subansiri,27.4549,93.888,2.1,4.62,2.94,1565,0,NONE,0,0.0,0.38
FL000533,2025-05-24,Assam,Kamrup Metropolitan,26.1669,91.7131,3.7,2.88,1.0,57,0,NONE,0,0.0,0.379
FL000534,2025-05-24,Assam,Kamrup Rural,26.2286,91.712,4.0,6.44,0.54,69,0,NONE,0,0.0,0.22
FL000535,2025-05-24,Assam,Darrang,26.3581,92.1336,5.6,5.14,0.28,71,0,NONE,0,0.0,0.297
FL000536,2025-05-24,Assam,Sonitpur,26.4867,92.6836,13.8,4.32,0.62,122,0,NONE,0,0.0,0.36
FL000537,2025-05-24,Assam,Dibrugarh,27.5187,94.8847,13.2,4.16,0.7,110,0,NONE,0,0.0,0.326
FL000538,2025-05-24,Assam,Cachar,24.8299,92.6537,2.0,4.22,0.09,20,0,NONE,0,0.0,0.109
FL000539,2025-05-25,Assam,Nagaon,26.205,92.6015,9.4,3.43,0.75,40,0,NONE,0,0.0,0.182
FL000540,2025-05-25,Meghalaya,East Khasi Hills,25.6516,91.9731,7.6,3.97,2.32,1500,0,NONE,0,0.0,0.066
FL000541,2025-05-25,Meghalaya,West Khasi Hills,25.4404,91.2729,0.3,2.84,2.04,1266,0,NONE,0,0.0,0.363
FL000542,2025-05-25,Meghalaya,Ri-Bhoi,25.978,91.8624,2.8,3.11,1.32,517,0,NONE,0,0.0,0.238
FL000543,2025-05-25,Meghalaya,West Jaintia Hills,25.549,92.2754,9.2,4.17,0.87,1308,0,NONE,0,0.0,0.102
FL000544,2025-05-25,Sikkim,East Sikkim,27.2677,88.7152,0.8,3.31,0.5,1601,0,NONE,0,0.0,0.262
FL000545,2025-05-25,Sikkim,North Sikkim,27.5827,88.4711,7.3,5.11,0.5,2493,0,NONE,0,0.0,0.243
FL000546,2025-05-25,Sikkim,South Sikkim,27.2783,88.3831,9.0,2.96,0.24,1294,0,NONE,0,0.0,0.149
FL000547,2025-05-25,Nagaland,Kohima,25.5871,94.0207,10.6,2.55,1.9,1387,0,NONE,0,0.0,0.061
FL000548,2025-05-25,Nagaland,Dimapur,25.9359,93.628,6.2,5.56,1.02,225,0,NONE,0,0.0,0.262
FL000549,2025-05-26,Nagaland,Mokokchung,26.4607,94.5243,11.0,6.24,1.91,1375,0,NONE,0,0.0,0.207
FL000550,2025-05-26,Manipur,Imphal West,24.9558,94.0225,12.1,4.64,0.43,842,0,NONE,0,0.0,0.298
FL000551,2025-05-26,Manipur,Bishnupur,24.6792,93.8249,12.2,4.6,0.51,726,0,NONE,0,0.0,0.207
FL000552,2025-05-26,Manipur,Senapati,25.3585,94.0884,9.5,4.23,1.24,1276,0,NONE,0,0.0,0.327
FL000553,2025-05-26,Mizoram,Aizawl,23.7668,92.7559,2.8,4.18,2.16,1118,0,NONE,0,0.0,0.219
FL000554,2025-05-26,Mizoram,Kolasib,24.334,92.5579,4.3,5.45,1.4,615,0,NONE,0,0.0,0.222
FL000555,2025-05-26,Mizoram,Lunglei,22.9932,92.7264,10.6,3.73,2.25,1022,0,NONE,0,0.0,0.336
FL000556,2025-05-26,Tripura,West Tripura,23.9137,91.3566,5.6,3.66,1.36,68,0,NONE,0,0.0,0.165
FL000557,2025-05-26,Tripura,Sipahijala,23.6942,91.417,7.6,6.05,2.69,73,0,NONE,0,0.0,0.068
FL000558,2025-05-26,Tripura,Dhalai,23.8289,91.7636,9.0,3.9,1.53,114,0,NONE,0,0.0,0.03
FL000559,2025-05-27,Arunachal Pradesh,Tawang,27.6003,91.7486,11.6,4.93,5.17,2949,0,NONE,0,0.0,0.292
FL000560,2025-05-27,Arunachal Pradesh,West Kameng,27.3193,92.2804,13.9,3.74,4.79,2152,0,NONE,0,0.0,0.243
FL000561,2025-05-27,Arunachal Pradesh,Papum Pare,26.9553,93.7454,8.5,4.7,0.95,280,0,NONE,0,0.0,0.273
FL000562,2025-05-27,Arunachal Pradesh,East Siang,28.2034,95.2367,4.8,3.84,0.72,183,0,NONE,0,0.0,0.097
FL000563,2025-05-27,Arunachal Pradesh,Lower Subansiri,27.4906,93.9423,0.3,5.04,2.98,1612,0,NONE,0,0.0,0.069
FL000564,2025-05-27,Assam,Kamrup Metropolitan,26.0696,91.6978,1.0,3.67,0.58,110,0,NONE,0,0.0,0.025
FL000565,2025-05-27,Assam,Kamrup Rural,26.2227,91.6298,4.6,3.24,0.78,94,0,NONE,0,0.0,0.146
FL000566,2025-05-27,Assam,Darrang,26.5131,91.8813,4.9,3.19,0.44,53,0,NONE,0,0.0,0.232
FL000567,2025-05-27,Assam,Sonitpur,26.6396,92.7761,4.3,4.34,0.78,20,0,NONE,0,0.0,0.161
FL000568,2025-05-27,Assam,Dibrugarh,27.6192,94.8887,3.7,6.2,0.3,64,0,NONE,0,0.0,0.177
FL000569,2025-05-28,Assam,Cachar,24.7101,92.8707,9.0,4.65,0.52,20,0,NONE,0,0.0,0.345
FL000570,2025-05-28,Assam,Nagaon,26.2363,92.766,1.4,5.84,0.87,100,0,NONE,0,0.0,0.145
FL000571,2025-05-28,Meghalaya,East Khasi Hills,25.6319,91.7638,6.9,5.06,2.37,1502,0,NONE,0,0.0,0.205
FL000572,2025-05-28,Meghalaya,West Khasi Hills,25.492,91.3267,2.5,4.47,2.15,1300,0,NONE,0,0.0,0.302
FL000573,2025-05-28,Meghalaya,Ri-Bhoi,25.9348,91.8627,2.4,4.43,1.32,517,0,NONE,0,0.0,0.163
FL000574,2025-05-28,Meghalaya,West Jaintia Hills,25.5257,92.2269,11.0,5.51,1.13,1319,0,NONE,0,0.0,0.244
FL000575,2025-05-28,Sikkim,East Sikkim,27.4262,88.5308,3.3,5.22,0.21,1672,0,NONE,0,0.0,0.33
FL000576,2025-05-28,Sikkim,North Sikkim,27.53,88.5823,10.9,4.79,0.07,2489,0,NONE,0,0.0,0.362
FL000577,2025-05-28,Sikkim,South Sikkim,27.2741,88.4627,12.6,2.85,0.48,1266,0,NONE,0,0.0,0.073
FL000578,2025-05-28,Nagaland,Kohima,25.7495,94.0473,2.9,5.01,2.07,1386,0,NONE,0,0.0,0.354
FL000579,2025-05-29,Nagaland,Dimapur,25.8286,93.6933,9.2,4.04,1.04,165,0,NONE,0,0.0,0.197
FL000580,2025-05-29,Nagaland,Mokokchung,26.3335,94.6633,9.3,3.4,1.94,1306,0,NONE,0,0.0,0.113
FL000581,2025-05-29,Manipur,Imphal West,24.9252,93.9573,13.0,3.14,0.36,771,0,NONE,0,0.0,0.185
FL000582,2025-05-29,Manipur,Bishnupur,24.6237,93.9107,13.7,5.17,0.09,719,0,NONE,0,0.0,0.373
FL000583,2025-05-29,Manipur,Senapati,25.1887,93.8719,5.1,3.5,1.41,1197,0,NONE,0,0.0,0.197
FL000584,2025-05-29,Mizoram,Aizawl,23.663,92.7814,5.7,4.42,2.21,1168,0,NONE,0,0.0,0.138
FL000585,2025-05-29,Mizoram,Kolasib,24.0947,92.691,10.2,5.81,1.0,628,0,NONE,0,0.0,0.248
FL000586,2025-05-29,Mizoram,Lunglei,22.7537,92.8663,4.3,2.9,2.46,1063,0,NONE,0,0.0,0.106
FL000587,2025-05-29,Tripura,West Tripura,23.8574,91.3658,2.3,5.21,0.99,58,0,NONE,0,0.0,0.047
FL000588,2025-05-29,Tripura,Sipahijala,23.6946,91.381,2.7,2.57,2.71,80,0,NONE,0,0.0,0.066
FL000589,2025-05-30,Tripura,Dhalai,23.9774,91.7348,8.3,4.96,1.55,158,0,NONE,0,0.0,0.066
FL000590,2025-05-30,Arunachal Pradesh,Tawang,27.6586,91.9316,13.0,5.35,5.04,2855,0,NONE,0,0.0,0.075
FL000591,2025-05-30,Arunachal Pradesh,West Kameng,27.1179,92.4148,9.6,6.36,4.76,2184,0,NONE,0,0.0,0.07
FL000592,2025-05-30,Arunachal Pradesh,Papum Pare,27.1666,93.5167,2.9,5.22,1.52,276,0,NONE,0,0.0,0.251
FL000593,2025-05-30,Arunachal Pradesh,East Siang,28.1359,95.2114,9.6,5.68,0.67,210,0,NONE,0,0.0,0.085
FL000594,2025-05-30,Arunachal Pradesh,Lower Subansiri,27.4816,93.6992,10.1,5.74,2.96,1591,0,NONE,0,0.0,0.144
FL000595,2025-05-30,Assam,Kamrup Metropolitan,26.1433,91.7394,2.3,3.9,0.92,20,0,NONE,0,0.0,0.343
FL000596,2025-05-30,Assam,Kamrup Rural,26.1453,91.4885,12.7,6.48,0.79,20,0,NONE,0,0.0,0.191
FL000597,2025-05-30,Assam,Darrang,26.3366,92.1032,7.8,2.89,0.61,20,0,NONE,0,0.0,0.26
FL000598,2025-05-30,Assam,Sonitpur,26.5572,92.7841,0.6,4.94,0.37,67,0,NONE,0,0.0,0.082
FL000599,2025-05-31,Assam,Dibrugarh,27.6109,94.7726,12.6,4.02,0.63,150,0,NONE,0,0.0,0.089
FL000600,2025-05-31,Assam,Cachar,24.8091,92.7254,12.9,5.17,0.16,20,0,NONE,0,0.0,0.035
FL000601,2025-05-31,Assam,Nagaon,26.443,92.7055,3.5,5.45,1.04,20,0,NONE,0,0.0,0.081
FL000602,2025-05-31,Meghalaya,East Khasi Hills,25.4826,91.9846,5.9,3.06,1.99,1435,0,NONE,0,0.0,0.12
FL000603,2025-05-31,Meghalaya,West Khasi Hills,25.4995,91.1947,5.9,2.73,1.61,1328,0,NONE,0,0.0,0.084
FL000604,2025-05-31,Meghalaya,Ri-Bhoi,25.887,91.8407,8.2,3.73,1.45,527,0,NONE,0,0.0,0.052
FL000605,2025-05-31,Meghalaya,West Jaintia Hills,25.4868,92.1892,11.8,6.14,1.5,1345,0,NONE,0,0.0,0.063
FL000606,2025-05-31,Sikkim,East Sikkim,27.4217,88.6762,4.7,3.1,0.05,1659,0,NONE,0,0.0,0.186
FL000607,2025-05-31,Sikkim,North Sikkim,27.3519,88.523,9.5,5.37,0.46,2419,0,NONE,0,0.0,0.094
FL000608,2025-05-31,Sikkim,South Sikkim,27.228,88.2029,3.9,4.17,0.58,1282,0,NONE,0,0.0,0.151
FL000609,2025-06-01,Nagaland,Kohima,25.7798,94.1768,144.8,5.31,2.19,1393,0,NONE,0,0.0,0.201
FL000610,2025-06-01,Nagaland,Dimapur,25.8827,93.8659,70.2,15.0,0.71,153,1,MEDIUM,0,0.0,0.893
FL000611,2025-06-01,Nagaland,Mokokchung,26.4514,94.6392,47.9,4.93,2.43,1326,0,NONE,0,0.0,0.034
FL000612,2025-06-01,Manipur,Imphal West,24.8045,94.0112,74.7,5.32,0.34,799,0,NONE,0,0.0,0.308
FL000613,2025-06-01,Manipur,Bishnupur,24.7284,93.6369,57.4,5.25,0.48,782,0,NONE,0,0.0,0.246
FL000614,2025-06-01,Manipur,Senapati,25.1492,93.9475,122.6,5.02,1.67,1298,0,NONE,0,0.0,0.049
FL000615,2025-06-01,Mizoram,Aizawl,23.7873,92.7882,32.1,3.42,1.9,1110,0,NONE,0,0.0,0.334
FL000616,2025-06-01,Mizoram,Kolasib,24.3531,92.5708,135.6,5.72,1.05,648,0,NONE,0,0.0,0.352
FL000617,2025-06-01,Mizoram,Lunglei,22.7793,92.7298,49.1,4.52,2.48,1012,0,NONE,0,0.0,0.042
FL000618,2025-06-01,Tripura,West Tripura,23.9126,91.2724,43.2,3.66,1.03,34,0,NONE,0,0.0,0.12
FL000619,2025-06-02,Tripura,Sipahijala,23.5323,91.3678,88.7,4.07,2.94,77,0,NONE,0,0.0,0.31
FL000620,2025-06-02,Tripura,Dhalai,23.7645,91.957,89.7,6.2,1.51,98,0,NONE,0,0.0,0.289
FL000621,2025-06-02,Arunachal Pradesh,Tawang,27.5428,91.8634,48.9,6.45,5.48,2926,0,NONE,0,0.0,0.086
FL000622,2025-06-02,Arunachal Pradesh,West Kameng,27.1667,92.5515,169.3,5.77,4.74,2249,0,NONE,0,0.0,0.095
FL000623,2025-06-02,Arunachal Pradesh,Papum Pare,27.0254,93.6052,151.0,5.23,1.03,362,0,NONE,0,0.0,0.153
FL000624,2025-06-02,Arunachal Pradesh,East Siang,27.9345,95.4103,152.8,5.6,0.69,123,0,NONE,0,0.0,0.194
FL000625,2025-06-02,Arunachal Pradesh,Lower Subansiri,27.5117,93.8691,119.6,4.24,2.93,1582,0,NONE,0,0.0,0.243
FL000626,2025-06-02,Assam,Kamrup Metropolitan,26.2697,91.6087,98.2,10.0,0.97,20,1,HIGH,1,78.1,0.803
FL000627,2025-06-02,Assam,Kamrup Rural,26.2778,91.4396,147.6,11.77,0.57,106,1,CRITICAL,1,75.4,0.83
FL000628,2025-06-02,Assam,Darrang,26.3148,92.0193,30.4,5.15,0.33,20,0,NONE,0,0.0,0.289
FL000629,2025-06-03,Assam,Sonitpur,26.7011,92.7914,129.9,3.27,0.36,66,0,NONE,0,0.0,0.033
FL000630,2025-06-03,Assam,Dibrugarh,27.3872,94.8181,85.5,4.8,0.25,83,0,NONE,0,0.0,0.111
FL000631,2025-06-03,Assam,Cachar,24.8675,92.814,124.7,13.14,0.22,47,1,CRITICAL,1,91.6,0.9
FL000632,2025-06-03,Assam,Nagaon,26.3604,92.5523,117.5,11.06,0.72,39,1,CRITICAL,1,90.8,0.951
FL000633,2025-06-03,Meghalaya,East Khasi Hills,25.6216,91.9825,67.4,4.77,2.47,1461,0,NONE,0,0.0,0.204
FL000634,2025-06-03,Meghalaya,West Khasi Hills,25.5985,91.4068,228.8,4.13,1.86,1320,0,NONE,0,0.0,0.212
FL000635,2025-06-03,Meghalaya,Ri-Bhoi,25.9844,91.8332,47.8,3.79,1.5,562,0,NONE,0,0.0,0.059
FL000636,2025-06-03,Meghalaya,West Jaintia Hills,25.3539,92.1457,181.0,4.61,1.38,1298,0,NONE,0,0.0,0.181
FL000637,2025-06-03,Sikkim,East Sikkim,27.2732,88.6991,82.6,5.27,0.35,1650,0,NONE,0,0.0,0.212
FL000638,2025-06-03,Sikkim,North Sikkim,27.6499,88.6922,139.5,4.5,0.21,2402,0,NONE,0,0.0,0.107
FL000639,2025-06-04,Sikkim,South Sikkim,27.1801,88.4374,77.8,4.96,0.8,1334,0,NONE,0,0.0,0.117
FL000640,2025-06-04,Nagaland,Kohima,25.5909,94.2126,156.9,6.18,2.16,1482,0,NONE,0,0.0,0.156
FL000641,2025-06-04,Nagaland,Dimapur,26.0543,93.6296,130.9,3.5,1.17,165,0,NONE,0,0.0,0.027
FL000642,2025-06-04,Nagaland,Mokokchung,26.3843,94.6442,159.0,4.45,2.08,1263,0,NONE,0,0.0,0.136
FL000643,2025-06-04,Manipur,Imphal West,24.8373,93.8294,87.3,3.68,0.78,749,0,NONE,0,0.0,0.096
FL000644,2025-06-04,Manipur,Bishnupur,24.7735,93.7771,43.1,5.31,0.11,732,0,NONE,0,0.0,0.138
FL000645,2025-06-04,Manipur,Senapati,25.1798,93.9256,83.6,2.88,1.37,1257,0,NONE,0,0.0,0.063
FL000646,2025-06-04,Mizoram,Aizawl,23.7613,92.8095,82.4,4.2,2.35,1113,0,NONE,0,0.0,0.341
FL000647,2025-06-04,Mizoram,Kolasib,24.3233,92.6271,80.9,4.05,1.41,552,0,NONE,0,0.0,0.234
FL000648,2025-06-04,Mizoram,Lunglei,22.7725,92.6233,154.3,2.88,2.87,1027,0,NONE,0,0.0,0.264
FL000649,2025-06-05,Tripura,West Tripura,23.7936,91.4194,130.8,10.88,1.17,25,1,CRITICAL,1,76.6,0.921
FL000650,2025-06-05,Tripura,Sipahijala,23.5818,91.4548,156.2,4.97,3.06,65,0,NONE,0,0.0,0.199
FL000651,2025-06-05,Tripura,Dhalai,23.9882,91.8948,156.4,3.64,1.72,102,0,NONE,0,0.0,0.051
FL000652,2025-06-05,Arunachal Pradesh,Tawang,27.703,91.8935,60.8,3.71,5.33,2885,0,NONE,0,0.0,0.213
FL000653,2025-06-05,Arunachal Pradesh,West Kameng,27.1671,92.3579,153.4,4.91,4.37,2228,0,NONE,0,0.0,0.231
FL000654,2025-06-05,Arunachal Pradesh,Papum Pare,26.9509,93.6772,130.4,3.3,1.6,333,0,NONE,0,0.0,0.288
FL000655,2025-06-05,Arunachal Pradesh,East Siang,28.2056,95.1857,94.4,11.22,0.68,172,1,HIGH,1,38.0,0.821
FL000656,2025-06-05,Arunachal Pradesh,Lower Subansiri,27.5834,93.8719,97.9,4.43,2.64,1513,0,NONE,0,0.0,0.066
FL000657,2025-06-05,Assam,Kamrup Metropolitan,26.2181,91.6576,150.3,10.48,1.13,35,1,CRITICAL,1,92.2,0.779
FL000658,2025-06-05,Assam,Kamrup Rural,26.0616,91.6247,72.3,2.92,0.57,79,0,NONE,0,0.0,0.151
FL000659,2025-06-06,Assam,Darrang,26.3054,91.9439,158.9,12.86,0.22,80,1,CRITICAL,1,62.6,0.881
FL000660,2025-06-06,Assam,Sonitpur,26.5162,92.643,71.2,11.49,0.52,67,1,MEDIUM,0,0.0,0.86
FL000661,2025-06-06,Assam,Dibrugarh,27.3727,94.8862,101.0,10.3,0.5,160,1,HIGH,1,31.7,0.8
FL000662,2025-06-06,Assam,Cachar,24.7137,92.7727,52.5,4.41,0.44,75,0,NONE,0,0.0,0.375
FL000663,2025-06-06,Assam,Nagaon,26.2629,92.6694,77.0,14.77,0.64,106,1,HIGH,1,27.8,0.87
FL000664,2025-06-06,Meghalaya,East Khasi Hills,25.5244,92.0288,239.2,3.85,2.53,1439,0,NONE,0,0.0,0.105
FL000665,2025-06-06,Meghalaya,West Khasi Hills,25.4083,91.1325,204.3,2.88,1.61,1340,0,NONE,0,0.0,0.057
FL000666,2025-06-06,Meghalaya,Ri-Bhoi,25.9282,91.9141,203.4,5.18,1.53,551,0,NONE,0,0.0,0.075
FL000667,2025-06-06,Meghalaya,West Jaintia Hills,25.4961,92.2322,228.0,6.3,0.92,1325,0,NONE,0,0.0,0.109
FL000668,2025-06-06,Sikkim,East Sikkim,27.2506,88.5135,164.9,4.74,0.45,1679,0,NONE,0,0.0,0.078
FL000669,2025-06-07,Sikkim,North Sikkim,27.512,88.5982,89.1,4.36,0.08,2428,0,NONE,0,0.0,0.087
FL000670,2025-06-07,Sikkim,South Sikkim,27.1915,88.452,115.0,3.39,0.15,1259,0,NONE,0,0.0,0.123
FL000671,2025-06-07,Nagaland,Kohima,25.5514,94.2058,152.1,2.53,1.68,1460,0,NONE,0,0.0,0.082
FL000672,2025-06-07,Nagaland,Dimapur,25.7645,93.6287,103.2,4.99,0.96,172,0,NONE,0,0.0,0.343
FL000673,2025-06-07,Nagaland,Mokokchung,26.2097,94.6055,64.0,6.4,2.28,1320,0,NONE,0,0.0,0.049
FL000674,2025-06-07,Manipur,Imphal West,24.6943,93.95,138.1,5.47,0.5,748,0,NONE,0,0.0,0.209
FL000675,2025-06-07,Manipur,Bishnupur,24.5384,93.6279,87.9,3.54,0.2,766,0,NONE,0,0.0,0.168
FL000676,2025-06-07,Manipur,Senapati,25.1906,93.8785,128.5,6.45,1.21,1286,0,NONE,0,0.0,0.374
FL000677,2025-06-07,Mizoram,Aizawl,23.7775,92.8101,134.8,4.2,2.13,1122,0,NONE,0,0.0,0.06
FL000678,2025-06-07,Mizoram,Kolasib,24.2361,92.7822,148.4,5.36,1.58,654,0,NONE,0,0.0,0.163
FL000679,2025-06-08,Mizoram,Lunglei,22.9361,92.8709,46.3,5.9,2.56,1033,0,NONE,0,0.0,0.369
FL000680,2025-06-08,Tripura,West Tripura,23.7052,91.4076,53.2,3.02,1.32,66,0,NONE,0,0.0,0.332
FL000681,2025-06-08,Tripura,Sipahijala,23.64,91.3334,127.4,4.1,3.17,51,0,NONE,0,0.0,0.314
FL000682,2025-06-08,Tripura,Dhalai,23.8347,91.9847,71.7,4.94,1.88,101,0,NONE,0,0.0,0.113
FL000683,2025-06-08,Arunachal Pradesh,Tawang,27.474,91.8364,172.5,4.56,5.6,2927,0,NONE,0,0.0,0.082
FL000684,2025-06-08,Arunachal Pradesh,West Kameng,27.3027,92.5161,81.9,3.82,4.72,2173,0,NONE,0,0.0,0.261
FL000685,2025-06-08,Arunachal Pradesh,Papum Pare,27.1926,93.4927,203.6,5.55,1.16,331,0,NONE,0,0.0,0.355
FL000686,2025-06-08,Arunachal Pradesh,East Siang,27.9989,95.3134,40.4,4.15,0.61,206,0,NONE,0,0.0,0.22
FL000687,2025-06-08,Arunachal Pradesh,Lower Subansiri,27.5763,93.9145,50.4,3.21,2.65,1514,0,NONE,0,0.0,0.226
FL000688,2025-06-08,Assam,Kamrup Metropolitan,26.1709,91.8137,42.6,4.41,0.62,115,0,NONE,0,0.0,0.121
FL000689,2025-06-09,Assam,Kamrup Rural,26.2689,91.6477,140.9,11.62,0.57,109,1,CRITICAL,1,27.9,0.915
FL000690,2025-06-09,Assam,Darrang,26.4253,91.9959,110.1,11.19,0.36,54,1,HIGH,1,67.8,0.752
FL000691,2025-06-09,Assam,Sonitpur,26.5355,92.7635,119.6,13.56,0.7,97,1,CRITICAL,1,54.5,0.791
FL000692,2025-06-09,Assam,Dibrugarh,27.3344,95.0289,42.6,5.84,0.18,90,0,NONE,0,0.0,0.173
FL000693,2025-06-09,Assam,Cachar,24.8259,92.7095,32.2,2.53,0.48,20,0,NONE,0,0.0,0.203
FL000694,2025-06-09,Assam,Nagaon,26.2861,92.6181,69.7,14.09,0.9,66,1,MEDIUM,0,0.0,0.768
FL000695,2025-06-09,Meghalaya,East Khasi Hills,25.7205,91.8117,109.3,4.26,2.24,1468,0,NONE,0,0.0,0.061
FL000696,2025-06-09,Meghalaya,West Khasi Hills,25.6077,91.1908,246.8,5.23,1.61,1273,0,NONE,0,0.0,0.24
FL000697,2025-06-09,Meghalaya,Ri-Bhoi,25.8825,92.004,122.2,5.34,1.74,542,0,NONE,0,0.0,0.124
FL000698,2025-06-09,Meghalaya,West Jaintia Hills,25.5602,92.2963,162.5,6.32,0.89,1335,0,NONE,0,0.0,0.229
FL000699,2025-06-10,Sikkim,East Sikkim,27.4018,88.5775,52.0,4.44,0.42,1689,0,NONE,0,0.0,0.076
FL000700,2025-06-10,Sikkim,North Sikkim,27.3587,88.4578,66.7,4.18,0.09,2496,0,NONE,0,0.0,0.193
FL000701,2025-06-10,Sikkim,South Sikkim,27.0299,88.2152,111.7,4.57,0.33,1286,0,NONE,0,0.0,0.212
FL000702,2025-06-10,Nagaland,Kohima,25.7722,94.1101,74.3,2.96,1.99,1461,0,NONE,0,0.0,0.039
FL000703,2025-06-10,Nagaland,Dimapur,25.8294,93.7241,109.5,4.68,1.22,192,0,NONE,0,0.0,0.141
FL000704,2025-06-10,Nagaland,Mokokchung,26.3511,94.4749,128.5,3.5,2.02,1280,0,NONE,0,0.0,0.068
FL000705,2025-06-10,Manipur,Imphal West,24.9163,93.8139,108.2,12.32,0.36,728,1,HIGH,1,53.1,0.718
FL000706,2025-06-10,Manipur,Bishnupur,24.6541,93.904,146.5,3.29,0.2,819,0,NONE,0,0.0,0.376
FL000707,2025-06-10,Manipur,Senapati,25.172,94.0555,33.6,4.93,1.66,1255,0,NONE,0,0.0,0.136
FL000708,2025-06-10,Mizoram,Aizawl,23.8074,92.5703,43.9,4.66,1.86,1186,0,NONE,0,0.0,0.312
FL000709,2025-06-11,Mizoram,Kolasib,24.3103,92.5971,103.3,5.05,1.15,627,0,NONE,0,0.0,0.112
FL000710,2025-06-11,Mizoram,Lunglei,23.0201,92.7828,149.7,5.99,2.8,1014,0,NONE,0,0.0,0.265
FL000711,2025-06-11,Tripura,West Tripura,23.8192,91.2023,162.8,3.01,1.49,20,0,NONE,0,0.0,0.294
FL000712,2025-06-11,Tripura,Sipahijala,23.6041,91.1927,32.2,3.52,3.18,37,0,NONE,0,0.0,0.234
FL000713,2025-06-11,Tripura,Dhalai,23.9518,91.8684,72.0,3.01,1.54,156,0,NONE,0,0.0,0.19
FL000714,2025-06-11,Arunachal Pradesh,Tawang,27.4685,91.7286,121.8,5.8,5.51,2875,0,NONE,0,0.0,0.168
FL000715,2025-06-11,Arunachal Pradesh,West Kameng,27.1928,92.4792,187.2,5.71,4.37,2254,0,NONE,0,0.0,0.146
FL000716,2025-06-11,Arunachal Pradesh,Papum Pare,27.1056,93.5387,125.1,4.66,1.47,267,0,NONE,0,0.0,0.355
FL000717,2025-06-11,Arunachal Pradesh,East Siang,28.096,95.3742,111.2,13.28,0.17,182,1,HIGH,1,86.3,0.933
FL000718,2025-06-11,Arunachal Pradesh,Lower Subansiri,27.5492,93.7687,191.4,6.02,2.8,1616,0,NONE,0,0.0,0.367
FL000719,2025-06-12,Assam,Kamrup Metropolitan,26.0051,91.7986,133.9,3.74,0.77,68,0,NONE,0,0.0,0.065
FL000720,2025-06-12,Assam,Kamrup Rural,26.249,91.6179,112.4,11.51,0.94,79,1,HIGH,1,73.2,0.905
FL000721,2025-06-12,Assam,Darrang,26.5036,92.0332,152.0,10.06,0.48,100,1,CRITICAL,1,81.4,0.963
FL000722,2025-06-12,Assam,Sonitpur,26.6513,92.7307,86.0,10.12,0.42,78,1,HIGH,1,64.0,0.751
FL000723,2025-06-12,Assam,Dibrugarh,27.5653,94.9909,110.3,13.92,0.73,71,1,HIGH,1,42.3,0.719
FL000724,2025-06-12,Assam,Cachar,24.8796,92.6956,39.7,5.96,0.15,20,0,NONE,0,0.0,0.287
FL000725,2025-06-12,Assam,Nagaon,26.4316,92.6334,130.3,14.55,0.75,37,1,CRITICAL,1,70.2,0.861
FL000726,2025-06-12,Meghalaya,East Khasi Hills,25.4641,91.7594,143.0,5.02,2.56,1511,0,NONE,0,0.0,0.323
FL000727,2025-06-12,Meghalaya,West Khasi Hills,25.3814,91.3768,159.1,5.81,1.99,1284,0,NONE,0,0.0,0.07
FL000728,2025-06-12,Meghalaya,Ri-Bhoi,25.909,91.8539,150.3,4.53,1.34,601,0,NONE,0,0.0,0.306
FL000729,2025-06-13,Meghalaya,West Jaintia Hills,25.3601,92.1728,243.4,5.11,1.49,1342,0,NONE,0,0.0,0.093
FL000730,2025-06-13,Sikkim,East Sikkim,27.2319,88.7152,136.3,3.75,0.17,1613,0,NONE,0,0.0,0.079
FL000731,2025-06-13,Sikkim,North Sikkim,27.5393,88.453,105.3,14.6,0.34,2471,1,HIGH,1,62.6,0.746
FL000732,2025-06-13,Sikkim,South Sikkim,27.0828,88.4321,40.9,2.53,0.47,1313,0,NONE,0,0.0,0.313
FL000733,2025-06-13,Nagaland,Kohima,25.7542,93.985,118.0,2.9,1.83,1458,0,NONE,0,0.0,0.259
FL000734,2025-06-13,Nagaland,Dimapur,25.8855,93.7207,67.5,4.33,0.78,135,0,NONE,0,0.0,0.208
FL000735,2025-06-13,Nagaland,Mokokchung,26.2869,94.3742,127.5,2.79,2.2,1301,0,NONE,0,0.0,0.149
FL000736,2025-06-13,Manipur,Imphal West,24.6724,93.788,76.2,6.05,0.7,818,0,NONE,0,0.0,0.336
FL000737,2025-06-13,Manipur,Bishnupur,24.5857,93.6532,122.3,5.29,0.25,759,0,NONE,0,0.0,0.161
FL000738,2025-06-13,Manipur,Senapati,25.1296,93.8737,107.0,6.16,1.49,1227,0,NONE,0,0.0,0.314
FL000739,2025-06-14,Mizoram,Aizawl,23.7343,92.6977,141.3,4.04,1.97,1157,0,NONE,0,0.0,0.178
FL000740,2025-06-14,Mizoram,Kolasib,24.3404,92.6378,72.4,4.51,1.54,574,0,NONE,0,0.0,0.156
FL000741,2025-06-14,Mizoram,Lunglei,22.9736,92.5957,136.3,3.85,2.34,988,0,NONE,0,0.0,0.187
FL000742,2025-06-14,Tripura,West Tripura,23.9017,91.3137,98.9,5.81,1.41,20,0,NONE,0,0.0,0.128
FL000743,2025-06-14,Tripura,Sipahijala,23.7226,91.2746,85.6,4.91,2.9,53,0,NONE,0,0.0,0.289
FL000744,2025-06-14,Tripura,Dhalai,23.7146,91.9984,130.0,5.83,1.89,164,0,NONE,0,0.0,0.201
FL000745,2025-06-14,Arunachal Pradesh,Tawang,27.4506,91.7441,147.6,2.88,5.31,2896,0,NONE,0,0.0,0.104
FL000746,2025-06-14,Arunachal Pradesh,West Kameng,27.2568,92.3118,71.6,4.3,4.26,2228,0,NONE,0,0.0,0.344
FL000747,2025-06-14,Arunachal Pradesh,Papum Pare,27.0767,93.4969,132.9,3.59,1.34,326,0,NONE,0,0.0,0.158
FL000748,2025-06-14,Arunachal Pradesh,East Siang,27.9571,95.4252,107.2,9.58,0.55,108,1,HIGH,1,91.7,0.852
FL000749,2025-06-15,Arunachal Pradesh,Lower Subansiri,27.4848,93.9154,83.5,4.6,2.68,1563,0,NONE,0,0.0,0.346
FL000750,2025-06-15,Assam,Kamrup Metropolitan,26.0734,91.7431,30.4,5.13,0.82,20,0,NONE,0,0.0,0.245
FL000751,2025-06-15,Assam,Kamrup Rural,26.0831,91.5764,153.7,14.5,0.96,114,1,CRITICAL,1,81.0,0.733
FL000752,2025-06-15,Assam,Darrang,26.4012,91.8818,130.9,10.45,0.12,77,1,CRITICAL,1,75.8,0.963
FL000753,2025-06-15,Assam,Sonitpur,26.656,92.7908,42.9,5.04,0.3,29,0,NONE,0,0.0,0.246
FL000754,2025-06-15,Assam,Dibrugarh,27.5399,95.0334,99.4,3.55,0.79,130,0,NONE,0,0.0,0.141
FL000755,2025-06-15,Assam,Cachar,24.7721,92.7682,58.4,2.89,0.52,20,0,NONE,0,0.0,0.07
FL000756,2025-06-15,Assam,Nagaon,26.4509,92.6421,111.3,12.67,0.93,90,1,HIGH,1,49.6,0.922
FL000757,2025-06-15,Meghalaya,East Khasi Hills,25.4573,91.9708,188.2,3.68,2.04,1435,0,NONE,0,0.0,0.243
FL000758,2025-06-15,Meghalaya,West Khasi Hills,25.5542,91.2086,155.1,3.12,1.95,1334,0,NONE,0,0.0,0.212
FL000759,2025-06-16,Meghalaya,Ri-Bhoi,26.0135,91.7579,89.5,4.76,1.32,594,0,NONE,0,0.0,0.342
FL000760,2025-06-16,Meghalaya,West Jaintia Hills,25.4201,92.187,196.4,4.36,1.4,1376,0,NONE,0,0.0,0.304
FL000761,2025-06-16,Sikkim,East Sikkim,27.4289,88.6512,55.5,3.51,0.05,1692,0,NONE,0,0.0,0.075
FL000762,2025-06-16,Sikkim,North Sikkim,27.5679,88.6945,148.3,11.32,0.32,2498,1,CRITICAL,1,51.6,0.787
FL000763,2025-06-16,Sikkim,South Sikkim,27.1972,88.4407,154.7,4.31,0.55,1326,0,NONE,0,0.0,0.109
FL000764,2025-06-16,Nagaland,Kohima,25.7588,94.142,69.9,3.02,2.1,1490,0,NONE,0,0.0,0.288
FL000765,2025-06-16,Nagaland,Dimapur,26.0488,93.6167,37.3,2.56,1.23,252,0,NONE,0,0.0,0.032
FL000766,2025-06-16,Nagaland,Mokokchung,26.3072,94.389,101.9,3.17,2.31,1343,0,NONE,0,0.0,0.225
FL000767,2025-06-16,Manipur,Imphal West,24.8704,94.0171,104.1,4.04,0.4,798,0,NONE,0,0.0,0.294
FL000768,2025-06-16,Manipur,Bishnupur,24.7691,93.8764,138.0,4.18,0.51,776,0,NONE,0,0.0,0.336
FL000769,2025-06-17,Manipur,Senapati,25.1386,94.0585,43.3,6.46,1.58,1221,0,NONE,0,0.0,0.143
FL000770,2025-06-17,Mizoram,Aizawl,23.7695,92.6122,122.4,2.67,2.39,1175,0,NONE,0,0.0,0.316
FL000771,2025-06-17,Mizoram,Kolasib,24.0864,92.723,131.0,2.55,1.26,570,0,NONE,0,0.0,0.06
FL000772,2025-06-17,Mizoram,Lunglei,22.8788,92.6396,144.7,2.53,2.41,1056,0,NONE,0,0.0,0.325
FL000773,2025-06-17,Tripura,West Tripura,23.9725,91.1519,102.3,14.45,1.2,20,1,HIGH,1,22.0,0.736
FL000774,2025-06-17,Tripura,Sipahijala,23.7301,91.1856,155.3,5.95,2.84,28,0,NONE,0,0.0,0.163
FL000775,2025-06-17,Tripura,Dhalai,23.957,91.8341,34.1,5.57,1.83,95,0,NONE,0,0.0,0.307
FL000776,2025-06-17,Arunachal Pradesh,Tawang,27.4414,91.8304,99.6,4.55,4.95,2844,0,NONE,0,0.0,0.074
FL000777,2025-06-17,Arunachal Pradesh,West Kameng,27.1418,92.4472,61.7,2.53,4.83,2219,0,NONE,0,0.0,0.103
FL000778,2025-06-17,Arunachal Pradesh,Papum Pare,27.1191,93.663,152.3,3.49,1.19,318,0,NONE,0,0.0,0.28
FL000779,2025-06-18,Arunachal Pradesh,East Siang,27.9323,95.2429,72.6,14.79,0.65,153,1,MEDIUM,0,0.0,0.902
FL000780,2025-06-18,Arunachal Pradesh,Lower Subansiri,27.58,93.895,181.4,4.32,2.62,1546,0,NONE,0,0.0,0.251
FL000781,2025-06-18,Assam,Kamrup Metropolitan,26.2223,91.6527,153.3,14.43,0.96,38,1,CRITICAL,1,93.9,0.894
FL000782,2025-06-18,Assam,Kamrup Rural,26.275,91.5763,156.3,13.98,0.38,45,1,CRITICAL,1,67.9,0.852
FL000783,2025-06-18,Assam,Darrang,26.3512,91.9231,158.9,9.79,0.32,83,1,CRITICAL,1,67.7,0.771
FL000784,2025-06-18,Assam,Sonitpur,26.5601,92.7014,41.3,5.52,0.51,33,0,NONE,0,0.0,0.144
FL000785,2025-06-18,Assam,Dibrugarh,27.4599,94.9964,34.8,3.26,0.64,139,0,NONE,0,0.0,0.085
FL000786,2025-06-18,Assam,Cachar,24.6973,92.8189,96.4,14.39,0.45,51,1,HIGH,1,24.7,0.954
FL000787,2025-06-18,Assam,Nagaon,26.3304,92.7315,161.8,12.76,0.77,68,1,CRITICAL,1,78.0,0.863
FL000788,2025-06-18,Meghalaya,East Khasi Hills,25.5879,91.7579,231.7,3.18,2.33,1549,0,NONE,0,0.0,0.164
FL000789,2025-06-19,Meghalaya,West Khasi Hills,25.6373,91.3443,162.8,3.17,1.93,1336,0,NONE,0,0.0,0.186
FL000790,2025-06-19,Meghalaya,Ri-Bhoi,25.9691,91.7685,63.2,5.99,1.64,539,0,NONE,0,0.0,0.361
FL000791,2025-06-19,Meghalaya,West Jaintia Hills,25.3966,92.3144,100.1,4.86,1.45,1323,0,NONE,0,0.0,0.075
FL000792,2025-06-19,Sikkim,East Sikkim,27.4176,88.5386,127.0,10.45,0.14,1633,1,CRITICAL,1,69.2,0.864
FL000793,2025-06-19,Sikkim,North Sikkim,27.39,88.5238,36.5,3.97,0.38,2479,0,NONE,0,0.0,0.202
FL000794,2025-06-19,Sikkim,South Sikkim,27.2729,88.3643,129.3,2.78,0.76,1280,0,NONE,0,0.0,0.24
FL000795,2025-06-19,Nagaland,Kohima,25.7149,94.0189,83.2,5.9,2.0,1459,0,NONE,0,0.0,0.027
FL000796,2025-06-19,Nagaland,Dimapur,26.0332,93.6173,131.0,5.29,1.27,225,0,NONE,0,0.0,0.334
FL000797,2025-06-19,Nagaland,Mokokchung,26.3262,94.5783,134.5,6.4,2.34,1301,0,NONE,0,0.0,0.356
FL000798,2025-06-19,Manipur,Imphal West,24.8357,93.9616,102.4,6.47,0.52,845,0,NONE,0,0.0,0.223
FL000799,2025-06-20,Manipur,Bishnupur,24.7068,93.8669,151.3,13.94,0.32,746,1,CRITICAL,1,20.2,0.895
FL000800,2025-06-20,Manipur,Senapati,25.1138,93.8919,85.3,6.08,1.59,1238,0,NONE,0,0.0,0.352
FL000801,2025-06-20,Mizoram,Aizawl,23.6371,92.7927,161.4,4.32,2.19,1090,0,NONE,0,0.0,0.275
FL000802,2025-06-20,Mizoram,Kolasib,24.1139,92.5486,115.9,3.04,1.44,650,0,NONE,0,0.0,0.075
FL000803,2025-06-20,Mizoram,Lunglei,22.7397,92.8342,51.4,5.15,2.69,973,0,NONE,0,0.0,0.227
FL000804,2025-06-20,Tripura,West Tripura,23.8501,91.2041,122.6,5.28,1.1,57,0,NONE,0,0.0,0.238
FL000805,2025-06-20,Tripura,Sipahijala,23.7203,91.4016,89.9,3.73,2.58,20,0,NONE,0,0.0,0.173
FL000806,2025-06-20,Tripura,Dhalai,23.8145,91.825,75.2,5.79,1.55,180,0,NONE,0,0.0,0.285
FL000807,2025-06-20,Arunachal Pradesh,Tawang,27.6017,91.7133,93.5,3.12,5.51,2872,0,NONE,0,0.0,0.356
FL000808,2025-06-20,Arunachal Pradesh,West Kameng,27.3726,92.3988,181.0,4.73,4.71,2168,0,NONE,0,0.0,0.353
FL000809,2025-06-21,Arunachal Pradesh,Papum Pare,27.1447,93.6931,176.6,3.37,1.08,329,0,NONE,0,0.0,0.182
FL000810,2025-06-21,Arunachal Pradesh,East Siang,28.1335,95.234,200.8,11.25,0.59,152,1,CRITICAL,1,84.8,0.732
FL000811,2025-06-21,Arunachal Pradesh,Lower Subansiri,27.4561,93.7321,144.3,3.17,2.58,1565,0,NONE,0,0.0,0.375
FL000812,2025-06-21,Assam,Kamrup Metropolitan,26.0782,91.6655,123.7,3.3,0.72,20,0,NONE,0,0.0,0.322
FL000813,2025-06-21,Assam,Kamrup Rural,26.1342,91.6249,56.5,4.83,0.95,20,0,NONE,0,0.0,0.065
FL000814,2025-06-21,Assam,Darrang,26.4811,92.1131,80.6,5.78,0.48,72,0,NONE,0,0.0,0.352
FL000815,2025-06-21,Assam,Sonitpur,26.631,92.8144,66.8,13.23,0.71,63,1,MEDIUM,0,0.0,0.944
FL000816,2025-06-21,Assam,Dibrugarh,27.4804,95.0491,95.4,10.0,0.48,114,1,HIGH,1,46.7,0.845
FL000817,2025-06-21,Assam,Cachar,24.8081,92.79,114.9,13.75,0.52,20,1,HIGH,1,78.6,0.866
FL000818,2025-06-21,Assam,Nagaon,26.3942,92.6333,110.9,3.94,0.94,41,0,NONE,0,0.0,0.164
FL000819,2025-06-22,Meghalaya,East Khasi Hills,25.5879,92.0423,78.6,5.9,2.37,1535,0,NONE,0,0.0,0.04
FL000820,2025-06-22,Meghalaya,West Khasi Hills,25.3944,91.2138,113.7,4.52,1.95,1250,0,NONE,0,0.0,0.141
FL000821,2025-06-22,Meghalaya,Ri-Bhoi,25.9363,92.0177,150.5,4.32,1.5,577,0,NONE,0,0.0,0.309
FL000822,2025-06-22,Meghalaya,West Jaintia Hills,25.5389,92.084,92.0,6.37,1.03,1302,0,NONE,0,0.0,0.022
FL000823,2025-06-22,Sikkim,East Sikkim,27.4623,88.7031,105.8,5.1,0.18,1637,0,NONE,0,0.0,0.14
FL000824,2025-06-22,Sikkim,North Sikkim,27.496,88.4889,124.1,13.19,0.38,2473,1,CRITICAL,1,69.8,0.811
FL000825,2025-06-22,Sikkim,South Sikkim,27.3045,88.2502,121.5,2.89,0.15,1338,0,NONE,0,0.0,0.213
FL000826,2025-06-22,Nagaland,Kohima,25.5447,94.1597,88.0,4.24,2.0,1479,0,NONE,0,0.0,0.351
FL000827,2025-06-22,Nagaland,Dimapur,26.0075,93.6392,75.4,5.15,1.28,241,0,NONE,0,0.0,0.145
FL000828,2025-06-22,Nagaland,Mokokchung,26.4076,94.564,35.0,2.61,2.3,1380,0,NONE,0,0.0,0.145
FL000829,2025-06-23,Manipur,Imphal West,24.6741,94.0019,142.8,12.28,0.29,729,1,CRITICAL,1,89.2,0.907
FL000830,2025-06-23,Manipur,Bishnupur,24.7207,93.7819,138.1,3.33,0.64,783,0,NONE,0,0.0,0.183
FL000831,2025-06-23,Manipur,Senapati,25.2323,93.9953,37.3,5.29,1.16,1241,0,NONE,0,0.0,0.101
FL000832,2025-06-23,Mizoram,Aizawl,23.7791,92.7281,92.6,3.1,1.79,1152,0,NONE,0,0.0,0.183
FL000833,2025-06-23,Mizoram,Kolasib,24.2938,92.5437,91.4,4.14,1.55,658,0,NONE,0,0.0,0.071
FL000834,2025-06-23,Mizoram,Lunglei,22.7618,92.8261,65.4,3.59,2.43,998,0,NONE,0,0.0,0.083
FL000835,2025-06-23,Tripura,West Tripura,23.9595,91.2512,64.4,4.84,1.26,80,0,NONE,0,0.0,0.199
FL000836,2025-06-23,Tripura,Sipahijala,23.645,91.2029,74.4,5.18,3.1,22,0,NONE,0,0.0,0.171
FL000837,2025-06-23,Tripura,Dhalai,23.7885,91.8902,79.5,2.73,1.94,118,0,NONE,0,0.0,0.349
FL000838,2025-06-23,Arunachal Pradesh,Tawang,27.6746,91.9282,99.4,5.66,4.96,2887,0,NONE,0,0.0,0.15
FL000839,2025-06-24,Arunachal Pradesh,West Kameng,27.3769,92.3083,46.8,5.21,4.64,2145,0,NONE,0,0.0,0.229
FL000840,2025-06-24,Arunachal Pradesh,Papum Pare,27.1115,93.7507,111.1,5.8,1.43,299,0,NONE,0,0.0,0.248
FL000841,2025-06-24,Arunachal Pradesh,East Siang,28.1338,95.2395,42.2,4.94,0.48,210,0,NONE,0,0.0,0.025
FL000842,2025-06-24,Arunachal Pradesh,Lower Subansiri,27.4483,93.7462,167.0,2.76,2.62,1606,0,NONE,0,0.0,0.259
FL000843,2025-06-24,Assam,Kamrup Metropolitan,26.1958,91.7564,46.8,4.37,1.16,20,0,NONE,0,0.0,0.084
FL000844,2025-06-24,Assam,Kamrup Rural,26.3333,91.5504,68.3,3.81,0.79,68,0,NONE,0,0.0,0.366
FL000845,2025-06-24,Assam,Darrang,26.3772,91.9402,32.6,5.13,0.27,66,0,NONE,0,0.0,0.074
FL000846,2025-06-24,Assam,Sonitpur,26.5223,92.8392,34.8,5.11,0.3,30,0,NONE,0,0.0,0.169
FL000847,2025-06-24,Assam,Dibrugarh,27.3808,94.9078,110.6,14.72,0.35,90,1,HIGH,1,65.3,0.724
FL000848,2025-06-24,Assam,Cachar,24.8586,92.7986,137.7,10.05,0.57,20,1,CRITICAL,1,75.5,0.979
FL000849,2025-06-25,Assam,Nagaon,26.2458,92.628,84.2,12.59,0.93,104,1,HIGH,1,40.0,0.841
FL000850,2025-06-25,Meghalaya,East Khasi Hills,25.5596,91.9953,213.0,5.74,2.17,1447,0,NONE,0,0.0,0.234
FL000851,2025-06-25,Meghalaya,West Khasi Hills,25.504,91.2436,91.4,4.75,1.91,1319,0,NONE,0,0.0,0.044
FL000852,2025-06-25,Meghalaya,Ri-Bhoi,25.8027,91.912,48.0,4.96,1.79,597,0,NONE,0,0.0,0.29
FL000853,2025-06-25,Meghalaya,West Jaintia Hills,25.5674,92.1089,250.6,2.98,0.9,1363,0,NONE,0,0.0,0.096
FL000854,2025-06-25,Sikkim,East Sikkim,27.2115,88.4621,106.6,4.55,0.38,1654,0,NONE,0,0.0,0.343
FL000855,2025-06-25,Sikkim,North Sikkim,27.5237,88.6308,125.0,3.85,0.41,2417,0,NONE,0,0.0,0.094
FL000856,2025-06-25,Sikkim,South Sikkim,27.183,88.4996,138.6,4.64,0.25,1300,0,NONE,0,0.0,0.089
FL000857,2025-06-25,Nagaland,Kohima,25.6428,94.226,53.5,4.43,1.74,1455,0,NONE,0,0.0,0.033
FL000858,2025-06-25,Nagaland,Dimapur,25.8962,93.7306,109.8,9.75,0.66,185,1,HIGH,1,23.3,0.832
FL000859,2025-06-26,Nagaland,Mokokchung,26.2467,94.6592,87.9,5.97,2.34,1338,0,NONE,0,0.0,0.223
FL000860,2025-06-26,Manipur,Imphal West,24.7091,93.8346,40.2,4.18,0.68,797,0,NONE,0,0.0,0.044
FL000861,2025-06-26,Manipur,Bishnupur,24.7727,93.8353,96.0,5.62,0.08,771,0,NONE,0,0.0,0.299
FL000862,2025-06-26,Manipur,Senapati,25.3384,93.9295,83.2,6.38,1.18,1223,0,NONE,0,0.0,0.183
FL000863,2025-06-26,Mizoram,Aizawl,23.6391,92.8399,124.5,3.89,2.35,1116,0,NONE,0,0.0,0.209
FL000864,2025-06-26,Mizoram,Kolasib,24.3345,92.542,137.6,4.66,1.41,633,0,NONE,0,0.0,0.179
FL000865,2025-06-26,Mizoram,Lunglei,22.8864,92.8389,90.8,2.59,2.63,1066,0,NONE,0,0.0,0.164
FL000866,2025-06-26,Tripura,West Tripura,23.8525,91.2498,102.9,6.04,1.37,23,0,NONE,0,0.0,0.221
FL000867,2025-06-26,Tripura,Sipahijala,23.7356,91.317,102.5,5.13,2.69,20,0,NONE,0,0.0,0.076
FL000868,2025-06-26,Tripura,Dhalai,23.8218,91.9452,157.7,6.45,1.66,124,0,NONE,0,0.0,0.085
FL000869,2025-06-27,Arunachal Pradesh,Tawang,27.6174,91.86,58.5,5.81,5.1,2857,0,NONE,0,0.0,0.33
FL000870,2025-06-27,Arunachal Pradesh,West Kameng,27.2689,92.3501,175.5,4.73,4.49,2159,0,NONE,0,0.0,0.361
FL000871,2025-06-27,Arunachal Pradesh,Papum Pare,27.1656,93.5021,155.7,14.07,1.16,289,1,CRITICAL,1,47.0,0.805
FL000872,2025-06-27,Arunachal Pradesh,East Siang,27.95,95.3786,39.5,2.82,0.25,156,0,NONE,0,0.0,0.117
FL000873,2025-06-27,Arunachal Pradesh,Lower Subansiri,27.65,93.6867,64.8,6.11,2.94,1505,0,NONE,0,0.0,0.252
FL000874,2025-06-27,Assam,Kamrup Metropolitan,26.0349,91.74,82.6,13.85,0.59,109,1,HIGH,1,36.0,0.814
FL000875,2025-06-27,Assam,Kamrup Rural,26.1125,91.466,74.3,11.33,0.72,49,1,MEDIUM,0,0.0,0.707
FL000876,2025-06-27,Assam,Darrang,26.3076,92.0969,73.6,10.34,0.67,76,1,MEDIUM,0,0.0,0.744
FL000877,2025-06-27,Assam,Sonitpur,26.5488,92.8246,137.7,3.02,0.36,78,0,NONE,0,0.0,0.278
FL000878,2025-06-27,Assam,Dibrugarh,27.5719,94.9423,75.4,13.48,0.65,149,1,HIGH,1,82.3,0.884
FL000879,2025-06-28,Assam,Cachar,24.8703,92.7821,129.5,12.35,0.17,20,1,CRITICAL,1,68.4,0.708
FL000880,2025-06-28,Assam,Nagaon,26.3312,92.7112,158.9,11.92,0.54,33,1,CRITICAL,1,61.6,0.762
FL000881,2025-06-28,Meghalaya,East Khasi Hills,25.4338,91.9001,235.1,4.9,2.22,1546,0,NONE,0,0.0,0.103
FL000882,2025-06-28,Meghalaya,West Khasi Hills,25.4049,91.1389,70.2,2.55,1.94,1280,0,NONE,0,0.0,0.262
FL000883,2025-06-28,Meghalaya,Ri-Bhoi,26.0133,91.8894,154.1,2.92,1.56,586,0,NONE,0,0.0,0.027
FL000884,2025-06-28,Meghalaya,West Jaintia Hills,25.3391,92.231,204.7,5.28,1.46,1375,0,NONE,0,0.0,0.057
FL000885,2025-06-28,Sikkim,East Sikkim,27.3925,88.5859,62.3,4.75,0.05,1643,0,NONE,0,0.0,0.308
FL000886,2025-06-28,Sikkim,North Sikkim,27.5089,88.4688,134.2,3.01,0.55,2492,0,NONE,0,0.0,0.084
FL000887,2025-06-28,Sikkim,South Sikkim,27.1252,88.4414,133.3,3.34,0.6,1356,0,NONE,0,0.0,0.255
FL000888,2025-06-28,Nagaland,Kohima,25.5544,93.9988,108.7,5.93,2.14,1441,0,NONE,0,0.0,0.106
FL000889,2025-06-29,Nagaland,Dimapur,25.7819,93.757,43.5,3.59,0.77,204,0,NONE,0,0.0,0.056
FL000890,2025-06-29,Nagaland,Mokokchung,26.3877,94.6068,91.0,3.25,2.19,1333,0,NONE,0,0.0,0.108
FL000891,2025-06-29,Manipur,Imphal West,24.7795,93.8484,74.5,4.98,0.49,827,0,NONE,0,0.0,0.28
FL000892,2025-06-29,Manipur,Bishnupur,24.5288,93.81,58.2,6.42,0.4,742,0,NONE,0,0.0,0.328
FL000893,2025-06-29,Manipur,Senapati,25.2794,94.0436,92.7,3.64,1.28,1277,0,NONE,0,0.0,0.319
FL000894,2025-06-29,Mizoram,Aizawl,23.7427,92.7349,118.6,4.43,2.11,1092,0,NONE,0,0.0,0.163
FL000895,2025-06-29,Mizoram,Kolasib,24.1461,92.622,40.8,2.65,1.21,594,0,NONE,0,0.0,0.261
FL000896,2025-06-29,Mizoram,Lunglei,22.7714,92.8491,131.0,3.04,2.54,975,0,NONE,0,0.0,0.094
FL000897,2025-06-29,Tripura,West Tripura,23.8913,91.1853,147.2,6.14,1.46,20,0,NONE,0,0.0,0.126
FL000898,2025-06-29,Tripura,Sipahijala,23.7253,91.3462,124.6,2.96,2.65,59,0,NONE,0,0.0,0.343
FL000899,2025-06-30,Tripura,Dhalai,23.9894,91.7016,32.6,5.27,1.66,91,0,NONE,0,0.0,0.025
FL000900,2025-06-30,Arunachal Pradesh,Tawang,27.6162,91.7358,203.8,4.07,5.0,2873,0,NONE,0,0.0,0.051
FL000901,2025-06-30,Arunachal Pradesh,West Kameng,27.1258,92.3812,48.0,5.1,4.59,2191,0,NONE,0,0.0,0.095
FL000902,2025-06-30,Arunachal Pradesh,Papum Pare,27.1639,93.6458,100.6,6.12,1.37,359,0,NONE,0,0.0,0.03
FL000903,2025-06-30,Arunachal Pradesh,East Siang,28.0477,95.2365,75.9,11.92,0.49,179,1,HIGH,1,40.5,0.751
FL000904,2025-06-30,Arunachal Pradesh,Lower Subansiri,27.4584,93.9152,128.1,4.99,2.7,1565,0,NONE,0,0.0,0.23
FL000905,2025-06-30,Assam,Kamrup Metropolitan,26.0453,91.597,127.7,13.43,1.18,25,1,CRITICAL,1,93.1,0.818
FL000906,2025-06-30,Assam,Kamrup Rural,26.0611,91.4948,100.1,5.85,0.61,49,0,NONE,0,0.0,0.341
FL000907,2025-06-30,Assam,Darrang,26.4778,92.0363,150.2,12.11,0.65,86,1,CRITICAL,1,56.8,0.929
FL000908,2025-06-30,Assam,Sonitpur,26.6487,92.8604,84.8,9.81,0.48,89,1,HIGH,1,88.2,0.796
FL000909,2025-07-01,Assam,Dibrugarh,27.6118,94.845,39.4,5.24,0.45,125,0,NONE,0,0.0,0.113
FL000910,2025-07-01,Assam,Cachar,24.8045,92.6303,110.6,13.32,0.05,20,1,HIGH,1,53.4,0.806
FL000911,2025-07-01,Assam,Nagaon,26.2169,92.6223,68.8,14.88,1.07,20,1,MEDIUM,0,0.0,0.865
FL000912,2025-07-01,Meghalaya,East Khasi Hills,25.6916,91.9872,169.8,2.88,2.24,1503,0,NONE,0,0.0,0.117
FL000913,2025-07-01,Meghalaya,West Khasi Hills,25.4731,91.2551,224.0,5.64,2.17,1251,0,NONE,0,0.0,0.245
FL000914,2025-07-01,Meghalaya,Ri-Bhoi,25.8877,91.8682,174.6,2.73,1.56,565,0,NONE,0,0.0,0.167
FL000915,2025-07-01,Meghalaya,West Jaintia Hills,25.3773,92.1648,110.4,5.36,1.29,1370,0,NONE,0,0.0,0.219
FL000916,2025-07-01,Sikkim,East Sikkim,27.2579,88.5512,156.9,3.5,0.05,1635,0,NONE,0,0.0,0.177
FL000917,2025-07-01,Sikkim,North Sikkim,27.5997,88.4745,63.1,5.06,0.54,2401,0,NONE,0,0.0,0.126
FL000918,2025-07-01,Sikkim,South Sikkim,27.1226,88.3664,78.9,3.73,0.38,1262,0,NONE,0,0.0,0.361
FL000919,2025-07-02,Nagaland,Kohima,25.7934,94.0393,132.6,5.58,2.14,1475,0,NONE,0,0.0,0.295
FL000920,2025-07-02,Nagaland,Dimapur,25.9065,93.6374,87.3,11.01,0.82,229,1,HIGH,1,21.1,0.739
FL000921,2025-07-02,Nagaland,Mokokchung,26.2438,94.6205,109.7,5.6,1.95,1367,0,NONE,0,0.0,0.333
FL000922,2025-07-02,Manipur,Imphal West,24.699,94.0629,113.9,2.68,0.57,811,0,NONE,0,0.0,0.195
FL000923,2025-07-02,Manipur,Bishnupur,24.4844,93.8716,107.9,11.3,0.29,715,1,HIGH,1,34.8,0.95
FL000924,2025-07-02,Manipur,Senapati,25.2046,94.1294,97.1,5.97,1.71,1302,0,NONE,0,0.0,0.308
FL000925,2025-07-02,Mizoram,Aizawl,23.7243,92.8629,85.2,4.41,2.01,1187,0,NONE,0,0.0,0.173
FL000926,2025-07-02,Mizoram,Kolasib,24.2951,92.5685,31.1,3.88,1.26,617,0,NONE,0,0.0,0.028
FL000927,2025-07-02,Mizoram,Lunglei,22.8922,92.7407,124.7,3.5,2.75,1010,0,NONE,0,0.0,0.117
FL000928,2025-07-02,Tripura,West Tripura,23.8187,91.1729,51.5,6.44,1.4,41,0,NONE,0,0.0,0.215
FL000929,2025-07-03,Tripura,Sipahijala,23.4885,91.2252,66.7,5.8,2.79,46,0,NONE,0,0.0,0.248
FL000930,2025-07-03,Tripura,Dhalai,23.9586,91.7561,149.9,6.47,1.66,113,0,NONE,0,0.0,0.113
FL000931,2025-07-03,Arunachal Pradesh,Tawang,27.62,91.8192,69.0,5.6,5.22,2903,0,NONE,0,0.0,0.07
FL000932,2025-07-03,Arunachal Pradesh,West Kameng,27.3402,92.3754,108.9,5.5,4.37,2191,0,NONE,0,0.0,0.321
FL000933,2025-07-03,Arunachal Pradesh,Papum Pare,26.9897,93.6394,74.4,6.22,1.42,289,0,NONE,0,0.0,0.374
FL000934,2025-07-03,Arunachal Pradesh,East Siang,28.1572,95.3426,108.8,4.01,0.24,204,0,NONE,0,0.0,0.209
FL000935,2025-07-03,Arunachal Pradesh,Lower Subansiri,27.6877,93.7249,143.3,6.33,2.82,1603,0,NONE,0,0.0,0.082
FL000936,2025-07-03,Assam,Kamrup Metropolitan,26.0348,91.8542,43.5,3.94,1.02,75,0,NONE,0,0.0,0.118
FL000937,2025-07-03,Assam,Kamrup Rural,26.2706,91.502,162.5,12.4,0.38,69,1,CRITICAL,1,30.5,0.705
FL000938,2025-07-03,Assam,Darrang,26.3317,91.93,46.1,4.73,0.36,20,0,NONE,0,0.0,0.349
FL000939,2025-07-04,Assam,Sonitpur,26.6728,92.7776,106.3,6.01,0.48,60,0,NONE,0,0.0,0.062
FL000940,2025-07-04,Assam,Dibrugarh,27.49,95.005,98.2,11.93,0.23,92,1,HIGH,1,75.1,0.861
FL000941,2025-07-04,Assam,Cachar,24.9435,92.9178,139.4,12.36,0.37,20,1,CRITICAL,1,94.9,0.777
FL000942,2025-07-04,Assam,Nagaon,26.3567,92.8278,161.4,11.27,0.89,40,1,CRITICAL,1,70.0,0.855
FL000943,2025-07-04,Meghalaya,East Khasi Hills,25.575,91.9643,212.2,6.39,2.35,1543,0,NONE,0,0.0,0.255
FL000944,2025-07-04,Meghalaya,West Khasi Hills,25.4991,91.397,127.2,4.39,2.08,1331,0,NONE,0,0.0,0.319
FL000945,2025-07-04,Meghalaya,Ri-Bhoi,25.8512,91.9194,166.8,3.4,1.84,563,0,NONE,0,0.0,0.094
FL000946,2025-07-04,Meghalaya,West Jaintia Hills,25.3237,92.1531,194.7,2.71,1.04,1310,0,NONE,0,0.0,0.024
FL000947,2025-07-04,Sikkim,East Sikkim,27.2691,88.6499,149.3,11.81,0.36,1624,1,CRITICAL,1,46.8,0.738
FL000948,2025-07-04,Sikkim,North Sikkim,27.6316,88.6244,78.9,3.56,0.32,2456,0,NONE,0,0.0,0.344
FL000949,2025-07-05,Sikkim,South Sikkim,27.0752,88.2069,121.3,3.45,0.31,1333,0,NONE,0,0.0,0.335
FL000950,2025-07-05,Nagaland,Kohima,25.7483,94.1835,102.1,4.28,1.62,1406,0,NONE,0,0.0,0.235
FL000951,2025-07-05,Nagaland,Dimapur,25.7759,93.8411,34.1,4.54,1.15,205,0,NONE,0,0.0,0.236
FL000952,2025-07-05,Nagaland,Mokokchung,26.3322,94.6688,86.1,3.04,1.95,1273,0,NONE,0,0.0,0.259
FL000953,2025-07-05,Manipur,Imphal West,24.8634,94.0524,79.4,3.56,0.73,764,0,NONE,0,0.0,0.083
FL000954,2025-07-05,Manipur,Bishnupur,24.6153,93.6524,41.4,5.01,0.07,777,0,NONE,0,0.0,0.349
FL000955,2025-07-05,Manipur,Senapati,25.3091,94.1181,93.0,4.53,1.45,1231,0,NONE,0,0.0,0.171
FL000956,2025-07-05,Mizoram,Aizawl,23.8384,92.8481,38.9,3.65,2.38,1140,0,NONE,0,0.0,0.158
FL000957,2025-07-05,Mizoram,Kolasib,24.2793,92.5831,38.9,2.52,1.44,626,0,NONE,0,0.0,0.207
FL000958,2025-07-05,Mizoram,Lunglei,22.9932,92.7205,129.5,5.77,2.45,1041,0,NONE,0,0.0,0.037
FL000959,2025-07-06,Tripura,West Tripura,23.7857,91.2987,132.8,9.7,1.15,78,1,CRITICAL,1,43.7,0.747
FL000960,2025-07-06,Tripura,Sipahijala,23.6087,91.2087,156.1,5.17,3.08,20,0,NONE,0,0.0,0.286
FL000961,2025-07-06,Tripura,Dhalai,23.9544,91.8032,52.1,4.04,1.8,140,0,NONE,0,0.0,0.05
FL000962,2025-07-06,Arunachal Pradesh,Tawang,27.5837,91.936,145.2,5.56,5.23,2878,0,NONE,0,0.0,0.237
FL000963,2025-07-06,Arunachal Pradesh,West Kameng,27.2024,92.3353,50.9,4.43,4.37,2140,0,NONE,0,0.0,0.108
FL000964,2025-07-06,Arunachal Pradesh,Papum Pare,27.215,93.5977,96.0,4.21,1.43,291,0,NONE,0,0.0,0.16
FL000965,2025-07-06,Arunachal Pradesh,East Siang,28.0329,95.2895,147.7,5.1,0.56,128,0,NONE,0,0.0,0.124
FL000966,2025-07-06,Arunachal Pradesh,Lower Subansiri,27.555,93.92,190.5,5.91,3.0,1578,0,NONE,0,0.0,0.148
FL000967,2025-07-06,Assam,Kamrup Metropolitan,26.0799,91.8091,32.6,4.59,0.67,98,0,NONE,0,0.0,0.279
FL000968,2025-07-06,Assam,Kamrup Rural,26.0555,91.453,76.8,10.63,0.75,20,1,HIGH,1,69.3,0.783
FL000969,2025-07-07,Assam,Darrang,26.3836,92.0678,99.0,11.57,0.15,20,1,HIGH,1,85.0,0.859
FL000970,2025-07-07,Assam,Sonitpur,26.7747,92.6492,143.2,11.09,0.33,31,1,CRITICAL,1,44.8,0.833
FL000971,2025-07-07,Assam,Dibrugarh,27.4543,94.7645,132.4,10.09,0.47,59,1,CRITICAL,1,59.9,0.886
FL000972,2025-07-07,Assam,Cachar,24.7859,92.7224,37.4,3.26,0.19,67,0,NONE,0,0.0,0.357
FL000973,2025-07-07,Assam,Nagaon,26.4043,92.5435,74.1,5.09,1.07,20,0,NONE,0,0.0,0.284
FL000974,2025-07-07,Meghalaya,East Khasi Hills,25.4456,91.976,57.8,3.66,2.07,1439,0,NONE,0,0.0,0.097
FL000975,2025-07-07,Meghalaya,West Khasi Hills,25.6287,91.185,182.0,4.96,1.63,1268,0,NONE,0,0.0,0.031
FL000976,2025-07-07,Meghalaya,Ri-Bhoi,25.9804,91.8047,124.2,4.96,1.41,588,0,NONE,0,0.0,0.114
FL000977,2025-07-07,Meghalaya,West Jaintia Hills,25.5984,92.1098,207.8,5.89,1.19,1364,0,NONE,0,0.0,0.234
FL000978,2025-07-07,Sikkim,East Sikkim,27.4835,88.5983,32.9,6.06,0.46,1677,0,NONE,0,0.0,0.039
FL000979,2025-07-08,Sikkim,North Sikkim,27.3976,88.6185,39.2,5.38,0.39,2485,0,NONE,0,0.0,0.199
FL000980,2025-07-08,Sikkim,South Sikkim,27.096,88.3916,158.2,10.12,0.18,1265,1,CRITICAL,1,20.4,0.867
FL000981,2025-07-08,Nagaland,Kohima,25.7251,94.2506,162.4,5.27,1.76,1410,0,NONE,0,0.0,0.14
FL000982,2025-07-08,Nagaland,Dimapur,25.807,93.6603,40.0,4.27,0.81,150,0,NONE,0,0.0,0.298
FL000983,2025-07-08,Nagaland,Mokokchung,26.4657,94.5443,31.2,5.64,2.24,1348,0,NONE,0,0.0,0.058
FL000984,2025-07-08,Manipur,Imphal West,24.7784,93.8136,112.0,3.68,0.7,745,0,NONE,0,0.0,0.047
FL000985,2025-07-08,Manipur,Bishnupur,24.5839,93.9054,40.4,5.77,0.09,807,0,NONE,0,0.0,0.282
FL000986,2025-07-08,Manipur,Senapati,25.3034,94.0704,133.3,4.02,1.47,1291,0,NONE,0,0.0,0.198
FL000987,2025-07-08,Mizoram,Aizawl,23.6721,92.7351,36.8,5.82,2.27,1152,0,NONE,0,0.0,0.268
FL000988,2025-07-08,Mizoram,Kolasib,24.2016,92.5879,58.0,4.68,1.42,638,0,NONE,0,0.0,0.177
FL000989,2025-07-09,Mizoram,Lunglei,22.8052,92.6018,45.4,6.39,2.44,1050,0,NONE,0,0.0,0.109
FL000990,2025-07-09,Tripura,West Tripura,23.8906,91.1937,155.9,4.58,1.16,20,0,NONE,0,0.0,0.315
FL000991,2025-07-09,Tripura,Sipahijala,23.6255,91.4223,84.0,4.91,2.91,48,0,NONE,0,0.0,0.308
FL000992,2025-07-09,Tripura,Dhalai,23.7207,91.7465,51.1,4.25,1.7,117,0,NONE,0,0.0,0.27
FL000993,2025-07-09,Arunachal Pradesh,Tawang,27.5723,91.9422,190.8,6.48,5.07,2904,0,NONE,0,0.0,0.118
FL000994,2025-07-09,Arunachal Pradesh,West Kameng,27.1201,92.5229,78.2,3.39,4.46,2239,0,NONE,0,0.0,0.232
FL000995,2025-07-09,Arunachal Pradesh,Papum Pare,26.9694,93.7567,206.1,4.16,1.29,364,0,NONE,0,0.0,0.15
FL000996,2025-07-09,Arunachal Pradesh,East Siang,28.0653,95.3414,210.5,4.38,0.42,173,0,NONE,0,0.0,0.053
FL000997,2025-07-09,Arunachal Pradesh,Lower Subansiri,27.4966,93.7089,45.2,6.5,3.09,1584,0,NONE,0,0.0,0.35
FL000998,2025-07-09,Assam,Kamrup Metropolitan,26.0334,91.8482,133.0,13.92,0.67,20,1,CRITICAL,1,68.3,0.738
FL000999,2025-07-10,Assam,Kamrup Rural,26.0445,91.6045,79.3,12.54,0.69,47,1,HIGH,1,92.1,0.966
FL001000,2025-07-10,Assam,Darrang,26.5124,91.9578,118.5,9.96,0.52,38,1,CRITICAL,1,58.4,0.825
FL001001,2025-07-10,Assam,Sonitpur,26.4877,92.9189,76.7,14.76,0.83,101,1,HIGH,1,26.9,0.752
FL001002,2025-07-10,Assam,Dibrugarh,27.3468,95.0023,32.5,5.16,0.63,55,0,NONE,0,0.0,0.215
FL001003,2025-07-10,Assam,Cachar,24.9504,92.8755,86.1,4.03,0.49,66,0,NONE,0,0.0,0.334
FL001004,2025-07-10,Assam,Nagaon,26.2749,92.5462,37.8,6.37,0.5,20,0,NONE,0,0.0,0.284
FL001005,2025-07-10,Meghalaya,East Khasi Hills,25.4936,91.8991,108.4,3.77,2.3,1442,0,NONE,0,0.0,0.31
FL001006,2025-07-10,Meghalaya,West Khasi Hills,25.4168,91.2679,222.9,5.2,2.17,1251,0,NONE,0,0.0,0.257
FL001007,2025-07-10,Meghalaya,Ri-Bhoi,25.9175,91.8974,125.5,4.66,1.67,585,0,NONE,0,0.0,0.269
FL001008,2025-07-10,Meghalaya,West Jaintia Hills,25.4074,92.1876,187.0,3.26,0.92,1355,0,NONE,0,0.0,0.326
FL001009,2025-07-11,Sikkim,East Sikkim,27.4266,88.6215,60.5,5.66,0.05,1654,0,NONE,0,0.0,0.11
FL001010,2025-07-11,Sikkim,North Sikkim,27.6495,88.5329,116.9,4.16,0.41,2435,0,NONE,0,0.0,0.196
FL001011,2025-07-11,Sikkim,South Sikkim,27.3191,88.4535,78.5,3.77,0.43,1292,0,NONE,0,0.0,0.1
FL001012,2025-07-11,Nagaland,Kohima,25.7429,94.1411,84.6,5.4,1.79,1452,0,NONE,0,0.0,0.376
FL001013,2025-07-11,Nagaland,Dimapur,25.9219,93.8009,81.6,4.29,0.94,181,0,NONE,0,0.0,0.36
FL001014,2025-07-11,Nagaland,Mokokchung,26.2941,94.5879,100.0,4.76,2.19,1296,0,NONE,0,0.0,0.034
FL001015,2025-07-11,Manipur,Imphal West,24.965,93.8774,98.4,14.4,0.39,763,1,HIGH,1,79.9,0.898
FL001016,2025-07-11,Manipur,Bishnupur,24.5769,93.846,144.7,15.16,0.23,830,1,CRITICAL,1,24.9,0.959
FL001017,2025-07-11,Manipur,Senapati,25.2761,94.0269,34.5,2.58,1.21,1308,0,NONE,0,0.0,0.085
FL001018,2025-07-11,Mizoram,Aizawl,23.7152,92.6144,141.9,3.77,2.13,1103,0,NONE,0,0.0,0.224
FL001019,2025-07-12,Mizoram,Kolasib,24.1399,92.7733,161.9,5.88,1.32,561,0,NONE,0,0.0,0.35
FL001020,2025-07-12,Mizoram,Lunglei,22.7952,92.6132,147.2,3.7,2.36,1001,0,NONE,0,0.0,0.032
FL001021,2025-07-12,Tripura,West Tripura,23.9292,91.3437,44.8,3.06,1.01,48,0,NONE,0,0.0,0.271
FL001022,2025-07-12,Tripura,Sipahijala,23.6777,91.1732,65.6,5.01,2.6,75,0,NONE,0,0.0,0.127
FL001023,2025-07-12,Tripura,Dhalai,23.7168,91.9313,91.3,5.7,1.63,124,0,NONE,0,0.0,0.353
FL001024,2025-07-12,Arunachal Pradesh,Tawang,27.7152,91.7456,140.8,5.51,5.37,2938,0,NONE,0,0.0,0.37
FL001025,2025-07-12,Arunachal Pradesh,West Kameng,27.2952,92.2693,64.1,3.71,4.29,2239,0,NONE,0,0.0,0.36
FL001026,2025-07-12,Arunachal Pradesh,Papum Pare,27.1077,93.5624,46.9,3.84,1.28,332,0,NONE,0,0.0,0.191
FL001027,2025-07-12,Arunachal Pradesh,East Siang,27.9822,95.1912,214.4,14.87,0.78,188,1,CRITICAL,1,78.0,0.941
FL001028,2025-07-12,Arunachal Pradesh,Lower Subansiri,27.6259,93.8526,79.6,4.19,2.74,1511,0,NONE,0,0.0,0.324
FL001029,2025-07-13,Assam,Kamrup Metropolitan,26.1128,91.6259,97.8,14.29,1.03,20,1,HIGH,1,63.0,0.789
FL001030,2025-07-13,Assam,Kamrup Rural,26.1994,91.4908,43.5,5.06,0.85,49,0,NONE,0,0.0,0.318
FL001031,2025-07-13,Assam,Darrang,26.3411,91.9215,139.0,9.7,0.31,63,1,CRITICAL,1,26.9,0.71
FL001032,2025-07-13,Assam,Sonitpur,26.6552,92.811,119.3,10.7,0.41,112,1,CRITICAL,1,54.3,0.867
FL001033,2025-07-13,Assam,Dibrugarh,27.4027,94.891,164.1,5.28,0.21,135,0,NONE,0,0.0,0.103
FL001034,2025-07-13,Assam,Cachar,24.8848,92.756,111.6,11.25,0.17,20,1,HIGH,1,64.2,0.734
FL001035,2025-07-13,Assam,Nagaon,26.3918,92.7649,42.0,3.18,0.85,25,0,NONE,0,0.0,0.048
FL001036,2025-07-13,Meghalaya,East Khasi Hills,25.7258,91.876,135.8,3.44,2.55,1448,0,NONE,0,0.0,0.271
FL001037,2025-07-13,Meghalaya,West Khasi Hills,25.43,91.3156,240.2,5.47,2.1,1239,0,NONE,0,0.0,0.142
FL001038,2025-07-13,Meghalaya,Ri-Bhoi,25.7837,91.7464,181.3,3.55,1.81,569,0,NONE,0,0.0,0.281
FL001039,2025-07-14,Meghalaya,West Jaintia Hills,25.546,92.0541,51.0,4.83,1.05,1358,0,NONE,0,0.0,0.044
FL001040,2025-07-14,Sikkim,East Sikkim,27.3303,88.5561,134.6,11.61,0.05,1684,1,CRITICAL,1,33.4,0.788
FL001041,2025-07-14,Sikkim,North Sikkim,27.507,88.4776,151.3,4.57,0.69,2451,0,NONE,0,0.0,0.214
FL001042,2025-07-14,Sikkim,South Sikkim,27.2285,88.4005,30.5,6.36,0.58,1288,0,NONE,0,0.0,0.305
FL001043,2025-07-14,Nagaland,Kohima,25.5381,94.0097,152.5,3.22,2.0,1416,0,NONE,0,0.0,0.135
FL001044,2025-07-14,Nagaland,Dimapur,25.8382,93.717,155.8,9.94,0.9,255,1,CRITICAL,1,83.6,0.875
FL001045,2025-07-14,Nagaland,Mokokchung,26.2564,94.6256,113.2,2.91,1.92,1344,0,NONE,0,0.0,0.339
FL001046,2025-07-14,Manipur,Imphal West,24.7547,94.0518,144.6,4.03,0.5,774,0,NONE,0,0.0,0.242
FL001047,2025-07-14,Manipur,Bishnupur,24.7754,93.6444,128.6,3.22,0.44,750,0,NONE,0,0.0,0.104
FL001048,2025-07-14,Manipur,Senapati,25.1364,93.9197,134.8,5.3,1.61,1248,0,NONE,0,0.0,0.029
FL001049,2025-07-15,Mizoram,Aizawl,23.589,92.8443,37.5,3.58,2.01,1109,0,NONE,0,0.0,0.333
FL001050,2025-07-15,Mizoram,Kolasib,24.1171,92.634,127.1,3.33,1.15,595,0,NONE,0,0.0,0.028
FL001051,2025-07-15,Mizoram,Lunglei,23.0288,92.8836,91.3,2.91,2.66,995,0,NONE,0,0.0,0.335
FL001052,2025-07-15,Tripura,West Tripura,23.9451,91.4039,126.9,5.63,1.56,79,0,NONE,0,0.0,0.21
FL001053,2025-07-15,Tripura,Sipahijala,23.7697,91.2297,80.8,4.89,2.98,20,0,NONE,0,0.0,0.358
FL001054,2025-07-15,Tripura,Dhalai,23.7263,91.8147,104.7,4.56,1.76,166,0,NONE,0,0.0,0.308
FL001055,2025-07-15,Arunachal Pradesh,Tawang,27.5043,91.7815,177.8,4.15,5.15,2859,0,NONE,0,0.0,0.379
FL001056,2025-07-15,Arunachal Pradesh,West Kameng,27.2961,92.4007,102.9,3.04,4.34,2156,0,NONE,0,0.0,0.146
FL001057,2025-07-15,Arunachal Pradesh,Papum Pare,27.1128,93.7066,164.9,5.3,1.4,370,0,NONE,0,0.0,0.296
FL001058,2025-07-15,Arunachal Pradesh,East Siang,28.1856,95.4489,192.9,10.96,0.78,150,1,CRITICAL,1,27.6,0.813
FL001059,2025-07-16,Arunachal Pradesh,Lower Subansiri,27.4435,93.9599,41.7,6.11,2.59,1617,0,NONE,0,0.0,0.193
FL001060,2025-07-16,Assam,Kamrup Metropolitan,26.1544,91.802,61.2,2.63,1.12,20,0,NONE,0,0.0,0.246
FL001061,2025-07-16,Assam,Kamrup Rural,26.2531,91.6416,163.1,14.99,0.97,110,1,CRITICAL,1,25.6,0.945
FL001062,2025-07-16,Assam,Darrang,26.393,92.1047,117.5,12.26,0.66,97,1,CRITICAL,1,68.0,0.976
FL001063,2025-07-16,Assam,Sonitpur,26.5659,92.8763,135.8,10.68,0.27,31,1,CRITICAL,1,42.6,0.915
FL001064,2025-07-16,Assam,Dibrugarh,27.6186,94.9471,86.1,10.53,0.3,125,1,HIGH,1,51.5,0.817
FL001065,2025-07-16,Assam,Cachar,24.753,92.8351,114.6,6.05,0.46,20,0,NONE,0,0.0,0.172
FL001066,2025-07-16,Assam,Nagaon,26.2354,92.7878,48.9,4.0,0.69,64,0,NONE,0,0.0,0.286
FL001067,2025-07-16,Meghalaya,East Khasi Hills,25.6844,91.8907,206.4,6.34,2.1,1447,0,NONE,0,0.0,0.106
FL001068,2025-07-16,Meghalaya,West Khasi Hills,25.4826,91.4006,187.5,3.48,1.82,1338,0,NONE,0,0.0,0.06
FL001069,2025-07-17,Meghalaya,Ri-Bhoi,25.9727,92.0265,251.4,3.97,1.37,586,0,NONE,0,0.0,0.148
FL001070,2025-07-17,Meghalaya,West Jaintia Hills,25.5864,92.1818,198.1,3.61,1.06,1348,0,NONE,0,0.0,0.123
FL001071,2025-07-17,Sikkim,East Sikkim,27.3262,88.5305,48.9,5.34,0.25,1641,0,NONE,0,0.0,0.127
FL001072,2025-07-17,Sikkim,North Sikkim,27.5973,88.6161,81.9,5.05,0.53,2440,0,NONE,0,0.0,0.104
FL001073,2025-07-17,Sikkim,South Sikkim,27.1981,88.3576,133.2,4.69,0.18,1352,0,NONE,0,0.0,0.035
FL001074,2025-07-17,Nagaland,Kohima,25.5579,94.0957,109.8,6.27,2.2,1492,0,NONE,0,0.0,0.026
FL001075,2025-07-17,Nagaland,Dimapur,25.9124,93.6962,120.0,10.36,0.9,229,1,CRITICAL,1,33.0,0.977
FL001076,2025-07-17,Nagaland,Mokokchung,26.4045,94.6588,50.1,3.94,2.11,1284,0,NONE,0,0.0,0.174
FL001077,2025-07-17,Manipur,Imphal West,24.7584,94.0351,62.5,5.39,0.44,784,0,NONE,0,0.0,0.158
FL001078,2025-07-17,Manipur,Bishnupur,24.7581,93.8215,72.3,2.85,0.59,825,0,NONE,0,0.0,0.265
FL001079,2025-07-18,Manipur,Senapati,25.2455,94.0768,63.5,5.21,1.53,1204,0,NONE,0,0.0,0.099
FL001080,2025-07-18,Mizoram,Aizawl,23.8454,92.7315,161.2,6.33,2.04,1120,0,NONE,0,0.0,0.362
FL001081,2025-07-18,Mizoram,Kolasib,24.1237,92.7071,125.5,3.41,1.52,641,0,NONE,0,0.0,0.303
FL001082,2025-07-18,Mizoram,Lunglei,22.7571,92.6872,121.1,3.9,2.77,1043,0,NONE,0,0.0,0.052
FL001083,2025-07-18,Tripura,West Tripura,23.897,91.1739,101.6,5.99,1.36,20,0,NONE,0,0.0,0.17
FL001084,2025-07-18,Tripura,Sipahijala,23.5106,91.3742,128.5,4.4,2.88,65,0,NONE,0,0.0,0.336
FL001085,2025-07-18,Tripura,Dhalai,23.9849,91.8136,83.6,5.1,1.46,128,0,NONE,0,0.0,0.36
FL001086,2025-07-18,Arunachal Pradesh,Tawang,27.5367,91.9708,69.7,5.17,5.51,2950,0,NONE,0,0.0,0.188
FL001087,2025-07-18,Arunachal Pradesh,West Kameng,27.1682,92.4795,118.9,6.19,4.72,2193,0,NONE,0,0.0,0.241
FL001088,2025-07-18,Arunachal Pradesh,Papum Pare,27.2387,93.5532,173.0,13.74,1.04,283,1,CRITICAL,1,40.0,0.747
FL001089,2025-07-19,Arunachal Pradesh,East Siang,27.9769,95.3628,51.9,5.14,0.47,127,0,NONE,0,0.0,0.377
FL001090,2025-07-19,Arunachal Pradesh,Lower Subansiri,27.5496,93.9222,113.7,4.64,2.7,1577,0,NONE,0,0.0,0.103
FL001091,2025-07-19,Assam,Kamrup Metropolitan,26.1712,91.7289,158.0,14.54,0.94,47,1,CRITICAL,1,23.9,0.964
FL001092,2025-07-19,Assam,Kamrup Rural,26.037,91.6767,83.7,10.9,0.71,33,1,HIGH,1,74.9,0.882
FL001093,2025-07-19,Assam,Darrang,26.5496,91.8957,164.2,14.5,0.28,20,1,CRITICAL,1,55.8,0.87
FL001094,2025-07-19,Assam,Sonitpur,26.5274,92.6523,35.3,3.53,0.44,91,0,NONE,0,0.0,0.205
FL001095,2025-07-19,Assam,Dibrugarh,27.5989,94.7767,87.6,6.21,0.25,101,0,NONE,0,0.0,0.103
FL001096,2025-07-19,Assam,Cachar,24.7686,92.8272,38.6,6.23,0.46,54,0,NONE,0,0.0,0.084
FL001097,2025-07-19,Assam,Nagaon,26.2484,92.6706,89.0,6.09,0.47,78,0,NONE,0,0.0,0.099
FL001098,2025-07-19,Meghalaya,East Khasi Hills,25.6594,91.8401,60.4,2.68,1.99,1544,0,NONE,0,0.0,0.087
FL001099,2025-07-20,Meghalaya,West Khasi Hills,25.4882,91.2751,122.5,4.12,1.63,1257,0,NONE,0,0.0,0.301
FL001100,2025-07-20,Meghalaya,Ri-Bhoi,26.0078,91.8288,73.5,2.81,1.7,542,0,NONE,0,0.0,0.146
FL001101,2025-07-20,Meghalaya,West Jaintia Hills,25.4836,92.0828,73.5,2.96,1.19,1363,0,NONE,0,0.0,0.041
FL001102,2025-07-20,Sikkim,East Sikkim,27.2152,88.6737,66.7,3.4,0.49,1667,0,NONE,0,0.0,0.369
FL001103,2025-07-20,Sikkim,North Sikkim,27.4362,88.5827,45.5,2.57,0.42,2430,0,NONE,0,0.0,0.338
FL001104,2025-07-20,Sikkim,South Sikkim,27.207,88.4781,86.1,3.57,0.49,1318,0,NONE,0,0.0,0.354
FL001105,2025-07-20,Nagaland,Kohima,25.7147,94.1064,93.6,5.12,1.7,1403,0,NONE,0,0.0,0.378
FL001106,2025-07-20,Nagaland,Dimapur,25.8439,93.6356,38.7,6.15,1.06,150,0,NONE,0,0.0,0.083
FL001107,2025-07-20,Nagaland,Mokokchung,26.2104,94.6244,68.8,3.04,2.12,1362,0,NONE,0,0.0,0.163
FL001108,2025-07-20,Manipur,Imphal West,24.6806,93.8917,70.4,3.96,0.26,828,0,NONE,0,0.0,0.293
FL001109,2025-07-21,Manipur,Bishnupur,24.5428,93.699,46.1,5.04,0.25,811,0,NONE,0,0.0,0.271
FL001110,2025-07-21,Manipur,Senapati,25.275,94.0901,125.2,3.29,1.37,1204,0,NONE,0,0.0,0.075
FL001111,2025-07-21,Mizoram,Aizawl,23.7944,92.7524,51.6,2.71,1.88,1073,0,NONE,0,0.0,0.314
FL001112,2025-07-21,Mizoram,Kolasib,24.3201,92.8067,143.1,4.47,1.47,611,0,NONE,0,0.0,0.101
FL001113,2025-07-21,Mizoram,Lunglei,22.9237,92.7344,37.7,5.51,2.81,1040,0,NONE,0,0.0,0.101
FL001114,2025-07-21,Tripura,West Tripura,23.9503,91.2755,121.3,4.18,1.43,79,0,NONE,0,0.0,0.213
FL001115,2025-07-21,Tripura,Sipahijala,23.7355,91.2518,73.8,5.68,2.91,64,0,NONE,0,0.0,0.233
FL001116,2025-07-21,Tripura,Dhalai,23.7056,91.8732,84.3,6.42,1.93,122,0,NONE,0,0.0,0.229
FL001117,2025-07-21,Arunachal Pradesh,Tawang,27.5422,92.0003,198.4,5.16,5.17,2875,0,NONE,0,0.0,0.053
FL001118,2025-07-21,Arunachal Pradesh,West Kameng,27.2271,92.4262,59.7,3.38,4.5,2161,0,NONE,0,0.0,0.336
FL001119,2025-07-22,Arunachal Pradesh,Papum Pare,27.129,93.726,145.9,3.96,1.51,356,0,NONE,0,0.0,0.116
FL001120,2025-07-22,Arunachal Pradesh,East Siang,28.129,95.2574,103.0,11.61,0.3,106,1,HIGH,1,38.2,0.736
FL001121,2025-07-22,Arunachal Pradesh,Lower Subansiri,27.5356,93.9652,126.0,4.72,2.66,1527,0,NONE,0,0.0,0.34
FL001122,2025-07-22,Assam,Kamrup Metropolitan,26.1068,91.5974,104.0,10.99,0.84,20,1,HIGH,1,31.7,0.968
FL001123,2025-07-22,Assam,Kamrup Rural,26.0425,91.5568,73.9,12.71,0.57,62,1,MEDIUM,0,0.0,0.941
FL001124,2025-07-22,Assam,Darrang,26.447,92.1432,78.1,11.72,0.14,31,1,HIGH,1,60.3,0.927
FL001125,2025-07-22,Assam,Sonitpur,26.7453,92.8892,155.3,11.47,0.9,138,1,CRITICAL,1,23.3,0.883
FL001126,2025-07-22,Assam,Dibrugarh,27.3844,94.773,38.2,3.94,0.49,97,0,NONE,0,0.0,0.218
FL001127,2025-07-22,Assam,Cachar,24.6845,92.9086,115.8,14.42,0.52,52,1,CRITICAL,1,35.8,0.724
FL001128,2025-07-22,Assam,Nagaon,26.2952,92.8008,82.7,12.13,0.88,20,1,HIGH,1,59.9,0.814
FL001129,2025-07-23,Meghalaya,East Khasi Hills,25.5225,91.9166,167.3,6.39,2.09,1469,0,NONE,0,0.0,0.154
FL001130,2025-07-23,Meghalaya,West Khasi Hills,25.4202,91.196,242.2,6.38,1.84,1288,0,NONE,0,0.0,0.114
FL001131,2025-07-23,Meghalaya,Ri-Bhoi,25.7853,91.7748,155.1,4.12,1.87,525,0,NONE,0,0.0,0.28
FL001132,2025-07-23,Meghalaya,West Jaintia Hills,25.4679,92.0807,175.1,4.05,1.06,1339,0,NONE,0,0.0,0.199
FL001133,2025-07-23,Sikkim,East Sikkim,27.2314,88.6678,93.1,4.81,0.05,1626,0,NONE,0,0.0,0.049
FL001134,2025-07-23,Sikkim,North Sikkim,27.4434,88.6677,97.0,12.1,0.13,2459,1,HIGH,1,43.1,0.762
FL001135,2025-07-23,Sikkim,South Sikkim,27.1612,88.4026,135.5,2.6,0.21,1253,0,NONE,0,0.0,0.266
FL001136,2025-07-23,Nagaland,Kohima,25.6427,94.17,144.7,4.32,2.09,1494,0,NONE,0,0.0,0.047
FL001137,2025-07-23,Nagaland,Dimapur,25.9666,93.7624,134.1,13.37,0.78,174,1,CRITICAL,1,45.3,0.938
FL001138,2025-07-23,Nagaland,Mokokchung,26.4025,94.6128,123.1,4.07,2.34,1270,0,NONE,0,0.0,0.198
FL001139,2025-07-24,Manipur,Imphal West,24.8067,93.8263,154.3,5.63,0.7,829,0,NONE,0,0.0,0.193
FL001140,2025-07-24,Manipur,Bishnupur,24.5116,93.7076,111.8,5.56,0.35,792,0,NONE,0,0.0,0.233
FL001141,2025-07-24,Manipur,Senapati,25.1795,93.9271,154.5,5.04,1.32,1300,0,NONE,0,0.0,0.317
FL001142,2025-07-24,Mizoram,Aizawl,23.6861,92.6226,164.5,5.49,2.26,1187,0,NONE,0,0.0,0.145
FL001143,2025-07-24,Mizoram,Kolasib,24.3347,92.666,89.8,5.08,1.02,553,0,NONE,0,0.0,0.264
FL001144,2025-07-24,Mizoram,Lunglei,22.8736,92.8437,122.6,3.79,2.64,996,0,NONE,0,0.0,0.224
FL001145,2025-07-24,Tripura,West Tripura,23.7197,91.1677,82.4,5.97,1.02,79,0,NONE,0,0.0,0.116
FL001146,2025-07-24,Tripura,Sipahijala,23.6518,91.1833,55.5,4.49,2.81,20,0,NONE,0,0.0,0.336
FL001147,2025-07-24,Tripura,Dhalai,23.824,91.8863,55.3,5.66,1.66,150,0,NONE,0,0.0,0.307
FL001148,2025-07-24,Arunachal Pradesh,Tawang,27.4559,91.7719,66.8,5.35,5.46,2928,0,NONE,0,0.0,0.257
FL001149,2025-07-25,Arunachal Pradesh,West Kameng,27.2451,92.5021,85.1,3.03,4.36,2209,0,NONE,0,0.0,0.326
FL001150,2025-07-25,Arunachal Pradesh,Papum Pare,27.1513,93.6884,113.4,3.31,1.27,351,0,NONE,0,0.0,0.332
FL001151,2025-07-25,Arunachal Pradesh,East Siang,28.0936,95.3149,118.2,10.87,0.44,166,1,CRITICAL,1,23.2,0.898
FL001152,2025-07-25,Arunachal Pradesh,Lower Subansiri,27.4924,93.8017,73.1,2.75,3.08,1576,0,NONE,0,0.0,0.321
FL001153,2025-07-25,Assam,Kamrup Metropolitan,26.2259,91.6999,82.9,10.1,0.59,58,1,HIGH,1,24.9,0.895
FL001154,2025-07-25,Assam,Kamrup Rural,26.1003,91.4537,49.9,2.65,0.76,72,0,NONE,0,0.0,0.265
FL001155,2025-07-25,Assam,Darrang,26.3021,91.925,44.0,4.22,0.24,20,0,NONE,0,0.0,0.243
FL001156,2025-07-25,Assam,Sonitpur,26.6685,92.7767,33.6,4.75,0.46,44,0,NONE,0,0.0,0.291
FL001157,2025-07-25,Assam,Dibrugarh,27.4939,95.036,80.1,2.9,0.76,86,0,NONE,0,0.0,0.077
FL001158,2025-07-25,Assam,Cachar,24.8986,92.9034,74.9,4.03,0.35,20,0,NONE,0,0.0,0.337
FL001159,2025-07-26,Assam,Nagaon,26.3483,92.7883,59.2,12.87,0.69,113,1,MEDIUM,0,0.0,0.944
FL001160,2025-07-26,Meghalaya,East Khasi Hills,25.5935,91.7592,188.4,5.55,2.59,1520,0,NONE,0,0.0,0.031
FL001161,2025-07-26,Meghalaya,West Khasi Hills,25.3929,91.1947,197.3,5.69,2.01,1223,0,NONE,0,0.0,0.317
FL001162,2025-07-26,Meghalaya,Ri-Bhoi,25.8683,91.8254,244.6,2.86,1.53,538,0,NONE,0,0.0,0.066
FL001163,2025-07-26,Meghalaya,West Jaintia Hills,25.3634,92.102,142.3,3.7,1.1,1287,0,NONE,0,0.0,0.141
FL001164,2025-07-26,Sikkim,East Sikkim,27.4662,88.7085,76.0,5.37,0.42,1609,0,NONE,0,0.0,0.288
FL001165,2025-07-26,Sikkim,North Sikkim,27.3877,88.4035,91.7,5.83,0.52,2472,0,NONE,0,0.0,0.078
FL001166,2025-07-26,Sikkim,South Sikkim,27.166,88.331,56.1,6.4,0.57,1257,0,NONE,0,0.0,0.314
FL001167,2025-07-26,Nagaland,Kohima,25.6499,94.0954,110.5,3.12,2.15,1480,0,NONE,0,0.0,0.32
FL001168,2025-07-26,Nagaland,Dimapur,25.9438,93.7138,33.4,4.09,0.94,189,0,NONE,0,0.0,0.203
FL001169,2025-07-27,Nagaland,Mokokchung,26.2816,94.4257,49.6,3.03,2.17,1337,0,NONE,0,0.0,0.022
FL001170,2025-07-27,Manipur,Imphal West,24.8863,94.0004,113.8,3.08,0.61,759,0,NONE,0,0.0,0.123
FL001171,2025-07-27,Manipur,Bishnupur,24.5925,93.908,49.6,3.13,0.29,782,0,NONE,0,0.0,0.242
FL001172,2025-07-27,Manipur,Senapati,25.2841,94.1485,159.6,4.14,1.63,1200,0,NONE,0,0.0,0.373
FL001173,2025-07-27,Mizoram,Aizawl,23.8722,92.8627,125.0,5.92,2.09,1169,0,NONE,0,0.0,0.247
FL001174,2025-07-27,Mizoram,Kolasib,24.227,92.713,106.7,6.39,1.43,581,0,NONE,0,0.0,0.114
FL001175,2025-07-27,Mizoram,Lunglei,23.0181,92.6134,123.8,2.98,2.63,1041,0,NONE,0,0.0,0.248
FL001176,2025-07-27,Tripura,West Tripura,23.8654,91.4079,123.8,2.51,1.25,43,0,NONE,0,0.0,0.214
FL001177,2025-07-27,Tripura,Sipahijala,23.6388,91.3028,111.8,5.59,2.78,65,0,NONE,0,0.0,0.301
FL001178,2025-07-27,Tripura,Dhalai,23.9933,91.7884,152.2,5.04,1.95,101,0,NONE,0,0.0,0.059
FL001179,2025-07-28,Arunachal Pradesh,Tawang,27.6609,91.9275,49.8,6.22,5.36,2912,0,NONE,0,0.0,0.294
FL001180,2025-07-28,Arunachal Pradesh,West Kameng,27.2879,92.4378,152.0,3.69,4.78,2224,0,NONE,0,0.0,0.215
FL001181,2025-07-28,Arunachal Pradesh,Papum Pare,27.1377,93.5526,129.5,10.39,1.0,270,1,CRITICAL,1,76.1,0.97
FL001182,2025-07-28,Arunachal Pradesh,East Siang,28.1511,95.2516,52.0,3.65,0.71,173,0,NONE,0,0.0,0.143
FL001183,2025-07-28,Arunachal Pradesh,Lower Subansiri,27.4043,93.7135,103.5,2.59,3.03,1522,0,NONE,0,0.0,0.248
FL001184,2025-07-28,Assam,Kamrup Metropolitan,26.1922,91.6971,164.6,13.5,1.01,20,1,CRITICAL,1,30.0,0.961
FL001185,2025-07-28,Assam,Kamrup Rural,26.1805,91.6518,83.9,10.24,0.99,108,1,HIGH,1,27.3,0.729
FL001186,2025-07-28,Assam,Darrang,26.5922,92.0597,100.5,12.6,0.37,97,1,HIGH,1,65.9,0.962
FL001187,2025-07-28,Assam,Sonitpur,26.7819,92.8737,95.6,10.84,0.72,48,1,HIGH,1,40.1,0.893
FL001188,2025-07-28,Assam,Dibrugarh,27.373,94.9353,93.6,12.28,0.57,155,1,HIGH,1,64.5,0.719
FL001189,2025-07-29,Assam,Cachar,24.9099,92.6637,110.6,11.41,0.26,20,1,HIGH,1,90.8,0.784
FL001190,2025-07-29,Assam,Nagaon,26.3381,92.8185,39.1,5.54,0.7,122,0,NONE,0,0.0,0.275
FL001191,2025-07-29,Meghalaya,East Khasi Hills,25.6405,91.8857,150.4,4.92,2.23,1448,0,NONE,0,0.0,0.044
FL001192,2025-07-29,Meghalaya,West Khasi Hills,25.4466,91.3492,164.8,6.39,2.18,1268,0,NONE,0,0.0,0.23
FL001193,2025-07-29,Meghalaya,Ri-Bhoi,25.9549,91.7423,49.0,2.97,1.48,607,0,NONE,0,0.0,0.145
FL001194,2025-07-29,Meghalaya,West Jaintia Hills,25.5533,92.2331,102.8,6.26,1.07,1353,0,NONE,0,0.0,0.244
FL001195,2025-07-29,Sikkim,East Sikkim,27.269,88.486,87.0,6.49,0.15,1673,0,NONE,0,0.0,0.036
FL001196,2025-07-29,Sikkim,North Sikkim,27.5526,88.4725,50.4,3.24,0.18,2476,0,NONE,0,0.0,0.334
FL001197,2025-07-29,Sikkim,South Sikkim,27.1212,88.4071,41.3,3.62,0.16,1263,0,NONE,0,0.0,0.37
FL001198,2025-07-29,Nagaland,Kohima,25.5276,93.979,121.8,5.45,1.62,1432,0,NONE,0,0.0,0.369
FL001199,2025-07-30,Nagaland,Dimapur,25.8906,93.6433,133.6,12.28,0.67,171,1,CRITICAL,1,51.0,0.91
FL001200,2025-07-30,Nagaland,Mokokchung,26.3608,94.3871,112.1,4.0,2.39,1336,0,NONE,0,0.0,0.067
FL001201,2025-07-30,Manipur,Imphal West,24.9521,93.9782,73.2,2.72,0.31,815,0,NONE,0,0.0,0.293
FL001202,2025-07-30,Manipur,Bishnupur,24.6638,93.7273,100.3,5.57,0.42,807,0,NONE,0,0.0,0.029
FL001203,2025-07-30,Manipur,Senapati,25.4001,94.1288,37.9,5.51,1.34,1279,0,NONE,0,0.0,0.028
FL001204,2025-07-30,Mizoram,Aizawl,23.7752,92.5903,90.0,6.09,1.93,1128,0,NONE,0,0.0,0.136
FL001205,2025-07-30,Mizoram,Kolasib,24.1981,92.801,133.3,4.88,1.12,648,0,NONE,0,0.0,0.196
FL001206,2025-07-30,Mizoram,Lunglei,22.9642,92.6732,160.0,4.32,2.47,967,0,NONE,0,0.0,0.297
FL001207,2025-07-30,Tripura,West Tripura,23.6995,91.4235,121.5,11.64,1.0,20,1,CRITICAL,1,47.6,0.891
FL001208,2025-07-30,Tripura,Sipahijala,23.7788,91.2222,40.3,6.12,2.87,22,0,NONE,0,0.0,0.181
FL001209,2025-07-31,Tripura,Dhalai,23.7432,91.9306,127.6,2.51,1.42,107,0,NONE,0,0.0,0.119
FL001210,2025-07-31,Arunachal Pradesh,Tawang,27.5686,91.7871,66.4,3.26,5.32,2844,0,NONE,0,0.0,0.379
FL001211,2025-07-31,Arunachal Pradesh,West Kameng,27.1897,92.3997,62.6,5.07,4.67,2254,0,NONE,0,0.0,0.173
FL001212,2025-07-31,Arunachal Pradesh,Papum Pare,26.9507,93.478,201.7,2.66,1.41,309,0,NONE,0,0.0,0.182
FL001213,2025-07-31,Arunachal Pradesh,East Siang,28.1874,95.3484,180.2,14.8,0.65,160,1,CRITICAL,1,38.7,0.746
FL001214,2025-07-31,Arunachal Pradesh,Lower Subansiri,27.5434,93.8012,90.7,4.01,3.06,1593,0,NONE,0,0.0,0.306
FL001215,2025-07-31,Assam,Kamrup Metropolitan,26.1565,91.5872,94.0,14.69,0.86,83,1,HIGH,1,92.1,0.894
FL001216,2025-07-31,Assam,Kamrup Rural,26.2052,91.6925,36.4,5.39,0.55,43,0,NONE,0,0.0,0.099
FL001217,2025-07-31,Assam,Darrang,26.3186,92.1801,143.3,13.63,0.4,74,1,CRITICAL,1,55.7,0.723
FL001218,2025-07-31,Assam,Sonitpur,26.7721,92.6667,157.0,14.82,0.44,76,1,CRITICAL,1,57.2,0.891
FL001219,2025-08-01,Assam,Dibrugarh,27.3837,94.9283,61.8,4.22,0.34,97,0,NONE,0,0.0,0.256
FL001220,2025-08-01,Assam,Cachar,24.8003,92.6609,162.8,14.13,0.05,53,1,CRITICAL,1,42.2,0.777
FL001221,2025-08-01,Assam,Nagaon,26.385,92.7546,91.2,13.53,0.47,21,1,HIGH,1,63.5,0.966
FL001222,2025-08-01,Meghalaya,East Khasi Hills,25.7277,91.8148,172.6,5.96,2.3,1479,0,NONE,0,0.0,0.074
FL001223,2025-08-01,Meghalaya,West Khasi Hills,25.4523,91.2702,97.2,3.28,2.18,1326,0,NONE,0,0.0,0.176
FL001224,2025-08-01,Meghalaya,Ri-Bhoi,25.7549,91.8318,162.5,5.41,1.28,533,0,NONE,0,0.0,0.36
FL001225,2025-08-01,Meghalaya,West Jaintia Hills,25.3355,92.2921,216.3,3.23,1.46,1355,0,NONE,0,0.0,0.171
FL001226,2025-08-01,Sikkim,East Sikkim,27.45,88.6175,43.8,3.7,0.45,1684,0,NONE,0,0.0,0.25
FL001227,2025-08-01,Sikkim,North Sikkim,27.3611,88.4425,143.0,6.29,0.64,2473,0,NONE,0,0.0,0.163
FL001228,2025-08-01,Sikkim,South Sikkim,27.2055,88.2728,102.5,10.45,0.26,1323,1,HIGH,1,41.2,0.777
FL001229,2025-08-02,Nagaland,Kohima,25.5401,94.0508,38.5,3.14,1.95,1481,0,NONE,0,0.0,0.374
FL001230,2025-08-02,Nagaland,Dimapur,26.0074,93.5967,55.1,3.24,0.97,239,0,NONE,0,0.0,0.167
FL001231,2025-08-02,Nagaland,Mokokchung,26.4148,94.4362,149.1,3.14,2.07,1362,0,NONE,0,0.0,0.342
FL001232,2025-08-02,Manipur,Imphal West,24.9178,94.0082,125.7,4.62,0.88,776,0,NONE,0,0.0,0.103
FL001233,2025-08-02,Manipur,Bishnupur,24.6552,93.6557,75.7,3.39,0.19,817,0,NONE,0,0.0,0.097
FL001234,2025-08-02,Manipur,Senapati,25.1237,93.912,153.0,4.59,1.24,1198,0,NONE,0,0.0,0.031
FL001235,2025-08-02,Mizoram,Aizawl,23.7016,92.7765,71.9,5.65,1.91,1140,0,NONE,0,0.0,0.255
FL001236,2025-08-02,Mizoram,Kolasib,24.2446,92.57,34.9,3.29,1.35,651,0,NONE,0,0.0,0.153
FL001237,2025-08-02,Mizoram,Lunglei,22.9633,92.5947,105.0,6.26,2.25,1022,0,NONE,0,0.0,0.331
FL001238,2025-08-02,Tripura,West Tripura,23.9593,91.3488,32.3,3.8,1.22,50,0,NONE,0,0.0,0.19
FL001239,2025-08-03,Tripura,Sipahijala,23.7272,91.3938,147.8,5.39,2.64,60,0,NONE,0,0.0,0.369
FL001240,2025-08-03,Tripura,Dhalai,23.7813,91.8351,93.6,3.37,1.75,110,0,NONE,0,0.0,0.087
FL001241,2025-08-03,Arunachal Pradesh,Tawang,27.4474,91.7634,199.2,4.91,5.01,2903,0,NONE,0,0.0,0.333
FL001242,2025-08-03,Arunachal Pradesh,West Kameng,27.3624,92.3563,70.9,2.61,4.4,2193,0,NONE,0,0.0,0.3
FL001243,2025-08-03,Arunachal Pradesh,Papum Pare,26.9857,93.6257,210.7,3.08,1.51,272,0,NONE,0,0.0,0.298
FL001244,2025-08-03,Arunachal Pradesh,East Siang,28.212,95.3283,61.7,5.23,0.58,154,0,NONE,0,0.0,0.324
FL001245,2025-08-03,Arunachal Pradesh,Lower Subansiri,27.4829,93.7381,76.4,5.59,3.1,1601,0,NONE,0,0.0,0.294
FL001246,2025-08-03,Assam,Kamrup Metropolitan,26.2679,91.7355,130.6,3.67,0.58,20,0,NONE,0,0.0,0.245
FL001247,2025-08-03,Assam,Kamrup Rural,26.2285,91.4975,33.1,6.45,0.75,53,0,NONE,0,0.0,0.067
FL001248,2025-08-03,Assam,Darrang,26.569,92.0169,69.2,6.01,0.65,20,0,NONE,0,0.0,0.032
FL001249,2025-08-04,Assam,Sonitpur,26.5366,92.8782,150.5,11.21,0.3,80,1,CRITICAL,1,95.9,0.958
FL001250,2025-08-04,Assam,Dibrugarh,27.3934,94.8954,145.3,10.41,0.28,122,1,CRITICAL,1,45.7,0.873
FL001251,2025-08-04,Assam,Cachar,24.8864,92.7266,92.1,14.12,0.1,64,1,HIGH,1,31.8,0.923
FL001252,2025-08-04,Assam,Nagaon,26.2663,92.6578,160.3,12.48,0.59,29,1,CRITICAL,1,71.3,0.835
FL001253,2025-08-04,Meghalaya,East Khasi Hills,25.5701,91.8886,85.7,5.8,2.09,1543,0,NONE,0,0.0,0.062
FL001254,2025-08-04,Meghalaya,West Khasi Hills,25.5428,91.1634,158.4,4.77,2.02,1267,0,NONE,0,0.0,0.065
FL001255,2025-08-04,Meghalaya,Ri-Bhoi,25.9396,92.0227,175.2,4.8,1.27,515,0,NONE,0,0.0,0.267
FL001256,2025-08-04,Meghalaya,West Jaintia Hills,25.4706,92.1342,53.1,3.41,1.15,1284,0,NONE,0,0.0,0.175
FL001257,2025-08-04,Sikkim,East Sikkim,27.2403,88.5596,36.4,6.0,0.05,1703,0,NONE,0,0.0,0.092
FL001258,2025-08-04,Sikkim,North Sikkim,27.5884,88.6858,97.3,5.08,0.68,2505,0,NONE,0,0.0,0.197
FL001259,2025-08-05,Sikkim,South Sikkim,27.2765,88.2259,73.3,2.64,0.71,1349,0,NONE,0,0.0,0.043
FL001260,2025-08-05,Nagaland,Kohima,25.59,94.1006,140.5,4.16,2.02,1439,0,NONE,0,0.0,0.23
FL001261,2025-08-05,Nagaland,Dimapur,25.9777,93.6515,118.6,13.44,0.79,176,1,CRITICAL,1,93.4,0.775
FL001262,2025-08-05,Nagaland,Mokokchung,26.4532,94.6539,88.3,3.29,1.85,1376,0,NONE,0,0.0,0.307
FL001263,2025-08-05,Manipur,Imphal West,24.9611,93.7988,76.0,6.32,0.58,785,0,NONE,0,0.0,0.132
FL001264,2025-08-05,Manipur,Bishnupur,24.6101,93.7328,62.4,3.61,0.58,813,0,NONE,0,0.0,0.184
FL001265,2025-08-05,Manipur,Senapati,25.2457,93.9322,148.2,3.91,1.6,1261,0,NONE,0,0.0,0.024
FL001266,2025-08-05,Mizoram,Aizawl,23.6991,92.633,72.2,3.29,2.17,1115,0,NONE,0,0.0,0.046
FL001267,2025-08-05,Mizoram,Kolasib,24.0972,92.6739,120.3,3.87,1.25,589,0,NONE,0,0.0,0.161
FL001268,2025-08-05,Mizoram,Lunglei,22.9011,92.7651,147.9,5.78,2.34,1018,0,NONE,0,0.0,0.193
FL001269,2025-08-06,Tripura,West Tripura,23.8924,91.1923,69.9,5.41,1.25,86,0,NONE,0,0.0,0.236
FL001270,2025-08-06,Tripura,Sipahijala,23.675,91.4201,133.3,6.22,3.0,20,0,NONE,0,0.0,0.125
FL001271,2025-08-06,Tripura,Dhalai,23.8593,91.789,37.7,3.44,1.96,176,0,NONE,0,0.0,0.27
FL001272,2025-08-06,Arunachal Pradesh,Tawang,27.5988,91.9477,168.5,5.36,5.35,2940,0,NONE,0,0.0,0.33
FL001273,2025-08-06,Arunachal Pradesh,West Kameng,27.2152,92.5456,115.6,4.29,4.69,2205,0,NONE,0,0.0,0.301
FL001274,2025-08-06,Arunachal Pradesh,Papum Pare,27.2168,93.4999,54.5,5.08,0.98,306,0,NONE,0,0.0,0.034
FL001275,2025-08-06,Arunachal Pradesh,East Siang,28.0259,95.3705,141.3,9.95,0.61,185,1,CRITICAL,1,79.9,0.835
FL001276,2025-08-06,Arunachal Pradesh,Lower Subansiri,27.4614,93.9744,179.5,6.12,2.97,1530,0,NONE,0,0.0,0.058
FL001277,2025-08-06,Assam,Kamrup Metropolitan,26.2157,91.8119,41.7,6.2,0.69,106,0,NONE,0,0.0,0.107
FL001278,2025-08-06,Assam,Kamrup Rural,26.2585,91.4796,138.1,9.68,0.68,43,1,CRITICAL,1,38.4,0.976
FL001279,2025-08-07,Assam,Darrang,26.4289,91.8973,53.7,5.06,0.37,39,0,NONE,0,0.0,0.071
FL001280,2025-08-07,Assam,Sonitpur,26.6418,92.6794,133.7,11.56,0.79,108,1,CRITICAL,1,62.7,0.84
FL001281,2025-08-07,Assam,Dibrugarh,27.5926,94.8976,164.2,15.15,0.76,95,1,CRITICAL,1,58.7,0.873
FL001282,2025-08-07,Assam,Cachar,24.9259,92.9112,111.3,10.24,0.52,20,1,HIGH,1,89.1,0.897
FL001283,2025-08-07,Assam,Nagaon,26.2214,92.6512,78.7,10.59,1.07,26,1,HIGH,1,73.1,0.857
FL001284,2025-08-07,Meghalaya,East Khasi Hills,25.4616,91.8261,61.2,2.52,2.05,1519,0,NONE,0,0.0,0.024
FL001285,2025-08-07,Meghalaya,West Khasi Hills,25.4213,91.3956,247.2,2.52,2.18,1222,0,NONE,0,0.0,0.138
FL001286,2025-08-07,Meghalaya,Ri-Bhoi,25.9124,91.7696,240.2,4.19,1.73,534,0,NONE,0,0.0,0.206
FL001287,2025-08-07,Meghalaya,West Jaintia Hills,25.3064,92.1067,161.1,6.05,1.0,1272,0,NONE,0,0.0,0.052
FL001288,2025-08-07,Sikkim,East Sikkim,27.4731,88.6499,139.8,4.91,0.28,1642,0,NONE,0,0.0,0.146
FL001289,2025-08-08,Sikkim,North Sikkim,27.586,88.5458,66.8,3.71,0.6,2475,0,NONE,0,0.0,0.032
FL001290,2025-08-08,Sikkim,South Sikkim,27.1536,88.2912,94.1,5.8,0.35,1256,0,NONE,0,0.0,0.048
FL001291,2025-08-08,Nagaland,Kohima,25.7619,94.0266,125.5,4.08,2.05,1427,0,NONE,0,0.0,0.163
FL001292,2025-08-08,Nagaland,Dimapur,25.771,93.6834,33.5,4.33,1.05,193,0,NONE,0,0.0,0.068
FL001293,2025-08-08,Nagaland,Mokokchung,26.2232,94.5306,120.7,4.37,2.4,1283,0,NONE,0,0.0,0.224
FL001294,2025-08-08,Manipur,Imphal West,24.8749,93.9867,34.2,5.02,0.33,744,0,NONE,0,0.0,0.268
FL001295,2025-08-08,Manipur,Bishnupur,24.7805,93.7869,147.4,10.06,0.17,766,1,CRITICAL,1,76.5,0.924
FL001296,2025-08-08,Manipur,Senapati,25.2787,93.8704,83.6,4.69,1.25,1230,0,NONE,0,0.0,0.092
FL001297,2025-08-08,Mizoram,Aizawl,23.7116,92.8602,38.0,5.46,2.35,1138,0,NONE,0,0.0,0.08
FL001298,2025-08-08,Mizoram,Kolasib,24.1914,92.6798,147.0,6.32,1.55,568,0,NONE,0,0.0,0.058
FL001299,2025-08-09,Mizoram,Lunglei,22.7768,92.881,144.0,4.02,2.47,1029,0,NONE,0,0.0,0.249
FL001300,2025-08-09,Tripura,West Tripura,23.8931,91.279,103.1,3.95,1.44,20,0,NONE,0,0.0,0.274
FL001301,2025-08-09,Tripura,Sipahijala,23.7832,91.3621,30.7,4.72,3.14,74,0,NONE,0,0.0,0.031
FL001302,2025-08-09,Tripura,Dhalai,23.8326,91.9067,49.1,5.58,1.38,173,0,NONE,0,0.0,0.357
FL001303,2025-08-09,Arunachal Pradesh,Tawang,27.6395,91.7445,147.8,4.79,5.5,2843,0,NONE,0,0.0,0.039
FL001304,2025-08-09,Arunachal Pradesh,West Kameng,27.2483,92.2936,190.3,5.16,4.38,2147,0,NONE,0,0.0,0.215
FL001305,2025-08-09,Arunachal Pradesh,Papum Pare,27.1083,93.701,73.3,3.06,0.96,358,0,NONE,0,0.0,0.275
FL001306,2025-08-09,Arunachal Pradesh,East Siang,28.0775,95.3096,160.9,5.96,0.78,180,0,NONE,0,0.0,0.334
FL001307,2025-08-09,Arunachal Pradesh,Lower Subansiri,27.5183,93.8271,114.6,5.14,3.16,1577,0,NONE,0,0.0,0.277
FL001308,2025-08-09,Assam,Kamrup Metropolitan,26.267,91.6945,84.0,10.24,0.83,20,1,HIGH,1,45.3,0.924
FL001309,2025-08-10,Assam,Kamrup Rural,26.1508,91.4157,65.1,5.23,0.99,42,0,NONE,0,0.0,0.142
FL001310,2025-08-10,Assam,Darrang,26.5643,91.9073,79.9,5.04,0.53,85,0,NONE,0,0.0,0.313
FL001311,2025-08-10,Assam,Sonitpur,26.6085,92.7754,85.9,10.09,0.88,38,1,HIGH,1,87.8,0.722
FL001312,2025-08-10,Assam,Dibrugarh,27.4499,95.0309,42.1,2.94,0.54,65,0,NONE,0,0.0,0.342
FL001313,2025-08-10,Assam,Cachar,24.7264,92.7199,66.4,5.17,0.17,76,0,NONE,0,0.0,0.217
FL001314,2025-08-10,Assam,Nagaon,26.4751,92.7112,131.7,6.0,0.72,52,0,NONE,0,0.0,0.314
FL001315,2025-08-10,Meghalaya,East Khasi Hills,25.7031,91.8677,102.4,3.92,2.32,1501,0,NONE,0,0.0,0.183
FL001316,2025-08-10,Meghalaya,West Khasi Hills,25.6345,91.1698,117.2,4.14,1.91,1326,0,NONE,0,0.0,0.252
FL001317,2025-08-10,Meghalaya,Ri-Bhoi,25.7627,91.9779,64.5,5.11,1.57,596,0,NONE,0,0.0,0.21
FL001318,2025-08-10,Meghalaya,West Jaintia Hills,25.522,92.1174,249.2,6.41,1.02,1371,0,NONE,0,0.0,0.283
FL001319,2025-08-11,Sikkim,East Sikkim,27.4757,88.7068,128.1,12.04,0.28,1650,1,CRITICAL,1,70.1,0.723
FL001320,2025-08-11,Sikkim,North Sikkim,27.4363,88.4538,118.8,4.53,0.21,2506,0,NONE,0,0.0,0.042
FL001321,2025-08-11,Sikkim,South Sikkim,27.0558,88.2832,109.0,6.23,0.39,1248,0,NONE,0,0.0,0.109
FL001322,2025-08-11,Nagaland,Kohima,25.6692,94.0894,34.5,5.81,1.86,1413,0,NONE,0,0.0,0.077
FL001323,2025-08-11,Nagaland,Dimapur,25.9651,93.6134,157.9,5.46,0.66,200,0,NONE,0,0.0,0.334
FL001324,2025-08-11,Nagaland,Mokokchung,26.2529,94.5445,94.0,4.77,2.42,1278,0,NONE,0,0.0,0.099
FL001325,2025-08-11,Manipur,Imphal West,24.7076,93.8358,119.2,3.71,0.66,759,0,NONE,0,0.0,0.371
FL001326,2025-08-11,Manipur,Bishnupur,24.7689,93.6291,112.8,2.64,0.66,747,0,NONE,0,0.0,0.141
FL001327,2025-08-11,Manipur,Senapati,25.2642,94.0899,94.3,3.3,1.54,1213,0,NONE,0,0.0,0.086
FL001328,2025-08-11,Mizoram,Aizawl,23.6272,92.6644,160.6,5.79,2.2,1110,0,NONE,0,0.0,0.304
FL001329,2025-08-12,Mizoram,Kolasib,24.1603,92.7356,117.5,3.18,1.3,638,0,NONE,0,0.0,0.257
FL001330,2025-08-12,Mizoram,Lunglei,22.8355,92.6331,109.0,3.66,2.49,977,0,NONE,0,0.0,0.199
FL001331,2025-08-12,Tripura,West Tripura,23.827,91.2389,87.0,5.54,1.09,91,0,NONE,0,0.0,0.22
FL001332,2025-08-12,Tripura,Sipahijala,23.636,91.4115,37.2,6.41,2.95,73,0,NONE,0,0.0,0.279
FL001333,2025-08-12,Tripura,Dhalai,23.9494,91.8577,115.9,3.12,1.81,148,0,NONE,0,0.0,0.102
FL001334,2025-08-12,Arunachal Pradesh,Tawang,27.6769,91.8346,214.3,4.22,5.48,2957,0,NONE,0,0.0,0.379
FL001335,2025-08-12,Arunachal Pradesh,West Kameng,27.3915,92.4098,148.8,3.58,4.34,2179,0,NONE,0,0.0,0.371
FL001336,2025-08-12,Arunachal Pradesh,Papum Pare,27.083,93.7629,213.9,5.41,1.17,326,0,NONE,0,0.0,0.254
FL001337,2025-08-12,Arunachal Pradesh,East Siang,28.129,95.1846,164.1,13.11,0.23,199,1,CRITICAL,1,94.4,0.756
FL001338,2025-08-12,Arunachal Pradesh,Lower Subansiri,27.6083,93.8864,63.3,3.68,2.63,1539,0,NONE,0,0.0,0.265
FL001339,2025-08-13,Assam,Kamrup Metropolitan,26.0181,91.7934,76.1,13.46,0.56,95,1,HIGH,1,86.0,0.72
FL001340,2025-08-13,Assam,Kamrup Rural,26.1803,91.5414,93.3,5.86,0.87,23,0,NONE,0,0.0,0.031
FL001341,2025-08-13,Assam,Darrang,26.456,91.8988,95.8,3.33,0.08,20,0,NONE,0,0.0,0.113
FL001342,2025-08-13,Assam,Sonitpur,26.5743,92.6457,81.5,14.3,0.85,30,1,HIGH,1,31.4,0.83
FL001343,2025-08-13,Assam,Dibrugarh,27.3844,95.0324,91.8,9.75,0.17,71,1,HIGH,1,80.4,0.943
FL001344,2025-08-13,Assam,Cachar,24.727,92.8528,139.8,14.83,0.18,20,1,CRITICAL,1,71.4,0.904
FL001345,2025-08-13,Assam,Nagaon,26.2434,92.6842,97.1,9.67,0.78,97,1,HIGH,1,69.4,0.908
FL001346,2025-08-13,Meghalaya,East Khasi Hills,25.4493,91.9892,47.5,6.15,2.09,1527,0,NONE,0,0.0,0.173
FL001347,2025-08-13,Meghalaya,West Khasi Hills,25.4175,91.1946,66.3,5.45,1.55,1335,0,NONE,0,0.0,0.145
FL001348,2025-08-13,Meghalaya,Ri-Bhoi,25.9676,92.0073,81.2,3.46,1.71,607,0,NONE,0,0.0,0.154
FL001349,2025-08-14,Meghalaya,West Jaintia Hills,25.4099,92.2268,77.6,6.37,0.92,1326,0,NONE,0,0.0,0.376
FL001350,2025-08-14,Sikkim,East Sikkim,27.4393,88.7509,164.7,10.43,0.05,1644,1,CRITICAL,1,95.1,0.711
FL001351,2025-08-14,Sikkim,North Sikkim,27.3839,88.6954,133.8,13.9,0.39,2405,1,CRITICAL,1,76.1,0.943
FL001352,2025-08-14,Sikkim,South Sikkim,27.1687,88.3084,110.2,12.0,0.18,1276,1,HIGH,1,53.8,0.862
FL001353,2025-08-14,Nagaland,Kohima,25.6235,93.9933,99.1,4.35,2.03,1416,0,NONE,0,0.0,0.178
FL001354,2025-08-14,Nagaland,Dimapur,25.9629,93.8298,52.2,4.24,0.84,163,0,NONE,0,0.0,0.281
FL001355,2025-08-14,Nagaland,Mokokchung,26.4316,94.4266,61.7,5.1,2.37,1268,0,NONE,0,0.0,0.195
FL001356,2025-08-14,Manipur,Imphal West,24.9487,93.897,89.4,5.17,0.57,726,0,NONE,0,0.0,0.334
FL001357,2025-08-14,Manipur,Bishnupur,24.514,93.7459,120.9,11.86,0.13,794,1,CRITICAL,1,32.4,0.952
FL001358,2025-08-14,Manipur,Senapati,25.2284,94.0685,67.3,6.25,1.73,1203,0,NONE,0,0.0,0.172
FL001359,2025-08-15,Mizoram,Aizawl,23.6277,92.6767,107.9,3.43,2.14,1095,0,NONE,0,0.0,0.12
FL001360,2025-08-15,Mizoram,Kolasib,24.3672,92.5668,38.2,4.37,1.27,657,0,NONE,0,0.0,0.233
FL001361,2025-08-15,Mizoram,Lunglei,22.9594,92.8198,130.3,5.14,2.76,1035,0,NONE,0,0.0,0.348
FL001362,2025-08-15,Tripura,West Tripura,23.8746,91.2569,62.6,2.62,1.57,35,0,NONE,0,0.0,0.096
FL001363,2025-08-15,Tripura,Sipahijala,23.7813,91.3154,134.7,4.6,2.62,20,0,NONE,0,0.0,0.244
FL001364,2025-08-15,Tripura,Dhalai,23.7752,91.8492,66.7,5.44,1.37,160,0,NONE,0,0.0,0.247
FL001365,2025-08-15,Arunachal Pradesh,Tawang,27.6574,91.9585,150.1,5.43,5.58,2903,0,NONE,0,0.0,0.284
FL001366,2025-08-15,Arunachal Pradesh,West Kameng,27.2293,92.4697,165.9,5.43,4.66,2159,0,NONE,0,0.0,0.067
FL001367,2025-08-15,Arunachal Pradesh,Papum Pare,27.1785,93.6649,84.3,2.94,1.47,326,0,NONE,0,0.0,0.278
FL001368,2025-08-15,Arunachal Pradesh,East Siang,27.9766,95.3746,120.7,11.15,0.5,157,1,CRITICAL,1,83.8,0.955
FL001369,2025-08-16,Arunachal Pradesh,Lower Subansiri,27.6428,93.8422,140.7,5.59,2.57,1502,0,NONE,0,0.0,0.085
FL001370,2025-08-16,Assam,Kamrup Metropolitan,26.1236,91.8607,149.5,11.19,1.1,44,1,CRITICAL,1,66.1,0.767
FL001371,2025-08-16,Assam,Kamrup Rural,26.1678,91.4228,57.6,3.02,0.91,20,0,NONE,0,0.0,0.37
FL001372,2025-08-16,Assam,Darrang,26.3929,92.0928,114.6,11.25,0.25,54,1,HIGH,1,58.7,0.751
FL001373,2025-08-16,Assam,Sonitpur,26.6005,92.8718,47.3,4.85,0.68,90,0,NONE,0,0.0,0.328
FL001374,2025-08-16,Assam,Dibrugarh,27.5284,94.9337,110.0,12.83,0.25,108,1,HIGH,1,41.2,0.838
FL001375,2025-08-16,Assam,Cachar,24.7,92.7079,86.8,5.13,0.35,40,0,NONE,0,0.0,0.109
FL001376,2025-08-16,Assam,Nagaon,26.301,92.8273,125.3,2.75,0.83,45,0,NONE,0,0.0,0.333
FL001377,2025-08-16,Meghalaya,East Khasi Hills,25.4673,91.8532,212.1,3.18,1.97,1533,0,NONE,0,0.0,0.18
FL001378,2025-08-16,Meghalaya,West Khasi Hills,25.6274,91.2124,218.9,3.27,2.19,1232,0,NONE,0,0.0,0.205
FL001379,2025-08-17,Meghalaya,Ri-Bhoi,25.8736,91.7469,101.5,2.79,1.67,521,0,NONE,0,0.0,0.149
FL001380,2025-08-17,Meghalaya,West Jaintia Hills,25.4778,92.3231,142.1,5.86,0.92,1278,0,NONE,0,0.0,0.233
FL001381,2025-08-17,Sikkim,East Sikkim,27.2398,88.618,40.8,3.67,0.41,1594,0,NONE,0,0.0,0.079
FL001382,2025-08-17,Sikkim,North Sikkim,27.5204,88.6704,86.8,4.78,0.36,2424,0,NONE,0,0.0,0.161
FL001383,2025-08-17,Sikkim,South Sikkim,27.0267,88.295,83.5,6.5,0.52,1313,0,NONE,0,0.0,0.369
FL001384,2025-08-17,Nagaland,Kohima,25.7676,93.9886,117.2,3.63,1.87,1466,0,NONE,0,0.0,0.113
FL001385,2025-08-17,Nagaland,Dimapur,26.0002,93.7777,121.6,14.96,0.89,156,1,CRITICAL,1,21.2,0.884
FL001386,2025-08-17,Nagaland,Mokokchung,26.3058,94.5191,61.2,3.66,1.9,1368,0,NONE,0,0.0,0.137
FL001387,2025-08-17,Manipur,Imphal West,24.9221,93.851,106.4,6.05,0.9,758,0,NONE,0,0.0,0.298
FL001388,2025-08-17,Manipur,Bishnupur,24.603,93.6823,110.5,2.84,0.52,805,0,NONE,0,0.0,0.067
FL001389,2025-08-18,Manipur,Senapati,25.2835,94.0376,136.4,2.79,1.67,1224,0,NONE,0,0.0,0.369
FL001390,2025-08-18,Mizoram,Aizawl,23.7197,92.6305,99.3,4.33,2.29,1171,0,NONE,0,0.0,0.183
FL001391,2025-08-18,Mizoram,Kolasib,24.2214,92.62,157.6,5.18,1.08,634,0,NONE,0,0.0,0.105
FL001392,2025-08-18,Mizoram,Lunglei,22.8507,92.7775,82.7,3.6,2.61,1018,0,NONE,0,0.0,0.046
FL001393,2025-08-18,Tripura,West Tripura,23.9458,91.3252,153.9,6.37,1.32,41,0,NONE,0,0.0,0.081
FL001394,2025-08-18,Tripura,Sipahijala,23.5489,91.4506,43.0,2.8,2.72,67,0,NONE,0,0.0,0.207
FL001395,2025-08-18,Tripura,Dhalai,23.8914,91.9427,33.1,5.7,1.63,189,0,NONE,0,0.0,0.141
FL001396,2025-08-18,Arunachal Pradesh,Tawang,27.6059,91.8974,174.8,3.98,5.25,2906,0,NONE,0,0.0,0.318
FL001397,2025-08-18,Arunachal Pradesh,West Kameng,27.1866,92.4898,149.6,2.54,4.53,2237,0,NONE,0,0.0,0.175
FL001398,2025-08-18,Arunachal Pradesh,Papum Pare,27.046,93.7157,144.2,2.85,1.5,268,0,NONE,0,0.0,0.11
FL001399,2025-08-19,Arunachal Pradesh,East Siang,27.9961,95.2621,151.1,12.63,0.54,115,1,CRITICAL,1,59.0,0.873
FL001400,2025-08-19,Arunachal Pradesh,Lower Subansiri,27.5218,93.7141,115.4,2.66,3.07,1524,0,NONE,0,0.0,0.274
FL001401,2025-08-19,Assam,Kamrup Metropolitan,26.0877,91.7318,102.8,12.04,1.14,50,1,HIGH,1,78.6,0.747
FL001402,2025-08-19,Assam,Kamrup Rural,26.0956,91.4938,97.7,5.09,0.87,20,0,NONE,0,0.0,0.08
FL001403,2025-08-19,Assam,Darrang,26.4996,91.9338,89.7,10.8,0.52,101,1,HIGH,1,40.1,0.71
FL001404,2025-08-19,Assam,Sonitpur,26.7185,92.6592,97.8,3.83,0.64,132,0,NONE,0,0.0,0.285
FL001405,2025-08-19,Assam,Dibrugarh,27.583,95.0322,73.1,11.5,0.59,100,1,MEDIUM,0,0.0,0.886
FL001406,2025-08-19,Assam,Cachar,24.949,92.748,146.2,12.11,0.05,72,1,CRITICAL,1,30.0,0.833
FL001407,2025-08-19,Assam,Nagaon,26.2288,92.7543,65.8,2.71,0.88,123,0,NONE,0,0.0,0.324
FL001408,2025-08-19,Meghalaya,East Khasi Hills,25.6029,91.9758,255.1,3.12,2.52,1497,0,NONE,0,0.0,0.31
FL001409,2025-08-20,Meghalaya,West Khasi Hills,25.4314,91.1467,47.6,3.87,2.09,1323,0,NONE,0,0.0,0.231
FL001410,2025-08-20,Meghalaya,Ri-Bhoi,25.9712,91.9718,235.8,3.42,1.52,585,0,NONE,0,0.0,0.333
FL001411,2025-08-20,Meghalaya,West Jaintia Hills,25.3433,92.1025,237.8,4.05,1.02,1305,0,NONE,0,0.0,0.094
FL001412,2025-08-20,Sikkim,East Sikkim,27.3657,88.6036,36.0,2.92,0.05,1637,0,NONE,0,0.0,0.06
FL001413,2025-08-20,Sikkim,North Sikkim,27.5137,88.5425,136.5,3.84,0.62,2421,0,NONE,0,0.0,0.117
FL001414,2025-08-20,Sikkim,South Sikkim,27.3011,88.3089,136.4,11.98,0.35,1331,1,CRITICAL,1,88.9,0.716
FL001415,2025-08-20,Nagaland,Kohima,25.7187,94.2302,86.2,5.96,1.98,1384,0,NONE,0,0.0,0.211
FL001416,2025-08-20,Nagaland,Dimapur,26.0391,93.7847,133.5,10.68,0.81,235,1,CRITICAL,1,27.3,0.962
FL001417,2025-08-20,Nagaland,Mokokchung,26.2904,94.5617,163.9,3.98,2.38,1349,0,NONE,0,0.0,0.034
FL001418,2025-08-20,Manipur,Imphal West,24.7036,94.0469,103.2,11.74,0.26,834,1,HIGH,1,28.5,0.734
FL001419,2025-08-21,Manipur,Bishnupur,24.7706,93.8928,112.0,4.19,0.11,827,0,NONE,0,0.0,0.183
FL001420,2025-08-21,Manipur,Senapati,25.3568,93.9306,78.1,3.8,1.25,1216,0,NONE,0,0.0,0.356
FL001421,2025-08-21,Mizoram,Aizawl,23.7088,92.6628,85.6,5.03,2.01,1173,0,NONE,0,0.0,0.134
FL001422,2025-08-21,Mizoram,Kolasib,24.0802,92.7899,116.7,6.32,1.27,655,0,NONE,0,0.0,0.203
FL001423,2025-08-21,Mizoram,Lunglei,22.9511,92.8679,144.7,5.99,2.82,1002,0,NONE,0,0.0,0.035
FL001424,2025-08-21,Tripura,West Tripura,23.9276,91.3841,124.8,10.73,0.99,64,1,CRITICAL,1,44.1,0.742
FL001425,2025-08-21,Tripura,Sipahijala,23.6113,91.3808,56.3,5.9,2.84,42,0,NONE,0,0.0,0.375
FL001426,2025-08-21,Tripura,Dhalai,23.7082,91.7156,65.8,2.64,1.64,162,0,NONE,0,0.0,0.367
FL001427,2025-08-21,Arunachal Pradesh,Tawang,27.6284,91.7103,121.7,3.3,5.15,2865,0,NONE,0,0.0,0.022
FL001428,2025-08-21,Arunachal Pradesh,West Kameng,27.1392,92.3132,109.1,6.09,4.75,2206,0,NONE,0,0.0,0.363
FL001429,2025-08-22,Arunachal Pradesh,Papum Pare,27.1452,93.5056,62.0,3.25,1.47,336,0,NONE,0,0.0,0.25
FL001430,2025-08-22,Arunachal Pradesh,East Siang,28.0118,95.3195,51.9,2.53,0.26,189,0,NONE,0,0.0,0.332
FL001431,2025-08-22,Arunachal Pradesh,Lower Subansiri,27.5779,93.7783,50.1,3.08,2.82,1536,0,NONE,0,0.0,0.184
FL001432,2025-08-22,Assam,Kamrup Metropolitan,26.0491,91.8491,148.1,15.13,0.92,115,1,CRITICAL,1,61.5,0.844
FL001433,2025-08-22,Assam,Kamrup Rural,26.0412,91.4189,130.6,10.51,0.76,69,1,CRITICAL,1,75.1,0.837
FL001434,2025-08-22,Assam,Darrang,26.5741,92.1732,136.7,4.7,0.6,20,0,NONE,0,0.0,0.26
FL001435,2025-08-22,Assam,Sonitpur,26.4987,92.828,144.3,13.72,0.31,94,1,CRITICAL,1,80.1,0.739
FL001436,2025-08-22,Assam,Dibrugarh,27.4332,95.0462,146.1,11.31,0.49,63,1,CRITICAL,1,65.1,0.708
FL001437,2025-08-22,Assam,Cachar,24.9153,92.9074,143.7,5.75,0.05,70,0,NONE,0,0.0,0.131
FL001438,2025-08-22,Assam,Nagaon,26.4093,92.5912,150.1,9.59,0.62,114,1,CRITICAL,1,27.5,0.897
FL001439,2025-08-23,Meghalaya,East Khasi Hills,25.6527,91.8579,193.3,6.22,2.34,1485,0,NONE,0,0.0,0.093
FL001440,2025-08-23,Meghalaya,West Khasi Hills,25.6586,91.1949,103.7,5.44,1.67,1306,0,NONE,0,0.0,0.262
FL001441,2025-08-23,Meghalaya,Ri-Bhoi,25.9877,91.7386,188.8,4.95,1.54,523,0,NONE,0,0.0,0.369
FL001442,2025-08-23,Meghalaya,West Jaintia Hills,25.3745,92.2249,244.2,3.45,0.86,1352,0,NONE,0,0.0,0.054
FL001443,2025-08-23,Sikkim,East Sikkim,27.2289,88.5535,142.5,15.1,0.05,1678,1,CRITICAL,1,86.2,0.888
FL001444,2025-08-23,Sikkim,North Sikkim,27.465,88.527,119.8,5.32,0.11,2466,0,NONE,0,0.0,0.18
FL001445,2025-08-23,Sikkim,South Sikkim,27.0376,88.2999,88.2,3.58,0.38,1270,0,NONE,0,0.0,0.333
FL001446,2025-08-23,Nagaland,Kohima,25.707,94.1598,111.7,2.74,2.04,1482,0,NONE,0,0.0,0.084
FL001447,2025-08-23,Nagaland,Dimapur,25.7705,93.6536,96.9,5.75,1.29,214,0,NONE,0,0.0,0.269
FL001448,2025-08-23,Nagaland,Mokokchung,26.3764,94.4097,100.0,4.94,2.23,1374,0,NONE,0,0.0,0.322
FL001449,2025-08-24,Manipur,Imphal West,24.7451,93.9379,90.2,4.52,0.55,844,0,NONE,0,0.0,0.36
FL001450,2025-08-24,Manipur,Bishnupur,24.5093,93.8276,31.1,3.16,0.13,765,0,NONE,0,0.0,0.266
FL001451,2025-08-24,Manipur,Senapati,25.1232,93.8984,153.9,5.38,1.33,1301,0,NONE,0,0.0,0.199
FL001452,2025-08-24,Mizoram,Aizawl,23.6853,92.6966,143.3,5.0,2.15,1185,0,NONE,0,0.0,0.242
FL001453,2025-08-24,Mizoram,Kolasib,24.2985,92.6091,97.1,6.27,1.06,590,0,NONE,0,0.0,0.333
FL001454,2025-08-24,Mizoram,Lunglei,22.9511,92.7374,75.9,2.94,2.85,979,0,NONE,0,0.0,0.225
FL001455,2025-08-24,Tripura,West Tripura,23.8725,91.2688,143.1,3.04,1.1,20,0,NONE,0,0.0,0.031
FL001456,2025-08-24,Tripura,Sipahijala,23.4958,91.2401,75.8,5.3,2.63,62,0,NONE,0,0.0,0.355
FL001457,2025-08-24,Tripura,Dhalai,23.9686,91.8485,55.4,5.67,1.81,136,0,NONE,0,0.0,0.268
FL001458,2025-08-24,Arunachal Pradesh,Tawang,27.5817,91.8573,79.4,3.24,5.05,2948,0,NONE,0,0.0,0.264
FL001459,2025-08-25,Arunachal Pradesh,West Kameng,27.2194,92.327,194.0,4.58,4.36,2176,0,NONE,0,0.0,0.098
FL001460,2025-08-25,Arunachal Pradesh,Papum Pare,27.103,93.5484,181.9,5.93,1.09,374,0,NONE,0,0.0,0.257
FL001461,2025-08-25,Arunachal Pradesh,East Siang,28.2154,95.1772,177.6,13.55,0.42,193,1,CRITICAL,1,25.8,0.81
FL001462,2025-08-25,Arunachal Pradesh,Lower Subansiri,27.4231,93.9105,192.7,5.95,2.76,1586,0,NONE,0,0.0,0.254
FL001463,2025-08-25,Assam,Kamrup Metropolitan,26.0798,91.8806,155.3,11.53,0.93,20,1,CRITICAL,1,31.4,0.73
FL001464,2025-08-25,Assam,Kamrup Rural,26.3204,91.6631,122.0,11.39,0.65,20,1,CRITICAL,1,42.6,0.884
FL001465,2025-08-25,Assam,Darrang,26.5143,92.025,81.7,10.99,0.44,72,1,HIGH,1,50.8,0.98
FL001466,2025-08-25,Assam,Sonitpur,26.4855,92.9335,138.7,14.84,0.54,101,1,CRITICAL,1,38.5,0.713
FL001467,2025-08-25,Assam,Dibrugarh,27.607,95.0619,147.6,11.74,0.52,164,1,CRITICAL,1,65.2,0.974
FL001468,2025-08-25,Assam,Cachar,24.7467,92.6435,56.4,4.25,0.47,47,0,NONE,0,0.0,0.166
FL001469,2025-08-26,Assam,Nagaon,26.4183,92.6981,116.3,9.97,0.71,81,1,CRITICAL,1,24.8,0.944
FL001470,2025-08-26,Meghalaya,East Khasi Hills,25.4822,92.0328,162.3,3.84,1.96,1540,0,NONE,0,0.0,0.302
FL001471,2025-08-26,Meghalaya,West Khasi Hills,25.4225,91.2266,153.4,6.31,2.04,1271,0,NONE,0,0.0,0.224
FL001472,2025-08-26,Meghalaya,Ri-Bhoi,25.9462,91.7662,194.8,3.18,1.73,552,0,NONE,0,0.0,0.286
FL001473,2025-08-26,Meghalaya,West Jaintia Hills,25.5765,92.3211,140.0,5.06,1.28,1347,0,NONE,0,0.0,0.336
FL001474,2025-08-26,Sikkim,East Sikkim,27.4385,88.6103,59.0,3.04,0.1,1652,0,NONE,0,0.0,0.165
FL001475,2025-08-26,Sikkim,North Sikkim,27.4305,88.5801,83.5,6.01,0.58,2401,0,NONE,0,0.0,0.138
FL001476,2025-08-26,Sikkim,South Sikkim,27.2042,88.3302,136.7,3.09,0.48,1294,0,NONE,0,0.0,0.26
FL001477,2025-08-26,Nagaland,Kohima,25.8171,94.1615,68.6,3.58,1.65,1462,0,NONE,0,0.0,0.311
FL001478,2025-08-26,Nagaland,Dimapur,25.9054,93.7664,66.6,11.93,0.95,202,1,MEDIUM,0,0.0,0.913
FL001479,2025-08-27,Nagaland,Mokokchung,26.1988,94.6105,144.9,4.38,1.93,1298,0,NONE,0,0.0,0.307
FL001480,2025-08-27,Manipur,Imphal West,24.9379,94.0393,88.3,4.97,0.62,791,0,NONE,0,0.0,0.177
FL001481,2025-08-27,Manipur,Bishnupur,24.6477,93.8897,60.5,3.43,0.33,775,0,NONE,0,0.0,0.314
FL001482,2025-08-27,Manipur,Senapati,25.1383,94.0583,126.8,4.04,1.38,1262,0,NONE,0,0.0,0.063
FL001483,2025-08-27,Mizoram,Aizawl,23.7528,92.7982,37.2,4.34,2.18,1072,0,NONE,0,0.0,0.216
FL001484,2025-08-27,Mizoram,Kolasib,24.1239,92.5847,111.9,2.77,1.22,600,0,NONE,0,0.0,0.022
FL001485,2025-08-27,Mizoram,Lunglei,22.9413,92.6842,147.1,4.47,2.69,1052,0,NONE,0,0.0,0.137
FL001486,2025-08-27,Tripura,West Tripura,23.8686,91.2163,65.6,4.54,1.07,92,0,NONE,0,0.0,0.152
FL001487,2025-08-27,Tripura,Sipahijala,23.5405,91.3861,128.8,6.06,2.99,49,0,NONE,0,0.0,0.163
FL001488,2025-08-27,Tripura,Dhalai,23.8301,91.7054,93.7,3.51,1.46,130,0,NONE,0,0.0,0.27
FL001489,2025-08-28,Arunachal Pradesh,Tawang,27.5792,91.9169,211.3,2.72,5.43,2951,0,NONE,0,0.0,0.16
FL001490,2025-08-28,Arunachal Pradesh,West Kameng,27.3323,92.3567,189.0,4.94,4.48,2244,0,NONE,0,0.0,0.182
FL001491,2025-08-28,Arunachal Pradesh,Papum Pare,27.1525,93.6737,60.2,3.39,1.01,310,0,NONE,0,0.0,0.106
FL001492,2025-08-28,Arunachal Pradesh,East Siang,27.9565,95.2332,136.5,14.41,0.78,199,1,CRITICAL,1,74.4,0.805
FL001493,2025-08-28,Arunachal Pradesh,Lower Subansiri,27.6577,93.7428,188.3,3.38,2.71,1583,0,NONE,0,0.0,0.102
FL001494,2025-08-28,Assam,Kamrup Metropolitan,26.2471,91.8437,119.4,11.53,0.75,63,1,CRITICAL,1,27.4,0.72
FL001495,2025-08-28,Assam,Kamrup Rural,26.174,91.5542,163.5,10.53,0.94,20,1,CRITICAL,1,24.2,0.869
FL001496,2025-08-28,Assam,Darrang,26.5236,92.0146,128.1,9.98,0.61,54,1,CRITICAL,1,52.9,0.887
FL001497,2025-08-28,Assam,Sonitpur,26.6594,92.703,137.8,9.59,0.5,90,1,CRITICAL,1,68.9,0.873
FL001498,2025-08-28,Assam,Dibrugarh,27.423,94.7928,93.1,10.36,0.79,156,1,HIGH,1,94.1,0.83
FL001499,2025-08-29,Assam,Cachar,24.9379,92.85,136.6,3.8,0.6,41,0,NONE,0,0.0,0.157
FL001500,2025-08-29,Assam,Nagaon,26.2063,92.6539,155.0,13.17,0.85,69,1,CRITICAL,1,30.7,0.942
FL001501,2025-08-29,Meghalaya,East Khasi Hills,25.6324,91.9883,61.8,6.0,1.99,1492,0,NONE,0,0.0,0.207
FL001502,2025-08-29,Meghalaya,West Khasi Hills,25.3657,91.2829,236.8,2.73,2.13,1290,0,NONE,0,0.0,0.193
FL001503,2025-08-29,Meghalaya,Ri-Bhoi,25.8751,91.872,148.6,5.23,1.67,553,0,NONE,0,0.0,0.029
FL001504,2025-08-29,Meghalaya,West Jaintia Hills,25.4345,92.1809,148.1,6.16,0.97,1290,0,NONE,0,0.0,0.143
FL001505,2025-08-29,Sikkim,East Sikkim,27.2921,88.5261,103.9,13.92,0.3,1618,1,HIGH,1,64.6,0.806
FL001506,2025-08-29,Sikkim,North Sikkim,27.6265,88.656,111.9,5.9,0.14,2481,0,NONE,0,0.0,0.164
FL001507,2025-08-29,Sikkim,South Sikkim,27.108,88.4134,41.1,2.58,0.59,1293,0,NONE,0,0.0,0.229
FL001508,2025-08-29,Nagaland,Kohima,25.7455,94.1974,85.7,3.58,1.66,1482,0,NONE,0,0.0,0.212
FL001509,2025-08-30,Nagaland,Dimapur,25.819,93.7847,30.3,5.19,0.73,146,0,NONE,0,0.0,0.239
FL001510,2025-08-30,Nagaland,Mokokchung,26.2348,94.5517,63.8,5.0,2.46,1272,0,NONE,0,0.0,0.295
FL001511,2025-08-30,Manipur,Imphal West,24.8151,93.8572,159.0,3.22,0.26,796,0,NONE,0,0.0,0.313
FL001512,2025-08-30,Manipur,Bishnupur,24.7467,93.7216,156.7,5.12,0.61,730,0,NONE,0,0.0,0.279
FL001513,2025-08-30,Manipur,Senapati,25.261,94.102,46.0,6.28,1.55,1233,0,NONE,0,0.0,0.364
FL001514,2025-08-30,Mizoram,Aizawl,23.6133,92.6348,79.1,4.41,2.26,1103,0,NONE,0,0.0,0.027
FL001515,2025-08-30,Mizoram,Kolasib,24.3008,92.761,162.9,6.09,1.05,621,0,NONE,0,0.0,0.09
FL001516,2025-08-30,Mizoram,Lunglei,22.937,92.7446,51.2,3.37,2.28,1045,0,NONE,0,0.0,0.023
FL001517,2025-08-30,Tripura,West Tripura,23.9654,91.3765,142.5,4.15,1.58,82,0,NONE,0,0.0,0.253
FL001518,2025-08-30,Tripura,Sipahijala,23.7195,91.3449,140.3,5.6,3.09,81,0,NONE,0,0.0,0.343
FL001519,2025-08-31,Tripura,Dhalai,23.7126,91.7316,104.3,4.17,1.48,160,0,NONE,0,0.0,0.108
FL001520,2025-08-31,Arunachal Pradesh,Tawang,27.5446,91.9279,99.9,6.05,5.28,2930,0,NONE,0,0.0,0.354
FL001521,2025-08-31,Arunachal Pradesh,West Kameng,27.3343,92.2957,76.3,3.33,4.78,2222,0,NONE,0,0.0,0.042
FL001522,2025-08-31,Arunachal Pradesh,Papum Pare,26.9873,93.5272,106.2,5.76,0.95,313,0,NONE,0,0.0,0.356
FL001523,2025-08-31,Arunachal Pradesh,East Siang,28.1664,95.3181,143.3,9.75,0.21,131,1,CRITICAL,1,93.7,0.798
FL001524,2025-08-31,Arunachal Pradesh,Lower Subansiri,27.5117,93.9065,147.6,4.06,2.71,1546,0,NONE,0,0.0,0.057
FL001525,2025-08-31,Assam,Kamrup Metropolitan,26.2205,91.7451,139.2,11.94,1.07,95,1,CRITICAL,1,95.8,0.836
FL001526,2025-08-31,Assam,Kamrup Rural,26.159,91.5348,47.5,5.67,0.69,56,0,NONE,0,0.0,0.112
FL001527,2025-08-31,Assam,Darrang,26.5067,92.1641,66.8,3.86,0.06,48,0,NONE,0,0.0,0.123
FL001528,2025-08-31,Assam,Sonitpur,26.7257,92.9257,148.5,13.2,0.51,28,1,CRITICAL,1,69.1,0.786
FL001529,2025-09-01,Assam,Dibrugarh,27.5545,94.8922,95.1,13.37,0.58,98,1,HIGH,1,90.0,0.925
FL001530,2025-09-01,Assam,Cachar,24.8757,92.8997,55.4,2.71,0.59,20,0,NONE,0,0.0,0.214
FL001531,2025-09-01,Assam,Nagaon,26.4349,92.7967,124.0,13.04,1.03,41,1,CRITICAL,1,51.6,0.787
FL001532,2025-09-01,Meghalaya,East Khasi Hills,25.639,92.0054,104.0,3.94,2.54,1522,0,NONE,0,0.0,0.24
FL001533,2025-09-01,Meghalaya,West Khasi Hills,25.3624,91.1939,52.6,5.27,1.65,1287,0,NONE,0,0.0,0.278
FL001534,2025-09-01,Meghalaya,Ri-Bhoi,25.8712,91.9232,141.1,4.86,1.76,603,0,NONE,0,0.0,0.118
FL001535,2025-09-01,Meghalaya,West Jaintia Hills,25.4956,92.2592,102.3,4.52,1.27,1383,0,NONE,0,0.0,0.169
FL001536,2025-09-01,Sikkim,East Sikkim,27.4215,88.7208,144.9,14.99,0.07,1600,1,CRITICAL,1,94.7,0.734
FL001537,2025-09-01,Sikkim,North Sikkim,27.5675,88.622,75.3,6.06,0.4,2406,0,NONE,0,0.0,0.085
FL001538,2025-09-01,Sikkim,South Sikkim,27.0841,88.3535,148.4,6.21,0.64,1279,0,NONE,0,0.0,0.265
FL001539,2025-09-02,Nagaland,Kohima,25.5731,93.967,110.5,3.75,1.72,1481,0,NONE,0,0.0,0.085
FL001540,2025-09-02,Nagaland,Dimapur,26.0065,93.6687,93.4,11.14,0.72,189,1,HIGH,1,63.6,0.847
FL001541,2025-09-02,Nagaland,Mokokchung,26.193,94.4819,150.1,2.77,1.93,1340,0,NONE,0,0.0,0.275
FL001542,2025-09-02,Manipur,Imphal West,24.894,94.0692,76.1,3.01,0.73,782,0,NONE,0,0.0,0.058
FL001543,2025-09-02,Manipur,Bishnupur,24.6183,93.9094,55.1,3.34,0.43,813,0,NONE,0,0.0,0.224
FL001544,2025-09-02,Manipur,Senapati,25.3244,94.1413,94.9,2.76,1.54,1275,0,NONE,0,0.0,0.112
FL001545,2025-09-02,Mizoram,Aizawl,23.6822,92.653,62.3,2.69,2.12,1170,0,NONE,0,0.0,0.367
FL001546,2025-09-02,Mizoram,Kolasib,24.112,92.6433,64.2,2.55,1.16,644,0,NONE,0,0.0,0.194
FL001547,2025-09-02,Mizoram,Lunglei,22.9047,92.8369,58.0,3.22,2.35,1006,0,NONE,0,0.0,0.31
FL001548,2025-09-02,Tripura,West Tripura,23.8092,91.2604,135.1,5.04,1.53,20,0,NONE,0,0.0,0.218
FL001549,2025-09-03,Tripura,Sipahijala,23.6279,91.2958,79.1,6.31,2.81,20,0,NONE,0,0.0,0.036
FL001550,2025-09-03,Tripura,Dhalai,23.8677,91.9336,132.8,4.94,1.67,191,0,NONE,0,0.0,0.248
FL001551,2025-09-03,Arunachal Pradesh,Tawang,27.5631,91.8414,79.0,2.67,5.43,2959,0,NONE,0,0.0,0.363
FL001552,2025-09-03,Arunachal Pradesh,West Kameng,27.2396,92.3148,160.1,4.1,4.71,2204,0,NONE,0,0.0,0.237
FL001553,2025-09-03,Arunachal Pradesh,Papum Pare,26.9892,93.678,40.7,4.83,1.4,370,0,NONE,0,0.0,0.315
FL001554,2025-09-03,Arunachal Pradesh,East Siang,28.0526,95.1858,180.0,4.52,0.39,115,0,NONE,0,0.0,0.338
FL001555,2025-09-03,Arunachal Pradesh,Lower Subansiri,27.6855,93.8605,127.2,5.47,2.79,1552,0,NONE,0,0.0,0.102
FL001556,2025-09-03,Assam,Kamrup Metropolitan,26.0814,91.743,72.6,4.95,1.19,20,0,NONE,0,0.0,0.096
FL001557,2025-09-03,Assam,Kamrup Rural,26.126,91.5578,149.8,12.47,0.86,99,1,CRITICAL,1,51.4,0.871
FL001558,2025-09-03,Assam,Darrang,26.4285,92.162,46.8,4.94,0.19,31,0,NONE,0,0.0,0.168
FL001559,2025-09-04,Assam,Sonitpur,26.7295,92.7892,118.9,10.03,0.29,33,1,CRITICAL,1,83.7,0.935
FL001560,2025-09-04,Assam,Dibrugarh,27.3362,94.9064,78.4,14.95,0.74,87,1,HIGH,1,62.8,0.952
FL001561,2025-09-04,Assam,Cachar,24.9177,92.7715,110.1,12.23,0.05,57,1,HIGH,1,29.0,0.799
FL001562,2025-09-04,Assam,Nagaon,26.2368,92.7249,154.8,15.02,0.74,101,1,CRITICAL,1,48.2,0.766
FL001563,2025-09-04,Meghalaya,East Khasi Hills,25.6887,91.8409,239.3,6.49,2.36,1532,0,NONE,0,0.0,0.301
FL001564,2025-09-04,Meghalaya,West Khasi Hills,25.4762,91.3801,205.1,5.66,2.17,1263,0,NONE,0,0.0,0.119
FL001565,2025-09-04,Meghalaya,Ri-Bhoi,26.017,91.9508,72.5,3.62,1.36,572,0,NONE,0,0.0,0.316
FL001566,2025-09-04,Meghalaya,West Jaintia Hills,25.3074,92.239,106.7,5.8,1.21,1368,0,NONE,0,0.0,0.173
FL001567,2025-09-04,Sikkim,East Sikkim,27.226,88.6243,57.6,3.86,0.2,1614,0,NONE,0,0.0,0.26
FL001568,2025-09-04,Sikkim,North Sikkim,27.5773,88.6872,62.0,5.98,0.36,2456,0,NONE,0,0.0,0.054
FL001569,2025-09-05,Sikkim,South Sikkim,27.2891,88.2361,133.2,5.45,0.78,1359,0,NONE,0,0.0,0.245
FL001570,2025-09-05,Nagaland,Kohima,25.6076,94.0203,98.1,2.92,2.13,1486,0,NONE,0,0.0,0.183
FL001571,2025-09-05,Nagaland,Dimapur,25.8901,93.8196,119.3,3.92,1.03,212,0,NONE,0,0.0,0.231
FL001572,2025-09-05,Nagaland,Mokokchung,26.3224,94.6502,87.1,6.26,2.12,1303,0,NONE,0,0.0,0.08
FL001573,2025-09-05,Manipur,Imphal West,24.9249,93.882,43.9,5.94,0.89,757,0,NONE,0,0.0,0.285
FL001574,2025-09-05,Manipur,Bishnupur,24.6449,93.7001,45.5,6.07,0.11,733,0,NONE,0,0.0,0.331
FL001575,2025-09-05,Manipur,Senapati,25.202,93.9822,126.1,4.98,1.77,1211,0,NONE,0,0.0,0.098
FL001576,2025-09-05,Mizoram,Aizawl,23.6315,92.7816,76.8,2.71,1.96,1108,0,NONE,0,0.0,0.054
FL001577,2025-09-05,Mizoram,Kolasib,24.1938,92.6273,40.5,4.65,1.53,598,0,NONE,0,0.0,0.029
FL001578,2025-09-05,Mizoram,Lunglei,22.7456,92.6619,90.3,5.79,2.57,1036,0,NONE,0,0.0,0.251
FL001579,2025-09-06,Tripura,West Tripura,23.9072,91.2523,68.3,14.67,1.16,20,1,MEDIUM,0,0.0,0.87
FL001580,2025-09-06,Tripura,Sipahijala,23.6509,91.1816,139.5,6.29,2.7,20,0,NONE,0,0.0,0.217
FL001581,2025-09-06,Tripura,Dhalai,23.9658,91.7807,150.5,2.74,1.51,155,0,NONE,0,0.0,0.104
FL001582,2025-09-06,Arunachal Pradesh,Tawang,27.6025,91.945,85.5,4.2,5.24,2878,0,NONE,0,0.0,0.161
FL001583,2025-09-06,Arunachal Pradesh,West Kameng,27.3684,92.416,113.0,3.66,4.49,2240,0,NONE,0,0.0,0.234
FL001584,2025-09-06,Arunachal Pradesh,Papum Pare,27.246,93.7012,68.6,4.22,1.57,328,0,NONE,0,0.0,0.199
FL001585,2025-09-06,Arunachal Pradesh,East Siang,28.0825,95.1885,66.2,5.9,0.69,199,0,NONE,0,0.0,0.376
FL001586,2025-09-06,Arunachal Pradesh,Lower Subansiri,27.4868,93.9716,204.3,6.03,3.15,1500,0,NONE,0,0.0,0.069
FL001587,2025-09-06,Assam,Kamrup Metropolitan,26.0765,91.6615,116.0,10.66,0.78,82,1,CRITICAL,1,47.9,0.895
FL001588,2025-09-06,Assam,Kamrup Rural,26.2247,91.5875,78.0,6.27,0.45,63,0,NONE,0,0.0,0.166
FL001589,2025-09-07,Assam,Darrang,26.4622,91.902,163.9,3.49,0.13,20,0,NONE,0,0.0,0.174
FL001590,2025-09-07,Assam,Sonitpur,26.5257,92.8095,161.0,12.31,0.39,53,1,CRITICAL,1,94.6,0.901
FL001591,2025-09-07,Assam,Dibrugarh,27.4742,95.0026,70.7,14.82,0.37,161,1,MEDIUM,0,0.0,0.894
FL001592,2025-09-07,Assam,Cachar,24.7617,92.8547,40.7,4.49,0.38,22,0,NONE,0,0.0,0.377
FL001593,2025-09-07,Assam,Nagaon,26.2917,92.5972,127.0,12.11,1.04,80,1,CRITICAL,1,33.0,0.736
FL001594,2025-09-07,Meghalaya,East Khasi Hills,25.4689,92.02,189.1,2.68,2.54,1507,0,NONE,0,0.0,0.057
FL001595,2025-09-07,Meghalaya,West Khasi Hills,25.5618,91.2339,154.8,5.81,1.87,1334,0,NONE,0,0.0,0.281
FL001596,2025-09-07,Meghalaya,Ri-Bhoi,25.8678,91.7543,206.0,2.6,1.3,602,0,NONE,0,0.0,0.228
FL001597,2025-09-07,Meghalaya,West Jaintia Hills,25.3093,92.2996,106.1,4.47,0.93,1355,0,NONE,0,0.0,0.119
FL001598,2025-09-07,Sikkim,East Sikkim,27.4805,88.5694,88.5,2.86,0.05,1666,0,NONE,0,0.0,0.049
FL001599,2025-09-08,Sikkim,North Sikkim,27.5804,88.6091,115.9,13.11,0.29,2391,1,CRITICAL,1,20.2,0.724
FL001600,2025-09-08,Sikkim,South Sikkim,27.0779,88.2028,70.1,5.71,0.33,1335,0,NONE,0,0.0,0.342
FL001601,2025-09-08,Nagaland,Kohima,25.8015,94.0659,63.5,2.52,1.96,1391,0,NONE,0,0.0,0.089
FL001602,2025-09-08,Nagaland,Dimapur,25.9993,93.6438,124.4,14.67,0.67,198,1,CRITICAL,1,38.2,0.791
FL001603,2025-09-08,Nagaland,Mokokchung,26.3229,94.5812,140.2,5.75,1.98,1337,0,NONE,0,0.0,0.102
FL001604,2025-09-08,Manipur,Imphal West,24.9133,93.9056,52.5,4.12,0.58,836,0,NONE,0,0.0,0.148
FL001605,2025-09-08,Manipur,Bishnupur,24.5335,93.6726,42.5,4.89,0.49,804,0,NONE,0,0.0,0.045
FL001606,2025-09-08,Manipur,Senapati,25.2795,93.8796,82.4,4.96,1.23,1206,0,NONE,0,0.0,0.207
FL001607,2025-09-08,Mizoram,Aizawl,23.8572,92.8242,137.1,4.81,2.26,1182,0,NONE,0,0.0,0.044
FL001608,2025-09-08,Mizoram,Kolasib,24.1276,92.7334,118.2,3.89,1.35,638,0,NONE,0,0.0,0.308
FL001609,2025-09-09,Mizoram,Lunglei,22.9342,92.8549,31.5,5.32,2.67,960,0,NONE,0,0.0,0.104
FL001610,2025-09-09,Tripura,West Tripura,23.9644,91.1524,120.1,4.64,1.5,95,0,NONE,0,0.0,0.214
FL001611,2025-09-09,Tripura,Sipahijala,23.6071,91.1985,107.8,5.69,2.78,38,0,NONE,0,0.0,0.337
FL001612,2025-09-09,Tripura,Dhalai,23.9277,91.9651,81.8,2.96,1.95,108,0,NONE,0,0.0,0.254
FL001613,2025-09-09,Arunachal Pradesh,Tawang,27.5958,91.8043,174.8,4.1,5.0,2890,0,NONE,0,0.0,0.212
FL001614,2025-09-09,Arunachal Pradesh,West Kameng,27.286,92.2735,163.1,2.84,4.7,2234,0,NONE,0,0.0,0.137
FL001615,2025-09-09,Arunachal Pradesh,Papum Pare,27.2377,93.7417,96.5,10.99,1.15,285,1,HIGH,1,86.9,0.793
FL001616,2025-09-09,Arunachal Pradesh,East Siang,28.1038,95.205,182.8,11.1,0.17,156,1,CRITICAL,1,65.5,0.887
FL001617,2025-09-09,Arunachal Pradesh,Lower Subansiri,27.6392,93.9605,48.5,5.64,2.62,1607,0,NONE,0,0.0,0.378
FL001618,2025-09-09,Assam,Kamrup Metropolitan,26.066,91.6884,87.3,14.58,0.89,20,1,HIGH,1,71.0,0.885
FL001619,2025-09-10,Assam,Kamrup Rural,26.106,91.4339,34.9,4.09,0.85,74,0,NONE,0,0.0,0.221
FL001620,2025-09-10,Assam,Darrang,26.4896,92.0547,35.7,2.8,0.65,20,0,NONE,0,0.0,0.283
FL001621,2025-09-10,Assam,Sonitpur,26.597,92.9096,146.8,3.07,0.33,106,0,NONE,0,0.0,0.187
FL001622,2025-09-10,Assam,Dibrugarh,27.5985,94.8946,120.5,13.43,0.43,86,1,CRITICAL,1,94.9,0.717
FL001623,2025-09-10,Assam,Cachar,24.7138,92.6456,145.0,3.03,0.2,20,0,NONE,0,0.0,0.222
FL001624,2025-09-10,Assam,Nagaon,26.2239,92.7596,125.8,13.95,0.96,33,1,CRITICAL,1,45.9,0.968
FL001625,2025-09-10,Meghalaya,East Khasi Hills,25.616,91.8793,149.0,5.67,2.52,1489,0,NONE,0,0.0,0.083
FL001626,2025-09-10,Meghalaya,West Khasi Hills,25.5458,91.2119,130.7,6.29,1.57,1340,0,NONE,0,0.0,0.268
FL001627,2025-09-10,Meghalaya,Ri-Bhoi,25.9052,91.9063,54.5,3.18,1.64,503,0,NONE,0,0.0,0.092
FL001628,2025-09-10,Meghalaya,West Jaintia Hills,25.3203,92.2868,220.9,4.03,0.93,1294,0,NONE,0,0.0,0.213
FL001629,2025-09-11,Sikkim,East Sikkim,27.3416,88.5631,93.9,5.48,0.14,1651,0,NONE,0,0.0,0.055
FL001630,2025-09-11,Sikkim,North Sikkim,27.4229,88.6391,72.7,3.22,0.43,2397,0,NONE,0,0.0,0.182
FL001631,2025-09-11,Sikkim,South Sikkim,27.1739,88.3955,128.8,5.1,0.73,1285,0,NONE,0,0.0,0.292
FL001632,2025-09-11,Nagaland,Kohima,25.7577,94.0028,151.1,5.91,1.74,1419,0,NONE,0,0.0,0.145
FL001633,2025-09-11,Nagaland,Dimapur,26.0479,93.7328,141.1,12.83,0.69,219,1,CRITICAL,1,74.8,0.886
FL001634,2025-09-11,Nagaland,Mokokchung,26.3271,94.6206,112.3,6.11,2.07,1369,0,NONE,0,0.0,0.306
FL001635,2025-09-11,Manipur,Imphal West,24.96,93.979,35.8,5.33,0.47,750,0,NONE,0,0.0,0.354
FL001636,2025-09-11,Manipur,Bishnupur,24.6828,93.8229,133.0,4.03,0.27,769,0,NONE,0,0.0,0.104
FL001637,2025-09-11,Manipur,Senapati,25.2835,94.1489,121.1,4.53,1.36,1268,0,NONE,0,0.0,0.164
FL001638,2025-09-11,Mizoram,Aizawl,23.6086,92.8304,31.0,4.1,1.89,1186,0,NONE,0,0.0,0.075
FL001639,2025-09-12,Mizoram,Kolasib,24.0711,92.5969,35.6,3.5,1.09,579,0,NONE,0,0.0,0.377
FL001640,2025-09-12,Mizoram,Lunglei,22.8742,92.8205,100.5,6.41,2.73,1064,0,NONE,0,0.0,0.354
FL001641,2025-09-12,Tripura,West Tripura,23.7431,91.1921,137.9,10.59,1.0,20,1,CRITICAL,1,36.5,0.851
FL001642,2025-09-12,Tripura,Sipahijala,23.494,91.1966,66.8,4.84,2.96,20,0,NONE,0,0.0,0.323
FL001643,2025-09-12,Tripura,Dhalai,23.9738,91.808,140.4,6.42,1.53,83,0,NONE,0,0.0,0.208
FL001644,2025-09-12,Arunachal Pradesh,Tawang,27.5018,91.788,65.0,3.91,5.31,2862,0,NONE,0,0.0,0.244
FL001645,2025-09-12,Arunachal Pradesh,West Kameng,27.1681,92.2723,97.1,6.01,4.32,2247,0,NONE,0,0.0,0.052
FL001646,2025-09-12,Arunachal Pradesh,Papum Pare,27.1998,93.5078,50.4,6.35,1.02,343,0,NONE,0,0.0,0.292
FL001647,2025-09-12,Arunachal Pradesh,East Siang,28.1968,95.2675,88.9,12.58,0.39,125,1,HIGH,1,33.4,0.736
FL001648,2025-09-12,Arunachal Pradesh,Lower Subansiri,27.4514,93.8381,123.6,4.73,3.12,1602,0,NONE,0,0.0,0.317
FL001649,2025-09-13,Assam,Kamrup Metropolitan,26.258,91.6058,102.9,11.23,0.64,20,1,HIGH,1,79.7,0.919
FL001650,2025-09-13,Assam,Kamrup Rural,26.0919,91.5718,117.3,14.33,0.74,86,1,CRITICAL,1,75.6,0.898
FL001651,2025-09-13,Assam,Darrang,26.5951,91.9544,54.8,5.18,0.43,20,0,NONE,0,0.0,0.033
FL001652,2025-09-13,Assam,Sonitpur,26.7401,92.7309,58.6,5.57,0.28,37,0,NONE,0,0.0,0.129
FL001653,2025-09-13,Assam,Dibrugarh,27.5615,95.0239,80.5,4.01,0.53,156,0,NONE,0,0.0,0.115
FL001654,2025-09-13,Assam,Cachar,24.83,92.8471,158.5,15.02,0.38,65,1,CRITICAL,1,22.8,0.801
FL001655,2025-09-13,Assam,Nagaon,26.2147,92.6866,122.6,11.43,0.94,100,1,CRITICAL,1,45.0,0.725
FL001656,2025-09-13,Meghalaya,East Khasi Hills,25.5411,91.899,98.3,5.61,2.19,1452,0,NONE,0,0.0,0.357
FL001657,2025-09-13,Meghalaya,West Khasi Hills,25.5684,91.3247,155.1,4.37,1.93,1283,0,NONE,0,0.0,0.219
FL001658,2025-09-13,Meghalaya,Ri-Bhoi,25.9414,91.9672,108.4,3.72,1.39,573,0,NONE,0,0.0,0.13
FL001659,2025-09-14,Meghalaya,West Jaintia Hills,25.3609,92.309,123.6,4.07,1.13,1320,0,NONE,0,0.0,0.163
FL001660,2025-09-14,Sikkim,East Sikkim,27.302,88.5037,82.9,3.36,0.21,1697,0,NONE,0,0.0,0.181
FL001661,2025-09-14,Sikkim,North Sikkim,27.3903,88.4252,54.6,4.61,0.2,2446,0,NONE,0,0.0,0.236
FL001662,2025-09-14,Sikkim,South Sikkim,27.0323,88.3537,115.3,3.37,0.45,1283,0,NONE,0,0.0,0.206
FL001663,2025-09-14,Nagaland,Kohima,25.6478,94.2,32.7,3.52,1.57,1420,0,NONE,0,0.0,0.351
FL001664,2025-09-14,Nagaland,Dimapur,25.8893,93.6572,117.7,10.4,0.7,144,1,CRITICAL,1,21.2,0.839
FL001665,2025-09-14,Nagaland,Mokokchung,26.4278,94.5238,147.8,6.23,2.03,1342,0,NONE,0,0.0,0.377
FL001666,2025-09-14,Manipur,Imphal West,24.7353,93.8224,138.3,14.84,0.38,771,1,CRITICAL,1,57.0,0.938
FL001667,2025-09-14,Manipur,Bishnupur,24.5414,93.7133,67.5,3.87,0.55,748,0,NONE,0,0.0,0.095
FL001668,2025-09-14,Manipur,Senapati,25.3636,93.9172,75.3,5.89,1.8,1267,0,NONE,0,0.0,0.355
FL001669,2025-09-15,Mizoram,Aizawl,23.8028,92.7895,90.7,3.68,2.25,1186,0,NONE,0,0.0,0.062
FL001670,2025-09-15,Mizoram,Kolasib,24.1546,92.634,110.0,5.4,1.48,601,0,NONE,0,0.0,0.314
FL001671,2025-09-15,Mizoram,Lunglei,22.9573,92.5936,84.2,5.13,2.74,1043,0,NONE,0,0.0,0.157
FL001672,2025-09-15,Tripura,West Tripura,23.7263,91.2561,101.6,14.62,1.09,20,1,HIGH,1,80.0,0.946
FL001673,2025-09-15,Tripura,Sipahijala,23.5551,91.3381,65.9,3.14,3.02,42,0,NONE,0,0.0,0.333
FL001674,2025-09-15,Tripura,Dhalai,23.8384,91.9376,128.7,5.52,1.63,120,0,NONE,0,0.0,0.31
FL001675,2025-09-15,Arunachal Pradesh,Tawang,27.7187,91.8347,80.9,4.21,5.31,2896,0,NONE,0,0.0,0.304
FL001676,2025-09-15,Arunachal Pradesh,West Kameng,27.2269,92.4392,76.9,4.11,4.73,2156,0,NONE,0,0.0,0.13
FL001677,2025-09-15,Arunachal Pradesh,Papum Pare,27.1003,93.6643,174.7,2.52,1.22,305,0,NONE,0,0.0,0.049
FL001678,2025-09-15,Arunachal Pradesh,East Siang,28.1217,95.297,60.6,4.59,0.34,194,0,NONE,0,0.0,0.165
FL001679,2025-09-16,Arunachal Pradesh,Lower Subansiri,27.5761,93.8503,76.0,4.93,2.65,1504,0,NONE,0,0.0,0.082
FL001680,2025-09-16,Assam,Kamrup Metropolitan,26.2803,91.6853,35.3,2.68,1.14,75,0,NONE,0,0.0,0.27
FL001681,2025-09-16,Assam,Kamrup Rural,26.2072,91.5293,61.8,14.89,0.6,46,1,MEDIUM,0,0.0,0.797
FL001682,2025-09-16,Assam,Darrang,26.4623,91.9375,104.1,14.55,0.68,20,1,HIGH,1,44.1,0.973
FL001683,2025-09-16,Assam,Sonitpur,26.6755,92.734,119.7,13.52,0.61,39,1,CRITICAL,1,71.5,0.879
FL001684,2025-09-16,Assam,Dibrugarh,27.3324,94.9687,48.6,3.02,0.28,110,0,NONE,0,0.0,0.316
FL001685,2025-09-16,Assam,Cachar,24.9567,92.7447,63.0,11.9,0.38,20,1,MEDIUM,0,0.0,0.737
FL001686,2025-09-16,Assam,Nagaon,26.2162,92.5512,37.5,4.71,0.66,70,0,NONE,0,0.0,0.33
FL001687,2025-09-16,Meghalaya,East Khasi Hills,25.7017,91.8606,142.5,5.52,2.22,1444,0,NONE,0,0.0,0.352
FL001688,2025-09-16,Meghalaya,West Khasi Hills,25.5829,91.2267,98.3,3.37,1.63,1335,0,NONE,0,0.0,0.195
FL001689,2025-09-17,Meghalaya,Ri-Bhoi,25.8117,91.8597,234.8,5.77,1.35,580,0,NONE,0,0.0,0.238
FL001690,2025-09-17,Meghalaya,West Jaintia Hills,25.4725,92.1431,193.4,3.5,1.3,1295,0,NONE,0,0.0,0.295
FL001691,2025-09-17,Sikkim,East Sikkim,27.2715,88.4587,107.8,2.67,0.39,1608,0,NONE,0,0.0,0.083
FL001692,2025-09-17,Sikkim,North Sikkim,27.5315,88.4741,72.6,5.14,0.62,2432,0,NONE,0,0.0,0.201
FL001693,2025-09-17,Sikkim,South Sikkim,27.1581,88.3728,65.9,5.39,0.57,1334,0,NONE,0,0.0,0.164
FL001694,2025-09-17,Nagaland,Kohima,25.8008,94.0626,110.1,5.0,1.74,1487,0,NONE,0,0.0,0.073
FL001695,2025-09-17,Nagaland,Dimapur,25.9407,93.8205,44.4,2.57,0.77,157,0,NONE,0,0.0,0.152
FL001696,2025-09-17,Nagaland,Mokokchung,26.3603,94.4996,114.0,3.43,1.97,1309,0,NONE,0,0.0,0.045
FL001697,2025-09-17,Manipur,Imphal West,24.8376,93.9049,161.1,4.8,0.82,730,0,NONE,0,0.0,0.029
FL001698,2025-09-17,Manipur,Bishnupur,24.5645,93.8029,126.7,14.66,0.09,747,1,CRITICAL,1,60.1,0.738
FL001699,2025-09-18,Manipur,Senapati,25.328,94.1307,143.0,5.49,1.8,1306,0,NONE,0,0.0,0.367
FL001700,2025-09-18,Mizoram,Aizawl,23.7429,92.8662,152.7,4.01,2.08,1079,0,NONE,0,0.0,0.218
FL001701,2025-09-18,Mizoram,Kolasib,24.3039,92.653,125.7,6.29,1.28,571,0,NONE,0,0.0,0.368
FL001702,2025-09-18,Mizoram,Lunglei,22.8687,92.612,96.2,4.06,2.55,1048,0,NONE,0,0.0,0.176
FL001703,2025-09-18,Tripura,West Tripura,23.7846,91.2566,38.4,5.52,0.96,20,0,NONE,0,0.0,0.132
FL001704,2025-09-18,Tripura,Sipahijala,23.5194,91.4371,119.4,4.59,2.85,20,0,NONE,0,0.0,0.202
FL001705,2025-09-18,Tripura,Dhalai,23.8384,91.7248,89.6,6.5,1.97,164,0,NONE,0,0.0,0.178
FL001706,2025-09-18,Arunachal Pradesh,Tawang,27.4782,91.9555,168.5,3.68,5.5,2947,0,NONE,0,0.0,0.058
FL001707,2025-09-18,Arunachal Pradesh,West Kameng,27.2966,92.3191,50.8,4.62,4.5,2155,0,NONE,0,0.0,0.251
FL001708,2025-09-18,Arunachal Pradesh,Papum Pare,26.9737,93.6957,206.5,6.49,1.24,346,0,NONE,0,0.0,0.098
FL001709,2025-09-19,Arunachal Pradesh,East Siang,27.9694,95.3903,41.2,3.05,0.29,209,0,NONE,0,0.0,0.243
FL001710,2025-09-19,Arunachal Pradesh,Lower Subansiri,27.609,93.931,172.2,5.34,2.98,1603,0,NONE,0,0.0,0.254
FL001711,2025-09-19,Assam,Kamrup Metropolitan,26.1925,91.617,53.0,5.67,0.58,83,0,NONE,0,0.0,0.075
FL001712,2025-09-19,Assam,Kamrup Rural,26.0364,91.6437,109.0,3.23,0.51,96,0,NONE,0,0.0,0.042
FL001713,2025-09-19,Assam,Darrang,26.5746,91.941,98.0,14.43,0.69,20,1,HIGH,1,87.8,0.919
FL001714,2025-09-19,Assam,Sonitpur,26.5849,92.7002,124.9,9.63,0.87,103,1,CRITICAL,1,91.1,0.829
FL001715,2025-09-19,Assam,Dibrugarh,27.3518,95.0126,30.8,2.57,0.26,133,0,NONE,0,0.0,0.041
FL001716,2025-09-19,Assam,Cachar,24.808,92.6612,37.0,6.07,0.36,20,0,NONE,0,0.0,0.378
FL001717,2025-09-19,Assam,Nagaon,26.3826,92.8143,100.3,2.92,0.53,54,0,NONE,0,0.0,0.041
FL001718,2025-09-19,Meghalaya,East Khasi Hills,25.4929,91.8503,213.8,2.67,2.38,1452,0,NONE,0,0.0,0.27
FL001719,2025-09-20,Meghalaya,West Khasi Hills,25.3636,91.1738,237.6,3.67,2.08,1248,0,NONE,0,0.0,0.374
FL001720,2025-09-20,Meghalaya,Ri-Bhoi,25.945,91.8407,213.0,4.61,1.52,498,0,NONE,0,0.0,0.106
FL001721,2025-09-20,Meghalaya,West Jaintia Hills,25.5303,92.1999,231.2,4.48,1.36,1283,0,NONE,0,0.0,0.071
FL001722,2025-09-20,Sikkim,East Sikkim,27.4656,88.6273,69.1,4.2,0.24,1622,0,NONE,0,0.0,0.064
FL001723,2025-09-20,Sikkim,North Sikkim,27.6444,88.6089,129.2,2.59,0.55,2476,0,NONE,0,0.0,0.129
FL001724,2025-09-20,Sikkim,South Sikkim,27.0599,88.2526,51.3,3.94,0.36,1337,0,NONE,0,0.0,0.056
FL001725,2025-09-20,Nagaland,Kohima,25.7806,94.1032,102.5,4.56,2.14,1422,0,NONE,0,0.0,0.269
FL001726,2025-09-20,Nagaland,Dimapur,25.8915,93.7308,154.0,5.71,1.03,229,0,NONE,0,0.0,0.042
FL001727,2025-09-20,Nagaland,Mokokchung,26.4715,94.4398,125.3,6.15,1.93,1338,0,NONE,0,0.0,0.203
FL001728,2025-09-20,Manipur,Imphal West,24.7379,93.9153,150.9,14.11,0.29,756,1,CRITICAL,1,95.7,0.979
FL001729,2025-09-21,Manipur,Bishnupur,24.5948,93.7035,143.8,2.78,0.47,729,0,NONE,0,0.0,0.313
FL001730,2025-09-21,Manipur,Senapati,25.1814,94.0776,32.5,4.92,1.36,1246,0,NONE,0,0.0,0.241
FL001731,2025-09-21,Mizoram,Aizawl,23.6605,92.7607,137.8,3.1,2.26,1167,0,NONE,0,0.0,0.13
FL001732,2025-09-21,Mizoram,Kolasib,24.1945,92.7738,130.6,6.47,1.5,646,0,NONE,0,0.0,0.245
FL001733,2025-09-21,Mizoram,Lunglei,22.8294,92.6627,131.6,5.48,2.85,1029,0,NONE,0,0.0,0.21
FL001734,2025-09-21,Tripura,West Tripura,23.978,91.3772,118.8,3.89,1.35,64,0,NONE,0,0.0,0.173
FL001735,2025-09-21,Tripura,Sipahijala,23.5994,91.2585,161.0,5.51,2.59,28,0,NONE,0,0.0,0.067
FL001736,2025-09-21,Tripura,Dhalai,23.8475,91.9861,162.8,4.53,1.44,86,0,NONE,0,0.0,0.339
FL001737,2025-09-21,Arunachal Pradesh,Tawang,27.4974,91.7369,153.2,3.3,5.47,2915,0,NONE,0,0.0,0.182
FL001738,2025-09-21,Arunachal Pradesh,West Kameng,27.1758,92.4181,158.6,4.48,4.45,2194,0,NONE,0,0.0,0.09
FL001739,2025-09-22,Arunachal Pradesh,Papum Pare,27.1669,93.5401,49.0,4.58,1.15,282,0,NONE,0,0.0,0.152
FL001740,2025-09-22,Arunachal Pradesh,East Siang,28.0889,95.4663,165.9,14.67,0.66,120,1,CRITICAL,1,57.4,0.816
FL001741,2025-09-22,Arunachal Pradesh,Lower Subansiri,27.424,93.9718,199.2,3.73,2.86,1550,0,NONE,0,0.0,0.318
FL001742,2025-09-22,Assam,Kamrup Metropolitan,26.1213,91.769,39.5,6.03,1.08,50,0,NONE,0,0.0,0.284
FL001743,2025-09-22,Assam,Kamrup Rural,26.2731,91.4179,64.7,14.08,0.4,46,1,MEDIUM,0,0.0,0.915
FL001744,2025-09-22,Assam,Darrang,26.5739,91.9711,43.6,3.73,0.52,60,0,NONE,0,0.0,0.024
FL001745,2025-09-22,Assam,Sonitpur,26.561,92.7817,43.0,4.61,0.62,76,0,NONE,0,0.0,0.17
FL001746,2025-09-22,Assam,Dibrugarh,27.4671,94.862,33.5,3.03,0.25,139,0,NONE,0,0.0,0.193
FL001747,2025-09-22,Assam,Cachar,24.7402,92.6328,61.0,5.78,0.19,29,0,NONE,0,0.0,0.027
FL001748,2025-09-22,Assam,Nagaon,26.3166,92.6587,96.3,9.84,0.69,54,1,HIGH,1,82.8,0.773
FL001749,2025-09-23,Meghalaya,East Khasi Hills,25.5757,91.9356,148.4,5.34,2.53,1505,0,NONE,0,0.0,0.294
FL001750,2025-09-23,Meghalaya,West Khasi Hills,25.6577,91.1473,246.5,2.72,1.68,1339,0,NONE,0,0.0,0.069
FL001751,2025-09-23,Meghalaya,Ri-Bhoi,25.8809,91.8066,232.1,4.53,1.48,606,0,NONE,0,0.0,0.213
FL001752,2025-09-23,Meghalaya,West Jaintia Hills,25.5127,92.2405,110.8,4.29,1.27,1317,0,NONE,0,0.0,0.097
FL001753,2025-09-23,Sikkim,East Sikkim,27.4669,88.6772,151.9,5.97,0.45,1621,0,NONE,0,0.0,0.024
FL001754,2025-09-23,Sikkim,North Sikkim,27.4584,88.612,59.4,3.84,0.47,2393,0,NONE,0,0.0,0.107
FL001755,2025-09-23,Sikkim,South Sikkim,27.0984,88.3366,164.5,15.04,0.31,1327,1,CRITICAL,1,44.4,0.973
FL001756,2025-09-23,Nagaland,Kohima,25.6986,94.1574,161.1,3.77,2.05,1400,0,NONE,0,0.0,0.309
FL001757,2025-09-23,Nagaland,Dimapur,25.9501,93.8526,138.2,5.68,1.28,185,0,NONE,0,0.0,0.365
FL001758,2025-09-23,Nagaland,Mokokchung,26.1991,94.643,36.0,5.9,2.39,1372,0,NONE,0,0.0,0.196
FL001759,2025-09-24,Manipur,Imphal West,24.7429,93.8775,48.2,5.03,0.5,793,0,NONE,0,0.0,0.06
FL001760,2025-09-24,Manipur,Bishnupur,24.5748,93.738,115.4,5.77,0.62,822,0,NONE,0,0.0,0.217
FL001761,2025-09-24,Manipur,Senapati,25.1428,94.0318,58.3,5.35,1.24,1292,0,NONE,0,0.0,0.184
FL001762,2025-09-24,Mizoram,Aizawl,23.8017,92.8466,57.7,5.11,1.75,1120,0,NONE,0,0.0,0.324
FL001763,2025-09-24,Mizoram,Kolasib,24.1205,92.6775,143.9,4.07,1.4,562,0,NONE,0,0.0,0.055
FL001764,2025-09-24,Mizoram,Lunglei,22.8875,92.7864,159.6,4.31,2.36,1053,0,NONE,0,0.0,0.196
FL001765,2025-09-24,Tripura,West Tripura,23.7374,91.1771,121.9,3.37,1.57,37,0,NONE,0,0.0,0.074
FL001766,2025-09-24,Tripura,Sipahijala,23.6202,91.4063,118.7,4.06,3.04,20,0,NONE,0,0.0,0.137
FL001767,2025-09-24,Tripura,Dhalai,23.9428,91.7576,105.5,3.58,1.64,195,0,NONE,0,0.0,0.285
FL001768,2025-09-24,Arunachal Pradesh,Tawang,27.71,91.7422,168.1,6.39,5.14,2921,0,NONE,0,0.0,0.191
FL001769,2025-09-25,Arunachal Pradesh,West Kameng,27.2278,92.3489,76.4,4.39,4.4,2183,0,NONE,0,0.0,0.155
FL001770,2025-09-25,Arunachal Pradesh,Papum Pare,27.096,93.6948,46.3,2.84,1.44,261,0,NONE,0,0.0,0.162
FL001771,2025-09-25,Arunachal Pradesh,East Siang,27.9182,95.3507,127.0,14.24,0.49,100,1,CRITICAL,1,82.9,0.829
FL001772,2025-09-25,Arunachal Pradesh,Lower Subansiri,27.4022,93.8609,88.2,5.44,2.87,1597,0,NONE,0,0.0,0.303
FL001773,2025-09-25,Assam,Kamrup Metropolitan,26.2216,91.7675,72.1,11.3,1.13,38,1,MEDIUM,0,0.0,0.95
FL001774,2025-09-25,Assam,Kamrup Rural,26.3348,91.6571,98.8,11.07,0.61,118,1,HIGH,1,24.9,0.967
FL001775,2025-09-25,Assam,Darrang,26.4852,92.1736,82.8,5.68,0.12,103,0,NONE,0,0.0,0.303
FL001776,2025-09-25,Assam,Sonitpur,26.6209,92.8521,54.7,5.26,0.85,110,0,NONE,0,0.0,0.134
FL001777,2025-09-25,Assam,Dibrugarh,27.3305,94.7989,86.8,3.56,0.6,115,0,NONE,0,0.0,0.268
FL001778,2025-09-25,Assam,Cachar,24.9278,92.7394,56.6,3.47,0.52,44,0,NONE,0,0.0,0.178
FL001779,2025-09-26,Assam,Nagaon,26.3497,92.7321,127.1,12.03,1.07,20,1,CRITICAL,1,46.0,0.771
FL001780,2025-09-26,Meghalaya,East Khasi Hills,25.6726,91.7483,243.0,3.15,2.58,1476,0,NONE,0,0.0,0.323
FL001781,2025-09-26,Meghalaya,West Khasi Hills,25.5807,91.3134,159.1,4.3,1.81,1249,0,NONE,0,0.0,0.034
FL001782,2025-09-26,Meghalaya,Ri-Bhoi,25.9338,91.7544,213.7,3.95,1.86,544,0,NONE,0,0.0,0.345
FL001783,2025-09-26,Meghalaya,West Jaintia Hills,25.4428,92.2475,104.5,4.48,1.33,1359,0,NONE,0,0.0,0.186
FL001784,2025-09-26,Sikkim,East Sikkim,27.2771,88.515,69.8,3.31,0.42,1608,0,NONE,0,0.0,0.249
FL001785,2025-09-26,Sikkim,North Sikkim,27.5855,88.615,42.8,5.55,0.57,2394,0,NONE,0,0.0,0.257
FL001786,2025-09-26,Sikkim,South Sikkim,27.1104,88.4019,86.5,2.77,0.45,1310,0,NONE,0,0.0,0.342
FL001787,2025-09-26,Nagaland,Kohima,25.794,94.2451,97.2,5.98,1.71,1441,0,NONE,0,0.0,0.249
FL001788,2025-09-26,Nagaland,Dimapur,25.8203,93.8035,97.8,13.32,0.72,219,1,HIGH,1,26.1,0.872
FL001789,2025-09-27,Nagaland,Mokokchung,26.473,94.3788,119.0,5.56,2.44,1378,0,NONE,0,0.0,0.044
FL001790,2025-09-27,Manipur,Imphal West,24.8969,93.8529,134.3,4.88,0.87,757,0,NONE,0,0.0,0.207
FL001791,2025-09-27,Manipur,Bishnupur,24.6836,93.8141,38.1,3.73,0.52,828,0,NONE,0,0.0,0.074
FL001792,2025-09-27,Manipur,Senapati,25.1371,94.0675,92.6,6.09,1.52,1301,0,NONE,0,0.0,0.285
FL001793,2025-09-27,Mizoram,Aizawl,23.8543,92.587,107.4,2.74,2.22,1113,0,NONE,0,0.0,0.204
FL001794,2025-09-27,Mizoram,Kolasib,24.2908,92.6445,38.0,5.8,1.58,632,0,NONE,0,0.0,0.265
FL001795,2025-09-27,Mizoram,Lunglei,22.8611,92.66,78.2,4.85,2.31,993,0,NONE,0,0.0,0.035
FL001796,2025-09-27,Tripura,West Tripura,23.7082,91.359,151.2,3.81,1.56,94,0,NONE,0,0.0,0.051
FL001797,2025-09-27,Tripura,Sipahijala,23.6569,91.2002,143.8,5.21,2.92,20,0,NONE,0,0.0,0.278
FL001798,2025-09-27,Tripura,Dhalai,23.7005,91.7186,135.6,5.66,1.6,148,0,NONE,0,0.0,0.046
FL001799,2025-09-28,Arunachal Pradesh,Tawang,27.5632,91.9408,51.8,6.12,5.47,2942,0,NONE,0,0.0,0.046
FL001800,2025-09-28,Arunachal Pradesh,West Kameng,27.2704,92.4464,63.1,5.21,4.26,2168,0,NONE,0,0.0,0.024
FL001801,2025-09-28,Arunachal Pradesh,Papum Pare,27.2061,93.5614,44.8,6.21,1.49,364,0,NONE,0,0.0,0.364
FL001802,2025-09-28,Arunachal Pradesh,East Siang,28.0659,95.3127,176.6,10.22,0.64,171,1,CRITICAL,1,52.4,0.907
FL001803,2025-09-28,Arunachal Pradesh,Lower Subansiri,27.6547,93.9283,156.5,4.58,2.75,1504,0,NONE,0,0.0,0.147
FL001804,2025-09-28,Assam,Kamrup Metropolitan,26.2916,91.6232,133.2,12.2,0.86,103,1,CRITICAL,1,93.3,0.783
FL001805,2025-09-28,Assam,Kamrup Rural,26.2836,91.5605,67.2,4.41,0.39,88,0,NONE,0,0.0,0.146
FL001806,2025-09-28,Assam,Darrang,26.5451,91.9268,50.8,3.81,0.53,83,0,NONE,0,0.0,0.299
FL001807,2025-09-28,Assam,Sonitpur,26.7269,92.8527,108.4,14.85,0.75,24,1,HIGH,1,37.1,0.885
FL001808,2025-09-28,Assam,Dibrugarh,27.5798,94.9802,80.0,11.46,0.58,86,1,HIGH,1,29.2,0.752
FL001809,2025-09-29,Assam,Cachar,24.9379,92.9262,75.0,4.31,0.22,35,0,NONE,0,0.0,0.083
FL001810,2025-09-29,Assam,Nagaon,26.3372,92.6385,147.8,10.23,0.79,54,1,CRITICAL,1,20.5,0.728
FL001811,2025-09-29,Meghalaya,East Khasi Hills,25.5137,91.9522,90.8,5.09,2.31,1454,0,NONE,0,0.0,0.258
FL001812,2025-09-29,Meghalaya,West Khasi Hills,25.3892,91.207,145.6,3.15,2.07,1321,0,NONE,0,0.0,0.295
FL001813,2025-09-29,Meghalaya,Ri-Bhoi,26.0049,91.9429,97.8,5.77,1.63,548,0,NONE,0,0.0,0.115
FL001814,2025-09-29,Meghalaya,West Jaintia Hills,25.4326,92.1947,153.4,5.69,0.99,1384,0,NONE,0,0.0,0.028
FL001815,2025-09-29,Sikkim,East Sikkim,27.4134,88.6771,79.3,5.08,0.41,1591,0,NONE,0,0.0,0.05
FL001816,2025-09-29,Sikkim,North Sikkim,27.3806,88.6356,118.0,4.23,0.67,2499,0,NONE,0,0.0,0.368
FL001817,2025-09-29,Sikkim,South Sikkim,27.1481,88.4525,64.3,3.87,0.38,1358,0,NONE,0,0.0,0.126
FL001818,2025-09-29,Nagaland,Kohima,25.6673,94.2421,35.9,4.78,1.97,1395,0,NONE,0,0.0,0.297
FL001819,2025-09-30,Nagaland,Dimapur,25.9348,93.8684,143.7,4.01,0.81,215,0,NONE,0,0.0,0.245
FL001820,2025-09-30,Nagaland,Mokokchung,26.2106,94.489,156.6,3.95,2.47,1298,0,NONE,0,0.0,0.157
FL001821,2025-09-30,Manipur,Imphal West,24.8628,93.8994,47.8,3.21,0.69,813,0,NONE,0,0.0,0.094
FL001822,2025-09-30,Manipur,Bishnupur,24.5093,93.7536,121.0,13.34,0.23,814,1,CRITICAL,1,39.1,0.734
FL001823,2025-09-30,Manipur,Senapati,25.306,93.9702,78.3,3.53,1.23,1205,0,NONE,0,0.0,0.241
FL001824,2025-09-30,Mizoram,Aizawl,23.7695,92.8401,85.9,3.44,2.12,1098,0,NONE,0,0.0,0.299
FL001825,2025-09-30,Mizoram,Kolasib,24.2418,92.6121,77.8,3.72,1.34,645,0,NONE,0,0.0,0.252
FL001826,2025-09-30,Mizoram,Lunglei,22.8452,92.89,125.8,5.04,2.62,1049,0,NONE,0,0.0,0.211
FL001827,2025-09-30,Tripura,West Tripura,23.7113,91.1558,47.9,4.54,1.3,91,0,NONE,0,0.0,0.035
FL001828,2025-09-30,Tripura,Sipahijala,23.6066,91.3722,146.4,6.45,2.9,22,0,NONE,0,0.0,0.369
FL001829,2025-10-01,Tripura,Dhalai,23.9437,91.8466,10.7,4.79,1.7,146,0,NONE,0,0.0,0.308
FL001830,2025-10-01,Arunachal Pradesh,Tawang,27.6817,91.9049,2.3,4.92,5.58,2936,0,NONE,0,0.0,0.125
FL001831,2025-10-01,Arunachal Pradesh,West Kameng,27.3838,92.3201,9.9,3.94,4.25,2216,0,NONE,0,0.0,0.373
FL001832,2025-10-01,Arunachal Pradesh,Papum Pare,27.0846,93.5609,8.9,3.93,1.08,265,0,NONE,0,0.0,0.237
FL001833,2025-10-01,Arunachal Pradesh,East Siang,27.9644,95.3447,10.9,3.45,0.2,203,0,NONE,0,0.0,0.23
FL001834,2025-10-01,Arunachal Pradesh,Lower Subansiri,27.4374,93.7696,3.7,5.13,3.19,1569,0,NONE,0,0.0,0.289
FL001835,2025-10-01,Assam,Kamrup Metropolitan,26.1919,91.6607,10.0,5.01,0.89,20,0,NONE,0,0.0,0.312
FL001836,2025-10-01,Assam,Kamrup Rural,26.2698,91.6097,4.8,3.18,0.67,54,0,NONE,0,0.0,0.256
FL001837,2025-10-01,Assam,Darrang,26.3959,92.1542,12.5,5.24,0.38,37,0,NONE,0,0.0,0.066
FL001838,2025-10-01,Assam,Sonitpur,26.6902,92.8414,5.4,5.92,0.37,23,0,NONE,0,0.0,0.142
FL001839,2025-10-02,Assam,Dibrugarh,27.4127,95.0118,3.5,3.55,0.29,65,0,NONE,0,0.0,0.354
FL001840,2025-10-02,Assam,Cachar,24.791,92.6674,3.1,2.63,0.31,44,0,NONE,0,0.0,0.101
FL001841,2025-10-02,Assam,Nagaon,26.2734,92.7289,6.3,3.53,0.5,24,0,NONE,0,0.0,0.154
FL001842,2025-10-02,Meghalaya,East Khasi Hills,25.5051,91.8709,3.9,3.54,2.08,1518,0,NONE,0,0.0,0.176
FL001843,2025-10-02,Meghalaya,West Khasi Hills,25.5489,91.1908,6.4,5.96,1.68,1301,0,NONE,0,0.0,0.178
FL001844,2025-10-02,Meghalaya,Ri-Bhoi,25.8616,91.9272,7.6,3.93,1.36,595,0,NONE,0,0.0,0.241
FL001845,2025-10-02,Meghalaya,West Jaintia Hills,25.5465,92.1449,1.2,6.01,0.87,1370,0,NONE,0,0.0,0.36
FL001846,2025-10-02,Sikkim,East Sikkim,27.37,88.4798,3.4,5.29,0.29,1605,0,NONE,0,0.0,0.107
FL001847,2025-10-02,Sikkim,North Sikkim,27.472,88.4988,11.4,4.94,0.27,2401,0,NONE,0,0.0,0.064
FL001848,2025-10-02,Sikkim,South Sikkim,27.102,88.4607,6.4,6.41,0.21,1268,0,NONE,0,0.0,0.091
FL001849,2025-10-03,Nagaland,Kohima,25.8189,94.0253,7.5,5.33,1.63,1393,0,NONE,0,0.0,0.339
FL001850,2025-10-03,Nagaland,Dimapur,25.9147,93.8402,2.4,6.37,0.97,210,0,NONE,0,0.0,0.252
FL001851,2025-10-03,Nagaland,Mokokchung,26.3337,94.5801,7.6,2.77,2.03,1370,0,NONE,0,0.0,0.123
FL001852,2025-10-03,Manipur,Imphal West,24.6967,93.8012,13.3,4.75,0.5,765,0,NONE,0,0.0,0.314
FL001853,2025-10-03,Manipur,Bishnupur,24.586,93.8369,12.7,5.12,0.44,810,0,NONE,0,0.0,0.33
FL001854,2025-10-03,Manipur,Senapati,25.3649,94.0031,7.0,4.04,1.6,1206,0,NONE,0,0.0,0.325
FL001855,2025-10-03,Mizoram,Aizawl,23.7911,92.7649,11.1,5.26,2.23,1088,0,NONE,0,0.0,0.351
FL001856,2025-10-03,Mizoram,Kolasib,24.0859,92.7476,9.6,4.93,1.11,597,0,NONE,0,0.0,0.111
FL001857,2025-10-03,Mizoram,Lunglei,22.9126,92.802,8.5,5.84,2.48,983,0,NONE,0,0.0,0.292
FL001858,2025-10-03,Tripura,West Tripura,23.8221,91.2228,10.5,2.75,1.42,29,0,NONE,0,0.0,0.186
FL001859,2025-10-04,Tripura,Sipahijala,23.7621,91.2306,9.7,5.93,3.17,53,0,NONE,0,0.0,0.323
FL001860,2025-10-04,Tripura,Dhalai,23.822,91.7938,4.4,4.55,1.4,91,0,NONE,0,0.0,0.282
FL001861,2025-10-04,Arunachal Pradesh,Tawang,27.5081,91.7375,6.4,3.82,5.43,2913,0,NONE,0,0.0,0.3
FL001862,2025-10-04,Arunachal Pradesh,West Kameng,27.2807,92.4138,6.3,5.39,4.87,2251,0,NONE,0,0.0,0.256
FL001863,2025-10-04,Arunachal Pradesh,Papum Pare,27.1535,93.7463,3.0,5.96,1.28,277,0,NONE,0,0.0,0.084
FL001864,2025-10-04,Arunachal Pradesh,East Siang,28.2154,95.4424,13.0,4.58,0.16,184,0,NONE,0,0.0,0.216
FL001865,2025-10-04,Arunachal Pradesh,Lower Subansiri,27.4571,93.9294,0.5,2.75,3.01,1500,0,NONE,0,0.0,0.374
FL001866,2025-10-04,Assam,Kamrup Metropolitan,26.2194,91.6595,11.0,6.0,1.15,89,0,NONE,0,0.0,0.357
FL001867,2025-10-04,Assam,Kamrup Rural,26.3348,91.6955,10.8,5.58,0.74,85,0,NONE,0,0.0,0.036
FL001868,2025-10-04,Assam,Darrang,26.5914,92.0834,4.8,4.57,0.64,104,0,NONE,0,0.0,0.079
FL001869,2025-10-05,Assam,Sonitpur,26.5362,92.7527,11.9,3.59,0.87,35,0,NONE,0,0.0,0.067
FL001870,2025-10-05,Assam,Dibrugarh,27.4496,94.8757,8.2,6.39,0.37,95,0,NONE,0,0.0,0.281
FL001871,2025-10-05,Assam,Cachar,24.887,92.8784,8.1,5.61,0.05,73,0,NONE,0,0.0,0.314
FL001872,2025-10-05,Assam,Nagaon,26.285,92.6221,5.7,3.4,0.86,31,0,NONE,0,0.0,0.097
FL001873,2025-10-05,Meghalaya,East Khasi Hills,25.5469,92.0202,12.7,3.03,2.37,1548,0,NONE,0,0.0,0.202
FL001874,2025-10-05,Meghalaya,West Khasi Hills,25.6077,91.1206,10.3,4.83,2.1,1279,0,NONE,0,0.0,0.323
FL001875,2025-10-05,Meghalaya,Ri-Bhoi,25.7672,91.7318,6.2,5.26,1.48,548,0,NONE,0,0.0,0.284
FL001876,2025-10-05,Meghalaya,West Jaintia Hills,25.3015,92.3171,5.3,4.36,0.86,1293,0,NONE,0,0.0,0.215
FL001877,2025-10-05,Sikkim,East Sikkim,27.3181,88.5158,10.3,5.37,0.05,1657,0,NONE,0,0.0,0.233
FL001878,2025-10-05,Sikkim,North Sikkim,27.3872,88.5462,7.8,4.7,0.21,2409,0,NONE,0,0.0,0.203
FL001879,2025-10-06,Sikkim,South Sikkim,27.1612,88.3123,6.4,3.74,0.27,1286,0,NONE,0,0.0,0.127
FL001880,2025-10-06,Nagaland,Kohima,25.7686,93.9912,0.1,5.99,1.84,1436,0,NONE,0,0.0,0.223
FL001881,2025-10-06,Nagaland,Dimapur,25.7988,93.8016,10.6,3.21,1.22,135,0,NONE,0,0.0,0.268
FL001882,2025-10-06,Nagaland,Mokokchung,26.2345,94.4269,0.9,3.62,2.12,1265,0,NONE,0,0.0,0.334
FL001883,2025-10-06,Manipur,Imphal West,24.7664,93.7963,9.6,3.12,0.56,810,0,NONE,0,0.0,0.249
FL001884,2025-10-06,Manipur,Bishnupur,24.682,93.6942,11.2,6.09,0.37,763,0,NONE,0,0.0,0.294
FL001885,2025-10-06,Manipur,Senapati,25.3145,93.8982,9.8,5.58,1.72,1286,0,NONE,0,0.0,0.078
FL001886,2025-10-06,Mizoram,Aizawl,23.7277,92.8447,7.2,5.78,1.84,1177,0,NONE,0,0.0,0.186
FL001887,2025-10-06,Mizoram,Kolasib,24.3573,92.7678,9.3,4.64,1.28,566,0,NONE,0,0.0,0.023
FL001888,2025-10-06,Mizoram,Lunglei,22.9602,92.661,7.7,2.53,2.53,1046,0,NONE,0,0.0,0.109
FL001889,2025-10-07,Tripura,West Tripura,23.8606,91.1392,6.2,5.3,1.27,36,0,NONE,0,0.0,0.282
FL001890,2025-10-07,Tripura,Sipahijala,23.7133,91.2363,5.2,4.56,2.67,20,0,NONE,0,0.0,0.377
FL001891,2025-10-07,Tripura,Dhalai,23.7843,91.7345,4.9,4.04,1.51,113,0,NONE,0,0.0,0.056
FL001892,2025-10-07,Arunachal Pradesh,Tawang,27.6823,91.7689,4.6,5.4,5.02,2930,0,NONE,0,0.0,0.165
FL001893,2025-10-07,Arunachal Pradesh,West Kameng,27.3336,92.4492,6.9,5.01,4.63,2164,0,NONE,0,0.0,0.308
FL001894,2025-10-07,Arunachal Pradesh,Papum Pare,27.1407,93.5354,2.0,5.34,1.13,276,0,NONE,0,0.0,0.093
FL001895,2025-10-07,Arunachal Pradesh,East Siang,27.9737,95.2199,2.4,4.73,0.21,97,0,NONE,0,0.0,0.22
FL001896,2025-10-07,Arunachal Pradesh,Lower Subansiri,27.4153,93.8022,0.5,4.99,3.19,1539,0,NONE,0,0.0,0.284
FL001897,2025-10-07,Assam,Kamrup Metropolitan,26.061,91.714,3.4,4.66,0.97,20,0,NONE,0,0.0,0.242
FL001898,2025-10-07,Assam,Kamrup Rural,26.1263,91.4928,7.9,4.31,0.81,33,0,NONE,0,0.0,0.088
FL001899,2025-10-08,Assam,Darrang,26.3761,92.1495,7.1,3.3,0.08,20,0,NONE,0,0.0,0.148
FL001900,2025-10-08,Assam,Sonitpur,26.7072,92.7062,5.2,6.09,0.64,78,0,NONE,0,0.0,0.302
FL001901,2025-10-08,Assam,Dibrugarh,27.4521,94.8377,8.5,3.52,0.35,110,0,NONE,0,0.0,0.22
FL001902,2025-10-08,Assam,Cachar,24.7124,92.633,13.4,5.13,0.05,35,0,NONE,0,0.0,0.022
FL001903,2025-10-08,Assam,Nagaon,26.3034,92.777,4.9,4.45,0.79,99,0,NONE,0,0.0,0.294
FL001904,2025-10-08,Meghalaya,East Khasi Hills,25.5403,91.9384,11.3,3.73,2.01,1456,0,NONE,0,0.0,0.033
FL001905,2025-10-08,Meghalaya,West Khasi Hills,25.3919,91.2989,1.0,5.72,1.93,1297,0,NONE,0,0.0,0.288
FL001906,2025-10-08,Meghalaya,Ri-Bhoi,26.0237,91.9263,8.4,2.91,1.54,514,0,NONE,0,0.0,0.093
FL001907,2025-10-08,Meghalaya,West Jaintia Hills,25.3296,92.3325,5.9,3.9,1.32,1349,0,NONE,0,0.0,0.365
FL001908,2025-10-08,Sikkim,East Sikkim,27.4858,88.5171,12.4,4.7,0.05,1682,0,NONE,0,0.0,0.152
FL001909,2025-10-09,Sikkim,North Sikkim,27.4755,88.6135,8.3,3.27,0.6,2504,0,NONE,0,0.0,0.138
FL001910,2025-10-09,Sikkim,South Sikkim,27.292,88.4925,12.3,5.63,0.56,1354,0,NONE,0,0.0,0.074
FL001911,2025-10-09,Nagaland,Kohima,25.5603,94.0894,9.5,4.65,2.16,1441,0,NONE,0,0.0,0.13
FL001912,2025-10-09,Nagaland,Dimapur,25.908,93.5841,7.6,3.87,1.28,211,0,NONE,0,0.0,0.336
FL001913,2025-10-09,Nagaland,Mokokchung,26.2619,94.6567,1.1,4.13,2.3,1267,0,NONE,0,0.0,0.379
FL001914,2025-10-09,Manipur,Imphal West,24.8892,93.906,13.8,5.86,0.58,812,0,NONE,0,0.0,0.153
FL001915,2025-10-09,Manipur,Bishnupur,24.5049,93.7458,8.9,4.11,0.56,775,0,NONE,0,0.0,0.181
FL001916,2025-10-09,Manipur,Senapati,25.2303,93.9414,1.8,2.76,1.52,1213,0,NONE,0,0.0,0.28
FL001917,2025-10-09,Mizoram,Aizawl,23.7547,92.5703,6.9,4.46,2.05,1188,0,NONE,0,0.0,0.339
FL001918,2025-10-09,Mizoram,Kolasib,24.2823,92.6875,2.2,4.01,1.14,588,0,NONE,0,0.0,0.233
FL001919,2025-10-10,Mizoram,Lunglei,22.8106,92.6257,5.2,4.39,2.4,988,0,NONE,0,0.0,0.161
FL001920,2025-10-10,Tripura,West Tripura,23.6932,91.1812,12.0,2.84,1.04,88,0,NONE,0,0.0,0.169
FL001921,2025-10-10,Tripura,Sipahijala,23.747,91.1775,4.2,5.47,2.69,20,0,NONE,0,0.0,0.27
FL001922,2025-10-10,Tripura,Dhalai,23.7349,91.8946,2.4,5.39,1.59,160,0,NONE,0,0.0,0.021
FL001923,2025-10-10,Arunachal Pradesh,Tawang,27.4611,91.921,8.8,3.29,5.04,2910,0,NONE,0,0.0,0.243
FL001924,2025-10-10,Arunachal Pradesh,West Kameng,27.384,92.3544,5.0,3.67,4.26,2147,0,NONE,0,0.0,0.148
FL001925,2025-10-10,Arunachal Pradesh,Papum Pare,27.057,93.6857,2.5,5.29,1.58,295,0,NONE,0,0.0,0.306
FL001926,2025-10-10,Arunachal Pradesh,East Siang,28.0772,95.4696,8.1,6.43,0.53,194,0,NONE,0,0.0,0.053
FL001927,2025-10-10,Arunachal Pradesh,Lower Subansiri,27.6168,93.8864,4.8,6.12,2.96,1583,0,NONE,0,0.0,0.232
FL001928,2025-10-10,Assam,Kamrup Metropolitan,26.1758,91.648,0.7,4.78,0.72,51,0,NONE,0,0.0,0.193
FL001929,2025-10-11,Assam,Kamrup Rural,26.2095,91.6543,2.5,5.87,0.64,94,0,NONE,0,0.0,0.251
FL001930,2025-10-11,Assam,Darrang,26.5209,92.0112,1.8,4.09,0.11,20,0,NONE,0,0.0,0.043
FL001931,2025-10-11,Assam,Sonitpur,26.5383,92.6981,13.8,4.16,0.62,128,0,NONE,0,0.0,0.229
FL001932,2025-10-11,Assam,Dibrugarh,27.6058,94.8161,13.3,5.6,0.26,84,0,NONE,0,0.0,0.222
FL001933,2025-10-11,Assam,Cachar,24.7366,92.7472,0.5,2.98,0.05,42,0,NONE,0,0.0,0.222
FL001934,2025-10-11,Assam,Nagaon,26.3231,92.6705,10.0,3.18,0.52,86,0,NONE,0,0.0,0.237
FL001935,2025-10-11,Meghalaya,East Khasi Hills,25.5868,91.9613,11.5,5.49,2.01,1533,0,NONE,0,0.0,0.264
FL001936,2025-10-11,Meghalaya,West Khasi Hills,25.4752,91.143,10.6,5.14,1.97,1221,0,NONE,0,0.0,0.31
FL001937,2025-10-11,Meghalaya,Ri-Bhoi,25.7631,91.8045,6.2,4.97,1.86,500,0,NONE,0,0.0,0.117
FL001938,2025-10-11,Meghalaya,West Jaintia Hills,25.4799,92.2877,12.4,4.68,0.92,1271,0,NONE,0,0.0,0.317
FL001939,2025-10-12,Sikkim,East Sikkim,27.4097,88.558,7.6,5.39,0.05,1680,0,NONE,0,0.0,0.199
FL001940,2025-10-12,Sikkim,North Sikkim,27.5779,88.6677,8.9,5.07,0.27,2494,0,NONE,0,0.0,0.048
FL001941,2025-10-12,Sikkim,South Sikkim,27.0664,88.2168,4.6,4.23,0.5,1328,0,NONE,0,0.0,0.041
FL001942,2025-10-12,Nagaland,Kohima,25.5315,93.972,9.2,6.02,1.88,1449,0,NONE,0,0.0,0.14
FL001943,2025-10-12,Nagaland,Dimapur,26.0077,93.6201,5.3,4.07,0.8,251,0,NONE,0,0.0,0.303
FL001944,2025-10-12,Nagaland,Mokokchung,26.2906,94.476,10.8,6.24,2.42,1296,0,NONE,0,0.0,0.275
FL001945,2025-10-12,Manipur,Imphal West,24.7824,94.0521,4.4,2.8,0.57,830,0,NONE,0,0.0,0.304
FL001946,2025-10-12,Manipur,Bishnupur,24.7796,93.6819,7.0,3.05,0.45,746,0,NONE,0,0.0,0.206
FL001947,2025-10-12,Manipur,Senapati,25.1455,94.137,11.0,3.75,1.18,1307,0,NONE,0,0.0,0.178
FL001948,2025-10-12,Mizoram,Aizawl,23.6224,92.6962,6.3,4.78,2.19,1112,0,NONE,0,0.0,0.073
FL001949,2025-10-13,Mizoram,Kolasib,24.1151,92.7302,1.2,5.02,1.14,588,0,NONE,0,0.0,0.138
FL001950,2025-10-13,Mizoram,Lunglei,22.9926,92.6713,6.7,3.23,2.86,1023,0,NONE,0,0.0,0.176
FL001951,2025-10-13,Tripura,West Tripura,23.9247,91.3502,5.8,3.53,1.51,20,0,NONE,0,0.0,0.052
FL001952,2025-10-13,Tripura,Sipahijala,23.7784,91.3953,6.6,4.12,2.8,20,0,NONE,0,0.0,0.099
FL001953,2025-10-13,Tripura,Dhalai,23.9164,91.9357,8.7,6.4,1.42,141,0,NONE,0,0.0,0.235
FL001954,2025-10-13,Arunachal Pradesh,Tawang,27.5643,91.9274,2.3,6.21,5.6,2858,0,NONE,0,0.0,0.285
FL001955,2025-10-13,Arunachal Pradesh,West Kameng,27.1691,92.3814,5.5,4.19,4.56,2180,0,NONE,0,0.0,0.379
FL001956,2025-10-13,Arunachal Pradesh,Papum Pare,27.2423,93.6471,4.6,2.67,1.47,341,0,NONE,0,0.0,0.356
FL001957,2025-10-13,Arunachal Pradesh,East Siang,28.1122,95.2498,10.5,5.25,0.5,148,0,NONE,0,0.0,0.251
FL001958,2025-10-13,Arunachal Pradesh,Lower Subansiri,27.5478,93.8409,4.2,2.91,2.93,1529,0,NONE,0,0.0,0.172
FL001959,2025-10-14,Assam,Kamrup Metropolitan,26.1211,91.7596,11.5,5.87,0.69,83,0,NONE,0,0.0,0.249
FL001960,2025-10-14,Assam,Kamrup Rural,26.0612,91.5205,10.4,2.87,0.36,24,0,NONE,0,0.0,0.303
FL001961,2025-10-14,Assam,Darrang,26.4695,92.1683,2.3,3.57,0.64,109,0,NONE,0,0.0,0.063
FL001962,2025-10-14,Assam,Sonitpur,26.5921,92.8974,10.9,5.16,0.44,117,0,NONE,0,0.0,0.168
FL001963,2025-10-14,Assam,Dibrugarh,27.366,95.018,12.3,3.94,0.31,167,0,NONE,0,0.0,0.322
FL001964,2025-10-14,Assam,Cachar,24.9316,92.6457,3.8,4.94,0.4,20,0,NONE,0,0.0,0.158
FL001965,2025-10-14,Assam,Nagaon,26.2381,92.7539,6.0,3.84,0.69,93,0,NONE,0,0.0,0.226
FL001966,2025-10-14,Meghalaya,East Khasi Hills,25.6392,91.9421,1.2,4.65,2.34,1439,0,NONE,0,0.0,0.232
FL001967,2025-10-14,Meghalaya,West Khasi Hills,25.4075,91.1541,10.3,5.27,1.6,1238,0,NONE,0,0.0,0.086
FL001968,2025-10-14,Meghalaya,Ri-Bhoi,25.9208,91.9741,3.5,3.27,1.56,509,0,NONE,0,0.0,0.15
FL001969,2025-10-15,Meghalaya,West Jaintia Hills,25.342,92.2082,9.5,3.76,1.32,1308,0,NONE,0,0.0,0.14
FL001970,2025-10-15,Sikkim,East Sikkim,27.3221,88.65,3.2,3.11,0.05,1591,0,NONE,0,0.0,0.029
FL001971,2025-10-15,Sikkim,North Sikkim,27.6143,88.4096,1.4,4.51,0.15,2486,0,NONE,0,0.0,0.029
FL001972,2025-10-15,Sikkim,South Sikkim,27.1389,88.3271,1.0,6.42,0.61,1352,0,NONE,0,0.0,0.319
FL001973,2025-10-15,Nagaland,Kohima,25.6025,94.1302,3.5,2.6,1.83,1419,0,NONE,0,0.0,0.118
FL001974,2025-10-15,Nagaland,Dimapur,25.8038,93.8694,11.2,4.98,1.27,201,0,NONE,0,0.0,0.207
FL001975,2025-10-15,Nagaland,Mokokchung,26.3979,94.4901,3.4,3.67,1.97,1267,0,NONE,0,0.0,0.128
FL001976,2025-10-15,Manipur,Imphal West,24.8908,93.9546,10.6,2.78,0.7,832,0,NONE,0,0.0,0.359
FL001977,2025-10-15,Manipur,Bishnupur,24.6256,93.8103,0.6,5.61,0.16,761,0,NONE,0,0.0,0.113
FL001978,2025-10-15,Manipur,Senapati,25.351,94.054,8.7,3.46,1.22,1214,0,NONE,0,0.0,0.175
FL001979,2025-10-16,Mizoram,Aizawl,23.6859,92.8012,4.5,3.86,1.93,1112,0,NONE,0,0.0,0.334
FL001980,2025-10-16,Mizoram,Kolasib,24.2325,92.5496,8.9,3.01,1.54,626,0,NONE,0,0.0,0.323
FL001981,2025-10-16,Mizoram,Lunglei,22.7863,92.6505,11.5,3.64,2.42,1078,0,NONE,0,0.0,0.087
FL001982,2025-10-16,Tripura,West Tripura,23.9745,91.3062,7.1,5.83,1.26,47,0,NONE,0,0.0,0.309
FL001983,2025-10-16,Tripura,Sipahijala,23.4994,91.19,8.7,5.77,2.78,20,0,NONE,0,0.0,0.185
FL001984,2025-10-16,Tripura,Dhalai,23.7847,91.8194,6.8,2.88,1.6,104,0,NONE,0,0.0,0.194
FL001985,2025-10-16,Arunachal Pradesh,Tawang,27.5429,91.7483,13.9,2.76,5.21,2926,0,NONE,0,0.0,0.068
FL001986,2025-10-16,Arunachal Pradesh,West Kameng,27.3369,92.2962,8.0,6.0,4.27,2243,0,NONE,0,0.0,0.049
FL001987,2025-10-16,Arunachal Pradesh,Papum Pare,27.1892,93.6097,12.1,4.57,1.14,371,0,NONE,0,0.0,0.282
FL001988,2025-10-16,Arunachal Pradesh,East Siang,27.9615,95.3149,10.6,3.24,0.77,208,0,NONE,0,0.0,0.199
FL001989,2025-10-17,Arunachal Pradesh,Lower Subansiri,27.4695,93.7447,1.2,3.22,3.05,1587,0,NONE,0,0.0,0.177
FL001990,2025-10-17,Assam,Kamrup Metropolitan,26.0428,91.8753,10.4,2.76,0.95,61,0,NONE,0,0.0,0.283
FL001991,2025-10-17,Assam,Kamrup Rural,26.192,91.6426,7.1,2.95,0.57,55,0,NONE,0,0.0,0.296
FL001992,2025-10-17,Assam,Darrang,26.4101,92.1378,1.9,4.76,0.51,47,0,NONE,0,0.0,0.077
FL001993,2025-10-17,Assam,Sonitpur,26.6887,92.7143,2.4,2.84,0.87,96,0,NONE,0,0.0,0.24
FL001994,2025-10-17,Assam,Dibrugarh,27.4929,95.0603,9.6,2.87,0.24,60,0,NONE,0,0.0,0.069
FL001995,2025-10-17,Assam,Cachar,24.9444,92.793,11.1,4.91,0.05,67,0,NONE,0,0.0,0.29
FL001996,2025-10-17,Assam,Nagaon,26.2234,92.6281,11.1,2.51,0.49,123,0,NONE,0,0.0,0.257
FL001997,2025-10-17,Meghalaya,East Khasi Hills,25.6018,91.8493,0.9,5.79,2.45,1439,0,NONE,0,0.0,0.364
FL001998,2025-10-17,Meghalaya,West Khasi Hills,25.4374,91.252,9.2,4.24,1.84,1252,0,NONE,0,0.0,0.045
FL001999,2025-10-18,Meghalaya,Ri-Bhoi,26.0272,92.0119,13.1,4.39,1.49,562,0,NONE,0,0.0,0.041
FL002000,2025-10-18,Meghalaya,West Jaintia Hills,25.386,92.1727,6.4,4.21,0.93,1349,0,NONE,0,0.0,0.122
FL002001,2025-10-18,Sikkim,East Sikkim,27.2989,88.71,11.9,5.17,0.29,1630,0,NONE,0,0.0,0.114
FL002002,2025-10-18,Sikkim,North Sikkim,27.5018,88.4788,2.7,3.29,0.08,2502,0,NONE,0,0.0,0.109
FL002003,2025-10-18,Sikkim,South Sikkim,27.3132,88.2171,0.6,5.98,0.68,1341,0,NONE,0,0.0,0.346
FL002004,2025-10-18,Nagaland,Kohima,25.5275,94.2145,11.6,3.34,1.92,1417,0,NONE,0,0.0,0.11
FL002005,2025-10-18,Nagaland,Dimapur,26.0129,93.6444,7.6,5.67,0.71,246,0,NONE,0,0.0,0.118
FL002006,2025-10-18,Nagaland,Mokokchung,26.3148,94.5627,8.8,4.06,1.92,1375,0,NONE,0,0.0,0.293
FL002007,2025-10-18,Manipur,Imphal West,24.7211,93.8193,8.5,5.95,0.53,843,0,NONE,0,0.0,0.182
FL002008,2025-10-18,Manipur,Bishnupur,24.6029,93.6338,1.7,3.75,0.37,753,0,NONE,0,0.0,0.3
FL002009,2025-10-19,Manipur,Senapati,25.3207,94.0029,9.8,4.71,1.5,1225,0,NONE,0,0.0,0.044
FL002010,2025-10-19,Mizoram,Aizawl,23.8617,92.6113,1.8,3.27,1.77,1097,0,NONE,0,0.0,0.196
FL002011,2025-10-19,Mizoram,Kolasib,24.2503,92.6441,5.9,6.06,1.46,669,0,NONE,0,0.0,0.032
FL002012,2025-10-19,Mizoram,Lunglei,23.0236,92.654,12.4,3.15,2.87,987,0,NONE,0,0.0,0.043
FL002013,2025-10-19,Tripura,West Tripura,23.8866,91.2178,7.1,3.79,1.04,56,0,NONE,0,0.0,0.346
FL002014,2025-10-19,Tripura,Sipahijala,23.5672,91.1865,12.8,2.53,3.12,83,0,NONE,0,0.0,0.07
FL002015,2025-10-19,Tripura,Dhalai,23.8574,91.9009,3.3,3.39,1.38,113,0,NONE,0,0.0,0.212
FL002016,2025-10-19,Arunachal Pradesh,Tawang,27.7046,91.838,2.7,3.94,5.08,2936,0,NONE,0,0.0,0.168
FL002017,2025-10-19,Arunachal Pradesh,West Kameng,27.3971,92.4104,3.6,3.47,4.35,2208,0,NONE,0,0.0,0.145
FL002018,2025-10-19,Arunachal Pradesh,Papum Pare,27.1594,93.573,11.2,6.17,1.48,348,0,NONE,0,0.0,0.344
FL002019,2025-10-20,Arunachal Pradesh,East Siang,28.0843,95.4441,7.8,5.49,0.58,120,0,NONE,0,0.0,0.028
FL002020,2025-10-20,Arunachal Pradesh,Lower Subansiri,27.585,93.7771,7.7,6.37,3.03,1605,0,NONE,0,0.0,0.259
FL002021,2025-10-20,Assam,Kamrup Metropolitan,26.2155,91.6812,13.6,5.76,1.16,20,0,NONE,0,0.0,0.367
FL002022,2025-10-20,Assam,Kamrup Rural,26.1848,91.5069,0.8,2.85,0.61,99,0,NONE,0,0.0,0.222
FL002023,2025-10-20,Assam,Darrang,26.4582,91.8821,1.9,2.9,0.61,49,0,NONE,0,0.0,0.357
FL002024,2025-10-20,Assam,Sonitpur,26.6741,92.8343,5.8,3.85,0.39,92,0,NONE,0,0.0,0.039
FL002025,2025-10-20,Assam,Dibrugarh,27.6165,94.8881,6.4,3.7,0.54,117,0,NONE,0,0.0,0.171
FL002026,2025-10-20,Assam,Cachar,24.7481,92.6918,13.2,4.11,0.32,20,0,NONE,0,0.0,0.114
FL002027,2025-10-20,Assam,Nagaon,26.1995,92.7781,12.5,3.81,0.65,20,0,NONE,0,0.0,0.283
FL002028,2025-10-20,Meghalaya,East Khasi Hills,25.6745,91.7807,8.8,5.92,2.25,1493,0,NONE,0,0.0,0.373
FL002029,2025-10-21,Meghalaya,West Khasi Hills,25.4831,91.2157,12.6,2.78,2.18,1289,0,NONE,0,0.0,0.112
FL002030,2025-10-21,Meghalaya,Ri-Bhoi,25.8507,92.0079,8.5,4.82,1.36,548,0,NONE,0,0.0,0.256
FL002031,2025-10-21,Meghalaya,West Jaintia Hills,25.4785,92.2128,2.4,5.17,1.28,1318,0,NONE,0,0.0,0.091
FL002032,2025-10-21,Sikkim,East Sikkim,27.393,88.6467,5.2,3.93,0.45,1679,0,NONE,0,0.0,0.224
FL002033,2025-10-21,Sikkim,North Sikkim,27.6071,88.6986,1.7,4.78,0.11,2493,0,NONE,0,0.0,0.187
FL002034,2025-10-21,Sikkim,South Sikkim,27.0249,88.4797,8.0,5.91,0.64,1253,0,NONE,0,0.0,0.37
FL002035,2025-10-21,Nagaland,Kohima,25.8033,93.9885,3.6,4.3,2.07,1436,0,NONE,0,0.0,0.239
FL002036,2025-10-21,Nagaland,Dimapur,25.9571,93.833,4.2,2.67,0.95,162,0,NONE,0,0.0,0.146
FL002037,2025-10-21,Nagaland,Mokokchung,26.2893,94.4287,4.3,2.88,2.08,1320,0,NONE,0,0.0,0.061
FL002038,2025-10-21,Manipur,Imphal West,24.9051,93.926,5.9,5.72,0.71,841,0,NONE,0,0.0,0.074
FL002039,2025-10-22,Manipur,Bishnupur,24.7047,93.6168,3.4,2.51,0.38,757,0,NONE,0,0.0,0.101
FL002040,2025-10-22,Manipur,Senapati,25.1903,94.0576,7.3,4.21,1.67,1229,0,NONE,0,0.0,0.11
FL002041,2025-10-22,Mizoram,Aizawl,23.7015,92.6401,10.8,5.13,1.77,1185,0,NONE,0,0.0,0.326
FL002042,2025-10-22,Mizoram,Kolasib,24.0779,92.7672,10.2,3.0,1.48,657,0,NONE,0,0.0,0.222
FL002043,2025-10-22,Mizoram,Lunglei,22.91,92.6905,6.7,4.71,2.41,1033,0,NONE,0,0.0,0.208
FL002044,2025-10-22,Tripura,West Tripura,23.9735,91.1946,3.2,3.25,0.98,57,0,NONE,0,0.0,0.061
FL002045,2025-10-22,Tripura,Sipahijala,23.7646,91.2907,8.6,2.77,3.19,92,0,NONE,0,0.0,0.33
FL002046,2025-10-22,Tripura,Dhalai,23.7521,91.9713,11.4,3.56,1.5,146,0,NONE,0,0.0,0.28
FL002047,2025-10-22,Arunachal Pradesh,Tawang,27.6491,91.7473,4.0,6.19,5.46,2855,0,NONE,0,0.0,0.044
FL002048,2025-10-22,Arunachal Pradesh,West Kameng,27.3674,92.4541,2.4,3.82,4.35,2173,0,NONE,0,0.0,0.275
FL002049,2025-10-23,Arunachal Pradesh,Papum Pare,27.0471,93.4946,7.3,3.98,1.36,263,0,NONE,0,0.0,0.216
FL002050,2025-10-23,Arunachal Pradesh,East Siang,28.094,95.1843,9.2,5.72,0.78,185,0,NONE,0,0.0,0.049
FL002051,2025-10-23,Arunachal Pradesh,Lower Subansiri,27.5715,93.6876,8.3,5.96,2.84,1593,0,NONE,0,0.0,0.185
FL002052,2025-10-23,Assam,Kamrup Metropolitan,26.184,91.6936,11.9,5.64,0.69,25,0,NONE,0,0.0,0.194
FL002053,2025-10-23,Assam,Kamrup Rural,26.0931,91.6641,8.2,6.0,0.86,90,0,NONE,0,0.0,0.08
FL002054,2025-10-23,Assam,Darrang,26.5331,92.0788,3.2,4.96,0.14,27,0,NONE,0,0.0,0.36
FL002055,2025-10-23,Assam,Sonitpur,26.4907,92.938,5.0,4.56,0.55,128,0,NONE,0,0.0,0.326
FL002056,2025-10-23,Assam,Dibrugarh,27.5016,94.7941,5.9,5.71,0.27,84,0,NONE,0,0.0,0.261
FL002057,2025-10-23,Assam,Cachar,24.7065,92.8823,1.1,6.39,0.2,81,0,NONE,0,0.0,0.186
FL002058,2025-10-23,Assam,Nagaon,26.3425,92.5406,4.4,4.25,0.86,20,0,NONE,0,0.0,0.168
FL002059,2025-10-24,Meghalaya,East Khasi Hills,25.4919,91.8693,8.2,4.23,2.54,1543,0,NONE,0,0.0,0.254
FL002060,2025-10-24,Meghalaya,West Khasi Hills,25.6026,91.1639,4.7,4.18,1.98,1221,0,NONE,0,0.0,0.216
FL002061,2025-10-24,Meghalaya,Ri-Bhoi,25.9394,91.9864,0.5,5.91,1.9,505,0,NONE,0,0.0,0.042
FL002062,2025-10-24,Meghalaya,West Jaintia Hills,25.4452,92.2342,12.5,3.7,1.19,1339,0,NONE,0,0.0,0.205
FL002063,2025-10-24,Sikkim,East Sikkim,27.2653,88.493,10.5,5.18,0.05,1667,0,NONE,0,0.0,0.31
FL002064,2025-10-24,Sikkim,North Sikkim,27.5035,88.4457,5.9,5.38,0.63,2500,0,NONE,0,0.0,0.185
FL002065,2025-10-24,Sikkim,South Sikkim,27.0288,88.2416,11.9,6.09,0.76,1250,0,NONE,0,0.0,0.039
FL002066,2025-10-24,Nagaland,Kohima,25.6054,94.1031,11.9,4.53,1.91,1391,0,NONE,0,0.0,0.303
FL002067,2025-10-24,Nagaland,Dimapur,25.8451,93.8011,8.2,2.97,1.27,198,0,NONE,0,0.0,0.092
FL002068,2025-10-24,Nagaland,Mokokchung,26.4517,94.445,0.5,5.15,2.43,1285,0,NONE,0,0.0,0.113
FL002069,2025-10-25,Manipur,Imphal West,24.7513,93.9046,4.0,6.22,0.63,799,0,NONE,0,0.0,0.079
FL002070,2025-10-25,Manipur,Bishnupur,24.5321,93.6762,1.0,3.28,0.62,802,0,NONE,0,0.0,0.139
FL002071,2025-10-25,Manipur,Senapati,25.2371,94.0841,8.6,3.03,1.22,1294,0,NONE,0,0.0,0.292
FL002072,2025-10-25,Mizoram,Aizawl,23.692,92.6275,5.0,4.15,2.16,1115,0,NONE,0,0.0,0.207
FL002073,2025-10-25,Mizoram,Kolasib,24.0893,92.5802,7.0,4.29,1.11,554,0,NONE,0,0.0,0.094
FL002074,2025-10-25,Mizoram,Lunglei,22.8529,92.7712,12.5,3.27,2.88,1072,0,NONE,0,0.0,0.336
FL002075,2025-10-25,Tripura,West Tripura,23.7872,91.1458,6.7,3.06,1.23,20,0,NONE,0,0.0,0.337
FL002076,2025-10-25,Tripura,Sipahijala,23.5408,91.2356,9.5,2.61,2.79,20,0,NONE,0,0.0,0.333
FL002077,2025-10-25,Tripura,Dhalai,23.9339,91.7367,9.1,5.78,1.82,120,0,NONE,0,0.0,0.106
FL002078,2025-10-25,Arunachal Pradesh,Tawang,27.5002,91.8796,3.1,5.64,5.32,2881,0,NONE,0,0.0,0.182
FL002079,2025-10-26,Arunachal Pradesh,West Kameng,27.2302,92.4464,13.0,3.6,4.61,2207,0,NONE,0,0.0,0.375
FL002080,2025-10-26,Arunachal Pradesh,Papum Pare,27.1653,93.7505,3.4,5.97,1.0,363,0,NONE,0,0.0,0.298
FL002081,2025-10-26,Arunachal Pradesh,East Siang,28.1838,95.3025,12.4,4.82,0.68,191,0,NONE,0,0.0,0.03
FL002082,2025-10-26,Arunachal Pradesh,Lower Subansiri,27.4594,93.6949,2.8,3.09,3.19,1563,0,NONE,0,0.0,0.043
FL002083,2025-10-26,Assam,Kamrup Metropolitan,26.1209,91.6234,4.4,4.94,0.93,20,0,NONE,0,0.0,0.187
FL002084,2025-10-26,Assam,Kamrup Rural,26.1059,91.4184,2.6,3.06,0.91,20,0,NONE,0,0.0,0.347
FL002085,2025-10-26,Assam,Darrang,26.5984,92.1545,7.3,2.81,0.68,28,0,NONE,0,0.0,0.214
FL002086,2025-10-26,Assam,Sonitpur,26.4949,92.8026,11.2,4.96,0.67,85,0,NONE,0,0.0,0.199
FL002087,2025-10-26,Assam,Dibrugarh,27.3436,94.7905,11.5,3.2,0.35,150,0,NONE,0,0.0,0.058
FL002088,2025-10-26,Assam,Cachar,24.7785,92.7326,13.4,4.29,0.15,20,0,NONE,0,0.0,0.256
FL002089,2025-10-27,Assam,Nagaon,26.3789,92.652,12.5,6.33,0.77,93,0,NONE,0,0.0,0.316
FL002090,2025-10-27,Meghalaya,East Khasi Hills,25.6211,92.0164,12.9,5.07,2.35,1537,0,NONE,0,0.0,0.157
FL002091,2025-10-27,Meghalaya,West Khasi Hills,25.3688,91.1244,8.7,5.67,2.2,1221,0,NONE,0,0.0,0.299
FL002092,2025-10-27,Meghalaya,Ri-Bhoi,26.0084,91.9473,10.7,3.86,1.37,518,0,NONE,0,0.0,0.367
FL002093,2025-10-27,Meghalaya,West Jaintia Hills,25.5707,92.1607,11.6,4.22,0.85,1385,0,NONE,0,0.0,0.093
FL002094,2025-10-27,Sikkim,East Sikkim,27.3954,88.4722,9.8,5.15,0.05,1703,0,NONE,0,0.0,0.208
FL002095,2025-10-27,Sikkim,North Sikkim,27.6341,88.4225,10.7,4.67,0.56,2432,0,NONE,0,0.0,0.123
FL002096,2025-10-27,Sikkim,South Sikkim,27.1339,88.4096,12.2,3.18,0.45,1358,0,NONE,0,0.0,0.305
FL002097,2025-10-27,Nagaland,Kohima,25.563,94.2172,6.9,4.8,2.1,1476,0,NONE,0,0.0,0.228
FL002098,2025-10-27,Nagaland,Dimapur,26.0254,93.7686,0.6,5.45,0.99,220,0,NONE,0,0.0,0.248
FL002099,2025-10-28,Nagaland,Mokokchung,26.3484,94.5684,3.2,4.51,2.33,1295,0,NONE,0,0.0,0.307
FL002100,2025-10-28,Manipur,Imphal West,24.7347,93.8659,9.8,3.04,0.48,762,0,NONE,0,0.0,0.163
FL002101,2025-10-28,Manipur,Bishnupur,24.7331,93.6872,8.9,2.97,0.18,792,0,NONE,0,0.0,0.349
FL002102,2025-10-28,Manipur,Senapati,25.1334,94.1515,9.3,3.05,1.59,1197,0,NONE,0,0.0,0.212
FL002103,2025-10-28,Mizoram,Aizawl,23.7175,92.6831,3.8,2.57,1.89,1132,0,NONE,0,0.0,0.077
FL002104,2025-10-28,Mizoram,Kolasib,24.2472,92.6883,12.9,4.55,1.56,659,0,NONE,0,0.0,0.271
FL002105,2025-10-28,Mizoram,Lunglei,22.9426,92.7866,4.7,5.39,2.84,1068,0,NONE,0,0.0,0.306
FL002106,2025-10-28,Tripura,West Tripura,23.7471,91.2459,1.0,4.96,1.28,32,0,NONE,0,0.0,0.134
FL002107,2025-10-28,Tripura,Sipahijala,23.719,91.2184,12.0,3.27,3.0,20,0,NONE,0,0.0,0.329
FL002108,2025-10-28,Tripura,Dhalai,23.9854,91.8732,10.4,5.53,1.92,93,0,NONE,0,0.0,0.346
FL002109,2025-10-29,Arunachal Pradesh,Tawang,27.6596,91.7816,5.8,6.39,5.12,2954,0,NONE,0,0.0,0.12
FL002110,2025-10-29,Arunachal Pradesh,West Kameng,27.2574,92.4252,3.7,6.02,4.85,2185,0,NONE,0,0.0,0.374
FL002111,2025-10-29,Arunachal Pradesh,Papum Pare,26.9756,93.596,1.1,6.17,1.23,279,0,NONE,0,0.0,0.071
FL002112,2025-10-29,Arunachal Pradesh,East Siang,28.0161,95.3084,11.8,2.92,0.57,142,0,NONE,0,0.0,0.093
FL002113,2025-10-29,Arunachal Pradesh,Lower Subansiri,27.6196,93.8068,7.1,6.06,2.66,1537,0,NONE,0,0.0,0.086
FL002114,2025-10-29,Assam,Kamrup Metropolitan,26.0773,91.7684,2.3,5.62,0.99,61,0,NONE,0,0.0,0.342
FL002115,2025-10-29,Assam,Kamrup Rural,26.2289,91.6997,10.7,6.3,0.93,26,0,NONE,0,0.0,0.256
FL002116,2025-10-29,Assam,Darrang,26.4746,91.9526,6.8,5.21,0.2,60,0,NONE,0,0.0,0.075
FL002117,2025-10-29,Assam,Sonitpur,26.6699,92.8573,10.5,3.97,0.39,68,0,NONE,0,0.0,0.179
FL002118,2025-10-29,Assam,Dibrugarh,27.57,94.9695,11.7,3.9,0.66,111,0,NONE,0,0.0,0.242
FL002119,2025-10-30,Assam,Cachar,24.7876,92.7153,0.2,3.69,0.05,41,0,NONE,0,0.0,0.05
FL002120,2025-10-30,Assam,Nagaon,26.2507,92.8063,8.7,6.44,0.65,83,0,NONE,0,0.0,0.338
FL002121,2025-10-30,Meghalaya,East Khasi Hills,25.7008,91.8149,0.1,2.81,2.06,1470,0,NONE,0,0.0,0.309
FL002122,2025-10-30,Meghalaya,West Khasi Hills,25.4596,91.2466,1.8,4.74,1.83,1221,0,NONE,0,0.0,0.202
FL002123,2025-10-30,Meghalaya,Ri-Bhoi,25.7562,92.0223,11.1,5.51,1.69,602,0,NONE,0,0.0,0.368
FL002124,2025-10-30,Meghalaya,West Jaintia Hills,25.5559,92.2282,9.7,5.39,1.17,1330,0,NONE,0,0.0,0.17
FL002125,2025-10-30,Sikkim,East Sikkim,27.2632,88.4893,11.5,6.41,0.29,1694,0,NONE,0,0.0,0.374
FL002126,2025-10-30,Sikkim,North Sikkim,27.4372,88.4685,7.9,4.55,0.15,2454,0,NONE,0,0.0,0.26
FL002127,2025-10-30,Sikkim,South Sikkim,27.0482,88.2914,2.3,6.3,0.47,1334,0,NONE,0,0.0,0.248
FL002128,2025-10-30,Nagaland,Kohima,25.6303,94.1223,5.9,2.65,1.79,1464,0,NONE,0,0.0,0.08
FL002129,2025-10-31,Nagaland,Dimapur,25.7609,93.6833,9.1,5.41,0.99,225,0,NONE,0,0.0,0.337
FL002130,2025-10-31,Nagaland,Mokokchung,26.3742,94.6295,13.7,5.92,1.92,1367,0,NONE,0,0.0,0.174
FL002131,2025-10-31,Manipur,Imphal West,24.8727,94.0053,11.7,2.52,0.52,727,0,NONE,0,0.0,0.078
FL002132,2025-10-31,Manipur,Bishnupur,24.5485,93.9127,2.2,6.39,0.21,755,0,NONE,0,0.0,0.025
FL002133,2025-10-31,Manipur,Senapati,25.3323,94.152,11.6,5.23,1.21,1236,0,NONE,0,0.0,0.222
FL002134,2025-10-31,Mizoram,Aizawl,23.8533,92.6809,5.6,5.29,2.32,1083,0,NONE,0,0.0,0.21
FL002135,2025-10-31,Mizoram,Kolasib,24.2736,92.7998,2.1,5.98,1.52,607,0,NONE,0,0.0,0.279
FL002136,2025-10-31,Mizoram,Lunglei,22.7825,92.8631,10.1,4.58,2.5,1004,0,NONE,0,0.0,0.34
FL002137,2025-10-31,Tripura,West Tripura,23.8067,91.435,4.6,2.82,1.33,20,0,NONE,0,0.0,0.049
FL002138,2025-10-31,Tripura,Sipahijala,23.6956,91.4123,1.2,5.3,2.85,20,0,NONE,0,0.0,0.283
FL002139,2025-11-01,Tripura,Dhalai,23.9904,91.9377,1.9,3.3,1.36,116,0,NONE,0,0.0,0.087
FL002140,2025-11-01,Arunachal Pradesh,Tawang,27.7143,91.7535,13.0,5.78,5.58,2927,0,NONE,0,0.0,0.329
FL002141,2025-11-01,Arunachal Pradesh,West Kameng,27.3016,92.4652,8.1,6.11,4.29,2178,0,NONE,0,0.0,0.315
FL002142,2025-11-01,Arunachal Pradesh,Papum Pare,27.0388,93.6028,11.7,3.34,1.34,287,0,NONE,0,0.0,0.215
FL002143,2025-11-01,Arunachal Pradesh,East Siang,27.932,95.2677,6.1,3.46,0.69,150,0,NONE,0,0.0,0.276
FL002144,2025-11-01,Arunachal Pradesh,Lower Subansiri,27.415,93.7213,11.9,2.5,3.11,1612,0,NONE,0,0.0,0.133
FL002145,2025-11-01,Assam,Kamrup Metropolitan,26.1941,91.8169,2.9,3.93,1.01,20,0,NONE,0,0.0,0.19
FL002146,2025-11-01,Assam,Kamrup Rural,26.0778,91.6319,2.6,3.55,0.4,53,0,NONE,0,0.0,0.316
FL002147,2025-11-01,Assam,Darrang,26.3677,92.023,5.8,3.24,0.49,37,0,NONE,0,0.0,0.185
FL002148,2025-11-01,Assam,Sonitpur,26.5997,92.7623,0.6,5.44,0.42,133,0,NONE,0,0.0,0.149
FL002149,2025-11-02,Assam,Dibrugarh,27.4134,94.8552,8.9,2.93,0.72,120,0,NONE,0,0.0,0.198
FL002150,2025-11-02,Assam,Cachar,24.9246,92.6707,8.6,6.14,0.05,63,0,NONE,0,0.0,0.318
FL002151,2025-11-02,Assam,Nagaon,26.3615,92.6243,6.2,3.88,1.05,20,0,NONE,0,0.0,0.141
FL002152,2025-11-02,Meghalaya,East Khasi Hills,25.5671,91.7983,6.4,4.8,2.23,1530,0,NONE,0,0.0,0.083
FL002153,2025-11-02,Meghalaya,West Khasi Hills,25.4016,91.2426,4.0,4.98,2.0,1260,0,NONE,0,0.0,0.276
FL002154,2025-11-02,Meghalaya,Ri-Bhoi,25.8573,91.8363,6.3,5.46,1.52,549,0,NONE,0,0.0,0.317
FL002155,2025-11-02,Meghalaya,West Jaintia Hills,25.3083,92.2177,4.8,5.09,1.34,1368,0,NONE,0,0.0,0.056
FL002156,2025-11-02,Sikkim,East Sikkim,27.3735,88.5472,0.7,3.02,0.09,1621,0,NONE,0,0.0,0.106
FL002157,2025-11-02,Sikkim,North Sikkim,27.5363,88.67,13.7,2.83,0.54,2502,0,NONE,0,0.0,0.071
FL002158,2025-11-02,Sikkim,South Sikkim,27.1378,88.3209,13.8,5.23,0.65,1240,0,NONE,0,0.0,0.145
FL002159,2025-11-03,Nagaland,Kohima,25.6805,94.2104,11.9,4.88,2.09,1390,0,NONE,0,0.0,0.182
FL002160,2025-11-03,Nagaland,Dimapur,25.9518,93.6775,0.6,6.37,1.02,147,0,NONE,0,0.0,0.29
FL002161,2025-11-03,Nagaland,Mokokchung,26.3822,94.6293,7.1,4.89,2.29,1275,0,NONE,0,0.0,0.254
FL002162,2025-11-03,Manipur,Imphal West,24.8888,93.8027,4.0,5.87,0.62,751,0,NONE,0,0.0,0.244
FL002163,2025-11-03,Manipur,Bishnupur,24.7726,93.6554,3.9,6.47,0.6,824,0,NONE,0,0.0,0.147
FL002164,2025-11-03,Manipur,Senapati,25.2003,93.9533,2.0,4.99,1.47,1309,0,NONE,0,0.0,0.323
FL002165,2025-11-03,Mizoram,Aizawl,23.7834,92.602,11.1,5.13,2.32,1070,0,NONE,0,0.0,0.19
FL002166,2025-11-03,Mizoram,Kolasib,24.2259,92.6042,10.6,4.91,1.49,563,0,NONE,0,0.0,0.372
FL002167,2025-11-03,Mizoram,Lunglei,22.8631,92.6067,11.6,2.77,2.56,975,0,NONE,0,0.0,0.248
FL002168,2025-11-03,Tripura,West Tripura,23.7367,91.2073,10.6,4.02,1.48,83,0,NONE,0,0.0,0.065
FL002169,2025-11-04,Tripura,Sipahijala,23.6894,91.4198,6.0,2.76,2.65,50,0,NONE,0,0.0,0.263
FL002170,2025-11-04,Tripura,Dhalai,23.7065,91.7425,13.9,5.07,1.46,175,0,NONE,0,0.0,0.137
FL002171,2025-11-04,Arunachal Pradesh,Tawang,27.6586,91.8734,11.5,3.77,5.14,2900,0,NONE,0,0.0,0.267
FL002172,2025-11-04,Arunachal Pradesh,West Kameng,27.1445,92.4425,7.4,5.3,4.5,2187,0,NONE,0,0.0,0.045
FL002173,2025-11-04,Arunachal Pradesh,Papum Pare,27.1597,93.4988,12.2,3.02,1.05,313,0,NONE,0,0.0,0.083
FL002174,2025-11-04,Arunachal Pradesh,East Siang,28.001,95.212,0.1,6.14,0.35,144,0,NONE,0,0.0,0.328
FL002175,2025-11-04,Arunachal Pradesh,Lower Subansiri,27.5935,93.948,12.1,5.81,3.14,1579,0,NONE,0,0.0,0.102
FL002176,2025-11-04,Assam,Kamrup Metropolitan,26.1009,91.628,6.3,6.41,0.73,107,0,NONE,0,0.0,0.321
FL002177,2025-11-04,Assam,Kamrup Rural,26.3295,91.5193,1.9,3.71,0.49,107,0,NONE,0,0.0,0.121
FL002178,2025-11-04,Assam,Darrang,26.5728,92.0385,11.3,5.04,0.48,57,0,NONE,0,0.0,0.251
FL002179,2025-11-05,Assam,Sonitpur,26.5894,92.8584,2.9,5.64,0.81,61,0,NONE,0,0.0,0.27
FL002180,2025-11-05,Assam,Dibrugarh,27.3648,94.9975,10.6,2.6,0.41,132,0,NONE,0,0.0,0.205
FL002181,2025-11-05,Assam,Cachar,24.9581,92.8224,12.9,4.78,0.34,20,0,NONE,0,0.0,0.13
FL002182,2025-11-05,Assam,Nagaon,26.2493,92.7466,4.3,2.61,0.79,68,0,NONE,0,0.0,0.097
FL002183,2025-11-05,Meghalaya,East Khasi Hills,25.4676,91.8405,9.5,6.01,2.35,1504,0,NONE,0,0.0,0.032
FL002184,2025-11-05,Meghalaya,West Khasi Hills,25.4811,91.1235,11.8,2.8,1.7,1329,0,NONE,0,0.0,0.129
FL002185,2025-11-05,Meghalaya,Ri-Bhoi,25.9496,91.8798,13.0,5.8,1.74,576,0,NONE,0,0.0,0.255
FL002186,2025-11-05,Meghalaya,West Jaintia Hills,25.5944,92.2926,4.8,2.55,0.92,1363,0,NONE,0,0.0,0.358
FL002187,2025-11-05,Sikkim,East Sikkim,27.4531,88.6749,9.3,5.53,0.12,1639,0,NONE,0,0.0,0.334
FL002188,2025-11-05,Sikkim,North Sikkim,27.3693,88.5836,2.9,3.86,0.54,2404,0,NONE,0,0.0,0.296
FL002189,2025-11-06,Sikkim,South Sikkim,27.1525,88.3123,4.5,6.43,0.75,1320,0,NONE,0,0.0,0.304
FL002190,2025-11-06,Nagaland,Kohima,25.6214,94.1682,2.8,5.15,1.96,1428,0,NONE,0,0.0,0.259
FL002191,2025-11-06,Nagaland,Dimapur,25.9237,93.6362,5.0,6.46,0.84,197,0,NONE,0,0.0,0.114
FL002192,2025-11-06,Nagaland,Mokokchung,26.2354,94.4186,10.1,4.17,2.36,1364,0,NONE,0,0.0,0.347
FL002193,2025-11-06,Manipur,Imphal West,24.6928,93.7941,9.0,5.0,0.27,810,0,NONE,0,0.0,0.261
FL002194,2025-11-06,Manipur,Bishnupur,24.5246,93.6161,5.3,3.67,0.41,809,0,NONE,0,0.0,0.222
FL002195,2025-11-06,Manipur,Senapati,25.1316,93.9156,8.8,4.93,1.62,1283,0,NONE,0,0.0,0.06
FL002196,2025-11-06,Mizoram,Aizawl,23.7355,92.6246,12.5,3.96,2.06,1096,0,NONE,0,0.0,0.181
FL002197,2025-11-06,Mizoram,Kolasib,24.1756,92.7155,7.8,5.88,1.47,621,0,NONE,0,0.0,0.186
FL002198,2025-11-06,Mizoram,Lunglei,22.8617,92.7776,12.9,3.28,2.3,1071,0,NONE,0,0.0,0.331
FL002199,2025-11-07,Tripura,West Tripura,23.9162,91.2263,13.5,3.57,0.98,20,0,NONE,0,0.0,0.217
FL002200,2025-11-07,Tripura,Sipahijala,23.6472,91.1688,14.0,4.93,3.15,77,0,NONE,0,0.0,0.157
FL002201,2025-11-07,Tripura,Dhalai,23.7754,91.911,5.0,3.33,1.45,88,0,NONE,0,0.0,0.372
FL002202,2025-11-07,Arunachal Pradesh,Tawang,27.5225,91.8697,12.4,2.74,5.56,2870,0,NONE,0,0.0,0.06
FL002203,2025-11-07,Arunachal Pradesh,West Kameng,27.2645,92.3857,0.4,5.9,4.83,2147,0,NONE,0,0.0,0.172
FL002204,2025-11-07,Arunachal Pradesh,Papum Pare,27.1252,93.7477,8.6,4.16,0.97,293,0,NONE,0,0.0,0.035
FL002205,2025-11-07,Arunachal Pradesh,East Siang,28.0424,95.2362,6.0,6.28,0.24,208,0,NONE,0,0.0,0.286
FL002206,2025-11-07,Arunachal Pradesh,Lower Subansiri,27.5641,93.9002,11.1,3.99,3.14,1618,0,NONE,0,0.0,0.351
FL002207,2025-11-07,Assam,Kamrup Metropolitan,26.0132,91.7343,13.4,3.84,1.14,98,0,NONE,0,0.0,0.121
FL002208,2025-11-07,Assam,Kamrup Rural,26.2459,91.6417,2.4,5.72,0.4,20,0,NONE,0,0.0,0.329
FL002209,2025-11-08,Assam,Darrang,26.4269,92.1028,9.0,6.44,0.41,110,0,NONE,0,0.0,0.125
FL002210,2025-11-08,Assam,Sonitpur,26.7678,92.7238,0.2,5.66,0.57,23,0,NONE,0,0.0,0.348
FL002211,2025-11-08,Assam,Dibrugarh,27.3904,94.8671,7.2,3.94,0.7,109,0,NONE,0,0.0,0.291
FL002212,2025-11-08,Assam,Cachar,24.9747,92.6353,11.3,3.22,0.46,20,0,NONE,0,0.0,0.31
FL002213,2025-11-08,Assam,Nagaon,26.2541,92.7164,3.4,5.58,0.93,52,0,NONE,0,0.0,0.026
FL002214,2025-11-08,Meghalaya,East Khasi Hills,25.5945,91.7589,10.0,6.36,2.03,1528,0,NONE,0,0.0,0.367
FL002215,2025-11-08,Meghalaya,West Khasi Hills,25.5704,91.2749,2.0,5.48,2.13,1234,0,NONE,0,0.0,0.282
FL002216,2025-11-08,Meghalaya,Ri-Bhoi,26.0448,91.8403,6.4,6.21,1.85,514,0,NONE,0,0.0,0.13
FL002217,2025-11-08,Meghalaya,West Jaintia Hills,25.3715,92.0776,11.7,5.21,1.34,1271,0,NONE,0,0.0,0.319
FL002218,2025-11-08,Sikkim,East Sikkim,27.4554,88.6945,5.8,6.49,0.37,1662,0,NONE,0,0.0,0.121
FL002219,2025-11-09,Sikkim,North Sikkim,27.612,88.475,8.3,4.69,0.13,2397,0,NONE,0,0.0,0.334
FL002220,2025-11-09,Sikkim,South Sikkim,27.0742,88.2131,1.5,5.93,0.73,1284,0,NONE,0,0.0,0.061
FL002221,2025-11-09,Nagaland,Kohima,25.8245,93.9975,5.8,5.09,1.63,1430,0,NONE,0,0.0,0.273
FL002222,2025-11-09,Nagaland,Dimapur,25.7798,93.6526,11.6,5.25,1.11,204,0,NONE,0,0.0,0.215
FL002223,2025-11-09,Nagaland,Mokokchung,26.419,94.6393,3.0,6.38,2.31,1369,0,NONE,0,0.0,0.055
FL002224,2025-11-09,Manipur,Imphal West,24.9494,94.0209,11.2,2.57,0.41,762,0,NONE,0,0.0,0.107
FL002225,2025-11-09,Manipur,Bishnupur,24.7503,93.7102,3.4,5.7,0.09,779,0,NONE,0,0.0,0.024
FL002226,2025-11-09,Manipur,Senapati,25.3801,94.0717,1.3,6.48,1.2,1269,0,NONE,0,0.0,0.189
FL002227,2025-11-09,Mizoram,Aizawl,23.8507,92.82,3.6,4.48,2.23,1136,0,NONE,0,0.0,0.128
FL002228,2025-11-09,Mizoram,Kolasib,24.1332,92.6417,12.1,3.56,0.97,654,0,NONE,0,0.0,0.235
FL002229,2025-11-10,Mizoram,Lunglei,22.8005,92.7221,7.1,3.61,2.32,1057,0,NONE,0,0.0,0.127
FL002230,2025-11-10,Tripura,West Tripura,23.8312,91.1469,14.0,6.03,1.15,20,0,NONE,0,0.0,0.128
FL002231,2025-11-10,Tripura,Sipahijala,23.7745,91.1799,2.2,3.82,2.87,81,0,NONE,0,0.0,0.288
FL002232,2025-11-10,Tripura,Dhalai,23.9588,91.8154,3.2,3.93,1.6,85,0,NONE,0,0.0,0.037
FL002233,2025-11-10,Arunachal Pradesh,Tawang,27.6341,91.8691,0.8,6.46,5.3,2924,0,NONE,0,0.0,0.345
FL002234,2025-11-10,Arunachal Pradesh,West Kameng,27.2188,92.2737,8.4,5.23,4.47,2217,0,NONE,0,0.0,0.327
FL002235,2025-11-10,Arunachal Pradesh,Papum Pare,27.1988,93.5454,10.6,4.78,1.44,356,0,NONE,0,0.0,0.26
FL002236,2025-11-10,Arunachal Pradesh,East Siang,28.0183,95.4248,2.9,3.34,0.66,150,0,NONE,0,0.0,0.234
FL002237,2025-11-10,Arunachal Pradesh,Lower Subansiri,27.6786,93.9057,2.7,5.37,2.8,1603,0,NONE,0,0.0,0.341
FL002238,2025-11-10,Assam,Kamrup Metropolitan,26.2109,91.7896,3.4,2.63,0.9,104,0,NONE,0,0.0,0.087
FL002239,2025-11-11,Assam,Kamrup Rural,26.1622,91.6278,11.6,3.83,0.46,96,0,NONE,0,0.0,0.048
FL002240,2025-11-11,Assam,Darrang,26.4164,92.1047,1.7,5.56,0.64,110,0,NONE,0,0.0,0.106
FL002241,2025-11-11,Assam,Sonitpur,26.568,92.8474,4.0,6.07,0.41,53,0,NONE,0,0.0,0.306
FL002242,2025-11-11,Assam,Dibrugarh,27.4856,94.8633,3.5,5.53,0.33,98,0,NONE,0,0.0,0.032
FL002243,2025-11-11,Assam,Cachar,24.7639,92.7041,9.6,5.19,0.35,48,0,NONE,0,0.0,0.23
FL002244,2025-11-11,Assam,Nagaon,26.2325,92.7045,10.9,5.63,1.0,45,0,NONE,0,0.0,0.378
FL002245,2025-11-11,Meghalaya,East Khasi Hills,25.5619,91.7485,0.8,2.9,2.58,1431,0,NONE,0,0.0,0.328
FL002246,2025-11-11,Meghalaya,West Khasi Hills,25.5041,91.3633,0.0,6.15,1.93,1247,0,NONE,0,0.0,0.208
FL002247,2025-11-11,Meghalaya,Ri-Bhoi,25.7739,91.9991,7.5,4.76,1.29,560,0,NONE,0,0.0,0.043
FL002248,2025-11-11,Meghalaya,West Jaintia Hills,25.3539,92.2798,5.6,3.98,1.17,1305,0,NONE,0,0.0,0.319
FL002249,2025-11-12,Sikkim,East Sikkim,27.2571,88.5088,12.9,4.77,0.05,1701,0,NONE,0,0.0,0.236
FL002250,2025-11-12,Sikkim,North Sikkim,27.3843,88.4116,2.7,5.01,0.34,2477,0,NONE,0,0.0,0.061
FL002251,2025-11-12,Sikkim,South Sikkim,27.1152,88.366,4.7,3.44,0.61,1269,0,NONE,0,0.0,0.054
FL002252,2025-11-12,Nagaland,Kohima,25.6028,94.0358,8.6,5.08,2.1,1466,0,NONE,0,0.0,0.347
FL002253,2025-11-12,Nagaland,Dimapur,25.9189,93.5909,9.8,4.82,0.7,165,0,NONE,0,0.0,0.261
FL002254,2025-11-12,Nagaland,Mokokchung,26.3081,94.5233,7.8,5.27,2.22,1290,0,NONE,0,0.0,0.319
FL002255,2025-11-12,Manipur,Imphal West,24.9157,93.9911,8.4,5.76,0.82,734,0,NONE,0,0.0,0.336
FL002256,2025-11-12,Manipur,Bishnupur,24.5253,93.7125,9.2,4.1,0.68,810,0,NONE,0,0.0,0.226
FL002257,2025-11-12,Manipur,Senapati,25.3792,93.9724,6.4,4.26,1.55,1310,0,NONE,0,0.0,0.206
FL002258,2025-11-12,Mizoram,Aizawl,23.6252,92.581,13.2,2.61,2.13,1189,0,NONE,0,0.0,0.175
FL002259,2025-11-13,Mizoram,Kolasib,24.1019,92.5934,0.3,5.97,1.46,590,0,NONE,0,0.0,0.134
FL002260,2025-11-13,Mizoram,Lunglei,22.8825,92.7644,0.7,6.44,2.5,1004,0,NONE,0,0.0,0.176
FL002261,2025-11-13,Tripura,West Tripura,23.8563,91.3339,6.0,3.12,1.6,20,0,NONE,0,0.0,0.299
FL002262,2025-11-13,Tripura,Sipahijala,23.5085,91.1852,12.6,6.43,2.92,91,0,NONE,0,0.0,0.237
FL002263,2025-11-13,Tripura,Dhalai,23.9993,91.8891,13.3,6.16,1.83,173,0,NONE,0,0.0,0.341
FL002264,2025-11-13,Arunachal Pradesh,Tawang,27.6904,91.8677,10.7,3.83,5.38,2846,0,NONE,0,0.0,0.18
FL002265,2025-11-13,Arunachal Pradesh,West Kameng,27.2706,92.361,6.3,4.52,4.44,2164,0,NONE,0,0.0,0.239
FL002266,2025-11-13,Arunachal Pradesh,Papum Pare,27.0236,93.5395,0.9,6.4,1.1,358,0,NONE,0,0.0,0.247
FL002267,2025-11-13,Arunachal Pradesh,East Siang,28.0104,95.4677,8.7,4.62,0.63,183,0,NONE,0,0.0,0.233
FL002268,2025-11-13,Arunachal Pradesh,Lower Subansiri,27.6641,93.7886,0.9,5.36,2.6,1545,0,NONE,0,0.0,0.273
FL002269,2025-11-14,Assam,Kamrup Metropolitan,26.1032,91.7314,7.8,3.54,0.82,24,0,NONE,0,0.0,0.105
FL002270,2025-11-14,Assam,Kamrup Rural,26.2058,91.66,6.4,6.48,0.51,20,0,NONE,0,0.0,0.204
FL002271,2025-11-14,Assam,Darrang,26.5748,92.0832,11.5,4.92,0.22,77,0,NONE,0,0.0,0.058
FL002272,2025-11-14,Assam,Sonitpur,26.5699,92.7368,10.5,3.08,0.58,28,0,NONE,0,0.0,0.158
FL002273,2025-11-14,Assam,Dibrugarh,27.3673,94.9103,2.1,2.56,0.73,160,0,NONE,0,0.0,0.196
FL002274,2025-11-14,Assam,Cachar,24.9462,92.6336,10.8,6.49,0.45,20,0,NONE,0,0.0,0.255
FL002275,2025-11-14,Assam,Nagaon,26.4086,92.675,9.3,4.56,0.47,20,0,NONE,0,0.0,0.362
FL002276,2025-11-14,Meghalaya,East Khasi Hills,25.5582,91.9503,8.2,5.14,2.51,1439,0,NONE,0,0.0,0.236
FL002277,2025-11-14,Meghalaya,West Khasi Hills,25.6356,91.3813,9.0,4.85,2.0,1265,0,NONE,0,0.0,0.288
FL002278,2025-11-14,Meghalaya,Ri-Bhoi,25.8224,91.818,3.9,3.07,1.83,533,0,NONE,0,0.0,0.202
FL002279,2025-11-15,Meghalaya,West Jaintia Hills,25.4774,92.235,9.3,5.59,1.33,1362,0,NONE,0,0.0,0.248
FL002280,2025-11-15,Sikkim,East Sikkim,27.2954,88.5912,2.6,5.65,0.33,1642,0,NONE,0,0.0,0.046
FL002281,2025-11-15,Sikkim,North Sikkim,27.4807,88.6273,11.3,5.81,0.17,2479,0,NONE,0,0.0,0.112
FL002282,2025-11-15,Sikkim,South Sikkim,27.2498,88.4749,4.1,3.8,0.25,1359,0,NONE,0,0.0,0.15
FL002283,2025-11-15,Nagaland,Kohima,25.5274,94.1365,0.8,4.56,1.8,1466,0,NONE,0,0.0,0.19
FL002284,2025-11-15,Nagaland,Dimapur,25.8884,93.7301,2.1,3.3,1.15,210,0,NONE,0,0.0,0.036
FL002285,2025-11-15,Nagaland,Mokokchung,26.2447,94.518,10.3,5.36,2.43,1266,0,NONE,0,0.0,0.07
FL002286,2025-11-15,Manipur,Imphal West,24.8409,94.04,10.7,6.34,0.5,779,0,NONE,0,0.0,0.12
FL002287,2025-11-15,Manipur,Bishnupur,24.7096,93.9006,2.9,2.68,0.53,715,0,NONE,0,0.0,0.37
FL002288,2025-11-15,Manipur,Senapati,25.4068,93.9232,2.4,4.41,1.72,1256,0,NONE,0,0.0,0.139
FL002289,2025-11-16,Mizoram,Aizawl,23.6714,92.6718,13.8,3.36,1.93,1091,0,NONE,0,0.0,0.194
FL002290,2025-11-16,Mizoram,Kolasib,24.2017,92.7956,4.7,4.39,1.12,586,0,NONE,0,0.0,0.091
FL002291,2025-11-16,Mizoram,Lunglei,22.9119,92.6218,0.6,5.51,2.34,989,0,NONE,0,0.0,0.24
FL002292,2025-11-16,Tripura,West Tripura,23.7436,91.3884,4.9,3.11,1.34,71,0,NONE,0,0.0,0.121
FL002293,2025-11-16,Tripura,Sipahijala,23.4969,91.4292,13.9,3.97,2.55,40,0,NONE,0,0.0,0.095
FL002294,2025-11-16,Tripura,Dhalai,23.9498,91.7077,6.0,4.71,1.97,106,0,NONE,0,0.0,0.206
FL002295,2025-11-16,Arunachal Pradesh,Tawang,27.5641,91.8428,2.5,4.72,5.14,2856,0,NONE,0,0.0,0.022
FL002296,2025-11-16,Arunachal Pradesh,West Kameng,27.1474,92.4778,4.7,4.77,4.83,2248,0,NONE,0,0.0,0.023
FL002297,2025-11-16,Arunachal Pradesh,Papum Pare,27.0984,93.4927,0.2,5.25,1.43,277,0,NONE,0,0.0,0.099
FL002298,2025-11-16,Arunachal Pradesh,East Siang,27.9509,95.2821,2.6,4.58,0.29,105,0,NONE,0,0.0,0.033
FL002299,2025-11-17,Arunachal Pradesh,Lower Subansiri,27.4223,93.727,5.4,3.32,2.96,1542,0,NONE,0,0.0,0.059
FL002300,2025-11-17,Assam,Kamrup Metropolitan,26.1484,91.8193,13.9,2.75,1.13,85,0,NONE,0,0.0,0.142
FL002301,2025-11-17,Assam,Kamrup Rural,26.0465,91.4421,5.2,3.51,0.56,88,0,NONE,0,0.0,0.309
FL002302,2025-11-17,Assam,Darrang,26.5544,92.0793,4.8,4.34,0.67,104,0,NONE,0,0.0,0.226
FL002303,2025-11-17,Assam,Sonitpur,26.672,92.7164,13.1,4.7,0.86,93,0,NONE,0,0.0,0.205
FL002304,2025-11-17,Assam,Dibrugarh,27.5248,94.8416,5.4,5.72,0.27,67,0,NONE,0,0.0,0.126
FL002305,2025-11-17,Assam,Cachar,24.8323,92.6684,12.2,3.53,0.57,46,0,NONE,0,0.0,0.355
FL002306,2025-11-17,Assam,Nagaon,26.4523,92.7588,8.2,2.59,0.77,20,0,NONE,0,0.0,0.163
FL002307,2025-11-17,Meghalaya,East Khasi Hills,25.6122,91.9563,11.3,4.87,2.12,1434,0,NONE,0,0.0,0.051
FL002308,2025-11-17,Meghalaya,West Khasi Hills,25.4741,91.2852,1.6,5.27,1.89,1301,0,NONE,0,0.0,0.242
FL002309,2025-11-18,Meghalaya,Ri-Bhoi,26.0363,91.9934,13.1,2.97,1.44,597,0,NONE,0,0.0,0.061
FL002310,2025-11-18,Meghalaya,West Jaintia Hills,25.4455,92.289,11.1,3.6,1.2,1320,0,NONE,0,0.0,0.144
FL002311,2025-11-18,Sikkim,East Sikkim,27.2775,88.5222,1.5,3.78,0.35,1702,0,NONE,0,0.0,0.203
FL002312,2025-11-18,Sikkim,North Sikkim,27.4759,88.5342,0.6,5.47,0.13,2421,0,NONE,0,0.0,0.335
FL002313,2025-11-18,Sikkim,South Sikkim,27.1594,88.2957,4.2,4.71,0.41,1254,0,NONE,0,0.0,0.198
FL002314,2025-11-18,Nagaland,Kohima,25.5635,94.2233,12.5,3.47,1.87,1487,0,NONE,0,0.0,0.273
FL002315,2025-11-18,Nagaland,Dimapur,25.8804,93.648,0.3,5.88,0.79,172,0,NONE,0,0.0,0.377
FL002316,2025-11-18,Nagaland,Mokokchung,26.4303,94.4927,7.1,4.05,2.02,1331,0,NONE,0,0.0,0.067
FL002317,2025-11-18,Manipur,Imphal West,24.7623,93.9042,0.5,4.48,0.42,781,0,NONE,0,0.0,0.119
FL002318,2025-11-18,Manipur,Bishnupur,24.4988,93.7602,3.1,2.63,0.58,738,0,NONE,0,0.0,0.162
FL002319,2025-11-19,Manipur,Senapati,25.2026,93.9829,8.9,2.65,1.5,1263,0,NONE,0,0.0,0.172
FL002320,2025-11-19,Mizoram,Aizawl,23.811,92.6007,5.9,3.6,1.83,1148,0,NONE,0,0.0,0.168
FL002321,2025-11-19,Mizoram,Kolasib,24.2319,92.8151,13.5,5.78,1.01,552,0,NONE,0,0.0,0.347
FL002322,2025-11-19,Mizoram,Lunglei,22.9414,92.8637,4.9,3.72,2.29,1058,0,NONE,0,0.0,0.277
FL002323,2025-11-19,Tripura,West Tripura,23.6963,91.1999,7.1,5.13,1.05,43,0,NONE,0,0.0,0.239
FL002324,2025-11-19,Tripura,Sipahijala,23.6457,91.4199,2.4,5.39,2.65,20,0,NONE,0,0.0,0.131
FL002325,2025-11-19,Tripura,Dhalai,23.8122,91.824,6.1,5.58,1.96,150,0,NONE,0,0.0,0.317
FL002326,2025-11-19,Arunachal Pradesh,Tawang,27.4469,91.7154,5.0,5.46,5.28,2960,0,NONE,0,0.0,0.364
FL002327,2025-11-19,Arunachal Pradesh,West Kameng,27.3519,92.2786,4.8,5.23,4.4,2176,0,NONE,0,0.0,0.316
FL002328,2025-11-19,Arunachal Pradesh,Papum Pare,27.1821,93.5408,5.6,5.16,1.48,294,0,NONE,0,0.0,0.021
FL002329,2025-11-20,Arunachal Pradesh,East Siang,28.0294,95.2962,2.7,4.53,0.33,199,0,NONE,0,0.0,0.249
FL002330,2025-11-20,Arunachal Pradesh,Lower Subansiri,27.4255,93.7022,12.5,2.91,3.03,1592,0,NONE,0,0.0,0.038
FL002331,2025-11-20,Assam,Kamrup Metropolitan,26.0005,91.809,12.5,6.0,0.65,64,0,NONE,0,0.0,0.113
FL002332,2025-11-20,Assam,Kamrup Rural,26.2558,91.6498,7.6,4.83,0.91,22,0,NONE,0,0.0,0.041
FL002333,2025-11-20,Assam,Darrang,26.5374,92.0085,12.4,5.21,0.23,87,0,NONE,0,0.0,0.237
FL002334,2025-11-20,Assam,Sonitpur,26.5446,92.7219,8.9,3.16,0.49,101,0,NONE,0,0.0,0.267
FL002335,2025-11-20,Assam,Dibrugarh,27.4517,94.8287,8.6,3.81,0.46,100,0,NONE,0,0.0,0.061
FL002336,2025-11-20,Assam,Cachar,24.9556,92.7889,13.3,3.5,0.6,20,0,NONE,0,0.0,0.158
FL002337,2025-11-20,Assam,Nagaon,26.4135,92.8194,4.8,4.79,0.52,101,0,NONE,0,0.0,0.184
FL002338,2025-11-20,Meghalaya,East Khasi Hills,25.496,92.0359,13.5,3.08,2.24,1480,0,NONE,0,0.0,0.153
FL002339,2025-11-21,Meghalaya,West Khasi Hills,25.503,91.1427,13.5,5.87,2.08,1259,0,NONE,0,0.0,0.064
FL002340,2025-11-21,Meghalaya,Ri-Bhoi,26.0427,91.7586,1.1,4.23,1.86,511,0,NONE,0,0.0,0.171
FL002341,2025-11-21,Meghalaya,West Jaintia Hills,25.478,92.0752,5.4,3.59,1.16,1321,0,NONE,0,0.0,0.29
FL002342,2025-11-21,Sikkim,East Sikkim,27.4058,88.6265,13.9,2.9,0.17,1619,0,NONE,0,0.0,0.046
FL002343,2025-11-21,Sikkim,North Sikkim,27.4736,88.6222,3.3,3.12,0.26,2496,0,NONE,0,0.0,0.049
FL002344,2025-11-21,Sikkim,South Sikkim,27.1896,88.322,8.0,6.34,0.29,1240,0,NONE,0,0.0,0.148
FL002345,2025-11-21,Nagaland,Kohima,25.6938,94.1052,8.9,5.55,1.97,1443,0,NONE,0,0.0,0.359
FL002346,2025-11-21,Nagaland,Dimapur,25.8534,93.7902,3.2,5.62,1.13,200,0,NONE,0,0.0,0.261
FL002347,2025-11-21,Nagaland,Mokokchung,26.3949,94.6464,7.6,6.41,2.09,1314,0,NONE,0,0.0,0.264
FL002348,2025-11-21,Manipur,Imphal West,24.8941,93.8354,10.5,4.67,0.38,820,0,NONE,0,0.0,0.15
FL002349,2025-11-22,Manipur,Bishnupur,24.7433,93.6486,1.8,2.74,0.16,823,0,NONE,0,0.0,0.234
FL002350,2025-11-22,Manipur,Senapati,25.3509,94.0062,9.4,6.15,1.42,1285,0,NONE,0,0.0,0.024
FL002351,2025-11-22,Mizoram,Aizawl,23.5799,92.6029,1.4,2.73,2.32,1107,0,NONE,0,0.0,0.249
FL002352,2025-11-22,Mizoram,Kolasib,24.1513,92.6267,3.2,3.26,1.37,663,0,NONE,0,0.0,0.349
FL002353,2025-11-22,Mizoram,Lunglei,22.7725,92.747,11.4,3.02,2.87,986,0,NONE,0,0.0,0.241
FL002354,2025-11-22,Tripura,West Tripura,23.7929,91.3182,12.4,3.83,1.56,35,0,NONE,0,0.0,0.335
FL002355,2025-11-22,Tripura,Sipahijala,23.7631,91.378,0.8,4.86,2.66,81,0,NONE,0,0.0,0.281
FL002356,2025-11-22,Tripura,Dhalai,23.9145,91.8422,3.4,2.93,1.45,120,0,NONE,0,0.0,0.063
FL002357,2025-11-22,Arunachal Pradesh,Tawang,27.4562,92.0025,5.9,5.73,5.08,2879,0,NONE,0,0.0,0.345
FL002358,2025-11-22,Arunachal Pradesh,West Kameng,27.1427,92.4035,6.3,2.94,4.55,2152,0,NONE,0,0.0,0.044
FL002359,2025-11-23,Arunachal Pradesh,Papum Pare,26.9973,93.5717,5.8,2.88,1.17,331,0,NONE,0,0.0,0.212
FL002360,2025-11-23,Arunachal Pradesh,East Siang,27.9202,95.2338,4.6,5.9,0.71,131,0,NONE,0,0.0,0.071
FL002361,2025-11-23,Arunachal Pradesh,Lower Subansiri,27.5753,93.7717,2.4,4.56,3.16,1579,0,NONE,0,0.0,0.024
FL002362,2025-11-23,Assam,Kamrup Metropolitan,26.1628,91.7787,6.8,3.44,0.65,20,0,NONE,0,0.0,0.172
FL002363,2025-11-23,Assam,Kamrup Rural,26.2542,91.496,4.9,3.5,0.43,31,0,NONE,0,0.0,0.126
FL002364,2025-11-23,Assam,Darrang,26.4587,92.0744,6.7,5.31,0.55,41,0,NONE,0,0.0,0.195
FL002365,2025-11-23,Assam,Sonitpur,26.6615,92.7258,1.7,4.9,0.65,121,0,NONE,0,0.0,0.228
FL002366,2025-11-23,Assam,Dibrugarh,27.5956,94.8248,0.8,5.5,0.79,48,0,NONE,0,0.0,0.036
FL002367,2025-11-23,Assam,Cachar,24.7107,92.8699,10.7,6.21,0.26,20,0,NONE,0,0.0,0.064
FL002368,2025-11-23,Assam,Nagaon,26.1953,92.5573,11.3,3.04,0.97,20,0,NONE,0,0.0,0.221
FL002369,2025-11-24,Meghalaya,East Khasi Hills,25.5564,91.8848,12.6,5.21,2.03,1468,0,NONE,0,0.0,0.144
FL002370,2025-11-24,Meghalaya,West Khasi Hills,25.528,91.2232,10.1,5.75,1.78,1269,0,NONE,0,0.0,0.283
FL002371,2025-11-24,Meghalaya,Ri-Bhoi,26.0016,91.8251,2.8,3.03,1.8,500,0,NONE,0,0.0,0.255
FL002372,2025-11-24,Meghalaya,West Jaintia Hills,25.5866,92.3336,0.9,4.05,0.94,1376,0,NONE,0,0.0,0.324
FL002373,2025-11-24,Sikkim,East Sikkim,27.3201,88.589,6.0,5.65,0.3,1678,0,NONE,0,0.0,0.269
FL002374,2025-11-24,Sikkim,North Sikkim,27.5174,88.5306,11.5,6.48,0.61,2434,0,NONE,0,0.0,0.175
FL002375,2025-11-24,Sikkim,South Sikkim,27.2766,88.4312,1.0,4.75,0.29,1284,0,NONE,0,0.0,0.262
FL002376,2025-11-24,Nagaland,Kohima,25.693,94.258,1.1,4.57,1.79,1500,0,NONE,0,0.0,0.119
FL002377,2025-11-24,Nagaland,Dimapur,26.0368,93.8761,9.2,6.17,0.99,160,0,NONE,0,0.0,0.13
FL002378,2025-11-24,Nagaland,Mokokchung,26.1767,94.4631,5.8,5.88,2.45,1272,0,NONE,0,0.0,0.304
FL002379,2025-11-25,Manipur,Imphal West,24.8178,93.7907,1.3,2.74,0.43,759,0,NONE,0,0.0,0.181
FL002380,2025-11-25,Manipur,Bishnupur,24.626,93.6277,11.3,2.81,0.23,799,0,NONE,0,0.0,0.307
FL002381,2025-11-25,Manipur,Senapati,25.1272,94.0317,11.9,3.16,1.75,1193,0,NONE,0,0.0,0.316
FL002382,2025-11-25,Mizoram,Aizawl,23.8763,92.7573,5.3,3.33,2.24,1132,0,NONE,0,0.0,0.329
FL002383,2025-11-25,Mizoram,Kolasib,24.2643,92.6937,7.0,6.41,0.97,563,0,NONE,0,0.0,0.35
FL002384,2025-11-25,Mizoram,Lunglei,22.9983,92.636,10.2,2.59,2.8,1054,0,NONE,0,0.0,0.175
FL002385,2025-11-25,Tripura,West Tripura,23.7063,91.387,8.9,4.18,1.36,20,0,NONE,0,0.0,0.135
FL002386,2025-11-25,Tripura,Sipahijala,23.5037,91.1912,12.0,4.82,3.1,41,0,NONE,0,0.0,0.23
FL002387,2025-11-25,Tripura,Dhalai,23.8965,91.9212,8.2,4.03,1.9,122,0,NONE,0,0.0,0.154
FL002388,2025-11-25,Arunachal Pradesh,Tawang,27.531,91.9222,0.9,6.43,5.42,2955,0,NONE,0,0.0,0.236
FL002389,2025-11-26,Arunachal Pradesh,West Kameng,27.2244,92.2702,1.1,5.0,4.79,2225,0,NONE,0,0.0,0.274
FL002390,2025-11-26,Arunachal Pradesh,Papum Pare,27.1513,93.4861,9.1,4.06,1.05,365,0,NONE,0,0.0,0.268
FL002391,2025-11-26,Arunachal Pradesh,East Siang,27.996,95.2278,12.1,4.36,0.28,100,0,NONE,0,0.0,0.155
FL002392,2025-11-26,Arunachal Pradesh,Lower Subansiri,27.5516,93.7319,3.4,3.48,3.16,1595,0,NONE,0,0.0,0.08
FL002393,2025-11-26,Assam,Kamrup Metropolitan,26.0878,91.7544,4.4,3.39,0.92,20,0,NONE,0,0.0,0.175
FL002394,2025-11-26,Assam,Kamrup Rural,26.2439,91.5819,8.3,5.41,0.95,57,0,NONE,0,0.0,0.071
FL002395,2025-11-26,Assam,Darrang,26.3568,91.9069,8.5,5.7,0.68,32,0,NONE,0,0.0,0.34
FL002396,2025-11-26,Assam,Sonitpur,26.7138,92.8792,0.1,6.44,0.55,45,0,NONE,0,0.0,0.145
FL002397,2025-11-26,Assam,Dibrugarh,27.586,95.045,5.5,4.05,0.57,87,0,NONE,0,0.0,0.076
FL002398,2025-11-26,Assam,Cachar,24.9537,92.6862,7.6,3.73,0.15,61,0,NONE,0,0.0,0.029
FL002399,2025-11-27,Assam,Nagaon,26.309,92.6201,0.9,3.67,0.66,39,0,NONE,0,0.0,0.252
FL002400,2025-11-27,Meghalaya,East Khasi Hills,25.4966,91.7998,10.5,3.73,2.59,1543,0,NONE,0,0.0,0.249
FL002401,2025-11-27,Meghalaya,West Khasi Hills,25.4378,91.2419,9.7,4.07,1.93,1231,0,NONE,0,0.0,0.143
FL002402,2025-11-27,Meghalaya,Ri-Bhoi,25.8547,91.9225,12.6,3.18,1.7,547,0,NONE,0,0.0,0.046
FL002403,2025-11-27,Meghalaya,West Jaintia Hills,25.3511,92.3349,8.5,5.71,1.2,1344,0,NONE,0,0.0,0.167
FL002404,2025-11-27,Sikkim,East Sikkim,27.2521,88.6672,1.5,2.59,0.29,1634,0,NONE,0,0.0,0.132
FL002405,2025-11-27,Sikkim,North Sikkim,27.4366,88.5027,2.2,4.45,0.53,2454,0,NONE,0,0.0,0.264
FL002406,2025-11-27,Sikkim,South Sikkim,27.1007,88.354,0.5,5.15,0.45,1266,0,NONE,0,0.0,0.238
FL002407,2025-11-27,Nagaland,Kohima,25.5345,93.9932,7.7,5.07,1.86,1464,0,NONE,0,0.0,0.151
FL002408,2025-11-27,Nagaland,Dimapur,25.897,93.6744,10.4,3.76,1.03,207,0,NONE,0,0.0,0.098
FL002409,2025-11-28,Nagaland,Mokokchung,26.1852,94.5804,0.2,3.3,2.44,1340,0,NONE,0,0.0,0.376
FL002410,2025-11-28,Manipur,Imphal West,24.7146,93.9294,6.8,5.2,0.32,768,0,NONE,0,0.0,0.183
FL002411,2025-11-28,Manipur,Bishnupur,24.7563,93.7064,11.4,5.94,0.54,769,0,NONE,0,0.0,0.268
FL002412,2025-11-28,Manipur,Senapati,25.2417,94.045,10.7,4.79,1.43,1265,0,NONE,0,0.0,0.071
FL002413,2025-11-28,Mizoram,Aizawl,23.6969,92.8178,13.6,5.06,2.14,1102,0,NONE,0,0.0,0.195
FL002414,2025-11-28,Mizoram,Kolasib,24.2148,92.6503,6.0,3.87,1.52,555,0,NONE,0,0.0,0.03
FL002415,2025-11-28,Mizoram,Lunglei,22.959,92.8603,4.1,4.95,2.53,1024,0,NONE,0,0.0,0.202
FL002416,2025-11-28,Tripura,West Tripura,23.7623,91.31,1.6,2.53,1.28,50,0,NONE,0,0.0,0.367
FL002417,2025-11-28,Tripura,Sipahijala,23.7617,91.428,8.7,5.55,2.68,61,0,NONE,0,0.0,0.158
FL002418,2025-11-28,Tripura,Dhalai,23.9917,91.9256,6.8,6.18,1.86,96,0,NONE,0,0.0,0.034
FL002419,2025-11-29,Arunachal Pradesh,Tawang,27.4522,91.7365,8.1,6.38,5.47,2941,0,NONE,0,0.0,0.031
FL002420,2025-11-29,Arunachal Pradesh,West Kameng,27.2521,92.3155,5.1,3.15,4.38,2140,0,NONE,0,0.0,0.16
FL002421,2025-11-29,Arunachal Pradesh,Papum Pare,27.002,93.5589,8.3,5.06,1.08,283,0,NONE,0,0.0,0.078
FL002422,2025-11-29,Arunachal Pradesh,East Siang,27.9431,95.2494,8.6,4.24,0.65,182,0,NONE,0,0.0,0.028
FL002423,2025-11-29,Arunachal Pradesh,Lower Subansiri,27.4015,93.7278,6.1,3.43,3.0,1512,0,NONE,0,0.0,0.292
FL002424,2025-11-29,Assam,Kamrup Metropolitan,26.2041,91.86,6.1,3.11,0.85,80,0,NONE,0,0.0,0.185
FL002425,2025-11-29,Assam,Kamrup Rural,26.1078,91.6871,11.4,6.31,0.85,47,0,NONE,0,0.0,0.124
FL002426,2025-11-29,Assam,Darrang,26.3421,92.113,4.6,4.47,0.49,106,0,NONE,0,0.0,0.344
FL002427,2025-11-29,Assam,Sonitpur,26.7456,92.8217,8.3,2.84,0.57,86,0,NONE,0,0.0,0.062
FL002428,2025-11-29,Assam,Dibrugarh,27.5449,94.9379,1.6,5.3,0.27,76,0,NONE,0,0.0,0.364
FL002429,2025-11-30,Assam,Cachar,24.7538,92.7376,3.1,4.46,0.35,29,0,NONE,0,0.0,0.133
FL002430,2025-11-30,Assam,Nagaon,26.4207,92.8084,13.7,4.37,0.77,86,0,NONE,0,0.0,0.34
FL002431,2025-11-30,Meghalaya,East Khasi Hills,25.4421,91.8339,4.7,6.31,2.38,1441,0,NONE,0,0.0,0.237
FL002432,2025-11-30,Meghalaya,West Khasi Hills,25.4877,91.1955,13.1,2.99,1.86,1269,0,NONE,0,0.0,0.318
FL002433,2025-11-30,Meghalaya,Ri-Bhoi,25.8283,92.0165,10.2,2.7,1.69,512,0,NONE,0,0.0,0.374
FL002434,2025-11-30,Meghalaya,West Jaintia Hills,25.5503,92.1895,8.9,6.25,1.33,1280,0,NONE,0,0.0,0.124
FL002435,2025-11-30,Sikkim,East Sikkim,27.3857,88.5778,11.9,4.83,0.06,1693,0,NONE,0,0.0,0.366
FL002436,2025-11-30,Sikkim,North Sikkim,27.5224,88.5152,10.1,6.17,0.47,2448,0,NONE,0,0.0,0.16
FL002437,2025-11-30,Sikkim,South Sikkim,27.2211,88.3267,7.0,6.15,0.32,1246,0,NONE,0,0.0,0.159
FL002438,2025-11-30,Nagaland,Kohima,25.7153,94.1397,3.9,5.46,1.88,1482,0,NONE,0,0.0,0.143
FL002439,2025-12-01,Nagaland,Dimapur,25.9911,93.7911,13.6,6.12,0.89,243,0,NONE,0,0.0,0.215
FL002440,2025-12-01,Nagaland,Mokokchung,26.4106,94.6642,9.9,4.79,2.42,1328,0,NONE,0,0.0,0.075
FL002441,2025-12-01,Manipur,Imphal West,24.691,93.7889,3.3,5.49,0.42,844,0,NONE,0,0.0,0.219
FL002442,2025-12-01,Manipur,Bishnupur,24.6369,93.7989,6.2,5.5,0.08,821,0,NONE,0,0.0,0.215
FL002443,2025-12-01,Manipur,Senapati,25.1945,93.8965,11.2,2.84,1.18,1252,0,NONE,0,0.0,0.294
FL002444,2025-12-01,Mizoram,Aizawl,23.7569,92.6784,0.5,3.86,1.94,1124,0,NONE,0,0.0,0.32
FL002445,2025-12-01,Mizoram,Kolasib,24.3158,92.6928,7.7,2.86,1.22,572,0,NONE,0,0.0,0.179
FL002446,2025-12-01,Mizoram,Lunglei,22.864,92.6793,3.0,3.75,2.48,964,0,NONE,0,0.0,0.129
FL002447,2025-12-01,Tripura,West Tripura,23.6925,91.3584,11.2,3.93,1.3,20,0,NONE,0,0.0,0.113
FL002448,2025-12-01,Tripura,Sipahijala,23.5228,91.2054,4.4,6.4,2.73,35,0,NONE,0,0.0,0.09
FL002449,2025-12-02,Tripura,Dhalai,23.9916,91.9067,7.3,3.97,1.94,111,0,NONE,0,0.0,0.041
FL002450,2025-12-02,Arunachal Pradesh,Tawang,27.7158,91.9555,13.4,4.99,5.0,2912,0,NONE,0,0.0,0.143
FL002451,2025-12-02,Arunachal Pradesh,West Kameng,27.2263,92.3099,6.0,3.52,4.82,2232,0,NONE,0,0.0,0.117
FL002452,2025-12-02,Arunachal Pradesh,Papum Pare,27.065,93.7607,3.7,5.01,1.36,270,0,NONE,0,0.0,0.368
FL002453,2025-12-02,Arunachal Pradesh,East Siang,28.0066,95.2962,5.9,3.06,0.32,118,0,NONE,0,0.0,0.221
FL002454,2025-12-02,Arunachal Pradesh,Lower Subansiri,27.5959,93.9449,6.7,2.88,3.18,1607,0,NONE,0,0.0,0.145
FL002455,2025-12-02,Assam,Kamrup Metropolitan,26.2326,91.7575,4.6,3.29,0.9,33,0,NONE,0,0.0,0.229
FL002456,2025-12-02,Assam,Kamrup Rural,26.2731,91.6203,12.6,4.71,0.66,20,0,NONE,0,0.0,0.07
FL002457,2025-12-02,Assam,Darrang,26.5302,92.0121,7.5,3.07,0.17,87,0,NONE,0,0.0,0.18
FL002458,2025-12-02,Assam,Sonitpur,26.6343,92.6563,7.4,5.61,0.69,69,0,NONE,0,0.0,0.245
FL002459,2025-12-03,Assam,Dibrugarh,27.4046,94.8842,0.7,4.42,0.58,50,0,NONE,0,0.0,0.196
FL002460,2025-12-03,Assam,Cachar,24.7657,92.7676,6.5,5.07,0.16,66,0,NONE,0,0.0,0.165
FL002461,2025-12-03,Assam,Nagaon,26.2616,92.5394,1.7,3.19,0.85,45,0,NONE,0,0.0,0.378
FL002462,2025-12-03,Meghalaya,East Khasi Hills,25.6472,91.9261,1.3,4.64,2.36,1488,0,NONE,0,0.0,0.337
FL002463,2025-12-03,Meghalaya,West Khasi Hills,25.4586,91.2267,12.2,5.15,1.77,1339,0,NONE,0,0.0,0.244
FL002464,2025-12-03,Meghalaya,Ri-Bhoi,25.8459,91.9768,6.7,2.59,1.73,509,0,NONE,0,0.0,0.225
FL002465,2025-12-03,Meghalaya,West Jaintia Hills,25.3632,92.2593,11.1,3.12,1.11,1356,0,NONE,0,0.0,0.243
FL002466,2025-12-03,Sikkim,East Sikkim,27.3871,88.6279,7.1,2.8,0.21,1600,0,NONE,0,0.0,0.092
FL002467,2025-12-03,Sikkim,North Sikkim,27.4536,88.4623,6.8,6.22,0.24,2457,0,NONE,0,0.0,0.162
FL002468,2025-12-03,Sikkim,South Sikkim,27.1146,88.4024,7.3,6.46,0.53,1243,0,NONE,0,0.0,0.034
FL002469,2025-12-04,Nagaland,Kohima,25.7124,94.1281,3.6,4.04,1.57,1433,0,NONE,0,0.0,0.191
FL002470,2025-12-04,Nagaland,Dimapur,26.0488,93.7444,9.4,5.6,0.89,197,0,NONE,0,0.0,0.215
FL002471,2025-12-04,Nagaland,Mokokchung,26.3363,94.4835,7.7,5.12,2.11,1368,0,NONE,0,0.0,0.102
FL002472,2025-12-04,Manipur,Imphal West,24.7304,93.82,5.8,3.48,0.35,762,0,NONE,0,0.0,0.367
FL002473,2025-12-04,Manipur,Bishnupur,24.7157,93.8348,6.1,3.55,0.28,761,0,NONE,0,0.0,0.347
FL002474,2025-12-04,Manipur,Senapati,25.1753,94.1301,7.0,2.63,1.39,1225,0,NONE,0,0.0,0.28
FL002475,2025-12-04,Mizoram,Aizawl,23.6088,92.833,0.2,5.0,1.96,1151,0,NONE,0,0.0,0.212
FL002476,2025-12-04,Mizoram,Kolasib,24.2307,92.6477,0.8,5.86,1.44,659,0,NONE,0,0.0,0.333
FL002477,2025-12-04,Mizoram,Lunglei,22.8159,92.8674,1.6,4.56,2.37,980,0,NONE,0,0.0,0.067
FL002478,2025-12-04,Tripura,West Tripura,23.768,91.2966,2.4,2.94,1.38,20,0,NONE,0,0.0,0.305
FL002479,2025-12-05,Tripura,Sipahijala,23.69,91.1915,8.9,6.45,3.18,46,0,NONE,0,0.0,0.065
FL002480,2025-12-05,Tripura,Dhalai,23.8231,91.8909,8.6,2.93,1.75,159,0,NONE,0,0.0,0.306
FL002481,2025-12-05,Arunachal Pradesh,Tawang,27.5871,91.7336,1.3,3.95,5.56,2913,0,NONE,0,0.0,0.119
FL002482,2025-12-05,Arunachal Pradesh,West Kameng,27.212,92.3409,12.7,5.55,4.69,2212,0,NONE,0,0.0,0.336
FL002483,2025-12-05,Arunachal Pradesh,Papum Pare,27.236,93.4734,5.2,4.02,1.38,336,0,NONE,0,0.0,0.36
FL002484,2025-12-05,Arunachal Pradesh,East Siang,28.0816,95.435,12.6,5.39,0.45,203,0,NONE,0,0.0,0.074
FL002485,2025-12-05,Arunachal Pradesh,Lower Subansiri,27.6169,93.7518,8.0,3.41,3.15,1560,0,NONE,0,0.0,0.187
FL002486,2025-12-05,Assam,Kamrup Metropolitan,26.0913,91.6741,7.1,3.37,0.93,109,0,NONE,0,0.0,0.373
FL002487,2025-12-05,Assam,Kamrup Rural,26.1728,91.6171,8.3,6.03,0.87,54,0,NONE,0,0.0,0.194
FL002488,2025-12-05,Assam,Darrang,26.5938,92.0311,9.9,3.62,0.59,20,0,NONE,0,0.0,0.331
FL002489,2025-12-06,Assam,Sonitpur,26.7454,92.9153,0.0,2.76,0.88,49,0,NONE,0,0.0,0.232
FL002490,2025-12-06,Assam,Dibrugarh,27.3249,94.7717,5.4,2.56,0.49,134,0,NONE,0,0.0,0.155
FL002491,2025-12-06,Assam,Cachar,24.8244,92.7445,3.6,2.96,0.12,65,0,NONE,0,0.0,0.123
FL002492,2025-12-06,Assam,Nagaon,26.41,92.5703,13.0,3.34,1.09,103,0,NONE,0,0.0,0.093
FL002493,2025-12-06,Meghalaya,East Khasi Hills,25.6432,91.8749,12.6,3.63,2.14,1535,0,NONE,0,0.0,0.294
FL002494,2025-12-06,Meghalaya,West Khasi Hills,25.4795,91.3567,0.2,3.71,1.81,1318,0,NONE,0,0.0,0.159
FL002495,2025-12-06,Meghalaya,Ri-Bhoi,26.0282,91.9188,9.2,3.73,1.33,546,0,NONE,0,0.0,0.204
FL002496,2025-12-06,Meghalaya,West Jaintia Hills,25.3438,92.1287,6.3,2.83,1.36,1375,0,NONE,0,0.0,0.197
FL002497,2025-12-06,Sikkim,East Sikkim,27.4055,88.5664,6.1,3.49,0.44,1674,0,NONE,0,0.0,0.228
FL002498,2025-12-06,Sikkim,North Sikkim,27.5887,88.463,10.7,5.07,0.5,2402,0,NONE,0,0.0,0.332
FL002499,2025-12-07,Sikkim,South Sikkim,27.1575,88.4127,8.1,4.51,0.32,1336,0,NONE,0,0.0,0.373
FL002500,2025-12-07,Nagaland,Kohima,25.6137,94.092,6.9,6.0,1.72,1480,0,NONE,0,0.0,0.167
FL002501,2025-12-07,Arunachal Pradesh,Tawang,27.6279,91.7169,8.4,2.61,5.04,2875,0,NONE,0,0.0,0.318
FL002502,2025-12-07,Arunachal Pradesh,West Kameng,27.1452,92.4881,7.0,5.89,4.52,2209,0,NONE,0,0.0,0.295
FL002503,2025-12-07,Arunachal Pradesh,Papum Pare,26.9593,93.5322,12.2,3.84,1.31,324,0,NONE,0,0.0,0.226
FL002504,2025-12-07,Arunachal Pradesh,East Siang,28.1308,95.3864,7.5,6.13,0.53,148,0,NONE,0,0.0,0.364
FL002505,2025-12-07,Arunachal Pradesh,Lower Subansiri,27.6428,93.6819,7.2,3.05,2.82,1603,0,NONE,0,0.0,0.092
FL002506,2025-12-07,Assam,Kamrup Metropolitan,26.0779,91.6508,0.8,3.03,0.61,92,0,NONE,0,0.0,0.059
FL002507,2025-12-07,Assam,Kamrup Rural,26.064,91.6662,12.2,4.41,0.38,75,0,NONE,0,0.0,0.327
FL002508,2025-12-07,Assam,Darrang,26.4398,91.9184,6.8,4.4,0.41,110,0,NONE,0,0.0,0.178
FL002509,2025-12-08,Assam,Sonitpur,26.7326,92.8282,1.2,6.27,0.37,128,0,NONE,0,0.0,0.325
FL002510,2025-12-08,Assam,Dibrugarh,27.3437,94.9604,4.9,3.01,0.2,146,0,NONE,0,0.0,0.342
FL002511,2025-12-08,Assam,Cachar,24.7531,92.6592,4.4,2.71,0.49,20,0,NONE,0,0.0,0.042
FL002512,2025-12-08,Assam,Nagaon,26.244,92.6406,8.9,3.72,1.06,89,0,NONE,0,0.0,0.338
FL002513,2025-12-08,Meghalaya,East Khasi Hills,25.6232,91.926,11.1,4.37,2.11,1451,0,NONE,0,0.0,0.181
FL002514,2025-12-08,Meghalaya,West Khasi Hills,25.4987,91.191,4.5,4.99,1.91,1338,0,NONE,0,0.0,0.204
FL002515,2025-12-08,Meghalaya,Ri-Bhoi,25.9554,91.9829,8.6,5.1,1.78,589,0,NONE,0,0.0,0.246
FL002516,2025-12-08,Meghalaya,West Jaintia Hills,25.5415,92.1703,5.9,4.95,1.46,1278,0,NONE,0,0.0,0.353
FL002517,2025-12-08,Sikkim,East Sikkim,27.4518,88.5509,5.5,5.44,0.43,1673,0,NONE,0,0.0,0.027
FL002518,2025-12-08,Sikkim,North Sikkim,27.5429,88.4429,13.8,4.57,0.41,2407,0,NONE,0,0.0,0.192
FL002519,2025-12-09,Sikkim,South Sikkim,27.0988,88.3754,2.7,4.3,0.39,1354,0,NONE,0,0.0,0.268
FL002520,2025-12-09,Nagaland,Kohima,25.8243,94.0001,9.3,3.24,1.58,1443,0,NONE,0,0.0,0.28
FL002521,2025-12-09,Nagaland,Dimapur,25.7897,93.7657,6.9,4.11,1.04,236,0,NONE,0,0.0,0.269
FL002522,2025-12-09,Nagaland,Mokokchung,26.2904,94.5488,8.6,4.87,2.48,1319,0,NONE,0,0.0,0.068
FL002523,2025-12-09,Manipur,Imphal West,24.9252,93.7902,8.3,5.09,0.83,817,0,NONE,0,0.0,0.128
FL002524,2025-12-09,Manipur,Bishnupur,24.7077,93.8451,3.6,3.72,0.33,753,0,NONE,0,0.0,0.149
FL002525,2025-12-09,Manipur,Senapati,25.2461,94.1461,4.1,2.75,1.78,1302,0,NONE,0,0.0,0.31
FL002526,2025-12-09,Mizoram,Aizawl,23.8057,92.7199,5.1,3.89,1.94,1083,0,NONE,0,0.0,0.12
FL002527,2025-12-09,Mizoram,Kolasib,24.2617,92.7127,10.3,5.92,1.06,569,0,NONE,0,0.0,0.096
FL002528,2025-12-09,Mizoram,Lunglei,23.016,92.8667,11.8,5.26,2.46,1077,0,NONE,0,0.0,0.365
FL002529,2025-12-10,Tripura,West Tripura,23.6873,91.4155,3.4,5.65,1.47,87,0,NONE,0,0.0,0.023
FL002530,2025-12-10,Tripura,Sipahijala,23.5568,91.2343,8.1,4.97,2.61,44,0,NONE,0,0.0,0.379
FL002531,2025-12-10,Tripura,Dhalai,23.8458,91.7208,10.7,4.02,1.43,177,0,NONE,0,0.0,0.264
FL002532,2025-12-10,Arunachal Pradesh,Tawang,27.634,91.9935,5.2,3.17,5.52,2861,0,NONE,0,0.0,0.318
FL002533,2025-12-10,Arunachal Pradesh,West Kameng,27.2414,92.3294,12.4,4.29,4.7,2209,0,NONE,0,0.0,0.126
FL002534,2025-12-10,Arunachal Pradesh,Papum Pare,27.1643,93.5863,2.3,4.11,1.23,345,0,NONE,0,0.0,0.025
FL002535,2025-12-10,Arunachal Pradesh,East Siang,28.0713,95.2123,3.9,3.37,0.16,123,0,NONE,0,0.0,0.286
FL002536,2025-12-10,Arunachal Pradesh,Lower Subansiri,27.5662,93.8565,12.7,4.14,2.96,1500,0,NONE,0,0.0,0.32
FL002537,2025-12-10,Assam,Kamrup Metropolitan,26.0632,91.8578,11.1,2.61,0.88,105,0,NONE,0,0.0,0.287
FL002538,2025-12-10,Assam,Kamrup Rural,26.1185,91.5576,8.9,2.66,0.96,67,0,NONE,0,0.0,0.071
FL002539,2025-12-11,Assam,Darrang,26.4733,92.0228,11.4,2.95,0.31,92,0,NONE,0,0.0,0.291
FL002540,2025-12-11,Assam,Sonitpur,26.5121,92.8403,3.2,2.92,0.55,63,0,NONE,0,0.0,0.297
FL002541,2025-12-11,Assam,Dibrugarh,27.5415,94.964,9.1,5.95,0.41,130,0,NONE,0,0.0,0.257
FL002542,2025-12-11,Assam,Cachar,24.7851,92.8874,13.9,4.5,0.3,20,0,NONE,0,0.0,0.296
FL002543,2025-12-11,Assam,Nagaon,26.2373,92.589,2.7,2.69,1.05,63,0,NONE,0,0.0,0.325
FL002544,2025-12-11,Meghalaya,East Khasi Hills,25.5617,92.0017,1.2,6.3,2.37,1500,0,NONE,0,0.0,0.241
FL002545,2025-12-11,Meghalaya,West Khasi Hills,25.5222,91.1144,11.7,3.92,2.1,1231,0,NONE,0,0.0,0.052
FL002546,2025-12-11,Meghalaya,Ri-Bhoi,25.7999,91.8757,13.2,3.24,1.84,517,0,NONE,0,0.0,0.196
FL002547,2025-12-11,Meghalaya,West Jaintia Hills,25.3494,92.0506,11.4,2.68,1.36,1319,0,NONE,0,0.0,0.048
FL002548,2025-12-11,Sikkim,East Sikkim,27.3254,88.5834,0.9,2.76,0.21,1683,0,NONE,0,0.0,0.167
FL002549,2025-12-12,Sikkim,North Sikkim,27.5655,88.4464,12.4,6.04,0.09,2427,0,NONE,0,0.0,0.167
FL002550,2025-12-12,Sikkim,South Sikkim,27.2407,88.2183,10.4,5.65,0.53,1280,0,NONE,0,0.0,0.044
FL002551,2025-12-12,Nagaland,Kohima,25.676,94.2144,5.6,4.43,1.88,1400,0,NONE,0,0.0,0.146
FL002552,2025-12-12,Nagaland,Dimapur,26.0122,93.5981,0.1,5.74,0.8,143,0,NONE,0,0.0,0.06
FL002553,2025-12-12,Nagaland,Mokokchung,26.211,94.6371,12.7,2.53,1.88,1291,0,NONE,0,0.0,0.311
FL002554,2025-12-12,Manipur,Imphal West,24.6916,93.984,6.3,3.63,0.86,797,0,NONE,0,0.0,0.361
FL002555,2025-12-12,Manipur,Bishnupur,24.5437,93.8294,2.3,3.01,0.14,740,0,NONE,0,0.0,0.046
FL002556,2025-12-12,Manipur,Senapati,25.3037,93.9972,0.2,5.3,1.2,1308,0,NONE,0,0.0,0.364
FL002557,2025-12-12,Mizoram,Aizawl,23.7146,92.8671,12.0,6.23,1.89,1082,0,NONE,0,0.0,0.208
FL002558,2025-12-12,Mizoram,Kolasib,24.1496,92.81,11.9,5.4,1.11,662,0,NONE,0,0.0,0.128
FL002559,2025-12-13,Mizoram,Lunglei,22.8155,92.7215,9.3,3.44,2.65,1029,0,NONE,0,0.0,0.048
FL002560,2025-12-13,Tripura,West Tripura,23.9777,91.333,9.2,5.37,1.31,20,0,NONE,0,0.0,0.2
FL002561,2025-12-13,Tripura,Sipahijala,23.7645,91.1931,0.9,3.05,2.63,84,0,NONE,0,0.0,0.306
FL002562,2025-12-13,Tripura,Dhalai,23.7321,91.866,7.2,5.56,1.49,114,0,NONE,0,0.0,0.275
FL002563,2025-12-13,Arunachal Pradesh,Tawang,27.539,91.9156,9.8,2.84,5.27,2949,0,NONE,0,0.0,0.038
FL002564,2025-12-13,Arunachal Pradesh,West Kameng,27.3861,92.5197,10.5,3.72,4.79,2151,0,NONE,0,0.0,0.046
FL002565,2025-12-13,Arunachal Pradesh,Papum Pare,26.9636,93.5667,12.1,3.35,1.12,276,0,NONE,0,0.0,0.165
FL002566,2025-12-13,Arunachal Pradesh,East Siang,28.1384,95.3415,1.3,4.13,0.22,149,0,NONE,0,0.0,0.126
FL002567,2025-12-13,Arunachal Pradesh,Lower Subansiri,27.6835,93.8873,4.1,6.41,3.09,1519,0,NONE,0,0.0,0.104
FL002568,2025-12-13,Assam,Kamrup Metropolitan,26.1693,91.6306,7.6,2.8,0.79,20,0,NONE,0,0.0,0.121
FL002569,2025-12-14,Assam,Kamrup Rural,26.3149,91.7037,6.3,6.44,0.49,20,0,NONE,0,0.0,0.309
FL002570,2025-12-14,Assam,Darrang,26.3769,91.9118,9.7,5.45,0.62,91,0,NONE,0,0.0,0.355
FL002571,2025-12-14,Assam,Sonitpur,26.776,92.8674,3.3,4.99,0.81,136,0,NONE,0,0.0,0.166
FL002572,2025-12-14,Assam,Dibrugarh,27.6157,95.0052,10.6,5.16,0.27,160,0,NONE,0,0.0,0.346
FL002573,2025-12-14,Assam,Cachar,24.9606,92.8636,11.7,3.73,0.51,20,0,NONE,0,0.0,0.136
FL002574,2025-12-14,Assam,Nagaon,26.4384,92.614,0.1,3.73,0.7,104,0,NONE,0,0.0,0.192
FL002575,2025-12-14,Meghalaya,East Khasi Hills,25.4404,91.8845,7.8,6.01,2.25,1455,0,NONE,0,0.0,0.101
FL002576,2025-12-14,Meghalaya,West Khasi Hills,25.4516,91.3486,10.1,4.83,1.98,1249,0,NONE,0,0.0,0.251
FL002577,2025-12-14,Meghalaya,Ri-Bhoi,25.8695,91.8136,7.4,2.66,1.43,498,0,NONE,0,0.0,0.372
FL002578,2025-12-14,Meghalaya,West Jaintia Hills,25.4924,92.1699,8.5,2.96,1.46,1377,0,NONE,0,0.0,0.237
FL002579,2025-12-15,Sikkim,East Sikkim,27.2235,88.7476,12.1,4.91,0.49,1612,0,NONE,0,0.0,0.149
FL002580,2025-12-15,Sikkim,North Sikkim,27.3615,88.579,2.5,4.61,0.25,2434,0,NONE,0,0.0,0.253
FL002581,2025-12-15,Sikkim,South Sikkim,27.2019,88.3534,10.4,5.37,0.27,1289,0,NONE,0,0.0,0.064
FL002582,2025-12-15,Nagaland,Kohima,25.5384,94.0894,1.6,3.82,1.9,1446,0,NONE,0,0.0,0.34
FL002583,2025-12-15,Nagaland,Dimapur,25.9726,93.8001,2.9,2.77,0.93,220,0,NONE,0,0.0,0.201
FL002584,2025-12-15,Nagaland,Mokokchung,26.4597,94.6462,9.9,2.94,2.4,1339,0,NONE,0,0.0,0.182
FL002585,2025-12-15,Manipur,Imphal West,24.8829,93.8769,6.4,3.98,0.46,764,0,NONE,0,0.0,0.231
FL002586,2025-12-15,Manipur,Bishnupur,24.6916,93.7808,6.9,4.68,0.66,734,0,NONE,0,0.0,0.245
FL002587,2025-12-15,Manipur,Senapati,25.3132,94.1308,11.0,4.31,1.41,1268,0,NONE,0,0.0,0.046
FL002588,2025-12-15,Mizoram,Aizawl,23.8272,92.6588,3.3,3.46,2.13,1096,0,NONE,0,0.0,0.266
FL002589,2025-12-16,Mizoram,Kolasib,24.2664,92.6695,2.0,2.74,1.28,606,0,NONE,0,0.0,0.107
FL002590,2025-12-16,Mizoram,Lunglei,22.9681,92.8779,4.6,3.29,2.31,1054,0,NONE,0,0.0,0.277
FL002591,2025-12-16,Tripura,West Tripura,23.8361,91.3267,9.6,2.97,1.57,20,0,NONE,0,0.0,0.316
FL002592,2025-12-16,Tripura,Sipahijala,23.5555,91.2551,4.1,5.09,2.57,75,0,NONE,0,0.0,0.309
FL002593,2025-12-16,Tripura,Dhalai,23.7735,91.8425,8.8,6.24,1.65,188,0,NONE,0,0.0,0.219
FL002594,2025-12-16,Arunachal Pradesh,Tawang,27.7019,91.8821,1.5,4.56,5.27,2931,0,NONE,0,0.0,0.207
FL002595,2025-12-16,Arunachal Pradesh,West Kameng,27.1877,92.4627,2.6,2.54,4.81,2140,0,NONE,0,0.0,0.071
FL002596,2025-12-16,Arunachal Pradesh,Papum Pare,27.216,93.7001,7.4,4.11,1.57,288,0,NONE,0,0.0,0.299
FL002597,2025-12-16,Arunachal Pradesh,East Siang,28.0714,95.1911,1.8,3.02,0.23,126,0,NONE,0,0.0,0.118
FL002598,2025-12-16,Arunachal Pradesh,Lower Subansiri,27.44,93.8194,12.4,4.11,2.94,1567,0,NONE,0,0.0,0.199
FL002599,2025-12-17,Assam,Kamrup Metropolitan,26.2795,91.8536,8.2,3.21,1.13,73,0,NONE,0,0.0,0.122
FL002600,2025-12-17,Assam,Kamrup Rural,26.163,91.6841,13.4,5.86,0.83,55,0,NONE,0,0.0,0.068
