road_id,road_name,state,district,start_lat,start_lon,end_lat,end_lon,length_km,road_type,surface_type,one_way,bridge,tunnel,elevation_m,slope_percent,river_crossing,road_condition,current_system_score
NH-13,Bhalukpong-Tawang Hwy Sec-1,Arunachal Pradesh,Tawang,27.6279,91.7169,27.6512,91.733,6.4,NH,Asphalt,0,0,1,2875,43.2,0,CRITICAL,0.877
NH-13,Trans-Arunachal Hwy Sec-2,Arunachal Pradesh,West Kameng,27.1452,92.4881,27.1759,92.5039,16.4,NH,Asphalt,0,0,0,2209,35.9,0,CRITICAL,0.852
NH-415,Itanagar-Naharlagun Corridor Sec-3,Arunachal Pradesh,Papum Pare,26.9593,93.5322,26.9912,93.5686,8.6,NH,Asphalt,0,0,0,324,19.0,0,FAIR,0.251
NH-515,Pasighat Corridor Sec-4,Arunachal Pradesh,East Siang,28.1308,95.3864,28.1673,95.4184,8.6,NH,Asphalt,0,1,0,148,7.8,0,GOOD,0.136
NH-13,Ziro-Yachuli Road Sec-5,Arunachal Pradesh,Lower Subansiri,27.6428,93.6819,27.678,93.7015,15.4,NH,Asphalt,0,0,0,1603,30.7,0,POOR,0.495
NH-27,East-West Corridor Sec-6,Assam,Kamrup Metropolitan,26.0779,91.6508,26.0968,91.684,16.1,NH,Concrete,1,1,0,92,0.4,0,GOOD,0.232
NH-27,Amingaon-Rangia Hwy Sec-7,Assam,Kamrup Rural,26.064,91.6662,26.1045,91.6987,6.5,NH,Concrete,1,1,0,75,0.4,0,GOOD,0.085
NH-15,North Bank Hwy Sec-8,Assam,Darrang,26.4398,91.9184,26.4701,91.9595,11.5,NH,Asphalt,0,1,0,110,0.5,0,GOOD,0.107
NH-15,Tezpur-Biswanath Hwy Sec-9,Assam,Sonitpur,26.7326,92.8282,26.7746,92.8724,13.2,NH,Asphalt,0,1,0,128,1.4,0,GOOD,0.153
NH-37,Upper Assam Hwy Sec-10,Assam,Dibrugarh,27.3437,94.9604,27.3737,94.9911,9.6,NH,Asphalt,0,1,0,146,0.4,1,POOR,0.511
NH-37,Silchar-Badarpur Corridor Sec-11,Assam,Cachar,24.7531,92.6592,24.7876,92.7003,11.0,NH,Asphalt,0,1,0,20,1.6,0,GOOD,0.092
NH-27,Kaziranga Bypass Sec-12,Assam,Nagaon,26.244,92.6406,26.2704,92.6757,5.4,NH,Concrete,1,0,0,89,0.4,0,GOOD,0.17
NH-206,Shillong-Dawki Hwy Sec-13,Meghalaya,East Khasi Hills,25.6232,91.926,25.6427,91.9593,14.3,NH,Asphalt,0,0,0,1451,30.7,0,POOR,0.47
NH-127B,Nongstoin Road Sec-14,Meghalaya,West Khasi Hills,25.4987,91.191,25.5173,91.2119,11.2,NH,Asphalt,0,0,0,1338,28.7,0,POOR,0.463
NH-06,Guwahati-Shillong Expressway Sec-15,Meghalaya,Ri-Bhoi,25.9554,91.9829,25.9875,92.0171,4.7,NH,Asphalt,0,0,0,589,14.3,0,FAIR,0.324
NH-06,Jowai Bypass Sec-16,Meghalaya,West Jaintia Hills,25.5415,92.1703,25.5789,92.2099,15.1,NH,Asphalt,0,0,0,1278,24.6,0,POOR,0.616
NH-10,Sevoke-Gangtok Hwy Sec-17,Sikkim,East Sikkim,27.4518,88.5509,27.4937,88.5881,9.4,NH,Asphalt,0,1,0,1673,42.0,0,CRITICAL,0.822
NH-310,Mangan-Chungthang Road Sec-18,Sikkim,North Sikkim,27.5429,88.4429,27.5589,88.4767,17.4,NH,Asphalt,0,1,1,2407,47.2,0,CRITICAL,0.793
NH-510,Namchi-Jorethang Rd Sec-19,Sikkim,South Sikkim,27.0988,88.3754,27.129,88.3985,17.5,NH,Asphalt,0,1,0,1354,36.6,0,POOR,0.58
NH-29,Dimapur-Kohima Corridor Sec-20,Nagaland,Kohima,25.8243,94.0001,25.8647,94.0312,5.6,NH,Asphalt,0,0,0,1443,33.8,0,POOR,0.534
NH-29,Dimapur Gateway Sec-1,Nagaland,Dimapur,25.7897,93.7657,25.8286,93.7941,11.6,NH,Asphalt,0,0,0,236,4.7,0,GOOD,0.237
NH-02,Mokokchung-Amguri Rd Sec-2,Nagaland,Mokokchung,26.2904,94.5488,26.3127,94.5877,7.0,NH,Asphalt,0,0,0,1319,31.1,0,POOR,0.463
NH-02,Imphal Ring Road Sec-3,Manipur,Imphal West,24.9252,93.7902,24.9683,93.8309,7.6,NH,Asphalt,0,0,0,817,0.4,0,GOOD,0.185
NH-02,Imphal-Churachandpur Hwy Sec-4,Manipur,Bishnupur,24.7077,93.8451,24.7442,93.8654,17.7,NH,Asphalt,0,1,0,753,1.6,1,GOOD,0.228
NH-02,Mao-Maram Highway Sec-5,Manipur,Senapati,25.2461,94.1461,25.2691,94.1694,14.5,NH,Asphalt,0,0,0,1302,30.6,0,POOR,0.635
NH-54,Silchar-Aizawl Hwy Sec-6,Mizoram,Aizawl,23.8057,92.7199,23.8427,92.7624,16.7,NH,Asphalt,0,0,0,1083,34.9,0,POOR,0.492
NH-54,Vairengte-Kolasib Corridor Sec-7,Mizoram,Kolasib,24.2617,92.7127,24.2807,92.7368,7.3,NH,Asphalt,0,0,0,569,23.9,0,FAIR,0.309
NH-54,Aizawl-Lunglei Road Sec-8,Mizoram,Lunglei,23.016,92.8667,23.0383,92.9046,10.9,NH,Asphalt,0,0,0,1077,29.0,0,POOR,0.615
NH-08,Assam-Agartala National Hwy Sec-9,Tripura,West Tripura,23.6873,91.4155,23.7052,91.4569,5.2,NH,Asphalt,0,0,0,87,4.5,0,GOOD,0.067
NH-08,Agartala-Udaipur Hwy Sec-10,Tripura,Sipahijala,23.5568,91.2343,23.574,91.2636,10.5,NH,Asphalt,0,0,0,44,5.2,0,GOOD,0.212
NH-08,Ambassa Corridor Sec-11,Tripura,Dhalai,23.8458,91.7208,23.8638,91.7535,12.6,NH,Asphalt,0,0,0,177,12.2,0,FAIR,0.394
NH-13,Bhalukpong-Tawang Hwy Sec-12,Arunachal Pradesh,Tawang,27.634,91.9935,27.658,92.0088,10.3,NH,Asphalt,0,0,1,2861,43.3,0,CRITICAL,0.861
NH-13,Trans-Arunachal Hwy Sec-13,Arunachal Pradesh,West Kameng,27.2414,92.3294,27.2835,92.366,10.5,NH,Asphalt,0,0,1,2209,39.3,0,CRITICAL,0.722
NH-415,Itanagar-Naharlagun Corridor Sec-14,Arunachal Pradesh,Papum Pare,27.1643,93.5863,27.1986,93.619,13.1,NH,Asphalt,0,0,0,345,19.2,0,FAIR,0.394
NH-515,Pasighat Corridor Sec-15,Arunachal Pradesh,East Siang,28.0713,95.2123,28.109,95.2571,7.9,NH,Asphalt,0,1,0,123,7.0,1,POOR,0.606
NH-13,Ziro-Yachuli Road Sec-16,Arunachal Pradesh,Lower Subansiri,27.5662,93.8565,27.5893,93.8904,8.9,NH,Asphalt,0,0,0,1500,30.3,0,POOR,0.641
NH-27,East-West Corridor Sec-17,Assam,Kamrup Metropolitan,26.0632,91.8578,26.0927,91.8813,13.2,NH,Concrete,0,0,0,105,0.4,0,GOOD,0.058
NH-27,Amingaon-Rangia Hwy Sec-18,Assam,Kamrup Rural,26.1185,91.5576,26.1437,91.5929,11.3,NH,Asphalt,1,0,0,67,0.4,0,GOOD,0.055
NH-15,North Bank Hwy Sec-19,Assam,Darrang,26.4733,92.0228,26.511,92.0433,4.6,NH,Asphalt,0,1,0,92,1.0,1,GOOD,0.125
NH-15,Tezpur-Biswanath Hwy Sec-20,Assam,Sonitpur,26.5121,92.8403,26.5424,92.8702,6.9,NH,Asphalt,0,1,0,63,1.7,0,GOOD,0.08
NH-37,Upper Assam Hwy Sec-1,Assam,Dibrugarh,27.5415,94.964,27.5767,94.9818,16.1,NH,Asphalt,0,1,0,130,0.4,0,GOOD,0.162
NH-37,Silchar-Badarpur Corridor Sec-2,Assam,Cachar,24.7851,92.8874,24.8207,92.9271,7.1,NH,Concrete,0,1,0,20,0.4,1,GOOD,0.233
NH-27,Kaziranga Bypass Sec-3,Assam,Nagaon,26.2373,92.589,26.2593,92.6132,8.6,NH,Asphalt,1,0,0,63,0.4,0,GOOD,0.128
NH-206,Shillong-Dawki Hwy Sec-4,Meghalaya,East Khasi Hills,25.5617,92.0017,25.5972,92.0445,7.3,NH,Asphalt,0,0,0,1500,28.5,0,POOR,0.644
NH-127B,Nongstoin Road Sec-5,Meghalaya,West Khasi Hills,25.5222,91.1144,25.5574,91.1391,7.1,NH,Asphalt,0,0,0,1231,30.1,0,POOR,0.45
NH-06,Guwahati-Shillong Expressway Sec-6,Meghalaya,Ri-Bhoi,25.7999,91.8757,25.8268,91.8959,6.6,NH,Asphalt,0,0,0,517,18.3,0,FAIR,0.284
NH-06,Jowai Bypass Sec-7,Meghalaya,West Jaintia Hills,25.3494,92.0506,25.3843,92.0754,11.5,NH,Asphalt,0,0,0,1319,24.8,0,POOR,0.457
NH-10,Sevoke-Gangtok Hwy Sec-8,Sikkim,East Sikkim,27.3254,88.5834,27.3546,88.6163,10.1,NH,Asphalt,0,1,0,1683,44.5,1,CRITICAL,0.772
NH-310,Mangan-Chungthang Road Sec-9,Sikkim,North Sikkim,27.5655,88.4464,27.6023,88.4683,8.0,NH,Asphalt,0,1,1,2427,47.1,1,CRITICAL,0.9
NH-510,Namchi-Jorethang Rd Sec-10,Sikkim,South Sikkim,27.2407,88.2183,27.2837,88.2583,9.5,NH,Asphalt,0,1,0,1280,34.0,0,POOR,0.472
NH-29,Dimapur-Kohima Corridor Sec-11,Nagaland,Kohima,25.676,94.2144,25.7002,94.2512,15.7,NH,Asphalt,0,0,0,1400,33.6,0,POOR,0.589
NH-29,Dimapur Gateway Sec-12,Nagaland,Dimapur,26.0122,93.5981,26.0367,93.6223,12.1,NH,Asphalt,0,0,0,143,4.7,0,GOOD,0.14
NH-02,Mokokchung-Amguri Rd Sec-13,Nagaland,Mokokchung,26.211,94.6371,26.2262,94.6803,5.2,NH,Asphalt,0,0,0,1291,31.4,0,POOR,0.666
NH-02,Imphal Ring Road Sec-14,Manipur,Imphal West,24.6916,93.984,24.7189,94.0184,6.4,NH,Asphalt,0,0,0,797,2.3,0,GOOD,0.075
NH-02,Imphal-Churachandpur Hwy Sec-15,Manipur,Bishnupur,24.5437,93.8294,24.5724,93.8526,15.6,NH,Asphalt,0,1,0,740,2.3,1,POOR,0.499
NH-02,Mao-Maram Highway Sec-16,Manipur,Senapati,25.3037,93.9972,25.3248,94.0321,8.0,NH,Asphalt,0,0,0,1308,30.8,0,POOR,0.457
NH-54,Silchar-Aizawl Hwy Sec-17,Mizoram,Aizawl,23.7146,92.8671,23.7546,92.8828,10.3,NH,Asphalt,0,0,0,1082,30.9,0,POOR,0.55
NH-54,Vairengte-Kolasib Corridor Sec-18,Mizoram,Kolasib,24.1496,92.81,24.1761,92.8417,14.5,NH,Asphalt,0,0,0,662,22.3,0,FAIR,0.306
NH-54,Aizawl-Lunglei Road Sec-19,Mizoram,Lunglei,22.8155,92.7215,22.8544,92.755,10.4,NH,Asphalt,0,0,0,1029,32.5,0,POOR,0.65
NH-08,Assam-Agartala National Hwy Sec-20,Tripura,West Tripura,23.9777,91.333,24.0009,91.3502,6.7,NH,Asphalt,0,0,0,20,2.9,0,GOOD,0.171
NH-08,Agartala-Udaipur Hwy Sec-1,Tripura,Sipahijala,23.7645,91.1931,23.8077,91.2259,17.4,NH,Asphalt,0,0,0,84,1.2,0,GOOD,0.173
NH-08,Ambassa Corridor Sec-2,Tripura,Dhalai,23.7321,91.866,23.7705,91.8927,17.5,NH,Asphalt,0,0,0,114,10.9,0,FAIR,0.356
NH-13,Bhalukpong-Tawang Hwy Sec-3,Arunachal Pradesh,Tawang,27.539,91.9156,27.5615,91.9602,12.4,NH,Asphalt,0,0,1,2949,43.3,0,CRITICAL,0.72
NH-13,Trans-Arunachal Hwy Sec-4,Arunachal Pradesh,West Kameng,27.3861,92.5197,27.4029,92.5364,9.1,NH,Asphalt,0,0,0,2151,38.7,0,CRITICAL,0.798
NH-415,Itanagar-Naharlagun Corridor Sec-5,Arunachal Pradesh,Papum Pare,26.9636,93.5667,26.9947,93.5948,8.3,NH,Asphalt,0,0,0,276,19.2,0,FAIR,0.45
NH-515,Pasighat Corridor Sec-6,Arunachal Pradesh,East Siang,28.1384,95.3415,28.1676,95.3829,5.5,NH,Asphalt,0,1,0,149,9.5,1,POOR,0.642
NH-13,Ziro-Yachuli Road Sec-7,Arunachal Pradesh,Lower Subansiri,27.6835,93.8873,27.7205,93.927,16.3,NH,Asphalt,0,0,0,1519,32.6,0,POOR,0.655
NH-27,East-West Corridor Sec-8,Assam,Kamrup Metropolitan,26.1693,91.6306,26.202,91.6628,12.1,NH,Asphalt,1,1,0,20,0.4,0,GOOD,0.215
NH-27,Amingaon-Rangia Hwy Sec-9,Assam,Kamrup Rural,26.3149,91.7037,26.3463,91.7385,12.0,NH,Asphalt,0,1,0,20,2.9,0,GOOD,0.071
NH-15,North Bank Hwy Sec-10,Assam,Darrang,26.3769,91.9118,26.3961,91.9499,16.3,NH,Asphalt,0,1,0,91,1.4,0,GOOD,0.095
NH-15,Tezpur-Biswanath Hwy Sec-11,Assam,Sonitpur,26.776,92.8674,26.8132,92.9111,9.4,NH,Asphalt,0,0,0,136,4.2,0,GOOD,0.051
NH-37,Upper Assam Hwy Sec-12,Assam,Dibrugarh,27.6157,95.0052,27.6531,95.0266,8.8,NH,Asphalt,0,1,0,160,0.4,1,GOOD,0.111
NH-37,Silchar-Badarpur Corridor Sec-13,Assam,Cachar,24.9606,92.8636,24.9824,92.8895,7.2,NH,Asphalt,0,1,0,20,3.3,0,GOOD,0.072
NH-27,Kaziranga Bypass Sec-14,Assam,Nagaon,26.4384,92.614,26.4612,92.6471,17.1,NH,Concrete,0,1,0,104,2.0,0,GOOD,0.145
NH-206,Shillong-Dawki Hwy Sec-15,Meghalaya,East Khasi Hills,25.4404,91.8845,25.4682,91.9237,15.3,NH,Asphalt,0,0,0,1455,32.1,0,POOR,0.606
NH-127B,Nongstoin Road Sec-16,Meghalaya,West Khasi Hills,25.4516,91.3486,25.4916,91.3654,17.9,NH,Asphalt,0,0,0,1249,26.6,0,POOR,0.651
NH-06,Guwahati-Shillong Expressway Sec-17,Meghalaya,Ri-Bhoi,25.8695,91.8136,25.8957,91.8456,17.9,NH,Asphalt,0,0,0,498,18.8,0,FAIR,0.4
NH-06,Jowai Bypass Sec-18,Meghalaya,West Jaintia Hills,25.4924,92.1699,25.5362,92.2111,8.9,NH,Asphalt,0,0,0,1377,26.2,0,POOR,0.666
NH-10,Sevoke-Gangtok Hwy Sec-19,Sikkim,East Sikkim,27.2235,88.7476,27.2547,88.7711,9.0,NH,Asphalt,0,1,0,1612,42.4,0,CRITICAL,0.712
NH-310,Mangan-Chungthang Road Sec-20,Sikkim,North Sikkim,27.3615,88.579,27.3785,88.5963,5.7,NH,Asphalt,0,1,1,2434,49.6,1,CRITICAL,0.703
NH-510,Namchi-Jorethang Rd Sec-1,Sikkim,South Sikkim,27.2019,88.3534,27.2336,88.3718,6.6,NH,Asphalt,0,1,0,1289,38.2,1,CRITICAL,0.845
NH-29,Dimapur-Kohima Corridor Sec-2,Nagaland,Kohima,25.5384,94.0894,25.5688,94.1299,12.2,NH,Asphalt,0,0,0,1446,37.9,0,POOR,0.517
NH-29,Dimapur Gateway Sec-3,Nagaland,Dimapur,25.9726,93.8001,26.0017,93.8346,7.1,NH,Asphalt,0,0,0,220,2.3,0,GOOD,0.101
NH-02,Mokokchung-Amguri Rd Sec-4,Nagaland,Mokokchung,26.4597,94.6462,26.4769,94.6817,15.5,NH,Asphalt,0,0,0,1339,30.1,0,POOR,0.526
NH-02,Imphal Ring Road Sec-5,Manipur,Imphal West,24.8829,93.8769,24.9119,93.9186,17.9,NH,Asphalt,0,1,0,764,3.0,0,GOOD,0.104
NH-02,Imphal-Churachandpur Hwy Sec-6,Manipur,Bishnupur,24.6916,93.7808,24.7112,93.8057,7.0,NH,Asphalt,0,1,0,734,3.1,0,GOOD,0.152
NH-02,Mao-Maram Highway Sec-7,Manipur,Senapati,25.3132,94.1308,25.3455,94.1594,15.0,NH,Asphalt,0,0,0,1268,29.8,0,POOR,0.551
NH-54,Silchar-Aizawl Hwy Sec-8,Mizoram,Aizawl,23.8272,92.6588,23.8644,92.7023,16.5,NH,Asphalt,0,0,0,1096,32.6,0,POOR,0.568
NH-54,Vairengte-Kolasib Corridor Sec-9,Mizoram,Kolasib,24.2664,92.6695,24.2934,92.6933,12.9,NH,Asphalt,0,0,0,606,25.4,0,POOR,0.605
NH-54,Aizawl-Lunglei Road Sec-10,Mizoram,Lunglei,22.9681,92.8779,22.9948,92.8932,8.9,NH,Asphalt,0,0,0,1054,29.8,0,POOR,0.539
NH-08,Assam-Agartala National Hwy Sec-11,Tripura,West Tripura,23.8361,91.3267,23.8556,91.3674,12.4,NH,Asphalt,0,0,0,20,0.4,0,GOOD,0.1
NH-08,Agartala-Udaipur Hwy Sec-12,Tripura,Sipahijala,23.5555,91.2551,23.5865,91.2897,7.2,NH,Asphalt,0,0,0,75,1.5,0,GOOD,0.083
NH-08,Ambassa Corridor Sec-13,Tripura,Dhalai,23.7735,91.8425,23.8163,91.8843,14.2,NH,Asphalt,0,0,0,188,13.3,0,FAIR,0.32
NH-13,Bhalukpong-Tawang Hwy Sec-14,Arunachal Pradesh,Tawang,27.7019,91.8821,27.7342,91.9028,6.5,NH,Asphalt,0,0,1,2931,45.5,0,CRITICAL,0.863
NH-13,Trans-Arunachal Hwy Sec-15,Arunachal Pradesh,West Kameng,27.1877,92.4627,27.212,92.4807,11.7,NH,Asphalt,0,0,0,2140,40.0,0,CRITICAL,0.866
NH-415,Itanagar-Naharlagun Corridor Sec-16,Arunachal Pradesh,Papum Pare,27.216,93.7001,27.2593,93.7163,6.2,NH,Asphalt,0,0,0,288,16.9,0,FAIR,0.383
NH-515,Pasighat Corridor Sec-17,Arunachal Pradesh,East Siang,28.0714,95.1911,28.0969,95.2082,16.3,NH,Asphalt,0,1,0,126,11.3,1,POOR,0.504
NH-13,Ziro-Yachuli Road Sec-18,Arunachal Pradesh,Lower Subansiri,27.44,93.8194,27.4747,93.8405,6.7,NH,Asphalt,0,0,0,1567,34.8,0,POOR,0.585
NH-27,East-West Corridor Sec-19,Assam,Kamrup Metropolitan,26.2795,91.8536,26.3242,91.8756,16.9,NH,Asphalt,1,0,0,73,2.8,0,GOOD,0.164
NH-27,Amingaon-Rangia Hwy Sec-20,Assam,Kamrup Rural,26.163,91.6841,26.2043,91.7274,6.2,NH,Asphalt,1,0,0,55,2.9,0,GOOD,0.147
NH-15,North Bank Hwy Sec-1,Assam,Darrang,26.4444,91.9588,26.4854,91.9994,7.3,NH,Concrete,0,1,0,23,2.8,1,POOR,0.576
NH-15,Tezpur-Biswanath Hwy Sec-2,Assam,Sonitpur,26.7171,92.788,26.7453,92.809,14.9,NH,Asphalt,0,1,0,48,1.0,1,GOOD,0.148
NH-37,Upper Assam Hwy Sec-3,Assam,Dibrugarh,27.4085,94.8435,27.4272,94.8876,11.3,NH,Asphalt,0,1,0,88,2.8,1,POOR,0.58
NH-37,Silchar-Badarpur Corridor Sec-4,Assam,Cachar,24.7285,92.7438,24.759,92.7637,7.3,NH,Asphalt,0,1,0,20,2.8,1,POOR,0.615
NH-27,Kaziranga Bypass Sec-5,Assam,Nagaon,26.3175,92.6968,26.3547,92.7226,17.9,NH,Asphalt,1,0,0,57,0.4,0,GOOD,0.072
NH-206,Shillong-Dawki Hwy Sec-6,Meghalaya,East Khasi Hills,25.5456,91.9742,25.5633,92.0044,11.0,NH,Asphalt,0,0,0,1519,28.1,0,POOR,0.622
NH-127B,Nongstoin Road Sec-7,Meghalaya,West Khasi Hills,25.5327,91.2531,25.563,91.2964,4.7,NH,Asphalt,0,0,0,1340,27.3,0,POOR,0.481
NH-06,Guwahati-Shillong Expressway Sec-8,Meghalaya,Ri-Bhoi,26.006,92.016,26.0324,92.0436,17.5,NH,Asphalt,0,0,0,543,16.7,0,FAIR,0.263
NH-06,Jowai Bypass Sec-9,Meghalaya,West Jaintia Hills,25.54,92.3193,25.558,92.3451,8.7,NH,Asphalt,0,0,0,1332,24.6,0,POOR,0.674
NH-10,Sevoke-Gangtok Hwy Sec-10,Sikkim,East Sikkim,27.1976,88.5573,27.2146,88.6007,13.3,NH,Asphalt,0,1,0,1676,43.5,1,CRITICAL,0.911
NH-310,Mangan-Chungthang Road Sec-11,Sikkim,North Sikkim,27.6022,88.6759,27.6241,88.7119,13.3,NH,Asphalt,0,1,1,2469,48.7,0,CRITICAL,0.713
NH-510,Namchi-Jorethang Rd Sec-12,Sikkim,South Sikkim,27.1976,88.3989,27.2369,88.4402,4.7,NH,Asphalt,0,1,0,1250,36.9,1,POOR,0.552
NH-29,Dimapur-Kohima Corridor Sec-13,Nagaland,Kohima,25.6636,93.9737,25.7075,94.0106,16.6,NH,Asphalt,0,0,0,1428,34.9,0,POOR,0.493
NH-29,Dimapur Gateway Sec-14,Nagaland,Dimapur,25.8581,93.8414,25.8745,93.8818,6.9,NH,Asphalt,0,0,0,170,5.1,0,GOOD,0.147
NH-02,Mokokchung-Amguri Rd Sec-15,Nagaland,Mokokchung,26.2507,94.3946,26.266,94.4252,6.4,NH,Asphalt,0,0,0,1262,32.2,0,POOR,0.641
NH-02,Imphal Ring Road Sec-16,Manipur,Imphal West,24.9526,93.8541,24.9817,93.8703,12.5,NH,Asphalt,0,1,0,733,3.6,0,GOOD,0.24
NH-02,Imphal-Churachandpur Hwy Sec-17,Manipur,Bishnupur,24.7087,93.8994,24.73,93.9366,8.5,NH,Asphalt,0,1,0,735,5.2,0,GOOD,0.177
NH-02,Mao-Maram Highway Sec-18,Manipur,Senapati,25.1816,94.0021,25.2151,94.0418,10.2,NH,Asphalt,0,0,0,1204,29.8,0,POOR,0.531
NH-54,Silchar-Aizawl Hwy Sec-19,Mizoram,Aizawl,23.7869,92.7977,23.8071,92.8283,6.5,NH,Asphalt,0,0,0,1091,33.5,0,POOR,0.589
NH-54,Vairengte-Kolasib Corridor Sec-20,Mizoram,Kolasib,24.2855,92.7633,24.3248,92.7984,9.4,NH,Asphalt,0,0,0,570,26.8,0,POOR,0.522
NH-54,Aizawl-Lunglei Road Sec-1,Mizoram,Lunglei,22.7377,92.6836,22.7804,92.7222,4.9,NH,Asphalt,0,0,0,1046,33.5,0,POOR,0.659
NH-08,Assam-Agartala National Hwy Sec-2,Tripura,West Tripura,23.9639,91.1963,23.985,91.2234,9.5,NH,Asphalt,0,0,0,50,3.1,0,GOOD,0.224
NH-08,Agartala-Udaipur Hwy Sec-3,Tripura,Sipahijala,23.5156,91.3937,23.5493,91.4096,4.8,NH,Concrete,0,0,0,80,3.9,0,GOOD,0.162
NH-08,Ambassa Corridor Sec-4,Tripura,Dhalai,23.9389,91.8698,23.968,91.9068,6.4,NH,Asphalt,0,0,0,85,11.2,0,FAIR,0.315
NH-13,Bhalukpong-Tawang Hwy Sec-5,Arunachal Pradesh,Tawang,27.5473,91.8612,27.5785,91.8991,14.3,NH,Asphalt,0,0,1,2883,42.1,0,CRITICAL,0.765
NH-13,Trans-Arunachal Hwy Sec-6,Arunachal Pradesh,West Kameng,27.2616,92.396,27.2817,92.414,9.2,NH,Asphalt,0,0,0,2186,38.7,0,CRITICAL,0.707
NH-415,Itanagar-Naharlagun Corridor Sec-7,Arunachal Pradesh,Papum Pare,27.1626,93.5972,27.1843,93.6248,5.4,NH,Asphalt,0,0,0,353,18.6,0,FAIR,0.413
NH-515,Pasighat Corridor Sec-8,Arunachal Pradesh,East Siang,28.1008,95.4519,28.1449,95.4808,10.1,NH,Asphalt,0,1,0,194,9.1,0,GOOD,0.14
NH-13,Ziro-Yachuli Road Sec-9,Arunachal Pradesh,Lower Subansiri,27.6193,93.7605,27.6612,93.7887,16.1,NH,Asphalt,0,0,0,1609,31.1,0,POOR,0.525
NH-27,East-West Corridor Sec-10,Assam,Kamrup Metropolitan,26.0782,91.7214,26.1175,91.7364,10.9,NH,Asphalt,1,0,0,91,1.0,0,GOOD,0.144
NH-27,Amingaon-Rangia Hwy Sec-11,Assam,Kamrup Rural,26.1487,91.4206,26.1734,91.4518,17.4,NH,Asphalt,1,1,0,106,0.4,0,GOOD,0.214
NH-15,North Bank Hwy Sec-12,Assam,Darrang,26.4084,91.9585,26.4382,91.9984,12.2,NH,Concrete,0,1,0,27,3.0,0,GOOD,0.075
NH-15,Tezpur-Biswanath Hwy Sec-13,Assam,Sonitpur,26.5667,92.6456,26.5971,92.6848,6.4,NH,Asphalt,0,1,0,42,0.4,0,GOOD,0.222
NH-37,Upper Assam Hwy Sec-14,Assam,Dibrugarh,27.4694,94.9894,27.5067,95.0259,8.3,NH,Asphalt,0,1,0,136,0.7,0,GOOD,0.23
NH-37,Silchar-Badarpur Corridor Sec-15,Assam,Cachar,24.8178,92.6341,24.8403,92.6566,14.4,NH,Asphalt,0,1,0,20,0.4,0,GOOD,0.239
NH-27,Kaziranga Bypass Sec-16,Assam,Nagaon,26.2871,92.7085,26.3234,92.7374,12.5,NH,Asphalt,0,1,0,64,1.3,0,GOOD,0.129
NH-206,Shillong-Dawki Hwy Sec-17,Meghalaya,East Khasi Hills,25.7278,91.9084,25.7508,91.9504,8.9,NH,Asphalt,0,0,0,1475,31.5,0,POOR,0.5
NH-127B,Nongstoin Road Sec-18,Meghalaya,West Khasi Hills,25.4354,91.1462,25.4616,91.1656,14.4,NH,Asphalt,0,0,0,1244,27.1,0,POOR,0.536
NH-06,Guwahati-Shillong Expressway Sec-19,Meghalaya,Ri-Bhoi,26.0353,91.937,26.0758,91.9744,15.3,NH,Asphalt,0,0,0,514,15.1,0,FAIR,0.317
NH-06,Jowai Bypass Sec-20,Meghalaya,West Jaintia Hills,25.5174,92.343,25.5514,92.3818,17.7,NH,Asphalt,0,0,0,1337,26.5,0,POOR,0.491
NH-10,Sevoke-Gangtok Hwy Sec-1,Sikkim,East Sikkim,27.4387,88.5454,27.4541,88.5794,15.8,NH,Asphalt,0,1,0,1636,40.4,1,CRITICAL,0.834
NH-310,Mangan-Chungthang Road Sec-2,Sikkim,North Sikkim,27.5102,88.4823,27.5323,88.5092,4.7,NH,Asphalt,0,1,1,2396,48.8,0,CRITICAL,0.805
NH-510,Namchi-Jorethang Rd Sec-3,Sikkim,South Sikkim,27.0579,88.4605,27.0873,88.5012,7.0,NH,Asphalt,0,1,0,1302,34.2,1,POOR,0.649
NH-29,Dimapur-Kohima Corridor Sec-4,Nagaland,Kohima,25.6104,94.1022,25.6515,94.1463,10.0,NH,Asphalt,0,0,0,1423,34.2,0,POOR,0.457
NH-29,Dimapur Gateway Sec-5,Nagaland,Dimapur,26.0391,93.7208,26.0839,93.7494,8.0,NH,Asphalt,0,0,0,240,1.6,0,GOOD,0.179
NH-02,Mokokchung-Amguri Rd Sec-6,Nagaland,Mokokchung,26.3481,94.5759,26.3763,94.6132,13.3,NH,Asphalt,0,0,0,1279,29.2,0,POOR,0.625
NH-02,Imphal Ring Road Sec-7,Manipur,Imphal West,24.7582,94.085,24.7886,94.1101,18.0,NH,Asphalt,0,1,0,740,2.5,0,GOOD,0.202
NH-02,Imphal-Churachandpur Hwy Sec-8,Manipur,Bishnupur,24.6612,93.8,24.6818,93.8252,16.3,NH,Asphalt,0,1,0,809,3.6,1,GOOD,0.227
NH-02,Mao-Maram Highway Sec-9,Manipur,Senapati,25.2428,94.118,25.281,94.1467,5.8,NH,Asphalt,0,0,0,1244,28.5,0,POOR,0.618
NH-54,Silchar-Aizawl Hwy Sec-10,Mizoram,Aizawl,23.76,92.7896,23.8007,92.8275,8.0,NH,Asphalt,0,0,0,1167,31.5,0,POOR,0.663
NH-54,Vairengte-Kolasib Corridor Sec-11,Mizoram,Kolasib,24.2681,92.5771,24.3066,92.6049,4.8,NH,Asphalt,0,0,0,572,24.8,0,POOR,0.527
NH-54,Aizawl-Lunglei Road Sec-12,Mizoram,Lunglei,22.8526,92.7968,22.8839,92.8146,17.7,NH,Asphalt,0,0,0,1020,30.5,0,POOR,0.566
NH-08,Assam-Agartala National Hwy Sec-13,Tripura,West Tripura,23.8936,91.3477,23.9335,91.3663,14.1,NH,Concrete,0,0,0,33,0.4,0,GOOD,0.053
NH-08,Agartala-Udaipur Hwy Sec-14,Tripura,Sipahijala,23.5644,91.3994,23.5898,91.428,12.0,NH,Asphalt,0,0,0,47,3.8,0,GOOD,0.051
NH-08,Ambassa Corridor Sec-15,Tripura,Dhalai,23.8275,91.8634,23.8715,91.9076,7.0,NH,Asphalt,0,0,0,162,10.2,0,FAIR,0.298
NH-13,Bhalukpong-Tawang Hwy Sec-16,Arunachal Pradesh,Tawang,27.4788,91.7273,27.5184,91.7689,11.4,NH,Asphalt,0,0,1,2941,43.5,0,CRITICAL,0.722
NH-13,Trans-Arunachal Hwy Sec-17,Arunachal Pradesh,West Kameng,27.2853,92.3525,27.3046,92.3879,15.0,NH,Asphalt,0,0,0,2155,37.8,0,POOR,0.51
NH-415,Itanagar-Naharlagun Corridor Sec-18,Arunachal Pradesh,Papum Pare,27.0712,93.5483,27.0922,93.5856,11.6,NH,Asphalt,0,0,0,329,18.5,0,FAIR,0.285
NH-515,Pasighat Corridor Sec-19,Arunachal Pradesh,East Siang,27.928,95.3056,27.9664,95.3375,11.7,NH,Concrete,0,1,0,136,9.7,1,POOR,0.457
NH-13,Ziro-Yachuli Road Sec-20,Arunachal Pradesh,Lower Subansiri,27.4687,93.8823,27.4997,93.9135,13.9,NH,Asphalt,0,0,0,1610,32.8,0,POOR,0.659
NH-27,East-West Corridor Sec-1,Assam,Kamrup Metropolitan,26.2944,91.7879,26.3393,91.8079,6.6,NH,Asphalt,0,0,0,29,1.6,0,GOOD,0.052
NH-27,Amingaon-Rangia Hwy Sec-2,Assam,Kamrup Rural,26.0876,91.5677,26.1284,91.5895,17.1,NH,Asphalt,0,1,0,54,3.0,0,GOOD,0.197
NH-15,North Bank Hwy Sec-3,Assam,Darrang,26.4776,92.0714,26.5213,92.0991,7.2,NH,Concrete,0,1,0,54,3.4,0,GOOD,0.08
NH-15,Tezpur-Biswanath Hwy Sec-4,Assam,Sonitpur,26.6063,92.7389,26.6504,92.7659,9.8,NH,Asphalt,0,1,0,31,3.9,0,GOOD,0.232
NH-37,Upper Assam Hwy Sec-5,Assam,Dibrugarh,27.5309,94.8485,27.5585,94.8778,8.8,NH,Asphalt,0,1,0,168,0.4,0,GOOD,0.229
NH-37,Silchar-Badarpur Corridor Sec-6,Assam,Cachar,24.6943,92.6553,24.7309,92.6793,5.5,NH,Asphalt,0,1,0,20,0.9,0,GOOD,0.181
NH-27,Kaziranga Bypass Sec-7,Assam,Nagaon,26.3165,92.6884,26.3515,92.7097,14.4,NH,Asphalt,1,0,0,20,1.8,0,GOOD,0.184
NH-206,Shillong-Dawki Hwy Sec-8,Meghalaya,East Khasi Hills,25.5528,91.7996,25.5905,91.8188,11.0,NH,Asphalt,0,0,0,1476,31.1,0,POOR,0.451
NH-127B,Nongstoin Road Sec-9,Meghalaya,West Khasi Hills,25.4926,91.1255,25.5124,91.1697,17.7,NH,Asphalt,0,0,0,1254,28.2,0,POOR,0.677
NH-06,Guwahati-Shillong Expressway Sec-10,Meghalaya,Ri-Bhoi,25.8814,91.9395,25.9258,91.9662,6.7,NH,Asphalt,0,0,0,505,14.1,0,FAIR,0.426
NH-06,Jowai Bypass Sec-11,Meghalaya,West Jaintia Hills,25.5398,92.2629,25.5674,92.2956,7.9,NH,Asphalt,0,0,0,1309,26.3,0,POOR,0.656
NH-10,Sevoke-Gangtok Hwy Sec-12,Sikkim,East Sikkim,27.2169,88.7542,27.2424,88.776,17.3,NH,Asphalt,0,1,0,1706,40.1,0,CRITICAL,0.845
NH-310,Mangan-Chungthang Road Sec-13,Sikkim,North Sikkim,27.5443,88.4462,27.5635,88.4732,14.3,NH,Asphalt,0,1,1,2509,49.6,0,CRITICAL,0.776
NH-510,Namchi-Jorethang Rd Sec-14,Sikkim,South Sikkim,27.102,88.4504,27.1346,88.4856,7.3,NH,Asphalt,0,1,0,1300,34.9,0,POOR,0.656
NH-29,Dimapur-Kohima Corridor Sec-15,Nagaland,Kohima,25.6402,94.2352,25.6595,94.2585,8.9,NH,Asphalt,0,0,0,1445,37.0,0,POOR,0.517
NH-29,Dimapur Gateway Sec-16,Nagaland,Dimapur,25.7777,93.8093,25.8118,93.8399,11.6,NH,Asphalt,0,0,0,244,3.4,0,GOOD,0.163
NH-02,Mokokchung-Amguri Rd Sec-17,Nagaland,Mokokchung,26.3273,94.6162,26.3654,94.6492,7.6,NH,Asphalt,0,0,0,1296,32.1,0,POOR,0.473
NH-02,Imphal Ring Road Sec-18,Manipur,Imphal West,24.841,93.9848,24.8691,94.0245,11.8,NH,Asphalt,0,1,0,835,0.4,0,GOOD,0.234
NH-02,Imphal-Churachandpur Hwy Sec-19,Manipur,Bishnupur,24.5859,93.7801,24.6192,93.7997,16.4,NH,Asphalt,0,1,0,779,2.9,0,GOOD,0.078
NH-02,Mao-Maram Highway Sec-20,Manipur,Senapati,25.3709,94.1542,25.4085,94.1908,16.3,NH,Asphalt,0,0,0,1220,29.9,0,POOR,0.502
NH-54,Silchar-Aizawl Hwy Sec-1,Mizoram,Aizawl,23.8098,92.5807,23.8533,92.5969,15.8,NH,Asphalt,0,0,0,1165,32.9,0,POOR,0.578
NH-54,Vairengte-Kolasib Corridor Sec-2,Mizoram,Kolasib,24.1844,92.8265,24.2071,92.8603,10.2,NH,Asphalt,0,0,0,651,26.1,0,POOR,0.626
NH-54,Aizawl-Lunglei Road Sec-3,Mizoram,Lunglei,22.8786,92.6011,22.8987,92.6374,16.2,NH,Asphalt,0,0,0,1024,33.8,0,POOR,0.592
NH-08,Assam-Agartala National Hwy Sec-4,Tripura,West Tripura,23.7116,91.3903,23.7412,91.414,11.6,NH,Concrete,0,0,0,20,2.2,0,GOOD,0.096
NH-08,Agartala-Udaipur Hwy Sec-5,Tripura,Sipahijala,23.7017,91.285,23.7387,91.3288,16.2,NH,Concrete,0,0,0,55,5.3,0,GOOD,0.05
NH-08,Ambassa Corridor Sec-6,Tripura,Dhalai,23.9345,91.7795,23.975,91.8093,14.0,NH,Asphalt,0,0,0,159,13.0,0,FAIR,0.401
NH-13,Bhalukpong-Tawang Hwy Sec-7,Arunachal Pradesh,Tawang,27.6916,91.9651,27.7196,91.9818,5.9,NH,Asphalt,0,0,1,2949,44.7,0,CRITICAL,0.917
NH-13,Trans-Arunachal Hwy Sec-8,Arunachal Pradesh,West Kameng,27.3025,92.5321,27.3406,92.5724,14.4,NH,Asphalt,0,0,1,2202,39.9,0,CRITICAL,0.878
NH-415,Itanagar-Naharlagun Corridor Sec-9,Arunachal Pradesh,Papum Pare,26.9709,93.6559,27.013,93.6901,8.9,NH,Asphalt,0,0,0,377,17.4,0,FAIR,0.342
NH-515,Pasighat Corridor Sec-10,Arunachal Pradesh,East Siang,27.9431,95.4695,27.9781,95.492,9.3,NH,Asphalt,0,1,0,192,9.9,0,GOOD,0.231
NH-13,Ziro-Yachuli Road Sec-11,Arunachal Pradesh,Lower Subansiri,27.5331,93.8882,27.5485,93.9246,11.1,NH,Asphalt,0,0,0,1615,30.0,0,POOR,0.544
NH-27,East-West Corridor Sec-12,Assam,Kamrup Metropolitan,26.0113,91.6937,26.0439,91.7153,10.4,NH,Concrete,0,0,0,50,0.4,0,GOOD,0.155
NH-27,Amingaon-Rangia Hwy Sec-13,Assam,Kamrup Rural,26.2048,91.6498,26.2446,91.6794,12.7,NH,Asphalt,0,1,0,20,0.4,0,GOOD,0.145
NH-15,North Bank Hwy Sec-14,Assam,Darrang,26.4168,92.0859,26.4579,92.1209,5.1,NH,Concrete,0,1,0,55,3.2,1,POOR,0.553
NH-15,Tezpur-Biswanath Hwy Sec-15,Assam,Sonitpur,26.6221,92.7188,26.6622,92.7531,5.8,NH,Concrete,0,0,0,50,2.9,0,GOOD,0.205
NH-37,Upper Assam Hwy Sec-16,Assam,Dibrugarh,27.4624,94.8483,27.5064,94.8705,12.3,NH,Asphalt,0,1,0,117,0.4,0,GOOD,0.155
NH-37,Silchar-Badarpur Corridor Sec-17,Assam,Cachar,24.787,92.8052,24.8201,92.8447,14.2,NH,Concrete,0,1,0,46,4.1,0,GOOD,0.113
NH-27,Kaziranga Bypass Sec-18,Assam,Nagaon,26.3323,92.6246,26.3667,92.6528,10.7,NH,Asphalt,1,1,0,53,2.8,0,GOOD,0.102
NH-206,Shillong-Dawki Hwy Sec-19,Meghalaya,East Khasi Hills,25.5432,91.851,25.5702,91.8902,14.5,NH,Asphalt,0,0,0,1467,33.0,0,POOR,0.459
NH-127B,Nongstoin Road Sec-20,Meghalaya,West Khasi Hills,25.6534,91.3075,25.6814,91.3497,7.4,NH,Asphalt,0,0,0,1255,25.5,0,POOR,0.584
NH-06,Guwahati-Shillong Expressway Sec-1,Meghalaya,Ri-Bhoi,25.9835,92.0221,26.0039,92.056,8.9,NH,Asphalt,0,0,0,606,17.0,0,FAIR,0.296
NH-06,Jowai Bypass Sec-2,Meghalaya,West Jaintia Hills,25.5712,92.1359,25.595,92.1633,4.9,NH,Asphalt,0,0,0,1372,24.7,0,POOR,0.484
NH-10,Sevoke-Gangtok Hwy Sec-3,Sikkim,East Sikkim,27.2546,88.5135,27.2833,88.5552,9.3,NH,Asphalt,0,1,0,1622,42.9,1,CRITICAL,0.844
NH-310,Mangan-Chungthang Road Sec-4,Sikkim,North Sikkim,27.5478,88.6515,27.5833,88.6771,17.5,NH,Asphalt,0,1,1,2470,46.5,0,CRITICAL,0.85
NH-510,Namchi-Jorethang Rd Sec-5,Sikkim,South Sikkim,27.0318,88.4366,27.0551,88.4751,8.9,NH,Asphalt,0,1,0,1244,36.6,0,POOR,0.623
NH-29,Dimapur-Kohima Corridor Sec-6,Nagaland,Kohima,25.5521,94.0471,25.5881,94.0811,14.9,NH,Asphalt,0,0,0,1475,35.4,0,POOR,0.566
NH-29,Dimapur Gateway Sec-7,Nagaland,Dimapur,25.9928,93.8404,26.0126,93.8722,16.2,NH,Asphalt,0,0,0,181,4.0,0,GOOD,0.229
NH-02,Mokokchung-Amguri Rd Sec-8,Nagaland,Mokokchung,26.4241,94.4471,26.4585,94.4843,14.7,NH,Asphalt,0,0,0,1365,33.2,0,POOR,0.665
NH-02,Imphal Ring Road Sec-9,Manipur,Imphal West,24.7555,94.0479,24.7939,94.0681,11.2,NH,Asphalt,0,0,0,827,0.4,0,GOOD,0.211
NH-02,Imphal-Churachandpur Hwy Sec-10,Manipur,Bishnupur,24.5246,93.9045,24.5423,93.9301,11.8,NH,Asphalt,0,1,0,820,4.4,0,GOOD,0.177
NH-02,Mao-Maram Highway Sec-11,Manipur,Senapati,25.2292,94.1137,25.2684,94.1577,8.8,NH,Asphalt,0,0,0,1261,28.8,0,POOR,0.52
NH-54,Silchar-Aizawl Hwy Sec-12,Mizoram,Aizawl,23.5813,92.7286,23.6055,92.771,5.7,NH,Asphalt,0,0,0,1128,32.3,0,POOR,0.676
NH-54,Vairengte-Kolasib Corridor Sec-13,Mizoram,Kolasib,24.1486,92.6443,24.1758,92.678,13.1,NH,Asphalt,0,0,0,631,26.7,0,POOR,0.513
NH-54,Aizawl-Lunglei Road Sec-14,Mizoram,Lunglei,22.8001,92.5975,22.8378,92.6186,16.1,NH,Asphalt,0,0,0,1073,33.7,0,POOR,0.497
NH-08,Assam-Agartala National Hwy Sec-15,Tripura,West Tripura,23.8645,91.3311,23.8941,91.3562,10.4,NH,Asphalt,0,0,0,56,3.7,0,GOOD,0.138
NH-08,Agartala-Udaipur Hwy Sec-16,Tripura,Sipahijala,23.5757,91.2845,23.5955,91.3046,4.7,NH,Concrete,0,0,0,20,0.7,0,GOOD,0.061
NH-08,Ambassa Corridor Sec-17,Tripura,Dhalai,23.9988,91.7348,24.0231,91.765,13.2,NH,Concrete,0,0,0,110,13.9,0,FAIR,0.446
NH-13,Bhalukpong-Tawang Hwy Sec-18,Arunachal Pradesh,Tawang,27.5722,91.9105,27.604,91.9308,12.8,NH,Asphalt,0,0,1,2935,45.5,0,CRITICAL,0.829
NH-13,Trans-Arunachal Hwy Sec-19,Arunachal Pradesh,West Kameng,27.2907,92.4839,27.308,92.5017,14.1,NH,Asphalt,0,0,1,2253,37.6,0,CRITICAL,0.823
NH-415,Itanagar-Naharlagun Corridor Sec-20,Arunachal Pradesh,Papum Pare,27.0972,93.589,27.1396,93.6239,16.0,NH,Asphalt,0,0,0,295,16.2,0,FAIR,0.381
NH-515,Pasighat Corridor Sec-1,Arunachal Pradesh,East Siang,28.049,95.4612,28.0684,95.4864,9.3,NH,Asphalt,0,1,0,204,8.5,0,GOOD,0.149
NH-13,Ziro-Yachuli Road Sec-2,Arunachal Pradesh,Lower Subansiri,27.5102,93.9505,27.5292,93.9771,15.9,NH,Asphalt,0,0,0,1582,31.7,0,POOR,0.457
NH-27,East-West Corridor Sec-3,Assam,Kamrup Metropolitan,26.0514,91.6228,26.0885,91.6641,15.3,NH,Asphalt,0,1,0,103,2.8,0,GOOD,0.172
NH-27,Amingaon-Rangia Hwy Sec-4,Assam,Kamrup Rural,26.0986,91.6038,26.1233,91.6255,15.7,NH,Concrete,1,1,0,20,0.4,0,GOOD,0.193
NH-15,North Bank Hwy Sec-5,Assam,Darrang,26.5986,92.1171,26.6434,92.1329,7.5,NH,Asphalt,0,1,0,20,0.4,0,GOOD,0.133
NH-15,Tezpur-Biswanath Hwy Sec-6,Assam,Sonitpur,26.5459,92.7074,26.5675,92.7487,10.4,NH,Asphalt,0,1,0,129,0.8,0,GOOD,0.201
NH-37,Upper Assam Hwy Sec-7,Assam,Dibrugarh,27.5594,94.9408,27.5788,94.9647,17.5,NH,Asphalt,0,1,0,83,2.6,1,POOR,0.502
NH-37,Silchar-Badarpur Corridor Sec-8,Assam,Cachar,24.7223,92.7041,24.7518,92.7323,12.0,NH,Asphalt,0,1,0,20,0.4,0,GOOD,0.094
NH-27,Kaziranga Bypass Sec-9,Assam,Nagaon,26.2347,92.6415,26.2555,92.6621,11.5,NH,Asphalt,0,1,0,104,0.4,0,GOOD,0.082
NH-206,Shillong-Dawki Hwy Sec-10,Meghalaya,East Khasi Hills,25.4811,91.759,25.5232,91.7856,8.0,NH,Asphalt,0,0,0,1524,30.1,0,POOR,0.536
NH-127B,Nongstoin Road Sec-11,Meghalaya,West Khasi Hills,25.3791,91.2445,25.418,91.2704,15.3,NH,Asphalt,0,0,0,1266,28.1,0,POOR,0.645
NH-06,Guwahati-Shillong Expressway Sec-12,Meghalaya,Ri-Bhoi,25.9012,92.0136,25.9291,92.0395,17.0,NH,Asphalt,0,0,0,495,17.6,0,FAIR,0.416
NH-06,Jowai Bypass Sec-13,Meghalaya,West Jaintia Hills,25.4977,92.1405,25.5197,92.1717,5.5,NH,Asphalt,0,0,0,1352,28.3,0,POOR,0.538
NH-10,Sevoke-Gangtok Hwy Sec-14,Sikkim,East Sikkim,27.3326,88.577,27.3684,88.6016,15.7,NH,Asphalt,0,1,0,1677,40.0,1,CRITICAL,0.83
NH-310,Mangan-Chungthang Road Sec-15,Sikkim,North Sikkim,27.4831,88.6698,27.5192,88.7087,12.3,NH,Asphalt,0,1,1,2431,49.0,1,CRITICAL,0.859
NH-510,Namchi-Jorethang Rd Sec-16,Sikkim,South Sikkim,27.1025,88.3899,27.1204,88.4324,17.8,NH,Asphalt,0,1,0,1310,37.3,0,POOR,0.505
NH-29,Dimapur-Kohima Corridor Sec-17,Nagaland,Kohima,25.7043,94.0471,25.7406,94.0782,5.9,NH,Asphalt,0,0,0,1444,36.3,0,POOR,0.489
NH-29,Dimapur Gateway Sec-18,Nagaland,Dimapur,25.9673,93.8333,26.0071,93.8551,9.2,NH,Asphalt,0,0,0,218,5.7,0,GOOD,0.244
NH-02,Mokokchung-Amguri Rd Sec-19,Nagaland,Mokokchung,26.4346,94.499,26.4707,94.5433,15.6,NH,Asphalt,0,0,0,1373,29.6,0,POOR,0.592
NH-02,Imphal Ring Road Sec-20,Manipur,Imphal West,24.803,93.9116,24.8247,93.9347,15.8,NH,Asphalt,0,1,0,737,1.3,0,GOOD,0.246
NH-02,Imphal-Churachandpur Hwy Sec-1,Manipur,Bishnupur,24.5589,93.9006,24.5877,93.9287,12.5,NH,Asphalt,0,1,0,797,5.6,1,POOR,0.528
NH-02,Mao-Maram Highway Sec-2,Manipur,Senapati,25.3595,93.888,25.3764,93.9329,4.8,NH,Asphalt,0,0,0,1202,30.7,0,POOR,0.612
NH-54,Silchar-Aizawl Hwy Sec-3,Mizoram,Aizawl,23.6161,92.5856,23.6446,92.6201,16.6,NH,Asphalt,0,0,0,1141,33.3,0,POOR,0.501
NH-54,Vairengte-Kolasib Corridor Sec-4,Mizoram,Kolasib,24.1932,92.7921,24.2225,92.8283,5.4,NH,Asphalt,0,0,0,670,25.8,0,POOR,0.51
NH-54,Aizawl-Lunglei Road Sec-5,Mizoram,Lunglei,22.9463,92.8805,22.9719,92.9241,8.2,NH,Asphalt,0,0,0,1036,30.6,0,POOR,0.568
NH-08,Assam-Agartala National Hwy Sec-6,Tripura,West Tripura,23.8337,91.1832,23.8563,91.2251,4.9,NH,Asphalt,0,0,0,36,0.7,0,GOOD,0.114
NH-08,Agartala-Udaipur Hwy Sec-7,Tripura,Sipahijala,23.7386,91.2723,23.7665,91.3102,6.3,NH,Asphalt,0,0,0,69,1.9,0,GOOD,0.084
NH-08,Ambassa Corridor Sec-8,Tripura,Dhalai,23.8287,91.8683,23.8636,91.8926,13.9,NH,Asphalt,0,0,0,178,13.6,0,FAIR,0.303
NH-13,Bhalukpong-Tawang Hwy Sec-9,Arunachal Pradesh,Tawang,27.6289,91.7173,27.653,91.7393,15.3,NH,Asphalt,0,0,1,2958,45.3,0,CRITICAL,0.708
NH-13,Trans-Arunachal Hwy Sec-10,Arunachal Pradesh,West Kameng,27.1232,92.3479,27.1534,92.3751,14.8,NH,Asphalt,0,0,1,2237,37.0,0,CRITICAL,0.855
NH-415,Itanagar-Naharlagun Corridor Sec-11,Arunachal Pradesh,Papum Pare,26.9522,93.7276,26.9966,93.7602,16.1,NH,Asphalt,0,0,0,332,19.3,0,FAIR,0.348
NH-515,Pasighat Corridor Sec-12,Arunachal Pradesh,East Siang,28.1383,95.4675,28.1824,95.4841,14.7,NH,Asphalt,0,1,0,106,10.4,1,FAIR,0.269
NH-13,Ziro-Yachuli Road Sec-13,Arunachal Pradesh,Lower Subansiri,27.5259,93.7823,27.5641,93.7994,5.4,NH,Asphalt,0,0,0,1547,31.5,0,POOR,0.489
NH-27,East-West Corridor Sec-14,Assam,Kamrup Metropolitan,26.2769,91.7651,26.3043,91.7849,7.1,NH,Asphalt,0,1,0,108,0.4,0,GOOD,0.071
NH-27,Amingaon-Rangia Hwy Sec-15,Assam,Kamrup Rural,26.2204,91.6142,26.2651,91.6543,4.9,NH,Asphalt,0,1,0,32,0.6,0,GOOD,0.173
NH-15,North Bank Hwy Sec-16,Assam,Darrang,26.4841,92.0053,26.5091,92.0231,9.9,NH,Asphalt,0,1,0,20,2.4,1,POOR,0.472
NH-15,Tezpur-Biswanath Hwy Sec-17,Assam,Sonitpur,26.6128,92.7276,26.6484,92.7667,9.6,NH,Asphalt,0,1,0,104,2.6,0,GOOD,0.201
NH-37,Upper Assam Hwy Sec-18,Assam,Dibrugarh,27.4153,94.8282,27.4557,94.8487,8.7,NH,Concrete,0,1,0,124,0.4,1,GOOD,0.054
NH-37,Silchar-Badarpur Corridor Sec-19,Assam,Cachar,24.9669,92.8591,24.9948,92.8817,5.7,NH,Concrete,0,1,0,62,0.6,1,POOR,0.507
NH-27,Kaziranga Bypass Sec-20,Assam,Nagaon,26.1975,92.7581,26.2185,92.7836,13.2,NH,Concrete,1,0,0,26,0.4,0,GOOD,0.228
NH-206,Shillong-Dawki Hwy Sec-1,Meghalaya,East Khasi Hills,25.4978,91.9109,25.5156,91.9336,16.4,NH,Asphalt,0,0,0,1515,32.0,0,POOR,0.615
NH-127B,Nongstoin Road Sec-2,Meghalaya,West Khasi Hills,25.6185,91.1227,25.6353,91.1544,13.7,NH,Asphalt,0,0,0,1222,27.8,0,POOR,0.467
NH-06,Guwahati-Shillong Expressway Sec-3,Meghalaya,Ri-Bhoi,25.8439,91.8588,25.8618,91.8739,17.8,NH,Asphalt,0,0,0,541,17.5,0,FAIR,0.414
NH-06,Jowai Bypass Sec-4,Meghalaya,West Jaintia Hills,25.3346,92.0563,25.35,92.0811,8.6,NH,Asphalt,0,0,0,1311,24.4,0,POOR,0.563
NH-10,Sevoke-Gangtok Hwy Sec-5,Sikkim,East Sikkim,27.3269,88.6634,27.3659,88.6954,9.6,NH,Asphalt,0,1,0,1636,39.9,0,CRITICAL,0.886
NH-310,Mangan-Chungthang Road Sec-6,Sikkim,North Sikkim,27.423,88.5767,27.4401,88.5969,13.1,NH,Asphalt,0,1,1,2457,46.4,0,CRITICAL,0.832
NH-510,Namchi-Jorethang Rd Sec-7,Sikkim,South Sikkim,27.2437,88.2665,27.2736,88.2976,17.7,NH,Asphalt,0,1,0,1339,34.5,0,POOR,0.607
NH-29,Dimapur-Kohima Corridor Sec-8,Nagaland,Kohima,25.5593,94.1116,25.5772,94.1471,6.6,NH,Asphalt,0,0,0,1495,37.2,0,POOR,0.679
NH-29,Dimapur Gateway Sec-9,Nagaland,Dimapur,26.0443,93.7711,26.0705,93.7914,10.4,NH,Asphalt,0,1,0,153,2.5,0,GOOD,0.096
NH-02,Mokokchung-Amguri Rd Sec-10,Nagaland,Mokokchung,26.2342,94.5507,26.2746,94.5889,11.3,NH,Asphalt,0,0,0,1357,32.3,0,POOR,0.594
NH-02,Imphal Ring Road Sec-11,Manipur,Imphal West,24.9524,93.9752,24.9918,94.0036,12.9,NH,Asphalt,0,1,0,784,3.5,0,GOOD,0.142
NH-02,Imphal-Churachandpur Hwy Sec-12,Manipur,Bishnupur,24.6171,93.8917,24.6602,93.9333,15.2,NH,Asphalt,0,1,0,782,4.2,0,GOOD,0.058
NH-02,Mao-Maram Highway Sec-13,Manipur,Senapati,25.207,94.1513,25.2256,94.1943,17.1,NH,Asphalt,0,0,0,1230,27.8,0,POOR,0.453
NH-54,Silchar-Aizawl Hwy Sec-14,Mizoram,Aizawl,23.7098,92.6584,23.728,92.6939,12.5,NH,Asphalt,0,0,0,1105,33.5,0,POOR,0.477
NH-54,Vairengte-Kolasib Corridor Sec-15,Mizoram,Kolasib,24.0923,92.6685,24.1123,92.6865,7.1,NH,Asphalt,0,0,0,554,22.3,0,FAIR,0.38
NH-54,Aizawl-Lunglei Road Sec-16,Mizoram,Lunglei,22.753,92.8493,22.7727,92.8827,9.1,NH,Asphalt,0,0,0,1069,29.5,0,POOR,0.58
NH-08,Assam-Agartala National Hwy Sec-17,Tripura,West Tripura,23.7968,91.3109,23.8254,91.3457,15.7,NH,Asphalt,0,0,0,76,3.3,0,GOOD,0.161
NH-08,Agartala-Udaipur Hwy Sec-18,Tripura,Sipahijala,23.7577,91.3335,23.801,91.3686,5.4,NH,Concrete,0,0,0,20,2.1,0,GOOD,0.056
NH-08,Ambassa Corridor Sec-19,Tripura,Dhalai,23.7453,91.7186,23.7645,91.7624,11.1,NH,Asphalt,0,0,0,93,13.6,0,FAIR,0.344
NH-13,Bhalukpong-Tawang Hwy Sec-20,Arunachal Pradesh,Tawang,27.7308,91.7347,27.747,91.7515,17.8,NH,Asphalt,0,0,1,2922,42.9,0,CRITICAL,0.903
NH-13,Trans-Arunachal Hwy Sec-1,Arunachal Pradesh,West Kameng,27.2458,92.3977,27.2752,92.438,13.4,NH,Asphalt,0,0,1,2206,38.5,0,CRITICAL,0.787
NH-415,Itanagar-Naharlagun Corridor Sec-2,Arunachal Pradesh,Papum Pare,27.2258,93.5828,27.2634,93.6155,15.9,NH,Asphalt,0,0,0,359,17.7,0,FAIR,0.375
NH-515,Pasighat Corridor Sec-3,Arunachal Pradesh,East Siang,28.1528,95.3702,28.1705,95.4048,16.8,NH,Asphalt,0,1,0,103,8.3,0,GOOD,0.206
NH-13,Ziro-Yachuli Road Sec-4,Arunachal Pradesh,Lower Subansiri,27.516,93.7556,27.5521,93.7863,14.7,NH,Asphalt,0,0,0,1609,33.2,0,POOR,0.63
NH-27,East-West Corridor Sec-5,Assam,Kamrup Metropolitan,26.2565,91.6862,26.2908,91.7097,6.3,NH,Asphalt,1,0,0,69,2.0,0,GOOD,0.154
NH-27,Amingaon-Rangia Hwy Sec-6,Assam,Kamrup Rural,26.1281,91.6088,26.1619,91.6359,9.6,NH,Asphalt,1,1,0,82,0.4,0,GOOD,0.222
NH-15,North Bank Hwy Sec-7,Assam,Darrang,26.5834,91.9739,26.608,92.0034,9.7,NH,Asphalt,0,1,0,40,1.8,1,GOOD,0.128
NH-15,Tezpur-Biswanath Hwy Sec-8,Assam,Sonitpur,26.5221,92.8534,26.5607,92.877,13.7,NH,Concrete,0,0,0,112,4.6,0,GOOD,0.228
NH-37,Upper Assam Hwy Sec-9,Assam,Dibrugarh,27.3508,94.9631,27.3907,94.9837,5.7,NH,Asphalt,0,1,0,113,0.4,0,GOOD,0.098
NH-37,Silchar-Badarpur Corridor Sec-10,Assam,Cachar,24.7374,92.6932,24.7748,92.7253,6.8,NH,Asphalt,0,1,0,63,1.7,1,POOR,0.514
NH-27,Kaziranga Bypass Sec-11,Assam,Nagaon,26.2365,92.5571,26.2529,92.5729,17.6,NH,Asphalt,1,1,0,112,2.4,0,GOOD,0.061
NH-206,Shillong-Dawki Hwy Sec-12,Meghalaya,East Khasi Hills,25.5907,91.9649,25.6218,92.0046,13.7,NH,Asphalt,0,0,0,1497,28.2,0,POOR,0.633
NH-127B,Nongstoin Road Sec-13,Meghalaya,West Khasi Hills,25.5899,91.1493,25.6179,91.1796,16.0,NH,Asphalt,0,0,0,1268,26.3,0,POOR,0.546
NH-06,Guwahati-Shillong Expressway Sec-14,Meghalaya,Ri-Bhoi,25.9579,91.9174,25.9882,91.9528,5.1,NH,Asphalt,0,0,0,605,14.8,0,FAIR,0.296
NH-06,Jowai Bypass Sec-15,Meghalaya,West Jaintia Hills,25.4233,92.2529,25.4447,92.2816,7.0,NH,Asphalt,0,0,0,1300,28.3,0,POOR,0.503
NH-10,Sevoke-Gangtok Hwy Sec-16,Sikkim,East Sikkim,27.4146,88.6916,27.4362,88.7162,14.1,NH,Asphalt,0,1,0,1619,42.2,1,CRITICAL,0.898
NH-310,Mangan-Chungthang Road Sec-17,Sikkim,North Sikkim,27.5926,88.5407,27.6225,88.5728,12.8,NH,Asphalt,0,1,1,2496,47.0,0,CRITICAL,0.883
NH-510,Namchi-Jorethang Rd Sec-18,Sikkim,South Sikkim,27.1911,88.3322,27.2075,88.3586,16.7,NH,Asphalt,0,1,0,1338,35.1,0,POOR,0.577
NH-29,Dimapur-Kohima Corridor Sec-19,Nagaland,Kohima,25.6833,94.2485,25.7018,94.2722,16.7,NH,Asphalt,0,0,0,1484,34.3,0,POOR,0.592
NH-29,Dimapur Gateway Sec-20,Nagaland,Dimapur,26.0187,93.5932,26.0535,93.6357,9.0,NH,Asphalt,0,0,0,196,5.7,0,GOOD,0.145
NH-02,Mokokchung-Amguri Rd Sec-1,Nagaland,Mokokchung,26.2058,94.6238,26.2261,94.6505,7.6,NH,Asphalt,0,0,0,1368,29.1,0,POOR,0.54
NH-02,Imphal Ring Road Sec-2,Manipur,Imphal West,24.7151,93.9216,24.7576,93.9487,6.6,NH,Asphalt,0,1,0,790,0.4,0,GOOD,0.233
NH-02,Imphal-Churachandpur Hwy Sec-3,Manipur,Bishnupur,24.7663,93.6811,24.7993,93.7148,8.0,NH,Asphalt,0,1,0,767,5.4,0,GOOD,0.075
NH-02,Mao-Maram Highway Sec-4,Manipur,Senapati,25.2345,93.9789,25.2772,94.0143,14.1,NH,Asphalt,0,0,0,1237,28.2,0,POOR,0.546
NH-54,Silchar-Aizawl Hwy Sec-5,Mizoram,Aizawl,23.6896,92.5761,23.7317,92.6004,17.2,NH,Asphalt,0,0,0,1189,31.0,0,POOR,0.529
NH-54,Vairengte-Kolasib Corridor Sec-6,Mizoram,Kolasib,24.1706,92.5738,24.2052,92.6162,10.0,NH,Asphalt,0,0,0,554,23.4,0,FAIR,0.35
NH-54,Aizawl-Lunglei Road Sec-7,Mizoram,Lunglei,22.9388,92.6316,22.9541,92.6713,9.6,NH,Asphalt,0,0,0,1050,31.3,0,POOR,0.555
NH-08,Assam-Agartala National Hwy Sec-8,Tripura,West Tripura,23.9533,91.1425,23.9936,91.1632,15.0,NH,Concrete,0,0,0,20,3.8,0,GOOD,0.154
NH-08,Agartala-Udaipur Hwy Sec-9,Tripura,Sipahijala,23.7032,91.3203,23.7185,91.3561,5.1,NH,Asphalt,0,0,0,20,4.4,0,GOOD,0.078
NH-08,Ambassa Corridor Sec-10,Tripura,Dhalai,23.7366,91.7715,23.7555,91.8072,5.5,NH,Asphalt,0,0,0,161,13.5,0,FAIR,0.353
NH-13,Bhalukpong-Tawang Hwy Sec-11,Arunachal Pradesh,Tawang,27.4694,91.9809,27.4878,92.0007,15.2,NH,Asphalt,0,0,1,2916,44.7,0,CRITICAL,0.753
NH-13,Trans-Arunachal Hwy Sec-12,Arunachal Pradesh,West Kameng,27.287,92.4815,27.304,92.5126,6.8,NH,Asphalt,0,0,0,2177,37.6,0,POOR,0.492
NH-415,Itanagar-Naharlagun Corridor Sec-13,Arunachal Pradesh,Papum Pare,27.0226,93.5916,27.0598,93.6353,14.2,NH,Asphalt,0,0,0,345,19.3,0,FAIR,0.263
NH-515,Pasighat Corridor Sec-14,Arunachal Pradesh,East Siang,28.0242,95.462,28.0601,95.4855,8.4,NH,Asphalt,0,1,0,164,9.2,0,GOOD,0.203
NH-13,Ziro-Yachuli Road Sec-15,Arunachal Pradesh,Lower Subansiri,27.5662,93.7971,27.6069,93.8199,14.8,NH,Asphalt,0,0,0,1560,30.1,0,POOR,0.548
NH-27,East-West Corridor Sec-16,Assam,Kamrup Metropolitan,26.1065,91.8104,26.1333,91.852,7.2,NH,Concrete,0,1,0,40,2.6,0,GOOD,0.175
NH-27,Amingaon-Rangia Hwy Sec-17,Assam,Kamrup Rural,26.2549,91.6005,26.2759,91.631,5.0,NH,Asphalt,1,0,0,96,1.3,0,GOOD,0.196
NH-15,North Bank Hwy Sec-18,Assam,Darrang,26.342,91.9867,26.3581,92.0133,5.6,NH,Asphalt,0,1,0,35,2.7,1,POOR,0.606
NH-15,Tezpur-Biswanath Hwy Sec-19,Assam,Sonitpur,26.7175,92.782,26.7345,92.8101,9.5,NH,Asphalt,0,1,0,107,2.0,0,GOOD,0.144
NH-37,Upper Assam Hwy Sec-20,Assam,Dibrugarh,27.3633,94.9768,27.3916,95.0149,13.4,NH,Asphalt,0,1,0,168,0.6,1,GOOD,0.128
NH-37,Silchar-Badarpur Corridor Sec-1,Assam,Cachar,24.6964,92.6887,24.7265,92.7329,14.9,NH,Asphalt,0,1,0,20,0.9,1,POOR,0.536
NH-27,Kaziranga Bypass Sec-2,Assam,Nagaon,26.3147,92.7786,26.331,92.794,6.6,NH,Asphalt,1,0,0,64,0.4,0,GOOD,0.178
NH-206,Shillong-Dawki Hwy Sec-3,Meghalaya,East Khasi Hills,25.4861,91.8504,25.5064,91.8793,16.7,NH,Asphalt,0,0,0,1529,28.2,0,POOR,0.564
NH-127B,Nongstoin Road Sec-4,Meghalaya,West Khasi Hills,25.442,91.3498,25.4587,91.3762,17.3,NH,Asphalt,0,0,0,1275,29.9,0,POOR,0.645
NH-06,Guwahati-Shillong Expressway Sec-5,Meghalaya,Ri-Bhoi,26.0184,91.846,26.0486,91.8678,13.0,NH,Asphalt,0,0,0,513,16.5,0,FAIR,0.425
NH-06,Jowai Bypass Sec-6,Meghalaya,West Jaintia Hills,25.5773,92.2058,25.6024,92.2424,4.8,NH,Asphalt,0,0,0,1372,23.9,0,FAIR,0.284
NH-10,Sevoke-Gangtok Hwy Sec-7,Sikkim,East Sikkim,27.3181,88.755,27.3463,88.7953,12.6,NH,Asphalt,0,1,0,1613,42.2,1,CRITICAL,0.73
NH-310,Mangan-Chungthang Road Sec-8,Sikkim,North Sikkim,27.374,88.5983,27.3976,88.6181,11.9,NH,Asphalt,0,1,1,2429,48.2,0,CRITICAL,0.839
NH-510,Namchi-Jorethang Rd Sec-9,Sikkim,South Sikkim,27.07,88.3332,27.0945,88.3515,5.4,NH,Asphalt,0,1,0,1297,33.9,0,POOR,0.519
NH-29,Dimapur-Kohima Corridor Sec-10,Nagaland,Kohima,25.6309,94.258,25.6614,94.2735,14.2,NH,Asphalt,0,0,0,1415,36.5,0,POOR,0.454
NH-29,Dimapur Gateway Sec-11,Nagaland,Dimapur,25.774,93.7789,25.8107,93.8035,5.0,NH,Asphalt,0,0,0,186,3.1,0,GOOD,0.228
NH-02,Mokokchung-Amguri Rd Sec-12,Nagaland,Mokokchung,26.3788,94.6558,26.4208,94.6913,4.6,NH,Asphalt,0,0,0,1278,32.7,0,POOR,0.502
NH-02,Imphal Ring Road Sec-13,Manipur,Imphal West,24.7985,93.8247,24.8136,93.8415,9.7,NH,Asphalt,0,1,0,755,3.6,0,GOOD,0.236
NH-02,Imphal-Churachandpur Hwy Sec-14,Manipur,Bishnupur,24.5973,93.7847,24.6293,93.8254,14.8,NH,Asphalt,0,1,0,787,1.8,1,GOOD,0.193
NH-02,Mao-Maram Highway Sec-15,Manipur,Senapati,25.2213,93.9932,25.2374,94.0246,4.8,NH,Asphalt,0,0,0,1199,29.9,0,POOR,0.625
NH-54,Silchar-Aizawl Hwy Sec-16,Mizoram,Aizawl,23.6965,92.7625,23.7362,92.7918,12.2,NH,Asphalt,0,0,0,1101,35.3,0,POOR,0.496
NH-54,Vairengte-Kolasib Corridor Sec-17,Mizoram,Kolasib,24.1258,92.6853,24.1524,92.7209,9.7,NH,Asphalt,0,0,0,666,24.8,0,POOR,0.504
NH-54,Aizawl-Lunglei Road Sec-18,Mizoram,Lunglei,22.8081,92.7239,22.8504,92.746,11.1,NH,Asphalt,0,0,0,1038,30.4,0,POOR,0.57
NH-08,Assam-Agartala National Hwy Sec-19,Tripura,West Tripura,23.8289,91.1736,23.8514,91.218,13.1,NH,Asphalt,0,0,0,84,0.4,0,GOOD,0.084
NH-08,Agartala-Udaipur Hwy Sec-20,Tripura,Sipahijala,23.699,91.4612,23.741,91.4898,16.4,NH,Concrete,0,0,0,75,3.9,0,GOOD,0.111
NH-08,Ambassa Corridor Sec-1,Tripura,Dhalai,23.7959,91.8042,23.8195,91.8411,17.5,NH,Asphalt,0,0,0,88,12.2,0,FAIR,0.314
NH-13,Bhalukpong-Tawang Hwy Sec-2,Arunachal Pradesh,Tawang,27.5261,91.7567,27.5488,91.7765,14.5,NH,Asphalt,0,0,1,2930,46.6,0,CRITICAL,0.735
NH-13,Trans-Arunachal Hwy Sec-3,Arunachal Pradesh,West Kameng,27.3526,92.4185,27.3806,92.4425,5.1,NH,Asphalt,0,0,0,2155,40.4,0,CRITICAL,0.745
NH-415,Itanagar-Naharlagun Corridor Sec-4,Arunachal Pradesh,Papum Pare,27.0214,93.6148,27.0487,93.6562,16.0,NH,Asphalt,0,0,0,306,18.8,0,FAIR,0.408
NH-515,Pasighat Corridor Sec-5,Arunachal Pradesh,East Siang,28.1571,95.3415,28.2017,95.3603,13.0,NH,Asphalt,0,1,0,173,11.1,1,POOR,0.488
NH-13,Ziro-Yachuli Road Sec-6,Arunachal Pradesh,Lower Subansiri,27.5194,93.8951,27.5406,93.9223,16.4,NH,Asphalt,0,0,0,1561,32.5,0,POOR,0.457
NH-27,East-West Corridor Sec-7,Assam,Kamrup Metropolitan,26.2415,91.6083,26.2703,91.6369,17.4,NH,Asphalt,1,0,0,35,1.9,0,GOOD,0.176
NH-27,Amingaon-Rangia Hwy Sec-8,Assam,Kamrup Rural,26.239,91.5154,26.274,91.5344,11.7,NH,Concrete,0,1,0,110,2.5,0,GOOD,0.245
NH-15,North Bank Hwy Sec-9,Assam,Darrang,26.4783,92.1113,26.5104,92.1547,14.3,NH,Asphalt,0,1,0,20,0.8,0,GOOD,0.116
NH-15,Tezpur-Biswanath Hwy Sec-10,Assam,Sonitpur,26.5004,92.6798,26.5263,92.7087,16.1,NH,Asphalt,0,1,0,37,1.1,0,GOOD,0.074
NH-37,Upper Assam Hwy Sec-11,Assam,Dibrugarh,27.6032,94.8296,27.6294,94.8538,9.8,NH,Asphalt,0,1,0,168,0.9,1,GOOD,0.164
NH-37,Silchar-Badarpur Corridor Sec-12,Assam,Cachar,24.707,92.6878,24.7361,92.7191,10.6,NH,Asphalt,0,1,0,35,0.7,0,GOOD,0.231
NH-27,Kaziranga Bypass Sec-13,Assam,Nagaon,26.3795,92.562,26.4232,92.6031,10.1,NH,Concrete,1,0,0,86,0.4,0,GOOD,0.207
NH-206,Shillong-Dawki Hwy Sec-14,Meghalaya,East Khasi Hills,25.4751,91.9409,25.5168,91.9757,17.2,NH,Asphalt,0,0,0,1522,32.5,0,POOR,0.593
NH-127B,Nongstoin Road Sec-15,Meghalaya,West Khasi Hills,25.6372,91.1224,25.6652,91.1657,4.8,NH,Asphalt,0,0,0,1330,25.6,0,POOR,0.522
NH-06,Guwahati-Shillong Expressway Sec-16,Meghalaya,Ri-Bhoi,25.9424,91.903,25.9636,91.935,6.8,NH,Asphalt,0,0,0,573,15.1,0,FAIR,0.358
NH-06,Jowai Bypass Sec-17,Meghalaya,West Jaintia Hills,25.4854,92.0591,25.5299,92.0945,14.9,NH,Asphalt,0,0,0,1383,26.6,0,POOR,0.471
NH-10,Sevoke-Gangtok Hwy Sec-18,Sikkim,East Sikkim,27.4759,88.6014,27.5101,88.6337,15.3,NH,Asphalt,0,1,0,1693,43.5,1,CRITICAL,0.849
NH-310,Mangan-Chungthang Road Sec-19,Sikkim,North Sikkim,27.4861,88.6066,27.5056,88.6311,7.8,NH,Asphalt,0,1,1,2410,48.2,0,CRITICAL,0.86
NH-510,Namchi-Jorethang Rd Sec-20,Sikkim,South Sikkim,27.0812,88.382,27.1184,88.4199,11.1,NH,Asphalt,0,1,0,1280,38.0,0,POOR,0.672
NH-29,Dimapur-Kohima Corridor Sec-1,Nagaland,Kohima,25.8215,94.0622,25.8548,94.1001,11.7,NH,Asphalt,0,0,0,1431,34.0,0,POOR,0.51
NH-29,Dimapur Gateway Sec-2,Nagaland,Dimapur,25.9253,93.6732,25.9591,93.6893,5.8,NH,Asphalt,0,0,0,194,1.9,0,GOOD,0.054
NH-02,Mokokchung-Amguri Rd Sec-3,Nagaland,Mokokchung,26.2173,94.3852,26.2343,94.4008,16.9,NH,Asphalt,0,0,0,1309,32.8,0,POOR,0.575
NH-02,Imphal Ring Road Sec-4,Manipur,Imphal West,24.9558,94.0575,24.9969,94.0824,5.7,NH,Asphalt,0,1,0,829,1.3,0,GOOD,0.191
NH-02,Imphal-Churachandpur Hwy Sec-5,Manipur,Bishnupur,24.5762,93.8434,24.6191,93.8691,14.5,NH,Asphalt,0,1,0,773,6.0,0,GOOD,0.208
NH-02,Mao-Maram Highway Sec-6,Manipur,Senapati,25.3737,94.0092,25.4174,94.0334,5.4,NH,Asphalt,0,0,0,1201,31.7,0,POOR,0.495
NH-54,Silchar-Aizawl Hwy Sec-7,Mizoram,Aizawl,23.8671,92.6321,23.9008,92.6566,16.7,NH,Asphalt,0,0,0,1115,30.7,0,POOR,0.51
NH-54,Vairengte-Kolasib Corridor Sec-8,Mizoram,Kolasib,24.2493,92.7829,24.2777,92.8081,6.9,NH,Asphalt,0,0,0,636,24.4,0,POOR,0.568
NH-54,Aizawl-Lunglei Road Sec-9,Mizoram,Lunglei,22.9842,92.7193,23.0083,92.7584,6.7,NH,Asphalt,0,0,0,1072,30.3,0,POOR,0.526
NH-08,Assam-Agartala National Hwy Sec-10,Tripura,West Tripura,23.8025,91.1504,23.8439,91.1703,6.1,NH,Asphalt,0,0,0,20,2.5,0,GOOD,0.222
NH-08,Agartala-Udaipur Hwy Sec-11,Tripura,Sipahijala,23.651,91.1841,23.6783,91.2159,13.0,NH,Asphalt,0,0,0,36,2.8,0,GOOD,0.145
NH-08,Ambassa Corridor Sec-12,Tripura,Dhalai,23.9476,91.887,23.971,91.9274,7.9,NH,Asphalt,0,0,0,158,10.1,0,FAIR,0.41
NH-13,Bhalukpong-Tawang Hwy Sec-13,Arunachal Pradesh,Tawang,27.5543,91.9479,27.5727,91.9913,16.8,NH,Asphalt,0,0,1,2883,44.8,0,CRITICAL,0.828
NH-13,Trans-Arunachal Hwy Sec-14,Arunachal Pradesh,West Kameng,27.1578,92.4466,27.1757,92.4628,16.4,NH,Asphalt,0,0,0,2191,38.0,0,POOR,0.628
NH-415,Itanagar-Naharlagun Corridor Sec-15,Arunachal Pradesh,Papum Pare,26.9915,93.5665,27.0207,93.5958,14.9,NH,Asphalt,0,0,0,320,18.6,0,FAIR,0.317
NH-515,Pasighat Corridor Sec-16,Arunachal Pradesh,East Siang,28.1839,95.2179,28.2165,95.2625,9.4,NH,Asphalt,0,1,0,214,9.8,1,GOOD,0.216
NH-13,Ziro-Yachuli Road Sec-17,Arunachal Pradesh,Lower Subansiri,27.6972,93.9018,27.7254,93.934,10.5,NH,Asphalt,0,0,0,1538,32.9,0,POOR,0.513
NH-27,East-West Corridor Sec-18,Assam,Kamrup Metropolitan,26.1474,91.7332,26.163,91.763,13.6,NH,Asphalt,1,0,0,67,0.4,0,GOOD,0.159
NH-27,Amingaon-Rangia Hwy Sec-19,Assam,Kamrup Rural,26.1455,91.6141,26.1631,91.6402,6.9,NH,Asphalt,0,0,0,51,1.3,0,GOOD,0.093
NH-15,North Bank Hwy Sec-20,Assam,Darrang,26.5196,92.0874,26.5621,92.1057,17.1,NH,Asphalt,0,1,0,20,1.6,1,POOR,0.559
NH-15,Tezpur-Biswanath Hwy Sec-1,Assam,Sonitpur,26.6805,92.9342,26.7014,92.9682,8.4,NH,Asphalt,0,1,0,92,2.5,0,GOOD,0.114
NH-37,Upper Assam Hwy Sec-2,Assam,Dibrugarh,27.4979,94.8132,27.5365,94.8388,17.8,NH,Asphalt,0,1,0,128,1.9,0,GOOD,0.103
NH-37,Silchar-Badarpur Corridor Sec-3,Assam,Cachar,24.7974,92.8754,24.8311,92.9081,17.9,NH,Asphalt,0,1,0,20,0.4,0,GOOD,0.243
NH-27,Kaziranga Bypass Sec-4,Assam,Nagaon,26.2282,92.5397,26.2508,92.5701,17.8,NH,Asphalt,1,1,0,44,0.6,0,GOOD,0.082
NH-206,Shillong-Dawki Hwy Sec-5,Meghalaya,East Khasi Hills,25.49,91.8938,25.5146,91.9138,13.3,NH,Asphalt,0,0,0,1508,32.6,0,POOR,0.631
NH-127B,Nongstoin Road Sec-6,Meghalaya,West Khasi Hills,25.5808,91.1287,25.6168,91.1516,17.9,NH,Asphalt,0,0,0,1237,28.1,0,POOR,0.676
NH-06,Guwahati-Shillong Expressway Sec-7,Meghalaya,Ri-Bhoi,26.0494,91.8735,26.0745,91.8967,17.9,NH,Asphalt,0,0,0,538,15.6,0,FAIR,0.254
NH-06,Jowai Bypass Sec-8,Meghalaya,West Jaintia Hills,25.5736,92.1527,25.6083,92.1875,9.0,NH,Asphalt,0,0,0,1315,26.9,0,POOR,0.611
NH-10,Sevoke-Gangtok Hwy Sec-9,Sikkim,East Sikkim,27.3931,88.6976,27.409,88.7388,17.0,NH,Asphalt,0,1,0,1623,42.6,1,CRITICAL,0.756
NH-310,Mangan-Chungthang Road Sec-10,Sikkim,North Sikkim,27.424,88.5674,27.4393,88.5996,8.6,NH,Asphalt,0,1,1,2418,50.7,0,CRITICAL,0.709
NH-510,Namchi-Jorethang Rd Sec-11,Sikkim,South Sikkim,27.2514,88.4115,27.2724,88.4406,9.7,NH,Asphalt,0,1,0,1328,37.2,0,POOR,0.543
NH-29,Dimapur-Kohima Corridor Sec-12,Nagaland,Kohima,25.6297,94.2387,25.6656,94.2618,9.6,NH,Asphalt,0,0,0,1481,36.9,0,POOR,0.665
NH-29,Dimapur Gateway Sec-13,Nagaland,Dimapur,25.9288,93.7405,25.9548,93.7709,17.9,NH,Asphalt,0,0,0,249,6.2,0,GOOD,0.052
NH-02,Mokokchung-Amguri Rd Sec-14,Nagaland,Mokokchung,26.4614,94.6114,26.4891,94.6476,6.3,NH,Asphalt,0,0,0,1297,28.7,0,POOR,0.585
NH-02,Imphal Ring Road Sec-15,Manipur,Imphal West,24.6907,94.064,24.7161,94.0868,7.1,NH,Asphalt,0,1,0,808,1.0,0,GOOD,0.15
NH-02,Imphal-Churachandpur Hwy Sec-16,Manipur,Bishnupur,24.543,93.7761,24.5664,93.7936,10.6,NH,Asphalt,0,1,0,829,3.8,1,POOR,0.651
NH-02,Mao-Maram Highway Sec-17,Manipur,Senapati,25.1428,94.0823,25.178,94.1215,16.8,NH,Asphalt,0,0,0,1220,28.2,0,POOR,0.469
NH-54,Silchar-Aizawl Hwy Sec-18,Mizoram,Aizawl,23.7364,92.759,23.7772,92.8009,4.8,NH,Asphalt,0,0,0,1076,31.0,0,POOR,0.607
NH-54,Vairengte-Kolasib Corridor Sec-19,Mizoram,Kolasib,24.2117,92.7344,24.2306,92.7723,7.8,NH,Asphalt,0,0,0,567,22.0,0,FAIR,0.386
NH-54,Aizawl-Lunglei Road Sec-20,Mizoram,Lunglei,23.0087,92.7121,23.029,92.729,12.2,NH,Asphalt,0,0,0,1079,33.4,0,POOR,0.604
NH-08,Assam-Agartala National Hwy Sec-1,Tripura,West Tripura,23.8767,91.3636,23.8988,91.3812,5.5,NH,Asphalt,0,0,0,20,1.2,0,GOOD,0.238
NH-08,Agartala-Udaipur Hwy Sec-2,Tripura,Sipahijala,23.7574,91.1888,23.7945,91.214,16.8,NH,Concrete,0,0,0,45,1.7,0,GOOD,0.215
NH-08,Ambassa Corridor Sec-3,Tripura,Dhalai,23.9551,91.7112,23.9876,91.7552,17.6,NH,Asphalt,0,0,0,197,10.4,0,FAIR,0.258
NH-13,Bhalukpong-Tawang Hwy Sec-4,Arunachal Pradesh,Tawang,27.4888,91.9853,27.5227,92.0102,13.5,NH,Asphalt,0,0,1,2947,44.0,0,CRITICAL,0.804
NH-13,Trans-Arunachal Hwy Sec-5,Arunachal Pradesh,West Kameng,27.3955,92.5545,27.4289,92.5712,6.4,NH,Asphalt,0,0,1,2258,36.9,0,CRITICAL,0.788
NH-415,Itanagar-Naharlagun Corridor Sec-6,Arunachal Pradesh,Papum Pare,27.0399,93.6474,27.0824,93.6902,7.0,NH,Asphalt,0,0,0,378,20.9,0,FAIR,0.312
NH-515,Pasighat Corridor Sec-7,Arunachal Pradesh,East Siang,28.2127,95.339,28.2492,95.3567,10.3,NH,Asphalt,0,1,0,158,11.1,1,POOR,0.554
NH-13,Ziro-Yachuli Road Sec-8,Arunachal Pradesh,Lower Subansiri,27.5513,93.7619,27.5869,93.7832,14.2,NH,Asphalt,0,0,0,1603,30.5,0,POOR,0.538
NH-27,East-West Corridor Sec-9,Assam,Kamrup Metropolitan,26.1322,91.6634,26.1588,91.6972,7.1,NH,Asphalt,0,1,0,20,0.4,0,GOOD,0.136
NH-27,Amingaon-Rangia Hwy Sec-10,Assam,Kamrup Rural,26.1235,91.6143,26.1534,91.6505,10.8,NH,Asphalt,0,0,0,22,0.4,0,GOOD,0.246
NH-15,North Bank Hwy Sec-11,Assam,Darrang,26.5711,92.1291,26.6119,92.1574,11.4,NH,Concrete,0,1,0,57,0.4,1,GOOD,0.068
NH-15,Tezpur-Biswanath Hwy Sec-12,Assam,Sonitpur,26.5124,92.9371,26.5566,92.96,16.4,NH,Asphalt,0,1,0,79,1.2,0,GOOD,0.234
NH-37,Upper Assam Hwy Sec-13,Assam,Dibrugarh,27.401,94.8327,27.4217,94.8514,14.8,NH,Concrete,0,1,0,144,0.4,0,GOOD,0.146
NH-37,Silchar-Badarpur Corridor Sec-14,Assam,Cachar,24.858,92.8008,24.8985,92.8385,7.6,NH,Asphalt,0,1,0,20,2.6,0,GOOD,0.175
NH-27,Kaziranga Bypass Sec-15,Assam,Nagaon,26.2138,92.5695,26.2539,92.5934,10.1,NH,Asphalt,1,0,0,43,0.4,0,GOOD,0.216
NH-206,Shillong-Dawki Hwy Sec-16,Meghalaya,East Khasi Hills,25.7057,92.0096,25.7282,92.0349,7.8,NH,Asphalt,0,0,0,1528,29.6,0,POOR,0.533
NH-127B,Nongstoin Road Sec-17,Meghalaya,West Khasi Hills,25.6348,91.1985,25.65,91.2402,13.7,NH,Asphalt,0,0,0,1298,26.6,0,POOR,0.549
NH-06,Guwahati-Shillong Expressway Sec-18,Meghalaya,Ri-Bhoi,25.8935,91.8665,25.9169,91.8863,5.3,NH,Asphalt,0,0,0,567,15.9,0,FAIR,0.332
NH-06,Jowai Bypass Sec-19,Meghalaya,West Jaintia Hills,25.5738,92.2772,25.6036,92.3193,5.3,NH,Asphalt,0,0,0,1372,26.8,0,POOR,0.536
NH-10,Sevoke-Gangtok Hwy Sec-20,Sikkim,East Sikkim,27.2631,88.6829,27.3008,88.7108,13.6,NH,Asphalt,0,1,0,1701,43.4,1,CRITICAL,0.904
NH-310,Mangan-Chungthang Road Sec-1,Sikkim,North Sikkim,27.5085,88.5085,27.5505,88.5369,17.7,NH,Asphalt,0,1,1,2507,48.8,1,CRITICAL,0.882
NH-510,Namchi-Jorethang Rd Sec-2,Sikkim,South Sikkim,27.1843,88.3516,27.2195,88.3762,14.9,NH,Asphalt,0,1,0,1313,36.4,1,POOR,0.475
NH-29,Dimapur-Kohima Corridor Sec-3,Nagaland,Kohima,25.7814,94.0912,25.8238,94.1271,12.7,NH,Asphalt,0,0,0,1467,34.3,0,POOR,0.475
NH-29,Dimapur Gateway Sec-4,Nagaland,Dimapur,25.7841,93.7306,25.8279,93.7627,14.3,NH,Asphalt,0,1,0,238,1.6,0,GOOD,0.136
NH-02,Mokokchung-Amguri Rd Sec-5,Nagaland,Mokokchung,26.2996,94.5392,26.3242,94.5649,15.4,NH,Asphalt,0,0,0,1331,30.8,0,POOR,0.473
NH-02,Imphal Ring Road Sec-6,Manipur,Imphal West,24.884,93.9056,24.9101,93.9296,11.1,NH,Asphalt,0,1,0,829,0.4,0,GOOD,0.174
NH-02,Imphal-Churachandpur Hwy Sec-7,Manipur,Bishnupur,24.5043,93.7416,24.5357,93.7789,7.6,NH,Asphalt,0,1,0,799,1.3,0,GOOD,0.079
NH-02,Mao-Maram Highway Sec-8,Manipur,Senapati,25.3904,93.8807,25.4105,93.9164,10.0,NH,Asphalt,0,0,0,1309,29.4,0,POOR,0.57
NH-54,Silchar-Aizawl Hwy Sec-9,Mizoram,Aizawl,23.6311,92.6082,23.6725,92.6329,15.2,NH,Asphalt,0,0,0,1152,35.4,0,POOR,0.452
NH-54,Vairengte-Kolasib Corridor Sec-10,Mizoram,Kolasib,24.1961,92.8279,24.2395,92.855,16.2,NH,Asphalt,0,0,0,598,24.2,0,POOR,0.523
NH-54,Aizawl-Lunglei Road Sec-11,Mizoram,Lunglei,22.8432,92.6141,22.8721,92.6337,14.5,NH,Asphalt,0,0,0,1044,33.4,0,POOR,0.606
NH-08,Assam-Agartala National Hwy Sec-12,Tripura,West Tripura,23.9396,91.1724,23.9662,91.2159,16.3,NH,Asphalt,0,0,0,43,1.6,0,GOOD,0.147
NH-08,Agartala-Udaipur Hwy Sec-13,Tripura,Sipahijala,23.7786,91.4124,23.805,91.4535,6.5,NH,Asphalt,0,0,0,68,0.6,0,GOOD,0.246
NH-08,Ambassa Corridor Sec-14,Tripura,Dhalai,23.902,91.8633,23.93,91.9028,16.7,NH,Concrete,0,0,0,148,11.4,0,FAIR,0.425
NH-13,Bhalukpong-Tawang Hwy Sec-15,Arunachal Pradesh,Tawang,27.5743,91.7559,27.6177,91.7774,4.7,NH,Asphalt,0,0,1,2864,46.7,0,CRITICAL,0.779
NH-13,Trans-Arunachal Hwy Sec-16,Arunachal Pradesh,West Kameng,27.1484,92.5087,27.1776,92.5318,7.2,NH,Asphalt,0,0,0,2193,38.6,0,CRITICAL,0.71
NH-415,Itanagar-Naharlagun Corridor Sec-17,Arunachal Pradesh,Papum Pare,27.2171,93.5388,27.247,93.5585,15.7,NH,Asphalt,0,0,0,268,16.5,0,FAIR,0.419
NH-515,Pasighat Corridor Sec-18,Arunachal Pradesh,East Siang,28.0953,95.387,28.1359,95.4103,7.1,NH,Asphalt,0,1,0,101,7.9,1,POOR,0.66
NH-13,Ziro-Yachuli Road Sec-19,Arunachal Pradesh,Lower Subansiri,27.5317,93.8419,27.5617,93.87,16.0,NH,Asphalt,0,0,0,1596,34.2,0,POOR,0.639
NH-27,East-West Corridor Sec-20,Assam,Kamrup Metropolitan,26.1457,91.673,26.1753,91.708,9.3,NH,Concrete,0,0,0,99,3.3,0,GOOD,0.076
NH-27,Amingaon-Rangia Hwy Sec-1,Assam,Kamrup Rural,26.2082,91.6438,26.2444,91.677,6.4,NH,Asphalt,1,1,0,102,0.4,0,GOOD,0.25
NH-15,North Bank Hwy Sec-2,Assam,Darrang,26.345,92.0791,26.3665,92.1088,17.4,NH,Asphalt,0,1,0,20,0.7,1,POOR,0.509
NH-15,Tezpur-Biswanath Hwy Sec-3,Assam,Sonitpur,26.6508,92.8201,26.676,92.8444,12.8,NH,Asphalt,0,1,0,112,4.2,0,GOOD,0.195
NH-37,Upper Assam Hwy Sec-4,Assam,Dibrugarh,27.451,94.9107,27.484,94.9416,9.1,NH,Asphalt,0,1,0,92,3.0,0,GOOD,0.232
NH-37,Silchar-Badarpur Corridor Sec-5,Assam,Cachar,24.919,92.7245,24.9547,92.7433,12.1,NH,Asphalt,0,1,0,20,1.3,1,POOR,0.504
NH-27,Kaziranga Bypass Sec-6,Assam,Nagaon,26.2504,92.6954,26.2659,92.7215,7.8,NH,Asphalt,0,1,0,34,2.7,0,GOOD,0.232
NH-206,Shillong-Dawki Hwy Sec-7,Meghalaya,East Khasi Hills,25.6411,91.985,25.6834,92.0271,13.1,NH,Asphalt,0,0,0,1547,28.3,0,POOR,0.521
NH-127B,Nongstoin Road Sec-8,Meghalaya,West Khasi Hills,25.485,91.269,25.5271,91.2983,8.3,NH,Asphalt,0,0,0,1269,26.7,0,POOR,0.675
NH-06,Guwahati-Shillong Expressway Sec-9,Meghalaya,Ri-Bhoi,25.944,92.0067,25.9692,92.0455,13.9,NH,Asphalt,0,0,0,598,15.9,0,FAIR,0.306
NH-06,Jowai Bypass Sec-10,Meghalaya,West Jaintia Hills,25.5488,92.0655,25.5909,92.1095,15.1,NH,Asphalt,0,0,0,1318,26.9,0,POOR,0.669
NH-10,Sevoke-Gangtok Hwy Sec-11,Sikkim,East Sikkim,27.451,88.5129,27.4832,88.5552,14.1,NH,Asphalt,0,1,0,1687,42.4,1,CRITICAL,0.712
NH-310,Mangan-Chungthang Road Sec-12,Sikkim,North Sikkim,27.4151,88.4627,27.4484,88.5021,7.9,NH,Asphalt,0,1,1,2506,47.7,0,CRITICAL,0.856
NH-510,Namchi-Jorethang Rd Sec-13,Sikkim,South Sikkim,27.0246,88.4811,27.0565,88.5228,8.7,NH,Asphalt,0,0,0,1334,34.3,0,POOR,0.572
NH-29,Dimapur-Kohima Corridor Sec-14,Nagaland,Kohima,25.6688,94.0314,25.7102,94.0579,6.5,NH,Asphalt,0,0,0,1457,36.8,0,POOR,0.56
NH-29,Dimapur Gateway Sec-15,Nagaland,Dimapur,25.8286,93.674,25.8532,93.7049,10.7,NH,Asphalt,0,0,0,171,3.2,0,GOOD,0.095
NH-02,Mokokchung-Amguri Rd Sec-16,Nagaland,Mokokchung,26.2828,94.4485,26.3248,94.4919,14.3,NH,Asphalt,0,0,0,1325,32.9,0,POOR,0.612
NH-02,Imphal Ring Road Sec-17,Manipur,Imphal West,24.9078,94.0035,24.9248,94.0302,7.1,NH,Asphalt,0,0,0,822,3.9,0,GOOD,0.088
NH-02,Imphal-Churachandpur Hwy Sec-18,Manipur,Bishnupur,24.5936,93.7387,24.6317,93.7751,9.4,NH,Asphalt,0,1,0,782,5.3,0,GOOD,0.161
NH-02,Mao-Maram Highway Sec-19,Manipur,Senapati,25.1149,94.026,25.1532,94.0552,7.5,NH,Asphalt,0,0,0,1264,29.9,0,POOR,0.508
NH-54,Silchar-Aizawl Hwy Sec-20,Mizoram,Aizawl,23.6228,92.6666,23.6379,92.6923,12.9,NH,Asphalt,0,0,0,1118,33.3,0,POOR,0.67
NH-54,Vairengte-Kolasib Corridor Sec-1,Mizoram,Kolasib,24.2352,92.813,24.2671,92.8515,17.4,NH,Asphalt,0,0,0,593,23.3,0,FAIR,0.256
NH-54,Aizawl-Lunglei Road Sec-2,Mizoram,Lunglei,23.02,92.7825,23.0495,92.8069,16.4,NH,Asphalt,0,0,0,1022,31.3,0,POOR,0.496
NH-08,Assam-Agartala National Hwy Sec-3,Tripura,West Tripura,23.7872,91.1788,23.8082,91.2181,7.0,NH,Asphalt,0,0,0,44,2.0,0,GOOD,0.098
NH-08,Agartala-Udaipur Hwy Sec-4,Tripura,Sipahijala,23.6476,91.3545,23.6808,91.3784,5.3,NH,Asphalt,0,0,0,20,3.1,0,GOOD,0.133
NH-08,Ambassa Corridor Sec-5,Tripura,Dhalai,23.7223,91.9454,23.753,91.9755,7.9,NH,Asphalt,0,0,0,86,13.3,0,FAIR,0.297
NH-13,Bhalukpong-Tawang Hwy Sec-6,Arunachal Pradesh,Tawang,27.6889,91.7788,27.7249,91.8194,8.5,NH,Asphalt,0,0,1,2930,42.8,0,CRITICAL,0.808
NH-13,Trans-Arunachal Hwy Sec-7,Arunachal Pradesh,West Kameng,27.2513,92.284,27.2724,92.3079,4.9,NH,Asphalt,0,0,1,2221,38.8,0,CRITICAL,0.892
NH-415,Itanagar-Naharlagun Corridor Sec-8,Arunachal Pradesh,Papum Pare,27.0954,93.613,27.1297,93.6406,9.5,NH,Asphalt,0,0,0,260,18.7,0,FAIR,0.392
NH-515,Pasighat Corridor Sec-9,Arunachal Pradesh,East Siang,27.921,95.3927,27.9593,95.4375,10.5,NH,Asphalt,0,1,0,163,11.6,1,POOR,0.583
NH-13,Ziro-Yachuli Road Sec-10,Arunachal Pradesh,Lower Subansiri,27.6439,93.8822,27.6704,93.9019,10.5,NH,Asphalt,0,0,0,1603,34.6,0,POOR,0.47
NH-27,East-West Corridor Sec-11,Assam,Kamrup Metropolitan,26.2699,91.7435,26.2943,91.7866,10.7,NH,Concrete,0,0,0,25,0.4,0,GOOD,0.189
NH-27,Amingaon-Rangia Hwy Sec-12,Assam,Kamrup Rural,26.2796,91.4922,26.3031,91.5248,8.9,NH,Concrete,1,0,0,48,0.4,0,GOOD,0.083
NH-15,North Bank Hwy Sec-13,Assam,Darrang,26.4397,91.954,26.4645,91.9833,6.4,NH,Asphalt,0,1,0,81,0.4,0,GOOD,0.207
NH-15,Tezpur-Biswanath Hwy Sec-14,Assam,Sonitpur,26.7382,92.8387,26.7645,92.8545,10.4,NH,Asphalt,0,1,0,127,2.8,1,GOOD,0.1
NH-37,Upper Assam Hwy Sec-15,Assam,Dibrugarh,27.4444,94.8752,27.4647,94.9086,14.8,NH,Asphalt,0,1,0,108,0.4,1,POOR,0.546
NH-37,Silchar-Badarpur Corridor Sec-16,Assam,Cachar,24.7347,92.7789,24.7594,92.8166,5.0,NH,Asphalt,0,1,0,20,2.5,1,POOR,0.531
NH-27,Kaziranga Bypass Sec-17,Assam,Nagaon,26.4884,92.8262,26.5251,92.8626,11.2,NH,Asphalt,1,1,0,118,1.1,0,GOOD,0.222
NH-206,Shillong-Dawki Hwy Sec-18,Meghalaya,East Khasi Hills,25.4922,92.0037,25.5103,92.0236,14.1,NH,Asphalt,0,0,0,1543,30.8,0,POOR,0.479
NH-127B,Nongstoin Road Sec-19,Meghalaya,West Khasi Hills,25.6372,91.3153,25.655,91.3411,9.3,NH,Asphalt,0,0,0,1255,30.0,0,POOR,0.58
NH-06,Guwahati-Shillong Expressway Sec-20,Meghalaya,Ri-Bhoi,25.7599,92.0086,25.7773,92.0339,5.4,NH,Asphalt,0,0,0,530,14.1,0,FAIR,0.278
NH-06,Jowai Bypass Sec-1,Meghalaya,West Jaintia Hills,25.3433,92.2962,25.3703,92.3131,10.1,NH,Asphalt,0,0,0,1375,25.5,0,POOR,0.612
NH-10,Sevoke-Gangtok Hwy Sec-2,Sikkim,East Sikkim,27.2376,88.5286,27.2763,88.5644,11.9,NH,Asphalt,0,1,0,1696,43.7,1,CRITICAL,0.899
NH-310,Mangan-Chungthang Road Sec-3,Sikkim,North Sikkim,27.5122,88.5152,27.5299,88.5364,6.6,NH,Asphalt,0,1,1,2484,46.7,0,CRITICAL,0.796
NH-510,Namchi-Jorethang Rd Sec-4,Sikkim,South Sikkim,27.2372,88.3502,27.2751,88.3913,7.6,NH,Asphalt,0,1,0,1284,34.0,0,POOR,0.562
NH-29,Dimapur-Kohima Corridor Sec-5,Nagaland,Kohima,25.7767,94.0608,25.7934,94.0963,4.8,NH,Asphalt,0,0,0,1478,36.4,0,POOR,0.663
NH-29,Dimapur Gateway Sec-6,Nagaland,Dimapur,26.0475,93.6754,26.0818,93.7113,11.0,NH,Asphalt,0,0,0,216,2.7,0,GOOD,0.154
NH-02,Mokokchung-Amguri Rd Sec-7,Nagaland,Mokokchung,26.3222,94.4767,26.3385,94.5145,17.3,NH,Asphalt,0,0,0,1380,30.4,0,POOR,0.562
NH-02,Imphal Ring Road Sec-8,Manipur,Imphal West,24.8428,93.9008,24.8864,93.9199,8.8,NH,Asphalt,0,1,0,823,2.8,0,GOOD,0.166
NH-02,Imphal-Churachandpur Hwy Sec-9,Manipur,Bishnupur,24.6963,93.6391,24.7229,93.6731,9.8,NH,Asphalt,0,1,0,729,2.9,0,GOOD,0.188
NH-02,Mao-Maram Highway Sec-10,Manipur,Senapati,25.1563,93.9769,25.1866,94.0006,4.8,NH,Asphalt,0,0,0,1236,27.5,0,POOR,0.475
NH-54,Silchar-Aizawl Hwy Sec-11,Mizoram,Aizawl,23.6696,92.6756,23.706,92.703,5.4,NH,Asphalt,0,0,0,1104,31.0,0,POOR,0.639
NH-54,Vairengte-Kolasib Corridor Sec-12,Mizoram,Kolasib,24.1993,92.6971,24.2203,92.7132,7.6,NH,Asphalt,0,0,0,615,24.0,0,FAIR,0.337
NH-54,Aizawl-Lunglei Road Sec-13,Mizoram,Lunglei,22.8362,92.6179,22.8659,92.6434,5.6,NH,Asphalt,0,0,0,1036,32.9,0,POOR,0.467
NH-08,Assam-Agartala National Hwy Sec-14,Tripura,West Tripura,23.6852,91.2609,23.7266,91.2912,15.7,NH,Asphalt,0,0,0,74,0.4,0,GOOD,0.207
NH-08,Agartala-Udaipur Hwy Sec-15,Tripura,Sipahijala,23.7566,91.4555,23.7762,91.4707,13.0,NH,Asphalt,0,0,0,45,3.1,0,GOOD,0.125
NH-08,Ambassa Corridor Sec-16,Tripura,Dhalai,23.7509,91.7807,23.7739,91.8069,9.7,NH,Asphalt,0,0,0,114,12.0,0,FAIR,0.27
NH-13,Bhalukpong-Tawang Hwy Sec-17,Arunachal Pradesh,Tawang,27.5665,91.8357,27.6041,91.8584,7.1,NH,Asphalt,0,0,1,2901,45.9,0,CRITICAL,0.839
NH-13,Trans-Arunachal Hwy Sec-18,Arunachal Pradesh,West Kameng,27.3978,92.4822,27.4397,92.509,13.3,NH,Asphalt,0,0,1,2203,38.5,0,CRITICAL,0.894
NH-415,Itanagar-Naharlagun Corridor Sec-19,Arunachal Pradesh,Papum Pare,26.9825,93.558,27.011,93.5864,17.6,NH,Asphalt,0,0,0,310,17.7,0,FAIR,0.428
NH-515,Pasighat Corridor Sec-20,Arunachal Pradesh,East Siang,28.1572,95.2749,28.1924,95.313,7.3,NH,Concrete,0,1,0,137,8.9,0,GOOD,0.242
NH-13,Ziro-Yachuli Road Sec-1,Arunachal Pradesh,Lower Subansiri,27.5953,93.8583,27.6219,93.8765,17.1,NH,Asphalt,0,0,0,1538,31.5,0,POOR,0.65
NH-27,East-West Corridor Sec-2,Assam,Kamrup Metropolitan,26.0548,91.6805,26.076,91.7183,14.4,NH,Concrete,0,1,0,45,3.5,0,GOOD,0.05
NH-27,Amingaon-Rangia Hwy Sec-3,Assam,Kamrup Rural,26.2435,91.5593,26.2649,91.5921,8.6,NH,Asphalt,0,1,0,71,2.3,0,GOOD,0.126
NH-15,North Bank Hwy Sec-4,Assam,Darrang,26.3861,92.1168,26.408,92.1585,15.9,NH,Concrete,0,1,0,38,0.4,0,GOOD,0.214
NH-15,Tezpur-Biswanath Hwy Sec-5,Assam,Sonitpur,26.6615,92.8063,26.6772,92.8217,15.7,NH,Asphalt,0,1,0,105,3.4,1,GOOD,0.123
NH-37,Upper Assam Hwy Sec-6,Assam,Dibrugarh,27.541,95.0449,27.5622,95.0883,9.7,NH,Asphalt,0,1,0,74,0.5,1,GOOD,0.17
NH-37,Silchar-Badarpur Corridor Sec-7,Assam,Cachar,24.8912,92.8746,24.9357,92.9077,6.7,NH,Asphalt,0,1,0,66,3.3,0,GOOD,0.171
NH-27,Kaziranga Bypass Sec-8,Assam,Nagaon,26.237,92.6248,26.2688,92.6484,17.8,NH,Asphalt,1,0,0,36,1.8,0,GOOD,0.123
NH-206,Shillong-Dawki Hwy Sec-9,Meghalaya,East Khasi Hills,25.6655,91.7655,25.699,91.807,16.0,NH,Asphalt,0,0,0,1506,30.4,0,POOR,0.658
NH-127B,Nongstoin Road Sec-10,Meghalaya,West Khasi Hills,25.512,91.3861,25.5456,91.4268,17.3,NH,Asphalt,0,0,0,1308,27.6,0,POOR,0.566
NH-06,Guwahati-Shillong Expressway Sec-11,Meghalaya,Ri-Bhoi,26.0405,91.9405,26.0834,91.9646,9.6,NH,Asphalt,0,0,0,593,16.7,0,FAIR,0.343
NH-06,Jowai Bypass Sec-12,Meghalaya,West Jaintia Hills,25.3255,92.2807,25.3575,92.3005,5.2,NH,Asphalt,0,0,0,1354,26.8,0,POOR,0.679
NH-10,Sevoke-Gangtok Hwy Sec-13,Sikkim,East Sikkim,27.3727,88.6255,27.3942,88.6462,10.2,NH,Asphalt,0,1,0,1672,42.9,1,CRITICAL,0.809
NH-310,Mangan-Chungthang Road Sec-14,Sikkim,North Sikkim,27.5758,88.6897,27.6171,88.707,10.1,NH,Asphalt,0,1,1,2445,46.5,1,CRITICAL,0.739
NH-510,Namchi-Jorethang Rd Sec-15,Sikkim,South Sikkim,27.0866,88.4241,27.1023,88.4622,16.6,NH,Asphalt,0,1,0,1311,36.6,0,POOR,0.568
NH-29,Dimapur-Kohima Corridor Sec-16,Nagaland,Kohima,25.6588,94.0759,25.6829,94.0988,17.1,NH,Asphalt,0,0,0,1478,36.7,0,POOR,0.637
NH-29,Dimapur Gateway Sec-17,Nagaland,Dimapur,25.802,93.8768,25.8436,93.9158,7.3,NH,Asphalt,0,0,0,196,1.8,0,GOOD,0.205
NH-02,Mokokchung-Amguri Rd Sec-18,Nagaland,Mokokchung,26.4635,94.4048,26.5061,94.4421,13.7,NH,Asphalt,0,0,0,1380,32.2,0,POOR,0.631
NH-02,Imphal Ring Road Sec-19,Manipur,Imphal West,24.7699,94.0221,24.7858,94.065,10.9,NH,Asphalt,0,1,0,791,2.1,0,GOOD,0.192
NH-02,Imphal-Churachandpur Hwy Sec-20,Manipur,Bishnupur,24.6138,93.8235,24.6292,93.8411,7.7,NH,Asphalt,0,1,0,750,1.3,1,POOR,0.508
NH-02,Mao-Maram Highway Sec-1,Manipur,Senapati,25.3232,93.8668,25.3643,93.8992,12.0,NH,Asphalt,0,0,0,1233,30.2,0,POOR,0.648
NH-54,Silchar-Aizawl Hwy Sec-2,Mizoram,Aizawl,23.6264,92.8628,23.6495,92.8989,11.0,NH,Asphalt,0,0,0,1101,33.1,0,POOR,0.655
NH-54,Vairengte-Kolasib Corridor Sec-3,Mizoram,Kolasib,24.1693,92.6579,24.2062,92.6775,5.4,NH,Asphalt,0,0,0,609,23.2,0,FAIR,0.289
NH-54,Aizawl-Lunglei Road Sec-4,Mizoram,Lunglei,22.7853,92.7821,22.8206,92.798,11.2,NH,Asphalt,0,0,0,1015,31.0,0,POOR,0.48
NH-08,Assam-Agartala National Hwy Sec-5,Tripura,West Tripura,23.9464,91.2717,23.9863,91.2991,17.6,NH,Asphalt,0,0,0,29,1.5,0,GOOD,0.245
NH-08,Agartala-Udaipur Hwy Sec-6,Tripura,Sipahijala,23.5467,91.3877,23.563,91.4046,14.9,NH,Concrete,0,0,0,75,4.5,0,GOOD,0.224
NH-08,Ambassa Corridor Sec-7,Tripura,Dhalai,23.9399,91.8611,23.9633,91.8905,15.3,NH,Concrete,0,0,0,126,11.1,0,FAIR,0.429
NH-13,Bhalukpong-Tawang Hwy Sec-8,Arunachal Pradesh,Tawang,27.5148,91.9682,27.538,92.0094,7.7,NH,Asphalt,0,0,1,2907,46.8,0,CRITICAL,0.895
NH-13,Trans-Arunachal Hwy Sec-9,Arunachal Pradesh,West Kameng,27.2311,92.3837,27.2595,92.3988,13.3,NH,Asphalt,0,0,0,2154,37.2,0,POOR,0.575
NH-415,Itanagar-Naharlagun Corridor Sec-10,Arunachal Pradesh,Papum Pare,27.1356,93.7107,27.1768,93.7508,10.4,NH,Asphalt,0,0,0,350,20.0,0,FAIR,0.379
NH-515,Pasighat Corridor Sec-11,Arunachal Pradesh,East Siang,28.0931,95.3776,28.1367,95.4073,7.6,NH,Asphalt,0,1,0,135,7.3,0,GOOD,0.159
NH-13,Ziro-Yachuli Road Sec-12,Arunachal Pradesh,Lower Subansiri,27.4549,93.888,27.4713,93.9139,12.6,NH,Asphalt,0,0,0,1565,31.8,0,POOR,0.462
NH-27,East-West Corridor Sec-13,Assam,Kamrup Metropolitan,26.1669,91.7131,26.1956,91.7423,6.7,NH,Asphalt,1,0,0,57,1.9,0,GOOD,0.199
NH-27,Amingaon-Rangia Hwy Sec-14,Assam,Kamrup Rural,26.2286,91.712,26.2601,91.7314,14.4,NH,Asphalt,1,1,0,69,0.4,0,GOOD,0.151
NH-15,North Bank Hwy Sec-15,Assam,Darrang,26.3581,92.1336,26.3852,92.1626,9.2,NH,Concrete,0,1,0,71,0.4,1,GOOD,0.18
NH-15,Tezpur-Biswanath Hwy Sec-16,Assam,Sonitpur,26.4867,92.6836,26.5261,92.7211,11.2,NH,Asphalt,0,1,0,122,1.5,0,GOOD,0.151
NH-37,Upper Assam Hwy Sec-17,Assam,Dibrugarh,27.5187,94.8847,27.5445,94.9127,12.6,NH,Asphalt,0,1,0,110,0.4,0,GOOD,0.148
NH-37,Silchar-Badarpur Corridor Sec-18,Assam,Cachar,24.8299,92.6537,24.8549,92.6795,10.8,NH,Asphalt,0,1,0,20,3.3,1,POOR,0.49
NH-27,Kaziranga Bypass Sec-19,Assam,Nagaon,26.205,92.6015,26.2459,92.6214,5.1,NH,Asphalt,0,1,0,40,0.4,0,GOOD,0.106
NH-206,Shillong-Dawki Hwy Sec-20,Meghalaya,East Khasi Hills,25.6516,91.9731,25.6854,92.0061,11.8,NH,Asphalt,0,0,0,1500,30.6,0,POOR,0.487
NH-127B,Nongstoin Road Sec-1,Meghalaya,West Khasi Hills,25.4404,91.2729,25.4804,91.2927,15.3,NH,Asphalt,0,0,0,1266,28.2,0,POOR,0.495
NH-06,Guwahati-Shillong Expressway Sec-2,Meghalaya,Ri-Bhoi,25.978,91.8624,25.9972,91.9019,7.3,NH,Asphalt,0,0,0,517,18.9,0,FAIR,0.445
NH-06,Jowai Bypass Sec-3,Meghalaya,West Jaintia Hills,25.549,92.2754,25.5848,92.2929,10.2,NH,Asphalt,0,0,0,1308,27.9,0,POOR,0.485
NH-10,Sevoke-Gangtok Hwy Sec-4,Sikkim,East Sikkim,27.2677,88.7152,27.2861,88.7452,5.1,NH,Asphalt,0,1,0,1601,41.7,0,CRITICAL,0.759
NH-310,Mangan-Chungthang Road Sec-5,Sikkim,North Sikkim,27.5827,88.4711,27.6008,88.4862,17.1,NH,Asphalt,0,1,1,2493,49.7,0,CRITICAL,0.83
NH-510,Namchi-Jorethang Rd Sec-6,Sikkim,South Sikkim,27.2783,88.3831,27.3132,88.403,7.6,NH,Asphalt,0,1,0,1294,34.5,1,POOR,0.59
NH-29,Dimapur-Kohima Corridor Sec-7,Nagaland,Kohima,25.5871,94.0207,25.6234,94.0457,6.1,NH,Asphalt,0,0,0,1387,36.2,0,POOR,0.485
NH-29,Dimapur Gateway Sec-8,Nagaland,Dimapur,25.9359,93.628,25.9729,93.6669,11.9,NH,Asphalt,0,0,0,225,2.8,0,GOOD,0.209
NH-02,Mokokchung-Amguri Rd Sec-9,Nagaland,Mokokchung,26.4607,94.5243,26.4875,94.559,9.8,NH,Asphalt,0,0,0,1375,31.9,0,POOR,0.631
NH-02,Imphal Ring Road Sec-10,Manipur,Imphal West,24.9558,94.0225,24.9881,94.06,13.8,NH,Asphalt,0,1,0,842,0.4,0,GOOD,0.097
NH-02,Imphal-Churachandpur Hwy Sec-11,Manipur,Bishnupur,24.6792,93.8249,24.7238,93.8467,13.2,NH,Asphalt,0,1,0,726,2.2,0,GOOD,0.108
NH-02,Mao-Maram Highway Sec-12,Manipur,Senapati,25.3585,94.0884,25.3782,94.1242,14.7,NH,Asphalt,0,0,0,1276,29.0,0,POOR,0.666
NH-54,Silchar-Aizawl Hwy Sec-13,Mizoram,Aizawl,23.7668,92.7559,23.8033,92.7977,17.6,NH,Asphalt,0,0,0,1118,32.8,0,POOR,0.64
NH-54,Vairengte-Kolasib Corridor Sec-14,Mizoram,Kolasib,24.334,92.5579,24.373,92.5878,16.9,NH,Asphalt,0,0,0,615,25.7,0,POOR,0.61
NH-54,Aizawl-Lunglei Road Sec-15,Mizoram,Lunglei,22.9932,92.7264,23.029,92.7506,14.7,NH,Asphalt,0,0,0,1022,30.6,0,POOR,0.469
NH-08,Assam-Agartala National Hwy Sec-16,Tripura,West Tripura,23.9137,91.3566,23.9378,91.3779,13.1,NH,Asphalt,0,0,0,68,4.5,0,GOOD,0.134
NH-08,Agartala-Udaipur Hwy Sec-17,Tripura,Sipahijala,23.6942,91.417,23.7149,91.4325,8.5,NH,Concrete,0,0,0,73,3.2,0,GOOD,0.162
NH-08,Ambassa Corridor Sec-18,Tripura,Dhalai,23.8289,91.7636,23.8687,91.799,5.4,NH,Asphalt,0,0,0,114,11.1,0,FAIR,0.287
NH-13,Bhalukpong-Tawang Hwy Sec-19,Arunachal Pradesh,Tawang,27.6003,91.7486,27.6189,91.7919,13.4,NH,Asphalt,0,0,1,2949,44.4,0,CRITICAL,0.799
NH-13,Trans-Arunachal Hwy Sec-20,Arunachal Pradesh,West Kameng,27.3193,92.2804,27.3346,92.3133,9.1,NH,Asphalt,0,0,0,2152,38.6,0,CRITICAL,0.832
NH-415,Itanagar-Naharlagun Corridor Sec-1,Arunachal Pradesh,Papum Pare,26.9553,93.7454,26.9815,93.7695,12.9,NH,Asphalt,0,0,0,280,18.2,0,FAIR,0.315
NH-515,Pasighat Corridor Sec-2,Arunachal Pradesh,East Siang,28.2034,95.2367,28.246,95.2708,12.5,NH,Asphalt,0,1,0,183,11.2,0,FAIR,0.406
NH-13,Ziro-Yachuli Road Sec-3,Arunachal Pradesh,Lower Subansiri,27.4906,93.9423,27.526,93.9866,11.2,NH,Asphalt,0,0,0,1612,31.3,0,POOR,0.643
NH-27,East-West Corridor Sec-4,Assam,Kamrup Metropolitan,26.0696,91.6978,26.0951,91.7205,10.9,NH,Asphalt,0,1,0,110,1.9,0,GOOD,0.115
NH-27,Amingaon-Rangia Hwy Sec-5,Assam,Kamrup Rural,26.2227,91.6298,26.2608,91.6575,12.4,NH,Asphalt,0,1,0,94,0.4,0,GOOD,0.218
NH-15,North Bank Hwy Sec-6,Assam,Darrang,26.5131,91.8813,26.5486,91.9261,9.6,NH,Asphalt,0,1,0,53,0.4,0,GOOD,0.071
NH-15,Tezpur-Biswanath Hwy Sec-7,Assam,Sonitpur,26.6396,92.7761,26.6774,92.7937,7.9,NH,Concrete,0,1,0,20,3.1,0,GOOD,0.218
NH-37,Upper Assam Hwy Sec-8,Assam,Dibrugarh,27.6192,94.8887,27.6416,94.9286,13.0,NH,Concrete,0,1,0,64,0.7,1,GOOD,0.081
NH-37,Silchar-Badarpur Corridor Sec-9,Assam,Cachar,24.7101,92.8707,24.7365,92.8958,12.6,NH,Asphalt,0,1,0,20,0.9,0,GOOD,0.067
NH-27,Kaziranga Bypass Sec-10,Assam,Nagaon,26.2363,92.766,26.261,92.7976,14.0,NH,Asphalt,0,0,0,100,2.9,0,GOOD,0.178
NH-206,Shillong-Dawki Hwy Sec-11,Meghalaya,East Khasi Hills,25.6319,91.7638,25.6497,91.7993,12.5,NH,Asphalt,0,0,0,1502,28.0,0,POOR,0.559
NH-127B,Nongstoin Road Sec-12,Meghalaya,West Khasi Hills,25.492,91.3267,25.5273,91.3425,11.3,NH,Asphalt,0,0,0,1300,29.2,0,POOR,0.659
NH-06,Guwahati-Shillong Expressway Sec-13,Meghalaya,Ri-Bhoi,25.9348,91.8627,25.9519,91.8831,8.2,NH,Asphalt,0,0,0,517,14.4,0,FAIR,0.323
NH-06,Jowai Bypass Sec-14,Meghalaya,West Jaintia Hills,25.5257,92.2269,25.5577,92.2659,11.7,NH,Asphalt,0,0,0,1319,25.3,0,POOR,0.516
NH-10,Sevoke-Gangtok Hwy Sec-15,Sikkim,East Sikkim,27.4262,88.5308,27.4629,88.5534,6.1,NH,Asphalt,0,1,0,1672,39.9,1,CRITICAL,0.81
NH-310,Mangan-Chungthang Road Sec-16,Sikkim,North Sikkim,27.53,88.5823,27.5605,88.6025,10.6,NH,Asphalt,0,1,1,2489,50.7,1,CRITICAL,0.8
NH-510,Namchi-Jorethang Rd Sec-17,Sikkim,South Sikkim,27.2741,88.4627,27.3147,88.4789,12.6,NH,Asphalt,0,1,0,1266,36.3,0,POOR,0.529
NH-29,Dimapur-Kohima Corridor Sec-18,Nagaland,Kohima,25.7495,94.0473,25.7773,94.0829,17.6,NH,Asphalt,0,0,0,1386,37.2,0,POOR,0.61
NH-29,Dimapur Gateway Sec-19,Nagaland,Dimapur,25.8286,93.6933,25.8459,93.7228,7.9,NH,Asphalt,0,0,0,165,3.8,0,GOOD,0.202
NH-02,Mokokchung-Amguri Rd Sec-20,Nagaland,Mokokchung,26.3335,94.6633,26.3601,94.7006,13.3,NH,Asphalt,0,0,0,1306,33.2,0,POOR,0.646
NH-02,Imphal Ring Road Sec-1,Manipur,Imphal West,24.9252,93.9573,24.9455,93.9836,8.6,NH,Asphalt,0,1,0,771,2.4,0,GOOD,0.245
NH-02,Imphal-Churachandpur Hwy Sec-2,Manipur,Bishnupur,24.6237,93.9107,24.6454,93.9517,12.4,NH,Asphalt,0,1,0,719,1.1,1,POOR,0.511
NH-02,Mao-Maram Highway Sec-3,Manipur,Senapati,25.1887,93.8719,25.2185,93.9083,15.4,NH,Asphalt,0,0,0,1197,31.7,0,POOR,0.615
NH-54,Silchar-Aizawl Hwy Sec-4,Mizoram,Aizawl,23.663,92.7814,23.7064,92.7999,6.7,NH,Asphalt,0,0,0,1168,32.6,0,POOR,0.541
NH-54,Vairengte-Kolasib Corridor Sec-5,Mizoram,Kolasib,24.0947,92.691,24.1137,92.7354,12.7,NH,Asphalt,0,0,0,628,22.8,0,FAIR,0.385
NH-54,Aizawl-Lunglei Road Sec-6,Mizoram,Lunglei,22.7537,92.8663,22.7694,92.8962,15.2,NH,Asphalt,0,0,0,1063,29.8,0,POOR,0.559
NH-08,Assam-Agartala National Hwy Sec-7,Tripura,West Tripura,23.8574,91.3658,23.8853,91.4021,16.6,NH,Asphalt,0,0,0,58,3.0,0,GOOD,0.249
NH-08,Agartala-Udaipur Hwy Sec-8,Tripura,Sipahijala,23.6946,91.381,23.7259,91.4086,5.0,NH,Asphalt,0,0,0,80,1.7,0,GOOD,0.196
NH-08,Ambassa Corridor Sec-9,Tripura,Dhalai,23.9774,91.7348,24.0135,91.7518,5.7,NH,Asphalt,0,0,0,158,12.5,0,FAIR,0.44
NH-13,Bhalukpong-Tawang Hwy Sec-10,Arunachal Pradesh,Tawang,27.6586,91.9316,27.6999,91.9665,10.9,NH,Asphalt,0,0,1,2855,42.1,0,CRITICAL,0.884
NH-13,Trans-Arunachal Hwy Sec-11,Arunachal Pradesh,West Kameng,27.1179,92.4148,27.1481,92.4371,17.0,NH,Asphalt,0,0,0,2184,38.1,0,CRITICAL,0.899
NH-415,Itanagar-Naharlagun Corridor Sec-12,Arunachal Pradesh,Papum Pare,27.1666,93.5167,27.1857,93.5324,5.7,NH,Asphalt,0,0,0,276,19.7,0,FAIR,0.413
NH-515,Pasighat Corridor Sec-13,Arunachal Pradesh,East Siang,28.1359,95.2114,28.1565,95.2323,13.4,NH,Asphalt,0,1,0,210,6.8,0,GOOD,0.142
NH-13,Ziro-Yachuli Road Sec-14,Arunachal Pradesh,Lower Subansiri,27.4816,93.6992,27.513,93.7309,11.0,NH,Asphalt,0,0,0,1591,34.8,0,POOR,0.508
NH-27,East-West Corridor Sec-15,Assam,Kamrup Metropolitan,26.1433,91.7394,26.1874,91.7741,12.4,NH,Concrete,1,0,0,20,1.2,0,GOOD,0.124
NH-27,Amingaon-Rangia Hwy Sec-16,Assam,Kamrup Rural,26.1453,91.4885,26.1664,91.5125,14.6,NH,Asphalt,1,1,0,20,2.9,0,GOOD,0.054
NH-15,North Bank Hwy Sec-17,Assam,Darrang,26.3366,92.1032,26.3669,92.1186,11.6,NH,Concrete,0,1,0,20,0.4,0,GOOD,0.155
NH-15,Tezpur-Biswanath Hwy Sec-18,Assam,Sonitpur,26.5572,92.7841,26.5881,92.8082,15.5,NH,Asphalt,0,1,0,67,4.2,0,GOOD,0.151
NH-37,Upper Assam Hwy Sec-19,Assam,Dibrugarh,27.6109,94.7726,27.6332,94.802,7.4,NH,Asphalt,0,1,0,150,2.9,0,GOOD,0.155
NH-37,Silchar-Badarpur Corridor Sec-20,Assam,Cachar,24.8091,92.7254,24.844,92.7547,7.4,NH,Concrete,0,1,0,20,3.9,1,POOR,0.674
NH-27,Kaziranga Bypass Sec-1,Assam,Nagaon,26.443,92.7055,26.4746,92.7393,16.1,NH,Concrete,0,0,0,20,1.0,0,GOOD,0.232
NH-206,Shillong-Dawki Hwy Sec-2,Meghalaya,East Khasi Hills,25.4826,91.9846,25.5233,92.004,14.8,NH,Asphalt,0,0,0,1435,32.8,0,POOR,0.487
NH-127B,Nongstoin Road Sec-3,Meghalaya,West Khasi Hills,25.4995,91.1947,25.5288,91.2394,5.5,NH,Asphalt,0,0,0,1328,27.1,0,POOR,0.535
NH-06,Guwahati-Shillong Expressway Sec-4,Meghalaya,Ri-Bhoi,25.887,91.8407,25.9069,91.8745,10.1,NH,Asphalt,0,0,0,527,16.8,0,FAIR,0.335
NH-06,Jowai Bypass Sec-5,Meghalaya,West Jaintia Hills,25.4868,92.1892,25.5206,92.2323,15.7,NH,Asphalt,0,0,0,1345,28.4,0,POOR,0.533
NH-10,Sevoke-Gangtok Hwy Sec-6,Sikkim,East Sikkim,27.4217,88.6762,27.4489,88.7138,5.1,NH,Asphalt,0,1,0,1659,43.3,1,CRITICAL,0.876
NH-310,Mangan-Chungthang Road Sec-7,Sikkim,North Sikkim,27.3519,88.523,27.3765,88.5498,7.1,NH,Asphalt,0,1,1,2419,48.7,0,CRITICAL,0.815
NH-510,Namchi-Jorethang Rd Sec-8,Sikkim,South Sikkim,27.228,88.2029,27.2648,88.2291,10.6,NH,Asphalt,0,1,0,1282,33.7,0,POOR,0.582
NH-29,Dimapur-Kohima Corridor Sec-9,Nagaland,Kohima,25.7798,94.1768,25.8199,94.1985,16.8,NH,Asphalt,0,0,0,1393,34.3,0,POOR,0.646
NH-29,Dimapur Gateway Sec-10,Nagaland,Dimapur,25.8827,93.8659,25.9121,93.9094,11.4,NH,Asphalt,0,1,0,153,4.9,0,GOOD,0.211
NH-02,Mokokchung-Amguri Rd Sec-11,Nagaland,Mokokchung,26.4514,94.6392,26.4786,94.6804,13.1,NH,Asphalt,0,0,0,1326,30.6,0,POOR,0.48
NH-02,Imphal Ring Road Sec-12,Manipur,Imphal West,24.8045,94.0112,24.8267,94.0418,11.2,NH,Asphalt,0,1,0,799,0.4,1,GOOD,0.193
NH-02,Imphal-Churachandpur Hwy Sec-13,Manipur,Bishnupur,24.7284,93.6369,24.7457,93.6699,10.1,NH,Asphalt,0,1,0,782,1.3,0,GOOD,0.137
NH-02,Mao-Maram Highway Sec-14,Manipur,Senapati,25.1492,93.9475,25.1811,93.9836,15.0,NH,Asphalt,0,0,0,1298,28.6,0,POOR,0.518
NH-54,Silchar-Aizawl Hwy Sec-15,Mizoram,Aizawl,23.7873,92.7882,23.8255,92.8044,8.2,NH,Asphalt,0,0,0,1110,32.8,0,POOR,0.462
NH-54,Vairengte-Kolasib Corridor Sec-16,Mizoram,Kolasib,24.3531,92.5708,24.3765,92.6053,17.8,NH,Asphalt,0,0,0,648,24.9,0,POOR,0.562
NH-54,Aizawl-Lunglei Road Sec-17,Mizoram,Lunglei,22.7793,92.7298,22.8045,92.7699,12.7,NH,Asphalt,0,0,0,1012,29.6,0,POOR,0.532
NH-08,Assam-Agartala National Hwy Sec-18,Tripura,West Tripura,23.9126,91.2724,23.9552,91.3131,10.8,NH,Asphalt,0,0,0,34,0.9,0,GOOD,0.1
NH-08,Agartala-Udaipur Hwy Sec-19,Tripura,Sipahijala,23.5323,91.3678,23.57,91.408,12.5,NH,Asphalt,0,0,0,77,4.0,0,GOOD,0.189
NH-08,Ambassa Corridor Sec-20,Tripura,Dhalai,23.7645,91.957,23.8,91.99,15.1,NH,Concrete,0,0,0,98,10.0,0,GOOD,0.204
NH-13,Bhalukpong-Tawang Hwy Sec-1,Arunachal Pradesh,Tawang,27.5428,91.8634,27.5679,91.8991,17.7,NH,Asphalt,0,0,1,2926,43.5,0,CRITICAL,0.754
NH-13,Trans-Arunachal Hwy Sec-2,Arunachal Pradesh,West Kameng,27.1667,92.5515,27.1977,92.585,5.3,NH,Asphalt,0,0,1,2249,37.8,0,CRITICAL,0.711
NH-415,Itanagar-Naharlagun Corridor Sec-3,Arunachal Pradesh,Papum Pare,27.0254,93.6052,27.0593,93.6482,16.3,NH,Asphalt,0,0,0,362,20.0,0,FAIR,0.42
NH-515,Pasighat Corridor Sec-4,Arunachal Pradesh,East Siang,27.9345,95.4103,27.9673,95.4321,17.0,NH,Asphalt,0,1,0,123,7.4,0,GOOD,0.052
NH-13,Ziro-Yachuli Road Sec-5,Arunachal Pradesh,Lower Subansiri,27.5117,93.8691,27.5339,93.8898,17.6,NH,Asphalt,0,0,0,1582,30.3,0,POOR,0.666
NH-27,East-West Corridor Sec-6,Assam,Kamrup Metropolitan,26.2697,91.6087,26.2905,91.6337,13.6,NH,Concrete,0,0,0,20,0.4,0,GOOD,0.176
NH-27,Amingaon-Rangia Hwy Sec-7,Assam,Kamrup Rural,26.2778,91.4396,26.3129,91.4603,12.8,NH,Asphalt,0,1,0,106,2.5,0,GOOD,0.114
NH-15,North Bank Hwy Sec-8,Assam,Darrang,26.3148,92.0193,26.3504,92.04,13.8,NH,Asphalt,0,1,0,20,3.2,1,GOOD,0.099
NH-15,Tezpur-Biswanath Hwy Sec-9,Assam,Sonitpur,26.7011,92.7914,26.7327,92.8125,10.7,NH,Asphalt,0,1,0,66,3.0,0,GOOD,0.052
NH-37,Upper Assam Hwy Sec-10,Assam,Dibrugarh,27.3872,94.8181,27.4057,94.8548,8.4,NH,Concrete,0,1,0,83,0.5,1,GOOD,0.097
NH-37,Silchar-Badarpur Corridor Sec-11,Assam,Cachar,24.8675,92.814,24.9004,92.848,9.1,NH,Asphalt,0,1,0,47,0.8,1,POOR,0.482
NH-27,Kaziranga Bypass Sec-12,Assam,Nagaon,26.3604,92.5523,26.3997,92.5785,9.8,NH,Asphalt,0,1,0,39,0.4,0,GOOD,0.172
NH-206,Shillong-Dawki Hwy Sec-13,Meghalaya,East Khasi Hills,25.6216,91.9825,25.6504,92.0077,7.9,NH,Asphalt,0,0,0,1461,31.2,0,POOR,0.488
NH-127B,Nongstoin Road Sec-14,Meghalaya,West Khasi Hills,25.5985,91.4068,25.6157,91.4255,9.6,NH,Asphalt,0,0,0,1320,29.1,0,POOR,0.572
NH-06,Guwahati-Shillong Expressway Sec-15,Meghalaya,Ri-Bhoi,25.9844,91.8332,26.0159,91.86,5.4,NH,Asphalt,0,0,0,562,16.5,0,FAIR,0.368
NH-06,Jowai Bypass Sec-16,Meghalaya,West Jaintia Hills,25.3539,92.1457,25.3933,92.1683,11.2,NH,Asphalt,0,0,0,1298,23.6,0,FAIR,0.31
NH-10,Sevoke-Gangtok Hwy Sec-17,Sikkim,East Sikkim,27.2732,88.6991,27.3162,88.7306,15.6,NH,Asphalt,0,1,0,1650,42.1,0,CRITICAL,0.708
NH-310,Mangan-Chungthang Road Sec-18,Sikkim,North Sikkim,27.6499,88.6922,27.6802,88.7198,8.1,NH,Asphalt,0,1,1,2402,47.2,1,CRITICAL,0.708
NH-510,Namchi-Jorethang Rd Sec-19,Sikkim,South Sikkim,27.1801,88.4374,27.2245,88.4712,11.1,NH,Asphalt,0,0,0,1334,34.0,0,POOR,0.456
NH-29,Dimapur-Kohima Corridor Sec-20,Nagaland,Kohima,25.5909,94.2126,25.6091,94.2407,8.7,NH,Asphalt,0,0,0,1482,35.2,0,POOR,0.62
NH-29,Dimapur Gateway Sec-1,Nagaland,Dimapur,26.0543,93.6296,26.0735,93.6483,14.8,NH,Asphalt,0,0,0,165,4.3,0,GOOD,0.114
NH-02,Mokokchung-Amguri Rd Sec-2,Nagaland,Mokokchung,26.3843,94.6442,26.4291,94.6604,5.4,NH,Asphalt,0,0,0,1263,32.0,0,POOR,0.633
NH-02,Imphal Ring Road Sec-3,Manipur,Imphal West,24.8373,93.8294,24.8555,93.8605,6.2,NH,Asphalt,0,1,0,749,3.9,0,GOOD,0.136
NH-02,Imphal-Churachandpur Hwy Sec-4,Manipur,Bishnupur,24.7735,93.7771,24.7914,93.8144,10.2,NH,Asphalt,0,1,0,732,3.5,1,POOR,0.554
NH-02,Mao-Maram Highway Sec-5,Manipur,Senapati,25.1798,93.9256,25.196,93.9604,5.3,NH,Asphalt,0,0,0,1257,29.4,0,POOR,0.568
NH-54,Silchar-Aizawl Hwy Sec-6,Mizoram,Aizawl,23.7613,92.8095,23.7796,92.8538,14.2,NH,Asphalt,0,0,0,1113,34.1,0,POOR,0.614
NH-54,Vairengte-Kolasib Corridor Sec-7,Mizoram,Kolasib,24.3233,92.6271,24.3468,92.6493,7.5,NH,Asphalt,0,0,0,552,22.7,0,FAIR,0.305
NH-54,Aizawl-Lunglei Road Sec-8,Mizoram,Lunglei,22.7725,92.6233,22.8056,92.6609,17.0,NH,Asphalt,0,0,0,1027,33.3,0,POOR,0.478
NH-08,Assam-Agartala National Hwy Sec-9,Tripura,West Tripura,23.7936,91.4194,23.8192,91.4415,4.8,NH,Asphalt,0,0,0,25,2.5,0,GOOD,0.161
NH-08,Agartala-Udaipur Hwy Sec-10,Tripura,Sipahijala,23.5818,91.4548,23.6197,91.475,17.5,NH,Asphalt,0,0,0,65,5.2,0,GOOD,0.115
NH-08,Ambassa Corridor Sec-11,Tripura,Dhalai,23.9882,91.8948,24.0195,91.9103,6.7,NH,Asphalt,0,0,0,102,13.0,0,FAIR,0.338
NH-13,Bhalukpong-Tawang Hwy Sec-12,Arunachal Pradesh,Tawang,27.703,91.8935,27.7364,91.9377,15.4,NH,Asphalt,0,0,1,2885,43.1,0,CRITICAL,0.842
NH-13,Trans-Arunachal Hwy Sec-13,Arunachal Pradesh,West Kameng,27.1671,92.3579,27.1858,92.3803,10.0,NH,Asphalt,0,0,1,2228,37.0,0,CRITICAL,0.809
NH-415,Itanagar-Naharlagun Corridor Sec-14,Arunachal Pradesh,Papum Pare,26.9509,93.6772,26.9732,93.7105,16.5,NH,Asphalt,0,0,0,333,18.0,0,FAIR,0.374
NH-515,Pasighat Corridor Sec-15,Arunachal Pradesh,East Siang,28.2056,95.1857,28.2481,95.2091,4.5,NH,Asphalt,0,1,0,172,8.3,0,GOOD,0.159
NH-13,Ziro-Yachuli Road Sec-16,Arunachal Pradesh,Lower Subansiri,27.5834,93.8719,27.6185,93.9,16.1,NH,Asphalt,0,0,0,1513,34.6,0,POOR,0.62
NH-27,East-West Corridor Sec-17,Assam,Kamrup Metropolitan,26.2181,91.6576,26.2586,91.686,7.6,NH,Asphalt,1,0,0,35,0.4,0,GOOD,0.191
NH-27,Amingaon-Rangia Hwy Sec-18,Assam,Kamrup Rural,26.0616,91.6247,26.0899,91.6442,16.5,NH,Asphalt,0,1,0,79,2.0,0,GOOD,0.157
NH-15,North Bank Hwy Sec-19,Assam,Darrang,26.3054,91.9439,26.3211,91.9819,7.3,NH,Asphalt,0,1,0,80,0.4,1,POOR,0.606
NH-15,Tezpur-Biswanath Hwy Sec-20,Assam,Sonitpur,26.5162,92.643,26.5443,92.6843,9.1,NH,Concrete,0,1,0,67,1.8,0,GOOD,0.225
NH-37,Upper Assam Hwy Sec-1,Assam,Dibrugarh,27.3727,94.8862,27.4029,94.9128,10.5,NH,Asphalt,0,1,0,160,0.4,0,GOOD,0.136
NH-37,Silchar-Badarpur Corridor Sec-2,Assam,Cachar,24.7137,92.7727,24.7349,92.792,5.5,NH,Asphalt,0,1,0,75,2.2,0,GOOD,0.133
NH-27,Kaziranga Bypass Sec-3,Assam,Nagaon,26.2629,92.6694,26.2984,92.6895,10.0,NH,Concrete,1,1,0,106,2.7,0,GOOD,0.203
NH-206,Shillong-Dawki Hwy Sec-4,Meghalaya,East Khasi Hills,25.5244,92.0288,25.5476,92.0652,16.6,NH,Asphalt,0,0,0,1439,29.7,0,POOR,0.584
NH-127B,Nongstoin Road Sec-5,Meghalaya,West Khasi Hills,25.4083,91.1325,25.4347,91.1738,17.5,NH,Asphalt,0,0,0,1340,30.0,0,POOR,0.466
NH-06,Guwahati-Shillong Expressway Sec-6,Meghalaya,Ri-Bhoi,25.9282,91.9141,25.9638,91.946,13.2,NH,Asphalt,0,0,0,551,17.5,0,FAIR,0.428
NH-06,Jowai Bypass Sec-7,Meghalaya,West Jaintia Hills,25.4961,92.2322,25.513,92.2686,4.8,NH,Asphalt,0,0,0,1325,24.3,0,POOR,0.457
NH-10,Sevoke-Gangtok Hwy Sec-8,Sikkim,East Sikkim,27.2506,88.5135,27.2827,88.5393,4.8,NH,Asphalt,0,1,0,1679,42.3,0,CRITICAL,0.865
NH-310,Mangan-Chungthang Road Sec-9,Sikkim,North Sikkim,27.512,88.5982,27.5401,88.6266,10.2,NH,Asphalt,0,1,1,2428,47.2,1,CRITICAL,0.867
NH-510,Namchi-Jorethang Rd Sec-10,Sikkim,South Sikkim,27.1915,88.452,27.2196,88.4774,8.1,NH,Asphalt,0,1,0,1259,34.0,1,POOR,0.669
NH-29,Dimapur-Kohima Corridor Sec-11,Nagaland,Kohima,25.5514,94.2058,25.5937,94.2286,6.6,NH,Asphalt,0,0,0,1460,36.3,0,POOR,0.462
NH-29,Dimapur Gateway Sec-12,Nagaland,Dimapur,25.7645,93.6287,25.7861,93.6613,11.5,NH,Asphalt,0,0,0,172,6.2,0,GOOD,0.169
NH-02,Mokokchung-Amguri Rd Sec-13,Nagaland,Mokokchung,26.2097,94.6055,26.2406,94.6264,5.0,NH,Asphalt,0,0,0,1320,30.9,0,POOR,0.548
NH-02,Imphal Ring Road Sec-14,Manipur,Imphal West,24.6943,93.95,24.7207,93.9664,7.6,NH,Asphalt,0,1,0,748,1.6,0,GOOD,0.116
NH-02,Imphal-Churachandpur Hwy Sec-15,Manipur,Bishnupur,24.5384,93.6279,24.5746,93.6477,12.8,NH,Asphalt,0,1,0,766,3.3,1,POOR,0.471
NH-02,Mao-Maram Highway Sec-16,Manipur,Senapati,25.1906,93.8785,25.2222,93.901,11.6,NH,Asphalt,0,0,0,1286,30.5,0,POOR,0.579
NH-54,Silchar-Aizawl Hwy Sec-17,Mizoram,Aizawl,23.7775,92.8101,23.8002,92.8296,6.4,NH,Asphalt,0,0,0,1122,35.4,0,POOR,0.56
NH-54,Vairengte-Kolasib Corridor Sec-18,Mizoram,Kolasib,24.2361,92.7822,24.2642,92.8233,7.0,NH,Asphalt,0,0,0,654,24.6,0,POOR,0.474
NH-54,Aizawl-Lunglei Road Sec-19,Mizoram,Lunglei,22.9361,92.8709,22.9634,92.8909,5.4,NH,Asphalt,0,0,0,1033,33.4,0,POOR,0.591
NH-08,Assam-Agartala National Hwy Sec-20,Tripura,West Tripura,23.7052,91.4076,23.7464,91.4412,12.2,NH,Asphalt,0,0,0,66,0.4,0,GOOD,0.198
NH-08,Agartala-Udaipur Hwy Sec-1,Tripura,Sipahijala,23.64,91.3334,23.6812,91.3744,14.5,NH,Concrete,0,0,0,51,1.2,0,GOOD,0.203
NH-08,Ambassa Corridor Sec-2,Tripura,Dhalai,23.8347,91.9847,23.8638,92.0124,6.8,NH,Concrete,0,0,0,101,14.4,0,FAIR,0.431
NH-13,Bhalukpong-Tawang Hwy Sec-3,Arunachal Pradesh,Tawang,27.474,91.8364,27.5178,91.8695,5.5,NH,Asphalt,0,0,1,2927,44.2,0,CRITICAL,0.79
NH-13,Trans-Arunachal Hwy Sec-4,Arunachal Pradesh,West Kameng,27.3027,92.5161,27.3409,92.5392,15.1,NH,Asphalt,0,0,0,2173,37.1,0,POOR,0.669
NH-415,Itanagar-Naharlagun Corridor Sec-5,Arunachal Pradesh,Papum Pare,27.1926,93.4927,27.2236,93.5311,12.0,NH,Asphalt,0,0,0,331,18.0,0,FAIR,0.423
NH-515,Pasighat Corridor Sec-6,Arunachal Pradesh,East Siang,27.9989,95.3134,28.025,95.3338,11.7,NH,Asphalt,0,1,0,206,6.8,0,GOOD,0.109
NH-13,Ziro-Yachuli Road Sec-7,Arunachal Pradesh,Lower Subansiri,27.5763,93.9145,27.5969,93.9531,8.9,NH,Asphalt,0,0,0,1514,32.0,0,POOR,0.487
NH-27,East-West Corridor Sec-8,Assam,Kamrup Metropolitan,26.1709,91.8137,26.1911,91.8369,15.5,NH,Asphalt,0,1,0,115,0.4,0,GOOD,0.137
NH-27,Amingaon-Rangia Hwy Sec-9,Assam,Kamrup Rural,26.2689,91.6477,26.2957,91.6677,10.8,NH,Asphalt,1,1,0,109,1.1,0,GOOD,0.13
NH-15,North Bank Hwy Sec-10,Assam,Darrang,26.4253,91.9959,26.4586,92.0219,15.1,NH,Asphalt,0,1,0,54,1.5,0,GOOD,0.165
NH-15,Tezpur-Biswanath Hwy Sec-11,Assam,Sonitpur,26.5355,92.7635,26.5641,92.7998,14.1,NH,Concrete,0,1,0,97,2.6,0,GOOD,0.167
NH-37,Upper Assam Hwy Sec-12,Assam,Dibrugarh,27.3344,95.0289,27.3676,95.0452,17.8,NH,Concrete,0,1,0,90,1.8,1,POOR,0.622
NH-37,Silchar-Badarpur Corridor Sec-13,Assam,Cachar,24.8259,92.7095,24.8495,92.7404,11.1,NH,Asphalt,0,1,0,20,0.4,0,GOOD,0.152
NH-27,Kaziranga Bypass Sec-14,Assam,Nagaon,26.2861,92.6181,26.3176,92.6549,16.5,NH,Asphalt,0,0,0,66,2.8,0,GOOD,0.071
NH-206,Shillong-Dawki Hwy Sec-15,Meghalaya,East Khasi Hills,25.7205,91.8117,25.7511,91.8503,12.3,NH,Asphalt,0,0,0,1468,32.9,0,POOR,0.647
NH-127B,Nongstoin Road Sec-16,Meghalaya,West Khasi Hills,25.6077,91.1908,25.6478,91.218,7.9,NH,Asphalt,0,0,0,1273,28.5,0,POOR,0.521
NH-06,Guwahati-Shillong Expressway Sec-17,Meghalaya,Ri-Bhoi,25.8825,92.004,25.9256,92.024,16.1,NH,Asphalt,0,0,0,542,17.7,0,FAIR,0.444
NH-06,Jowai Bypass Sec-18,Meghalaya,West Jaintia Hills,25.5602,92.2963,25.579,92.3124,5.5,NH,Asphalt,0,0,0,1335,27.5,0,POOR,0.477
NH-10,Sevoke-Gangtok Hwy Sec-19,Sikkim,East Sikkim,27.4018,88.5775,27.4466,88.6178,6.1,NH,Asphalt,0,1,0,1689,43.8,0,CRITICAL,0.911
NH-310,Mangan-Chungthang Road Sec-20,Sikkim,North Sikkim,27.3587,88.4578,27.4008,88.4843,8.5,NH,Asphalt,0,1,1,2496,47.0,1,CRITICAL,0.72
NH-510,Namchi-Jorethang Rd Sec-1,Sikkim,South Sikkim,27.0299,88.2152,27.0456,88.2448,14.6,NH,Asphalt,0,1,0,1286,37.2,1,POOR,0.503
NH-29,Dimapur-Kohima Corridor Sec-2,Nagaland,Kohima,25.7722,94.1101,25.7937,94.1484,14.6,NH,Asphalt,0,0,0,1461,37.9,0,POOR,0.461
NH-29,Dimapur Gateway Sec-3,Nagaland,Dimapur,25.8294,93.7241,25.8579,93.7568,14.7,NH,Asphalt,0,0,0,192,2.2,0,GOOD,0.191
NH-02,Mokokchung-Amguri Rd Sec-4,Nagaland,Mokokchung,26.3511,94.4749,26.3703,94.5137,9.9,NH,Asphalt,0,0,0,1280,32.7,0,POOR,0.646
NH-02,Imphal Ring Road Sec-5,Manipur,Imphal West,24.9163,93.8139,24.9356,93.8559,16.7,NH,Asphalt,0,1,0,728,1.6,0,GOOD,0.137
NH-02,Imphal-Churachandpur Hwy Sec-6,Manipur,Bishnupur,24.6541,93.904,24.6767,93.931,14.1,NH,Asphalt,0,1,0,819,2.1,1,POOR,0.664
NH-02,Mao-Maram Highway Sec-7,Manipur,Senapati,25.172,94.0555,25.1981,94.0766,6.3,NH,Asphalt,0,0,0,1255,27.1,0,POOR,0.586
NH-54,Silchar-Aizawl Hwy Sec-8,Mizoram,Aizawl,23.8074,92.5703,23.8512,92.5927,6.5,NH,Asphalt,0,0,0,1186,31.2,0,POOR,0.595
NH-54,Vairengte-Kolasib Corridor Sec-9,Mizoram,Kolasib,24.3103,92.5971,24.3445,92.6151,9.5,NH,Asphalt,0,0,0,627,26.0,0,POOR,0.644
NH-54,Aizawl-Lunglei Road Sec-10,Mizoram,Lunglei,23.0201,92.7828,23.0456,92.8251,16.5,NH,Asphalt,0,0,0,1014,33.5,0,POOR,0.518
NH-08,Assam-Agartala National Hwy Sec-11,Tripura,West Tripura,23.8192,91.2023,23.8604,91.2196,8.5,NH,Asphalt,0,0,0,20,3.0,0,GOOD,0.121
NH-08,Agartala-Udaipur Hwy Sec-12,Tripura,Sipahijala,23.6041,91.1927,23.6356,91.2089,17.7,NH,Asphalt,0,0,0,37,5.5,0,GOOD,0.231
NH-08,Ambassa Corridor Sec-13,Tripura,Dhalai,23.9518,91.8684,23.9688,91.8933,8.7,NH,Asphalt,0,0,0,156,12.5,0,FAIR,0.43
NH-13,Bhalukpong-Tawang Hwy Sec-14,Arunachal Pradesh,Tawang,27.4685,91.7286,27.4987,91.7439,5.9,NH,Asphalt,0,0,1,2875,45.2,0,CRITICAL,0.915
NH-13,Trans-Arunachal Hwy Sec-15,Arunachal Pradesh,West Kameng,27.1928,92.4792,27.2301,92.511,5.3,NH,Asphalt,0,0,1,2254,38.8,0,CRITICAL,0.898
NH-415,Itanagar-Naharlagun Corridor Sec-16,Arunachal Pradesh,Papum Pare,27.1056,93.5387,27.1359,93.5726,9.5,NH,Asphalt,0,0,0,267,20.0,0,FAIR,0.275
NH-515,Pasighat Corridor Sec-17,Arunachal Pradesh,East Siang,28.096,95.3742,28.1245,95.3992,12.8,NH,Asphalt,0,1,0,182,7.4,1,POOR,0.639
NH-13,Ziro-Yachuli Road Sec-18,Arunachal Pradesh,Lower Subansiri,27.5492,93.7687,27.5746,93.7935,9.5,NH,Asphalt,0,0,0,1616,32.0,0,POOR,0.544
NH-27,East-West Corridor Sec-19,Assam,Kamrup Metropolitan,26.0051,91.7986,26.0441,91.8312,16.4,NH,Asphalt,1,1,0,68,2.8,0,GOOD,0.248
NH-27,Amingaon-Rangia Hwy Sec-20,Assam,Kamrup Rural,26.249,91.6179,26.2794,91.6529,11.9,NH,Asphalt,0,0,0,79,2.3,0,GOOD,0.144
NH-15,North Bank Hwy Sec-1,Assam,Darrang,26.5036,92.0332,26.5486,92.0528,15.6,NH,Asphalt,0,1,0,100,0.4,0,GOOD,0.161
NH-15,Tezpur-Biswanath Hwy Sec-2,Assam,Sonitpur,26.6513,92.7307,26.6877,92.7676,13.1,NH,Concrete,0,1,0,78,0.4,0,GOOD,0.156
NH-37,Upper Assam Hwy Sec-3,Assam,Dibrugarh,27.5653,94.9909,27.6032,95.0118,12.8,NH,Concrete,0,1,0,71,3.0,0,GOOD,0.114
NH-37,Silchar-Badarpur Corridor Sec-4,Assam,Cachar,24.8796,92.6956,24.9012,92.7119,4.7,NH,Concrete,0,1,0,20,3.0,1,POOR,0.467
NH-27,Kaziranga Bypass Sec-5,Assam,Nagaon,26.4316,92.6334,26.4592,92.6542,15.3,NH,Asphalt,1,1,0,37,1.4,0,GOOD,0.229
NH-206,Shillong-Dawki Hwy Sec-6,Meghalaya,East Khasi Hills,25.4641,91.7594,25.4961,91.8041,7.3,NH,Asphalt,0,0,0,1511,30.9,0,POOR,0.635
NH-127B,Nongstoin Road Sec-7,Meghalaya,West Khasi Hills,25.3814,91.3768,25.4261,91.3967,5.0,NH,Asphalt,0,0,0,1284,26.1,0,POOR,0.482
NH-06,Guwahati-Shillong Expressway Sec-8,Meghalaya,Ri-Bhoi,25.909,91.8539,25.9458,91.8925,7.5,NH,Asphalt,0,0,0,601,18.3,0,FAIR,0.405
NH-06,Jowai Bypass Sec-9,Meghalaya,West Jaintia Hills,25.3601,92.1728,25.4026,92.1928,13.6,NH,Asphalt,0,0,0,1342,28.0,0,POOR,0.594
NH-10,Sevoke-Gangtok Hwy Sec-10,Sikkim,East Sikkim,27.2319,88.7152,27.2503,88.7503,15.5,NH,Asphalt,0,1,0,1613,43.4,1,CRITICAL,0.79
NH-310,Mangan-Chungthang Road Sec-11,Sikkim,North Sikkim,27.5393,88.453,27.5646,88.4898,9.5,NH,Asphalt,0,1,1,2471,46.3,1,CRITICAL,0.756
NH-510,Namchi-Jorethang Rd Sec-12,Sikkim,South Sikkim,27.0828,88.4321,27.1119,88.4758,12.3,NH,Asphalt,0,1,0,1313,37.5,0,POOR,0.648
NH-29,Dimapur-Kohima Corridor Sec-13,Nagaland,Kohima,25.7542,93.985,25.7856,94.027,14.5,NH,Asphalt,0,0,0,1458,35.5,0,POOR,0.611
NH-29,Dimapur Gateway Sec-14,Nagaland,Dimapur,25.8855,93.7207,25.9194,93.7455,6.6,NH,Asphalt,0,1,0,135,1.5,0,GOOD,0.16
NH-02,Mokokchung-Amguri Rd Sec-15,Nagaland,Mokokchung,26.2869,94.3742,26.3234,94.4048,8.3,NH,Asphalt,0,0,0,1301,32.3,0,POOR,0.59
NH-02,Imphal Ring Road Sec-16,Manipur,Imphal West,24.6724,93.788,24.7052,93.8299,7.6,NH,Asphalt,0,1,0,818,0.9,0,GOOD,0.068
NH-02,Imphal-Churachandpur Hwy Sec-17,Manipur,Bishnupur,24.5857,93.6532,24.6014,93.6827,8.9,NH,Asphalt,0,1,0,759,3.5,1,GOOD,0.145
NH-02,Mao-Maram Highway Sec-18,Manipur,Senapati,25.1296,93.8737,25.1599,93.9037,14.3,NH,Asphalt,0,0,0,1227,29.3,0,POOR,0.495
NH-54,Silchar-Aizawl Hwy Sec-19,Mizoram,Aizawl,23.7343,92.6977,23.7614,92.7413,8.6,NH,Asphalt,0,0,0,1157,35.5,0,POOR,0.498
NH-54,Vairengte-Kolasib Corridor Sec-20,Mizoram,Kolasib,24.3404,92.6378,24.3813,92.656,6.5,NH,Asphalt,0,0,0,574,22.8,0,FAIR,0.382
NH-54,Aizawl-Lunglei Road Sec-1,Mizoram,Lunglei,22.9736,92.5957,22.9953,92.6342,16.4,NH,Asphalt,0,0,0,988,32.6,0,POOR,0.66
NH-08,Assam-Agartala National Hwy Sec-2,Tripura,West Tripura,23.9017,91.3137,23.9242,91.3559,17.0,NH,Asphalt,0,0,0,20,0.4,0,GOOD,0.131
NH-08,Agartala-Udaipur Hwy Sec-3,Tripura,Sipahijala,23.7226,91.2746,23.7528,91.302,9.9,NH,Asphalt,0,0,0,53,1.8,0,GOOD,0.092
NH-08,Ambassa Corridor Sec-4,Tripura,Dhalai,23.7146,91.9984,23.7386,92.0207,12.9,NH,Asphalt,0,0,0,164,10.0,0,GOOD,0.18
NH-13,Bhalukpong-Tawang Hwy Sec-5,Arunachal Pradesh,Tawang,27.4506,91.7441,27.4941,91.779,15.0,NH,Asphalt,0,0,1,2896,43.9,0,CRITICAL,0.892
NH-13,Trans-Arunachal Hwy Sec-6,Arunachal Pradesh,West Kameng,27.2568,92.3118,27.2996,92.3285,10.0,NH,Asphalt,0,0,1,2228,38.9,0,CRITICAL,0.865
NH-415,Itanagar-Naharlagun Corridor Sec-7,Arunachal Pradesh,Papum Pare,27.0767,93.4969,27.1047,93.5243,17.7,NH,Asphalt,0,0,0,326,17.3,0,FAIR,0.424
NH-515,Pasighat Corridor Sec-8,Arunachal Pradesh,East Siang,27.9571,95.4252,27.9821,95.4513,8.7,NH,Asphalt,0,1,0,108,9.3,0,GOOD,0.157
NH-13,Ziro-Yachuli Road Sec-9,Arunachal Pradesh,Lower Subansiri,27.4848,93.9154,27.5297,93.9582,9.9,NH,Asphalt,0,0,0,1563,30.9,0,POOR,0.623
NH-27,East-West Corridor Sec-10,Assam,Kamrup Metropolitan,26.0734,91.7431,26.0948,91.771,7.7,NH,Concrete,0,0,0,20,0.5,0,GOOD,0.078
NH-27,Amingaon-Rangia Hwy Sec-11,Assam,Kamrup Rural,26.0831,91.5764,26.1082,91.6093,12.5,NH,Asphalt,1,0,0,114,0.4,0,GOOD,0.12
NH-15,North Bank Hwy Sec-12,Assam,Darrang,26.4012,91.8818,26.4187,91.9189,6.5,NH,Asphalt,0,1,0,77,0.4,1,POOR,0.54
NH-15,Tezpur-Biswanath Hwy Sec-13,Assam,Sonitpur,26.656,92.7908,26.6979,92.8338,15.2,NH,Asphalt,0,1,0,29,3.5,1,GOOD,0.152
NH-37,Upper Assam Hwy Sec-14,Assam,Dibrugarh,27.5399,95.0334,27.5595,95.0499,10.9,NH,Concrete,0,1,0,130,0.4,0,GOOD,0.236
NH-37,Silchar-Badarpur Corridor Sec-15,Assam,Cachar,24.7721,92.7682,24.7958,92.8085,13.7,NH,Asphalt,0,1,0,20,3.4,0,GOOD,0.225
NH-27,Kaziranga Bypass Sec-16,Assam,Nagaon,26.4509,92.6421,26.4869,92.6771,5.7,NH,Concrete,1,0,0,90,0.4,0,GOOD,0.077
NH-206,Shillong-Dawki Hwy Sec-17,Meghalaya,East Khasi Hills,25.4573,91.9708,25.4753,92.0157,5.6,NH,Asphalt,0,0,0,1435,28.0,0,POOR,0.49
NH-127B,Nongstoin Road Sec-18,Meghalaya,West Khasi Hills,25.5542,91.2086,25.5704,91.2236,17.0,NH,Asphalt,0,0,0,1334,27.7,0,POOR,0.532
NH-06,Guwahati-Shillong Expressway Sec-19,Meghalaya,Ri-Bhoi,26.0135,91.7579,26.0522,91.7998,15.6,NH,Asphalt,0,0,0,594,15.7,0,FAIR,0.308
NH-06,Jowai Bypass Sec-20,Meghalaya,West Jaintia Hills,25.4201,92.187,25.4498,92.21,8.4,NH,Asphalt,0,0,0,1376,25.4,0,POOR,0.591
NH-10,Sevoke-Gangtok Hwy Sec-1,Sikkim,East Sikkim,27.4289,88.6512,27.469,88.6684,12.8,NH,Asphalt,0,1,0,1692,40.3,1,CRITICAL,0.899
NH-310,Mangan-Chungthang Road Sec-2,Sikkim,North Sikkim,27.5679,88.6945,27.5871,88.7234,16.0,NH,Asphalt,0,1,1,2498,46.8,1,CRITICAL,0.912
NH-510,Namchi-Jorethang Rd Sec-3,Sikkim,South Sikkim,27.1972,88.4407,27.2169,88.479,11.5,NH,Asphalt,0,1,0,1326,35.9,0,POOR,0.6
NH-29,Dimapur-Kohima Corridor Sec-4,Nagaland,Kohima,25.7588,94.142,25.7887,94.1637,8.3,NH,Asphalt,0,0,0,1490,36.7,0,POOR,0.643
NH-29,Dimapur Gateway Sec-5,Nagaland,Dimapur,26.0488,93.6167,26.0756,93.6419,6.7,NH,Asphalt,0,0,0,252,3.7,0,GOOD,0.155
NH-02,Mokokchung-Amguri Rd Sec-6,Nagaland,Mokokchung,26.3072,94.389,26.3364,94.4176,17.3,NH,Asphalt,0,0,0,1343,30.1,0,POOR,0.498
NH-02,Imphal Ring Road Sec-7,Manipur,Imphal West,24.8704,94.0171,24.8946,94.0517,15.5,NH,Asphalt,0,1,0,798,3.3,0,GOOD,0.155
NH-02,Imphal-Churachandpur Hwy Sec-8,Manipur,Bishnupur,24.7691,93.8764,24.7966,93.9193,15.2,NH,Asphalt,0,1,0,776,3.6,0,GOOD,0.161
NH-02,Mao-Maram Highway Sec-9,Manipur,Senapati,25.1386,94.0585,25.179,94.0935,7.3,NH,Asphalt,0,0,0,1221,29.4,0,POOR,0.621
NH-54,Silchar-Aizawl Hwy Sec-10,Mizoram,Aizawl,23.7695,92.6122,23.7983,92.6483,5.0,NH,Asphalt,0,0,0,1175,33.3,0,POOR,0.501
NH-54,Vairengte-Kolasib Corridor Sec-11,Mizoram,Kolasib,24.0864,92.723,24.1032,92.7643,6.5,NH,Asphalt,0,0,0,570,24.5,0,POOR,0.535
NH-54,Aizawl-Lunglei Road Sec-12,Mizoram,Lunglei,22.8788,92.6396,22.9237,92.6584,14.3,NH,Asphalt,0,0,0,1056,31.5,0,POOR,0.534
NH-08,Assam-Agartala National Hwy Sec-13,Tripura,West Tripura,23.9725,91.1519,23.996,91.1769,8.8,NH,Concrete,0,0,0,20,2.4,0,GOOD,0.242
NH-08,Agartala-Udaipur Hwy Sec-14,Tripura,Sipahijala,23.7301,91.1856,23.7595,91.2129,17.1,NH,Asphalt,0,0,0,28,4.5,0,GOOD,0.139
NH-08,Ambassa Corridor Sec-15,Tripura,Dhalai,23.957,91.8341,23.9921,91.871,8.6,NH,Asphalt,0,0,0,95,14.4,0,FAIR,0.401
NH-13,Bhalukpong-Tawang Hwy Sec-16,Arunachal Pradesh,Tawang,27.4414,91.8304,27.4833,91.8651,9.4,NH,Asphalt,0,0,1,2844,44.8,0,CRITICAL,0.865
NH-13,Trans-Arunachal Hwy Sec-17,Arunachal Pradesh,West Kameng,27.1418,92.4472,27.1685,92.4726,5.2,NH,Asphalt,0,0,1,2219,38.7,0,CRITICAL,0.758
NH-415,Itanagar-Naharlagun Corridor Sec-18,Arunachal Pradesh,Papum Pare,27.1191,93.663,27.1593,93.7021,9.8,NH,Asphalt,0,0,0,318,20.8,0,FAIR,0.364
NH-515,Pasighat Corridor Sec-19,Arunachal Pradesh,East Siang,27.9323,95.2429,27.9717,95.2718,17.5,NH,Asphalt,0,1,0,153,8.4,0,GOOD,0.229
NH-13,Ziro-Yachuli Road Sec-20,Arunachal Pradesh,Lower Subansiri,27.58,93.895,27.6185,93.9359,10.6,NH,Asphalt,0,0,0,1546,33.5,0,POOR,0.559
NH-27,East-West Corridor Sec-1,Assam,Kamrup Metropolitan,26.2223,91.6527,26.2618,91.6901,14.0,NH,Asphalt,0,0,0,38,0.5,0,GOOD,0.239
NH-27,Amingaon-Rangia Hwy Sec-2,Assam,Kamrup Rural,26.275,91.5763,26.3125,91.6173,7.0,NH,Asphalt,1,1,0,45,1.9,0,GOOD,0.093
NH-15,North Bank Hwy Sec-3,Assam,Darrang,26.3512,91.9231,26.3737,91.9409,16.3,NH,Asphalt,0,1,0,83,2.3,1,GOOD,0.065
NH-15,Tezpur-Biswanath Hwy Sec-4,Assam,Sonitpur,26.5601,92.7014,26.5764,92.7206,11.4,NH,Asphalt,0,1,0,33,4.3,0,GOOD,0.228
NH-37,Upper Assam Hwy Sec-5,Assam,Dibrugarh,27.4599,94.9964,27.4832,95.0175,6.9,NH,Concrete,0,1,0,139,0.4,0,GOOD,0.22
NH-37,Silchar-Badarpur Corridor Sec-6,Assam,Cachar,24.6973,92.8189,24.7126,92.8447,9.1,NH,Asphalt,0,1,0,51,2.2,0,GOOD,0.249
NH-27,Kaziranga Bypass Sec-7,Assam,Nagaon,26.3304,92.7315,26.3555,92.7496,14.9,NH,Asphalt,1,1,0,68,0.4,0,GOOD,0.186
NH-206,Shillong-Dawki Hwy Sec-8,Meghalaya,East Khasi Hills,25.5879,91.7579,25.6073,91.7933,16.1,NH,Asphalt,0,0,0,1549,30.2,0,POOR,0.665
NH-127B,Nongstoin Road Sec-9,Meghalaya,West Khasi Hills,25.6373,91.3443,25.6746,91.3675,9.8,NH,Asphalt,0,0,0,1336,26.4,0,POOR,0.64
NH-06,Guwahati-Shillong Expressway Sec-10,Meghalaya,Ri-Bhoi,25.9691,91.7685,26.0,91.8012,17.0,NH,Asphalt,0,0,0,539,17.3,0,FAIR,0.419
NH-06,Jowai Bypass Sec-11,Meghalaya,West Jaintia Hills,25.3966,92.3144,25.4175,92.3525,14.4,NH,Asphalt,0,0,0,1323,28.4,0,POOR,0.581
NH-10,Sevoke-Gangtok Hwy Sec-12,Sikkim,East Sikkim,27.4176,88.5386,27.4338,88.5825,12.5,NH,Asphalt,0,1,0,1633,44.4,1,CRITICAL,0.784
NH-310,Mangan-Chungthang Road Sec-13,Sikkim,North Sikkim,27.39,88.5238,27.4137,88.5687,10.7,NH,Asphalt,0,1,1,2479,50.4,0,CRITICAL,0.906
NH-510,Namchi-Jorethang Rd Sec-14,Sikkim,South Sikkim,27.2729,88.3643,27.2964,88.3798,12.5,NH,Asphalt,0,1,0,1280,37.3,0,POOR,0.549
NH-29,Dimapur-Kohima Corridor Sec-15,Nagaland,Kohima,25.7149,94.0189,25.7589,94.0358,15.7,NH,Asphalt,0,0,0,1459,36.9,0,POOR,0.574
NH-29,Dimapur Gateway Sec-16,Nagaland,Dimapur,26.0332,93.6173,26.0607,93.6462,16.4,NH,Asphalt,0,0,0,225,4.6,0,GOOD,0.139
NH-02,Mokokchung-Amguri Rd Sec-17,Nagaland,Mokokchung,26.3262,94.5783,26.3584,94.621,15.8,NH,Asphalt,0,0,0,1301,32.1,0,POOR,0.58
NH-02,Imphal Ring Road Sec-18,Manipur,Imphal West,24.8357,93.9616,24.8574,93.9845,16.5,NH,Asphalt,0,1,0,845,3.0,0,GOOD,0.144
NH-02,Imphal-Churachandpur Hwy Sec-19,Manipur,Bishnupur,24.7068,93.8669,24.7474,93.9064,13.5,NH,Asphalt,0,1,0,746,5.4,1,GOOD,0.06
NH-02,Mao-Maram Highway Sec-20,Manipur,Senapati,25.1138,93.8919,25.1462,93.9187,4.6,NH,Asphalt,0,0,0,1238,27.7,0,POOR,0.653
NH-54,Silchar-Aizawl Hwy Sec-1,Mizoram,Aizawl,23.6371,92.7927,23.659,92.8144,15.6,NH,Asphalt,0,0,0,1090,35.4,0,POOR,0.552
NH-54,Vairengte-Kolasib Corridor Sec-2,Mizoram,Kolasib,24.1139,92.5486,24.1361,92.5637,5.1,NH,Asphalt,0,0,0,650,23.5,0,FAIR,0.368
NH-54,Aizawl-Lunglei Road Sec-3,Mizoram,Lunglei,22.7397,92.8342,22.757,92.8733,11.7,NH,Asphalt,0,0,0,973,32.1,0,POOR,0.482
NH-08,Assam-Agartala National Hwy Sec-4,Tripura,West Tripura,23.8501,91.2041,23.8921,91.2473,4.7,NH,Asphalt,0,0,0,57,2.4,0,GOOD,0.051
NH-08,Agartala-Udaipur Hwy Sec-5,Tripura,Sipahijala,23.7203,91.4016,23.7573,91.4396,15.1,NH,Asphalt,0,0,0,20,4.0,0,GOOD,0.099
NH-08,Ambassa Corridor Sec-6,Tripura,Dhalai,23.8145,91.825,23.8494,91.8549,12.3,NH,Asphalt,0,0,0,180,14.4,0,FAIR,0.391
NH-13,Bhalukpong-Tawang Hwy Sec-7,Arunachal Pradesh,Tawang,27.6017,91.7133,27.6327,91.7449,15.0,NH,Asphalt,0,0,1,2872,43.0,0,CRITICAL,0.722
NH-13,Trans-Arunachal Hwy Sec-8,Arunachal Pradesh,West Kameng,27.3726,92.3988,27.4133,92.4416,9.8,NH,Asphalt,0,0,0,2168,40.1,0,CRITICAL,0.9
NH-415,Itanagar-Naharlagun Corridor Sec-9,Arunachal Pradesh,Papum Pare,27.1447,93.6931,27.1815,93.7134,13.4,NH,Asphalt,0,0,0,329,19.7,0,FAIR,0.293
NH-515,Pasighat Corridor Sec-10,Arunachal Pradesh,East Siang,28.1335,95.234,28.1489,95.2619,8.9,NH,Asphalt,0,1,0,152,7.6,0,GOOD,0.091
NH-13,Ziro-Yachuli Road Sec-11,Arunachal Pradesh,Lower Subansiri,27.4561,93.7321,27.4785,93.7615,5.8,NH,Asphalt,0,0,0,1565,30.5,0,POOR,0.492
NH-27,East-West Corridor Sec-12,Assam,Kamrup Metropolitan,26.0782,91.6655,26.1211,91.7024,6.8,NH,Concrete,1,1,0,20,1.6,0,GOOD,0.053
NH-27,Amingaon-Rangia Hwy Sec-13,Assam,Kamrup Rural,26.1342,91.6249,26.1541,91.6527,14.3,NH,Asphalt,0,0,0,20,0.4,0,GOOD,0.204
NH-15,North Bank Hwy Sec-14,Assam,Darrang,26.4811,92.1131,26.5048,92.158,13.8,NH,Asphalt,0,1,0,72,1.7,0,GOOD,0.225
NH-15,Tezpur-Biswanath Hwy Sec-15,Assam,Sonitpur,26.631,92.8144,26.6483,92.8341,6.1,NH,Asphalt,0,1,0,63,0.4,0,GOOD,0.173
NH-37,Upper Assam Hwy Sec-16,Assam,Dibrugarh,27.4804,95.0491,27.524,95.0661,14.9,NH,Asphalt,0,1,0,114,0.4,0,GOOD,0.088
NH-37,Silchar-Badarpur Corridor Sec-17,Assam,Cachar,24.8081,92.79,24.8312,92.8104,14.8,NH,Asphalt,0,1,0,20,1.0,0,GOOD,0.107
NH-27,Kaziranga Bypass Sec-18,Assam,Nagaon,26.3942,92.6333,26.4242,92.6734,11.7,NH,Asphalt,1,0,0,41,0.4,0,GOOD,0.145
NH-206,Shillong-Dawki Hwy Sec-19,Meghalaya,East Khasi Hills,25.5879,92.0423,25.6213,92.0809,9.3,NH,Asphalt,0,0,0,1535,31.8,0,POOR,0.669
NH-127B,Nongstoin Road Sec-20,Meghalaya,West Khasi Hills,25.3944,91.2138,25.4122,91.2341,15.4,NH,Asphalt,0,0,0,1250,30.0,0,POOR,0.507
NH-06,Guwahati-Shillong Expressway Sec-1,Meghalaya,Ri-Bhoi,25.9363,92.0177,25.9677,92.0402,4.7,NH,Asphalt,0,0,0,577,18.4,0,FAIR,0.396
NH-06,Jowai Bypass Sec-2,Meghalaya,West Jaintia Hills,25.5389,92.084,25.5813,92.1231,15.2,NH,Asphalt,0,0,0,1302,26.2,0,POOR,0.551
NH-10,Sevoke-Gangtok Hwy Sec-3,Sikkim,East Sikkim,27.4623,88.7031,27.4799,88.72,6.5,NH,Asphalt,0,1,0,1637,42.1,1,CRITICAL,0.766
NH-310,Mangan-Chungthang Road Sec-4,Sikkim,North Sikkim,27.496,88.4889,27.5158,88.5284,11.7,NH,Asphalt,0,1,1,2473,47.0,0,CRITICAL,0.8
NH-510,Namchi-Jorethang Rd Sec-5,Sikkim,South Sikkim,27.3045,88.2502,27.3339,88.2929,13.0,NH,Asphalt,0,1,0,1338,36.4,1,POOR,0.466
NH-29,Dimapur-Kohima Corridor Sec-6,Nagaland,Kohima,25.5447,94.1597,25.5606,94.2003,15.2,NH,Asphalt,0,0,0,1479,34.4,0,POOR,0.634
NH-29,Dimapur Gateway Sec-7,Nagaland,Dimapur,26.0075,93.6392,26.0355,93.6784,15.0,NH,Asphalt,0,0,0,241,4.8,0,GOOD,0.099
NH-02,Mokokchung-Amguri Rd Sec-8,Nagaland,Mokokchung,26.4076,94.564,26.4347,94.584,12.9,NH,Asphalt,0,0,0,1380,28.9,0,POOR,0.617
NH-02,Imphal Ring Road Sec-9,Manipur,Imphal West,24.6741,94.0019,24.7036,94.0345,13.9,NH,Asphalt,0,1,0,729,0.4,1,GOOD,0.064
NH-02,Imphal-Churachandpur Hwy Sec-10,Manipur,Bishnupur,24.7207,93.7819,24.765,93.8192,15.8,NH,Asphalt,0,1,0,783,5.1,0,GOOD,0.241
NH-02,Mao-Maram Highway Sec-11,Manipur,Senapati,25.2323,93.9953,25.2753,94.0337,12.0,NH,Asphalt,0,0,0,1241,29.2,0,POOR,0.494
NH-54,Silchar-Aizawl Hwy Sec-12,Mizoram,Aizawl,23.7791,92.7281,23.8078,92.7528,9.5,NH,Asphalt,0,0,0,1152,34.1,0,POOR,0.653
NH-54,Vairengte-Kolasib Corridor Sec-13,Mizoram,Kolasib,24.2938,92.5437,24.3358,92.5598,7.0,NH,Asphalt,0,0,0,658,22.4,0,FAIR,0.412
NH-54,Aizawl-Lunglei Road Sec-14,Mizoram,Lunglei,22.7618,92.8261,22.7939,92.8416,13.5,NH,Asphalt,0,0,0,998,32.0,0,POOR,0.673
NH-08,Assam-Agartala National Hwy Sec-15,Tripura,West Tripura,23.9595,91.2512,23.9857,91.2764,14.6,NH,Concrete,0,0,0,80,2.9,0,GOOD,0.146
NH-08,Agartala-Udaipur Hwy Sec-16,Tripura,Sipahijala,23.645,91.2029,23.6695,91.2318,6.3,NH,Concrete,0,0,0,22,4.5,0,GOOD,0.195
NH-08,Ambassa Corridor Sec-17,Tripura,Dhalai,23.7885,91.8902,23.8191,91.9282,12.5,NH,Asphalt,0,0,0,118,12.9,0,FAIR,0.324
NH-13,Bhalukpong-Tawang Hwy Sec-18,Arunachal Pradesh,Tawang,27.6746,91.9282,27.7062,91.9597,14.8,NH,Asphalt,0,0,1,2887,46.8,0,CRITICAL,0.741
NH-13,Trans-Arunachal Hwy Sec-19,Arunachal Pradesh,West Kameng,27.3769,92.3083,27.3955,92.3476,15.1,NH,Asphalt,0,0,0,2145,35.5,0,POOR,0.552
NH-415,Itanagar-Naharlagun Corridor Sec-20,Arunachal Pradesh,Papum Pare,27.1115,93.7507,27.1456,93.7731,11.8,NH,Asphalt,0,0,0,299,17.1,0,FAIR,0.283
NH-515,Pasighat Corridor Sec-1,Arunachal Pradesh,East Siang,28.1338,95.2395,28.1616,95.2557,5.9,NH,Asphalt,0,1,0,210,9.9,0,GOOD,0.246
NH-13,Ziro-Yachuli Road Sec-2,Arunachal Pradesh,Lower Subansiri,27.4483,93.7462,27.4915,93.7811,18.0,NH,Asphalt,0,0,0,1606,31.2,0,POOR,0.472
NH-27,East-West Corridor Sec-3,Assam,Kamrup Metropolitan,26.1958,91.7564,26.2317,91.7959,18.0,NH,Concrete,0,0,0,20,3.0,0,GOOD,0.168
NH-27,Amingaon-Rangia Hwy Sec-4,Assam,Kamrup Rural,26.3333,91.5504,26.3777,91.5947,9.4,NH,Asphalt,0,1,0,68,0.4,0,GOOD,0.175
NH-15,North Bank Hwy Sec-5,Assam,Darrang,26.3772,91.9402,26.4044,91.956,8.3,NH,Concrete,0,1,0,66,1.0,1,GOOD,0.158
NH-15,Tezpur-Biswanath Hwy Sec-6,Assam,Sonitpur,26.5223,92.8392,26.5401,92.8583,11.6,NH,Asphalt,0,1,0,30,1.0,1,GOOD,0.182
NH-37,Upper Assam Hwy Sec-7,Assam,Dibrugarh,27.3808,94.9078,27.3988,94.9262,17.7,NH,Asphalt,0,1,0,90,1.4,0,GOOD,0.073
NH-37,Silchar-Badarpur Corridor Sec-8,Assam,Cachar,24.8586,92.7986,24.8831,92.8173,12.3,NH,Asphalt,0,1,0,20,3.3,0,GOOD,0.161
NH-27,Kaziranga Bypass Sec-9,Assam,Nagaon,26.2458,92.628,26.2632,92.6445,8.7,NH,Asphalt,0,0,0,104,0.4,0,GOOD,0.107
NH-206,Shillong-Dawki Hwy Sec-10,Meghalaya,East Khasi Hills,25.5596,91.9953,25.602,92.0127,14.1,NH,Asphalt,0,0,0,1447,31.4,0,POOR,0.666
NH-127B,Nongstoin Road Sec-11,Meghalaya,West Khasi Hills,25.504,91.2436,25.5471,91.2847,11.9,NH,Asphalt,0,0,0,1319,27.0,0,POOR,0.625
NH-06,Guwahati-Shillong Expressway Sec-12,Meghalaya,Ri-Bhoi,25.8027,91.912,25.8449,91.9467,5.9,NH,Asphalt,0,0,0,597,15.4,0,FAIR,0.445
NH-06,Jowai Bypass Sec-13,Meghalaya,West Jaintia Hills,25.5674,92.1089,25.5945,92.1518,8.7,NH,Asphalt,0,0,0,1363,27.9,0,POOR,0.459
NH-10,Sevoke-Gangtok Hwy Sec-14,Sikkim,East Sikkim,27.2115,88.4621,27.2528,88.4799,9.0,NH,Asphalt,0,1,0,1654,42.7,0,CRITICAL,0.763
NH-310,Mangan-Chungthang Road Sec-15,Sikkim,North Sikkim,27.5237,88.6308,27.5609,88.6499,5.8,NH,Asphalt,0,1,1,2417,50.5,0,CRITICAL,0.743
NH-510,Namchi-Jorethang Rd Sec-16,Sikkim,South Sikkim,27.183,88.4996,27.2263,88.5147,16.5,NH,Asphalt,0,1,0,1300,37.0,1,POOR,0.453
NH-29,Dimapur-Kohima Corridor Sec-17,Nagaland,Kohima,25.6428,94.226,25.6591,94.2653,10.0,NH,Asphalt,0,0,0,1455,37.0,0,POOR,0.506
NH-29,Dimapur Gateway Sec-18,Nagaland,Dimapur,25.8962,93.7306,25.9144,93.7504,17.2,NH,Asphalt,0,1,0,185,3.1,0,GOOD,0.186
NH-02,Mokokchung-Amguri Rd Sec-19,Nagaland,Mokokchung,26.2467,94.6592,26.2886,94.6816,9.0,NH,Asphalt,0,0,0,1338,31.9,0,POOR,0.503
NH-02,Imphal Ring Road Sec-20,Manipur,Imphal West,24.7091,93.8346,24.7297,93.8771,14.0,NH,Asphalt,0,1,0,797,4.4,0,GOOD,0.152
NH-02,Imphal-Churachandpur Hwy Sec-1,Manipur,Bishnupur,24.7727,93.8353,24.7908,93.8747,10.8,NH,Asphalt,0,1,0,771,5.7,1,POOR,0.654
NH-02,Mao-Maram Highway Sec-2,Manipur,Senapati,25.3384,93.9295,25.3753,93.9483,14.5,NH,Asphalt,0,0,0,1223,28.8,0,POOR,0.61
NH-54,Silchar-Aizawl Hwy Sec-3,Mizoram,Aizawl,23.6391,92.8399,23.6788,92.8754,7.7,NH,Asphalt,0,0,0,1116,32.4,0,POOR,0.541
NH-54,Vairengte-Kolasib Corridor Sec-4,Mizoram,Kolasib,24.3345,92.542,24.3617,92.5774,16.3,NH,Asphalt,0,0,0,633,23.6,0,FAIR,0.324
NH-54,Aizawl-Lunglei Road Sec-5,Mizoram,Lunglei,22.8864,92.8389,22.9187,92.8758,15.9,NH,Asphalt,0,0,0,1066,32.7,0,POOR,0.555
NH-08,Assam-Agartala National Hwy Sec-6,Tripura,West Tripura,23.8525,91.2498,23.8823,91.2719,10.3,NH,Asphalt,0,0,0,23,1.4,0,GOOD,0.085
NH-08,Agartala-Udaipur Hwy Sec-7,Tripura,Sipahijala,23.7356,91.317,23.7623,91.3568,8.5,NH,Concrete,0,0,0,20,5.4,0,GOOD,0.177
NH-08,Ambassa Corridor Sec-8,Tripura,Dhalai,23.8218,91.9452,23.866,91.9725,12.3,NH,Concrete,0,0,0,124,11.9,0,FAIR,0.323
NH-13,Bhalukpong-Tawang Hwy Sec-9,Arunachal Pradesh,Tawang,27.6174,91.86,27.6509,91.9017,14.0,NH,Asphalt,0,0,1,2857,44.2,0,CRITICAL,0.888
NH-13,Trans-Arunachal Hwy Sec-10,Arunachal Pradesh,West Kameng,27.2689,92.3501,27.2915,92.3833,4.5,NH,Asphalt,0,0,0,2159,36.4,0,POOR,0.624
NH-415,Itanagar-Naharlagun Corridor Sec-11,Arunachal Pradesh,Papum Pare,27.1656,93.5021,27.184,93.5348,14.6,NH,Asphalt,0,0,0,289,18.1,0,FAIR,0.372
NH-515,Pasighat Corridor Sec-12,Arunachal Pradesh,East Siang,27.95,95.3786,27.9857,95.4109,15.5,NH,Asphalt,0,1,0,156,7.8,1,GOOD,0.123
NH-13,Ziro-Yachuli Road Sec-13,Arunachal Pradesh,Lower Subansiri,27.65,93.6867,27.6824,93.7307,7.9,NH,Asphalt,0,0,0,1505,30.5,0,POOR,0.498
NH-27,East-West Corridor Sec-14,Assam,Kamrup Metropolitan,26.0349,91.74,26.0712,91.7619,7.9,NH,Concrete,1,1,0,109,1.6,0,GOOD,0.205
NH-27,Amingaon-Rangia Hwy Sec-15,Assam,Kamrup Rural,26.1125,91.466,26.1393,91.51,8.2,NH,Concrete,1,1,0,49,1.4,0,GOOD,0.147
NH-15,North Bank Hwy Sec-16,Assam,Darrang,26.3076,92.0969,26.3289,92.1152,13.9,NH,Asphalt,0,1,0,76,2.7,0,GOOD,0.095
NH-15,Tezpur-Biswanath Hwy Sec-17,Assam,Sonitpur,26.5488,92.8246,26.574,92.853,6.5,NH,Asphalt,0,1,0,78,3.9,0,GOOD,0.089
NH-37,Upper Assam Hwy Sec-18,Assam,Dibrugarh,27.5719,94.9423,27.5906,94.9684,17.7,NH,Asphalt,0,1,0,149,1.2,0,GOOD,0.083
NH-37,Silchar-Badarpur Corridor Sec-19,Assam,Cachar,24.8703,92.7821,24.9009,92.8054,13.5,NH,Asphalt,0,1,0,20,2.9,1,POOR,0.629
NH-27,Kaziranga Bypass Sec-20,Assam,Nagaon,26.3312,92.7112,26.3506,92.7379,7.0,NH,Asphalt,0,1,0,33,0.4,0,GOOD,0.096
NH-206,Shillong-Dawki Hwy Sec-1,Meghalaya,East Khasi Hills,25.4338,91.9001,25.4561,91.9298,8.2,NH,Asphalt,0,0,0,1546,30.5,0,POOR,0.571
NH-127B,Nongstoin Road Sec-2,Meghalaya,West Khasi Hills,25.4049,91.1389,25.4214,91.154,10.8,NH,Asphalt,0,0,0,1280,30.0,0,POOR,0.554
NH-06,Guwahati-Shillong Expressway Sec-3,Meghalaya,Ri-Bhoi,26.0133,91.8894,26.0301,91.9311,5.3,NH,Asphalt,0,0,0,586,14.6,0,FAIR,0.366
NH-06,Jowai Bypass Sec-4,Meghalaya,West Jaintia Hills,25.3391,92.231,25.3679,92.2547,10.1,NH,Asphalt,0,0,0,1375,23.5,0,FAIR,0.425
NH-10,Sevoke-Gangtok Hwy Sec-5,Sikkim,East Sikkim,27.3925,88.5859,27.4339,88.6051,8.3,NH,Asphalt,0,1,0,1643,41.4,1,CRITICAL,0.891
NH-310,Mangan-Chungthang Road Sec-6,Sikkim,North Sikkim,27.5089,88.4688,27.5367,88.4842,15.1,NH,Asphalt,0,1,1,2492,48.4,0,CRITICAL,0.799
NH-510,Namchi-Jorethang Rd Sec-7,Sikkim,South Sikkim,27.1252,88.4414,27.1561,88.474,9.2,NH,Asphalt,0,1,0,1356,37.5,0,POOR,0.454
NH-29,Dimapur-Kohima Corridor Sec-8,Nagaland,Kohima,25.5544,93.9988,25.5887,94.0273,13.8,NH,Asphalt,0,0,0,1441,37.1,0,POOR,0.548
NH-29,Dimapur Gateway Sec-9,Nagaland,Dimapur,25.7819,93.757,25.8052,93.7863,9.8,NH,Asphalt,0,1,0,204,3.3,0,GOOD,0.171
NH-02,Mokokchung-Amguri Rd Sec-10,Nagaland,Mokokchung,26.3877,94.6068,26.4075,94.6284,16.7,NH,Asphalt,0,0,0,1333,31.1,0,POOR,0.578
NH-02,Imphal Ring Road Sec-11,Manipur,Imphal West,24.7795,93.8484,24.795,93.8704,11.1,NH,Asphalt,0,1,0,827,1.3,0,GOOD,0.18
NH-02,Imphal-Churachandpur Hwy Sec-12,Manipur,Bishnupur,24.5288,93.81,24.5504,93.8535,11.4,NH,Asphalt,0,1,0,742,2.3,0,GOOD,0.081
NH-02,Mao-Maram Highway Sec-13,Manipur,Senapati,25.2794,94.0436,25.3224,94.0619,14.2,NH,Asphalt,0,0,0,1277,29.0,0,POOR,0.599
NH-54,Silchar-Aizawl Hwy Sec-14,Mizoram,Aizawl,23.7427,92.7349,23.7734,92.7706,8.2,NH,Asphalt,0,0,0,1092,32.4,0,POOR,0.492
NH-54,Vairengte-Kolasib Corridor Sec-15,Mizoram,Kolasib,24.1461,92.622,24.1808,92.661,14.6,NH,Asphalt,0,0,0,594,25.9,0,POOR,0.623
NH-54,Aizawl-Lunglei Road Sec-16,Mizoram,Lunglei,22.7714,92.8491,22.787,92.8811,16.4,NH,Asphalt,0,0,0,975,32.7,0,POOR,0.528
NH-08,Assam-Agartala National Hwy Sec-17,Tripura,West Tripura,23.8913,91.1853,23.9135,91.2088,15.4,NH,Asphalt,0,0,0,20,2.1,0,GOOD,0.192
NH-08,Agartala-Udaipur Hwy Sec-18,Tripura,Sipahijala,23.7253,91.3462,23.7604,91.3779,12.8,NH,Asphalt,0,0,0,59,4.0,0,GOOD,0.06
NH-08,Ambassa Corridor Sec-19,Tripura,Dhalai,23.9894,91.7016,24.0203,91.7221,11.2,NH,Asphalt,0,0,0,91,13.6,0,FAIR,0.332
NH-13,Bhalukpong-Tawang Hwy Sec-20,Arunachal Pradesh,Tawang,27.6162,91.7358,27.6357,91.7514,14.9,NH,Asphalt,0,0,1,2873,43.1,0,CRITICAL,0.855
NH-13,Trans-Arunachal Hwy Sec-1,Arunachal Pradesh,West Kameng,27.1258,92.3812,27.1639,92.4088,9.1,NH,Asphalt,0,0,0,2191,38.6,0,CRITICAL,0.75
NH-415,Itanagar-Naharlagun Corridor Sec-2,Arunachal Pradesh,Papum Pare,27.1639,93.6458,27.1933,93.6664,14.4,NH,Asphalt,0,0,0,359,20.1,0,FAIR,0.409
NH-515,Pasighat Corridor Sec-3,Arunachal Pradesh,East Siang,28.0477,95.2365,28.0843,95.2642,13.9,NH,Asphalt,0,1,0,179,11.4,0,FAIR,0.376
NH-13,Ziro-Yachuli Road Sec-4,Arunachal Pradesh,Lower Subansiri,27.4584,93.9152,27.4816,93.9362,9.9,NH,Asphalt,0,0,0,1565,32.5,0,POOR,0.585
NH-27,East-West Corridor Sec-5,Assam,Kamrup Metropolitan,26.0453,91.597,26.0856,91.63,12.1,NH,Concrete,1,0,0,25,2.0,0,GOOD,0.121
NH-27,Amingaon-Rangia Hwy Sec-6,Assam,Kamrup Rural,26.0611,91.4948,26.082,91.5171,5.1,NH,Asphalt,1,1,0,49,0.4,0,GOOD,0.146
NH-15,North Bank Hwy Sec-7,Assam,Darrang,26.4778,92.0363,26.5,92.0613,7.6,NH,Asphalt,0,1,0,86,2.1,0,GOOD,0.169
NH-15,Tezpur-Biswanath Hwy Sec-8,Assam,Sonitpur,26.6487,92.8604,26.6642,92.8777,12.1,NH,Concrete,0,1,0,89,4.2,0,GOOD,0.144
NH-37,Upper Assam Hwy Sec-9,Assam,Dibrugarh,27.6118,94.845,27.6391,94.8613,10.8,NH,Asphalt,0,1,0,125,3.1,0,GOOD,0.19
NH-37,Silchar-Badarpur Corridor Sec-10,Assam,Cachar,24.8045,92.6303,24.8417,92.6484,17.9,NH,Asphalt,0,1,0,20,1.3,1,POOR,0.55
NH-27,Kaziranga Bypass Sec-11,Assam,Nagaon,26.2169,92.6223,26.2535,92.6439,7.4,NH,Asphalt,1,0,0,20,2.5,0,GOOD,0.09
NH-206,Shillong-Dawki Hwy Sec-12,Meghalaya,East Khasi Hills,25.6916,91.9872,25.707,92.0198,6.1,NH,Asphalt,0,0,0,1503,29.3,0,POOR,0.499
NH-127B,Nongstoin Road Sec-13,Meghalaya,West Khasi Hills,25.4731,91.2551,25.4965,91.2878,10.6,NH,Asphalt,0,0,0,1251,29.3,0,POOR,0.451
NH-06,Guwahati-Shillong Expressway Sec-14,Meghalaya,Ri-Bhoi,25.8877,91.8682,25.909,91.8934,7.7,NH,Asphalt,0,0,0,565,18.3,0,FAIR,0.31
NH-06,Jowai Bypass Sec-15,Meghalaya,West Jaintia Hills,25.3773,92.1648,25.3959,92.204,15.2,NH,Asphalt,0,0,0,1370,28.5,0,POOR,0.622
NH-10,Sevoke-Gangtok Hwy Sec-16,Sikkim,East Sikkim,27.2579,88.5512,27.289,88.5851,14.8,NH,Asphalt,0,1,0,1635,42.1,1,CRITICAL,0.875
NH-310,Mangan-Chungthang Road Sec-17,Sikkim,North Sikkim,27.5997,88.4745,27.616,88.5102,11.8,NH,Asphalt,0,1,1,2401,48.0,0,CRITICAL,0.745
NH-510,Namchi-Jorethang Rd Sec-18,Sikkim,South Sikkim,27.1226,88.3664,27.1573,88.4023,4.6,NH,Asphalt,0,1,0,1262,36.1,0,POOR,0.671
NH-29,Dimapur-Kohima Corridor Sec-19,Nagaland,Kohima,25.7934,94.0393,25.8337,94.0788,7.4,NH,Asphalt,0,0,0,1475,36.7,0,POOR,0.566
NH-29,Dimapur Gateway Sec-20,Nagaland,Dimapur,25.9065,93.6374,25.9339,93.6623,5.7,NH,Asphalt,0,0,0,229,2.5,0,GOOD,0.233
NH-02,Mokokchung-Amguri Rd Sec-1,Nagaland,Mokokchung,26.2438,94.6205,26.2763,94.6632,8.2,NH,Asphalt,0,0,0,1367,31.6,0,POOR,0.613
NH-02,Imphal Ring Road Sec-2,Manipur,Imphal West,24.699,94.0629,24.7268,94.0884,9.3,NH,Asphalt,0,1,0,811,4.5,0,GOOD,0.194
NH-02,Imphal-Churachandpur Hwy Sec-3,Manipur,Bishnupur,24.4844,93.8716,24.513,93.9075,4.9,NH,Asphalt,0,1,0,715,5.2,1,GOOD,0.067
NH-02,Mao-Maram Highway Sec-4,Manipur,Senapati,25.2046,94.1294,25.2225,94.1632,4.8,NH,Asphalt,0,0,0,1302,31.5,0,POOR,0.501
NH-54,Silchar-Aizawl Hwy Sec-5,Mizoram,Aizawl,23.7243,92.8629,23.7476,92.8831,6.6,NH,Asphalt,0,0,0,1187,33.1,0,POOR,0.452
NH-54,Vairengte-Kolasib Corridor Sec-6,Mizoram,Kolasib,24.2951,92.5685,24.3322,92.6055,7.1,NH,Asphalt,0,0,0,617,26.0,0,POOR,0.615
NH-54,Aizawl-Lunglei Road Sec-7,Mizoram,Lunglei,22.8922,92.7407,22.9135,92.7597,10.7,NH,Asphalt,0,0,0,1010,33.3,0,POOR,0.529
NH-08,Assam-Agartala National Hwy Sec-8,Tripura,West Tripura,23.8187,91.1729,23.8535,91.1947,6.3,NH,Concrete,0,0,0,41,1.9,0,GOOD,0.207
NH-08,Agartala-Udaipur Hwy Sec-9,Tripura,Sipahijala,23.4885,91.2252,23.5309,91.2463,13.0,NH,Asphalt,0,0,0,46,1.0,0,GOOD,0.118
NH-08,Ambassa Corridor Sec-10,Tripura,Dhalai,23.9586,91.7561,23.9826,91.7917,6.6,NH,Concrete,0,0,0,113,10.7,0,FAIR,0.414
NH-13,Bhalukpong-Tawang Hwy Sec-11,Arunachal Pradesh,Tawang,27.62,91.8192,27.662,91.8484,4.6,NH,Asphalt,0,0,1,2903,44.1,0,CRITICAL,0.729
NH-13,Trans-Arunachal Hwy Sec-12,Arunachal Pradesh,West Kameng,27.3402,92.3754,27.3664,92.4064,13.7,NH,Asphalt,0,0,0,2191,36.9,0,POOR,0.49
NH-415,Itanagar-Naharlagun Corridor Sec-13,Arunachal Pradesh,Papum Pare,26.9897,93.6394,27.0315,93.6577,14.8,NH,Asphalt,0,0,0,289,20.1,0,FAIR,0.318
NH-515,Pasighat Corridor Sec-14,Arunachal Pradesh,East Siang,28.1572,95.3426,28.1786,95.3622,6.0,NH,Asphalt,0,1,0,204,8.6,1,POOR,0.544
NH-13,Ziro-Yachuli Road Sec-15,Arunachal Pradesh,Lower Subansiri,27.6877,93.7249,27.7096,93.7643,8.1,NH,Asphalt,0,0,0,1603,29.9,0,POOR,0.53
NH-27,East-West Corridor Sec-16,Assam,Kamrup Metropolitan,26.0348,91.8542,26.0654,91.8858,13.6,NH,Asphalt,0,0,0,75,1.3,0,GOOD,0.203
NH-27,Amingaon-Rangia Hwy Sec-17,Assam,Kamrup Rural,26.2706,91.502,26.3126,91.5445,17.8,NH,Asphalt,1,1,0,69,2.7,0,GOOD,0.069
NH-15,North Bank Hwy Sec-18,Assam,Darrang,26.3317,91.93,26.3766,91.961,12.2,NH,Asphalt,0,1,0,20,2.7,0,GOOD,0.12
NH-15,Tezpur-Biswanath Hwy Sec-19,Assam,Sonitpur,26.6728,92.7776,26.7005,92.8109,15.2,NH,Concrete,0,1,0,60,0.9,0,GOOD,0.217
NH-37,Upper Assam Hwy Sec-20,Assam,Dibrugarh,27.49,95.005,27.5128,95.0264,14.4,NH,Asphalt,0,1,0,92,0.4,1,POOR,0.465
NH-37,Silchar-Badarpur Corridor Sec-1,Assam,Cachar,24.9435,92.9178,24.9591,92.945,9.6,NH,Asphalt,0,1,0,20,2.2,0,GOOD,0.238
NH-27,Kaziranga Bypass Sec-2,Assam,Nagaon,26.3567,92.8278,26.3995,92.869,6.1,NH,Asphalt,0,0,0,40,0.4,0,GOOD,0.247
NH-206,Shillong-Dawki Hwy Sec-3,Meghalaya,East Khasi Hills,25.575,91.9643,25.5969,92.0003,17.3,NH,Asphalt,0,0,0,1543,28.4,0,POOR,0.47
NH-127B,Nongstoin Road Sec-4,Meghalaya,West Khasi Hills,25.4991,91.397,25.5175,91.4264,16.8,NH,Asphalt,0,0,0,1331,26.3,0,POOR,0.517
NH-06,Guwahati-Shillong Expressway Sec-5,Meghalaya,Ri-Bhoi,25.8512,91.9194,25.8836,91.9565,6.3,NH,Asphalt,0,0,0,563,16.0,0,FAIR,0.324
NH-06,Jowai Bypass Sec-6,Meghalaya,West Jaintia Hills,25.3237,92.1531,25.3542,92.1843,7.6,NH,Asphalt,0,0,0,1310,25.1,0,POOR,0.629
NH-10,Sevoke-Gangtok Hwy Sec-7,Sikkim,East Sikkim,27.2691,88.6499,27.2879,88.6921,11.4,NH,Asphalt,0,1,0,1624,43.9,0,CRITICAL,0.831
NH-310,Mangan-Chungthang Road Sec-8,Sikkim,North Sikkim,27.6316,88.6244,27.6648,88.6659,7.8,NH,Asphalt,0,1,1,2456,50.8,1,CRITICAL,0.842
NH-510,Namchi-Jorethang Rd Sec-9,Sikkim,South Sikkim,27.0752,88.2069,27.1068,88.2321,11.8,NH,Asphalt,0,1,0,1333,34.9,1,POOR,0.624
NH-29,Dimapur-Kohima Corridor Sec-10,Nagaland,Kohima,25.7483,94.1835,25.7711,94.2085,6.3,NH,Asphalt,0,0,0,1406,34.1,0,POOR,0.477
NH-29,Dimapur Gateway Sec-11,Nagaland,Dimapur,25.7759,93.8411,25.7962,93.8689,16.0,NH,Asphalt,0,0,0,205,1.6,0,GOOD,0.217
NH-02,Mokokchung-Amguri Rd Sec-12,Nagaland,Mokokchung,26.3322,94.6688,26.3534,94.7079,7.5,NH,Asphalt,0,0,0,1273,29.8,0,POOR,0.612
NH-02,Imphal Ring Road Sec-13,Manipur,Imphal West,24.8634,94.0524,24.8975,94.0829,12.9,NH,Asphalt,0,1,0,764,0.8,0,GOOD,0.165
NH-02,Imphal-Churachandpur Hwy Sec-14,Manipur,Bishnupur,24.6153,93.6524,24.6324,93.689,11.9,NH,Asphalt,0,1,0,777,5.2,1,POOR,0.655
NH-02,Mao-Maram Highway Sec-15,Manipur,Senapati,25.3091,94.1181,25.3462,94.1428,6.7,NH,Asphalt,0,0,0,1231,31.3,0,POOR,0.611
NH-54,Silchar-Aizawl Hwy Sec-16,Mizoram,Aizawl,23.8384,92.8481,23.8617,92.8885,4.9,NH,Asphalt,0,0,0,1140,32.7,0,POOR,0.496
NH-54,Vairengte-Kolasib Corridor Sec-17,Mizoram,Kolasib,24.2793,92.5831,24.3173,92.6215,15.0,NH,Asphalt,0,0,0,626,24.3,0,POOR,0.549
NH-54,Aizawl-Lunglei Road Sec-18,Mizoram,Lunglei,22.9932,92.7205,23.0289,92.7614,14.3,NH,Asphalt,0,0,0,1041,32.2,0,POOR,0.564
NH-08,Assam-Agartala National Hwy Sec-19,Tripura,West Tripura,23.7857,91.2987,23.8032,91.3186,14.5,NH,Asphalt,0,0,0,78,0.4,0,GOOD,0.061
NH-08,Agartala-Udaipur Hwy Sec-20,Tripura,Sipahijala,23.6087,91.2087,23.6261,91.2443,11.0,NH,Asphalt,0,0,0,20,0.5,0,GOOD,0.241
NH-08,Ambassa Corridor Sec-1,Tripura,Dhalai,23.9544,91.8032,23.9826,91.845,13.2,NH,Concrete,0,0,0,140,12.2,0,FAIR,0.276
NH-13,Bhalukpong-Tawang Hwy Sec-2,Arunachal Pradesh,Tawang,27.5837,91.936,27.6176,91.9801,4.8,NH,Asphalt,0,0,1,2878,42.0,0,CRITICAL,0.853
NH-13,Trans-Arunachal Hwy Sec-3,Arunachal Pradesh,West Kameng,27.2024,92.3353,27.2219,92.3609,9.6,NH,Asphalt,0,0,0,2140,38.2,0,CRITICAL,0.811
NH-415,Itanagar-Naharlagun Corridor Sec-4,Arunachal Pradesh,Papum Pare,27.215,93.5977,27.2335,93.6401,13.2,NH,Asphalt,0,0,0,291,16.8,0,FAIR,0.255
NH-515,Pasighat Corridor Sec-5,Arunachal Pradesh,East Siang,28.0329,95.2895,28.0705,95.3123,5.6,NH,Asphalt,0,1,0,128,7.1,0,GOOD,0.235
NH-13,Ziro-Yachuli Road Sec-6,Arunachal Pradesh,Lower Subansiri,27.555,93.92,27.588,93.9523,10.9,NH,Asphalt,0,0,0,1578,33.9,0,POOR,0.646
NH-27,East-West Corridor Sec-7,Assam,Kamrup Metropolitan,26.0799,91.8091,26.1096,91.8514,5.5,NH,Concrete,0,1,0,98,0.4,0,GOOD,0.155
NH-27,Amingaon-Rangia Hwy Sec-8,Assam,Kamrup Rural,26.0555,91.453,26.0855,91.4916,8.7,NH,Asphalt,0,1,0,20,1.6,0,GOOD,0.096
NH-15,North Bank Hwy Sec-9,Assam,Darrang,26.3836,92.0678,26.4126,92.0841,5.2,NH,Asphalt,0,1,0,20,0.4,1,POOR,0.478
NH-15,Tezpur-Biswanath Hwy Sec-10,Assam,Sonitpur,26.7747,92.6492,26.8163,92.6755,13.1,NH,Concrete,0,1,0,31,1.0,1,GOOD,0.123
NH-37,Upper Assam Hwy Sec-11,Assam,Dibrugarh,27.4543,94.7645,27.491,94.7878,6.5,NH,Asphalt,0,1,0,59,0.4,0,GOOD,0.101
NH-37,Silchar-Badarpur Corridor Sec-12,Assam,Cachar,24.7859,92.7224,24.8046,92.7498,15.3,NH,Asphalt,0,1,0,67,1.8,1,POOR,0.567
NH-27,Kaziranga Bypass Sec-13,Assam,Nagaon,26.4043,92.5435,26.449,92.5696,5.2,NH,Asphalt,1,0,0,20,2.7,0,GOOD,0.243
NH-206,Shillong-Dawki Hwy Sec-14,Meghalaya,East Khasi Hills,25.4456,91.976,25.4779,92.0129,12.0,NH,Asphalt,0,0,0,1439,30.7,0,POOR,0.582
NH-127B,Nongstoin Road Sec-15,Meghalaya,West Khasi Hills,25.6287,91.185,25.6449,91.2141,10.0,NH,Asphalt,0,0,0,1268,29.6,0,POOR,0.655
NH-06,Guwahati-Shillong Expressway Sec-16,Meghalaya,Ri-Bhoi,25.9804,91.8047,26.0026,91.8378,12.8,NH,Asphalt,0,0,0,588,18.9,0,FAIR,0.38
NH-06,Jowai Bypass Sec-17,Meghalaya,West Jaintia Hills,25.5984,92.1098,25.6272,92.1355,18.0,NH,Asphalt,0,0,0,1364,27.4,0,POOR,0.559
NH-10,Sevoke-Gangtok Hwy Sec-18,Sikkim,East Sikkim,27.4835,88.5983,27.5217,88.6367,17.4,NH,Asphalt,0,1,0,1677,44.3,0,CRITICAL,0.888
NH-310,Mangan-Chungthang Road Sec-19,Sikkim,North Sikkim,27.3976,88.6185,27.4383,88.6493,6.2,NH,Asphalt,0,1,1,2485,50.7,0,CRITICAL,0.804
NH-510,Namchi-Jorethang Rd Sec-20,Sikkim,South Sikkim,27.096,88.3916,27.1128,88.4307,17.0,NH,Asphalt,0,1,0,1265,35.5,1,POOR,0.65
NH-29,Dimapur-Kohima Corridor Sec-1,Nagaland,Kohima,25.7251,94.2506,25.7661,94.2732,11.6,NH,Asphalt,0,0,0,1410,36.5,0,POOR,0.517
NH-29,Dimapur Gateway Sec-2,Nagaland,Dimapur,25.807,93.6603,25.8487,93.7028,14.5,NH,Asphalt,0,0,0,150,3.3,0,GOOD,0.076
NH-02,Mokokchung-Amguri Rd Sec-3,Nagaland,Mokokchung,26.4657,94.5443,26.4885,94.5813,17.5,NH,Asphalt,0,0,0,1348,30.9,0,POOR,0.647
NH-02,Imphal Ring Road Sec-4,Manipur,Imphal West,24.7784,93.8136,24.8127,93.845,10.9,NH,Asphalt,0,1,0,745,2.2,0,GOOD,0.167
NH-02,Imphal-Churachandpur Hwy Sec-5,Manipur,Bishnupur,24.5839,93.9054,24.6253,93.9279,7.1,NH,Asphalt,0,1,0,807,4.1,1,POOR,0.654
NH-02,Mao-Maram Highway Sec-6,Manipur,Senapati,25.3034,94.0704,25.3399,94.091,13.2,NH,Asphalt,0,0,0,1291,27.5,0,POOR,0.666
NH-54,Silchar-Aizawl Hwy Sec-7,Mizoram,Aizawl,23.6721,92.7351,23.6991,92.7574,13.6,NH,Asphalt,0,0,0,1152,34.3,0,POOR,0.462
NH-54,Vairengte-Kolasib Corridor Sec-8,Mizoram,Kolasib,24.2016,92.5879,24.2208,92.6149,13.7,NH,Asphalt,0,0,0,638,23.9,0,FAIR,0.35
NH-54,Aizawl-Lunglei Road Sec-9,Mizoram,Lunglei,22.8052,92.6018,22.842,92.6325,13.2,NH,Asphalt,0,0,0,1050,31.2,0,POOR,0.536
NH-08,Assam-Agartala National Hwy Sec-10,Tripura,West Tripura,23.8906,91.1937,23.9256,91.2179,8.5,NH,Concrete,0,0,0,20,2.3,0,GOOD,0.175
NH-08,Agartala-Udaipur Hwy Sec-11,Tripura,Sipahijala,23.6255,91.4223,23.6669,91.46,6.3,NH,Asphalt,0,0,0,48,5.1,0,GOOD,0.209
NH-08,Ambassa Corridor Sec-12,Tripura,Dhalai,23.7207,91.7465,23.7611,91.7744,5.9,NH,Asphalt,0,0,0,117,13.6,0,FAIR,0.306
NH-13,Bhalukpong-Tawang Hwy Sec-13,Arunachal Pradesh,Tawang,27.5723,91.9422,27.5949,91.9711,5.1,NH,Asphalt,0,0,1,2904,43.9,0,CRITICAL,0.822
NH-13,Trans-Arunachal Hwy Sec-14,Arunachal Pradesh,West Kameng,27.1201,92.5229,27.1468,92.5663,13.0,NH,Asphalt,0,0,1,2239,38.6,0,CRITICAL,0.856
NH-415,Itanagar-Naharlagun Corridor Sec-15,Arunachal Pradesh,Papum Pare,26.9694,93.7567,26.9891,93.8001,9.5,NH,Asphalt,0,0,0,364,17.9,0,FAIR,0.277
NH-515,Pasighat Corridor Sec-16,Arunachal Pradesh,East Siang,28.0653,95.3414,28.089,95.3826,7.0,NH,Asphalt,0,1,0,173,8.1,0,GOOD,0.213
NH-13,Ziro-Yachuli Road Sec-17,Arunachal Pradesh,Lower Subansiri,27.4966,93.7089,27.5353,93.7455,9.5,NH,Asphalt,0,0,0,1584,30.2,0,POOR,0.589
NH-27,East-West Corridor Sec-18,Assam,Kamrup Metropolitan,26.0334,91.8482,26.0647,91.8688,7.1,NH,Asphalt,0,1,0,20,0.4,0,GOOD,0.24
NH-27,Amingaon-Rangia Hwy Sec-19,Assam,Kamrup Rural,26.0445,91.6045,26.0796,91.6336,8.7,NH,Asphalt,0,1,0,47,1.7,0,GOOD,0.118
NH-15,North Bank Hwy Sec-20,Assam,Darrang,26.5124,91.9578,26.5428,92.0016,11.7,NH,Asphalt,0,1,0,38,0.4,0,GOOD,0.072
NH-15,Tezpur-Biswanath Hwy Sec-1,Assam,Sonitpur,26.4877,92.9189,26.5034,92.9407,6.0,NH,Concrete,0,0,0,101,2.1,0,GOOD,0.151
NH-37,Upper Assam Hwy Sec-2,Assam,Dibrugarh,27.3468,95.0023,27.3827,95.0329,15.7,NH,Concrete,0,1,0,55,0.4,0,GOOD,0.067
NH-37,Silchar-Badarpur Corridor Sec-3,Assam,Cachar,24.9504,92.8755,24.9872,92.8945,12.7,NH,Asphalt,0,1,0,66,2.8,0,GOOD,0.244
NH-27,Kaziranga Bypass Sec-4,Assam,Nagaon,26.2749,92.5462,26.3101,92.5714,8.4,NH,Asphalt,0,1,0,20,2.7,0,GOOD,0.058
NH-206,Shillong-Dawki Hwy Sec-5,Meghalaya,East Khasi Hills,25.4936,91.8991,25.5173,91.9202,7.4,NH,Asphalt,0,0,0,1442,31.6,0,POOR,0.623
NH-127B,Nongstoin Road Sec-6,Meghalaya,West Khasi Hills,25.4168,91.2679,25.4609,91.3076,7.1,NH,Asphalt,0,0,0,1251,28.4,0,POOR,0.571
NH-06,Guwahati-Shillong Expressway Sec-7,Meghalaya,Ri-Bhoi,25.9175,91.8974,25.9483,91.93,16.4,NH,Asphalt,0,0,0,585,14.5,0,FAIR,0.324
NH-06,Jowai Bypass Sec-8,Meghalaya,West Jaintia Hills,25.4074,92.1876,25.4261,92.2245,15.4,NH,Asphalt,0,0,0,1355,25.6,0,POOR,0.465
NH-10,Sevoke-Gangtok Hwy Sec-9,Sikkim,East Sikkim,27.4266,88.6215,27.4658,88.6392,14.1,NH,Asphalt,0,1,0,1654,41.2,1,CRITICAL,0.837
NH-310,Mangan-Chungthang Road Sec-10,Sikkim,North Sikkim,27.6495,88.5329,27.6781,88.5619,16.4,NH,Asphalt,0,1,1,2435,50.5,0,CRITICAL,0.829
NH-510,Namchi-Jorethang Rd Sec-11,Sikkim,South Sikkim,27.3191,88.4535,27.3378,88.4699,17.7,NH,Asphalt,0,1,0,1292,37.5,0,POOR,0.515
NH-29,Dimapur-Kohima Corridor Sec-12,Nagaland,Kohima,25.7429,94.1411,25.7651,94.1588,13.7,NH,Asphalt,0,0,0,1452,36.0,0,POOR,0.659
NH-29,Dimapur Gateway Sec-13,Nagaland,Dimapur,25.9219,93.8009,25.9517,93.8199,13.2,NH,Asphalt,0,0,0,181,6.1,0,GOOD,0.111
NH-02,Mokokchung-Amguri Rd Sec-14,Nagaland,Mokokchung,26.2941,94.5879,26.3391,94.6041,10.0,NH,Asphalt,0,0,0,1296,31.5,0,POOR,0.553
NH-02,Imphal Ring Road Sec-15,Manipur,Imphal West,24.965,93.8774,24.981,93.8947,5.6,NH,Asphalt,0,1,0,763,4.6,0,GOOD,0.159
NH-02,Imphal-Churachandpur Hwy Sec-16,Manipur,Bishnupur,24.5769,93.846,24.6144,93.8838,11.2,NH,Asphalt,0,1,0,830,4.4,1,POOR,0.473
NH-02,Mao-Maram Highway Sec-17,Manipur,Senapati,25.2761,94.0269,25.32,94.0716,5.8,NH,Asphalt,0,0,0,1308,29.9,0,POOR,0.664
NH-54,Silchar-Aizawl Hwy Sec-18,Mizoram,Aizawl,23.7152,92.6144,23.759,92.6552,15.0,NH,Asphalt,0,0,0,1103,32.3,0,POOR,0.536
NH-54,Vairengte-Kolasib Corridor Sec-19,Mizoram,Kolasib,24.1399,92.7733,24.1765,92.804,4.6,NH,Asphalt,0,0,0,561,24.9,0,POOR,0.469
NH-54,Aizawl-Lunglei Road Sec-20,Mizoram,Lunglei,22.7952,92.6132,22.8375,92.6345,4.9,NH,Asphalt,0,0,0,1001,33.0,0,POOR,0.539
NH-08,Assam-Agartala National Hwy Sec-1,Tripura,West Tripura,23.9292,91.3437,23.9685,91.3763,9.0,NH,Asphalt,0,0,0,48,3.7,0,GOOD,0.17
NH-08,Agartala-Udaipur Hwy Sec-2,Tripura,Sipahijala,23.6777,91.1732,23.7092,91.2133,11.6,NH,Concrete,0,0,0,75,3.4,0,GOOD,0.153
NH-08,Ambassa Corridor Sec-3,Tripura,Dhalai,23.7168,91.9313,23.7525,91.9563,13.1,NH,Asphalt,0,0,0,124,13.9,0,FAIR,0.389
NH-13,Bhalukpong-Tawang Hwy Sec-4,Arunachal Pradesh,Tawang,27.7152,91.7456,27.7521,91.7853,12.5,NH,Asphalt,0,0,1,2938,43.1,0,CRITICAL,0.712
NH-13,Trans-Arunachal Hwy Sec-5,Arunachal Pradesh,West Kameng,27.2952,92.2693,27.339,92.3115,16.9,NH,Asphalt,0,0,1,2239,38.7,0,CRITICAL,0.763
NH-415,Itanagar-Naharlagun Corridor Sec-6,Arunachal Pradesh,Papum Pare,27.1077,93.5624,27.1492,93.5978,9.8,NH,Asphalt,0,0,0,332,16.7,0,FAIR,0.414
NH-515,Pasighat Corridor Sec-7,Arunachal Pradesh,East Siang,27.9822,95.1912,28.0155,95.2166,16.5,NH,Asphalt,0,1,0,188,11.7,0,FAIR,0.266
NH-13,Ziro-Yachuli Road Sec-8,Arunachal Pradesh,Lower Subansiri,27.6259,93.8526,27.6432,93.8857,15.4,NH,Asphalt,0,0,0,1511,31.0,0,POOR,0.647
NH-27,East-West Corridor Sec-9,Assam,Kamrup Metropolitan,26.1128,91.6259,26.1539,91.6601,12.3,NH,Concrete,1,0,0,20,1.1,0,GOOD,0.068
NH-27,Amingaon-Rangia Hwy Sec-10,Assam,Kamrup Rural,26.1994,91.4908,26.2213,91.5217,9.1,NH,Concrete,1,0,0,49,0.9,0,GOOD,0.217
NH-15,North Bank Hwy Sec-11,Assam,Darrang,26.3411,91.9215,26.386,91.9423,15.5,NH,Concrete,0,1,0,63,0.4,1,GOOD,0.122
NH-15,Tezpur-Biswanath Hwy Sec-12,Assam,Sonitpur,26.6552,92.811,26.6767,92.8441,6.5,NH,Concrete,0,1,0,112,2.2,0,GOOD,0.172
NH-37,Upper Assam Hwy Sec-13,Assam,Dibrugarh,27.4027,94.891,27.426,94.9161,5.5,NH,Concrete,0,1,0,135,2.9,1,POOR,0.485
NH-37,Silchar-Badarpur Corridor Sec-14,Assam,Cachar,24.8848,92.756,24.9009,92.7934,14.4,NH,Concrete,0,1,0,20,0.4,1,POOR,0.465
NH-27,Kaziranga Bypass Sec-15,Assam,Nagaon,26.3918,92.7649,26.4229,92.8081,5.1,NH,Asphalt,1,0,0,25,3.4,0,GOOD,0.093
NH-206,Shillong-Dawki Hwy Sec-16,Meghalaya,East Khasi Hills,25.7258,91.876,25.7646,91.8981,17.1,NH,Asphalt,0,0,0,1448,30.2,0,POOR,0.479
NH-127B,Nongstoin Road Sec-17,Meghalaya,West Khasi Hills,25.43,91.3156,25.4579,91.3596,14.5,NH,Asphalt,0,0,0,1239,29.3,0,POOR,0.522
NH-06,Guwahati-Shillong Expressway Sec-18,Meghalaya,Ri-Bhoi,25.7837,91.7464,25.8143,91.7643,14.6,NH,Asphalt,0,0,0,569,18.6,0,FAIR,0.353
NH-06,Jowai Bypass Sec-19,Meghalaya,West Jaintia Hills,25.546,92.0541,25.5738,92.0945,17.2,NH,Asphalt,0,0,0,1358,27.5,0,POOR,0.585
NH-10,Sevoke-Gangtok Hwy Sec-20,Sikkim,East Sikkim,27.3303,88.5561,27.3736,88.5973,5.2,NH,Asphalt,0,1,0,1684,42.2,1,CRITICAL,0.874
NH-310,Mangan-Chungthang Road Sec-1,Sikkim,North Sikkim,27.507,88.4776,27.5485,88.5034,9.9,NH,Asphalt,0,1,1,2451,49.1,0,CRITICAL,0.844
NH-510,Namchi-Jorethang Rd Sec-2,Sikkim,South Sikkim,27.2285,88.4005,27.2617,88.44,14.8,NH,Asphalt,0,1,0,1288,36.6,0,POOR,0.59
NH-29,Dimapur-Kohima Corridor Sec-3,Nagaland,Kohima,25.5381,94.0097,25.5647,94.0452,5.5,NH,Asphalt,0,0,0,1416,34.3,0,POOR,0.545
NH-29,Dimapur Gateway Sec-4,Nagaland,Dimapur,25.8382,93.717,25.8814,93.7384,17.4,NH,Asphalt,0,0,0,255,1.3,0,GOOD,0.145
NH-02,Mokokchung-Amguri Rd Sec-5,Nagaland,Mokokchung,26.2564,94.6256,26.2944,94.6482,9.1,NH,Asphalt,0,0,0,1344,30.3,0,POOR,0.545
NH-02,Imphal Ring Road Sec-6,Manipur,Imphal West,24.7547,94.0518,24.7713,94.0797,11.9,NH,Asphalt,0,1,0,774,0.9,0,GOOD,0.218
NH-02,Imphal-Churachandpur Hwy Sec-7,Manipur,Bishnupur,24.7754,93.6444,24.8035,93.6627,13.0,NH,Asphalt,0,1,0,750,3.4,0,GOOD,0.096
NH-02,Mao-Maram Highway Sec-8,Manipur,Senapati,25.1364,93.9197,25.166,93.9576,13.2,NH,Asphalt,0,0,0,1248,29.8,0,POOR,0.451
NH-54,Silchar-Aizawl Hwy Sec-9,Mizoram,Aizawl,23.589,92.8443,23.6083,92.8656,11.6,NH,Asphalt,0,0,0,1109,32.2,0,POOR,0.6
NH-54,Vairengte-Kolasib Corridor Sec-10,Mizoram,Kolasib,24.1171,92.634,24.14,92.6715,5.0,NH,Asphalt,0,0,0,595,23.8,0,FAIR,0.29
NH-54,Aizawl-Lunglei Road Sec-11,Mizoram,Lunglei,23.0288,92.8836,23.0511,92.9255,4.6,NH,Asphalt,0,0,0,995,33.1,0,POOR,0.655
NH-08,Assam-Agartala National Hwy Sec-12,Tripura,West Tripura,23.9451,91.4039,23.9759,91.4323,7.1,NH,Concrete,0,0,0,79,4.6,0,GOOD,0.222
NH-08,Agartala-Udaipur Hwy Sec-13,Tripura,Sipahijala,23.7697,91.2297,23.799,91.2647,11.9,NH,Asphalt,0,0,0,20,5.0,0,GOOD,0.065
NH-08,Ambassa Corridor Sec-14,Tripura,Dhalai,23.7263,91.8147,23.7454,91.8311,7.7,NH,Asphalt,0,0,0,166,12.6,0,FAIR,0.271
NH-13,Bhalukpong-Tawang Hwy Sec-15,Arunachal Pradesh,Tawang,27.5043,91.7815,27.5305,91.8182,5.2,NH,Asphalt,0,0,1,2859,44.1,0,CRITICAL,0.809
NH-13,Trans-Arunachal Hwy Sec-16,Arunachal Pradesh,West Kameng,27.2961,92.4007,27.3311,92.4292,13.9,NH,Asphalt,0,0,0,2156,36.5,0,POOR,0.59
NH-415,Itanagar-Naharlagun Corridor Sec-17,Arunachal Pradesh,Papum Pare,27.1128,93.7066,27.146,93.723,9.5,NH,Asphalt,0,0,0,370,16.7,0,FAIR,0.305
NH-515,Pasighat Corridor Sec-18,Arunachal Pradesh,East Siang,28.1856,95.4489,28.2175,95.4851,15.3,NH,Asphalt,0,1,0,150,11.7,0,FAIR,0.393
NH-13,Ziro-Yachuli Road Sec-19,Arunachal Pradesh,Lower Subansiri,27.4435,93.9599,27.4671,93.9804,4.7,NH,Asphalt,0,0,0,1617,30.7,0,POOR,0.587
NH-27,East-West Corridor Sec-20,Assam,Kamrup Metropolitan,26.1544,91.802,26.1993,91.8468,12.4,NH,Concrete,0,0,0,20,0.4,0,GOOD,0.115
NH-27,Amingaon-Rangia Hwy Sec-1,Assam,Kamrup Rural,26.2531,91.6416,26.2893,91.6753,13.0,NH,Asphalt,0,0,0,110,3.3,0,GOOD,0.055
NH-15,North Bank Hwy Sec-2,Assam,Darrang,26.393,92.1047,26.4193,92.1431,8.5,NH,Asphalt,0,1,0,97,3.1,0,GOOD,0.2
NH-15,Tezpur-Biswanath Hwy Sec-3,Assam,Sonitpur,26.5659,92.8763,26.599,92.9093,14.4,NH,Asphalt,0,1,0,31,0.4,1,GOOD,0.093
NH-37,Upper Assam Hwy Sec-4,Assam,Dibrugarh,27.6186,94.9471,27.663,94.9758,16.5,NH,Concrete,0,1,0,125,1.1,1,GOOD,0.217
NH-37,Silchar-Badarpur Corridor Sec-5,Assam,Cachar,24.753,92.8351,24.7841,92.8611,9.7,NH,Asphalt,0,1,0,20,0.4,0,GOOD,0.134
NH-27,Kaziranga Bypass Sec-6,Assam,Nagaon,26.2354,92.7878,26.2578,92.8127,5.9,NH,Concrete,0,1,0,64,2.1,0,GOOD,0.165
NH-206,Shillong-Dawki Hwy Sec-7,Meghalaya,East Khasi Hills,25.6844,91.8907,25.7087,91.9243,17.7,NH,Asphalt,0,0,0,1447,28.8,0,POOR,0.651
NH-127B,Nongstoin Road Sec-8,Meghalaya,West Khasi Hills,25.4826,91.4006,25.5034,91.4209,7.1,NH,Asphalt,0,0,0,1338,26.8,0,POOR,0.649
NH-06,Guwahati-Shillong Expressway Sec-9,Meghalaya,Ri-Bhoi,25.9727,92.0265,25.9932,92.0649,15.6,NH,Asphalt,0,0,0,586,15.0,0,FAIR,0.324
NH-06,Jowai Bypass Sec-10,Meghalaya,West Jaintia Hills,25.5864,92.1818,25.6102,92.201,17.6,NH,Asphalt,0,0,0,1348,25.9,0,POOR,0.498
NH-10,Sevoke-Gangtok Hwy Sec-11,Sikkim,East Sikkim,27.3262,88.5305,27.3533,88.5623,17.2,NH,Asphalt,0,1,0,1641,43.4,1,CRITICAL,0.871
NH-310,Mangan-Chungthang Road Sec-12,Sikkim,North Sikkim,27.5973,88.6161,27.6245,88.6521,17.9,NH,Asphalt,0,1,1,2440,49.1,0,CRITICAL,0.795
NH-510,Namchi-Jorethang Rd Sec-13,Sikkim,South Sikkim,27.1981,88.3576,27.2273,88.3845,6.1,NH,Asphalt,0,1,0,1352,37.2,1,POOR,0.494
NH-29,Dimapur-Kohima Corridor Sec-14,Nagaland,Kohima,25.5579,94.0957,25.5958,94.1399,4.9,NH,Asphalt,0,0,0,1492,33.5,0,POOR,0.658
NH-29,Dimapur Gateway Sec-15,Nagaland,Dimapur,25.9124,93.6962,25.9407,93.7337,8.7,NH,Asphalt,0,0,0,229,1.5,0,GOOD,0.09
NH-02,Mokokchung-Amguri Rd Sec-16,Nagaland,Mokokchung,26.4045,94.6588,26.4478,94.6955,11.5,NH,Asphalt,0,0,0,1284,30.0,0,POOR,0.456
NH-02,Imphal Ring Road Sec-17,Manipur,Imphal West,24.7584,94.0351,24.78,94.0702,12.6,NH,Asphalt,0,1,0,784,0.5,0,GOOD,0.054
NH-02,Imphal-Churachandpur Hwy Sec-18,Manipur,Bishnupur,24.7581,93.8215,24.784,93.8438,17.3,NH,Asphalt,0,1,0,825,1.7,0,GOOD,0.174
NH-02,Mao-Maram Highway Sec-19,Manipur,Senapati,25.2455,94.0768,25.2647,94.1187,14.7,NH,Asphalt,0,0,0,1204,27.9,0,POOR,0.602
NH-54,Silchar-Aizawl Hwy Sec-20,Mizoram,Aizawl,23.8454,92.7315,23.8855,92.7759,15.7,NH,Asphalt,0,0,0,1120,32.6,0,POOR,0.522
NH-54,Vairengte-Kolasib Corridor Sec-1,Mizoram,Kolasib,24.1237,92.7071,24.1656,92.7509,16.5,NH,Asphalt,0,0,0,641,26.5,0,POOR,0.524
NH-54,Aizawl-Lunglei Road Sec-2,Mizoram,Lunglei,22.7571,92.6872,22.7756,92.7065,13.9,NH,Asphalt,0,0,0,1043,33.5,0,POOR,0.528
NH-08,Assam-Agartala National Hwy Sec-3,Tripura,West Tripura,23.897,91.1739,23.9303,91.1991,11.9,NH,Asphalt,0,0,0,20,3.1,0,GOOD,0.186
NH-08,Agartala-Udaipur Hwy Sec-4,Tripura,Sipahijala,23.5106,91.3742,23.53,91.4069,9.3,NH,Asphalt,0,0,0,65,4.5,0,GOOD,0.062
NH-08,Ambassa Corridor Sec-5,Tripura,Dhalai,23.9849,91.8136,24.0129,91.8366,15.1,NH,Asphalt,0,0,0,128,9.7,0,GOOD,0.236
NH-13,Bhalukpong-Tawang Hwy Sec-6,Arunachal Pradesh,Tawang,27.5367,91.9708,27.563,91.998,5.5,NH,Asphalt,0,0,1,2950,42.8,0,CRITICAL,0.749
NH-13,Trans-Arunachal Hwy Sec-7,Arunachal Pradesh,West Kameng,27.1682,92.4795,27.2081,92.4949,11.0,NH,Asphalt,0,0,0,2193,37.0,0,POOR,0.68
NH-415,Itanagar-Naharlagun Corridor Sec-8,Arunachal Pradesh,Papum Pare,27.2387,93.5532,27.2665,93.5884,13.8,NH,Asphalt,0,0,0,283,16.6,0,FAIR,0.284
NH-515,Pasighat Corridor Sec-9,Arunachal Pradesh,East Siang,27.9769,95.3628,27.9963,95.3835,11.6,NH,Asphalt,0,1,0,127,6.8,0,GOOD,0.204
NH-13,Ziro-Yachuli Road Sec-10,Arunachal Pradesh,Lower Subansiri,27.5496,93.9222,27.594,93.9597,7.9,NH,Asphalt,0,0,0,1577,34.3,0,POOR,0.501
NH-27,East-West Corridor Sec-11,Assam,Kamrup Metropolitan,26.1712,91.7289,26.192,91.7519,11.8,NH,Concrete,0,0,0,47,0.9,0,GOOD,0.066
NH-27,Amingaon-Rangia Hwy Sec-12,Assam,Kamrup Rural,26.037,91.6767,26.0613,91.707,13.0,NH,Concrete,1,1,0,33,1.5,0,GOOD,0.225
NH-15,North Bank Hwy Sec-13,Assam,Darrang,26.5496,91.8957,26.5934,91.9251,7.5,NH,Concrete,0,1,0,20,0.4,1,GOOD,0.222
NH-15,Tezpur-Biswanath Hwy Sec-14,Assam,Sonitpur,26.5274,92.6523,26.568,92.6803,9.8,NH,Asphalt,0,1,0,91,3.8,0,GOOD,0.131
NH-37,Upper Assam Hwy Sec-15,Assam,Dibrugarh,27.5989,94.7767,27.6158,94.7934,15.8,NH,Asphalt,0,1,0,101,3.3,1,GOOD,0.19
NH-37,Silchar-Badarpur Corridor Sec-16,Assam,Cachar,24.7686,92.8272,24.7987,92.8445,13.5,NH,Asphalt,0,1,0,54,2.3,0,GOOD,0.161
NH-27,Kaziranga Bypass Sec-17,Assam,Nagaon,26.2484,92.6706,26.2734,92.7147,16.0,NH,Concrete,1,1,0,78,0.4,0,GOOD,0.221
NH-206,Shillong-Dawki Hwy Sec-18,Meghalaya,East Khasi Hills,25.6594,91.8401,25.6902,91.8735,8.3,NH,Asphalt,0,0,0,1544,29.9,0,POOR,0.522
NH-127B,Nongstoin Road Sec-19,Meghalaya,West Khasi Hills,25.4882,91.2751,25.512,91.3083,16.1,NH,Asphalt,0,0,0,1257,27.9,0,POOR,0.57
NH-06,Guwahati-Shillong Expressway Sec-20,Meghalaya,Ri-Bhoi,26.0078,91.8288,26.0324,91.8574,14.9,NH,Asphalt,0,0,0,542,16.6,0,FAIR,0.347
NH-06,Jowai Bypass Sec-1,Meghalaya,West Jaintia Hills,25.4836,92.0828,25.5245,92.1135,16.3,NH,Asphalt,0,0,0,1363,28.4,0,POOR,0.531
NH-10,Sevoke-Gangtok Hwy Sec-2,Sikkim,East Sikkim,27.2152,88.6737,27.2587,88.708,13.0,NH,Asphalt,0,1,0,1667,44.2,0,CRITICAL,0.896
NH-310,Mangan-Chungthang Road Sec-3,Sikkim,North Sikkim,27.4362,88.5827,27.4527,88.6088,13.1,NH,Asphalt,0,1,1,2430,47.3,0,CRITICAL,0.736
NH-510,Namchi-Jorethang Rd Sec-4,Sikkim,South Sikkim,27.207,88.4781,27.2301,88.52,10.4,NH,Asphalt,0,1,0,1318,36.5,0,POOR,0.484
NH-29,Dimapur-Kohima Corridor Sec-5,Nagaland,Kohima,25.7147,94.1064,25.7477,94.1331,5.3,NH,Asphalt,0,0,0,1403,37.7,0,POOR,0.583
NH-29,Dimapur Gateway Sec-6,Nagaland,Dimapur,25.8439,93.6356,25.8872,93.6772,14.3,NH,Asphalt,0,0,0,150,1.4,0,GOOD,0.181
NH-02,Mokokchung-Amguri Rd Sec-7,Nagaland,Mokokchung,26.2104,94.6244,26.2483,94.6517,6.3,NH,Asphalt,0,0,0,1362,31.6,0,POOR,0.495
NH-02,Imphal Ring Road Sec-8,Manipur,Imphal West,24.6806,93.8917,24.6997,93.9073,15.3,NH,Asphalt,0,1,0,828,2.9,1,GOOD,0.128
NH-02,Imphal-Churachandpur Hwy Sec-9,Manipur,Bishnupur,24.5428,93.699,24.5802,93.7288,12.9,NH,Asphalt,0,1,0,811,1.3,1,GOOD,0.239
NH-02,Mao-Maram Highway Sec-10,Manipur,Senapati,25.275,94.0901,25.3042,94.1166,5.1,NH,Asphalt,0,0,0,1204,30.4,0,POOR,0.507
NH-54,Silchar-Aizawl Hwy Sec-11,Mizoram,Aizawl,23.7944,92.7524,23.8142,92.7884,12.6,NH,Asphalt,0,0,0,1073,34.7,0,POOR,0.604
NH-54,Vairengte-Kolasib Corridor Sec-12,Mizoram,Kolasib,24.3201,92.8067,24.3582,92.8296,9.9,NH,Asphalt,0,0,0,611,26.6,0,POOR,0.62
NH-54,Aizawl-Lunglei Road Sec-13,Mizoram,Lunglei,22.9237,92.7344,22.9544,92.7654,5.4,NH,Asphalt,0,0,0,1040,31.3,0,POOR,0.553
NH-08,Assam-Agartala National Hwy Sec-14,Tripura,West Tripura,23.9503,91.2755,23.9712,91.2966,7.6,NH,Asphalt,0,0,0,79,1.7,0,GOOD,0.238
NH-08,Agartala-Udaipur Hwy Sec-15,Tripura,Sipahijala,23.7355,91.2518,23.7791,91.2762,14.2,NH,Concrete,0,0,0,64,3.9,0,GOOD,0.197
NH-08,Ambassa Corridor Sec-16,Tripura,Dhalai,23.7056,91.8732,23.7309,91.917,6.0,NH,Asphalt,0,0,0,122,13.5,0,FAIR,0.342
NH-13,Bhalukpong-Tawang Hwy Sec-17,Arunachal Pradesh,Tawang,27.5422,92.0003,27.5596,92.0156,16.0,NH,Asphalt,0,0,1,2875,46.2,0,CRITICAL,0.825
NH-13,Trans-Arunachal Hwy Sec-18,Arunachal Pradesh,West Kameng,27.2271,92.4262,27.2691,92.4461,5.9,NH,Asphalt,0,0,0,2161,38.4,0,CRITICAL,0.852
NH-415,Itanagar-Naharlagun Corridor Sec-19,Arunachal Pradesh,Papum Pare,27.129,93.726,27.1621,93.741,6.0,NH,Asphalt,0,0,0,356,17.5,0,FAIR,0.368
NH-515,Pasighat Corridor Sec-20,Arunachal Pradesh,East Siang,28.129,95.2574,28.1665,95.2795,11.4,NH,Asphalt,0,1,0,106,9.2,1,GOOD,0.226
NH-13,Ziro-Yachuli Road Sec-1,Arunachal Pradesh,Lower Subansiri,27.5356,93.9652,27.5546,93.9951,12.2,NH,Asphalt,0,0,0,1527,32.5,0,POOR,0.532
NH-27,East-West Corridor Sec-2,Assam,Kamrup Metropolitan,26.1068,91.5974,26.1321,91.616,7.4,NH,Concrete,0,0,0,20,3.3,0,GOOD,0.11
NH-27,Amingaon-Rangia Hwy Sec-3,Assam,Kamrup Rural,26.0425,91.5568,26.0664,91.5797,5.2,NH,Asphalt,0,1,0,62,0.4,0,GOOD,0.093
NH-15,North Bank Hwy Sec-4,Assam,Darrang,26.447,92.1432,26.4717,92.1624,9.8,NH,Asphalt,0,1,0,31,2.5,1,POOR,0.459
NH-15,Tezpur-Biswanath Hwy Sec-5,Assam,Sonitpur,26.7453,92.8892,26.7895,92.907,8.2,NH,Asphalt,0,0,0,138,2.2,0,GOOD,0.059
NH-37,Upper Assam Hwy Sec-6,Assam,Dibrugarh,27.3844,94.773,27.4065,94.7941,7.9,NH,Concrete,0,1,0,97,1.9,0,GOOD,0.224
NH-37,Silchar-Badarpur Corridor Sec-7,Assam,Cachar,24.6845,92.9086,24.7136,92.9268,6.4,NH,Asphalt,0,1,0,52,3.5,0,GOOD,0.186
NH-27,Kaziranga Bypass Sec-8,Assam,Nagaon,26.2952,92.8008,26.3339,92.8358,6.8,NH,Concrete,1,0,0,20,1.1,0,GOOD,0.182
NH-206,Shillong-Dawki Hwy Sec-9,Meghalaya,East Khasi Hills,25.5225,91.9166,25.5423,91.9344,11.1,NH,Asphalt,0,0,0,1469,31.2,0,POOR,0.591
NH-127B,Nongstoin Road Sec-10,Meghalaya,West Khasi Hills,25.4202,91.196,25.4598,91.2271,7.0,NH,Asphalt,0,0,0,1288,27.1,0,POOR,0.645
NH-06,Guwahati-Shillong Expressway Sec-11,Meghalaya,Ri-Bhoi,25.7853,91.7748,25.8191,91.7976,17.1,NH,Asphalt,0,0,0,525,14.6,0,FAIR,0.346
NH-06,Jowai Bypass Sec-12,Meghalaya,West Jaintia Hills,25.4679,92.0807,25.4955,92.1129,9.1,NH,Asphalt,0,0,0,1339,25.3,0,POOR,0.65
NH-10,Sevoke-Gangtok Hwy Sec-13,Sikkim,East Sikkim,27.2314,88.6678,27.2713,88.7063,13.8,NH,Asphalt,0,1,0,1626,42.4,1,CRITICAL,0.779
NH-310,Mangan-Chungthang Road Sec-14,Sikkim,North Sikkim,27.4434,88.6677,27.4715,88.7054,16.2,NH,Asphalt,0,1,1,2459,48.2,1,CRITICAL,0.904
NH-510,Namchi-Jorethang Rd Sec-15,Sikkim,South Sikkim,27.1612,88.4026,27.1831,88.4423,7.8,NH,Asphalt,0,1,0,1253,35.6,1,POOR,0.611
NH-29,Dimapur-Kohima Corridor Sec-16,Nagaland,Kohima,25.6427,94.17,25.6611,94.2005,11.8,NH,Asphalt,0,0,0,1494,36.3,0,POOR,0.509
NH-29,Dimapur Gateway Sec-17,Nagaland,Dimapur,25.9666,93.7624,26.0115,93.7897,9.1,NH,Asphalt,0,1,0,174,3.0,0,GOOD,0.163
NH-02,Mokokchung-Amguri Rd Sec-18,Nagaland,Mokokchung,26.4025,94.6128,26.4347,94.6413,14.5,NH,Asphalt,0,0,0,1270,33.4,0,POOR,0.573
NH-02,Imphal Ring Road Sec-19,Manipur,Imphal West,24.8067,93.8263,24.8365,93.8624,11.9,NH,Asphalt,0,1,0,829,3.7,0,GOOD,0.078
NH-02,Imphal-Churachandpur Hwy Sec-20,Manipur,Bishnupur,24.5116,93.7076,24.5457,93.7347,17.0,NH,Asphalt,0,1,0,792,4.6,0,GOOD,0.168
NH-02,Mao-Maram Highway Sec-1,Manipur,Senapati,25.1795,93.9271,25.1981,93.9564,5.3,NH,Asphalt,0,0,0,1300,31.5,0,POOR,0.522
NH-54,Silchar-Aizawl Hwy Sec-2,Mizoram,Aizawl,23.6861,92.6226,23.7269,92.6525,16.7,NH,Asphalt,0,0,0,1187,33.8,0,POOR,0.462
NH-54,Vairengte-Kolasib Corridor Sec-3,Mizoram,Kolasib,24.3347,92.666,24.3652,92.7052,16.1,NH,Asphalt,0,0,0,553,22.3,0,FAIR,0.44
NH-54,Aizawl-Lunglei Road Sec-4,Mizoram,Lunglei,22.8736,92.8437,22.8891,92.8816,9.6,NH,Asphalt,0,0,0,996,32.8,0,POOR,0.598
NH-08,Assam-Agartala National Hwy Sec-5,Tripura,West Tripura,23.7197,91.1677,23.739,91.2025,6.8,NH,Concrete,0,0,0,79,3.2,0,GOOD,0.225
NH-08,Agartala-Udaipur Hwy Sec-6,Tripura,Sipahijala,23.6518,91.1833,23.6773,91.2185,5.7,NH,Asphalt,0,0,0,20,3.2,0,GOOD,0.185
NH-08,Ambassa Corridor Sec-7,Tripura,Dhalai,23.824,91.8863,23.8652,91.9123,15.0,NH,Asphalt,0,0,0,150,10.3,0,FAIR,0.321
NH-13,Bhalukpong-Tawang Hwy Sec-8,Arunachal Pradesh,Tawang,27.4559,91.7719,27.4871,91.8003,5.9,NH,Asphalt,0,0,1,2928,45.0,0,CRITICAL,0.813
NH-13,Trans-Arunachal Hwy Sec-9,Arunachal Pradesh,West Kameng,27.2451,92.5021,27.268,92.5342,14.4,NH,Asphalt,0,0,1,2209,39.0,0,CRITICAL,0.849
NH-415,Itanagar-Naharlagun Corridor Sec-10,Arunachal Pradesh,Papum Pare,27.1513,93.6884,27.182,93.7265,6.9,NH,Asphalt,0,0,0,351,18.9,0,FAIR,0.442
NH-515,Pasighat Corridor Sec-11,Arunachal Pradesh,East Siang,28.0936,95.3149,28.1381,95.3341,12.2,NH,Asphalt,0,1,0,166,7.2,0,GOOD,0.101
NH-13,Ziro-Yachuli Road Sec-12,Arunachal Pradesh,Lower Subansiri,27.4924,93.8017,27.5365,93.8393,17.4,NH,Asphalt,0,0,0,1576,30.4,0,POOR,0.651
NH-27,East-West Corridor Sec-13,Assam,Kamrup Metropolitan,26.2259,91.6999,26.2576,91.7309,13.7,NH,Concrete,0,1,0,58,1.9,0,GOOD,0.235
NH-27,Amingaon-Rangia Hwy Sec-14,Assam,Kamrup Rural,26.1003,91.4537,26.1316,91.4922,16.2,NH,Asphalt,1,1,0,72,2.9,0,GOOD,0.184
NH-15,North Bank Hwy Sec-15,Assam,Darrang,26.3021,91.925,26.3447,91.9655,15.3,NH,Asphalt,0,1,0,20,0.9,1,POOR,0.664
NH-15,Tezpur-Biswanath Hwy Sec-16,Assam,Sonitpur,26.6685,92.7767,26.7043,92.7986,15.9,NH,Asphalt,0,1,0,44,3.0,0,GOOD,0.13
NH-37,Upper Assam Hwy Sec-17,Assam,Dibrugarh,27.4939,95.036,27.5305,95.0725,7.9,NH,Asphalt,0,1,0,86,2.9,0,GOOD,0.241
NH-37,Silchar-Badarpur Corridor Sec-18,Assam,Cachar,24.8986,92.9034,24.9331,92.9273,12.7,NH,Asphalt,0,1,0,20,2.2,0,GOOD,0.191
NH-27,Kaziranga Bypass Sec-19,Assam,Nagaon,26.3483,92.7883,26.3816,92.8199,5.4,NH,Concrete,1,1,0,113,0.4,0,GOOD,0.058
NH-206,Shillong-Dawki Hwy Sec-20,Meghalaya,East Khasi Hills,25.5935,91.7592,25.6273,91.7894,17.5,NH,Asphalt,0,0,0,1520,30.8,0,POOR,0.659
NH-127B,Nongstoin Road Sec-1,Meghalaya,West Khasi Hills,25.3929,91.1947,25.4304,91.2108,13.3,NH,Asphalt,0,0,0,1223,26.7,0,POOR,0.561
NH-06,Guwahati-Shillong Expressway Sec-2,Meghalaya,Ri-Bhoi,25.8683,91.8254,25.886,91.8681,7.7,NH,Asphalt,0,0,0,538,16.0,0,FAIR,0.342
NH-06,Jowai Bypass Sec-3,Meghalaya,West Jaintia Hills,25.3634,92.102,25.3947,92.1304,10.9,NH,Asphalt,0,0,0,1287,24.4,0,POOR,0.58
NH-10,Sevoke-Gangtok Hwy Sec-4,Sikkim,East Sikkim,27.4662,88.7085,27.4974,88.7527,7.0,NH,Asphalt,0,1,0,1609,40.9,0,CRITICAL,0.733
NH-310,Mangan-Chungthang Road Sec-5,Sikkim,North Sikkim,27.3877,88.4035,27.4307,88.4321,9.6,NH,Asphalt,0,1,1,2472,46.1,0,CRITICAL,0.803
NH-510,Namchi-Jorethang Rd Sec-6,Sikkim,South Sikkim,27.166,88.331,27.1833,88.3644,14.2,NH,Asphalt,0,1,0,1257,34.1,0,POOR,0.641
NH-29,Dimapur-Kohima Corridor Sec-7,Nagaland,Kohima,25.6499,94.0954,25.6848,94.1242,12.7,NH,Asphalt,0,0,0,1480,36.8,0,POOR,0.454
NH-29,Dimapur Gateway Sec-8,Nagaland,Dimapur,25.9438,93.7138,25.9736,93.7451,16.1,NH,Asphalt,0,0,0,189,4.1,0,GOOD,0.105
NH-02,Mokokchung-Amguri Rd Sec-9,Nagaland,Mokokchung,26.2816,94.4257,26.3138,94.4538,11.2,NH,Asphalt,0,0,0,1337,28.5,0,POOR,0.451
NH-02,Imphal Ring Road Sec-10,Manipur,Imphal West,24.8863,94.0004,24.9267,94.0405,6.2,NH,Asphalt,0,1,0,759,1.8,0,GOOD,0.133
NH-02,Imphal-Churachandpur Hwy Sec-11,Manipur,Bishnupur,24.5925,93.908,24.623,93.9289,17.9,NH,Asphalt,0,1,0,782,3.4,1,GOOD,0.196
NH-02,Mao-Maram Highway Sec-12,Manipur,Senapati,25.2841,94.1485,25.3002,94.1828,8.8,NH,Asphalt,0,0,0,1200,27.7,0,POOR,0.634
NH-54,Silchar-Aizawl Hwy Sec-13,Mizoram,Aizawl,23.8722,92.8627,23.9029,92.8897,7.0,NH,Asphalt,0,0,0,1169,31.9,0,POOR,0.667
NH-54,Vairengte-Kolasib Corridor Sec-14,Mizoram,Kolasib,24.227,92.713,24.2608,92.7351,5.2,NH,Asphalt,0,0,0,581,24.4,0,POOR,0.59
NH-54,Aizawl-Lunglei Road Sec-15,Mizoram,Lunglei,23.0181,92.6134,23.0412,92.6293,16.6,NH,Asphalt,0,0,0,1041,31.7,0,POOR,0.509
NH-08,Assam-Agartala National Hwy Sec-16,Tripura,West Tripura,23.8654,91.4079,23.8912,91.4527,9.6,NH,Asphalt,0,0,0,43,3.5,0,GOOD,0.235
NH-08,Agartala-Udaipur Hwy Sec-17,Tripura,Sipahijala,23.6388,91.3028,23.6744,91.3349,4.9,NH,Concrete,0,0,0,65,2.2,0,GOOD,0.205
NH-08,Ambassa Corridor Sec-18,Tripura,Dhalai,23.9933,91.7884,24.0167,91.8197,15.0,NH,Asphalt,0,0,0,101,9.7,0,GOOD,0.165
NH-13,Bhalukpong-Tawang Hwy Sec-19,Arunachal Pradesh,Tawang,27.6609,91.9275,27.6871,91.95,17.1,NH,Asphalt,0,0,1,2912,43.3,0,CRITICAL,0.853
NH-13,Trans-Arunachal Hwy Sec-20,Arunachal Pradesh,West Kameng,27.2879,92.4378,27.3147,92.4706,7.1,NH,Asphalt,0,0,1,2224,40.5,0,CRITICAL,0.903
NH-415,Itanagar-Naharlagun Corridor Sec-1,Arunachal Pradesh,Papum Pare,27.1377,93.5526,27.1633,93.5921,8.5,NH,Asphalt,0,0,0,270,16.6,0,FAIR,0.392
NH-515,Pasighat Corridor Sec-2,Arunachal Pradesh,East Siang,28.1511,95.2516,28.1852,95.2856,6.3,NH,Asphalt,0,1,0,173,8.1,0,GOOD,0.124
NH-13,Ziro-Yachuli Road Sec-3,Arunachal Pradesh,Lower Subansiri,27.4043,93.7135,27.4353,93.7458,8.1,NH,Asphalt,0,0,0,1522,34.5,0,POOR,0.614
NH-27,East-West Corridor Sec-4,Assam,Kamrup Metropolitan,26.1922,91.6971,26.2189,91.7381,16.2,NH,Concrete,0,0,0,20,0.4,0,GOOD,0.058
NH-27,Amingaon-Rangia Hwy Sec-5,Assam,Kamrup Rural,26.1805,91.6518,26.2232,91.6948,9.1,NH,Concrete,1,0,0,108,0.4,0,GOOD,0.127
NH-15,North Bank Hwy Sec-6,Assam,Darrang,26.5922,92.0597,26.6276,92.0845,11.7,NH,Asphalt,0,1,0,97,0.4,0,GOOD,0.131
NH-15,Tezpur-Biswanath Hwy Sec-7,Assam,Sonitpur,26.7819,92.8737,26.8266,92.9032,16.8,NH,Asphalt,0,1,0,48,2.9,0,GOOD,0.083
NH-37,Upper Assam Hwy Sec-8,Assam,Dibrugarh,27.373,94.9353,27.393,94.9676,9.9,NH,Asphalt,0,1,0,155,0.4,0,GOOD,0.055
NH-37,Silchar-Badarpur Corridor Sec-9,Assam,Cachar,24.9099,92.6637,24.9426,92.7048,7.5,NH,Asphalt,0,1,0,20,1.6,1,GOOD,0.077
NH-27,Kaziranga Bypass Sec-10,Assam,Nagaon,26.3381,92.8185,26.3766,92.8446,7.5,NH,Asphalt,0,1,0,122,1.2,0,GOOD,0.181
NH-206,Shillong-Dawki Hwy Sec-11,Meghalaya,East Khasi Hills,25.6405,91.8857,25.6723,91.9124,9.4,NH,Asphalt,0,0,0,1448,30.7,0,POOR,0.635
NH-127B,Nongstoin Road Sec-12,Meghalaya,West Khasi Hills,25.4466,91.3492,25.4901,91.3789,8.0,NH,Asphalt,0,0,0,1268,28.9,0,POOR,0.677
NH-06,Guwahati-Shillong Expressway Sec-13,Meghalaya,Ri-Bhoi,25.9549,91.7423,25.9815,91.7828,8.9,NH,Asphalt,0,0,0,607,16.7,0,FAIR,0.319
NH-06,Jowai Bypass Sec-14,Meghalaya,West Jaintia Hills,25.5533,92.2331,25.5866,92.2708,14.9,NH,Asphalt,0,0,0,1353,27.8,0,POOR,0.588
NH-10,Sevoke-Gangtok Hwy Sec-15,Sikkim,East Sikkim,27.269,88.486,27.2926,88.5089,4.6,NH,Asphalt,0,1,0,1673,42.4,1,CRITICAL,0.906
NH-310,Mangan-Chungthang Road Sec-16,Sikkim,North Sikkim,27.5526,88.4725,27.5768,88.5062,16.3,NH,Asphalt,0,1,1,2476,48.9,1,CRITICAL,0.737
NH-510,Namchi-Jorethang Rd Sec-17,Sikkim,South Sikkim,27.1212,88.4071,27.163,88.4468,5.5,NH,Asphalt,0,1,0,1263,35.3,1,POOR,0.615
NH-29,Dimapur-Kohima Corridor Sec-18,Nagaland,Kohima,25.5276,93.979,25.5676,94.0214,12.6,NH,Asphalt,0,0,0,1432,33.8,0,POOR,0.624
NH-29,Dimapur Gateway Sec-19,Nagaland,Dimapur,25.8906,93.6433,25.9105,93.6643,15.7,NH,Asphalt,0,1,0,171,2.6,0,GOOD,0.068
NH-02,Mokokchung-Amguri Rd Sec-20,Nagaland,Mokokchung,26.3608,94.3871,26.3858,94.4092,15.2,NH,Asphalt,0,0,0,1336,31.8,0,POOR,0.648
NH-02,Imphal Ring Road Sec-1,Manipur,Imphal West,24.9521,93.9782,24.9697,94.0041,9.8,NH,Asphalt,0,1,0,815,4.5,1,GOOD,0.213
NH-02,Imphal-Churachandpur Hwy Sec-2,Manipur,Bishnupur,24.6638,93.7273,24.6814,93.7511,6.0,NH,Asphalt,0,1,0,807,5.5,0,GOOD,0.057
NH-02,Mao-Maram Highway Sec-3,Manipur,Senapati,25.4001,94.1288,25.4399,94.1499,7.4,NH,Asphalt,0,0,0,1279,27.9,0,POOR,0.471
NH-54,Silchar-Aizawl Hwy Sec-4,Mizoram,Aizawl,23.7752,92.5903,23.7954,92.6239,7.4,NH,Asphalt,0,0,0,1128,35.1,0,POOR,0.461
NH-54,Vairengte-Kolasib Corridor Sec-5,Mizoram,Kolasib,24.1981,92.801,24.2257,92.8378,17.3,NH,Asphalt,0,0,0,648,25.9,0,POOR,0.527
NH-54,Aizawl-Lunglei Road Sec-6,Mizoram,Lunglei,22.9642,92.6732,22.9821,92.7122,10.5,NH,Asphalt,0,0,0,967,30.9,0,POOR,0.567
NH-08,Assam-Agartala National Hwy Sec-7,Tripura,West Tripura,23.6995,91.4235,23.724,91.439,12.9,NH,Asphalt,0,0,0,20,0.5,0,GOOD,0.156
NH-08,Agartala-Udaipur Hwy Sec-8,Tripura,Sipahijala,23.7788,91.2222,23.7983,91.2631,15.3,NH,Concrete,0,0,0,22,1.4,0,GOOD,0.104
NH-08,Ambassa Corridor Sec-9,Tripura,Dhalai,23.7432,91.9306,23.7813,91.9482,15.0,NH,Concrete,0,0,0,107,12.6,0,FAIR,0.432
NH-13,Bhalukpong-Tawang Hwy Sec-10,Arunachal Pradesh,Tawang,27.5686,91.7871,27.5951,91.818,18.0,NH,Asphalt,0,0,1,2844,42.4,0,CRITICAL,0.781
NH-13,Trans-Arunachal Hwy Sec-11,Arunachal Pradesh,West Kameng,27.1897,92.3997,27.2256,92.4304,12.1,NH,Asphalt,0,0,1,2254,38.0,0,CRITICAL,0.71
NH-415,Itanagar-Naharlagun Corridor Sec-12,Arunachal Pradesh,Papum Pare,26.9507,93.478,26.9839,93.518,14.7,NH,Asphalt,0,0,0,309,17.3,0,FAIR,0.31
NH-515,Pasighat Corridor Sec-13,Arunachal Pradesh,East Siang,28.1874,95.3484,28.2026,95.3742,7.7,NH,Asphalt,0,1,0,160,10.2,0,FAIR,0.356
NH-13,Ziro-Yachuli Road Sec-14,Arunachal Pradesh,Lower Subansiri,27.5434,93.8012,27.5738,93.8329,14.9,NH,Asphalt,0,0,0,1593,33.8,0,POOR,0.544
NH-27,East-West Corridor Sec-15,Assam,Kamrup Metropolitan,26.1565,91.5872,26.1836,91.6289,17.1,NH,Asphalt,0,0,0,83,2.8,0,GOOD,0.105
NH-27,Amingaon-Rangia Hwy Sec-16,Assam,Kamrup Rural,26.2052,91.6925,26.2435,91.72,17.4,NH,Asphalt,0,1,0,43,0.4,0,GOOD,0.076
NH-15,North Bank Hwy Sec-17,Assam,Darrang,26.3186,92.1801,26.3461,92.2177,11.8,NH,Concrete,0,1,0,74,0.4,0,GOOD,0.214
NH-15,Tezpur-Biswanath Hwy Sec-18,Assam,Sonitpur,26.7721,92.6667,26.813,92.6858,14.0,NH,Asphalt,0,1,0,76,3.4,0,GOOD,0.249
NH-37,Upper Assam Hwy Sec-19,Assam,Dibrugarh,27.3837,94.9283,27.4282,94.9701,8.3,NH,Asphalt,0,1,0,97,1.6,1,GOOD,0.116
NH-37,Silchar-Badarpur Corridor Sec-20,Assam,Cachar,24.8003,92.6609,24.8373,92.6886,9.4,NH,Asphalt,0,1,0,53,1.1,1,POOR,0.538
NH-27,Kaziranga Bypass Sec-1,Assam,Nagaon,26.385,92.7546,26.4236,92.7948,8.4,NH,Asphalt,1,1,0,21,0.4,0,GOOD,0.174
NH-206,Shillong-Dawki Hwy Sec-2,Meghalaya,East Khasi Hills,25.7277,91.8148,25.7611,91.8334,5.6,NH,Asphalt,0,0,0,1479,28.3,0,POOR,0.615
NH-127B,Nongstoin Road Sec-3,Meghalaya,West Khasi Hills,25.4523,91.2702,25.4881,91.3148,4.8,NH,Asphalt,0,0,0,1326,29.6,0,POOR,0.54
NH-06,Guwahati-Shillong Expressway Sec-4,Meghalaya,Ri-Bhoi,25.7549,91.8318,25.7979,91.847,5.0,NH,Asphalt,0,0,0,533,17.9,0,FAIR,0.431
NH-06,Jowai Bypass Sec-5,Meghalaya,West Jaintia Hills,25.3355,92.2921,25.3552,92.3163,13.1,NH,Asphalt,0,0,0,1355,26.1,0,POOR,0.579
NH-10,Sevoke-Gangtok Hwy Sec-6,Sikkim,East Sikkim,27.45,88.6175,27.4826,88.6589,5.5,NH,Asphalt,0,1,0,1684,42.4,0,CRITICAL,0.799
NH-310,Mangan-Chungthang Road Sec-7,Sikkim,North Sikkim,27.3611,88.4425,27.3832,88.4768,15.6,NH,Asphalt,0,1,1,2473,46.1,0,CRITICAL,0.842
NH-510,Namchi-Jorethang Rd Sec-8,Sikkim,South Sikkim,27.2055,88.2728,27.2502,88.2913,8.9,NH,Asphalt,0,1,0,1323,34.4,1,POOR,0.669
NH-29,Dimapur-Kohima Corridor Sec-9,Nagaland,Kohima,25.5401,94.0508,25.5646,94.0721,8.9,NH,Asphalt,0,0,0,1481,33.8,0,POOR,0.633
NH-29,Dimapur Gateway Sec-10,Nagaland,Dimapur,26.0074,93.5967,26.0368,93.6274,13.1,NH,Asphalt,0,0,0,239,1.8,0,GOOD,0.058
NH-02,Mokokchung-Amguri Rd Sec-11,Nagaland,Mokokchung,26.4148,94.4362,26.4426,94.4733,13.7,NH,Asphalt,0,0,0,1362,29.5,0,POOR,0.526
NH-02,Imphal Ring Road Sec-12,Manipur,Imphal West,24.9178,94.0082,24.9413,94.0317,11.5,NH,Asphalt,0,0,0,776,1.3,0,GOOD,0.144
NH-02,Imphal-Churachandpur Hwy Sec-13,Manipur,Bishnupur,24.6552,93.6557,24.6887,93.6823,12.9,NH,Asphalt,0,1,0,817,5.8,1,POOR,0.522
NH-02,Mao-Maram Highway Sec-14,Manipur,Senapati,25.1237,93.912,25.1602,93.9313,17.5,NH,Asphalt,0,0,0,1198,27.6,0,POOR,0.611
NH-54,Silchar-Aizawl Hwy Sec-15,Mizoram,Aizawl,23.7016,92.7765,23.7373,92.8196,10.2,NH,Asphalt,0,0,0,1140,31.3,0,POOR,0.64
NH-54,Vairengte-Kolasib Corridor Sec-16,Mizoram,Kolasib,24.2446,92.57,24.2866,92.6087,14.2,NH,Asphalt,0,0,0,651,26.2,0,POOR,0.618
NH-54,Aizawl-Lunglei Road Sec-17,Mizoram,Lunglei,22.9633,92.5947,22.9871,92.6221,14.6,NH,Asphalt,0,0,0,1022,29.4,0,POOR,0.678
NH-08,Assam-Agartala National Hwy Sec-18,Tripura,West Tripura,23.9593,91.3488,23.9782,91.3892,17.8,NH,Asphalt,0,0,0,50,4.0,0,GOOD,0.105
NH-08,Agartala-Udaipur Hwy Sec-19,Tripura,Sipahijala,23.7272,91.3938,23.7698,91.4174,17.3,NH,Concrete,0,0,0,60,1.1,0,GOOD,0.225
NH-08,Ambassa Corridor Sec-20,Tripura,Dhalai,23.7813,91.8351,23.8029,91.8745,14.1,NH,Asphalt,0,0,0,110,14.2,0,FAIR,0.403
NH-13,Bhalukpong-Tawang Hwy Sec-1,Arunachal Pradesh,Tawang,27.4474,91.7634,27.4656,91.7824,15.8,NH,Asphalt,0,0,1,2903,45.1,0,CRITICAL,0.78
NH-13,Trans-Arunachal Hwy Sec-2,Arunachal Pradesh,West Kameng,27.3624,92.3563,27.3812,92.3895,16.4,NH,Asphalt,0,0,0,2193,35.5,0,POOR,0.619
NH-415,Itanagar-Naharlagun Corridor Sec-3,Arunachal Pradesh,Papum Pare,26.9857,93.6257,27.0201,93.6595,12.9,NH,Asphalt,0,0,0,272,19.1,0,FAIR,0.271
NH-515,Pasighat Corridor Sec-4,Arunachal Pradesh,East Siang,28.212,95.3283,28.2288,95.3654,16.5,NH,Asphalt,0,1,0,154,10.6,0,FAIR,0.408
NH-13,Ziro-Yachuli Road Sec-5,Arunachal Pradesh,Lower Subansiri,27.4829,93.7381,27.5135,93.7656,11.1,NH,Asphalt,0,0,0,1601,30.6,0,POOR,0.572
NH-27,East-West Corridor Sec-6,Assam,Kamrup Metropolitan,26.2679,91.7355,26.289,91.7671,9.2,NH,Asphalt,0,1,0,20,2.1,0,GOOD,0.108
NH-27,Amingaon-Rangia Hwy Sec-7,Assam,Kamrup Rural,26.2285,91.4975,26.2556,91.5337,13.5,NH,Concrete,1,1,0,53,0.4,0,GOOD,0.181
NH-15,North Bank Hwy Sec-8,Assam,Darrang,26.569,92.0169,26.5945,92.0458,8.0,NH,Asphalt,0,1,0,20,2.3,0,GOOD,0.178
NH-15,Tezpur-Biswanath Hwy Sec-9,Assam,Sonitpur,26.5366,92.8782,26.5685,92.9012,6.3,NH,Concrete,0,1,0,80,2.2,1,GOOD,0.092
NH-37,Upper Assam Hwy Sec-10,Assam,Dibrugarh,27.3934,94.8954,27.4255,94.9114,6.4,NH,Concrete,0,1,0,122,0.4,1,GOOD,0.056
NH-37,Silchar-Badarpur Corridor Sec-11,Assam,Cachar,24.8864,92.7266,24.9259,92.7672,14.5,NH,Asphalt,0,1,0,64,0.4,1,POOR,0.55
NH-27,Kaziranga Bypass Sec-12,Assam,Nagaon,26.2663,92.6578,26.301,92.68,5.9,NH,Concrete,0,1,0,29,0.4,0,GOOD,0.164
NH-206,Shillong-Dawki Hwy Sec-13,Meghalaya,East Khasi Hills,25.5701,91.8886,25.6066,91.9324,13.2,NH,Asphalt,0,0,0,1543,30.2,0,POOR,0.652
NH-127B,Nongstoin Road Sec-14,Meghalaya,West Khasi Hills,25.5428,91.1634,25.5631,91.1921,7.4,NH,Asphalt,0,0,0,1267,26.2,0,POOR,0.663
NH-06,Guwahati-Shillong Expressway Sec-15,Meghalaya,Ri-Bhoi,25.9396,92.0227,25.9679,92.0592,7.4,NH,Asphalt,0,0,0,515,15.7,0,FAIR,0.356
NH-06,Jowai Bypass Sec-16,Meghalaya,West Jaintia Hills,25.4706,92.1342,25.5025,92.1667,7.0,NH,Asphalt,0,0,0,1284,27.8,0,POOR,0.623
NH-10,Sevoke-Gangtok Hwy Sec-17,Sikkim,East Sikkim,27.2403,88.5596,27.2804,88.5755,7.0,NH,Asphalt,0,1,0,1703,41.0,1,CRITICAL,0.797
NH-310,Mangan-Chungthang Road Sec-18,Sikkim,North Sikkim,27.5884,88.6858,27.6081,88.7295,16.8,NH,Asphalt,0,1,1,2505,46.8,0,CRITICAL,0.864
NH-510,Namchi-Jorethang Rd Sec-19,Sikkim,South Sikkim,27.2765,88.2259,27.2979,88.2533,6.8,NH,Asphalt,0,1,0,1349,36.3,0,POOR,0.497
NH-29,Dimapur-Kohima Corridor Sec-20,Nagaland,Kohima,25.59,94.1006,25.608,94.1284,8.9,NH,Asphalt,0,0,0,1439,34.7,0,POOR,0.535
NH-29,Dimapur Gateway Sec-1,Nagaland,Dimapur,25.9777,93.6515,26.0183,93.6688,8.6,NH,Asphalt,0,1,0,176,3.5,0,GOOD,0.177
NH-02,Mokokchung-Amguri Rd Sec-2,Nagaland,Mokokchung,26.4532,94.6539,26.4848,94.6732,16.6,NH,Asphalt,0,0,0,1376,31.4,0,POOR,0.454
NH-02,Imphal Ring Road Sec-3,Manipur,Imphal West,24.9611,93.7988,24.9859,93.8247,17.5,NH,Asphalt,0,1,0,785,3.4,0,GOOD,0.194
NH-02,Imphal-Churachandpur Hwy Sec-4,Manipur,Bishnupur,24.6101,93.7328,24.6488,93.7735,11.8,NH,Asphalt,0,1,0,813,5.0,0,GOOD,0.217
NH-02,Mao-Maram Highway Sec-5,Manipur,Senapati,25.2457,93.9322,25.2703,93.9754,8.1,NH,Asphalt,0,0,0,1261,30.8,0,POOR,0.542
NH-54,Silchar-Aizawl Hwy Sec-6,Mizoram,Aizawl,23.6991,92.633,23.7178,92.6697,10.8,NH,Asphalt,0,0,0,1115,32.0,0,POOR,0.553
NH-54,Vairengte-Kolasib Corridor Sec-7,Mizoram,Kolasib,24.0972,92.6739,24.1345,92.7037,6.7,NH,Asphalt,0,0,0,589,22.8,0,FAIR,0.42
NH-54,Aizawl-Lunglei Road Sec-8,Mizoram,Lunglei,22.9011,92.7651,22.9279,92.7875,4.8,NH,Asphalt,0,0,0,1018,31.3,0,POOR,0.628
NH-08,Assam-Agartala National Hwy Sec-9,Tripura,West Tripura,23.8924,91.1923,23.9174,91.2333,12.3,NH,Asphalt,0,0,0,86,1.5,0,GOOD,0.108
NH-08,Agartala-Udaipur Hwy Sec-10,Tripura,Sipahijala,23.675,91.4201,23.7049,91.4566,6.1,NH,Asphalt,0,0,0,20,2.4,0,GOOD,0.115
NH-08,Ambassa Corridor Sec-11,Tripura,Dhalai,23.8593,91.789,23.8924,91.8294,12.4,NH,Asphalt,0,0,0,176,10.8,0,FAIR,0.386
NH-13,Bhalukpong-Tawang Hwy Sec-12,Arunachal Pradesh,Tawang,27.5988,91.9477,27.6139,91.9798,10.4,NH,Asphalt,0,0,1,2940,45.4,0,CRITICAL,0.824
NH-13,Trans-Arunachal Hwy Sec-13,Arunachal Pradesh,West Kameng,27.2152,92.5456,27.2351,92.5705,13.5,NH,Asphalt,0,0,1,2205,40.2,0,CRITICAL,0.736
NH-415,Itanagar-Naharlagun Corridor Sec-14,Arunachal Pradesh,Papum Pare,27.2168,93.4999,27.2497,93.5377,16.8,NH,Asphalt,0,0,0,306,18.3,0,FAIR,0.312
NH-515,Pasighat Corridor Sec-15,Arunachal Pradesh,East Siang,28.0259,95.3705,28.0625,95.3919,14.1,NH,Asphalt,0,1,0,185,7.0,0,GOOD,0.23
NH-13,Ziro-Yachuli Road Sec-16,Arunachal Pradesh,Lower Subansiri,27.4614,93.9744,27.5009,93.9935,17.3,NH,Asphalt,0,0,0,1530,32.6,0,POOR,0.608
NH-27,East-West Corridor Sec-17,Assam,Kamrup Metropolitan,26.2157,91.8119,26.2591,91.8425,6.3,NH,Concrete,0,1,0,106,3.5,0,GOOD,0.247
NH-27,Amingaon-Rangia Hwy Sec-18,Assam,Kamrup Rural,26.2585,91.4796,26.3027,91.4986,9.4,NH,Asphalt,0,1,0,43,2.9,0,GOOD,0.203
NH-15,North Bank Hwy Sec-19,Assam,Darrang,26.4289,91.8973,26.4455,91.918,5.0,NH,Concrete,0,1,0,39,0.4,0,GOOD,0.238
NH-15,Tezpur-Biswanath Hwy Sec-20,Assam,Sonitpur,26.6418,92.6794,26.6796,92.7091,15.4,NH,Asphalt,0,1,0,108,2.3,0,GOOD,0.093
NH-37,Upper Assam Hwy Sec-1,Assam,Dibrugarh,27.5926,94.8976,27.6216,94.9277,16.2,NH,Asphalt,0,1,0,95,2.3,0,GOOD,0.204
NH-37,Silchar-Badarpur Corridor Sec-2,Assam,Cachar,24.9259,92.9112,24.9614,92.947,14.2,NH,Asphalt,0,1,0,20,0.4,0,GOOD,0.054
NH-27,Kaziranga Bypass Sec-3,Assam,Nagaon,26.2214,92.6512,26.2564,92.6769,7.7,NH,Asphalt,0,0,0,26,0.4,0,GOOD,0.184
NH-206,Shillong-Dawki Hwy Sec-4,Meghalaya,East Khasi Hills,25.4616,91.8261,25.5006,91.8688,15.2,NH,Asphalt,0,0,0,1519,28.7,0,POOR,0.558
NH-127B,Nongstoin Road Sec-5,Meghalaya,West Khasi Hills,25.4213,91.3956,25.4607,91.4118,4.7,NH,Asphalt,0,0,0,1222,27.0,0,POOR,0.53
NH-06,Guwahati-Shillong Expressway Sec-6,Meghalaya,Ri-Bhoi,25.9124,91.7696,25.9567,91.7917,9.7,NH,Asphalt,0,0,0,534,16.1,0,FAIR,0.422
NH-06,Jowai Bypass Sec-7,Meghalaya,West Jaintia Hills,25.3064,92.1067,25.3239,92.1389,15.2,NH,Asphalt,0,0,0,1272,27.9,0,POOR,0.646
NH-10,Sevoke-Gangtok Hwy Sec-8,Sikkim,East Sikkim,27.4731,88.6499,27.4977,88.6787,9.2,NH,Asphalt,0,1,0,1642,42.4,1,CRITICAL,0.705
NH-310,Mangan-Chungthang Road Sec-9,Sikkim,North Sikkim,27.586,88.5458,27.6272,88.5894,16.3,NH,Asphalt,0,1,1,2475,49.5,0,CRITICAL,0.834
NH-510,Namchi-Jorethang Rd Sec-10,Sikkim,South Sikkim,27.1536,88.2912,27.1857,88.3341,5.8,NH,Asphalt,0,1,0,1256,38.2,0,CRITICAL,0.781
NH-29,Dimapur-Kohima Corridor Sec-11,Nagaland,Kohima,25.7619,94.0266,25.8003,94.0609,6.8,NH,Asphalt,0,0,0,1427,38.2,0,CRITICAL,0.791
NH-29,Dimapur Gateway Sec-12,Nagaland,Dimapur,25.771,93.6834,25.8138,93.7267,14.6,NH,Asphalt,0,0,0,193,6.1,0,GOOD,0.216
NH-02,Mokokchung-Amguri Rd Sec-13,Nagaland,Mokokchung,26.2232,94.5306,26.2581,94.5484,7.2,NH,Asphalt,0,0,0,1283,33.4,0,POOR,0.521
NH-02,Imphal Ring Road Sec-14,Manipur,Imphal West,24.8749,93.9867,24.8982,94.0277,11.4,NH,Asphalt,0,1,0,744,0.5,1,GOOD,0.239
NH-02,Imphal-Churachandpur Hwy Sec-15,Manipur,Bishnupur,24.7805,93.7869,24.7972,93.8266,16.8,NH,Asphalt,0,1,0,766,2.3,1,POOR,0.491
NH-02,Mao-Maram Highway Sec-16,Manipur,Senapati,25.2787,93.8704,25.311,93.9152,5.6,NH,Asphalt,0,0,0,1230,31.9,0,POOR,0.602
NH-54,Silchar-Aizawl Hwy Sec-17,Mizoram,Aizawl,23.7116,92.8602,23.7472,92.8902,12.7,NH,Asphalt,0,0,0,1138,32.0,0,POOR,0.605
NH-54,Vairengte-Kolasib Corridor Sec-18,Mizoram,Kolasib,24.1914,92.6798,24.2099,92.7067,13.0,NH,Asphalt,0,0,0,568,26.7,0,POOR,0.508
NH-54,Aizawl-Lunglei Road Sec-19,Mizoram,Lunglei,22.7768,92.881,22.8138,92.8995,6.6,NH,Asphalt,0,0,0,1029,33.9,0,POOR,0.525
NH-08,Assam-Agartala National Hwy Sec-20,Tripura,West Tripura,23.8931,91.279,23.9341,91.3217,17.5,NH,Asphalt,0,0,0,20,4.4,0,GOOD,0.217
NH-08,Agartala-Udaipur Hwy Sec-1,Tripura,Sipahijala,23.7832,91.3621,23.8208,91.3813,6.1,NH,Asphalt,0,0,0,74,3.3,0,GOOD,0.202
NH-08,Ambassa Corridor Sec-2,Tripura,Dhalai,23.8326,91.9067,23.8678,91.9252,9.7,NH,Asphalt,0,0,0,173,11.9,0,FAIR,0.316
NH-13,Bhalukpong-Tawang Hwy Sec-3,Arunachal Pradesh,Tawang,27.6395,91.7445,27.6576,91.7869,5.1,NH,Asphalt,0,0,1,2843,44.0,0,CRITICAL,0.817
NH-13,Trans-Arunachal Hwy Sec-4,Arunachal Pradesh,West Kameng,27.2483,92.2936,27.2818,92.3096,6.3,NH,Asphalt,0,0,0,2147,38.5,0,CRITICAL,0.714
NH-415,Itanagar-Naharlagun Corridor Sec-5,Arunachal Pradesh,Papum Pare,27.1083,93.701,27.1336,93.7383,11.6,NH,Asphalt,0,0,0,358,17.4,0,FAIR,0.292
NH-515,Pasighat Corridor Sec-6,Arunachal Pradesh,East Siang,28.0775,95.3096,28.1056,95.3321,17.0,NH,Asphalt,0,1,0,180,11.5,0,FAIR,0.347
NH-13,Ziro-Yachuli Road Sec-7,Arunachal Pradesh,Lower Subansiri,27.5183,93.8271,27.5557,93.8485,8.5,NH,Asphalt,0,0,0,1577,32.9,0,POOR,0.47
NH-27,East-West Corridor Sec-8,Assam,Kamrup Metropolitan,26.267,91.6945,26.2878,91.7209,7.3,NH,Concrete,1,0,0,20,2.3,0,GOOD,0.219
NH-27,Amingaon-Rangia Hwy Sec-9,Assam,Kamrup Rural,26.1508,91.4157,26.1853,91.4507,8.6,NH,Asphalt,1,0,0,42,0.4,0,GOOD,0.194
NH-15,North Bank Hwy Sec-10,Assam,Darrang,26.5643,91.9073,26.6029,91.9276,5.7,NH,Concrete,0,1,0,85,3.0,0,GOOD,0.239
NH-15,Tezpur-Biswanath Hwy Sec-11,Assam,Sonitpur,26.6085,92.7754,26.6403,92.8022,11.6,NH,Asphalt,0,0,0,38,3.6,0,GOOD,0.189
NH-37,Upper Assam Hwy Sec-12,Assam,Dibrugarh,27.4499,95.0309,27.4907,95.0632,8.9,NH,Concrete,0,1,0,65,2.5,0,GOOD,0.238
NH-37,Silchar-Badarpur Corridor Sec-13,Assam,Cachar,24.7264,92.7199,24.7593,92.7462,4.7,NH,Asphalt,0,1,0,76,1.9,1,POOR,0.578
NH-27,Kaziranga Bypass Sec-14,Assam,Nagaon,26.4751,92.7112,26.4959,92.7516,17.9,NH,Asphalt,1,1,0,52,0.4,0,GOOD,0.17
NH-206,Shillong-Dawki Hwy Sec-15,Meghalaya,East Khasi Hills,25.7031,91.8677,25.7418,91.907,14.4,NH,Asphalt,0,0,0,1501,30.3,0,POOR,0.675
NH-127B,Nongstoin Road Sec-16,Meghalaya,West Khasi Hills,25.6345,91.1698,25.6495,91.2127,14.2,NH,Asphalt,0,0,0,1326,27.4,0,POOR,0.598
NH-06,Guwahati-Shillong Expressway Sec-17,Meghalaya,Ri-Bhoi,25.7627,91.9779,25.7948,92.0033,15.0,NH,Asphalt,0,0,0,596,16.9,0,FAIR,0.256
NH-06,Jowai Bypass Sec-18,Meghalaya,West Jaintia Hills,25.522,92.1174,25.5545,92.1571,15.0,NH,Asphalt,0,0,0,1371,23.5,0,FAIR,0.395
NH-10,Sevoke-Gangtok Hwy Sec-19,Sikkim,East Sikkim,27.4757,88.7068,27.4976,88.7354,6.4,NH,Asphalt,0,1,0,1650,40.1,1,CRITICAL,0.899
NH-310,Mangan-Chungthang Road Sec-20,Sikkim,North Sikkim,27.4363,88.4538,27.457,88.4969,11.9,NH,Asphalt,0,1,1,2506,49.4,1,CRITICAL,0.875
NH-510,Namchi-Jorethang Rd Sec-1,Sikkim,South Sikkim,27.0558,88.2832,27.087,88.3098,14.8,NH,Asphalt,0,1,0,1248,36.7,0,POOR,0.584
NH-29,Dimapur-Kohima Corridor Sec-2,Nagaland,Kohima,25.6692,94.0894,25.6881,94.1298,8.0,NH,Asphalt,0,0,0,1413,36.4,0,POOR,0.604
NH-29,Dimapur Gateway Sec-3,Nagaland,Dimapur,25.9651,93.6134,25.9823,93.6507,6.6,NH,Asphalt,0,1,0,200,5.0,0,GOOD,0.248
NH-02,Mokokchung-Amguri Rd Sec-4,Nagaland,Mokokchung,26.2529,94.5445,26.2721,94.574,5.2,NH,Asphalt,0,0,0,1278,30.1,0,POOR,0.471
NH-02,Imphal Ring Road Sec-5,Manipur,Imphal West,24.7076,93.8358,24.7263,93.8692,11.0,NH,Asphalt,0,1,0,759,1.5,0,GOOD,0.183
NH-02,Imphal-Churachandpur Hwy Sec-6,Manipur,Bishnupur,24.7689,93.6291,24.8006,93.6524,6.7,NH,Asphalt,0,1,0,747,3.6,0,GOOD,0.107
NH-02,Mao-Maram Highway Sec-7,Manipur,Senapati,25.2642,94.0899,25.2978,94.1182,14.2,NH,Asphalt,0,0,0,1213,30.8,0,POOR,0.597
NH-54,Silchar-Aizawl Hwy Sec-8,Mizoram,Aizawl,23.6272,92.6644,23.6448,92.6922,12.5,NH,Asphalt,0,0,0,1110,34.6,0,POOR,0.59
NH-54,Vairengte-Kolasib Corridor Sec-9,Mizoram,Kolasib,24.1603,92.7356,24.1877,92.7545,16.1,NH,Asphalt,0,0,0,638,23.8,0,FAIR,0.281
NH-54,Aizawl-Lunglei Road Sec-10,Mizoram,Lunglei,22.8355,92.6331,22.8664,92.6765,5.9,NH,Asphalt,0,0,0,977,31.6,0,POOR,0.498
NH-08,Assam-Agartala National Hwy Sec-11,Tripura,West Tripura,23.827,91.2389,23.8516,91.2825,6.6,NH,Asphalt,0,0,0,91,0.4,0,GOOD,0.174
NH-08,Agartala-Udaipur Hwy Sec-12,Tripura,Sipahijala,23.636,91.4115,23.67,91.4267,14.0,NH,Asphalt,0,0,0,73,5.0,0,GOOD,0.076
NH-08,Ambassa Corridor Sec-13,Tripura,Dhalai,23.9494,91.8577,23.9654,91.8745,4.7,NH,Asphalt,0,0,0,148,13.1,0,FAIR,0.303
NH-13,Bhalukpong-Tawang Hwy Sec-14,Arunachal Pradesh,Tawang,27.6769,91.8346,27.7191,91.8783,12.1,NH,Asphalt,0,0,1,2957,42.4,0,CRITICAL,0.884
NH-13,Trans-Arunachal Hwy Sec-15,Arunachal Pradesh,West Kameng,27.3915,92.4098,27.4296,92.4383,10.2,NH,Asphalt,0,0,0,2179,39.0,0,CRITICAL,0.772
NH-415,Itanagar-Naharlagun Corridor Sec-16,Arunachal Pradesh,Papum Pare,27.083,93.7629,27.1216,93.7966,9.5,NH,Asphalt,0,0,0,326,19.8,0,FAIR,0.348
NH-515,Pasighat Corridor Sec-17,Arunachal Pradesh,East Siang,28.129,95.1846,28.1617,95.223,9.2,NH,Asphalt,0,1,0,199,7.3,1,POOR,0.666
NH-13,Ziro-Yachuli Road Sec-18,Arunachal Pradesh,Lower Subansiri,27.6083,93.8864,27.6319,93.9267,17.3,NH,Asphalt,0,0,0,1539,30.5,0,POOR,0.502
NH-27,East-West Corridor Sec-19,Assam,Kamrup Metropolitan,26.0181,91.7934,26.0406,91.8336,6.3,NH,Asphalt,1,1,0,95,0.4,0,GOOD,0.128
NH-27,Amingaon-Rangia Hwy Sec-20,Assam,Kamrup Rural,26.1803,91.5414,26.1954,91.5577,5.3,NH,Concrete,0,0,0,23,0.4,0,GOOD,0.171
NH-15,North Bank Hwy Sec-1,Assam,Darrang,26.456,91.8988,26.4747,91.92,15.4,NH,Asphalt,0,1,0,20,3.1,1,POOR,0.624
NH-15,Tezpur-Biswanath Hwy Sec-2,Assam,Sonitpur,26.5743,92.6457,26.6017,92.6676,10.6,NH,Concrete,0,0,0,30,3.5,0,GOOD,0.23
NH-37,Upper Assam Hwy Sec-3,Assam,Dibrugarh,27.3844,95.0324,27.4277,95.0621,10.2,NH,Concrete,0,1,0,71,1.7,1,POOR,0.661
NH-37,Silchar-Badarpur Corridor Sec-4,Assam,Cachar,24.727,92.8528,24.7424,92.8707,14.3,NH,Asphalt,0,1,0,20,4.0,1,POOR,0.629
NH-27,Kaziranga Bypass Sec-5,Assam,Nagaon,26.2434,92.6842,26.2616,92.717,16.2,NH,Concrete,1,1,0,97,1.6,0,GOOD,0.096
NH-206,Shillong-Dawki Hwy Sec-6,Meghalaya,East Khasi Hills,25.4493,91.9892,25.4661,92.0067,11.4,NH,Asphalt,0,0,0,1527,28.1,0,POOR,0.456
NH-127B,Nongstoin Road Sec-7,Meghalaya,West Khasi Hills,25.4175,91.1946,25.4448,91.2126,5.2,NH,Asphalt,0,0,0,1335,29.3,0,POOR,0.538
NH-06,Guwahati-Shillong Expressway Sec-8,Meghalaya,Ri-Bhoi,25.9676,92.0073,26.004,92.0323,17.6,NH,Asphalt,0,0,0,607,16.5,0,FAIR,0.278
NH-06,Jowai Bypass Sec-9,Meghalaya,West Jaintia Hills,25.4099,92.2268,25.4493,92.2504,17.6,NH,Asphalt,0,0,0,1326,26.9,0,POOR,0.613
NH-10,Sevoke-Gangtok Hwy Sec-10,Sikkim,East Sikkim,27.4393,88.7509,27.4829,88.7807,7.2,NH,Asphalt,0,1,0,1644,40.6,1,CRITICAL,0.845
NH-310,Mangan-Chungthang Road Sec-11,Sikkim,North Sikkim,27.3839,88.6954,27.4109,88.7138,7.2,NH,Asphalt,0,1,1,2405,48.3,0,CRITICAL,0.71
NH-510,Namchi-Jorethang Rd Sec-12,Sikkim,South Sikkim,27.1687,88.3084,27.1842,88.3365,9.2,NH,Asphalt,0,1,0,1276,36.5,1,POOR,0.642
NH-29,Dimapur-Kohima Corridor Sec-13,Nagaland,Kohima,25.6235,93.9933,25.6643,94.0286,10.5,NH,Asphalt,0,0,0,1416,35.6,0,POOR,0.507
NH-29,Dimapur Gateway Sec-14,Nagaland,Dimapur,25.9629,93.8298,25.999,93.8627,11.2,NH,Asphalt,0,0,0,163,4.1,0,GOOD,0.136
NH-02,Mokokchung-Amguri Rd Sec-15,Nagaland,Mokokchung,26.4316,94.4266,26.4527,94.4584,9.0,NH,Asphalt,0,0,0,1268,33.0,0,POOR,0.604
NH-02,Imphal Ring Road Sec-16,Manipur,Imphal West,24.9487,93.897,24.9937,93.9361,15.0,NH,Asphalt,0,1,0,726,4.7,0,GOOD,0.136
NH-02,Imphal-Churachandpur Hwy Sec-17,Manipur,Bishnupur,24.514,93.7459,24.5472,93.7656,15.4,NH,Asphalt,0,1,0,794,4.4,1,POOR,0.551
NH-02,Mao-Maram Highway Sec-18,Manipur,Senapati,25.2284,94.0685,25.2716,94.1112,15.8,NH,Asphalt,0,0,0,1203,30.7,0,POOR,0.465
NH-54,Silchar-Aizawl Hwy Sec-19,Mizoram,Aizawl,23.6277,92.6767,23.6694,92.7048,6.5,NH,Asphalt,0,0,0,1095,32.2,0,POOR,0.542
NH-54,Vairengte-Kolasib Corridor Sec-20,Mizoram,Kolasib,24.3672,92.5668,24.3928,92.5837,7.7,NH,Asphalt,0,0,0,657,24.1,0,POOR,0.626
NH-54,Aizawl-Lunglei Road Sec-1,Mizoram,Lunglei,22.9594,92.8198,22.9785,92.8604,4.8,NH,Asphalt,0,0,0,1035,30.4,0,POOR,0.66
NH-08,Assam-Agartala National Hwy Sec-2,Tripura,West Tripura,23.8746,91.2569,23.8913,91.2799,10.1,NH,Concrete,0,0,0,35,2.9,0,GOOD,0.133
NH-08,Agartala-Udaipur Hwy Sec-3,Tripura,Sipahijala,23.7813,91.3154,23.8253,91.3492,4.8,NH,Concrete,0,0,0,20,4.3,0,GOOD,0.135
NH-08,Ambassa Corridor Sec-4,Tripura,Dhalai,23.7752,91.8492,23.7937,91.8776,11.1,NH,Asphalt,0,0,0,160,14.2,0,FAIR,0.391
NH-13,Bhalukpong-Tawang Hwy Sec-5,Arunachal Pradesh,Tawang,27.6574,91.9585,27.6864,92.0009,5.0,NH,Asphalt,0,0,1,2903,45.4,0,CRITICAL,0.907
NH-13,Trans-Arunachal Hwy Sec-6,Arunachal Pradesh,West Kameng,27.2293,92.4697,27.2668,92.4926,7.7,NH,Asphalt,0,0,0,2159,37.0,0,POOR,0.511
NH-415,Itanagar-Naharlagun Corridor Sec-7,Arunachal Pradesh,Papum Pare,27.1785,93.6649,27.2165,93.6965,15.6,NH,Asphalt,0,0,0,326,19.8,0,FAIR,0.338
NH-515,Pasighat Corridor Sec-8,Arunachal Pradesh,East Siang,27.9766,95.3746,28.0085,95.4106,14.1,NH,Asphalt,0,1,0,157,9.2,0,GOOD,0.209
NH-13,Ziro-Yachuli Road Sec-9,Arunachal Pradesh,Lower Subansiri,27.6428,93.8422,27.6787,93.8744,8.8,NH,Asphalt,0,0,0,1502,34.7,0,POOR,0.59
NH-27,East-West Corridor Sec-10,Assam,Kamrup Metropolitan,26.1236,91.8607,26.1586,91.8969,8.8,NH,Concrete,1,0,0,44,1.0,0,GOOD,0.072
NH-27,Amingaon-Rangia Hwy Sec-11,Assam,Kamrup Rural,26.1678,91.4228,26.2011,91.4389,12.5,NH,Asphalt,0,0,0,20,1.2,0,GOOD,0.176
NH-15,North Bank Hwy Sec-12,Assam,Darrang,26.3929,92.0928,26.4228,92.1352,15.1,NH,Asphalt,0,1,0,54,0.8,1,GOOD,0.087
NH-15,Tezpur-Biswanath Hwy Sec-13,Assam,Sonitpur,26.6005,92.8718,26.6303,92.8935,5.4,NH,Asphalt,0,1,0,90,3.0,0,GOOD,0.152
NH-37,Upper Assam Hwy Sec-14,Assam,Dibrugarh,27.5284,94.9337,27.5566,94.9523,10.1,NH,Asphalt,0,1,0,108,1.1,1,GOOD,0.156
NH-37,Silchar-Badarpur Corridor Sec-15,Assam,Cachar,24.7,92.7079,24.7375,92.726,16.8,NH,Asphalt,0,1,0,40,4.2,0,GOOD,0.225
NH-27,Kaziranga Bypass Sec-16,Assam,Nagaon,26.301,92.8273,26.3205,92.8568,17.4,NH,Asphalt,0,0,0,45,0.4,0,GOOD,0.142
NH-206,Shillong-Dawki Hwy Sec-17,Meghalaya,East Khasi Hills,25.4673,91.8532,25.4897,91.8931,14.8,NH,Asphalt,0,0,0,1533,31.7,0,POOR,0.514
NH-127B,Nongstoin Road Sec-18,Meghalaya,West Khasi Hills,25.6274,91.2124,25.6555,91.2337,13.8,NH,Asphalt,0,0,0,1232,27.6,0,POOR,0.503
NH-06,Guwahati-Shillong Expressway Sec-19,Meghalaya,Ri-Bhoi,25.8736,91.7469,25.9041,91.7796,8.4,NH,Asphalt,0,0,0,521,15.2,0,FAIR,0.425
NH-06,Jowai Bypass Sec-20,Meghalaya,West Jaintia Hills,25.4778,92.3231,25.5099,92.3415,12.7,NH,Asphalt,0,0,0,1278,27.8,0,POOR,0.489
NH-10,Sevoke-Gangtok Hwy Sec-1,Sikkim,East Sikkim,27.2398,88.618,27.279,88.635,15.6,NH,Asphalt,0,1,0,1594,41.8,0,CRITICAL,0.794
NH-310,Mangan-Chungthang Road Sec-2,Sikkim,North Sikkim,27.5204,88.6704,27.5433,88.7119,15.9,NH,Asphalt,0,1,1,2424,46.1,0,CRITICAL,0.741
NH-510,Namchi-Jorethang Rd Sec-3,Sikkim,South Sikkim,27.0267,88.295,27.0704,88.3142,7.4,NH,Asphalt,0,1,0,1313,35.7,0,POOR,0.628
NH-29,Dimapur-Kohima Corridor Sec-4,Nagaland,Kohima,25.7676,93.9886,25.7841,94.0174,16.7,NH,Asphalt,0,0,0,1466,34.3,0,POOR,0.559
NH-29,Dimapur Gateway Sec-5,Nagaland,Dimapur,26.0002,93.7777,26.0405,93.7959,10.0,NH,Asphalt,0,0,0,156,4.4,0,GOOD,0.12
NH-02,Mokokchung-Amguri Rd Sec-6,Nagaland,Mokokchung,26.3058,94.5191,26.346,94.5539,13.4,NH,Asphalt,0,0,0,1368,33.4,0,POOR,0.533
NH-02,Imphal Ring Road Sec-7,Manipur,Imphal West,24.9221,93.851,24.956,93.8858,8.0,NH,Asphalt,0,0,0,758,0.4,0,GOOD,0.22
NH-02,Imphal-Churachandpur Hwy Sec-8,Manipur,Bishnupur,24.603,93.6823,24.6435,93.7244,11.9,NH,Asphalt,0,1,0,805,5.8,0,GOOD,0.161
NH-02,Mao-Maram Highway Sec-9,Manipur,Senapati,25.2835,94.0376,25.3277,94.0551,9.5,NH,Asphalt,0,0,0,1224,27.3,0,POOR,0.615
NH-54,Silchar-Aizawl Hwy Sec-10,Mizoram,Aizawl,23.7197,92.6305,23.7558,92.664,11.4,NH,Asphalt,0,0,0,1171,30.9,0,POOR,0.656
NH-54,Vairengte-Kolasib Corridor Sec-11,Mizoram,Kolasib,24.2214,92.62,24.2515,92.6648,12.4,NH,Asphalt,0,0,0,634,24.7,0,POOR,0.657
NH-54,Aizawl-Lunglei Road Sec-12,Mizoram,Lunglei,22.8507,92.7775,22.8927,92.8194,5.6,NH,Asphalt,0,0,0,1018,32.4,0,POOR,0.526
NH-08,Assam-Agartala National Hwy Sec-13,Tripura,West Tripura,23.9458,91.3252,23.9741,91.3409,15.8,NH,Asphalt,0,0,0,41,3.9,0,GOOD,0.24
NH-08,Agartala-Udaipur Hwy Sec-14,Tripura,Sipahijala,23.5489,91.4506,23.5815,91.4743,13.4,NH,Concrete,0,0,0,67,5.2,0,GOOD,0.055
NH-08,Ambassa Corridor Sec-15,Tripura,Dhalai,23.8914,91.9427,23.931,91.9598,11.9,NH,Asphalt,0,0,0,189,13.3,0,FAIR,0.325
NH-13,Bhalukpong-Tawang Hwy Sec-16,Arunachal Pradesh,Tawang,27.6059,91.8974,27.6329,91.9202,11.7,NH,Asphalt,0,0,1,2906,43.0,0,CRITICAL,0.897
NH-13,Trans-Arunachal Hwy Sec-17,Arunachal Pradesh,West Kameng,27.1866,92.4898,27.2064,92.5084,17.3,NH,Asphalt,0,0,1,2237,37.0,0,CRITICAL,0.76
NH-415,Itanagar-Naharlagun Corridor Sec-18,Arunachal Pradesh,Papum Pare,27.046,93.7157,27.0875,93.7464,14.5,NH,Asphalt,0,0,0,268,19.2,0,FAIR,0.305
NH-515,Pasighat Corridor Sec-19,Arunachal Pradesh,East Siang,27.9961,95.2621,28.0181,95.3066,17.6,NH,Asphalt,0,1,0,115,8.0,0,GOOD,0.111
NH-13,Ziro-Yachuli Road Sec-20,Arunachal Pradesh,Lower Subansiri,27.5218,93.7141,27.5648,93.7453,5.3,NH,Asphalt,0,0,0,1524,30.0,0,POOR,0.591
NH-27,East-West Corridor Sec-1,Assam,Kamrup Metropolitan,26.0877,91.7318,26.1035,91.763,10.2,NH,Asphalt,0,0,0,50,0.8,0,GOOD,0.138
NH-27,Amingaon-Rangia Hwy Sec-2,Assam,Kamrup Rural,26.0956,91.4938,26.1355,91.5142,7.1,NH,Asphalt,1,0,0,20,0.4,0,GOOD,0.195
NH-15,North Bank Hwy Sec-3,Assam,Darrang,26.4996,91.9338,26.5267,91.9717,13.5,NH,Asphalt,0,1,0,101,0.4,0,GOOD,0.229
NH-15,Tezpur-Biswanath Hwy Sec-4,Assam,Sonitpur,26.7185,92.6592,26.7488,92.6892,15.5,NH,Concrete,0,1,0,132,0.4,0,GOOD,0.185
NH-37,Upper Assam Hwy Sec-5,Assam,Dibrugarh,27.583,95.0322,27.603,95.0673,12.1,NH,Asphalt,0,1,0,100,2.8,0,GOOD,0.091
NH-37,Silchar-Badarpur Corridor Sec-6,Assam,Cachar,24.949,92.748,24.9779,92.7856,12.3,NH,Asphalt,0,1,0,72,2.9,1,POOR,0.665
NH-27,Kaziranga Bypass Sec-7,Assam,Nagaon,26.2288,92.7543,26.2717,92.7836,13.1,NH,Concrete,0,0,0,123,0.4,0,GOOD,0.103
NH-206,Shillong-Dawki Hwy Sec-8,Meghalaya,East Khasi Hills,25.6029,91.9758,25.6248,91.9943,16.7,NH,Asphalt,0,0,0,1497,29.3,0,POOR,0.484
NH-127B,Nongstoin Road Sec-9,Meghalaya,West Khasi Hills,25.4314,91.1467,25.4491,91.1791,6.0,NH,Asphalt,0,0,0,1323,27.1,0,POOR,0.471
NH-06,Guwahati-Shillong Expressway Sec-10,Meghalaya,Ri-Bhoi,25.9712,91.9718,25.999,92.0016,11.9,NH,Asphalt,0,0,0,585,15.2,0,FAIR,0.363
NH-06,Jowai Bypass Sec-11,Meghalaya,West Jaintia Hills,25.3433,92.1025,25.3657,92.1321,13.6,NH,Asphalt,0,0,0,1305,25.7,0,POOR,0.476
NH-10,Sevoke-Gangtok Hwy Sec-12,Sikkim,East Sikkim,27.3657,88.6036,27.405,88.6352,7.5,NH,Asphalt,0,1,0,1637,43.0,1,CRITICAL,0.731
NH-310,Mangan-Chungthang Road Sec-13,Sikkim,North Sikkim,27.5137,88.5425,27.5504,88.5681,15.0,NH,Asphalt,0,1,1,2421,50.8,0,CRITICAL,0.766
NH-510,Namchi-Jorethang Rd Sec-14,Sikkim,South Sikkim,27.3011,88.3089,27.3299,88.3478,15.4,NH,Asphalt,0,1,0,1331,35.5,0,POOR,0.515
NH-29,Dimapur-Kohima Corridor Sec-15,Nagaland,Kohima,25.7187,94.2302,25.7538,94.2571,8.5,NH,Asphalt,0,0,0,1384,37.5,0,POOR,0.589
NH-29,Dimapur Gateway Sec-16,Nagaland,Dimapur,26.0391,93.7847,26.0555,93.8178,10.2,NH,Asphalt,0,0,0,235,4.7,0,GOOD,0.213
NH-02,Mokokchung-Amguri Rd Sec-17,Nagaland,Mokokchung,26.2904,94.5617,26.3246,94.6018,9.6,NH,Asphalt,0,0,0,1349,30.3,0,POOR,0.625
NH-02,Imphal Ring Road Sec-18,Manipur,Imphal West,24.7036,94.0469,24.735,94.0835,17.1,NH,Asphalt,0,1,0,834,1.9,1,GOOD,0.102
NH-02,Imphal-Churachandpur Hwy Sec-19,Manipur,Bishnupur,24.7706,93.8928,24.7985,93.9158,11.4,NH,Asphalt,0,1,0,827,2.3,1,POOR,0.506
NH-02,Mao-Maram Highway Sec-20,Manipur,Senapati,25.3568,93.9306,25.3764,93.9589,6.6,NH,Asphalt,0,0,0,1216,31.3,0,POOR,0.672
NH-54,Silchar-Aizawl Hwy Sec-1,Mizoram,Aizawl,23.7088,92.6628,23.7339,92.6894,6.7,NH,Asphalt,0,0,0,1173,34.3,0,POOR,0.452
NH-54,Vairengte-Kolasib Corridor Sec-2,Mizoram,Kolasib,24.0802,92.7899,24.1232,92.8223,7.8,NH,Asphalt,0,0,0,655,25.9,0,POOR,0.652
NH-54,Aizawl-Lunglei Road Sec-3,Mizoram,Lunglei,22.9511,92.8679,22.985,92.8912,11.9,NH,Asphalt,0,0,0,1002,32.6,0,POOR,0.496
NH-08,Assam-Agartala National Hwy Sec-4,Tripura,West Tripura,23.9276,91.3841,23.9426,91.4281,17.5,NH,Asphalt,0,0,0,64,0.9,0,GOOD,0.239
NH-08,Agartala-Udaipur Hwy Sec-5,Tripura,Sipahijala,23.6113,91.3808,23.6343,91.4078,13.9,NH,Concrete,0,0,0,42,4.2,0,GOOD,0.118
NH-08,Ambassa Corridor Sec-6,Tripura,Dhalai,23.7082,91.7156,23.7244,91.7437,17.8,NH,Asphalt,0,0,0,162,10.4,0,FAIR,0.338
NH-13,Bhalukpong-Tawang Hwy Sec-7,Arunachal Pradesh,Tawang,27.6284,91.7103,27.6553,91.7298,17.8,NH,Asphalt,0,0,1,2865,45.1,0,CRITICAL,0.856
NH-13,Trans-Arunachal Hwy Sec-8,Arunachal Pradesh,West Kameng,27.1392,92.3132,27.17,92.3463,5.4,NH,Asphalt,0,0,1,2206,39.1,0,CRITICAL,0.829
NH-415,Itanagar-Naharlagun Corridor Sec-9,Arunachal Pradesh,Papum Pare,27.1452,93.5056,27.1609,93.5456,5.7,NH,Asphalt,0,0,0,336,19.4,0,FAIR,0.314
NH-515,Pasighat Corridor Sec-10,Arunachal Pradesh,East Siang,28.0118,95.3195,28.029,95.3645,6.0,NH,Asphalt,0,1,0,189,7.4,1,GOOD,0.161
NH-13,Ziro-Yachuli Road Sec-11,Arunachal Pradesh,Lower Subansiri,27.5779,93.7783,27.6198,93.8231,7.9,NH,Asphalt,0,0,0,1536,30.9,0,POOR,0.618
NH-27,East-West Corridor Sec-12,Assam,Kamrup Metropolitan,26.0491,91.8491,26.0839,91.8937,13.1,NH,Concrete,0,0,0,115,2.9,0,GOOD,0.058
NH-27,Amingaon-Rangia Hwy Sec-13,Assam,Kamrup Rural,26.0412,91.4189,26.0623,91.4461,7.6,NH,Asphalt,1,1,0,69,1.6,0,GOOD,0.052
NH-15,North Bank Hwy Sec-14,Assam,Darrang,26.5741,92.1732,26.5891,92.1938,7.9,NH,Asphalt,0,1,0,20,0.4,0,GOOD,0.142
NH-15,Tezpur-Biswanath Hwy Sec-15,Assam,Sonitpur,26.4987,92.828,26.5233,92.8583,9.9,NH,Asphalt,0,1,0,94,0.9,1,GOOD,0.076
NH-37,Upper Assam Hwy Sec-16,Assam,Dibrugarh,27.4332,95.0462,27.4692,95.0885,9.4,NH,Asphalt,0,1,0,63,0.4,0,GOOD,0.183
NH-37,Silchar-Badarpur Corridor Sec-17,Assam,Cachar,24.9153,92.9074,24.9528,92.9373,8.0,NH,Asphalt,0,1,0,70,2.7,1,POOR,0.499
NH-27,Kaziranga Bypass Sec-18,Assam,Nagaon,26.4093,92.5912,26.4372,92.6257,16.3,NH,Asphalt,1,1,0,114,2.6,0,GOOD,0.137
NH-206,Shillong-Dawki Hwy Sec-19,Meghalaya,East Khasi Hills,25.6527,91.8579,25.6913,91.8854,15.9,NH,Asphalt,0,0,0,1485,32.3,0,POOR,0.495
NH-127B,Nongstoin Road Sec-20,Meghalaya,West Khasi Hills,25.6586,91.1949,25.6877,91.2321,16.6,NH,Asphalt,0,0,0,1306,26.4,0,POOR,0.576
NH-06,Guwahati-Shillong Expressway Sec-1,Meghalaya,Ri-Bhoi,25.9877,91.7386,26.0306,91.7556,11.5,NH,Asphalt,0,0,0,523,15.2,0,FAIR,0.273
NH-06,Jowai Bypass Sec-2,Meghalaya,West Jaintia Hills,25.3745,92.2249,25.4105,92.2577,12.2,NH,Asphalt,0,0,0,1352,25.8,0,POOR,0.455
NH-10,Sevoke-Gangtok Hwy Sec-3,Sikkim,East Sikkim,27.2289,88.5535,27.2603,88.5698,11.8,NH,Asphalt,0,1,0,1678,41.5,1,CRITICAL,0.711
NH-310,Mangan-Chungthang Road Sec-4,Sikkim,North Sikkim,27.465,88.527,27.5072,88.5421,9.9,NH,Asphalt,0,1,1,2466,47.3,1,CRITICAL,0.91
NH-510,Namchi-Jorethang Rd Sec-5,Sikkim,South Sikkim,27.0376,88.2999,27.0776,88.3193,8.2,NH,Asphalt,0,1,0,1270,36.1,0,POOR,0.483
NH-29,Dimapur-Kohima Corridor Sec-6,Nagaland,Kohima,25.707,94.1598,25.7353,94.1872,15.9,NH,Asphalt,0,0,0,1482,36.3,0,POOR,0.613
NH-29,Dimapur Gateway Sec-7,Nagaland,Dimapur,25.7705,93.6536,25.7886,93.6754,8.9,NH,Asphalt,0,0,0,214,3.2,0,GOOD,0.064
NH-02,Mokokchung-Amguri Rd Sec-8,Nagaland,Mokokchung,26.3764,94.4097,26.3969,94.4365,9.6,NH,Asphalt,0,0,0,1374,31.3,0,POOR,0.475
NH-02,Imphal Ring Road Sec-9,Manipur,Imphal West,24.7451,93.9379,24.7681,93.9656,13.5,NH,Asphalt,0,1,0,844,1.4,0,GOOD,0.152
NH-02,Imphal-Churachandpur Hwy Sec-10,Manipur,Bishnupur,24.5093,93.8276,24.5428,93.8701,13.9,NH,Asphalt,0,1,0,765,1.7,1,POOR,0.557
NH-02,Mao-Maram Highway Sec-11,Manipur,Senapati,25.1232,93.8984,25.1557,93.9343,11.9,NH,Asphalt,0,0,0,1301,31.9,0,POOR,0.669
NH-54,Silchar-Aizawl Hwy Sec-12,Mizoram,Aizawl,23.6853,92.6966,23.7096,92.7268,12.2,NH,Asphalt,0,0,0,1185,34.9,0,POOR,0.667
NH-54,Vairengte-Kolasib Corridor Sec-13,Mizoram,Kolasib,24.2985,92.6091,24.3342,92.6501,8.9,NH,Asphalt,0,0,0,590,24.2,0,POOR,0.629
NH-54,Aizawl-Lunglei Road Sec-14,Mizoram,Lunglei,22.9511,92.7374,22.9838,92.7818,15.3,NH,Asphalt,0,0,0,979,31.8,0,POOR,0.588
NH-08,Assam-Agartala National Hwy Sec-15,Tripura,West Tripura,23.8725,91.2688,23.889,91.2875,6.3,NH,Asphalt,0,0,0,20,0.4,0,GOOD,0.141
NH-08,Agartala-Udaipur Hwy Sec-16,Tripura,Sipahijala,23.4958,91.2401,23.5162,91.2804,15.0,NH,Asphalt,0,0,0,62,2.8,0,GOOD,0.121
NH-08,Ambassa Corridor Sec-17,Tripura,Dhalai,23.9686,91.8485,23.991,91.8914,16.5,NH,Concrete,0,0,0,136,11.3,0,FAIR,0.439
NH-13,Bhalukpong-Tawang Hwy Sec-18,Arunachal Pradesh,Tawang,27.5817,91.8573,27.6001,91.8865,10.2,NH,Asphalt,0,0,1,2948,45.6,0,CRITICAL,0.833
NH-13,Trans-Arunachal Hwy Sec-19,Arunachal Pradesh,West Kameng,27.2194,92.327,27.2562,92.3488,12.5,NH,Asphalt,0,0,0,2176,36.4,0,POOR,0.583
NH-415,Itanagar-Naharlagun Corridor Sec-20,Arunachal Pradesh,Papum Pare,27.103,93.5484,27.1406,93.5801,9.8,NH,Asphalt,0,0,0,374,19.3,0,FAIR,0.296
NH-515,Pasighat Corridor Sec-1,Arunachal Pradesh,East Siang,28.2154,95.1772,28.243,95.1997,17.7,NH,Asphalt,0,1,0,193,9.6,0,GOOD,0.059
NH-13,Ziro-Yachuli Road Sec-2,Arunachal Pradesh,Lower Subansiri,27.4231,93.9105,27.4575,93.9285,12.3,NH,Asphalt,0,0,0,1586,30.4,0,POOR,0.667
NH-27,East-West Corridor Sec-3,Assam,Kamrup Metropolitan,26.0798,91.8806,26.1046,91.9136,9.6,NH,Concrete,1,0,0,20,0.7,0,GOOD,0.113
NH-27,Amingaon-Rangia Hwy Sec-4,Assam,Kamrup Rural,26.3204,91.6631,26.3551,91.6953,15.4,NH,Concrete,0,1,0,20,0.4,0,GOOD,0.139
NH-15,North Bank Hwy Sec-5,Assam,Darrang,26.5143,92.025,26.5368,92.0414,16.9,NH,Asphalt,0,1,0,72,3.4,0,GOOD,0.073
NH-15,Tezpur-Biswanath Hwy Sec-6,Assam,Sonitpur,26.4855,92.9335,26.521,92.9567,16.7,NH,Asphalt,0,1,0,101,2.7,0,GOOD,0.217
NH-37,Upper Assam Hwy Sec-7,Assam,Dibrugarh,27.607,95.0619,27.6404,95.0898,10.0,NH,Asphalt,0,1,0,164,3.1,0,GOOD,0.056
NH-37,Silchar-Badarpur Corridor Sec-8,Assam,Cachar,24.7467,92.6435,24.7715,92.6716,6.7,NH,Asphalt,0,1,0,47,0.7,0,GOOD,0.217
NH-27,Kaziranga Bypass Sec-9,Assam,Nagaon,26.4183,92.6981,26.4612,92.7225,16.2,NH,Asphalt,1,1,0,81,0.4,0,GOOD,0.078
NH-206,Shillong-Dawki Hwy Sec-10,Meghalaya,East Khasi Hills,25.4822,92.0328,25.5133,92.0487,10.6,NH,Asphalt,0,0,0,1540,30.0,0,POOR,0.654
NH-127B,Nongstoin Road Sec-11,Meghalaya,West Khasi Hills,25.4225,91.2266,25.4661,91.2646,17.5,NH,Asphalt,0,0,0,1271,26.9,0,POOR,0.618
NH-06,Guwahati-Shillong Expressway Sec-12,Meghalaya,Ri-Bhoi,25.9462,91.7662,25.967,91.7964,12.7,NH,Asphalt,0,0,0,552,18.0,0,FAIR,0.283
NH-06,Jowai Bypass Sec-13,Meghalaya,West Jaintia Hills,25.5765,92.3211,25.6043,92.3434,15.1,NH,Asphalt,0,0,0,1347,24.2,0,POOR,0.58
NH-10,Sevoke-Gangtok Hwy Sec-14,Sikkim,East Sikkim,27.4385,88.6103,27.4612,88.6374,9.6,NH,Asphalt,0,1,0,1652,41.7,1,CRITICAL,0.769
NH-310,Mangan-Chungthang Road Sec-15,Sikkim,North Sikkim,27.4305,88.5801,27.4494,88.6141,14.9,NH,Asphalt,0,1,1,2401,49.8,0,CRITICAL,0.739
NH-510,Namchi-Jorethang Rd Sec-16,Sikkim,South Sikkim,27.2042,88.3302,27.2293,88.3539,6.0,NH,Asphalt,0,1,0,1294,34.2,0,POOR,0.648
NH-29,Dimapur-Kohima Corridor Sec-17,Nagaland,Kohima,25.8171,94.1615,25.8511,94.1946,9.2,NH,Asphalt,0,0,0,1462,36.7,0,POOR,0.543
NH-29,Dimapur Gateway Sec-18,Nagaland,Dimapur,25.9054,93.7664,25.9482,93.7817,17.1,NH,Asphalt,0,0,0,202,1.7,0,GOOD,0.13
NH-02,Mokokchung-Amguri Rd Sec-19,Nagaland,Mokokchung,26.1988,94.6105,26.2266,94.6512,6.1,NH,Asphalt,0,0,0,1298,29.2,0,POOR,0.489
NH-02,Imphal Ring Road Sec-20,Manipur,Imphal West,24.9379,94.0393,24.9575,94.0597,14.8,NH,Asphalt,0,1,0,791,1.8,0,GOOD,0.127
NH-02,Imphal-Churachandpur Hwy Sec-1,Manipur,Bishnupur,24.6477,93.8897,24.6763,93.9336,11.0,NH,Asphalt,0,1,0,775,1.5,1,GOOD,0.224
NH-02,Mao-Maram Highway Sec-2,Manipur,Senapati,25.1383,94.0583,25.173,94.0826,6.3,NH,Asphalt,0,0,0,1262,31.1,0,POOR,0.534
NH-54,Silchar-Aizawl Hwy Sec-3,Mizoram,Aizawl,23.7528,92.7982,23.7773,92.8152,4.9,NH,Asphalt,0,0,0,1072,31.1,0,POOR,0.669
NH-54,Vairengte-Kolasib Corridor Sec-4,Mizoram,Kolasib,24.1239,92.5847,24.1413,92.6081,17.8,NH,Asphalt,0,0,0,600,22.2,0,FAIR,0.439
NH-54,Aizawl-Lunglei Road Sec-5,Mizoram,Lunglei,22.9413,92.6842,22.9591,92.7265,16.0,NH,Asphalt,0,0,0,1052,31.3,0,POOR,0.483
NH-08,Assam-Agartala National Hwy Sec-6,Tripura,West Tripura,23.8686,91.2163,23.9081,91.2388,15.3,NH,Asphalt,0,0,0,92,4.0,0,GOOD,0.085
NH-08,Agartala-Udaipur Hwy Sec-7,Tripura,Sipahijala,23.5405,91.3861,23.5853,91.4013,16.7,NH,Asphalt,0,0,0,49,1.8,0,GOOD,0.223
NH-08,Ambassa Corridor Sec-8,Tripura,Dhalai,23.8301,91.7054,23.8484,91.7381,17.8,NH,Asphalt,0,0,0,130,10.1,0,FAIR,0.329
NH-13,Bhalukpong-Tawang Hwy Sec-9,Arunachal Pradesh,Tawang,27.5792,91.9169,27.609,91.9487,7.1,NH,Asphalt,0,0,1,2951,45.3,0,CRITICAL,0.701
NH-13,Trans-Arunachal Hwy Sec-10,Arunachal Pradesh,West Kameng,27.3323,92.3567,27.3497,92.389,16.4,NH,Asphalt,0,0,1,2244,40.4,0,CRITICAL,0.76
NH-415,Itanagar-Naharlagun Corridor Sec-11,Arunachal Pradesh,Papum Pare,27.1525,93.6737,27.1783,93.7166,16.6,NH,Asphalt,0,0,0,310,20.0,0,FAIR,0.37
NH-515,Pasighat Corridor Sec-12,Arunachal Pradesh,East Siang,27.9565,95.2332,27.9994,95.2564,6.3,NH,Asphalt,0,1,0,199,6.8,0,GOOD,0.21
NH-13,Ziro-Yachuli Road Sec-13,Arunachal Pradesh,Lower Subansiri,27.6577,93.7428,27.6942,93.7816,16.0,NH,Asphalt,0,0,0,1583,30.6,0,POOR,0.481
NH-27,East-West Corridor Sec-14,Assam,Kamrup Metropolitan,26.2471,91.8437,26.2813,91.8714,6.5,NH,Concrete,1,1,0,63,0.4,0,GOOD,0.072
NH-27,Amingaon-Rangia Hwy Sec-15,Assam,Kamrup Rural,26.174,91.5542,26.1951,91.5767,14.4,NH,Asphalt,1,0,0,20,0.4,0,GOOD,0.234
NH-15,North Bank Hwy Sec-16,Assam,Darrang,26.5236,92.0146,26.5515,92.0505,14.3,NH,Asphalt,0,1,0,54,1.0,0,GOOD,0.2
NH-15,Tezpur-Biswanath Hwy Sec-17,Assam,Sonitpur,26.6594,92.703,26.6904,92.7318,9.2,NH,Asphalt,0,1,0,90,3.7,0,GOOD,0.168
NH-37,Upper Assam Hwy Sec-18,Assam,Dibrugarh,27.423,94.7928,27.4431,94.8373,17.3,NH,Asphalt,0,1,0,156,1.9,0,GOOD,0.204
NH-37,Silchar-Badarpur Corridor Sec-19,Assam,Cachar,24.9379,92.85,24.9581,92.8688,13.6,NH,Asphalt,0,1,0,41,3.0,0,GOOD,0.136
NH-27,Kaziranga Bypass Sec-20,Assam,Nagaon,26.2063,92.6539,26.2283,92.6786,7.9,NH,Asphalt,0,0,0,69,1.5,0,GOOD,0.202
NH-206,Shillong-Dawki Hwy Sec-1,Meghalaya,East Khasi Hills,25.6324,91.9883,25.6555,92.0042,17.3,NH,Asphalt,0,0,0,1492,29.2,0,POOR,0.536
NH-127B,Nongstoin Road Sec-2,Meghalaya,West Khasi Hills,25.3657,91.2829,25.3883,91.3175,8.4,NH,Asphalt,0,0,0,1290,25.8,0,POOR,0.506
NH-06,Guwahati-Shillong Expressway Sec-3,Meghalaya,Ri-Bhoi,25.8751,91.872,25.9041,91.9092,16.2,NH,Asphalt,0,0,0,553,17.1,0,FAIR,0.396
NH-06,Jowai Bypass Sec-4,Meghalaya,West Jaintia Hills,25.4345,92.1809,25.4749,92.1982,6.4,NH,Asphalt,0,0,0,1290,24.9,0,POOR,0.547
NH-10,Sevoke-Gangtok Hwy Sec-5,Sikkim,East Sikkim,27.2921,88.5261,27.3129,88.5691,17.8,NH,Asphalt,0,1,0,1618,42.4,1,CRITICAL,0.916
NH-310,Mangan-Chungthang Road Sec-6,Sikkim,North Sikkim,27.6265,88.656,27.6501,88.6871,14.8,NH,Asphalt,0,1,1,2481,49.3,1,CRITICAL,0.777
NH-510,Namchi-Jorethang Rd Sec-7,Sikkim,South Sikkim,27.108,88.4134,27.1449,88.4431,17.2,NH,Asphalt,0,1,0,1293,37.9,0,POOR,0.662
NH-29,Dimapur-Kohima Corridor Sec-8,Nagaland,Kohima,25.7455,94.1974,25.7825,94.2419,10.6,NH,Asphalt,0,0,0,1482,38.2,0,CRITICAL,0.905
NH-29,Dimapur Gateway Sec-9,Nagaland,Dimapur,25.819,93.7847,25.861,93.8116,7.3,NH,Asphalt,0,1,0,146,4.6,0,GOOD,0.098
NH-02,Mokokchung-Amguri Rd Sec-10,Nagaland,Mokokchung,26.2348,94.5517,26.2692,94.5871,6.7,NH,Asphalt,0,0,0,1272,32.5,0,POOR,0.634
NH-02,Imphal Ring Road Sec-11,Manipur,Imphal West,24.8151,93.8572,24.8352,93.8779,15.7,NH,Asphalt,0,1,0,796,0.4,1,GOOD,0.137
NH-02,Imphal-Churachandpur Hwy Sec-12,Manipur,Bishnupur,24.7467,93.7216,24.7779,93.7572,15.6,NH,Asphalt,0,1,0,730,1.9,0,GOOD,0.234
NH-02,Mao-Maram Highway Sec-13,Manipur,Senapati,25.261,94.102,25.3029,94.1276,4.7,NH,Asphalt,0,0,0,1233,29.2,0,POOR,0.554
NH-54,Silchar-Aizawl Hwy Sec-14,Mizoram,Aizawl,23.6133,92.6348,23.6446,92.6738,5.4,NH,Asphalt,0,0,0,1103,35.5,0,POOR,0.621
NH-54,Vairengte-Kolasib Corridor Sec-15,Mizoram,Kolasib,24.3008,92.761,24.3393,92.8049,15.7,NH,Asphalt,0,0,0,621,23.3,0,FAIR,0.343
NH-54,Aizawl-Lunglei Road Sec-16,Mizoram,Lunglei,22.937,92.7446,22.9596,92.781,7.1,NH,Asphalt,0,0,0,1045,29.5,0,POOR,0.502
NH-08,Assam-Agartala National Hwy Sec-17,Tripura,West Tripura,23.9654,91.3765,23.992,91.4213,17.7,NH,Asphalt,0,0,0,82,3.4,0,GOOD,0.09
NH-08,Agartala-Udaipur Hwy Sec-18,Tripura,Sipahijala,23.7195,91.3449,23.7509,91.3848,8.1,NH,Asphalt,0,0,0,81,5.2,0,GOOD,0.135
NH-08,Ambassa Corridor Sec-19,Tripura,Dhalai,23.7126,91.7316,23.7375,91.7535,8.6,NH,Asphalt,0,0,0,160,10.1,0,FAIR,0.401
NH-13,Bhalukpong-Tawang Hwy Sec-20,Arunachal Pradesh,Tawang,27.5446,91.9279,27.5607,91.9705,14.0,NH,Asphalt,0,0,1,2930,44.2,0,CRITICAL,0.833
NH-13,Trans-Arunachal Hwy Sec-1,Arunachal Pradesh,West Kameng,27.3343,92.2957,27.3683,92.3138,5.4,NH,Asphalt,0,0,1,2222,37.3,0,CRITICAL,0.851
NH-415,Itanagar-Naharlagun Corridor Sec-2,Arunachal Pradesh,Papum Pare,26.9873,93.5272,27.0285,93.5554,11.3,NH,Asphalt,0,0,0,313,19.8,0,FAIR,0.306
NH-515,Pasighat Corridor Sec-3,Arunachal Pradesh,East Siang,28.1664,95.3181,28.1968,95.3351,10.2,NH,Asphalt,0,1,0,131,9.2,1,POOR,0.561
NH-13,Ziro-Yachuli Road Sec-4,Arunachal Pradesh,Lower Subansiri,27.5117,93.9065,27.5351,93.9291,13.5,NH,Asphalt,0,0,0,1546,33.0,0,POOR,0.46
NH-27,East-West Corridor Sec-5,Assam,Kamrup Metropolitan,26.2205,91.7451,26.2463,91.768,5.2,NH,Asphalt,0,0,0,95,0.4,0,GOOD,0.214
NH-27,Amingaon-Rangia Hwy Sec-6,Assam,Kamrup Rural,26.159,91.5348,26.2004,91.5705,10.9,NH,Asphalt,1,1,0,56,3.2,0,GOOD,0.248
NH-15,North Bank Hwy Sec-7,Assam,Darrang,26.5067,92.1641,26.5452,92.1823,13.2,NH,Asphalt,0,1,0,48,0.4,1,POOR,0.544
NH-15,Tezpur-Biswanath Hwy Sec-8,Assam,Sonitpur,26.7257,92.9257,26.768,92.9625,8.8,NH,Asphalt,0,1,0,28,1.3,0,GOOD,0.052
NH-37,Upper Assam Hwy Sec-9,Assam,Dibrugarh,27.5545,94.8922,27.5732,94.9233,17.5,NH,Asphalt,0,1,0,98,2.1,0,GOOD,0.084
NH-37,Silchar-Badarpur Corridor Sec-10,Assam,Cachar,24.8757,92.8997,24.8984,92.9309,9.7,NH,Asphalt,0,1,0,20,4.2,0,GOOD,0.181
NH-27,Kaziranga Bypass Sec-11,Assam,Nagaon,26.4349,92.7967,26.4673,92.8413,11.6,NH,Asphalt,0,0,0,41,0.6,0,GOOD,0.172
NH-206,Shillong-Dawki Hwy Sec-12,Meghalaya,East Khasi Hills,25.639,92.0054,25.6769,92.0384,8.6,NH,Asphalt,0,0,0,1522,31.7,0,POOR,0.631
NH-127B,Nongstoin Road Sec-13,Meghalaya,West Khasi Hills,25.3624,91.1939,25.407,91.2233,14.0,NH,Asphalt,0,0,0,1287,28.6,0,POOR,0.508
NH-06,Guwahati-Shillong Expressway Sec-14,Meghalaya,Ri-Bhoi,25.8712,91.9232,25.9113,91.9413,15.8,NH,Asphalt,0,0,0,603,16.7,0,FAIR,0.403
NH-06,Jowai Bypass Sec-15,Meghalaya,West Jaintia Hills,25.4956,92.2592,25.531,92.2818,7.6,NH,Asphalt,0,0,0,1383,27.6,0,POOR,0.608
NH-10,Sevoke-Gangtok Hwy Sec-16,Sikkim,East Sikkim,27.4215,88.7208,27.4608,88.7617,17.8,NH,Asphalt,0,1,0,1600,39.7,1,CRITICAL,0.771
NH-310,Mangan-Chungthang Road Sec-17,Sikkim,North Sikkim,27.5675,88.622,27.5987,88.6659,14.1,NH,Asphalt,0,1,1,2406,48.6,0,CRITICAL,0.82
NH-510,Namchi-Jorethang Rd Sec-18,Sikkim,South Sikkim,27.0841,88.3535,27.1044,88.3725,7.3,NH,Asphalt,0,1,0,1279,36.3,0,POOR,0.484
NH-29,Dimapur-Kohima Corridor Sec-19,Nagaland,Kohima,25.5731,93.967,25.6048,93.9888,10.6,NH,Asphalt,0,0,0,1481,36.0,0,POOR,0.554
NH-29,Dimapur Gateway Sec-20,Nagaland,Dimapur,26.0065,93.6687,26.0371,93.6908,15.2,NH,Asphalt,0,1,0,189,6.2,0,GOOD,0.226
NH-02,Mokokchung-Amguri Rd Sec-1,Nagaland,Mokokchung,26.193,94.4819,26.2125,94.5003,13.2,NH,Asphalt,0,0,0,1340,31.0,0,POOR,0.547
NH-02,Imphal Ring Road Sec-2,Manipur,Imphal West,24.894,94.0692,24.9255,94.0851,16.9,NH,Asphalt,0,1,0,782,1.2,0,GOOD,0.218
NH-02,Imphal-Churachandpur Hwy Sec-3,Manipur,Bishnupur,24.6183,93.9094,24.638,93.9508,7.3,NH,Asphalt,0,1,0,813,4.7,0,GOOD,0.168
NH-02,Mao-Maram Highway Sec-4,Manipur,Senapati,25.3244,94.1413,25.3446,94.1823,17.0,NH,Asphalt,0,0,0,1275,29.7,0,POOR,0.494
NH-54,Silchar-Aizawl Hwy Sec-5,Mizoram,Aizawl,23.6822,92.653,23.7186,92.6847,7.4,NH,Asphalt,0,0,0,1170,34.6,0,POOR,0.584
NH-54,Vairengte-Kolasib Corridor Sec-6,Mizoram,Kolasib,24.112,92.6433,24.1314,92.6596,6.1,NH,Asphalt,0,0,0,644,23.2,0,FAIR,0.351
NH-54,Aizawl-Lunglei Road Sec-7,Mizoram,Lunglei,22.9047,92.8369,22.9253,92.8572,4.5,NH,Asphalt,0,0,0,1006,31.3,0,POOR,0.542
NH-08,Assam-Agartala National Hwy Sec-8,Tripura,West Tripura,23.8092,91.2604,23.8261,91.2911,10.7,NH,Asphalt,0,0,0,20,0.4,0,GOOD,0.074
NH-08,Agartala-Udaipur Hwy Sec-9,Tripura,Sipahijala,23.6279,91.2958,23.6443,91.3117,15.9,NH,Asphalt,0,0,0,20,3.9,0,GOOD,0.133
NH-08,Ambassa Corridor Sec-10,Tripura,Dhalai,23.8677,91.9336,23.9087,91.9762,13.6,NH,Asphalt,0,0,0,191,10.8,0,FAIR,0.265
NH-13,Bhalukpong-Tawang Hwy Sec-11,Arunachal Pradesh,Tawang,27.5631,91.8414,27.5995,91.8601,11.9,NH,Asphalt,0,0,1,2959,46.7,0,CRITICAL,0.722
NH-13,Trans-Arunachal Hwy Sec-12,Arunachal Pradesh,West Kameng,27.2396,92.3148,27.2791,92.3355,9.7,NH,Asphalt,0,0,1,2204,36.1,0,CRITICAL,0.792
NH-415,Itanagar-Naharlagun Corridor Sec-13,Arunachal Pradesh,Papum Pare,26.9892,93.678,27.007,93.6949,14.3,NH,Asphalt,0,0,0,370,18.6,0,FAIR,0.311
NH-515,Pasighat Corridor Sec-14,Arunachal Pradesh,East Siang,28.0526,95.1858,28.0945,95.2095,8.8,NH,Concrete,0,1,0,115,11.4,0,FAIR,0.435
NH-13,Ziro-Yachuli Road Sec-15,Arunachal Pradesh,Lower Subansiri,27.6855,93.8605,27.7288,93.8932,14.7,NH,Asphalt,0,0,0,1552,30.5,0,POOR,0.536
NH-27,East-West Corridor Sec-16,Assam,Kamrup Metropolitan,26.0814,91.743,26.12,91.7663,15.1,NH,Asphalt,0,0,0,20,0.6,0,GOOD,0.202
NH-27,Amingaon-Rangia Hwy Sec-17,Assam,Kamrup Rural,26.126,91.5578,26.1451,91.5822,10.0,NH,Asphalt,1,0,0,99,0.4,0,GOOD,0.156
NH-15,North Bank Hwy Sec-18,Assam,Darrang,26.4285,92.162,26.4638,92.1799,4.5,NH,Asphalt,0,1,0,31,3.0,1,POOR,0.612
NH-15,Tezpur-Biswanath Hwy Sec-19,Assam,Sonitpur,26.7295,92.7892,26.7743,92.8179,14.6,NH,Asphalt,0,1,0,33,2.3,1,GOOD,0.102
NH-37,Upper Assam Hwy Sec-20,Assam,Dibrugarh,27.3362,94.9064,27.3513,94.9459,8.3,NH,Asphalt,0,1,0,87,1.1,0,GOOD,0.238
NH-37,Silchar-Badarpur Corridor Sec-1,Assam,Cachar,24.9177,92.7715,24.955,92.7979,15.8,NH,Asphalt,0,1,0,57,3.5,1,POOR,0.572
NH-27,Kaziranga Bypass Sec-2,Assam,Nagaon,26.2368,92.7249,26.2789,92.7413,10.3,NH,Asphalt,1,1,0,101,0.7,0,GOOD,0.216
NH-206,Shillong-Dawki Hwy Sec-3,Meghalaya,East Khasi Hills,25.6887,91.8409,25.7118,91.8581,16.7,NH,Asphalt,0,0,0,1532,31.1,0,POOR,0.534
NH-127B,Nongstoin Road Sec-4,Meghalaya,West Khasi Hills,25.4762,91.3801,25.503,91.4062,16.2,NH,Asphalt,0,0,0,1263,28.2,0,POOR,0.473
NH-06,Guwahati-Shillong Expressway Sec-5,Meghalaya,Ri-Bhoi,26.017,91.9508,26.0533,91.9869,16.5,NH,Asphalt,0,0,0,572,14.4,0,FAIR,0.385
NH-06,Jowai Bypass Sec-6,Meghalaya,West Jaintia Hills,25.3074,92.239,25.3507,92.2836,4.5,NH,Asphalt,0,0,0,1368,27.0,0,POOR,0.452
NH-10,Sevoke-Gangtok Hwy Sec-7,Sikkim,East Sikkim,27.226,88.6243,27.2544,88.649,9.9,NH,Asphalt,0,1,0,1614,44.3,1,CRITICAL,0.805
NH-310,Mangan-Chungthang Road Sec-8,Sikkim,North Sikkim,27.5773,88.6872,27.6168,88.7297,8.1,NH,Asphalt,0,1,1,2456,46.9,0,CRITICAL,0.742
NH-510,Namchi-Jorethang Rd Sec-9,Sikkim,South Sikkim,27.2891,88.2361,27.3227,88.2524,12.8,NH,Asphalt,0,1,0,1359,36.4,0,POOR,0.594
NH-29,Dimapur-Kohima Corridor Sec-10,Nagaland,Kohima,25.6076,94.0203,25.6336,94.0522,7.1,NH,Asphalt,0,0,0,1486,36.8,0,POOR,0.675
NH-29,Dimapur Gateway Sec-11,Nagaland,Dimapur,25.8901,93.8196,25.9177,93.8407,12.0,NH,Asphalt,0,0,0,212,2.9,0,GOOD,0.143
NH-02,Mokokchung-Amguri Rd Sec-12,Nagaland,Mokokchung,26.3224,94.6502,26.3487,94.687,12.1,NH,Asphalt,0,0,0,1303,30.7,0,POOR,0.638
NH-02,Imphal Ring Road Sec-13,Manipur,Imphal West,24.9249,93.882,24.9521,93.9087,10.7,NH,Asphalt,0,0,0,757,0.4,0,GOOD,0.152
NH-02,Imphal-Churachandpur Hwy Sec-14,Manipur,Bishnupur,24.6449,93.7001,24.6604,93.7221,10.4,NH,Asphalt,0,1,0,733,2.3,1,POOR,0.564
NH-02,Mao-Maram Highway Sec-15,Manipur,Senapati,25.202,93.9822,25.2337,94.0241,12.1,NH,Asphalt,0,0,0,1211,27.3,0,POOR,0.664
NH-54,Silchar-Aizawl Hwy Sec-16,Mizoram,Aizawl,23.6315,92.7816,23.6607,92.8265,13.4,NH,Asphalt,0,0,0,1108,32.4,0,POOR,0.655
NH-54,Vairengte-Kolasib Corridor Sec-17,Mizoram,Kolasib,24.1938,92.6273,24.2234,92.6607,9.4,NH,Asphalt,0,0,0,598,26.7,0,POOR,0.631
NH-54,Aizawl-Lunglei Road Sec-18,Mizoram,Lunglei,22.7456,92.6619,22.7717,92.6946,6.9,NH,Asphalt,0,0,0,1036,31.9,0,POOR,0.518
NH-08,Assam-Agartala National Hwy Sec-19,Tripura,West Tripura,23.9072,91.2523,23.9358,91.2696,10.6,NH,Asphalt,0,0,0,20,0.9,0,GOOD,0.159
NH-08,Agartala-Udaipur Hwy Sec-20,Tripura,Sipahijala,23.6509,91.1816,23.6867,91.2037,4.8,NH,Concrete,0,0,0,20,2.5,0,GOOD,0.095
NH-08,Ambassa Corridor Sec-1,Tripura,Dhalai,23.9658,91.7807,23.9937,91.8167,17.8,NH,Asphalt,0,0,0,155,12.9,0,FAIR,0.339
NH-13,Bhalukpong-Tawang Hwy Sec-2,Arunachal Pradesh,Tawang,27.6025,91.945,27.6311,91.9889,11.5,NH,Asphalt,0,0,1,2878,44.8,0,CRITICAL,0.807
NH-13,Trans-Arunachal Hwy Sec-3,Arunachal Pradesh,West Kameng,27.3684,92.416,27.4002,92.4572,9.6,NH,Asphalt,0,0,1,2240,40.3,0,CRITICAL,0.883
NH-415,Itanagar-Naharlagun Corridor Sec-4,Arunachal Pradesh,Papum Pare,27.246,93.7012,27.2701,93.7186,16.0,NH,Asphalt,0,0,0,328,20.8,0,FAIR,0.429
NH-515,Pasighat Corridor Sec-5,Arunachal Pradesh,East Siang,28.0825,95.1885,28.1203,95.2329,12.2,NH,Asphalt,0,1,0,199,9.0,0,GOOD,0.133
NH-13,Ziro-Yachuli Road Sec-6,Arunachal Pradesh,Lower Subansiri,27.4868,93.9716,27.5298,94.0148,15.1,NH,Asphalt,0,0,0,1500,30.2,0,POOR,0.454
NH-27,East-West Corridor Sec-7,Assam,Kamrup Metropolitan,26.0765,91.6615,26.1023,91.6918,17.6,NH,Concrete,1,1,0,82,0.6,0,GOOD,0.222
NH-27,Amingaon-Rangia Hwy Sec-8,Assam,Kamrup Rural,26.2247,91.5875,26.2484,91.6052,14.6,NH,Asphalt,1,1,0,63,0.4,0,GOOD,0.085
NH-15,North Bank Hwy Sec-9,Assam,Darrang,26.4622,91.902,26.4827,91.9192,11.8,NH,Asphalt,0,1,0,20,0.6,1,POOR,0.593
NH-15,Tezpur-Biswanath Hwy Sec-10,Assam,Sonitpur,26.5257,92.8095,26.56,92.8288,5.7,NH,Asphalt,0,1,0,53,4.0,0,GOOD,0.055
NH-37,Upper Assam Hwy Sec-11,Assam,Dibrugarh,27.4742,95.0026,27.5013,95.0217,8.1,NH,Asphalt,0,1,0,161,1.7,0,GOOD,0.13
NH-37,Silchar-Badarpur Corridor Sec-12,Assam,Cachar,24.7617,92.8547,24.7816,92.8878,10.9,NH,Asphalt,0,1,0,22,0.7,0,GOOD,0.247
NH-27,Kaziranga Bypass Sec-13,Assam,Nagaon,26.2917,92.5972,26.3089,92.6138,14.0,NH,Asphalt,0,0,0,80,0.4,0,GOOD,0.07
NH-206,Shillong-Dawki Hwy Sec-14,Meghalaya,East Khasi Hills,25.4689,92.02,25.5055,92.046,16.9,NH,Asphalt,0,0,0,1507,30.4,0,POOR,0.547
NH-127B,Nongstoin Road Sec-15,Meghalaya,West Khasi Hills,25.5618,91.2339,25.58,91.2655,13.7,NH,Asphalt,0,0,0,1334,29.0,0,POOR,0.521
NH-06,Guwahati-Shillong Expressway Sec-16,Meghalaya,Ri-Bhoi,25.8678,91.7543,25.894,91.7943,5.1,NH,Asphalt,0,0,0,602,17.2,0,FAIR,0.431
NH-06,Jowai Bypass Sec-17,Meghalaya,West Jaintia Hills,25.3093,92.2996,25.3374,92.3298,4.5,NH,Asphalt,0,0,0,1355,25.7,0,POOR,0.65
NH-10,Sevoke-Gangtok Hwy Sec-18,Sikkim,East Sikkim,27.4805,88.5694,27.5128,88.5882,16.2,NH,Asphalt,0,1,0,1666,41.3,1,CRITICAL,0.752
NH-310,Mangan-Chungthang Road Sec-19,Sikkim,North Sikkim,27.5804,88.6091,27.6103,88.6241,12.3,NH,Asphalt,0,1,1,2391,46.6,1,CRITICAL,0.718
NH-510,Namchi-Jorethang Rd Sec-20,Sikkim,South Sikkim,27.0779,88.2028,27.121,88.2193,13.0,NH,Asphalt,0,1,0,1335,33.8,1,POOR,0.594
NH-29,Dimapur-Kohima Corridor Sec-1,Nagaland,Kohima,25.8015,94.0659,25.8231,94.102,9.1,NH,Asphalt,0,0,0,1391,37.4,0,POOR,0.527
NH-29,Dimapur Gateway Sec-2,Nagaland,Dimapur,25.9993,93.6438,26.0226,93.6604,6.8,NH,Asphalt,0,1,0,198,6.1,0,GOOD,0.184
NH-02,Mokokchung-Amguri Rd Sec-3,Nagaland,Mokokchung,26.3229,94.5812,26.3627,94.6046,16.2,NH,Asphalt,0,0,0,1337,29.5,0,POOR,0.457
NH-02,Imphal Ring Road Sec-4,Manipur,Imphal West,24.9133,93.9056,24.9581,93.9357,16.9,NH,Asphalt,0,1,0,836,1.1,0,GOOD,0.077
NH-02,Imphal-Churachandpur Hwy Sec-5,Manipur,Bishnupur,24.5335,93.6726,24.5668,93.7142,16.5,NH,Asphalt,0,1,0,804,3.8,0,GOOD,0.187
NH-02,Mao-Maram Highway Sec-6,Manipur,Senapati,25.2795,93.8796,25.3029,93.8964,11.1,NH,Asphalt,0,0,0,1206,30.7,0,POOR,0.499
NH-54,Silchar-Aizawl Hwy Sec-7,Mizoram,Aizawl,23.8572,92.8242,23.8918,92.8666,11.5,NH,Asphalt,0,0,0,1182,33.1,0,POOR,0.647
NH-54,Vairengte-Kolasib Corridor Sec-8,Mizoram,Kolasib,24.1276,92.7334,24.1474,92.7563,10.6,NH,Asphalt,0,0,0,638,25.4,0,POOR,0.463
NH-54,Aizawl-Lunglei Road Sec-9,Mizoram,Lunglei,22.9342,92.8549,22.9519,92.8997,5.5,NH,Asphalt,0,0,0,960,33.7,0,POOR,0.5
NH-08,Assam-Agartala National Hwy Sec-10,Tripura,West Tripura,23.9644,91.1524,24.0076,91.1837,17.1,NH,Asphalt,0,0,0,95,1.2,0,GOOD,0.25
NH-08,Agartala-Udaipur Hwy Sec-11,Tripura,Sipahijala,23.6071,91.1985,23.6223,91.2155,15.1,NH,Asphalt,0,0,0,38,2.8,0,GOOD,0.137
NH-08,Ambassa Corridor Sec-12,Tripura,Dhalai,23.9277,91.9651,23.9619,92.0027,5.3,NH,Concrete,0,0,0,108,9.7,0,GOOD,0.191
NH-13,Bhalukpong-Tawang Hwy Sec-13,Arunachal Pradesh,Tawang,27.5958,91.8043,27.622,91.8193,6.9,NH,Asphalt,0,0,1,2890,43.0,0,CRITICAL,0.74
NH-13,Trans-Arunachal Hwy Sec-14,Arunachal Pradesh,West Kameng,27.286,92.2735,27.3149,92.3127,17.7,NH,Asphalt,0,0,1,2234,36.6,0,CRITICAL,0.834
NH-415,Itanagar-Naharlagun Corridor Sec-15,Arunachal Pradesh,Papum Pare,27.2377,93.7417,27.2724,93.7661,10.3,NH,Asphalt,0,0,0,285,16.8,0,FAIR,0.395
NH-515,Pasighat Corridor Sec-16,Arunachal Pradesh,East Siang,28.1038,95.205,28.1412,95.2213,9.4,NH,Asphalt,0,1,0,156,8.9,1,POOR,0.522
NH-13,Ziro-Yachuli Road Sec-17,Arunachal Pradesh,Lower Subansiri,27.6392,93.9605,27.6826,94.0014,10.4,NH,Asphalt,0,0,0,1607,31.2,0,POOR,0.641
NH-27,East-West Corridor Sec-18,Assam,Kamrup Metropolitan,26.066,91.6884,26.1056,91.7075,5.1,NH,Asphalt,0,0,0,20,2.8,0,GOOD,0.171
NH-27,Amingaon-Rangia Hwy Sec-19,Assam,Kamrup Rural,26.106,91.4339,26.1388,91.4693,4.6,NH,Asphalt,0,0,0,74,1.5,0,GOOD,0.128
NH-15,North Bank Hwy Sec-20,Assam,Darrang,26.4896,92.0547,26.5295,92.0893,16.3,NH,Asphalt,0,1,0,20,3.5,0,GOOD,0.162
NH-15,Tezpur-Biswanath Hwy Sec-1,Assam,Sonitpur,26.597,92.9096,26.6214,92.9459,13.9,NH,Concrete,0,1,0,106,0.4,1,GOOD,0.165
NH-37,Upper Assam Hwy Sec-2,Assam,Dibrugarh,27.5985,94.8946,27.6329,94.9335,11.5,NH,Asphalt,0,1,0,86,1.4,0,GOOD,0.083
NH-37,Silchar-Badarpur Corridor Sec-3,Assam,Cachar,24.7138,92.6456,24.7455,92.667,16.1,NH,Asphalt,0,1,0,20,0.8,1,POOR,0.543
NH-27,Kaziranga Bypass Sec-4,Assam,Nagaon,26.2239,92.7596,26.2568,92.783,10.9,NH,Concrete,0,0,0,33,2.8,0,GOOD,0.119
NH-206,Shillong-Dawki Hwy Sec-5,Meghalaya,East Khasi Hills,25.616,91.8793,25.6336,91.913,14.2,NH,Asphalt,0,0,0,1489,32.0,0,POOR,0.542
NH-127B,Nongstoin Road Sec-6,Meghalaya,West Khasi Hills,25.5458,91.2119,25.5886,91.2562,7.2,NH,Asphalt,0,0,0,1340,28.9,0,POOR,0.625
NH-06,Guwahati-Shillong Expressway Sec-7,Meghalaya,Ri-Bhoi,25.9052,91.9063,25.9295,91.9375,7.4,NH,Asphalt,0,0,0,503,14.5,0,FAIR,0.347
NH-06,Jowai Bypass Sec-8,Meghalaya,West Jaintia Hills,25.3203,92.2868,25.3584,92.325,5.0,NH,Asphalt,0,0,0,1294,28.0,0,POOR,0.666
NH-10,Sevoke-Gangtok Hwy Sec-9,Sikkim,East Sikkim,27.3416,88.5631,27.3666,88.5827,15.0,NH,Asphalt,0,1,0,1651,43.1,1,CRITICAL,0.765
NH-310,Mangan-Chungthang Road Sec-10,Sikkim,North Sikkim,27.4229,88.6391,27.4578,88.6662,13.7,NH,Asphalt,0,1,1,2397,46.6,0,CRITICAL,0.791
NH-510,Namchi-Jorethang Rd Sec-11,Sikkim,South Sikkim,27.1739,88.3955,27.191,88.4373,7.4,NH,Asphalt,0,1,0,1285,35.3,0,POOR,0.631
NH-29,Dimapur-Kohima Corridor Sec-12,Nagaland,Kohima,25.7577,94.0028,25.7991,94.0415,9.4,NH,Asphalt,0,0,0,1419,36.3,0,POOR,0.576
NH-29,Dimapur Gateway Sec-13,Nagaland,Dimapur,26.0479,93.7328,26.0706,93.7707,15.6,NH,Asphalt,0,1,0,219,4.7,0,GOOD,0.159
NH-02,Mokokchung-Amguri Rd Sec-14,Nagaland,Mokokchung,26.3271,94.6206,26.3522,94.6632,10.2,NH,Asphalt,0,0,0,1369,28.8,0,POOR,0.462
NH-02,Imphal Ring Road Sec-15,Manipur,Imphal West,24.96,93.979,24.9768,94.0199,17.7,NH,Asphalt,0,1,0,750,3.6,0,GOOD,0.13
NH-02,Imphal-Churachandpur Hwy Sec-16,Manipur,Bishnupur,24.6828,93.8229,24.7109,93.8603,10.5,NH,Asphalt,0,1,0,769,4.0,1,GOOD,0.104
NH-02,Mao-Maram Highway Sec-17,Manipur,Senapati,25.2835,94.1489,25.3161,94.1705,14.2,NH,Asphalt,0,0,0,1268,28.5,0,POOR,0.68
NH-54,Silchar-Aizawl Hwy Sec-18,Mizoram,Aizawl,23.6086,92.8304,23.6311,92.8544,11.8,NH,Asphalt,0,0,0,1186,30.7,0,POOR,0.521
NH-54,Vairengte-Kolasib Corridor Sec-19,Mizoram,Kolasib,24.0711,92.5969,24.092,92.621,6.9,NH,Asphalt,0,0,0,579,24.3,0,POOR,0.653
NH-54,Aizawl-Lunglei Road Sec-20,Mizoram,Lunglei,22.8742,92.8205,22.9132,92.847,17.7,NH,Asphalt,0,0,0,1064,30.7,0,POOR,0.606
NH-08,Assam-Agartala National Hwy Sec-1,Tripura,West Tripura,23.7431,91.1921,23.7853,91.2362,8.5,NH,Asphalt,0,0,0,20,1.4,0,GOOD,0.118
NH-08,Agartala-Udaipur Hwy Sec-2,Tripura,Sipahijala,23.494,91.1966,23.5252,91.2215,5.2,NH,Asphalt,0,0,0,20,2.7,0,GOOD,0.159
NH-08,Ambassa Corridor Sec-3,Tripura,Dhalai,23.9738,91.808,24.0166,91.8441,9.8,NH,Asphalt,0,0,0,83,10.5,0,FAIR,0.418
NH-13,Bhalukpong-Tawang Hwy Sec-4,Arunachal Pradesh,Tawang,27.5018,91.788,27.5269,91.8054,17.5,NH,Asphalt,0,0,1,2862,43.7,0,CRITICAL,0.894
NH-13,Trans-Arunachal Hwy Sec-5,Arunachal Pradesh,West Kameng,27.1681,92.2723,27.1879,92.3042,14.3,NH,Asphalt,0,0,1,2247,36.8,0,CRITICAL,0.735
NH-415,Itanagar-Naharlagun Corridor Sec-6,Arunachal Pradesh,Papum Pare,27.1998,93.5078,27.2151,93.5238,17.1,NH,Asphalt,0,0,0,343,19.9,0,FAIR,0.318
NH-515,Pasighat Corridor Sec-7,Arunachal Pradesh,East Siang,28.1968,95.2675,28.2389,95.2922,5.1,NH,Asphalt,0,1,0,125,8.5,0,GOOD,0.117
NH-13,Ziro-Yachuli Road Sec-8,Arunachal Pradesh,Lower Subansiri,27.4514,93.8381,27.4757,93.8539,17.9,NH,Asphalt,0,0,0,1602,34.9,0,POOR,0.46
NH-27,East-West Corridor Sec-9,Assam,Kamrup Metropolitan,26.258,91.6058,26.2761,91.6278,17.3,NH,Asphalt,1,1,0,20,3.1,0,GOOD,0.17
NH-27,Amingaon-Rangia Hwy Sec-10,Assam,Kamrup Rural,26.0919,91.5718,26.1221,91.5984,12.6,NH,Asphalt,1,1,0,86,0.4,0,GOOD,0.221
NH-15,North Bank Hwy Sec-11,Assam,Darrang,26.5951,91.9544,26.6343,91.9905,10.5,NH,Asphalt,0,1,0,20,2.4,0,GOOD,0.126
NH-15,Tezpur-Biswanath Hwy Sec-12,Assam,Sonitpur,26.7401,92.7309,26.7757,92.7512,13.1,NH,Asphalt,0,1,0,37,1.2,1,GOOD,0.198
NH-37,Upper Assam Hwy Sec-13,Assam,Dibrugarh,27.5615,95.0239,27.5951,95.0665,8.8,NH,Asphalt,0,1,0,156,0.8,0,GOOD,0.176
NH-37,Silchar-Badarpur Corridor Sec-14,Assam,Cachar,24.83,92.8471,24.8726,92.8701,17.2,NH,Asphalt,0,1,0,65,1.7,0,GOOD,0.125
NH-27,Kaziranga Bypass Sec-15,Assam,Nagaon,26.2147,92.6866,26.2596,92.7284,13.5,NH,Concrete,0,0,0,100,2.9,0,GOOD,0.078
NH-206,Shillong-Dawki Hwy Sec-16,Meghalaya,East Khasi Hills,25.5411,91.899,25.5796,91.941,9.3,NH,Asphalt,0,0,0,1452,29.6,0,POOR,0.613
NH-127B,Nongstoin Road Sec-17,Meghalaya,West Khasi Hills,25.5684,91.3247,25.6123,91.34,16.1,NH,Asphalt,0,0,0,1283,27.9,0,POOR,0.647
NH-06,Guwahati-Shillong Expressway Sec-18,Meghalaya,Ri-Bhoi,25.9414,91.9672,25.9792,92.0032,5.2,NH,Asphalt,0,0,0,573,14.2,0,FAIR,0.387
NH-06,Jowai Bypass Sec-19,Meghalaya,West Jaintia Hills,25.3609,92.309,25.3855,92.3341,16.1,NH,Asphalt,0,0,0,1320,24.6,0,POOR,0.454
NH-10,Sevoke-Gangtok Hwy Sec-20,Sikkim,East Sikkim,27.302,88.5037,27.3449,88.5459,9.2,NH,Asphalt,0,1,0,1697,41.4,1,CRITICAL,0.748
NH-310,Mangan-Chungthang Road Sec-1,Sikkim,North Sikkim,27.3903,88.4252,27.4292,88.4608,12.4,NH,Asphalt,0,1,1,2446,48.6,1,CRITICAL,0.715
NH-510,Namchi-Jorethang Rd Sec-2,Sikkim,South Sikkim,27.0323,88.3537,27.0605,88.3954,9.1,NH,Asphalt,0,1,0,1283,35.8,0,POOR,0.581
NH-29,Dimapur-Kohima Corridor Sec-3,Nagaland,Kohima,25.6478,94.2,25.6759,94.2163,15.8,NH,Asphalt,0,0,0,1420,34.7,0,POOR,0.624
NH-29,Dimapur Gateway Sec-4,Nagaland,Dimapur,25.8893,93.6572,25.9073,93.6855,7.1,NH,Concrete,0,1,0,144,3.1,0,GOOD,0.072
NH-02,Mokokchung-Amguri Rd Sec-5,Nagaland,Mokokchung,26.4278,94.5238,26.4606,94.5403,9.3,NH,Asphalt,0,0,0,1342,28.9,0,POOR,0.643
NH-02,Imphal Ring Road Sec-6,Manipur,Imphal West,24.7353,93.8224,24.7726,93.8576,13.2,NH,Asphalt,0,1,0,771,0.4,0,GOOD,0.161
NH-02,Imphal-Churachandpur Hwy Sec-7,Manipur,Bishnupur,24.5414,93.7133,24.5838,93.7483,15.7,NH,Asphalt,0,1,0,748,4.7,0,GOOD,0.188
NH-02,Mao-Maram Highway Sec-8,Manipur,Senapati,25.3636,93.9172,25.38,93.9617,8.4,NH,Asphalt,0,0,0,1267,32.0,0,POOR,0.673
NH-54,Silchar-Aizawl Hwy Sec-9,Mizoram,Aizawl,23.8028,92.7895,23.8381,92.811,8.6,NH,Asphalt,0,0,0,1186,31.8,0,POOR,0.469
NH-54,Vairengte-Kolasib Corridor Sec-10,Mizoram,Kolasib,24.1546,92.634,24.1912,92.6551,16.6,NH,Asphalt,0,0,0,601,26.7,0,POOR,0.657
NH-54,Aizawl-Lunglei Road Sec-11,Mizoram,Lunglei,22.9573,92.5936,22.9759,92.6169,6.2,NH,Asphalt,0,0,0,1043,31.6,0,POOR,0.479
NH-08,Assam-Agartala National Hwy Sec-12,Tripura,West Tripura,23.7263,91.2561,23.7422,91.2775,5.1,NH,Asphalt,0,0,0,20,3.2,0,GOOD,0.129
NH-08,Agartala-Udaipur Hwy Sec-13,Tripura,Sipahijala,23.5551,91.3381,23.5993,91.3616,5.5,NH,Concrete,0,0,0,42,4.3,0,GOOD,0.22
NH-08,Ambassa Corridor Sec-14,Tripura,Dhalai,23.8384,91.9376,23.8718,91.9554,7.5,NH,Asphalt,0,0,0,120,13.7,0,FAIR,0.431
NH-13,Bhalukpong-Tawang Hwy Sec-15,Arunachal Pradesh,Tawang,27.7187,91.8347,27.7601,91.8682,6.9,NH,Asphalt,0,0,1,2896,44.2,0,CRITICAL,0.811
NH-13,Trans-Arunachal Hwy Sec-16,Arunachal Pradesh,West Kameng,27.2269,92.4392,27.2583,92.4646,14.6,NH,Asphalt,0,0,0,2156,37.0,0,POOR,0.587
NH-415,Itanagar-Naharlagun Corridor Sec-17,Arunachal Pradesh,Papum Pare,27.1003,93.6643,27.1426,93.6999,9.1,NH,Asphalt,0,0,0,305,17.7,0,FAIR,0.392
NH-515,Pasighat Corridor Sec-18,Arunachal Pradesh,East Siang,28.1217,95.297,28.1381,95.3236,4.9,NH,Asphalt,0,1,0,194,10.2,1,FAIR,0.417
NH-13,Ziro-Yachuli Road Sec-19,Arunachal Pradesh,Lower Subansiri,27.5761,93.8503,27.6033,93.8799,17.2,NH,Asphalt,0,0,0,1504,34.5,0,POOR,0.478
NH-27,East-West Corridor Sec-20,Assam,Kamrup Metropolitan,26.2803,91.6853,26.2957,91.7009,12.2,NH,Asphalt,0,0,0,75,2.7,0,GOOD,0.212
NH-27,Amingaon-Rangia Hwy Sec-1,Assam,Kamrup Rural,26.2072,91.5293,26.2386,91.5465,9.7,NH,Asphalt,1,1,0,46,0.4,0,GOOD,0.146
NH-15,North Bank Hwy Sec-2,Assam,Darrang,26.4623,91.9375,26.5006,91.9794,17.9,NH,Asphalt,0,1,0,20,0.4,0,GOOD,0.14
NH-15,Tezpur-Biswanath Hwy Sec-3,Assam,Sonitpur,26.6755,92.734,26.7113,92.7528,16.5,NH,Concrete,0,1,0,39,0.4,0,GOOD,0.135
NH-37,Upper Assam Hwy Sec-4,Assam,Dibrugarh,27.3324,94.9687,27.3532,95.0091,8.6,NH,Asphalt,0,1,0,110,0.4,1,GOOD,0.152
NH-37,Silchar-Badarpur Corridor Sec-5,Assam,Cachar,24.9567,92.7447,25.0013,92.7856,4.8,NH,Asphalt,0,1,0,20,0.5,0,GOOD,0.239
NH-27,Kaziranga Bypass Sec-6,Assam,Nagaon,26.2162,92.5512,26.245,92.589,15.9,NH,Asphalt,1,1,0,70,0.4,0,GOOD,0.16
NH-206,Shillong-Dawki Hwy Sec-7,Meghalaya,East Khasi Hills,25.7017,91.8606,25.7215,91.886,4.6,NH,Asphalt,0,0,0,1444,28.6,0,POOR,0.669
NH-127B,Nongstoin Road Sec-8,Meghalaya,West Khasi Hills,25.5829,91.2267,25.6127,91.2713,8.7,NH,Asphalt,0,0,0,1335,29.8,0,POOR,0.491
NH-06,Guwahati-Shillong Expressway Sec-9,Meghalaya,Ri-Bhoi,25.8117,91.8597,25.8306,91.8864,8.4,NH,Asphalt,0,0,0,580,17.3,0,FAIR,0.395
NH-06,Jowai Bypass Sec-10,Meghalaya,West Jaintia Hills,25.4725,92.1431,25.5013,92.1657,12.4,NH,Asphalt,0,0,0,1295,26.0,0,POOR,0.637
NH-10,Sevoke-Gangtok Hwy Sec-11,Sikkim,East Sikkim,27.2715,88.4587,27.3053,88.4935,12.2,NH,Asphalt,0,1,0,1608,41.7,0,CRITICAL,0.849
NH-310,Mangan-Chungthang Road Sec-12,Sikkim,North Sikkim,27.5315,88.4741,27.5699,88.4957,7.5,NH,Asphalt,0,1,1,2432,50.6,0,CRITICAL,0.834
NH-510,Namchi-Jorethang Rd Sec-13,Sikkim,South Sikkim,27.1581,88.3728,27.183,88.3907,4.7,NH,Asphalt,0,1,0,1334,34.2,0,POOR,0.58
NH-29,Dimapur-Kohima Corridor Sec-14,Nagaland,Kohima,25.8008,94.0626,25.8394,94.0947,13.2,NH,Asphalt,0,0,0,1487,36.9,0,POOR,0.648
NH-29,Dimapur Gateway Sec-15,Nagaland,Dimapur,25.9407,93.8205,25.9825,93.8607,5.1,NH,Asphalt,0,1,0,157,3.4,0,GOOD,0.214
NH-02,Mokokchung-Amguri Rd Sec-16,Nagaland,Mokokchung,26.3603,94.4996,26.3826,94.5337,17.4,NH,Asphalt,0,0,0,1309,33.1,0,POOR,0.478
NH-02,Imphal Ring Road Sec-17,Manipur,Imphal West,24.8376,93.9049,24.8693,93.9323,7.9,NH,Asphalt,0,0,0,730,0.9,0,GOOD,0.22
NH-02,Imphal-Churachandpur Hwy Sec-18,Manipur,Bishnupur,24.5645,93.8029,24.5799,93.8445,6.1,NH,Asphalt,0,1,0,747,4.3,1,POOR,0.545
NH-02,Mao-Maram Highway Sec-19,Manipur,Senapati,25.328,94.1307,25.3545,94.159,15.2,NH,Asphalt,0,0,0,1306,29.5,0,POOR,0.508
NH-54,Silchar-Aizawl Hwy Sec-20,Mizoram,Aizawl,23.7429,92.8662,23.7764,92.8814,16.6,NH,Asphalt,0,0,0,1079,34.3,0,POOR,0.65
NH-54,Vairengte-Kolasib Corridor Sec-1,Mizoram,Kolasib,24.3039,92.653,24.3289,92.6973,16.8,NH,Asphalt,0,0,0,571,23.3,0,FAIR,0.336
NH-54,Aizawl-Lunglei Road Sec-2,Mizoram,Lunglei,22.8687,92.612,22.8937,92.6533,12.1,NH,Asphalt,0,0,0,1048,32.4,0,POOR,0.636
NH-08,Assam-Agartala National Hwy Sec-3,Tripura,West Tripura,23.7846,91.2566,23.8233,91.2879,8.9,NH,Asphalt,0,0,0,20,1.6,0,GOOD,0.103
NH-08,Agartala-Udaipur Hwy Sec-4,Tripura,Sipahijala,23.5194,91.4371,23.54,91.4572,14.4,NH,Asphalt,0,0,0,20,3.9,0,GOOD,0.051
NH-08,Ambassa Corridor Sec-5,Tripura,Dhalai,23.8384,91.7248,23.8628,91.7517,7.6,NH,Asphalt,0,0,0,164,10.7,0,FAIR,0.349
NH-13,Bhalukpong-Tawang Hwy Sec-6,Arunachal Pradesh,Tawang,27.4782,91.9555,27.5185,91.9831,15.4,NH,Asphalt,0,0,1,2947,42.8,0,CRITICAL,0.722
NH-13,Trans-Arunachal Hwy Sec-7,Arunachal Pradesh,West Kameng,27.2966,92.3191,27.317,92.3344,13.9,NH,Asphalt,0,0,0,2155,38.2,0,CRITICAL,0.866
NH-415,Itanagar-Naharlagun Corridor Sec-8,Arunachal Pradesh,Papum Pare,26.9737,93.6957,27.0024,93.7213,7.0,NH,Asphalt,0,0,0,346,17.4,0,FAIR,0.305
NH-515,Pasighat Corridor Sec-9,Arunachal Pradesh,East Siang,27.9694,95.3903,27.9921,95.4348,16.5,NH,Asphalt,0,1,0,209,10.1,1,FAIR,0.339
NH-13,Ziro-Yachuli Road Sec-10,Arunachal Pradesh,Lower Subansiri,27.609,93.931,27.6448,93.9498,16.7,NH,Asphalt,0,0,0,1603,32.5,0,POOR,0.47
NH-27,East-West Corridor Sec-11,Assam,Kamrup Metropolitan,26.1925,91.617,26.2109,91.656,15.9,NH,Concrete,0,1,0,83,0.4,0,GOOD,0.107
NH-27,Amingaon-Rangia Hwy Sec-12,Assam,Kamrup Rural,26.0364,91.6437,26.0516,91.6644,14.0,NH,Concrete,0,1,0,96,0.4,0,GOOD,0.206
NH-15,North Bank Hwy Sec-13,Assam,Darrang,26.5746,91.941,26.6078,91.9758,5.4,NH,Asphalt,0,1,0,20,0.7,0,GOOD,0.08
NH-15,Tezpur-Biswanath Hwy Sec-14,Assam,Sonitpur,26.5849,92.7002,26.6156,92.7189,12.2,NH,Asphalt,0,0,0,103,0.4,0,GOOD,0.179
NH-37,Upper Assam Hwy Sec-15,Assam,Dibrugarh,27.3518,95.0126,27.3669,95.0386,5.8,NH,Concrete,0,1,0,133,0.4,1,GOOD,0.233
NH-37,Silchar-Badarpur Corridor Sec-16,Assam,Cachar,24.808,92.6612,24.8264,92.6893,11.7,NH,Asphalt,0,1,0,20,0.9,0,GOOD,0.186
NH-27,Kaziranga Bypass Sec-17,Assam,Nagaon,26.3826,92.8143,26.4141,92.8512,16.4,NH,Asphalt,1,1,0,54,3.2,0,GOOD,0.212
NH-206,Shillong-Dawki Hwy Sec-18,Meghalaya,East Khasi Hills,25.4929,91.8503,25.5371,91.8703,13.8,NH,Asphalt,0,0,0,1452,28.1,0,POOR,0.475
NH-127B,Nongstoin Road Sec-19,Meghalaya,West Khasi Hills,25.3636,91.1738,25.3901,91.2043,14.1,NH,Asphalt,0,0,0,1248,25.8,0,POOR,0.508
NH-06,Guwahati-Shillong Expressway Sec-20,Meghalaya,Ri-Bhoi,25.945,91.8407,25.9825,91.8789,16.9,NH,Asphalt,0,0,0,498,18.4,0,FAIR,0.429
NH-06,Jowai Bypass Sec-1,Meghalaya,West Jaintia Hills,25.5303,92.1999,25.5597,92.2379,13.9,NH,Asphalt,0,0,0,1283,27.1,0,POOR,0.614
NH-10,Sevoke-Gangtok Hwy Sec-2,Sikkim,East Sikkim,27.4656,88.6273,27.5063,88.6443,17.7,NH,Asphalt,0,1,0,1622,44.3,1,CRITICAL,0.841
NH-310,Mangan-Chungthang Road Sec-3,Sikkim,North Sikkim,27.6444,88.6089,27.6777,88.6285,16.8,NH,Asphalt,0,1,1,2476,50.6,0,CRITICAL,0.846
NH-510,Namchi-Jorethang Rd Sec-4,Sikkim,South Sikkim,27.0599,88.2526,27.0893,88.2728,11.4,NH,Asphalt,0,1,0,1337,38.1,0,CRITICAL,0.791
NH-29,Dimapur-Kohima Corridor Sec-5,Nagaland,Kohima,25.7806,94.1032,25.8056,94.1447,16.2,NH,Asphalt,0,0,0,1422,33.4,0,POOR,0.46
NH-29,Dimapur Gateway Sec-6,Nagaland,Dimapur,25.8915,93.7308,25.9262,93.7757,6.4,NH,Asphalt,0,0,0,229,2.5,0,GOOD,0.207
NH-02,Mokokchung-Amguri Rd Sec-7,Nagaland,Mokokchung,26.4715,94.4398,26.5082,94.4691,4.5,NH,Asphalt,0,0,0,1338,32.3,0,POOR,0.606
NH-02,Imphal Ring Road Sec-8,Manipur,Imphal West,24.7379,93.9153,24.7582,93.9367,8.5,NH,Asphalt,0,1,0,756,2.8,1,GOOD,0.145
NH-02,Imphal-Churachandpur Hwy Sec-9,Manipur,Bishnupur,24.5948,93.7035,24.6136,93.7463,17.7,NH,Asphalt,0,1,0,729,2.9,0,GOOD,0.23
NH-02,Mao-Maram Highway Sec-10,Manipur,Senapati,25.1814,94.0776,25.2005,94.121,5.3,NH,Asphalt,0,0,0,1246,30.7,0,POOR,0.527
NH-54,Silchar-Aizawl Hwy Sec-11,Mizoram,Aizawl,23.6605,92.7607,23.6782,92.7841,17.8,NH,Asphalt,0,0,0,1167,30.7,0,POOR,0.518
NH-54,Vairengte-Kolasib Corridor Sec-12,Mizoram,Kolasib,24.1945,92.7738,24.2291,92.8107,17.0,NH,Asphalt,0,0,0,646,22.1,0,FAIR,0.425
NH-54,Aizawl-Lunglei Road Sec-13,Mizoram,Lunglei,22.8294,92.6627,22.8702,92.7001,5.4,NH,Asphalt,0,0,0,1029,29.3,0,POOR,0.633
NH-08,Assam-Agartala National Hwy Sec-14,Tripura,West Tripura,23.978,91.3772,24.0222,91.4209,12.3,NH,Asphalt,0,0,0,64,3.2,0,GOOD,0.153
NH-08,Agartala-Udaipur Hwy Sec-15,Tripura,Sipahijala,23.5994,91.2585,23.6354,91.2937,14.4,NH,Asphalt,0,0,0,28,3.6,0,GOOD,0.076
NH-08,Ambassa Corridor Sec-16,Tripura,Dhalai,23.8475,91.9861,23.8663,92.0201,17.7,NH,Concrete,0,0,0,86,12.7,0,FAIR,0.293
NH-13,Bhalukpong-Tawang Hwy Sec-17,Arunachal Pradesh,Tawang,27.4974,91.7369,27.5338,91.7564,16.0,NH,Asphalt,0,0,1,2915,44.7,0,CRITICAL,0.844
NH-13,Trans-Arunachal Hwy Sec-18,Arunachal Pradesh,West Kameng,27.1758,92.4181,27.1947,92.4463,9.3,NH,Asphalt,0,0,0,2194,39.1,0,CRITICAL,0.785
NH-415,Itanagar-Naharlagun Corridor Sec-19,Arunachal Pradesh,Papum Pare,27.1669,93.5401,27.2098,93.576,5.9,NH,Asphalt,0,0,0,282,19.0,0,FAIR,0.417
NH-515,Pasighat Corridor Sec-20,Arunachal Pradesh,East Siang,28.0889,95.4663,28.1151,95.4871,16.6,NH,Asphalt,0,1,0,120,8.1,0,GOOD,0.24
NH-13,Ziro-Yachuli Road Sec-1,Arunachal Pradesh,Lower Subansiri,27.424,93.9718,27.4541,93.9993,16.5,NH,Asphalt,0,0,0,1550,31.8,0,POOR,0.635
NH-27,East-West Corridor Sec-2,Assam,Kamrup Metropolitan,26.1213,91.769,26.1485,91.7959,4.5,NH,Asphalt,1,0,0,50,2.5,0,GOOD,0.126
NH-27,Amingaon-Rangia Hwy Sec-3,Assam,Kamrup Rural,26.2731,91.4179,26.3096,91.4507,17.1,NH,Asphalt,1,1,0,46,0.5,0,GOOD,0.208
NH-15,North Bank Hwy Sec-4,Assam,Darrang,26.5739,91.9711,26.6008,92.0036,12.7,NH,Concrete,0,1,0,60,0.4,0,GOOD,0.12
NH-15,Tezpur-Biswanath Hwy Sec-5,Assam,Sonitpur,26.561,92.7817,26.599,92.8172,13.3,NH,Asphalt,0,1,0,76,1.0,0,GOOD,0.083
NH-37,Upper Assam Hwy Sec-6,Assam,Dibrugarh,27.4671,94.862,27.4848,94.8975,15.5,NH,Asphalt,0,1,0,139,0.6,1,GOOD,0.057
NH-37,Silchar-Badarpur Corridor Sec-7,Assam,Cachar,24.7402,92.6328,24.7574,92.6568,16.2,NH,Concrete,0,1,0,29,3.0,1,POOR,0.539
NH-27,Kaziranga Bypass Sec-8,Assam,Nagaon,26.3166,92.6587,26.3599,92.6912,17.4,NH,Concrete,0,1,0,54,3.4,0,GOOD,0.231
NH-206,Shillong-Dawki Hwy Sec-9,Meghalaya,East Khasi Hills,25.5757,91.9356,25.5916,91.958,17.5,NH,Asphalt,0,0,0,1505,28.4,0,POOR,0.505
NH-127B,Nongstoin Road Sec-10,Meghalaya,West Khasi Hills,25.6577,91.1473,25.6889,91.1706,12.9,NH,Asphalt,0,0,0,1339,28.3,0,POOR,0.497
NH-06,Guwahati-Shillong Expressway Sec-11,Meghalaya,Ri-Bhoi,25.8809,91.8066,25.9077,91.8261,5.6,NH,Asphalt,0,0,0,606,17.8,0,FAIR,0.444
NH-06,Jowai Bypass Sec-12,Meghalaya,West Jaintia Hills,25.5127,92.2405,25.5538,92.2837,10.2,NH,Asphalt,0,0,0,1317,27.0,0,POOR,0.456
NH-10,Sevoke-Gangtok Hwy Sec-13,Sikkim,East Sikkim,27.4669,88.6772,27.4823,88.6939,10.0,NH,Asphalt,0,1,0,1621,41.9,0,CRITICAL,0.873
NH-310,Mangan-Chungthang Road Sec-14,Sikkim,North Sikkim,27.4584,88.612,27.4999,88.6561,10.1,NH,Asphalt,0,1,1,2393,49.5,0,CRITICAL,0.771
NH-510,Namchi-Jorethang Rd Sec-15,Sikkim,South Sikkim,27.0984,88.3366,27.1425,88.3634,17.4,NH,Asphalt,0,1,0,1327,34.4,1,POOR,0.459
NH-29,Dimapur-Kohima Corridor Sec-16,Nagaland,Kohima,25.6986,94.1574,25.7399,94.1736,7.7,NH,Asphalt,0,0,0,1400,33.4,0,POOR,0.661
NH-29,Dimapur Gateway Sec-17,Nagaland,Dimapur,25.9501,93.8526,25.9769,93.8722,12.2,NH,Asphalt,0,0,0,185,4.8,0,GOOD,0.078
NH-02,Mokokchung-Amguri Rd Sec-18,Nagaland,Mokokchung,26.1991,94.643,26.2382,94.6689,5.3,NH,Asphalt,0,0,0,1372,30.6,0,POOR,0.577
NH-02,Imphal Ring Road Sec-19,Manipur,Imphal West,24.7429,93.8775,24.7753,93.9159,15.1,NH,Asphalt,0,1,0,793,3.0,0,GOOD,0.105
NH-02,Imphal-Churachandpur Hwy Sec-20,Manipur,Bishnupur,24.5748,93.738,24.5988,93.7541,17.5,NH,Asphalt,0,1,0,822,5.6,0,GOOD,0.063
NH-02,Mao-Maram Highway Sec-1,Manipur,Senapati,25.1428,94.0318,25.1695,94.0527,8.6,NH,Asphalt,0,0,0,1292,28.7,0,POOR,0.461
NH-54,Silchar-Aizawl Hwy Sec-2,Mizoram,Aizawl,23.8017,92.8466,23.8398,92.8831,12.2,NH,Asphalt,0,0,0,1120,34.0,0,POOR,0.477
NH-54,Vairengte-Kolasib Corridor Sec-3,Mizoram,Kolasib,24.1205,92.6775,24.1458,92.7016,12.7,NH,Asphalt,0,0,0,562,22.3,0,FAIR,0.264
NH-54,Aizawl-Lunglei Road Sec-4,Mizoram,Lunglei,22.8875,92.7864,22.9075,92.8071,15.9,NH,Asphalt,0,0,0,1053,31.2,0,POOR,0.625
NH-08,Assam-Agartala National Hwy Sec-5,Tripura,West Tripura,23.7374,91.1771,23.764,91.2051,15.8,NH,Concrete,0,0,0,37,0.5,0,GOOD,0.147
NH-08,Agartala-Udaipur Hwy Sec-6,Tripura,Sipahijala,23.6202,91.4063,23.6643,91.429,15.1,NH,Asphalt,0,0,0,20,1.5,0,GOOD,0.119
NH-08,Ambassa Corridor Sec-7,Tripura,Dhalai,23.9428,91.7576,23.9854,91.7948,17.2,NH,Asphalt,0,0,0,195,13.9,0,FAIR,0.334
NH-13,Bhalukpong-Tawang Hwy Sec-8,Arunachal Pradesh,Tawang,27.71,91.7422,27.7416,91.7668,13.6,NH,Asphalt,0,0,1,2921,42.8,0,CRITICAL,0.904
NH-13,Trans-Arunachal Hwy Sec-9,Arunachal Pradesh,West Kameng,27.2278,92.3489,27.2458,92.3793,11.4,NH,Asphalt,0,0,0,2183,35.6,0,POOR,0.659
NH-415,Itanagar-Naharlagun Corridor Sec-10,Arunachal Pradesh,Papum Pare,27.096,93.6948,27.1376,93.711,14.4,NH,Asphalt,0,0,0,261,16.3,0,FAIR,0.393
NH-515,Pasighat Corridor Sec-11,Arunachal Pradesh,East Siang,27.9182,95.3507,27.9617,95.3835,13.8,NH,Concrete,0,1,0,100,7.2,0,GOOD,0.227
NH-13,Ziro-Yachuli Road Sec-12,Arunachal Pradesh,Lower Subansiri,27.4022,93.8609,27.4359,93.8881,13.1,NH,Asphalt,0,0,0,1597,31.2,0,POOR,0.524
NH-27,East-West Corridor Sec-13,Assam,Kamrup Metropolitan,26.2216,91.7675,26.2583,91.8097,14.1,NH,Asphalt,0,0,0,38,0.6,0,GOOD,0.126
NH-27,Amingaon-Rangia Hwy Sec-14,Assam,Kamrup Rural,26.3348,91.6571,26.3612,91.6787,12.1,NH,Asphalt,0,1,0,118,0.4,0,GOOD,0.173
NH-15,North Bank Hwy Sec-15,Assam,Darrang,26.4852,92.1736,26.5218,92.2175,8.3,NH,Asphalt,0,1,0,103,0.4,1,POOR,0.593
NH-15,Tezpur-Biswanath Hwy Sec-16,Assam,Sonitpur,26.6209,92.8521,26.6646,92.8938,13.5,NH,Asphalt,0,0,0,110,3.8,0,GOOD,0.146
NH-37,Upper Assam Hwy Sec-17,Assam,Dibrugarh,27.3305,94.7989,27.3526,94.8213,17.3,NH,Asphalt,0,1,0,115,0.4,0,GOOD,0.13
NH-37,Silchar-Badarpur Corridor Sec-18,Assam,Cachar,24.9278,92.7394,24.9438,92.7751,5.5,NH,Asphalt,0,1,0,44,2.7,0,GOOD,0.247
NH-27,Kaziranga Bypass Sec-19,Assam,Nagaon,26.3497,92.7321,26.3757,92.7672,11.2,NH,Concrete,0,0,0,20,3.4,0,GOOD,0.214
NH-206,Shillong-Dawki Hwy Sec-20,Meghalaya,East Khasi Hills,25.6726,91.7483,25.6956,91.7892,15.0,NH,Asphalt,0,0,0,1476,32.4,0,POOR,0.55
NH-127B,Nongstoin Road Sec-1,Meghalaya,West Khasi Hills,25.5807,91.3134,25.6074,91.3491,13.6,NH,Asphalt,0,0,0,1249,28.5,0,POOR,0.617
NH-06,Guwahati-Shillong Expressway Sec-2,Meghalaya,Ri-Bhoi,25.9338,91.7544,25.9638,91.7933,9.9,NH,Asphalt,0,0,0,544,18.7,0,FAIR,0.304
NH-06,Jowai Bypass Sec-3,Meghalaya,West Jaintia Hills,25.4428,92.2475,25.4792,92.2841,17.9,NH,Asphalt,0,0,0,1359,28.0,0,POOR,0.473
NH-10,Sevoke-Gangtok Hwy Sec-4,Sikkim,East Sikkim,27.2771,88.515,27.3138,88.5583,16.9,NH,Asphalt,0,1,0,1608,43.8,0,CRITICAL,0.778
NH-310,Mangan-Chungthang Road Sec-5,Sikkim,North Sikkim,27.5855,88.615,27.6106,88.636,17.6,NH,Asphalt,0,1,1,2394,46.6,0,CRITICAL,0.789
NH-510,Namchi-Jorethang Rd Sec-6,Sikkim,South Sikkim,27.1104,88.4019,27.1385,88.4338,17.9,NH,Asphalt,0,1,0,1310,38.6,0,CRITICAL,0.704
NH-29,Dimapur-Kohima Corridor Sec-7,Nagaland,Kohima,25.794,94.2451,25.8171,94.2717,14.3,NH,Asphalt,0,0,0,1441,36.6,0,POOR,0.637
NH-29,Dimapur Gateway Sec-8,Nagaland,Dimapur,25.8203,93.8035,25.8586,93.83,15.4,NH,Asphalt,0,1,0,219,4.8,0,GOOD,0.122
NH-02,Mokokchung-Amguri Rd Sec-9,Nagaland,Mokokchung,26.473,94.3788,26.5009,94.421,6.2,NH,Asphalt,0,0,0,1378,33.1,0,POOR,0.583
NH-02,Imphal Ring Road Sec-10,Manipur,Imphal West,24.8969,93.8529,24.9172,93.8765,4.8,NH,Asphalt,0,0,0,757,3.0,0,GOOD,0.065
NH-02,Imphal-Churachandpur Hwy Sec-11,Manipur,Bishnupur,24.6836,93.8141,24.7195,93.8293,9.0,NH,Asphalt,0,1,0,828,3.7,0,GOOD,0.085
NH-02,Mao-Maram Highway Sec-12,Manipur,Senapati,25.1371,94.0675,25.1773,94.101,17.2,NH,Asphalt,0,0,0,1301,28.1,0,POOR,0.655
NH-54,Silchar-Aizawl Hwy Sec-13,Mizoram,Aizawl,23.8543,92.587,23.8845,92.6264,7.0,NH,Asphalt,0,0,0,1113,32.4,0,POOR,0.59
NH-54,Vairengte-Kolasib Corridor Sec-14,Mizoram,Kolasib,24.2908,92.6445,24.3178,92.6638,15.1,NH,Asphalt,0,0,0,632,25.9,0,POOR,0.669
NH-54,Aizawl-Lunglei Road Sec-15,Mizoram,Lunglei,22.8611,92.66,22.8872,92.6864,8.6,NH,Asphalt,0,0,0,993,29.6,0,POOR,0.68
NH-08,Assam-Agartala National Hwy Sec-16,Tripura,West Tripura,23.7082,91.359,23.7366,91.3774,17.0,NH,Concrete,0,0,0,94,0.5,0,GOOD,0.124
NH-08,Agartala-Udaipur Hwy Sec-17,Tripura,Sipahijala,23.6569,91.2002,23.698,91.2235,7.7,NH,Asphalt,0,0,0,20,5.3,0,GOOD,0.11
NH-08,Ambassa Corridor Sec-18,Tripura,Dhalai,23.7005,91.7186,23.7332,91.7372,7.0,NH,Concrete,0,0,0,148,10.4,0,FAIR,0.422
NH-13,Bhalukpong-Tawang Hwy Sec-19,Arunachal Pradesh,Tawang,27.5632,91.9408,27.6026,91.9574,13.5,NH,Asphalt,0,0,1,2942,45.4,0,CRITICAL,0.92
NH-13,Trans-Arunachal Hwy Sec-20,Arunachal Pradesh,West Kameng,27.2704,92.4464,27.2933,92.4777,7.1,NH,Asphalt,0,0,0,2168,36.0,0,POOR,0.595
NH-415,Itanagar-Naharlagun Corridor Sec-1,Arunachal Pradesh,Papum Pare,27.2061,93.5614,27.2449,93.5811,10.1,NH,Asphalt,0,0,0,364,20.7,0,FAIR,0.409
NH-515,Pasighat Corridor Sec-2,Arunachal Pradesh,East Siang,28.0659,95.3127,28.0844,95.351,16.5,NH,Asphalt,0,1,0,171,8.1,0,GOOD,0.206
NH-13,Ziro-Yachuli Road Sec-3,Arunachal Pradesh,Lower Subansiri,27.6547,93.9283,27.6761,93.9676,10.6,NH,Asphalt,0,0,0,1504,32.9,0,POOR,0.532
NH-27,East-West Corridor Sec-4,Assam,Kamrup Metropolitan,26.2916,91.6232,26.319,91.6579,10.7,NH,Concrete,0,0,0,103,2.2,0,GOOD,0.165
NH-27,Amingaon-Rangia Hwy Sec-5,Assam,Kamrup Rural,26.2836,91.5605,26.3257,91.5764,13.2,NH,Asphalt,1,1,0,88,3.2,0,GOOD,0.217
NH-15,North Bank Hwy Sec-6,Assam,Darrang,26.5451,91.9268,26.576,91.9525,6.8,NH,Asphalt,0,1,0,83,0.4,0,GOOD,0.188
NH-15,Tezpur-Biswanath Hwy Sec-7,Assam,Sonitpur,26.7269,92.8527,26.7443,92.8896,10.5,NH,Asphalt,0,1,0,24,4.2,0,GOOD,0.054
NH-37,Upper Assam Hwy Sec-8,Assam,Dibrugarh,27.5798,94.9802,27.6115,95.0048,7.3,NH,Asphalt,0,1,0,86,3.2,0,GOOD,0.117
NH-37,Silchar-Badarpur Corridor Sec-9,Assam,Cachar,24.9379,92.9262,24.9726,92.9634,6.9,NH,Asphalt,0,1,0,35,1.3,1,POOR,0.483
NH-27,Kaziranga Bypass Sec-10,Assam,Nagaon,26.3372,92.6385,26.3674,92.6673,8.1,NH,Asphalt,0,1,0,54,0.5,0,GOOD,0.097
NH-206,Shillong-Dawki Hwy Sec-11,Meghalaya,East Khasi Hills,25.5137,91.9522,25.5436,91.9706,7.1,NH,Asphalt,0,0,0,1454,31.5,0,POOR,0.658
NH-127B,Nongstoin Road Sec-12,Meghalaya,West Khasi Hills,25.3892,91.207,25.4331,91.2481,17.1,NH,Asphalt,0,0,0,1321,28.4,0,POOR,0.458
NH-06,Guwahati-Shillong Expressway Sec-13,Meghalaya,Ri-Bhoi,26.0049,91.9429,26.0402,91.9786,10.0,NH,Asphalt,0,0,0,548,17.3,0,FAIR,0.294
NH-06,Jowai Bypass Sec-14,Meghalaya,West Jaintia Hills,25.4326,92.1947,25.4578,92.232,6.5,NH,Asphalt,0,0,0,1384,24.2,0,POOR,0.521
NH-10,Sevoke-Gangtok Hwy Sec-15,Sikkim,East Sikkim,27.4134,88.6771,27.4555,88.706,6.3,NH,Asphalt,0,1,0,1591,41.3,0,CRITICAL,0.836
NH-310,Mangan-Chungthang Road Sec-16,Sikkim,North Sikkim,27.3806,88.6356,27.4085,88.6711,10.0,NH,Asphalt,0,1,1,2499,46.7,0,CRITICAL,0.818
NH-510,Namchi-Jorethang Rd Sec-17,Sikkim,South Sikkim,27.1481,88.4525,27.1689,88.4676,8.3,NH,Asphalt,0,1,0,1358,34.0,0,POOR,0.5
NH-29,Dimapur-Kohima Corridor Sec-18,Nagaland,Kohima,25.6673,94.2421,25.6842,94.2819,17.0,NH,Asphalt,0,0,0,1395,38.2,0,CRITICAL,0.736
NH-29,Dimapur Gateway Sec-19,Nagaland,Dimapur,25.9348,93.8684,25.9687,93.8941,6.6,NH,Asphalt,0,0,0,215,4.9,0,GOOD,0.097
NH-02,Mokokchung-Amguri Rd Sec-20,Nagaland,Mokokchung,26.2106,94.489,26.2388,94.5201,4.8,NH,Asphalt,0,0,0,1298,31.9,0,POOR,0.566
NH-02,Imphal Ring Road Sec-1,Manipur,Imphal West,24.8628,93.8994,24.9059,93.9242,11.5,NH,Asphalt,0,1,0,813,4.7,0,GOOD,0.104
NH-02,Imphal-Churachandpur Hwy Sec-2,Manipur,Bishnupur,24.5093,93.7536,24.5538,93.7697,16.9,NH,Asphalt,0,1,0,814,4.3,1,POOR,0.668
NH-02,Mao-Maram Highway Sec-3,Manipur,Senapati,25.306,93.9702,25.3355,94.0057,14.3,NH,Asphalt,0,0,0,1205,27.6,0,POOR,0.557
NH-54,Silchar-Aizawl Hwy Sec-4,Mizoram,Aizawl,23.7695,92.8401,23.7865,92.8607,10.8,NH,Asphalt,0,0,0,1098,30.6,0,POOR,0.464
NH-54,Vairengte-Kolasib Corridor Sec-5,Mizoram,Kolasib,24.2418,92.6121,24.2822,92.6329,10.2,NH,Asphalt,0,0,0,645,22.5,0,FAIR,0.396
NH-54,Aizawl-Lunglei Road Sec-6,Mizoram,Lunglei,22.8452,92.89,22.8783,92.9118,12.2,NH,Asphalt,0,0,0,1049,31.2,0,POOR,0.526
NH-08,Assam-Agartala National Hwy Sec-7,Tripura,West Tripura,23.7113,91.1558,23.7501,91.1939,7.4,NH,Asphalt,0,0,0,91,3.9,0,GOOD,0.181
NH-08,Agartala-Udaipur Hwy Sec-8,Tripura,Sipahijala,23.6066,91.3722,23.6458,91.408,11.2,NH,Concrete,0,0,0,22,3.3,0,GOOD,0.106
NH-08,Ambassa Corridor Sec-9,Tripura,Dhalai,23.9437,91.8466,23.9598,91.8652,9.6,NH,Asphalt,0,0,0,146,13.7,0,FAIR,0.364
NH-13,Bhalukpong-Tawang Hwy Sec-10,Arunachal Pradesh,Tawang,27.6817,91.9049,27.718,91.9354,9.8,NH,Asphalt,0,0,1,2936,45.8,0,CRITICAL,0.87
NH-13,Trans-Arunachal Hwy Sec-11,Arunachal Pradesh,West Kameng,27.3838,92.3201,27.426,92.3359,13.2,NH,Asphalt,0,0,1,2216,39.0,0,CRITICAL,0.904
NH-415,Itanagar-Naharlagun Corridor Sec-12,Arunachal Pradesh,Papum Pare,27.0846,93.5609,27.1169,93.5948,11.0,NH,Asphalt,0,0,0,265,16.6,0,FAIR,0.302
NH-515,Pasighat Corridor Sec-13,Arunachal Pradesh,East Siang,27.9644,95.3447,27.9868,95.3635,9.5,NH,Asphalt,0,1,0,203,10.5,1,POOR,0.527
NH-13,Ziro-Yachuli Road Sec-14,Arunachal Pradesh,Lower Subansiri,27.4374,93.7696,27.4709,93.8094,16.1,NH,Asphalt,0,0,0,1569,30.8,0,POOR,0.557
NH-27,East-West Corridor Sec-15,Assam,Kamrup Metropolitan,26.1919,91.6607,26.2274,91.703,6.5,NH,Concrete,0,0,0,20,3.4,0,GOOD,0.235
NH-27,Amingaon-Rangia Hwy Sec-16,Assam,Kamrup Rural,26.2698,91.6097,26.3092,91.6315,12.8,NH,Asphalt,0,1,0,54,0.4,0,GOOD,0.23
NH-15,North Bank Hwy Sec-17,Assam,Darrang,26.3959,92.1542,26.4161,92.1778,16.0,NH,Asphalt,0,1,0,37,1.6,0,GOOD,0.068
NH-15,Tezpur-Biswanath Hwy Sec-18,Assam,Sonitpur,26.6902,92.8414,26.73,92.8799,7.5,NH,Asphalt,0,1,0,23,0.8,0,GOOD,0.076
NH-37,Upper Assam Hwy Sec-19,Assam,Dibrugarh,27.4127,95.0118,27.4316,95.0395,5.7,NH,Asphalt,0,1,0,65,1.3,1,GOOD,0.149
NH-37,Silchar-Badarpur Corridor Sec-20,Assam,Cachar,24.791,92.6674,24.807,92.6943,16.7,NH,Asphalt,0,1,0,44,1.4,1,GOOD,0.071
NH-27,Kaziranga Bypass Sec-1,Assam,Nagaon,26.2734,92.7289,26.3022,92.7592,9.8,NH,Asphalt,0,1,0,24,0.5,0,GOOD,0.119
NH-206,Shillong-Dawki Hwy Sec-2,Meghalaya,East Khasi Hills,25.5051,91.8709,25.543,91.9101,15.7,NH,Asphalt,0,0,0,1518,28.7,0,POOR,0.484
NH-127B,Nongstoin Road Sec-3,Meghalaya,West Khasi Hills,25.5489,91.1908,25.5699,91.207,4.7,NH,Asphalt,0,0,0,1301,29.0,0,POOR,0.596
NH-06,Guwahati-Shillong Expressway Sec-4,Meghalaya,Ri-Bhoi,25.8616,91.9272,25.8803,91.9541,9.3,NH,Asphalt,0,0,0,595,16.6,0,FAIR,0.44
NH-06,Jowai Bypass Sec-5,Meghalaya,West Jaintia Hills,25.5465,92.1449,25.5869,92.1846,12.0,NH,Asphalt,0,0,0,1370,25.7,0,POOR,0.679
NH-10,Sevoke-Gangtok Hwy Sec-6,Sikkim,East Sikkim,27.37,88.4798,27.4118,88.5115,12.1,NH,Asphalt,0,1,0,1605,42.2,1,CRITICAL,0.783
NH-310,Mangan-Chungthang Road Sec-7,Sikkim,North Sikkim,27.472,88.4988,27.5159,88.535,17.5,NH,Asphalt,0,1,1,2401,47.8,1,CRITICAL,0.832
NH-510,Namchi-Jorethang Rd Sec-8,Sikkim,South Sikkim,27.102,88.4607,27.1318,88.4995,13.0,NH,Asphalt,0,1,0,1268,35.1,1,POOR,0.647
NH-29,Dimapur-Kohima Corridor Sec-9,Nagaland,Kohima,25.8189,94.0253,25.8616,94.0632,11.7,NH,Asphalt,0,0,0,1393,37.2,0,POOR,0.477
NH-29,Dimapur Gateway Sec-10,Nagaland,Dimapur,25.9147,93.8402,25.9374,93.8673,7.2,NH,Asphalt,0,0,0,210,5.4,0,GOOD,0.188
NH-02,Mokokchung-Amguri Rd Sec-11,Nagaland,Mokokchung,26.3337,94.5801,26.362,94.603,6.5,NH,Asphalt,0,0,0,1370,29.9,0,POOR,0.544
NH-02,Imphal Ring Road Sec-12,Manipur,Imphal West,24.6967,93.8012,24.7411,93.8451,17.8,NH,Asphalt,0,1,0,765,4.4,0,GOOD,0.091
NH-02,Imphal-Churachandpur Hwy Sec-13,Manipur,Bishnupur,24.586,93.8369,24.6305,93.8561,6.7,NH,Asphalt,0,1,0,810,3.7,0,GOOD,0.131
NH-02,Mao-Maram Highway Sec-14,Manipur,Senapati,25.3649,94.0031,25.4013,94.0186,5.9,NH,Asphalt,0,0,0,1206,28.3,0,POOR,0.467
NH-54,Silchar-Aizawl Hwy Sec-15,Mizoram,Aizawl,23.7911,92.7649,23.8243,92.7875,6.6,NH,Asphalt,0,0,0,1088,32.4,0,POOR,0.61
NH-54,Vairengte-Kolasib Corridor Sec-16,Mizoram,Kolasib,24.0859,92.7476,24.1177,92.7827,14.5,NH,Asphalt,0,0,0,597,25.5,0,POOR,0.508
NH-54,Aizawl-Lunglei Road Sec-17,Mizoram,Lunglei,22.9126,92.802,22.9322,92.8415,17.9,NH,Asphalt,0,0,0,983,31.2,0,POOR,0.522
NH-08,Assam-Agartala National Hwy Sec-18,Tripura,West Tripura,23.8221,91.2228,23.856,91.2433,14.4,NH,Asphalt,0,0,0,29,2.2,0,GOOD,0.074
NH-08,Agartala-Udaipur Hwy Sec-19,Tripura,Sipahijala,23.7621,91.2306,23.7788,91.2511,16.5,NH,Asphalt,0,0,0,53,4.8,0,GOOD,0.223
NH-08,Ambassa Corridor Sec-20,Tripura,Dhalai,23.822,91.7938,23.8471,91.8199,5.2,NH,Asphalt,0,0,0,91,12.7,0,FAIR,0.349
NH-13,Bhalukpong-Tawang Hwy Sec-1,Arunachal Pradesh,Tawang,27.5081,91.7375,27.5481,91.7716,14.2,NH,Asphalt,0,0,1,2913,42.3,0,CRITICAL,0.826
NH-13,Trans-Arunachal Hwy Sec-2,Arunachal Pradesh,West Kameng,27.2807,92.4138,27.3216,92.4361,16.0,NH,Asphalt,0,0,0,2251,35.6,0,CRITICAL,0.825
NH-415,Itanagar-Naharlagun Corridor Sec-3,Arunachal Pradesh,Papum Pare,27.1535,93.7463,27.1719,93.763,9.9,NH,Asphalt,0,0,0,277,18.4,0,FAIR,0.332
NH-515,Pasighat Corridor Sec-4,Arunachal Pradesh,East Siang,28.2154,95.4424,28.2542,95.4657,15.7,NH,Asphalt,0,1,0,184,7.3,1,POOR,0.494
NH-13,Ziro-Yachuli Road Sec-5,Arunachal Pradesh,Lower Subansiri,27.4571,93.9294,27.4723,93.9645,7.6,NH,Asphalt,0,0,0,1500,33.5,0,POOR,0.621
NH-27,East-West Corridor Sec-6,Assam,Kamrup Metropolitan,26.2194,91.6595,26.2512,91.6836,6.1,NH,Asphalt,1,0,0,89,2.0,0,GOOD,0.075
NH-27,Amingaon-Rangia Hwy Sec-7,Assam,Kamrup Rural,26.3348,91.6955,26.3765,91.7127,15.0,NH,Concrete,0,1,0,85,1.4,0,GOOD,0.071
NH-15,North Bank Hwy Sec-8,Assam,Darrang,26.5914,92.0834,26.6217,92.107,9.9,NH,Asphalt,0,1,0,104,2.4,0,GOOD,0.192
NH-15,Tezpur-Biswanath Hwy Sec-9,Assam,Sonitpur,26.5362,92.7527,26.5728,92.7874,9.7,NH,Asphalt,0,0,0,35,2.2,0,GOOD,0.092
NH-37,Upper Assam Hwy Sec-10,Assam,Dibrugarh,27.4496,94.8757,27.4729,94.905,9.4,NH,Concrete,0,1,0,95,3.1,0,GOOD,0.111
NH-37,Silchar-Badarpur Corridor Sec-11,Assam,Cachar,24.887,92.8784,24.9042,92.8986,13.0,NH,Concrete,0,1,0,73,3.1,1,POOR,0.559
NH-27,Kaziranga Bypass Sec-12,Assam,Nagaon,26.285,92.6221,26.3026,92.6664,8.1,NH,Concrete,0,0,0,31,0.4,0,GOOD,0.14
NH-206,Shillong-Dawki Hwy Sec-13,Meghalaya,East Khasi Hills,25.5469,92.0202,25.5821,92.0451,8.2,NH,Asphalt,0,0,0,1548,32.7,0,POOR,0.613
NH-127B,Nongstoin Road Sec-14,Meghalaya,West Khasi Hills,25.6077,91.1206,25.6398,91.1557,12.3,NH,Asphalt,0,0,0,1279,30.0,0,POOR,0.593
NH-06,Guwahati-Shillong Expressway Sec-15,Meghalaya,Ri-Bhoi,25.7672,91.7318,25.7935,91.7763,12.5,NH,Asphalt,0,0,0,548,15.6,0,FAIR,0.379
NH-06,Jowai Bypass Sec-16,Meghalaya,West Jaintia Hills,25.3015,92.3171,25.33,92.347,15.4,NH,Asphalt,0,0,0,1293,25.5,0,POOR,0.614
NH-10,Sevoke-Gangtok Hwy Sec-17,Sikkim,East Sikkim,27.3181,88.5158,27.3349,88.5549,15.5,NH,Asphalt,0,1,0,1657,42.1,1,CRITICAL,0.764
NH-310,Mangan-Chungthang Road Sec-18,Sikkim,North Sikkim,27.3872,88.5462,27.4027,88.5663,17.7,NH,Asphalt,0,1,1,2409,49.8,1,CRITICAL,0.771
NH-510,Namchi-Jorethang Rd Sec-19,Sikkim,South Sikkim,27.1612,88.3123,27.1962,88.3294,16.2,NH,Asphalt,0,1,0,1286,35.8,1,POOR,0.551
NH-29,Dimapur-Kohima Corridor Sec-20,Nagaland,Kohima,25.7686,93.9912,25.7985,94.0103,13.4,NH,Asphalt,0,0,0,1436,36.6,0,POOR,0.521
NH-29,Dimapur Gateway Sec-1,Nagaland,Dimapur,25.7988,93.8016,25.8183,93.8188,7.2,NH,Concrete,0,0,0,135,3.1,0,GOOD,0.247
NH-02,Mokokchung-Amguri Rd Sec-2,Nagaland,Mokokchung,26.2345,94.4269,26.271,94.4691,12.9,NH,Asphalt,0,0,0,1265,29.2,0,POOR,0.637
NH-02,Imphal Ring Road Sec-3,Manipur,Imphal West,24.7664,93.7963,24.7953,93.8283,10.6,NH,Asphalt,0,1,0,810,0.7,0,GOOD,0.083
NH-02,Imphal-Churachandpur Hwy Sec-4,Manipur,Bishnupur,24.682,93.6942,24.6981,93.7378,10.9,NH,Asphalt,0,1,0,763,3.4,0,GOOD,0.051
NH-02,Mao-Maram Highway Sec-5,Manipur,Senapati,25.3145,93.8982,25.3317,93.926,16.6,NH,Asphalt,0,0,0,1286,30.8,0,POOR,0.46
NH-54,Silchar-Aizawl Hwy Sec-6,Mizoram,Aizawl,23.7277,92.8447,23.7496,92.8836,17.8,NH,Asphalt,0,0,0,1177,34.6,0,POOR,0.506
NH-54,Vairengte-Kolasib Corridor Sec-7,Mizoram,Kolasib,24.3573,92.7678,24.3779,92.7959,9.8,NH,Asphalt,0,0,0,566,22.8,0,FAIR,0.273
NH-54,Aizawl-Lunglei Road Sec-8,Mizoram,Lunglei,22.9602,92.661,22.9981,92.6898,9.1,NH,Asphalt,0,0,0,1046,33.1,0,POOR,0.573
NH-08,Assam-Agartala National Hwy Sec-9,Tripura,West Tripura,23.8606,91.1392,23.8929,91.1701,12.9,NH,Asphalt,0,0,0,36,1.0,0,GOOD,0.222
NH-08,Agartala-Udaipur Hwy Sec-10,Tripura,Sipahijala,23.7133,91.2363,23.7409,91.2584,13.1,NH,Concrete,0,0,0,20,4.1,0,GOOD,0.197
NH-08,Ambassa Corridor Sec-11,Tripura,Dhalai,23.7843,91.7345,23.8182,91.7666,16.9,NH,Asphalt,0,0,0,113,14.5,0,FAIR,0.293
NH-13,Bhalukpong-Tawang Hwy Sec-12,Arunachal Pradesh,Tawang,27.6823,91.7689,27.7034,91.802,13.0,NH,Asphalt,0,0,1,2930,45.9,0,CRITICAL,0.788
NH-13,Trans-Arunachal Hwy Sec-13,Arunachal Pradesh,West Kameng,27.3336,92.4492,27.3601,92.4735,4.9,NH,Asphalt,0,0,0,2164,40.5,0,CRITICAL,0.812
NH-415,Itanagar-Naharlagun Corridor Sec-14,Arunachal Pradesh,Papum Pare,27.1407,93.5354,27.1711,93.5722,12.3,NH,Asphalt,0,0,0,276,18.0,0,FAIR,0.412
NH-515,Pasighat Corridor Sec-15,Arunachal Pradesh,East Siang,27.9737,95.2199,27.9987,95.2419,6.5,NH,Concrete,0,1,0,97,9.8,1,POOR,0.643
NH-13,Ziro-Yachuli Road Sec-16,Arunachal Pradesh,Lower Subansiri,27.4153,93.8022,27.4479,93.8278,4.8,NH,Asphalt,0,0,0,1539,33.4,0,POOR,0.659
NH-27,East-West Corridor Sec-17,Assam,Kamrup Metropolitan,26.061,91.714,26.0865,91.7532,8.2,NH,Concrete,0,0,0,20,1.2,0,GOOD,0.152
NH-27,Amingaon-Rangia Hwy Sec-18,Assam,Kamrup Rural,26.1263,91.4928,26.1653,91.5163,4.6,NH,Concrete,1,0,0,33,3.1,0,GOOD,0.189
NH-15,North Bank Hwy Sec-19,Assam,Darrang,26.3761,92.1495,26.4201,92.1784,8.6,NH,Asphalt,0,1,0,20,0.4,1,POOR,0.476
NH-15,Tezpur-Biswanath Hwy Sec-20,Assam,Sonitpur,26.7072,92.7062,26.7451,92.7361,8.5,NH,Asphalt,0,1,0,78,1.0,0,GOOD,0.163
NH-37,Upper Assam Hwy Sec-1,Assam,Dibrugarh,27.4521,94.8377,27.4806,94.862,17.2,NH,Asphalt,0,1,0,110,0.4,0,GOOD,0.1
NH-37,Silchar-Badarpur Corridor Sec-2,Assam,Cachar,24.7124,92.633,24.7334,92.6747,10.3,NH,Asphalt,0,1,0,35,3.2,1,POOR,0.549
NH-27,Kaziranga Bypass Sec-3,Assam,Nagaon,26.3034,92.777,26.3261,92.8019,4.8,NH,Concrete,1,1,0,99,2.4,0,GOOD,0.177
NH-206,Shillong-Dawki Hwy Sec-4,Meghalaya,East Khasi Hills,25.5403,91.9384,25.5619,91.9594,12.4,NH,Asphalt,0,0,0,1456,30.9,0,POOR,0.509
NH-127B,Nongstoin Road Sec-5,Meghalaya,West Khasi Hills,25.3919,91.2989,25.4185,91.3221,10.3,NH,Asphalt,0,0,0,1297,26.1,0,POOR,0.462
NH-06,Guwahati-Shillong Expressway Sec-6,Meghalaya,Ri-Bhoi,26.0237,91.9263,26.0443,91.9552,5.6,NH,Asphalt,0,0,0,514,15.0,0,FAIR,0.252
NH-06,Jowai Bypass Sec-7,Meghalaya,West Jaintia Hills,25.3296,92.3325,25.3711,92.3645,9.3,NH,Asphalt,0,0,0,1349,25.2,0,POOR,0.455
NH-10,Sevoke-Gangtok Hwy Sec-8,Sikkim,East Sikkim,27.4858,88.5171,27.5179,88.5435,8.8,NH,Asphalt,0,1,0,1682,40.3,1,CRITICAL,0.702
NH-310,Mangan-Chungthang Road Sec-9,Sikkim,North Sikkim,27.4755,88.6135,27.492,88.6396,10.8,NH,Asphalt,0,1,1,2504,50.4,0,CRITICAL,0.724
NH-510,Namchi-Jorethang Rd Sec-10,Sikkim,South Sikkim,27.292,88.4925,27.3072,88.5185,6.0,NH,Asphalt,0,1,0,1354,35.5,0,POOR,0.505
NH-29,Dimapur-Kohima Corridor Sec-11,Nagaland,Kohima,25.5603,94.0894,25.5912,94.1183,13.6,NH,Asphalt,0,0,0,1441,35.4,0,POOR,0.501
NH-29,Dimapur Gateway Sec-12,Nagaland,Dimapur,25.908,93.5841,25.9358,93.6061,5.6,NH,Asphalt,0,0,0,211,2.7,0,GOOD,0.247
NH-02,Mokokchung-Amguri Rd Sec-13,Nagaland,Mokokchung,26.2619,94.6567,26.2863,94.6804,11.6,NH,Asphalt,0,0,0,1267,32.5,0,POOR,0.52
NH-02,Imphal Ring Road Sec-14,Manipur,Imphal West,24.8892,93.906,24.9297,93.9462,14.8,NH,Asphalt,0,1,0,812,2.4,0,GOOD,0.075
NH-02,Imphal-Churachandpur Hwy Sec-15,Manipur,Bishnupur,24.5049,93.7458,24.5383,93.7713,8.3,NH,Asphalt,0,1,0,775,2.9,0,GOOD,0.159
NH-02,Mao-Maram Highway Sec-16,Manipur,Senapati,25.2303,93.9414,25.265,93.9638,17.6,NH,Asphalt,0,0,0,1213,27.0,0,POOR,0.647
NH-54,Silchar-Aizawl Hwy Sec-17,Mizoram,Aizawl,23.7547,92.5703,23.7923,92.6115,17.2,NH,Asphalt,0,0,0,1188,34.5,0,POOR,0.606
NH-54,Vairengte-Kolasib Corridor Sec-18,Mizoram,Kolasib,24.2823,92.6875,24.3061,92.7091,14.1,NH,Asphalt,0,0,0,588,26.3,0,POOR,0.518
NH-54,Aizawl-Lunglei Road Sec-19,Mizoram,Lunglei,22.8106,92.6257,22.8492,92.6645,8.6,NH,Asphalt,0,0,0,988,29.2,0,POOR,0.579
NH-08,Assam-Agartala National Hwy Sec-20,Tripura,West Tripura,23.6932,91.1812,23.7118,91.2133,12.6,NH,Concrete,0,0,0,88,1.0,0,GOOD,0.193
NH-08,Agartala-Udaipur Hwy Sec-1,Tripura,Sipahijala,23.747,91.1775,23.7802,91.2175,17.3,NH,Concrete,0,0,0,20,5.4,0,GOOD,0.196
NH-08,Ambassa Corridor Sec-2,Tripura,Dhalai,23.7349,91.8946,23.7672,91.9182,12.3,NH,Asphalt,0,0,0,160,12.5,0,FAIR,0.383
NH-13,Bhalukpong-Tawang Hwy Sec-3,Arunachal Pradesh,Tawang,27.4611,91.921,27.4842,91.9483,4.7,NH,Asphalt,0,0,1,2910,43.3,0,CRITICAL,0.892
NH-13,Trans-Arunachal Hwy Sec-4,Arunachal Pradesh,West Kameng,27.384,92.3544,27.4218,92.3945,13.9,NH,Asphalt,0,0,0,2147,38.6,0,CRITICAL,0.891
NH-415,Itanagar-Naharlagun Corridor Sec-5,Arunachal Pradesh,Papum Pare,27.057,93.6857,27.0771,93.7074,12.5,NH,Asphalt,0,0,0,295,16.9,0,FAIR,0.366
NH-515,Pasighat Corridor Sec-6,Arunachal Pradesh,East Siang,28.0772,95.4696,28.1072,95.4884,14.3,NH,Asphalt,0,1,0,194,11.4,0,FAIR,0.336
NH-13,Ziro-Yachuli Road Sec-7,Arunachal Pradesh,Lower Subansiri,27.6168,93.8864,27.6535,93.908,12.3,NH,Asphalt,0,0,0,1583,31.2,0,POOR,0.598
NH-27,East-West Corridor Sec-8,Assam,Kamrup Metropolitan,26.1758,91.648,26.2153,91.6823,16.4,NH,Asphalt,0,1,0,51,0.4,0,GOOD,0.214
NH-27,Amingaon-Rangia Hwy Sec-9,Assam,Kamrup Rural,26.2095,91.6543,26.2275,91.674,17.6,NH,Asphalt,0,1,0,94,0.4,0,GOOD,0.051
NH-15,North Bank Hwy Sec-10,Assam,Darrang,26.5209,92.0112,26.5493,92.028,6.8,NH,Asphalt,0,1,0,20,3.1,1,POOR,0.678
NH-15,Tezpur-Biswanath Hwy Sec-11,Assam,Sonitpur,26.5383,92.6981,26.5762,92.7275,8.6,NH,Asphalt,0,1,0,128,0.5,0,GOOD,0.087
NH-37,Upper Assam Hwy Sec-12,Assam,Dibrugarh,27.6058,94.8161,27.6312,94.8397,14.1,NH,Asphalt,0,1,0,84,0.4,1,GOOD,0.144
NH-37,Silchar-Badarpur Corridor Sec-13,Assam,Cachar,24.7366,92.7472,24.7617,92.7862,6.3,NH,Asphalt,0,1,0,42,0.4,1,POOR,0.651
NH-27,Kaziranga Bypass Sec-14,Assam,Nagaon,26.3231,92.6705,26.3392,92.6858,8.6,NH,Asphalt,0,1,0,86,3.4,0,GOOD,0.095
NH-206,Shillong-Dawki Hwy Sec-15,Meghalaya,East Khasi Hills,25.5868,91.9613,25.6132,91.9782,14.3,NH,Asphalt,0,0,0,1533,28.1,0,POOR,0.56
NH-127B,Nongstoin Road Sec-16,Meghalaya,West Khasi Hills,25.4752,91.143,25.4969,91.1596,4.9,NH,Asphalt,0,0,0,1221,29.3,0,POOR,0.48
NH-06,Guwahati-Shillong Expressway Sec-17,Meghalaya,Ri-Bhoi,25.7631,91.8045,25.805,91.8457,5.9,NH,Asphalt,0,0,0,500,15.3,0,FAIR,0.329
NH-06,Jowai Bypass Sec-18,Meghalaya,West Jaintia Hills,25.4799,92.2877,25.5183,92.3088,16.2,NH,Asphalt,0,0,0,1271,28.3,0,POOR,0.491
NH-10,Sevoke-Gangtok Hwy Sec-19,Sikkim,East Sikkim,27.4097,88.558,27.4347,88.5848,9.3,NH,Asphalt,0,1,0,1680,39.9,1,CRITICAL,0.78
NH-310,Mangan-Chungthang Road Sec-20,Sikkim,North Sikkim,27.5779,88.6677,27.6141,88.6944,9.0,NH,Asphalt,0,1,1,2494,46.8,1,CRITICAL,0.782
NH-510,Namchi-Jorethang Rd Sec-1,Sikkim,South Sikkim,27.0664,88.2168,27.0915,88.2521,10.9,NH,Asphalt,0,1,0,1328,35.0,0,POOR,0.678
NH-29,Dimapur-Kohima Corridor Sec-2,Nagaland,Kohima,25.5315,93.972,25.5466,94.0152,17.6,NH,Asphalt,0,0,0,1449,34.8,0,POOR,0.679
NH-29,Dimapur Gateway Sec-3,Nagaland,Dimapur,26.0077,93.6201,26.0251,93.6523,7.4,NH,Asphalt,0,0,0,251,2.4,0,GOOD,0.073
NH-02,Mokokchung-Amguri Rd Sec-4,Nagaland,Mokokchung,26.2906,94.476,26.3077,94.5122,12.0,NH,Asphalt,0,0,0,1296,29.6,0,POOR,0.617
NH-02,Imphal Ring Road Sec-5,Manipur,Imphal West,24.7824,94.0521,24.8031,94.088,9.9,NH,Asphalt,0,1,0,830,4.2,0,GOOD,0.06
NH-02,Imphal-Churachandpur Hwy Sec-6,Manipur,Bishnupur,24.7796,93.6819,24.8012,93.6991,17.1,NH,Asphalt,0,1,0,746,2.8,0,GOOD,0.056
NH-02,Mao-Maram Highway Sec-7,Manipur,Senapati,25.1455,94.137,25.177,94.1534,7.3,NH,Asphalt,0,0,0,1307,27.4,0,POOR,0.474
NH-54,Silchar-Aizawl Hwy Sec-8,Mizoram,Aizawl,23.6224,92.6962,23.6641,92.7169,10.0,NH,Asphalt,0,0,0,1112,33.5,0,POOR,0.672
NH-54,Vairengte-Kolasib Corridor Sec-9,Mizoram,Kolasib,24.1151,92.7302,24.1581,92.7674,5.0,NH,Asphalt,0,0,0,588,25.1,0,POOR,0.666
NH-54,Aizawl-Lunglei Road Sec-10,Mizoram,Lunglei,22.9926,92.6713,23.0151,92.6956,8.5,NH,Asphalt,0,0,0,1023,32.3,0,POOR,0.495
NH-08,Assam-Agartala National Hwy Sec-11,Tripura,West Tripura,23.9247,91.3502,23.9477,91.3714,6.0,NH,Asphalt,0,0,0,20,3.5,0,GOOD,0.082
NH-08,Agartala-Udaipur Hwy Sec-12,Tripura,Sipahijala,23.7784,91.3953,23.8133,91.4317,10.1,NH,Asphalt,0,0,0,20,2.1,0,GOOD,0.098
NH-08,Ambassa Corridor Sec-13,Tripura,Dhalai,23.9164,91.9357,23.9516,91.9704,15.0,NH,Asphalt,0,0,0,141,13.6,0,FAIR,0.353
NH-13,Bhalukpong-Tawang Hwy Sec-14,Arunachal Pradesh,Tawang,27.5643,91.9274,27.5801,91.959,16.7,NH,Asphalt,0,0,1,2858,42.5,0,CRITICAL,0.825
NH-13,Trans-Arunachal Hwy Sec-15,Arunachal Pradesh,West Kameng,27.1691,92.3814,27.2126,92.4058,14.1,NH,Asphalt,0,0,0,2180,38.0,0,POOR,0.501
NH-415,Itanagar-Naharlagun Corridor Sec-16,Arunachal Pradesh,Papum Pare,27.2423,93.6471,27.2615,93.6879,9.6,NH,Asphalt,0,0,0,341,17.7,0,FAIR,0.401
NH-515,Pasighat Corridor Sec-17,Arunachal Pradesh,East Siang,28.1122,95.2498,28.1447,95.2663,16.5,NH,Asphalt,0,1,0,148,9.4,0,GOOD,0.112
NH-13,Ziro-Yachuli Road Sec-18,Arunachal Pradesh,Lower Subansiri,27.5478,93.8409,27.5822,93.8851,10.4,NH,Asphalt,0,0,0,1529,31.8,0,POOR,0.662
NH-27,East-West Corridor Sec-19,Assam,Kamrup Metropolitan,26.1211,91.7596,26.1447,91.7886,7.0,NH,Concrete,1,1,0,83,2.8,0,GOOD,0.181
NH-27,Amingaon-Rangia Hwy Sec-20,Assam,Kamrup Rural,26.0612,91.5205,26.0858,91.5402,11.7,NH,Asphalt,1,1,0,24,3.4,0,GOOD,0.137
NH-15,North Bank Hwy Sec-1,Assam,Darrang,26.4695,92.1683,26.4859,92.1882,12.0,NH,Asphalt,0,1,0,109,0.4,0,GOOD,0.208
NH-15,Tezpur-Biswanath Hwy Sec-2,Assam,Sonitpur,26.5921,92.8974,26.6198,92.9226,10.6,NH,Asphalt,0,1,0,117,3.7,0,GOOD,0.214
NH-37,Upper Assam Hwy Sec-3,Assam,Dibrugarh,27.366,95.018,27.4072,95.0607,6.7,NH,Asphalt,0,1,0,167,2.9,1,GOOD,0.108
NH-37,Silchar-Badarpur Corridor Sec-4,Assam,Cachar,24.9316,92.6457,24.9526,92.6763,6.6,NH,Asphalt,0,1,0,20,0.4,0,GOOD,0.118
NH-27,Kaziranga Bypass Sec-5,Assam,Nagaon,26.2381,92.7539,26.2534,92.7694,9.0,NH,Asphalt,1,1,0,93,3.3,0,GOOD,0.237
NH-206,Shillong-Dawki Hwy Sec-6,Meghalaya,East Khasi Hills,25.6392,91.9421,25.6603,91.9574,4.8,NH,Asphalt,0,0,0,1439,30.4,0,POOR,0.488
NH-127B,Nongstoin Road Sec-7,Meghalaya,West Khasi Hills,25.4075,91.1541,25.4284,91.1813,10.5,NH,Asphalt,0,0,0,1238,25.9,0,POOR,0.46
NH-06,Guwahati-Shillong Expressway Sec-8,Meghalaya,Ri-Bhoi,25.9208,91.9741,25.9578,91.9928,16.7,NH,Asphalt,0,0,0,509,17.8,0,FAIR,0.341
NH-06,Jowai Bypass Sec-9,Meghalaya,West Jaintia Hills,25.342,92.2082,25.3805,92.2342,15.5,NH,Asphalt,0,0,0,1308,25.9,0,POOR,0.634
NH-10,Sevoke-Gangtok Hwy Sec-10,Sikkim,East Sikkim,27.3221,88.65,27.3502,88.6778,15.0,NH,Asphalt,0,1,0,1591,40.9,1,CRITICAL,0.87
NH-310,Mangan-Chungthang Road Sec-11,Sikkim,North Sikkim,27.6143,88.4096,27.6476,88.435,15.5,NH,Asphalt,0,1,1,2486,46.9,1,CRITICAL,0.902
NH-510,Namchi-Jorethang Rd Sec-12,Sikkim,South Sikkim,27.1389,88.3271,27.1614,88.3646,6.8,NH,Asphalt,0,1,0,1352,36.0,0,POOR,0.573
NH-29,Dimapur-Kohima Corridor Sec-13,Nagaland,Kohima,25.6025,94.1302,25.6368,94.1515,5.6,NH,Asphalt,0,0,0,1419,36.8,0,POOR,0.473
NH-29,Dimapur Gateway Sec-14,Nagaland,Dimapur,25.8038,93.8694,25.8459,93.9117,14.4,NH,Asphalt,0,0,0,201,3.2,0,GOOD,0.168
NH-02,Mokokchung-Amguri Rd Sec-15,Nagaland,Mokokchung,26.3979,94.4901,26.4296,94.5128,11.1,NH,Asphalt,0,0,0,1267,29.6,0,POOR,0.629
NH-02,Imphal Ring Road Sec-16,Manipur,Imphal West,24.8908,93.9546,24.9128,93.9761,14.2,NH,Asphalt,0,1,0,832,0.4,0,GOOD,0.069
NH-02,Imphal-Churachandpur Hwy Sec-17,Manipur,Bishnupur,24.6256,93.8103,24.6691,93.8293,6.2,NH,Asphalt,0,1,0,761,5.1,1,POOR,0.49
NH-02,Mao-Maram Highway Sec-18,Manipur,Senapati,25.351,94.054,25.3749,94.071,17.6,NH,Asphalt,0,0,0,1214,28.3,0,POOR,0.453
NH-54,Silchar-Aizawl Hwy Sec-19,Mizoram,Aizawl,23.6859,92.8012,23.7183,92.8384,18.0,NH,Asphalt,0,0,0,1112,30.6,0,POOR,0.587
NH-54,Vairengte-Kolasib Corridor Sec-20,Mizoram,Kolasib,24.2325,92.5496,24.2706,92.5673,14.2,NH,Asphalt,0,0,0,626,22.1,0,FAIR,0.427
NH-54,Aizawl-Lunglei Road Sec-1,Mizoram,Lunglei,22.7863,92.6505,22.83,92.6854,6.3,NH,Asphalt,0,0,0,1078,29.2,0,POOR,0.604
NH-08,Assam-Agartala National Hwy Sec-2,Tripura,West Tripura,23.9745,91.3062,23.9911,91.3324,10.4,NH,Asphalt,0,0,0,47,4.5,0,GOOD,0.246
NH-08,Agartala-Udaipur Hwy Sec-3,Tripura,Sipahijala,23.4994,91.19,23.5268,91.2299,13.4,NH,Asphalt,0,0,0,20,0.5,0,GOOD,0.063
NH-08,Ambassa Corridor Sec-4,Tripura,Dhalai,23.7847,91.8194,23.8216,91.8632,15.7,NH,Asphalt,0,0,0,104,11.1,0,FAIR,0.431
NH-13,Bhalukpong-Tawang Hwy Sec-5,Arunachal Pradesh,Tawang,27.5429,91.7483,27.577,91.7782,15.6,NH,Asphalt,0,0,1,2926,42.5,0,CRITICAL,0.879
NH-13,Trans-Arunachal Hwy Sec-6,Arunachal Pradesh,West Kameng,27.3369,92.2962,27.3643,92.3299,15.7,NH,Asphalt,0,0,1,2243,39.4,0,CRITICAL,0.769
NH-415,Itanagar-Naharlagun Corridor Sec-7,Arunachal Pradesh,Papum Pare,27.1892,93.6097,27.2323,93.6302,8.1,NH,Asphalt,0,0,0,371,20.3,0,FAIR,0.445
NH-515,Pasighat Corridor Sec-8,Arunachal Pradesh,East Siang,27.9615,95.3149,27.9881,95.3491,7.6,NH,Asphalt,0,1,0,208,9.8,0,GOOD,0.108
NH-13,Ziro-Yachuli Road Sec-9,Arunachal Pradesh,Lower Subansiri,27.4695,93.7447,27.5107,93.7729,15.1,NH,Asphalt,0,0,0,1587,33.2,0,POOR,0.655
NH-27,East-West Corridor Sec-10,Assam,Kamrup Metropolitan,26.0428,91.8753,26.0719,91.8948,11.3,NH,Asphalt,1,0,0,61,3.7,0,GOOD,0.226
NH-27,Amingaon-Rangia Hwy Sec-11,Assam,Kamrup Rural,26.192,91.6426,26.2165,91.6588,17.4,NH,Asphalt,1,1,0,55,2.3,0,GOOD,0.202
NH-15,North Bank Hwy Sec-12,Assam,Darrang,26.4101,92.1378,26.4369,92.1688,14.1,NH,Asphalt,0,1,0,47,0.4,0,GOOD,0.163
NH-15,Tezpur-Biswanath Hwy Sec-13,Assam,Sonitpur,26.6887,92.7143,26.7254,92.7337,7.8,NH,Concrete,0,0,0,96,2.6,0,GOOD,0.074
NH-37,Upper Assam Hwy Sec-14,Assam,Dibrugarh,27.4929,95.0603,27.5135,95.0925,17.2,NH,Asphalt,0,1,0,60,2.3,1,POOR,0.572
NH-37,Silchar-Badarpur Corridor Sec-15,Assam,Cachar,24.9444,92.793,24.9624,92.8105,17.7,NH,Concrete,0,1,0,67,3.2,1,POOR,0.532
NH-27,Kaziranga Bypass Sec-16,Assam,Nagaon,26.2234,92.6281,26.2521,92.6585,7.7,NH,Asphalt,0,1,0,123,0.4,0,GOOD,0.208
NH-206,Shillong-Dawki Hwy Sec-17,Meghalaya,East Khasi Hills,25.6018,91.8493,25.6293,91.8918,12.8,NH,Asphalt,0,0,0,1439,28.9,0,POOR,0.624
NH-127B,Nongstoin Road Sec-18,Meghalaya,West Khasi Hills,25.4374,91.252,25.4725,91.2937,16.6,NH,Asphalt,0,0,0,1252,29.3,0,POOR,0.659
NH-06,Guwahati-Shillong Expressway Sec-19,Meghalaya,Ri-Bhoi,26.0272,92.0119,26.0558,92.0284,15.6,NH,Asphalt,0,0,0,562,16.4,0,FAIR,0.253
NH-06,Jowai Bypass Sec-20,Meghalaya,West Jaintia Hills,25.386,92.1727,25.4097,92.1888,13.0,NH,Asphalt,0,0,0,1349,28.1,0,POOR,0.636
NH-10,Sevoke-Gangtok Hwy Sec-1,Sikkim,East Sikkim,27.2989,88.71,27.3207,88.7295,5.9,NH,Asphalt,0,1,0,1630,41.4,1,CRITICAL,0.906
NH-310,Mangan-Chungthang Road Sec-2,Sikkim,North Sikkim,27.5018,88.4788,27.5459,88.5123,13.9,NH,Asphalt,0,1,1,2502,51.0,1,CRITICAL,0.874
NH-510,Namchi-Jorethang Rd Sec-3,Sikkim,South Sikkim,27.3132,88.2171,27.3335,88.2417,16.5,NH,Asphalt,0,1,0,1341,34.9,0,POOR,0.48
NH-29,Dimapur-Kohima Corridor Sec-4,Nagaland,Kohima,25.5275,94.2145,25.5654,94.2443,6.8,NH,Asphalt,0,0,0,1417,35.2,0,POOR,0.469
NH-29,Dimapur Gateway Sec-5,Nagaland,Dimapur,26.0129,93.6444,26.0322,93.6742,9.7,NH,Asphalt,0,1,0,246,3.6,0,GOOD,0.054
NH-02,Mokokchung-Amguri Rd Sec-6,Nagaland,Mokokchung,26.3148,94.5627,26.3374,94.5843,10.6,NH,Asphalt,0,0,0,1375,32.6,0,POOR,0.595
NH-02,Imphal Ring Road Sec-7,Manipur,Imphal West,24.7211,93.8193,24.741,93.8451,8.4,NH,Asphalt,0,1,0,843,1.7,0,GOOD,0.176
NH-02,Imphal-Churachandpur Hwy Sec-8,Manipur,Bishnupur,24.6029,93.6338,24.6222,93.6601,9.6,NH,Asphalt,0,1,0,753,6.0,0,GOOD,0.247
NH-02,Mao-Maram Highway Sec-9,Manipur,Senapati,25.3207,94.0029,25.3453,94.0422,12.5,NH,Asphalt,0,0,0,1225,29.3,0,POOR,0.542
NH-54,Silchar-Aizawl Hwy Sec-10,Mizoram,Aizawl,23.8617,92.6113,23.8961,92.6518,7.1,NH,Asphalt,0,0,0,1097,32.1,0,POOR,0.526
NH-54,Vairengte-Kolasib Corridor Sec-11,Mizoram,Kolasib,24.2503,92.6441,24.2712,92.6812,13.8,NH,Asphalt,0,0,0,669,26.0,0,POOR,0.594
NH-54,Aizawl-Lunglei Road Sec-12,Mizoram,Lunglei,23.0236,92.654,23.0631,92.6751,8.4,NH,Asphalt,0,0,0,987,33.3,0,POOR,0.64
NH-08,Assam-Agartala National Hwy Sec-13,Tripura,West Tripura,23.8866,91.2178,23.9107,91.2591,15.8,NH,Asphalt,0,0,0,56,0.5,0,GOOD,0.237
NH-08,Agartala-Udaipur Hwy Sec-14,Tripura,Sipahijala,23.5672,91.1865,23.6074,91.2165,12.6,NH,Asphalt,0,0,0,83,4.1,0,GOOD,0.211
NH-08,Ambassa Corridor Sec-15,Tripura,Dhalai,23.8574,91.9009,23.8728,91.9298,15.4,NH,Concrete,0,0,0,113,10.4,0,FAIR,0.335
NH-13,Bhalukpong-Tawang Hwy Sec-16,Arunachal Pradesh,Tawang,27.7046,91.838,27.7308,91.8735,14.8,NH,Asphalt,0,0,1,2936,43.5,0,CRITICAL,0.84
NH-13,Trans-Arunachal Hwy Sec-17,Arunachal Pradesh,West Kameng,27.3971,92.4104,27.4326,92.4275,14.8,NH,Asphalt,0,0,1,2208,38.9,0,CRITICAL,0.888
NH-415,Itanagar-Naharlagun Corridor Sec-18,Arunachal Pradesh,Papum Pare,27.1594,93.573,27.1838,93.6116,10.6,NH,Asphalt,0,0,0,348,18.9,0,FAIR,0.348
NH-515,Pasighat Corridor Sec-19,Arunachal Pradesh,East Siang,28.0843,95.4441,28.107,95.4802,7.0,NH,Asphalt,0,1,0,120,7.1,0,GOOD,0.093
NH-13,Ziro-Yachuli Road Sec-20,Arunachal Pradesh,Lower Subansiri,27.585,93.7771,27.6197,93.7969,16.3,NH,Asphalt,0,0,0,1605,34.6,0,POOR,0.489
NH-27,East-West Corridor Sec-1,Assam,Kamrup Metropolitan,26.2155,91.6812,26.2527,91.7086,8.1,NH,Asphalt,1,0,0,20,3.2,0,GOOD,0.05
NH-27,Amingaon-Rangia Hwy Sec-2,Assam,Kamrup Rural,26.1848,91.5069,26.2094,91.527,16.8,NH,Asphalt,1,1,0,99,3.2,0,GOOD,0.194
NH-15,North Bank Hwy Sec-3,Assam,Darrang,26.4582,91.8821,26.4756,91.9091,11.8,NH,Concrete,0,1,0,49,3.3,0,GOOD,0.072
NH-15,Tezpur-Biswanath Hwy Sec-4,Assam,Sonitpur,26.6741,92.8343,26.7072,92.8501,9.5,NH,Asphalt,0,1,0,92,0.4,0,GOOD,0.099
NH-37,Upper Assam Hwy Sec-5,Assam,Dibrugarh,27.6165,94.8881,27.6362,94.9209,6.1,NH,Asphalt,0,1,0,117,2.2,0,GOOD,0.11
NH-37,Silchar-Badarpur Corridor Sec-6,Assam,Cachar,24.7481,92.6918,24.789,92.7347,10.0,NH,Concrete,0,1,0,20,4.2,1,GOOD,0.162
NH-27,Kaziranga Bypass Sec-7,Assam,Nagaon,26.1995,92.7781,26.2322,92.8026,13.5,NH,Asphalt,1,1,0,20,0.4,0,GOOD,0.13
NH-206,Shillong-Dawki Hwy Sec-8,Meghalaya,East Khasi Hills,25.6745,91.7807,25.6968,91.8158,15.5,NH,Asphalt,0,0,0,1493,31.2,0,POOR,0.605
NH-127B,Nongstoin Road Sec-9,Meghalaya,West Khasi Hills,25.4831,91.2157,25.5175,91.2359,12.9,NH,Asphalt,0,0,0,1289,27.6,0,POOR,0.463
NH-06,Guwahati-Shillong Expressway Sec-10,Meghalaya,Ri-Bhoi,25.8507,92.0079,25.8746,92.0458,6.9,NH,Asphalt,0,0,0,548,16.1,0,FAIR,0.275
NH-06,Jowai Bypass Sec-11,Meghalaya,West Jaintia Hills,25.4785,92.2128,25.5064,92.2301,13.5,NH,Asphalt,0,0,0,1318,24.9,0,POOR,0.565
NH-10,Sevoke-Gangtok Hwy Sec-12,Sikkim,East Sikkim,27.393,88.6467,27.4267,88.6625,13.5,NH,Asphalt,0,1,0,1679,42.6,0,CRITICAL,0.774
NH-310,Mangan-Chungthang Road Sec-13,Sikkim,North Sikkim,27.6071,88.6986,27.6323,88.7194,14.3,NH,Asphalt,0,1,1,2493,50.2,1,CRITICAL,0.765
NH-510,Namchi-Jorethang Rd Sec-14,Sikkim,South Sikkim,27.0249,88.4797,27.0466,88.5108,16.0,NH,Asphalt,0,1,0,1253,36.2,0,POOR,0.465
NH-29,Dimapur-Kohima Corridor Sec-15,Nagaland,Kohima,25.8033,93.9885,25.8196,94.0207,16.0,NH,Asphalt,0,0,0,1436,35.8,0,POOR,0.656
NH-29,Dimapur Gateway Sec-16,Nagaland,Dimapur,25.9571,93.833,25.9788,93.8737,5.4,NH,Asphalt,0,0,0,162,2.4,0,GOOD,0.188
NH-02,Mokokchung-Amguri Rd Sec-17,Nagaland,Mokokchung,26.2893,94.4287,26.3236,94.449,6.5,NH,Asphalt,0,0,0,1320,33.3,0,POOR,0.478
NH-02,Imphal Ring Road Sec-18,Manipur,Imphal West,24.9051,93.926,24.9486,93.9462,5.5,NH,Asphalt,0,1,0,841,3.8,0,GOOD,0.063
NH-02,Imphal-Churachandpur Hwy Sec-19,Manipur,Bishnupur,24.7047,93.6168,24.7422,93.6471,16.8,NH,Asphalt,0,1,0,757,4.9,0,GOOD,0.245
NH-02,Mao-Maram Highway Sec-20,Manipur,Senapati,25.1903,94.0576,25.2087,94.0838,6.6,NH,Asphalt,0,0,0,1229,31.2,0,POOR,0.607
NH-54,Silchar-Aizawl Hwy Sec-1,Mizoram,Aizawl,23.7015,92.6401,23.7296,92.6676,11.2,NH,Asphalt,0,0,0,1185,35.0,0,POOR,0.546
NH-54,Vairengte-Kolasib Corridor Sec-2,Mizoram,Kolasib,24.0779,92.7672,24.1049,92.809,5.9,NH,Asphalt,0,0,0,657,26.1,0,POOR,0.611
NH-54,Aizawl-Lunglei Road Sec-3,Mizoram,Lunglei,22.91,92.6905,22.9425,92.7214,8.0,NH,Asphalt,0,0,0,1033,34.0,0,POOR,0.624
NH-08,Assam-Agartala National Hwy Sec-4,Tripura,West Tripura,23.9735,91.1946,24.0046,91.2213,17.8,NH,Asphalt,0,0,0,57,1.6,0,GOOD,0.206
NH-08,Agartala-Udaipur Hwy Sec-5,Tripura,Sipahijala,23.7646,91.2907,23.8047,91.3259,5.1,NH,Asphalt,0,0,0,92,3.7,0,GOOD,0.146
NH-08,Ambassa Corridor Sec-6,Tripura,Dhalai,23.7521,91.9713,23.7842,92.0014,17.1,NH,Asphalt,0,0,0,146,10.3,0,FAIR,0.336
NH-13,Bhalukpong-Tawang Hwy Sec-7,Arunachal Pradesh,Tawang,27.6491,91.7473,27.6798,91.7696,8.7,NH,Asphalt,0,0,1,2855,45.2,0,CRITICAL,0.702
NH-13,Trans-Arunachal Hwy Sec-8,Arunachal Pradesh,West Kameng,27.3674,92.4541,27.3922,92.4912,9.7,NH,Asphalt,0,0,0,2173,39.7,0,CRITICAL,0.904
NH-415,Itanagar-Naharlagun Corridor Sec-9,Arunachal Pradesh,Papum Pare,27.0471,93.4946,27.0742,93.538,9.9,NH,Asphalt,0,0,0,263,18.2,0,FAIR,0.371
NH-515,Pasighat Corridor Sec-10,Arunachal Pradesh,East Siang,28.094,95.1843,28.1183,95.2217,12.5,NH,Asphalt,0,1,0,185,9.4,0,GOOD,0.091
NH-13,Ziro-Yachuli Road Sec-11,Arunachal Pradesh,Lower Subansiri,27.5715,93.6876,27.6082,93.7091,13.4,NH,Asphalt,0,0,0,1593,30.6,0,POOR,0.662
NH-27,East-West Corridor Sec-12,Assam,Kamrup Metropolitan,26.184,91.6936,26.2024,91.7128,17.1,NH,Asphalt,1,1,0,25,2.0,0,GOOD,0.233
NH-27,Amingaon-Rangia Hwy Sec-13,Assam,Kamrup Rural,26.0931,91.6641,26.1139,91.6796,13.8,NH,Concrete,1,0,0,90,2.3,0,GOOD,0.248
NH-15,North Bank Hwy Sec-14,Assam,Darrang,26.5331,92.0788,26.5557,92.1003,17.6,NH,Concrete,0,1,0,27,0.4,1,POOR,0.651
NH-15,Tezpur-Biswanath Hwy Sec-15,Assam,Sonitpur,26.4907,92.938,26.5203,92.9683,16.4,NH,Asphalt,0,1,0,128,0.4,0,GOOD,0.25
NH-37,Upper Assam Hwy Sec-16,Assam,Dibrugarh,27.5016,94.7941,27.5376,94.8125,10.9,NH,Asphalt,0,1,0,84,0.4,1,GOOD,0.099
NH-37,Silchar-Badarpur Corridor Sec-17,Assam,Cachar,24.7065,92.8823,24.7261,92.9201,12.4,NH,Asphalt,0,1,0,81,3.5,1,POOR,0.644
NH-27,Kaziranga Bypass Sec-18,Assam,Nagaon,26.3425,92.5406,26.3759,92.5729,11.6,NH,Asphalt,0,0,0,20,0.9,0,GOOD,0.215
NH-206,Shillong-Dawki Hwy Sec-19,Meghalaya,East Khasi Hills,25.4919,91.8693,25.5129,91.9064,4.8,NH,Asphalt,0,0,0,1543,29.6,0,POOR,0.503
NH-127B,Nongstoin Road Sec-20,Meghalaya,West Khasi Hills,25.6026,91.1639,25.6242,91.1919,10.0,NH,Asphalt,0,0,0,1221,30.0,0,POOR,0.473
NH-06,Guwahati-Shillong Expressway Sec-1,Meghalaya,Ri-Bhoi,25.9394,91.9864,25.9765,92.0238,14.0,NH,Asphalt,0,0,0,505,18.9,0,FAIR,0.446
NH-06,Jowai Bypass Sec-2,Meghalaya,West Jaintia Hills,25.4452,92.2342,25.4621,92.2596,7.2,NH,Asphalt,0,0,0,1339,23.5,0,FAIR,0.309
NH-10,Sevoke-Gangtok Hwy Sec-3,Sikkim,East Sikkim,27.2653,88.493,27.2851,88.5181,11.8,NH,Asphalt,0,1,0,1667,39.6,1,CRITICAL,0.892
NH-310,Mangan-Chungthang Road Sec-4,Sikkim,North Sikkim,27.5035,88.4457,27.5242,88.4636,8.8,NH,Asphalt,0,1,1,2500,47.8,0,CRITICAL,0.701
NH-510,Namchi-Jorethang Rd Sec-5,Sikkim,South Sikkim,27.0288,88.2416,27.0452,88.2809,8.1,NH,Asphalt,0,1,0,1250,37.3,0,POOR,0.455
NH-29,Dimapur-Kohima Corridor Sec-6,Nagaland,Kohima,25.6054,94.1031,25.647,94.1451,11.9,NH,Asphalt,0,0,0,1391,35.0,0,POOR,0.557
NH-29,Dimapur Gateway Sec-7,Nagaland,Dimapur,25.8451,93.8011,25.8602,93.8268,13.8,NH,Asphalt,0,0,0,198,3.5,0,GOOD,0.098
NH-02,Mokokchung-Amguri Rd Sec-8,Nagaland,Mokokchung,26.4517,94.445,26.4944,94.4853,12.8,NH,Asphalt,0,0,0,1285,31.9,0,POOR,0.609
NH-02,Imphal Ring Road Sec-9,Manipur,Imphal West,24.7513,93.9046,24.7861,93.9365,12.8,NH,Asphalt,0,1,0,799,3.7,0,GOOD,0.163
NH-02,Imphal-Churachandpur Hwy Sec-10,Manipur,Bishnupur,24.5321,93.6762,24.5489,93.7031,13.9,NH,Asphalt,0,1,0,802,3.4,0,GOOD,0.065
NH-02,Mao-Maram Highway Sec-11,Manipur,Senapati,25.2371,94.0841,25.257,94.1128,10.4,NH,Asphalt,0,0,0,1294,28.6,0,POOR,0.487
NH-54,Silchar-Aizawl Hwy Sec-12,Mizoram,Aizawl,23.692,92.6275,23.7143,92.6493,15.9,NH,Asphalt,0,0,0,1115,32.4,0,POOR,0.539
NH-54,Vairengte-Kolasib Corridor Sec-13,Mizoram,Kolasib,24.0893,92.5802,24.1341,92.6014,16.3,NH,Asphalt,0,0,0,554,26.8,0,POOR,0.493
NH-54,Aizawl-Lunglei Road Sec-14,Mizoram,Lunglei,22.8529,92.7712,22.8862,92.7978,15.2,NH,Asphalt,0,0,0,1072,32.2,0,POOR,0.632
NH-08,Assam-Agartala National Hwy Sec-15,Tripura,West Tripura,23.7872,91.1458,23.831,91.1672,11.0,NH,Asphalt,0,0,0,20,3.6,0,GOOD,0.133
NH-08,Agartala-Udaipur Hwy Sec-16,Tripura,Sipahijala,23.5408,91.2356,23.5583,91.2607,6.0,NH,Asphalt,0,0,0,20,3.8,0,GOOD,0.069
NH-08,Ambassa Corridor Sec-17,Tripura,Dhalai,23.9339,91.7367,23.9652,91.776,15.7,NH,Asphalt,0,0,0,120,12.9,0,FAIR,0.347
NH-13,Bhalukpong-Tawang Hwy Sec-18,Arunachal Pradesh,Tawang,27.5002,91.8796,27.5271,91.8977,10.4,NH,Asphalt,0,0,1,2881,46.5,0,CRITICAL,0.72
NH-13,Trans-Arunachal Hwy Sec-19,Arunachal Pradesh,West Kameng,27.2302,92.4464,27.2543,92.4847,4.5,NH,Asphalt,0,0,1,2207,36.6,0,CRITICAL,0.728
NH-415,Itanagar-Naharlagun Corridor Sec-20,Arunachal Pradesh,Papum Pare,27.1653,93.7505,27.1825,93.7702,11.3,NH,Asphalt,0,0,0,363,20.3,0,FAIR,0.298
NH-515,Pasighat Corridor Sec-1,Arunachal Pradesh,East Siang,28.1838,95.3025,28.2035,95.3445,14.2,NH,Asphalt,0,1,0,191,8.9,0,GOOD,0.222
NH-13,Ziro-Yachuli Road Sec-2,Arunachal Pradesh,Lower Subansiri,27.4594,93.6949,27.479,93.7301,16.0,NH,Asphalt,0,0,0,1563,32.4,0,POOR,0.663
NH-27,East-West Corridor Sec-3,Assam,Kamrup Metropolitan,26.1209,91.6234,26.1578,91.6451,16.6,NH,Asphalt,0,0,0,20,1.7,0,GOOD,0.215
NH-27,Amingaon-Rangia Hwy Sec-4,Assam,Kamrup Rural,26.1059,91.4184,26.1466,91.4493,8.9,NH,Asphalt,0,0,0,20,1.6,0,GOOD,0.117
NH-15,North Bank Hwy Sec-5,Assam,Darrang,26.5984,92.1545,26.6344,92.1817,16.6,NH,Asphalt,0,1,0,28,0.4,0,GOOD,0.104
NH-15,Tezpur-Biswanath Hwy Sec-6,Assam,Sonitpur,26.4949,92.8026,26.5127,92.8189,14.7,NH,Asphalt,0,1,0,85,0.4,0,GOOD,0.16
NH-37,Upper Assam Hwy Sec-7,Assam,Dibrugarh,27.3436,94.7905,27.3834,94.8105,13.1,NH,Asphalt,0,1,0,150,0.4,0,GOOD,0.194
NH-37,Silchar-Badarpur Corridor Sec-8,Assam,Cachar,24.7785,92.7326,24.8215,92.7633,16.1,NH,Asphalt,0,1,0,20,2.1,1,POOR,0.678
NH-27,Kaziranga Bypass Sec-9,Assam,Nagaon,26.3789,92.652,26.4013,92.6693,6.2,NH,Asphalt,0,1,0,93,3.4,0,GOOD,0.076
NH-206,Shillong-Dawki Hwy Sec-10,Meghalaya,East Khasi Hills,25.6211,92.0164,25.6396,92.0589,13.9,NH,Asphalt,0,0,0,1537,29.9,0,POOR,0.461
NH-127B,Nongstoin Road Sec-11,Meghalaya,West Khasi Hills,25.3688,91.1244,25.3944,91.1572,12.3,NH,Asphalt,0,0,0,1221,26.2,0,POOR,0.61
NH-06,Guwahati-Shillong Expressway Sec-12,Meghalaya,Ri-Bhoi,26.0084,91.9473,26.0394,91.9697,13.9,NH,Asphalt,0,0,0,518,14.9,0,FAIR,0.416
NH-06,Jowai Bypass Sec-13,Meghalaya,West Jaintia Hills,25.5707,92.1607,25.5962,92.1906,14.4,NH,Asphalt,0,0,0,1385,26.2,0,POOR,0.645
NH-10,Sevoke-Gangtok Hwy Sec-14,Sikkim,East Sikkim,27.3954,88.4722,27.4109,88.5087,14.4,NH,Asphalt,0,1,0,1703,43.4,1,CRITICAL,0.849
NH-310,Mangan-Chungthang Road Sec-15,Sikkim,North Sikkim,27.6341,88.4225,27.6701,88.4488,13.9,NH,Asphalt,0,1,1,2432,49.4,0,CRITICAL,0.91
NH-510,Namchi-Jorethang Rd Sec-16,Sikkim,South Sikkim,27.1339,88.4096,27.1736,88.4406,14.8,NH,Asphalt,0,1,0,1358,34.4,0,POOR,0.568
NH-29,Dimapur-Kohima Corridor Sec-17,Nagaland,Kohima,25.563,94.2172,25.5963,94.2428,15.7,NH,Asphalt,0,0,0,1476,36.2,0,POOR,0.66
NH-29,Dimapur Gateway Sec-18,Nagaland,Dimapur,26.0254,93.7686,26.0446,93.797,8.7,NH,Asphalt,0,0,0,220,1.9,0,GOOD,0.244
NH-02,Mokokchung-Amguri Rd Sec-19,Nagaland,Mokokchung,26.3484,94.5684,26.3786,94.6004,17.4,NH,Asphalt,0,0,0,1295,30.1,0,POOR,0.645
NH-02,Imphal Ring Road Sec-20,Manipur,Imphal West,24.7347,93.8659,24.76,93.8876,8.2,NH,Asphalt,0,1,0,762,3.3,0,GOOD,0.112
NH-02,Imphal-Churachandpur Hwy Sec-1,Manipur,Bishnupur,24.7331,93.6872,24.7612,93.7213,14.8,NH,Asphalt,0,1,0,792,4.7,1,POOR,0.495
NH-02,Mao-Maram Highway Sec-2,Manipur,Senapati,25.1334,94.1515,25.1705,94.1931,12.3,NH,Asphalt,0,0,0,1197,28.1,0,POOR,0.576
NH-54,Silchar-Aizawl Hwy Sec-3,Mizoram,Aizawl,23.7175,92.6831,23.7507,92.7115,13.0,NH,Asphalt,0,0,0,1132,31.0,0,POOR,0.554
NH-54,Vairengte-Kolasib Corridor Sec-4,Mizoram,Kolasib,24.2472,92.6883,24.2665,92.7218,10.2,NH,Asphalt,0,0,0,659,23.6,0,FAIR,0.426
NH-54,Aizawl-Lunglei Road Sec-5,Mizoram,Lunglei,22.9426,92.7866,22.9873,92.8107,14.8,NH,Asphalt,0,0,0,1068,31.5,0,POOR,0.473
NH-08,Assam-Agartala National Hwy Sec-6,Tripura,West Tripura,23.7471,91.2459,23.7793,91.2728,4.8,NH,Concrete,0,0,0,32,3.9,0,GOOD,0.102
NH-08,Agartala-Udaipur Hwy Sec-7,Tripura,Sipahijala,23.719,91.2184,23.7575,91.2471,13.8,NH,Asphalt,0,0,0,20,2.6,0,GOOD,0.2
NH-08,Ambassa Corridor Sec-8,Tripura,Dhalai,23.9854,91.8732,24.0172,91.9088,16.0,NH,Concrete,0,0,0,93,10.2,0,FAIR,0.269
NH-13,Bhalukpong-Tawang Hwy Sec-9,Arunachal Pradesh,Tawang,27.6596,91.7816,27.6829,91.8252,7.1,NH,Asphalt,0,0,1,2954,44.3,0,CRITICAL,0.771
NH-13,Trans-Arunachal Hwy Sec-10,Arunachal Pradesh,West Kameng,27.2574,92.4252,27.2906,92.4553,8.6,NH,Asphalt,0,0,0,2185,36.8,0,POOR,0.539
NH-415,Itanagar-Naharlagun Corridor Sec-11,Arunachal Pradesh,Papum Pare,26.9756,93.596,27.0029,93.6183,15.8,NH,Asphalt,0,0,0,279,18.0,0,FAIR,0.375
NH-515,Pasighat Corridor Sec-12,Arunachal Pradesh,East Siang,28.0161,95.3084,28.0467,95.3423,7.3,NH,Asphalt,0,1,0,142,7.2,0,GOOD,0.082
NH-13,Ziro-Yachuli Road Sec-13,Arunachal Pradesh,Lower Subansiri,27.6196,93.8068,27.6507,93.8378,18.0,NH,Asphalt,0,0,0,1537,30.8,0,POOR,0.648
NH-27,East-West Corridor Sec-14,Assam,Kamrup Metropolitan,26.0773,91.7684,26.1011,91.8009,4.9,NH,Concrete,1,0,0,61,0.9,0,GOOD,0.14
NH-27,Amingaon-Rangia Hwy Sec-15,Assam,Kamrup Rural,26.2289,91.6997,26.262,91.7346,11.4,NH,Asphalt,1,0,0,26,0.4,0,GOOD,0.233
NH-15,North Bank Hwy Sec-16,Assam,Darrang,26.4746,91.9526,26.5185,91.9711,16.5,NH,Concrete,0,1,0,60,0.4,1,POOR,0.558
NH-15,Tezpur-Biswanath Hwy Sec-17,Assam,Sonitpur,26.6699,92.8573,26.6969,92.9011,5.0,NH,Asphalt,0,1,0,68,1.6,0,GOOD,0.105
NH-37,Upper Assam Hwy Sec-18,Assam,Dibrugarh,27.57,94.9695,27.6016,95.0116,4.7,NH,Asphalt,0,1,0,111,0.4,0,GOOD,0.078
NH-37,Silchar-Badarpur Corridor Sec-19,Assam,Cachar,24.7876,92.7153,24.8107,92.7553,9.3,NH,Concrete,0,1,0,41,0.7,1,POOR,0.451
NH-27,Kaziranga Bypass Sec-20,Assam,Nagaon,26.2507,92.8063,26.2723,92.838,11.8,NH,Asphalt,0,1,0,83,0.9,0,GOOD,0.156
NH-206,Shillong-Dawki Hwy Sec-1,Meghalaya,East Khasi Hills,25.7008,91.8149,25.7399,91.8398,8.6,NH,Asphalt,0,0,0,1470,31.4,0,POOR,0.475
NH-127B,Nongstoin Road Sec-2,Meghalaya,West Khasi Hills,25.4596,91.2466,25.499,91.2781,12.9,NH,Asphalt,0,0,0,1221,28.8,0,POOR,0.54
NH-06,Guwahati-Shillong Expressway Sec-3,Meghalaya,Ri-Bhoi,25.7562,92.0223,25.7933,92.0452,16.0,NH,Asphalt,0,0,0,602,14.4,0,FAIR,0.368
NH-06,Jowai Bypass Sec-4,Meghalaya,West Jaintia Hills,25.5559,92.2282,25.6007,92.2598,10.1,NH,Asphalt,0,0,0,1330,26.4,0,POOR,0.513
NH-10,Sevoke-Gangtok Hwy Sec-5,Sikkim,East Sikkim,27.2632,88.4893,27.3042,88.5047,17.0,NH,Asphalt,0,1,0,1694,39.6,1,CRITICAL,0.739
NH-310,Mangan-Chungthang Road Sec-6,Sikkim,North Sikkim,27.4372,88.4685,27.4656,88.4946,4.7,NH,Asphalt,0,1,1,2454,46.8,1,CRITICAL,0.87
NH-510,Namchi-Jorethang Rd Sec-7,Sikkim,South Sikkim,27.0482,88.2914,27.0632,88.3078,9.2,NH,Asphalt,0,1,0,1334,35.4,0,POOR,0.668
NH-29,Dimapur-Kohima Corridor Sec-8,Nagaland,Kohima,25.6303,94.1223,25.657,94.1577,5.9,NH,Asphalt,0,0,0,1464,35.7,0,POOR,0.473
NH-29,Dimapur Gateway Sec-9,Nagaland,Dimapur,25.7609,93.6833,25.8026,93.7217,9.3,NH,Asphalt,0,0,0,225,3.0,0,GOOD,0.081
NH-02,Mokokchung-Amguri Rd Sec-10,Nagaland,Mokokchung,26.3742,94.6295,26.3953,94.6718,17.3,NH,Asphalt,0,0,0,1367,31.5,0,POOR,0.671
NH-02,Imphal Ring Road Sec-11,Manipur,Imphal West,24.8727,94.0053,24.8993,94.0232,8.0,NH,Asphalt,0,1,0,727,0.4,0,GOOD,0.058
NH-02,Imphal-Churachandpur Hwy Sec-12,Manipur,Bishnupur,24.5485,93.9127,24.5805,93.9525,17.7,NH,Asphalt,0,1,0,755,3.5,1,POOR,0.675
NH-02,Mao-Maram Highway Sec-13,Manipur,Senapati,25.3323,94.152,25.3672,94.1939,8.5,NH,Asphalt,0,0,0,1236,28.0,0,POOR,0.451
NH-54,Silchar-Aizawl Hwy Sec-14,Mizoram,Aizawl,23.8533,92.6809,23.8818,92.6975,14.8,NH,Asphalt,0,0,0,1083,35.3,0,POOR,0.651
NH-54,Vairengte-Kolasib Corridor Sec-15,Mizoram,Kolasib,24.2736,92.7998,24.316,92.8422,13.3,NH,Asphalt,0,0,0,607,26.9,0,POOR,0.521
NH-54,Aizawl-Lunglei Road Sec-16,Mizoram,Lunglei,22.7825,92.8631,22.8134,92.883,16.4,NH,Asphalt,0,0,0,1004,33.4,0,POOR,0.666
NH-08,Assam-Agartala National Hwy Sec-17,Tripura,West Tripura,23.8067,91.435,23.8458,91.4509,13.0,NH,Concrete,0,0,0,20,0.6,0,GOOD,0.113
NH-08,Agartala-Udaipur Hwy Sec-18,Tripura,Sipahijala,23.6956,91.4123,23.7218,91.4479,5.1,NH,Concrete,0,0,0,20,2.7,0,GOOD,0.181
NH-08,Ambassa Corridor Sec-19,Tripura,Dhalai,23.9904,91.9377,24.0143,91.9812,7.9,NH,Asphalt,0,0,0,116,10.1,0,FAIR,0.266
NH-13,Bhalukpong-Tawang Hwy Sec-20,Arunachal Pradesh,Tawang,27.7143,91.7535,27.7574,91.7803,8.2,NH,Asphalt,0,0,1,2927,42.8,0,CRITICAL,0.753
NH-13,Trans-Arunachal Hwy Sec-1,Arunachal Pradesh,West Kameng,27.3016,92.4652,27.3269,92.4929,16.7,NH,Asphalt,0,0,0,2178,37.9,0,POOR,0.628
NH-415,Itanagar-Naharlagun Corridor Sec-2,Arunachal Pradesh,Papum Pare,27.0388,93.6028,27.0658,93.6453,6.7,NH,Asphalt,0,0,0,287,17.4,0,FAIR,0.356
NH-515,Pasighat Corridor Sec-3,Arunachal Pradesh,East Siang,27.932,95.2677,27.9752,95.294,15.1,NH,Asphalt,0,1,0,150,8.5,0,GOOD,0.236
NH-13,Ziro-Yachuli Road Sec-4,Arunachal Pradesh,Lower Subansiri,27.415,93.7213,27.4338,93.746,9.1,NH,Asphalt,0,0,0,1612,31.3,0,POOR,0.549
NH-27,East-West Corridor Sec-5,Assam,Kamrup Metropolitan,26.1941,91.8169,26.227,91.8581,6.3,NH,Asphalt,0,0,0,20,3.5,0,GOOD,0.224
NH-27,Amingaon-Rangia Hwy Sec-6,Assam,Kamrup Rural,26.0778,91.6319,26.0983,91.6726,6.2,NH,Concrete,1,1,0,53,1.3,0,GOOD,0.14
NH-15,North Bank Hwy Sec-7,Assam,Darrang,26.3677,92.023,26.4107,92.0574,8.5,NH,Asphalt,0,1,0,37,0.4,0,GOOD,0.246
NH-15,Tezpur-Biswanath Hwy Sec-8,Assam,Sonitpur,26.5997,92.7623,26.6225,92.7865,16.7,NH,Asphalt,0,1,0,133,0.4,0,GOOD,0.242
NH-37,Upper Assam Hwy Sec-9,Assam,Dibrugarh,27.4134,94.8552,27.4371,94.8938,9.5,NH,Concrete,0,1,0,120,0.5,0,GOOD,0.116
NH-37,Silchar-Badarpur Corridor Sec-10,Assam,Cachar,24.9246,92.6707,24.9527,92.6908,15.9,NH,Asphalt,0,1,0,63,0.4,1,POOR,0.654
NH-27,Kaziranga Bypass Sec-11,Assam,Nagaon,26.3615,92.6243,26.3925,92.6487,11.1,NH,Concrete,1,0,0,20,0.4,0,GOOD,0.22
NH-206,Shillong-Dawki Hwy Sec-12,Meghalaya,East Khasi Hills,25.5671,91.7983,25.5921,91.8237,5.9,NH,Asphalt,0,0,0,1530,32.4,0,POOR,0.498
NH-127B,Nongstoin Road Sec-13,Meghalaya,West Khasi Hills,25.4016,91.2426,25.4376,91.2835,12.5,NH,Asphalt,0,0,0,1260,28.0,0,POOR,0.594
NH-06,Guwahati-Shillong Expressway Sec-14,Meghalaya,Ri-Bhoi,25.8573,91.8363,25.8724,91.8588,6.2,NH,Asphalt,0,0,0,549,16.1,0,FAIR,0.265
NH-06,Jowai Bypass Sec-15,Meghalaya,West Jaintia Hills,25.3083,92.2177,25.3288,92.2354,16.2,NH,Asphalt,0,0,0,1368,25.6,0,POOR,0.642
NH-10,Sevoke-Gangtok Hwy Sec-16,Sikkim,East Sikkim,27.3735,88.5472,27.4164,88.5856,7.7,NH,Asphalt,0,1,0,1621,42.4,1,CRITICAL,0.738
NH-310,Mangan-Chungthang Road Sec-17,Sikkim,North Sikkim,27.5363,88.67,27.5747,88.6893,17.6,NH,Asphalt,0,1,1,2502,47.5,0,CRITICAL,0.716
NH-510,Namchi-Jorethang Rd Sec-18,Sikkim,South Sikkim,27.1378,88.3209,27.1676,88.3487,8.2,NH,Asphalt,0,1,0,1240,36.0,0,POOR,0.542
NH-29,Dimapur-Kohima Corridor Sec-19,Nagaland,Kohima,25.6805,94.2104,25.7148,94.2473,12.8,NH,Asphalt,0,0,0,1390,33.6,0,POOR,0.583
NH-29,Dimapur Gateway Sec-20,Nagaland,Dimapur,25.9518,93.6775,25.9835,93.7139,8.8,NH,Asphalt,0,0,0,147,5.4,0,GOOD,0.221
NH-02,Mokokchung-Amguri Rd Sec-1,Nagaland,Mokokchung,26.3822,94.6293,26.4026,94.6644,6.8,NH,Asphalt,0,0,0,1275,32.2,0,POOR,0.674
NH-02,Imphal Ring Road Sec-2,Manipur,Imphal West,24.8888,93.8027,24.9291,93.8219,16.1,NH,Asphalt,0,1,0,751,2.3,0,GOOD,0.138
NH-02,Imphal-Churachandpur Hwy Sec-3,Manipur,Bishnupur,24.7726,93.6554,24.7906,93.6739,11.3,NH,Asphalt,0,1,0,824,4.4,0,GOOD,0.062
NH-02,Mao-Maram Highway Sec-4,Manipur,Senapati,25.2003,93.9533,25.23,93.9867,10.6,NH,Asphalt,0,0,0,1309,27.0,0,POOR,0.622
NH-54,Silchar-Aizawl Hwy Sec-5,Mizoram,Aizawl,23.7834,92.602,23.8,92.6445,11.6,NH,Asphalt,0,0,0,1070,31.3,0,POOR,0.58
NH-54,Vairengte-Kolasib Corridor Sec-6,Mizoram,Kolasib,24.2259,92.6042,24.26,92.6301,12.6,NH,Asphalt,0,0,0,563,24.4,0,POOR,0.553
NH-54,Aizawl-Lunglei Road Sec-7,Mizoram,Lunglei,22.8631,92.6067,22.8858,92.6353,8.1,NH,Asphalt,0,0,0,975,30.5,0,POOR,0.521
NH-08,Assam-Agartala National Hwy Sec-8,Tripura,West Tripura,23.7367,91.2073,23.7586,91.2333,7.4,NH,Asphalt,0,0,0,83,2.3,0,GOOD,0.15
NH-08,Agartala-Udaipur Hwy Sec-9,Tripura,Sipahijala,23.6894,91.4198,23.7133,91.461,14.4,NH,Asphalt,0,0,0,50,1.1,0,GOOD,0.118
NH-08,Ambassa Corridor Sec-10,Tripura,Dhalai,23.7065,91.7425,23.7304,91.7825,15.9,NH,Asphalt,0,0,0,175,12.8,0,FAIR,0.401
NH-13,Bhalukpong-Tawang Hwy Sec-11,Arunachal Pradesh,Tawang,27.6586,91.8734,27.6772,91.9058,14.0,NH,Asphalt,0,0,1,2900,44.4,0,CRITICAL,0.82
NH-13,Trans-Arunachal Hwy Sec-12,Arunachal Pradesh,West Kameng,27.1445,92.4425,27.1889,92.4713,8.0,NH,Asphalt,0,0,0,2187,38.8,0,CRITICAL,0.893
NH-415,Itanagar-Naharlagun Corridor Sec-13,Arunachal Pradesh,Papum Pare,27.1597,93.4988,27.2001,93.5319,5.0,NH,Asphalt,0,0,0,313,20.1,0,FAIR,0.359
NH-515,Pasighat Corridor Sec-14,Arunachal Pradesh,East Siang,28.001,95.212,28.0229,95.2423,4.9,NH,Concrete,0,1,0,144,6.8,0,GOOD,0.098
NH-13,Ziro-Yachuli Road Sec-15,Arunachal Pradesh,Lower Subansiri,27.5935,93.948,27.6244,93.9756,16.3,NH,Asphalt,0,0,0,1579,32.1,0,POOR,0.646
NH-27,East-West Corridor Sec-16,Assam,Kamrup Metropolitan,26.1009,91.628,26.118,91.649,15.6,NH,Asphalt,0,1,0,107,2.3,0,GOOD,0.161
NH-27,Amingaon-Rangia Hwy Sec-17,Assam,Kamrup Rural,26.3295,91.5193,26.35,91.5624,11.4,NH,Asphalt,0,1,0,107,2.7,0,GOOD,0.091
NH-15,North Bank Hwy Sec-18,Assam,Darrang,26.5728,92.0385,26.6122,92.0702,9.3,NH,Concrete,0,1,0,57,0.4,0,GOOD,0.175
NH-15,Tezpur-Biswanath Hwy Sec-19,Assam,Sonitpur,26.5894,92.8584,26.6207,92.8793,8.4,NH,Asphalt,0,0,0,61,1.9,0,GOOD,0.122
NH-37,Upper Assam Hwy Sec-20,Assam,Dibrugarh,27.3648,94.9975,27.3853,95.033,8.7,NH,Concrete,0,1,0,132,0.4,0,GOOD,0.219
NH-37,Silchar-Badarpur Corridor Sec-1,Assam,Cachar,24.9581,92.8224,24.9938,92.8497,15.7,NH,Concrete,0,1,0,20,4.1,1,GOOD,0.141
NH-27,Kaziranga Bypass Sec-2,Assam,Nagaon,26.2493,92.7466,26.2741,92.7684,15.5,NH,Asphalt,1,1,0,68,2.4,0,GOOD,0.195
NH-206,Shillong-Dawki Hwy Sec-3,Meghalaya,East Khasi Hills,25.4676,91.8405,25.498,91.8814,9.3,NH,Asphalt,0,0,0,1504,29.7,0,POOR,0.472
NH-127B,Nongstoin Road Sec-4,Meghalaya,West Khasi Hills,25.4811,91.1235,25.5167,91.1441,8.3,NH,Asphalt,0,0,0,1329,29.2,0,POOR,0.541
NH-06,Guwahati-Shillong Expressway Sec-5,Meghalaya,Ri-Bhoi,25.9496,91.8798,25.976,91.8974,11.0,NH,Asphalt,0,0,0,576,16.4,0,FAIR,0.447
NH-06,Jowai Bypass Sec-6,Meghalaya,West Jaintia Hills,25.5944,92.2926,25.6317,92.3356,12.5,NH,Asphalt,0,0,0,1363,27.5,0,POOR,0.636
NH-10,Sevoke-Gangtok Hwy Sec-7,Sikkim,East Sikkim,27.4531,88.6749,27.48,88.7179,17.8,NH,Asphalt,0,1,0,1639,43.3,1,CRITICAL,0.735
NH-310,Mangan-Chungthang Road Sec-8,Sikkim,North Sikkim,27.3693,88.5836,27.391,88.623,6.3,NH,Asphalt,0,1,1,2404,46.2,0,CRITICAL,0.761
NH-510,Namchi-Jorethang Rd Sec-9,Sikkim,South Sikkim,27.1525,88.3123,27.1856,88.335,9.6,NH,Asphalt,0,1,0,1320,37.9,0,POOR,0.526
NH-29,Dimapur-Kohima Corridor Sec-10,Nagaland,Kohima,25.6214,94.1682,25.6602,94.1911,16.7,NH,Asphalt,0,0,0,1428,34.0,0,POOR,0.6
NH-29,Dimapur Gateway Sec-11,Nagaland,Dimapur,25.9237,93.6362,25.9403,93.6688,12.4,NH,Asphalt,0,0,0,197,3.5,0,GOOD,0.201
NH-02,Mokokchung-Amguri Rd Sec-12,Nagaland,Mokokchung,26.2354,94.4186,26.2513,94.4347,5.2,NH,Asphalt,0,0,0,1364,31.1,0,POOR,0.622
NH-02,Imphal Ring Road Sec-13,Manipur,Imphal West,24.6928,93.7941,24.7257,93.8193,7.6,NH,Asphalt,0,1,0,810,0.4,1,GOOD,0.152
NH-02,Imphal-Churachandpur Hwy Sec-14,Manipur,Bishnupur,24.5246,93.6161,24.5401,93.6583,15.7,NH,Asphalt,0,1,0,809,3.0,0,GOOD,0.212
NH-02,Mao-Maram Highway Sec-15,Manipur,Senapati,25.1316,93.9156,25.1671,93.9408,5.8,NH,Asphalt,0,0,0,1283,31.8,0,POOR,0.551
NH-54,Silchar-Aizawl Hwy Sec-16,Mizoram,Aizawl,23.7355,92.6246,23.753,92.6574,13.5,NH,Asphalt,0,0,0,1096,33.4,0,POOR,0.478
NH-54,Vairengte-Kolasib Corridor Sec-17,Mizoram,Kolasib,24.1756,92.7155,24.1993,92.7391,13.3,NH,Asphalt,0,0,0,621,26.3,0,POOR,0.58
NH-54,Aizawl-Lunglei Road Sec-18,Mizoram,Lunglei,22.8617,92.7776,22.8884,92.8147,11.4,NH,Asphalt,0,0,0,1071,29.4,0,POOR,0.669
NH-08,Assam-Agartala National Hwy Sec-19,Tripura,West Tripura,23.9162,91.2263,23.9467,91.2599,17.2,NH,Asphalt,0,0,0,20,2.1,0,GOOD,0.209
NH-08,Agartala-Udaipur Hwy Sec-20,Tripura,Sipahijala,23.6472,91.1688,23.6807,91.1975,9.5,NH,Concrete,0,0,0,77,5.2,0,GOOD,0.166
NH-08,Ambassa Corridor Sec-1,Tripura,Dhalai,23.7754,91.911,23.8177,91.9371,15.0,NH,Asphalt,0,0,0,88,13.9,0,FAIR,0.379
NH-13,Bhalukpong-Tawang Hwy Sec-2,Arunachal Pradesh,Tawang,27.5225,91.8697,27.5566,91.9018,14.7,NH,Asphalt,0,0,1,2870,46.3,0,CRITICAL,0.905
NH-13,Trans-Arunachal Hwy Sec-3,Arunachal Pradesh,West Kameng,27.2645,92.3857,27.2833,92.4162,6.0,NH,Asphalt,0,0,0,2147,38.2,0,CRITICAL,0.794
NH-415,Itanagar-Naharlagun Corridor Sec-4,Arunachal Pradesh,Papum Pare,27.1252,93.7477,27.158,93.7681,5.5,NH,Asphalt,0,0,0,293,19.3,0,FAIR,0.316
NH-515,Pasighat Corridor Sec-5,Arunachal Pradesh,East Siang,28.0424,95.2362,28.0798,95.2651,11.8,NH,Asphalt,0,1,0,208,10.5,1,POOR,0.675
NH-13,Ziro-Yachuli Road Sec-6,Arunachal Pradesh,Lower Subansiri,27.5641,93.9002,27.5989,93.9351,13.0,NH,Asphalt,0,0,0,1618,33.7,0,POOR,0.649
NH-27,East-West Corridor Sec-7,Assam,Kamrup Metropolitan,26.0132,91.7343,26.0304,91.7534,11.6,NH,Concrete,0,0,0,98,3.4,0,GOOD,0.115
NH-27,Amingaon-Rangia Hwy Sec-8,Assam,Kamrup Rural,26.2459,91.6417,26.2867,91.6837,10.7,NH,Asphalt,0,1,0,20,0.4,0,GOOD,0.143
NH-15,North Bank Hwy Sec-9,Assam,Darrang,26.4269,92.1028,26.4578,92.1453,8.0,NH,Asphalt,0,1,0,110,0.4,0,GOOD,0.133
NH-15,Tezpur-Biswanath Hwy Sec-10,Assam,Sonitpur,26.7678,92.7238,26.7858,92.7468,17.0,NH,Asphalt,0,1,0,23,0.4,0,GOOD,0.08
NH-37,Upper Assam Hwy Sec-11,Assam,Dibrugarh,27.3904,94.8671,27.4282,94.8869,17.9,NH,Asphalt,0,1,0,109,0.4,0,GOOD,0.242
NH-37,Silchar-Badarpur Corridor Sec-12,Assam,Cachar,24.9747,92.6353,24.9928,92.6558,7.4,NH,Concrete,0,1,0,20,0.4,0,GOOD,0.131
NH-27,Kaziranga Bypass Sec-13,Assam,Nagaon,26.2541,92.7164,26.2849,92.7417,10.4,NH,Asphalt,0,0,0,52,1.9,0,GOOD,0.225
NH-206,Shillong-Dawki Hwy Sec-14,Meghalaya,East Khasi Hills,25.5945,91.7589,25.6268,91.7922,17.8,NH,Asphalt,0,0,0,1528,29.9,0,POOR,0.494
NH-127B,Nongstoin Road Sec-15,Meghalaya,West Khasi Hills,25.5704,91.2749,25.6104,91.2923,17.3,NH,Asphalt,0,0,0,1234,27.7,0,POOR,0.576
NH-06,Guwahati-Shillong Expressway Sec-16,Meghalaya,Ri-Bhoi,26.0448,91.8403,26.0699,91.8556,15.6,NH,Asphalt,0,0,0,514,15.7,0,FAIR,0.255
NH-06,Jowai Bypass Sec-17,Meghalaya,West Jaintia Hills,25.3715,92.0776,25.4086,92.1111,16.9,NH,Asphalt,0,0,0,1271,24.6,0,POOR,0.626
NH-10,Sevoke-Gangtok Hwy Sec-18,Sikkim,East Sikkim,27.4554,88.6945,27.4994,88.7311,13.0,NH,Asphalt,0,1,0,1662,39.7,0,CRITICAL,0.828
NH-310,Mangan-Chungthang Road Sec-19,Sikkim,North Sikkim,27.612,88.475,27.632,88.4932,10.8,NH,Asphalt,0,1,1,2397,46.4,1,CRITICAL,0.838
NH-510,Namchi-Jorethang Rd Sec-20,Sikkim,South Sikkim,27.0742,88.2131,27.0906,88.2376,12.1,NH,Asphalt,0,1,0,1284,36.7,0,POOR,0.462
NH-29,Dimapur-Kohima Corridor Sec-1,Nagaland,Kohima,25.8245,93.9975,25.8523,94.0252,7.3,NH,Asphalt,0,0,0,1430,35.7,0,POOR,0.499
NH-29,Dimapur Gateway Sec-2,Nagaland,Dimapur,25.7798,93.6526,25.8195,93.6788,13.0,NH,Asphalt,0,0,0,204,2.3,0,GOOD,0.065
NH-02,Mokokchung-Amguri Rd Sec-3,Nagaland,Mokokchung,26.419,94.6393,26.4537,94.6766,11.8,NH,Asphalt,0,0,0,1369,29.6,0,POOR,0.516
NH-02,Imphal Ring Road Sec-4,Manipur,Imphal West,24.9494,94.0209,24.965,94.0576,17.5,NH,Asphalt,0,1,0,762,4.0,0,GOOD,0.175
NH-02,Imphal-Churachandpur Hwy Sec-5,Manipur,Bishnupur,24.7503,93.7102,24.7657,93.7503,8.8,NH,Asphalt,0,1,0,779,3.5,1,POOR,0.58
NH-02,Mao-Maram Highway Sec-6,Manipur,Senapati,25.3801,94.0717,25.3989,94.0985,14.6,NH,Asphalt,0,0,0,1269,29.4,0,POOR,0.591
NH-54,Silchar-Aizawl Hwy Sec-7,Mizoram,Aizawl,23.8507,92.82,23.8693,92.8523,15.1,NH,Asphalt,0,0,0,1136,31.7,0,POOR,0.576
NH-54,Vairengte-Kolasib Corridor Sec-8,Mizoram,Kolasib,24.1332,92.6417,24.1506,92.6642,16.1,NH,Asphalt,0,0,0,654,25.9,0,POOR,0.513
NH-54,Aizawl-Lunglei Road Sec-9,Mizoram,Lunglei,22.8005,92.7221,22.8193,92.7543,10.9,NH,Asphalt,0,0,0,1057,31.3,0,POOR,0.506
NH-08,Assam-Agartala National Hwy Sec-10,Tripura,West Tripura,23.8312,91.1469,23.8502,91.1879,9.2,NH,Concrete,0,0,0,20,2.5,0,GOOD,0.077
NH-08,Agartala-Udaipur Hwy Sec-11,Tripura,Sipahijala,23.7745,91.1799,23.8023,91.2121,13.8,NH,Asphalt,0,0,0,81,3.5,0,GOOD,0.22
NH-08,Ambassa Corridor Sec-12,Tripura,Dhalai,23.9588,91.8154,23.9899,91.8334,11.3,NH,Concrete,0,0,0,85,10.6,0,FAIR,0.373
NH-13,Bhalukpong-Tawang Hwy Sec-13,Arunachal Pradesh,Tawang,27.6341,91.8691,27.6576,91.8859,6.3,NH,Asphalt,0,0,1,2924,43.5,0,CRITICAL,0.741
NH-13,Trans-Arunachal Hwy Sec-14,Arunachal Pradesh,West Kameng,27.2188,92.2737,27.2402,92.3025,9.9,NH,Asphalt,0,0,1,2217,39.3,0,CRITICAL,0.739
NH-415,Itanagar-Naharlagun Corridor Sec-15,Arunachal Pradesh,Papum Pare,27.1988,93.5454,27.241,93.5884,15.2,NH,Asphalt,0,0,0,356,19.0,0,FAIR,0.425
NH-515,Pasighat Corridor Sec-16,Arunachal Pradesh,East Siang,28.0183,95.4248,28.0492,95.446,14.7,NH,Asphalt,0,1,0,150,11.0,0,FAIR,0.399
NH-13,Ziro-Yachuli Road Sec-17,Arunachal Pradesh,Lower Subansiri,27.6786,93.9057,27.6978,93.9339,7.4,NH,Asphalt,0,0,0,1603,30.4,0,POOR,0.602
NH-27,East-West Corridor Sec-18,Assam,Kamrup Metropolitan,26.2109,91.7896,26.2364,91.8262,9.9,NH,Concrete,1,0,0,104,3.7,0,GOOD,0.131
NH-27,Amingaon-Rangia Hwy Sec-19,Assam,Kamrup Rural,26.1622,91.6278,26.2012,91.6446,4.6,NH,Asphalt,1,1,0,96,1.0,0,GOOD,0.102
NH-15,North Bank Hwy Sec-20,Assam,Darrang,26.4164,92.1047,26.4576,92.1422,17.6,NH,Concrete,0,1,0,110,0.4,0,GOOD,0.246
NH-15,Tezpur-Biswanath Hwy Sec-1,Assam,Sonitpur,26.568,92.8474,26.602,92.8712,13.5,NH,Concrete,0,1,0,53,0.4,0,GOOD,0.209
NH-37,Upper Assam Hwy Sec-2,Assam,Dibrugarh,27.4856,94.8633,27.5106,94.8899,9.6,NH,Asphalt,0,1,0,98,0.4,1,GOOD,0.11
NH-37,Silchar-Badarpur Corridor Sec-3,Assam,Cachar,24.7639,92.7041,24.7959,92.7298,15.2,NH,Concrete,0,1,0,48,3.4,0,GOOD,0.22
NH-27,Kaziranga Bypass Sec-4,Assam,Nagaon,26.2325,92.7045,26.2589,92.7269,17.4,NH,Asphalt,0,0,0,45,2.7,0,GOOD,0.202
NH-206,Shillong-Dawki Hwy Sec-5,Meghalaya,East Khasi Hills,25.5619,91.7485,25.602,91.7908,10.9,NH,Asphalt,0,0,0,1431,30.3,0,POOR,0.518
NH-127B,Nongstoin Road Sec-6,Meghalaya,West Khasi Hills,25.5041,91.3633,25.5246,91.3791,6.6,NH,Asphalt,0,0,0,1247,27.5,0,POOR,0.548
NH-06,Guwahati-Shillong Expressway Sec-7,Meghalaya,Ri-Bhoi,25.7739,91.9991,25.8067,92.044,13.3,NH,Asphalt,0,0,0,560,15.6,0,FAIR,0.287
NH-06,Jowai Bypass Sec-8,Meghalaya,West Jaintia Hills,25.3539,92.2798,25.3812,92.3051,7.9,NH,Asphalt,0,0,0,1305,24.8,0,POOR,0.476
NH-10,Sevoke-Gangtok Hwy Sec-9,Sikkim,East Sikkim,27.2571,88.5088,27.2774,88.5263,15.4,NH,Asphalt,0,1,0,1701,42.6,1,CRITICAL,0.859
NH-310,Mangan-Chungthang Road Sec-10,Sikkim,North Sikkim,27.3843,88.4116,27.407,88.4511,13.7,NH,Asphalt,0,1,1,2477,48.5,1,CRITICAL,0.759
NH-510,Namchi-Jorethang Rd Sec-11,Sikkim,South Sikkim,27.1152,88.366,27.1325,88.4078,12.9,NH,Asphalt,0,1,0,1269,34.0,0,POOR,0.639
NH-29,Dimapur-Kohima Corridor Sec-12,Nagaland,Kohima,25.6028,94.0358,25.6387,94.0796,8.9,NH,Asphalt,0,0,0,1466,37.5,0,POOR,0.679
NH-29,Dimapur Gateway Sec-13,Nagaland,Dimapur,25.9189,93.5909,25.9606,93.6159,16.3,NH,Asphalt,0,1,0,165,3.0,0,GOOD,0.065
NH-02,Mokokchung-Amguri Rd Sec-14,Nagaland,Mokokchung,26.3081,94.5233,26.3421,94.5473,15.7,NH,Asphalt,0,0,0,1290,29.5,0,POOR,0.559
NH-02,Imphal Ring Road Sec-15,Manipur,Imphal West,24.9157,93.9911,24.932,94.0173,6.2,NH,Asphalt,0,0,0,734,2.9,0,GOOD,0.21
NH-02,Imphal-Churachandpur Hwy Sec-16,Manipur,Bishnupur,24.5253,93.7125,24.546,93.7443,4.5,NH,Asphalt,0,1,0,810,2.8,0,GOOD,0.208
NH-02,Mao-Maram Highway Sec-17,Manipur,Senapati,25.3792,93.9724,25.4089,93.9938,8.1,NH,Asphalt,0,0,0,1310,31.9,0,POOR,0.625
NH-54,Silchar-Aizawl Hwy Sec-18,Mizoram,Aizawl,23.6252,92.581,23.6548,92.6023,6.3,NH,Asphalt,0,0,0,1189,31.3,0,POOR,0.53
NH-54,Vairengte-Kolasib Corridor Sec-19,Mizoram,Kolasib,24.1019,92.5934,24.1426,92.6346,8.1,NH,Asphalt,0,0,0,590,24.6,0,POOR,0.554
NH-54,Aizawl-Lunglei Road Sec-20,Mizoram,Lunglei,22.8825,92.7644,22.9053,92.7875,6.1,NH,Asphalt,0,0,0,1004,33.7,0,POOR,0.587
NH-08,Assam-Agartala National Hwy Sec-1,Tripura,West Tripura,23.8563,91.3339,23.8939,91.3558,8.8,NH,Concrete,0,0,0,20,1.5,0,GOOD,0.245
NH-08,Agartala-Udaipur Hwy Sec-2,Tripura,Sipahijala,23.5085,91.1852,23.5241,91.2126,15.3,NH,Asphalt,0,0,0,91,5.5,0,GOOD,0.116
NH-08,Ambassa Corridor Sec-3,Tripura,Dhalai,23.9993,91.8891,24.0264,91.925,16.1,NH,Asphalt,0,0,0,173,11.6,0,FAIR,0.435
NH-13,Bhalukpong-Tawang Hwy Sec-4,Arunachal Pradesh,Tawang,27.6904,91.8677,27.7252,91.9009,17.5,NH,Asphalt,0,0,1,2846,45.0,0,CRITICAL,0.759
NH-13,Trans-Arunachal Hwy Sec-5,Arunachal Pradesh,West Kameng,27.2706,92.361,27.3132,92.3931,6.8,NH,Asphalt,0,0,0,2164,39.7,0,CRITICAL,0.918
NH-415,Itanagar-Naharlagun Corridor Sec-6,Arunachal Pradesh,Papum Pare,27.0236,93.5395,27.0547,93.5802,17.2,NH,Asphalt,0,0,0,358,20.9,0,FAIR,0.384
NH-515,Pasighat Corridor Sec-7,Arunachal Pradesh,East Siang,28.0104,95.4677,28.0407,95.5057,16.3,NH,Asphalt,0,1,0,183,7.9,0,GOOD,0.143
NH-13,Ziro-Yachuli Road Sec-8,Arunachal Pradesh,Lower Subansiri,27.6641,93.7886,27.7017,93.8141,16.1,NH,Asphalt,0,0,0,1545,32.7,0,POOR,0.591
NH-27,East-West Corridor Sec-9,Assam,Kamrup Metropolitan,26.1032,91.7314,26.1253,91.7713,8.9,NH,Asphalt,1,0,0,24,0.9,0,GOOD,0.105
NH-27,Amingaon-Rangia Hwy Sec-10,Assam,Kamrup Rural,26.2058,91.66,26.2462,91.6787,8.1,NH,Concrete,0,1,0,20,3.0,0,GOOD,0.105
NH-15,North Bank Hwy Sec-11,Assam,Darrang,26.5748,92.0832,26.6025,92.1148,12.1,NH,Concrete,0,1,0,77,0.4,1,POOR,0.476
NH-15,Tezpur-Biswanath Hwy Sec-12,Assam,Sonitpur,26.5699,92.7368,26.5881,92.7633,15.7,NH,Concrete,0,1,0,28,1.6,0,GOOD,0.073
NH-37,Upper Assam Hwy Sec-13,Assam,Dibrugarh,27.3673,94.9103,27.4039,94.9502,7.2,NH,Asphalt,0,1,0,160,2.2,0,GOOD,0.12
NH-37,Silchar-Badarpur Corridor Sec-14,Assam,Cachar,24.9462,92.6336,24.9896,92.6663,14.8,NH,Asphalt,0,1,0,20,1.4,0,GOOD,0.203
NH-27,Kaziranga Bypass Sec-15,Assam,Nagaon,26.4086,92.675,26.4388,92.6962,10.8,NH,Asphalt,1,1,0,20,0.4,0,GOOD,0.172
NH-206,Shillong-Dawki Hwy Sec-16,Meghalaya,East Khasi Hills,25.5582,91.9503,25.5886,91.9873,7.4,NH,Asphalt,0,0,0,1439,28.7,0,POOR,0.474
NH-127B,Nongstoin Road Sec-17,Meghalaya,West Khasi Hills,25.6356,91.3813,25.6591,91.4105,4.7,NH,Asphalt,0,0,0,1265,26.1,0,POOR,0.646
NH-06,Guwahati-Shillong Expressway Sec-18,Meghalaya,Ri-Bhoi,25.8224,91.818,25.8449,91.84,4.6,NH,Asphalt,0,0,0,533,18.5,0,FAIR,0.37
NH-06,Jowai Bypass Sec-19,Meghalaya,West Jaintia Hills,25.4774,92.235,25.4928,92.2774,17.2,NH,Asphalt,0,0,0,1362,23.7,0,FAIR,0.442
NH-10,Sevoke-Gangtok Hwy Sec-20,Sikkim,East Sikkim,27.2954,88.5912,27.3209,88.6216,13.1,NH,Asphalt,0,1,0,1642,42.7,1,CRITICAL,0.847
NH-310,Mangan-Chungthang Road Sec-1,Sikkim,North Sikkim,27.4807,88.6273,27.5083,88.643,11.9,NH,Asphalt,0,1,1,2479,46.7,1,CRITICAL,0.739
NH-510,Namchi-Jorethang Rd Sec-2,Sikkim,South Sikkim,27.2498,88.4749,27.2767,88.5004,15.1,NH,Asphalt,0,1,0,1359,36.2,1,POOR,0.559
NH-29,Dimapur-Kohima Corridor Sec-3,Nagaland,Kohima,25.5274,94.1365,25.5715,94.1792,5.4,NH,Asphalt,0,0,0,1466,36.5,0,POOR,0.599
NH-29,Dimapur Gateway Sec-4,Nagaland,Dimapur,25.8884,93.7301,25.9288,93.771,7.6,NH,Asphalt,0,0,0,210,2.7,0,GOOD,0.056
NH-02,Mokokchung-Amguri Rd Sec-5,Nagaland,Mokokchung,26.2447,94.518,26.2622,94.534,13.3,NH,Asphalt,0,0,0,1266,31.3,0,POOR,0.453
NH-02,Imphal Ring Road Sec-6,Manipur,Imphal West,24.8409,94.04,24.8694,94.059,8.1,NH,Asphalt,0,1,0,779,1.1,0,GOOD,0.076
NH-02,Imphal-Churachandpur Hwy Sec-7,Manipur,Bishnupur,24.7096,93.9006,24.733,93.9162,14.0,NH,Asphalt,0,1,0,715,5.1,0,GOOD,0.1
NH-02,Mao-Maram Highway Sec-8,Manipur,Senapati,25.4068,93.9232,25.4366,93.9559,14.0,NH,Asphalt,0,0,0,1256,28.4,0,POOR,0.549
NH-54,Silchar-Aizawl Hwy Sec-9,Mizoram,Aizawl,23.6714,92.6718,23.6894,92.6933,8.2,NH,Asphalt,0,0,0,1091,31.1,0,POOR,0.562
NH-54,Vairengte-Kolasib Corridor Sec-10,Mizoram,Kolasib,24.2017,92.7956,24.2466,92.8178,11.9,NH,Asphalt,0,0,0,586,26.7,0,POOR,0.482
NH-54,Aizawl-Lunglei Road Sec-11,Mizoram,Lunglei,22.9119,92.6218,22.9292,92.6554,14.1,NH,Asphalt,0,0,0,989,32.3,0,POOR,0.605
NH-08,Assam-Agartala National Hwy Sec-12,Tripura,West Tripura,23.7436,91.3884,23.7679,91.432,17.0,NH,Concrete,0,0,0,71,0.4,0,GOOD,0.169
NH-08,Agartala-Udaipur Hwy Sec-13,Tripura,Sipahijala,23.4969,91.4292,23.5202,91.4728,4.9,NH,Asphalt,0,0,0,40,4.5,0,GOOD,0.109
NH-08,Ambassa Corridor Sec-14,Tripura,Dhalai,23.9498,91.7077,23.9815,91.7272,9.8,NH,Concrete,0,0,0,106,10.9,0,FAIR,0.253
NH-13,Bhalukpong-Tawang Hwy Sec-15,Arunachal Pradesh,Tawang,27.5641,91.8428,27.6071,91.87,7.0,NH,Asphalt,0,0,1,2856,46.2,0,CRITICAL,0.717
NH-13,Trans-Arunachal Hwy Sec-16,Arunachal Pradesh,West Kameng,27.1474,92.4778,27.1736,92.5226,15.9,NH,Asphalt,0,0,1,2248,36.1,0,CRITICAL,0.786
NH-415,Itanagar-Naharlagun Corridor Sec-17,Arunachal Pradesh,Papum Pare,27.0984,93.4927,27.1372,93.5133,4.7,NH,Asphalt,0,0,0,277,21.0,0,FAIR,0.281
NH-515,Pasighat Corridor Sec-18,Arunachal Pradesh,East Siang,27.9509,95.2821,27.9909,95.3179,13.6,NH,Concrete,0,1,0,105,10.4,1,FAIR,0.325
NH-13,Ziro-Yachuli Road Sec-19,Arunachal Pradesh,Lower Subansiri,27.4223,93.727,27.4403,93.758,12.9,NH,Asphalt,0,0,0,1542,31.3,0,POOR,0.594
NH-27,East-West Corridor Sec-20,Assam,Kamrup Metropolitan,26.1484,91.8193,26.1645,91.8435,11.6,NH,Concrete,1,0,0,85,2.1,0,GOOD,0.159
NH-27,Amingaon-Rangia Hwy Sec-1,Assam,Kamrup Rural,26.0465,91.4421,26.063,91.4575,11.9,NH,Asphalt,0,1,0,88,2.4,0,GOOD,0.096
NH-15,North Bank Hwy Sec-2,Assam,Darrang,26.5544,92.0793,26.5711,92.1222,15.0,NH,Concrete,0,1,0,104,1.7,0,GOOD,0.119
NH-15,Tezpur-Biswanath Hwy Sec-3,Assam,Sonitpur,26.672,92.7164,26.6971,92.7552,9.8,NH,Asphalt,0,0,0,93,1.5,0,GOOD,0.173
NH-37,Upper Assam Hwy Sec-4,Assam,Dibrugarh,27.5248,94.8416,27.5614,94.8587,9.4,NH,Asphalt,0,1,0,67,0.7,1,GOOD,0.222
NH-37,Silchar-Badarpur Corridor Sec-5,Assam,Cachar,24.8323,92.6684,24.8636,92.6843,9.1,NH,Asphalt,0,1,0,46,3.7,0,GOOD,0.201
NH-27,Kaziranga Bypass Sec-6,Assam,Nagaon,26.4523,92.7588,26.4767,92.7756,11.2,NH,Concrete,0,1,0,20,0.7,0,GOOD,0.161
NH-206,Shillong-Dawki Hwy Sec-7,Meghalaya,East Khasi Hills,25.6122,91.9563,25.6441,91.9717,15.3,NH,Asphalt,0,0,0,1434,30.1,0,POOR,0.533
NH-127B,Nongstoin Road Sec-8,Meghalaya,West Khasi Hills,25.4741,91.2852,25.4956,91.314,7.1,NH,Asphalt,0,0,0,1301,27.2,0,POOR,0.534
NH-06,Guwahati-Shillong Expressway Sec-9,Meghalaya,Ri-Bhoi,26.0363,91.9934,26.0747,92.028,6.8,NH,Asphalt,0,0,0,597,15.2,0,FAIR,0.426
NH-06,Jowai Bypass Sec-10,Meghalaya,West Jaintia Hills,25.4455,92.289,25.4633,92.3101,15.5,NH,Asphalt,0,0,0,1320,26.5,0,POOR,0.459
NH-10,Sevoke-Gangtok Hwy Sec-11,Sikkim,East Sikkim,27.2775,88.5222,27.3095,88.5595,10.9,NH,Asphalt,0,1,0,1702,44.0,0,CRITICAL,0.917
NH-310,Mangan-Chungthang Road Sec-12,Sikkim,North Sikkim,27.4759,88.5342,27.4932,88.5609,6.4,NH,Asphalt,0,1,1,2421,49.3,1,CRITICAL,0.846
NH-510,Namchi-Jorethang Rd Sec-13,Sikkim,South Sikkim,27.1594,88.2957,27.178,88.3348,7.9,NH,Asphalt,0,1,0,1254,35.4,0,POOR,0.607
NH-29,Dimapur-Kohima Corridor Sec-14,Nagaland,Kohima,25.5635,94.2233,25.6046,94.2596,8.3,NH,Asphalt,0,0,0,1487,37.3,0,POOR,0.459
NH-29,Dimapur Gateway Sec-15,Nagaland,Dimapur,25.8804,93.648,25.9076,93.6664,11.2,NH,Asphalt,0,1,0,172,2.6,0,GOOD,0.171
NH-02,Mokokchung-Amguri Rd Sec-16,Nagaland,Mokokchung,26.4303,94.4927,26.4624,94.5241,17.9,NH,Asphalt,0,0,0,1331,32.4,0,POOR,0.561
NH-02,Imphal Ring Road Sec-17,Manipur,Imphal West,24.7623,93.9042,24.7794,93.9442,10.6,NH,Asphalt,0,1,0,781,1.8,0,GOOD,0.071
NH-02,Imphal-Churachandpur Hwy Sec-18,Manipur,Bishnupur,24.4988,93.7602,24.523,93.7874,17.8,NH,Asphalt,0,1,0,738,2.7,0,GOOD,0.106
NH-02,Mao-Maram Highway Sec-19,Manipur,Senapati,25.2026,93.9829,25.2219,94.0047,8.6,NH,Asphalt,0,0,0,1263,31.4,0,POOR,0.655
NH-54,Silchar-Aizawl Hwy Sec-20,Mizoram,Aizawl,23.811,92.6007,23.8517,92.6436,6.3,NH,Asphalt,0,0,0,1148,33.6,0,POOR,0.576
NH-54,Vairengte-Kolasib Corridor Sec-1,Mizoram,Kolasib,24.2319,92.8151,24.2577,92.8329,9.9,NH,Asphalt,0,0,0,552,26.0,0,POOR,0.545
NH-54,Aizawl-Lunglei Road Sec-2,Mizoram,Lunglei,22.9414,92.8637,22.9607,92.8841,16.8,NH,Asphalt,0,0,0,1058,32.8,0,POOR,0.467
NH-08,Assam-Agartala National Hwy Sec-3,Tripura,West Tripura,23.6963,91.1999,23.7194,91.2174,17.4,NH,Asphalt,0,0,0,43,0.6,0,GOOD,0.193
NH-08,Agartala-Udaipur Hwy Sec-4,Tripura,Sipahijala,23.6457,91.4199,23.6806,91.4354,8.2,NH,Asphalt,0,0,0,20,2.0,0,GOOD,0.191
NH-08,Ambassa Corridor Sec-5,Tripura,Dhalai,23.8122,91.824,23.8406,91.8643,16.4,NH,Asphalt,0,0,0,150,13.2,0,FAIR,0.373
NH-13,Bhalukpong-Tawang Hwy Sec-6,Arunachal Pradesh,Tawang,27.4469,91.7154,27.4732,91.7311,13.6,NH,Asphalt,0,0,1,2960,44.6,0,CRITICAL,0.812
NH-13,Trans-Arunachal Hwy Sec-7,Arunachal Pradesh,West Kameng,27.3519,92.2786,27.3795,92.3124,8.8,NH,Asphalt,0,0,0,2176,37.0,0,POOR,0.55
NH-415,Itanagar-Naharlagun Corridor Sec-8,Arunachal Pradesh,Papum Pare,27.1821,93.5408,27.2038,93.5597,10.0,NH,Asphalt,0,0,0,294,19.7,0,FAIR,0.369
NH-515,Pasighat Corridor Sec-9,Arunachal Pradesh,East Siang,28.0294,95.2962,28.0639,95.3293,8.6,NH,Asphalt,0,1,0,199,10.4,1,FAIR,0.297
NH-13,Ziro-Yachuli Road Sec-10,Arunachal Pradesh,Lower Subansiri,27.4255,93.7022,27.4572,93.7463,13.6,NH,Asphalt,0,0,0,1592,33.4,0,POOR,0.666
NH-27,East-West Corridor Sec-11,Assam,Kamrup Metropolitan,26.0005,91.809,26.0236,91.8343,13.8,NH,Asphalt,1,1,0,64,1.7,0,GOOD,0.168
NH-27,Amingaon-Rangia Hwy Sec-12,Assam,Kamrup Rural,26.2558,91.6498,26.2823,91.6687,5.9,NH,Asphalt,1,0,0,22,2.6,0,GOOD,0.112
NH-15,North Bank Hwy Sec-13,Assam,Darrang,26.5374,92.0085,26.5803,92.0409,15.9,NH,Concrete,0,1,0,87,0.4,1,POOR,0.553
NH-15,Tezpur-Biswanath Hwy Sec-14,Assam,Sonitpur,26.5446,92.7219,26.5725,92.7633,17.9,NH,Asphalt,0,1,0,101,2.5,0,GOOD,0.211
NH-37,Upper Assam Hwy Sec-15,Assam,Dibrugarh,27.4517,94.8287,27.4887,94.8678,16.4,NH,Concrete,0,1,0,100,1.1,0,GOOD,0.082
NH-37,Silchar-Badarpur Corridor Sec-16,Assam,Cachar,24.9556,92.7889,24.9873,92.8276,16.8,NH,Asphalt,0,1,0,20,1.2,0,GOOD,0.109
NH-27,Kaziranga Bypass Sec-17,Assam,Nagaon,26.4135,92.8194,26.4411,92.8408,9.6,NH,Concrete,1,1,0,101,1.2,0,GOOD,0.186
NH-206,Shillong-Dawki Hwy Sec-18,Meghalaya,East Khasi Hills,25.496,92.0359,25.5268,92.0603,8.0,NH,Asphalt,0,0,0,1480,31.9,0,POOR,0.523
NH-127B,Nongstoin Road Sec-19,Meghalaya,West Khasi Hills,25.503,91.1427,25.5333,91.1646,15.6,NH,Asphalt,0,0,0,1259,27.2,0,POOR,0.632
NH-06,Guwahati-Shillong Expressway Sec-20,Meghalaya,Ri-Bhoi,26.0427,91.7586,26.0744,91.7763,12.1,NH,Asphalt,0,0,0,511,15.0,0,FAIR,0.276
NH-06,Jowai Bypass Sec-1,Meghalaya,West Jaintia Hills,25.478,92.0752,25.5102,92.1049,12.9,NH,Asphalt,0,0,0,1321,26.6,0,POOR,0.625
NH-10,Sevoke-Gangtok Hwy Sec-2,Sikkim,East Sikkim,27.4058,88.6265,27.4378,88.6441,8.6,NH,Asphalt,0,1,0,1619,39.8,1,CRITICAL,0.715
NH-310,Mangan-Chungthang Road Sec-3,Sikkim,North Sikkim,27.4736,88.6222,27.4901,88.6543,14.3,NH,Asphalt,0,1,1,2496,46.8,1,CRITICAL,0.703
NH-510,Namchi-Jorethang Rd Sec-4,Sikkim,South Sikkim,27.1896,88.322,27.2205,88.3617,16.6,NH,Asphalt,0,1,0,1240,35.0,1,POOR,0.657
NH-29,Dimapur-Kohima Corridor Sec-5,Nagaland,Kohima,25.6938,94.1052,25.738,94.132,17.5,NH,Asphalt,0,0,0,1443,34.9,0,POOR,0.584
NH-29,Dimapur Gateway Sec-6,Nagaland,Dimapur,25.8534,93.7902,25.8872,93.8302,15.1,NH,Asphalt,0,0,0,200,4.1,0,GOOD,0.12
NH-02,Mokokchung-Amguri Rd Sec-7,Nagaland,Mokokchung,26.3949,94.6464,26.4393,94.6698,8.1,NH,Asphalt,0,0,0,1314,32.0,0,POOR,0.503
NH-02,Imphal Ring Road Sec-8,Manipur,Imphal West,24.8941,93.8354,24.9222,93.8639,17.3,NH,Asphalt,0,1,0,820,0.4,0,GOOD,0.173
NH-02,Imphal-Churachandpur Hwy Sec-9,Manipur,Bishnupur,24.7433,93.6486,24.7734,93.6671,12.3,NH,Asphalt,0,1,0,823,3.1,1,POOR,0.567
NH-02,Mao-Maram Highway Sec-10,Manipur,Senapati,25.3509,94.0062,25.3817,94.0308,10.3,NH,Asphalt,0,0,0,1285,31.4,0,POOR,0.678
NH-54,Silchar-Aizawl Hwy Sec-11,Mizoram,Aizawl,23.5799,92.6029,23.5993,92.6436,6.8,NH,Asphalt,0,0,0,1107,34.1,0,POOR,0.676
NH-54,Vairengte-Kolasib Corridor Sec-12,Mizoram,Kolasib,24.1513,92.6267,24.1962,92.6477,14.3,NH,Asphalt,0,0,0,663,23.9,0,FAIR,0.377
NH-54,Aizawl-Lunglei Road Sec-13,Mizoram,Lunglei,22.7725,92.747,22.8081,92.7843,16.2,NH,Asphalt,0,0,0,986,33.0,0,POOR,0.552
NH-08,Assam-Agartala National Hwy Sec-14,Tripura,West Tripura,23.7929,91.3182,23.8187,91.3431,16.4,NH,Asphalt,0,0,0,35,1.9,0,GOOD,0.148
NH-08,Agartala-Udaipur Hwy Sec-15,Tripura,Sipahijala,23.7631,91.378,23.7782,91.3936,11.9,NH,Asphalt,0,0,0,81,5.1,0,GOOD,0.186
NH-08,Ambassa Corridor Sec-16,Tripura,Dhalai,23.9145,91.8422,23.9533,91.8795,17.9,NH,Asphalt,0,0,0,120,11.6,0,FAIR,0.27
NH-13,Bhalukpong-Tawang Hwy Sec-17,Arunachal Pradesh,Tawang,27.4562,92.0025,27.489,92.0359,4.5,NH,Asphalt,0,0,1,2879,45.5,0,CRITICAL,0.772
NH-13,Trans-Arunachal Hwy Sec-18,Arunachal Pradesh,West Kameng,27.1427,92.4035,27.1733,92.4415,12.2,NH,Asphalt,0,0,0,2152,35.8,0,POOR,0.467
NH-415,Itanagar-Naharlagun Corridor Sec-19,Arunachal Pradesh,Papum Pare,26.9973,93.5717,27.015,93.5943,10.0,NH,Asphalt,0,0,0,331,20.4,0,FAIR,0.265
NH-515,Pasighat Corridor Sec-20,Arunachal Pradesh,East Siang,27.9202,95.2338,27.9353,95.2662,16.1,NH,Concrete,0,1,0,131,10.8,0,FAIR,0.289
NH-13,Ziro-Yachuli Road Sec-1,Arunachal Pradesh,Lower Subansiri,27.5753,93.7717,27.6073,93.8089,6.6,NH,Asphalt,0,0,0,1579,33.7,0,POOR,0.562
NH-27,East-West Corridor Sec-2,Assam,Kamrup Metropolitan,26.1628,91.7787,26.1849,91.8143,7.2,NH,Asphalt,0,1,0,20,0.4,0,GOOD,0.207
NH-27,Amingaon-Rangia Hwy Sec-3,Assam,Kamrup Rural,26.2542,91.496,26.2894,91.5394,12.3,NH,Asphalt,0,1,0,31,1.2,0,GOOD,0.147
NH-15,North Bank Hwy Sec-4,Assam,Darrang,26.4587,92.0744,26.475,92.0897,15.2,NH,Asphalt,0,1,0,41,0.4,0,GOOD,0.117
NH-15,Tezpur-Biswanath Hwy Sec-5,Assam,Sonitpur,26.6615,92.7258,26.6928,92.7661,5.6,NH,Asphalt,0,1,0,121,3.3,0,GOOD,0.066
NH-37,Upper Assam Hwy Sec-6,Assam,Dibrugarh,27.5956,94.8248,27.6379,94.8526,18.0,NH,Asphalt,0,1,0,48,2.2,0,GOOD,0.16
NH-37,Silchar-Badarpur Corridor Sec-7,Assam,Cachar,24.7107,92.8699,24.7269,92.8856,12.6,NH,Asphalt,0,1,0,20,0.4,1,GOOD,0.104
NH-27,Kaziranga Bypass Sec-8,Assam,Nagaon,26.1953,92.5573,26.228,92.5806,7.5,NH,Asphalt,0,0,0,20,0.4,0,GOOD,0.173
NH-206,Shillong-Dawki Hwy Sec-9,Meghalaya,East Khasi Hills,25.5564,91.8848,25.5931,91.9071,10.5,NH,Asphalt,0,0,0,1468,30.5,0,POOR,0.675
NH-127B,Nongstoin Road Sec-10,Meghalaya,West Khasi Hills,25.528,91.2232,25.5709,91.2539,5.6,NH,Asphalt,0,0,0,1269,29.0,0,POOR,0.476
NH-06,Guwahati-Shillong Expressway Sec-11,Meghalaya,Ri-Bhoi,26.0016,91.8251,26.0194,91.8582,13.2,NH,Asphalt,0,0,0,500,18.4,0,FAIR,0.292
NH-06,Jowai Bypass Sec-12,Meghalaya,West Jaintia Hills,25.5866,92.3336,25.6224,92.3585,6.4,NH,Asphalt,0,0,0,1376,24.9,0,POOR,0.559
NH-10,Sevoke-Gangtok Hwy Sec-13,Sikkim,East Sikkim,27.3201,88.589,27.3523,88.6281,6.5,NH,Asphalt,0,1,0,1678,43.4,1,CRITICAL,0.913
NH-310,Mangan-Chungthang Road Sec-14,Sikkim,North Sikkim,27.5174,88.5306,27.5329,88.5647,15.4,NH,Asphalt,0,1,1,2434,46.9,0,CRITICAL,0.87
NH-510,Namchi-Jorethang Rd Sec-15,Sikkim,South Sikkim,27.2766,88.4312,27.3115,88.4483,7.2,NH,Asphalt,0,1,0,1284,37.3,1,POOR,0.657
NH-29,Dimapur-Kohima Corridor Sec-16,Nagaland,Kohima,25.693,94.258,25.7309,94.2813,10.1,NH,Asphalt,0,0,0,1500,34.3,0,POOR,0.527
NH-29,Dimapur Gateway Sec-17,Nagaland,Dimapur,26.0368,93.8761,26.0652,93.9024,12.3,NH,Asphalt,0,0,0,160,3.5,0,GOOD,0.248
NH-02,Mokokchung-Amguri Rd Sec-18,Nagaland,Mokokchung,26.1767,94.4631,26.2096,94.4866,16.5,NH,Asphalt,0,0,0,1272,33.1,0,POOR,0.474
NH-02,Imphal Ring Road Sec-19,Manipur,Imphal West,24.8178,93.7907,24.841,93.8178,10.5,NH,Asphalt,0,1,0,759,0.4,0,GOOD,0.061
NH-02,Imphal-Churachandpur Hwy Sec-20,Manipur,Bishnupur,24.626,93.6277,24.6625,93.6456,11.9,NH,Asphalt,0,1,0,799,4.5,1,POOR,0.647
NH-02,Mao-Maram Highway Sec-1,Manipur,Senapati,25.1272,94.0317,25.1502,94.066,4.7,NH,Asphalt,0,0,0,1193,31.3,0,POOR,0.663
NH-54,Silchar-Aizawl Hwy Sec-2,Mizoram,Aizawl,23.8763,92.7573,23.8955,92.7954,16.8,NH,Asphalt,0,0,0,1132,31.4,0,POOR,0.471
NH-54,Vairengte-Kolasib Corridor Sec-3,Mizoram,Kolasib,24.2643,92.6937,24.3,92.7133,6.4,NH,Asphalt,0,0,0,563,22.2,0,FAIR,0.273
NH-54,Aizawl-Lunglei Road Sec-4,Mizoram,Lunglei,22.9983,92.636,23.02,92.6644,17.0,NH,Asphalt,0,0,0,1054,29.9,0,POOR,0.458
NH-08,Assam-Agartala National Hwy Sec-5,Tripura,West Tripura,23.7063,91.387,23.73,91.402,17.5,NH,Asphalt,0,0,0,20,0.4,0,GOOD,0.071
NH-08,Agartala-Udaipur Hwy Sec-6,Tripura,Sipahijala,23.5037,91.1912,23.5197,91.2166,16.5,NH,Asphalt,0,0,0,41,1.9,0,GOOD,0.092
NH-08,Ambassa Corridor Sec-7,Tripura,Dhalai,23.8965,91.9212,23.9322,91.9633,10.8,NH,Asphalt,0,0,0,122,13.7,0,FAIR,0.444
NH-13,Bhalukpong-Tawang Hwy Sec-8,Arunachal Pradesh,Tawang,27.531,91.9222,27.5568,91.9663,10.1,NH,Asphalt,0,0,1,2955,46.9,0,CRITICAL,0.847
NH-13,Trans-Arunachal Hwy Sec-9,Arunachal Pradesh,West Kameng,27.2244,92.2702,27.2442,92.3131,9.1,NH,Asphalt,0,0,1,2225,37.5,0,CRITICAL,0.871
NH-415,Itanagar-Naharlagun Corridor Sec-10,Arunachal Pradesh,Papum Pare,27.1513,93.4861,27.1799,93.5014,5.7,NH,Asphalt,0,0,0,365,19.8,0,FAIR,0.405
NH-515,Pasighat Corridor Sec-11,Arunachal Pradesh,East Siang,27.996,95.2278,28.0296,95.2726,12.1,NH,Concrete,0,1,0,100,8.1,1,GOOD,0.157
NH-13,Ziro-Yachuli Road Sec-12,Arunachal Pradesh,Lower Subansiri,27.5516,93.7319,27.5876,93.7501,6.1,NH,Asphalt,0,0,0,1595,34.1,0,POOR,0.633
NH-27,East-West Corridor Sec-13,Assam,Kamrup Metropolitan,26.0878,91.7544,26.1154,91.7715,6.9,NH,Asphalt,1,0,0,20,0.4,0,GOOD,0.169
NH-27,Amingaon-Rangia Hwy Sec-14,Assam,Kamrup Rural,26.2439,91.5819,26.2758,91.6055,16.2,NH,Asphalt,0,0,0,57,0.4,0,GOOD,0.113
NH-15,North Bank Hwy Sec-15,Assam,Darrang,26.3568,91.9069,26.3736,91.9399,7.5,NH,Concrete,0,1,0,32,1.6,0,GOOD,0.162
NH-15,Tezpur-Biswanath Hwy Sec-16,Assam,Sonitpur,26.7138,92.8792,26.7411,92.8958,6.2,NH,Concrete,0,1,0,45,2.8,0,GOOD,0.157
NH-37,Upper Assam Hwy Sec-17,Assam,Dibrugarh,27.586,95.045,27.6053,95.0626,5.7,NH,Asphalt,0,1,0,87,2.5,0,GOOD,0.215
NH-37,Silchar-Badarpur Corridor Sec-18,Assam,Cachar,24.9537,92.6862,24.9959,92.7072,16.7,NH,Asphalt,0,1,0,61,3.0,1,POOR,0.676
NH-27,Kaziranga Bypass Sec-19,Assam,Nagaon,26.309,92.6201,26.3537,92.6539,5.4,NH,Concrete,1,1,0,39,0.4,0,GOOD,0.132
NH-206,Shillong-Dawki Hwy Sec-20,Meghalaya,East Khasi Hills,25.4966,91.7998,25.5387,91.8432,14.2,NH,Asphalt,0,0,0,1543,29.0,0,POOR,0.626
NH-127B,Nongstoin Road Sec-1,Meghalaya,West Khasi Hills,25.4378,91.2419,25.4531,91.279,10.4,NH,Asphalt,0,0,0,1231,27.9,0,POOR,0.473
NH-06,Guwahati-Shillong Expressway Sec-2,Meghalaya,Ri-Bhoi,25.8547,91.9225,25.8795,91.9662,14.9,NH,Asphalt,0,0,0,547,18.1,0,FAIR,0.405
NH-06,Jowai Bypass Sec-3,Meghalaya,West Jaintia Hills,25.3511,92.3349,25.388,92.3791,8.0,NH,Asphalt,0,0,0,1344,25.4,0,POOR,0.535
NH-10,Sevoke-Gangtok Hwy Sec-4,Sikkim,East Sikkim,27.2521,88.6672,27.2786,88.6836,16.3,NH,Asphalt,0,1,0,1634,42.7,1,CRITICAL,0.709
NH-310,Mangan-Chungthang Road Sec-5,Sikkim,North Sikkim,27.4366,88.5027,27.4713,88.5445,17.7,NH,Asphalt,0,1,1,2454,48.8,0,CRITICAL,0.78
NH-510,Namchi-Jorethang Rd Sec-6,Sikkim,South Sikkim,27.1007,88.354,27.1283,88.3756,13.1,NH,Asphalt,0,1,0,1266,35.0,0,POOR,0.59
NH-29,Dimapur-Kohima Corridor Sec-7,Nagaland,Kohima,25.5345,93.9932,25.561,94.0372,5.9,NH,Asphalt,0,0,0,1464,36.5,0,POOR,0.477
NH-29,Dimapur Gateway Sec-8,Nagaland,Dimapur,25.897,93.6744,25.9146,93.6965,9.4,NH,Asphalt,0,0,0,207,3.2,0,GOOD,0.235
NH-02,Mokokchung-Amguri Rd Sec-9,Nagaland,Mokokchung,26.1852,94.5804,26.2218,94.6194,17.8,NH,Asphalt,0,0,0,1340,30.3,0,POOR,0.468
NH-02,Imphal Ring Road Sec-10,Manipur,Imphal West,24.7146,93.9294,24.7585,93.9537,15.9,NH,Asphalt,0,1,0,768,2.9,1,GOOD,0.236
NH-02,Imphal-Churachandpur Hwy Sec-11,Manipur,Bishnupur,24.7563,93.7064,24.7791,93.7319,17.5,NH,Asphalt,0,1,0,769,3.7,0,GOOD,0.191
NH-02,Mao-Maram Highway Sec-12,Manipur,Senapati,25.2417,94.045,25.2592,94.09,11.7,NH,Asphalt,0,0,0,1265,29.9,0,POOR,0.526
NH-54,Silchar-Aizawl Hwy Sec-13,Mizoram,Aizawl,23.6969,92.8178,23.7168,92.8423,5.9,NH,Asphalt,0,0,0,1102,34.1,0,POOR,0.54
NH-54,Vairengte-Kolasib Corridor Sec-14,Mizoram,Kolasib,24.2148,92.6503,24.2502,92.6901,13.5,NH,Asphalt,0,0,0,555,26.9,0,POOR,0.62
NH-54,Aizawl-Lunglei Road Sec-15,Mizoram,Lunglei,22.959,92.8603,22.9795,92.8889,4.6,NH,Asphalt,0,0,0,1024,29.5,0,POOR,0.588
NH-08,Assam-Agartala National Hwy Sec-16,Tripura,West Tripura,23.7623,91.31,23.7891,91.3375,15.4,NH,Asphalt,0,0,0,50,0.4,0,GOOD,0.184
NH-08,Agartala-Udaipur Hwy Sec-17,Tripura,Sipahijala,23.7617,91.428,23.8047,91.4665,17.4,NH,Asphalt,0,0,0,61,5.2,0,GOOD,0.128
NH-08,Ambassa Corridor Sec-18,Tripura,Dhalai,23.9917,91.9256,24.015,91.9429,17.0,NH,Asphalt,0,0,0,96,12.8,0,FAIR,0.348
NH-13,Bhalukpong-Tawang Hwy Sec-19,Arunachal Pradesh,Tawang,27.4522,91.7365,27.4937,91.7638,11.9,NH,Asphalt,0,0,1,2941,45.8,0,CRITICAL,0.918
NH-13,Trans-Arunachal Hwy Sec-20,Arunachal Pradesh,West Kameng,27.2521,92.3155,27.2824,92.3558,15.2,NH,Asphalt,0,0,0,2140,38.8,0,CRITICAL,0.747
NH-415,Itanagar-Naharlagun Corridor Sec-1,Arunachal Pradesh,Papum Pare,27.002,93.5589,27.0258,93.5879,5.6,NH,Asphalt,0,0,0,283,17.2,0,FAIR,0.334
NH-515,Pasighat Corridor Sec-2,Arunachal Pradesh,East Siang,27.9431,95.2494,27.9629,95.2662,7.3,NH,Asphalt,0,1,0,182,9.5,0,GOOD,0.108
NH-13,Ziro-Yachuli Road Sec-3,Arunachal Pradesh,Lower Subansiri,27.4015,93.7278,27.417,93.7552,17.1,NH,Asphalt,0,0,0,1512,32.3,0,POOR,0.626
NH-27,East-West Corridor Sec-4,Assam,Kamrup Metropolitan,26.2041,91.86,26.2433,91.8841,12.1,NH,Asphalt,0,0,0,80,0.6,0,GOOD,0.203
NH-27,Amingaon-Rangia Hwy Sec-5,Assam,Kamrup Rural,26.1078,91.6871,26.1266,91.7115,8.2,NH,Concrete,1,0,0,47,0.4,0,GOOD,0.108
NH-15,North Bank Hwy Sec-6,Assam,Darrang,26.3421,92.113,26.3789,92.1544,14.7,NH,Asphalt,0,1,0,106,0.4,0,GOOD,0.066
NH-15,Tezpur-Biswanath Hwy Sec-7,Assam,Sonitpur,26.7456,92.8217,26.789,92.8412,9.0,NH,Asphalt,0,1,0,86,0.4,0,GOOD,0.052
NH-37,Upper Assam Hwy Sec-8,Assam,Dibrugarh,27.5449,94.9379,27.5852,94.971,14.6,NH,Concrete,0,1,0,76,2.7,1,GOOD,0.135
NH-37,Silchar-Badarpur Corridor Sec-9,Assam,Cachar,24.7538,92.7376,24.7765,92.7762,4.7,NH,Asphalt,0,1,0,29,3.4,0,GOOD,0.132
NH-27,Kaziranga Bypass Sec-10,Assam,Nagaon,26.4207,92.8084,26.4564,92.8474,13.2,NH,Concrete,1,1,0,86,0.4,0,GOOD,0.248
NH-206,Shillong-Dawki Hwy Sec-11,Meghalaya,East Khasi Hills,25.4421,91.8339,25.4772,91.8673,15.0,NH,Asphalt,0,0,0,1441,29.7,0,POOR,0.558
NH-127B,Nongstoin Road Sec-12,Meghalaya,West Khasi Hills,25.4877,91.1955,25.5191,91.2129,6.5,NH,Asphalt,0,0,0,1269,28.9,0,POOR,0.509
NH-06,Guwahati-Shillong Expressway Sec-13,Meghalaya,Ri-Bhoi,25.8283,92.0165,25.8508,92.0572,10.3,NH,Asphalt,0,0,0,512,14.8,0,FAIR,0.428
NH-06,Jowai Bypass Sec-14,Meghalaya,West Jaintia Hills,25.5503,92.1895,25.5745,92.2146,12.4,NH,Asphalt,0,0,0,1280,25.2,0,POOR,0.563
NH-10,Sevoke-Gangtok Hwy Sec-15,Sikkim,East Sikkim,27.3857,88.5778,27.4093,88.619,11.3,NH,Asphalt,0,1,0,1693,39.6,1,CRITICAL,0.832
NH-310,Mangan-Chungthang Road Sec-16,Sikkim,North Sikkim,27.5224,88.5152,27.5428,88.5321,11.5,NH,Asphalt,0,1,1,2448,46.1,0,CRITICAL,0.721
NH-510,Namchi-Jorethang Rd Sec-17,Sikkim,South Sikkim,27.2211,88.3267,27.2537,88.3543,4.8,NH,Asphalt,0,1,0,1246,35.2,1,POOR,0.538
NH-29,Dimapur-Kohima Corridor Sec-18,Nagaland,Kohima,25.7153,94.1397,25.7425,94.1625,15.0,NH,Asphalt,0,0,0,1482,37.8,0,POOR,0.667
NH-29,Dimapur Gateway Sec-19,Nagaland,Dimapur,25.9911,93.7911,26.0165,93.8091,5.9,NH,Asphalt,0,0,0,243,4.0,0,GOOD,0.168
NH-02,Mokokchung-Amguri Rd Sec-20,Nagaland,Mokokchung,26.4106,94.6642,26.4269,94.6819,15.5,NH,Asphalt,0,0,0,1328,32.3,0,POOR,0.529
NH-02,Imphal Ring Road Sec-1,Manipur,Imphal West,24.691,93.7889,24.7171,93.8098,14.6,NH,Asphalt,0,1,0,844,3.2,0,GOOD,0.175
NH-02,Imphal-Churachandpur Hwy Sec-2,Manipur,Bishnupur,24.6369,93.7989,24.6544,93.8357,7.8,NH,Asphalt,0,1,0,821,3.3,1,POOR,0.659
NH-02,Mao-Maram Highway Sec-3,Manipur,Senapati,25.1945,93.8965,25.2104,93.9327,5.2,NH,Asphalt,0,0,0,1252,29.3,0,POOR,0.513
NH-54,Silchar-Aizawl Hwy Sec-4,Mizoram,Aizawl,23.7569,92.6784,23.7902,92.7219,10.2,NH,Asphalt,0,0,0,1124,32.2,0,POOR,0.566
NH-54,Vairengte-Kolasib Corridor Sec-5,Mizoram,Kolasib,24.3158,92.6928,24.3555,92.715,6.4,NH,Asphalt,0,0,0,572,23.5,0,FAIR,0.442
NH-54,Aizawl-Lunglei Road Sec-6,Mizoram,Lunglei,22.864,92.6793,22.9004,92.7136,11.3,NH,Asphalt,0,0,0,964,32.0,0,POOR,0.49
NH-08,Assam-Agartala National Hwy Sec-7,Tripura,West Tripura,23.6925,91.3584,23.7091,91.3752,6.7,NH,Asphalt,0,0,0,20,0.5,0,GOOD,0.194
NH-08,Agartala-Udaipur Hwy Sec-8,Tripura,Sipahijala,23.5228,91.2054,23.5438,91.2382,11.9,NH,Asphalt,0,0,0,35,2.7,0,GOOD,0.173
NH-08,Ambassa Corridor Sec-9,Tripura,Dhalai,23.9916,91.9067,24.0247,91.9504,5.6,NH,Asphalt,0,0,0,111,14.1,0,FAIR,0.386
NH-13,Bhalukpong-Tawang Hwy Sec-10,Arunachal Pradesh,Tawang,27.7158,91.9555,27.7318,91.9709,8.5,NH,Asphalt,0,0,1,2912,44.3,0,CRITICAL,0.777
NH-13,Trans-Arunachal Hwy Sec-11,Arunachal Pradesh,West Kameng,27.2263,92.3099,27.2694,92.3493,7.7,NH,Asphalt,0,0,1,2232,38.7,0,CRITICAL,0.769
NH-415,Itanagar-Naharlagun Corridor Sec-12,Arunachal Pradesh,Papum Pare,27.065,93.7607,27.1025,93.7906,5.8,NH,Asphalt,0,0,0,270,17.7,0,FAIR,0.387
NH-515,Pasighat Corridor Sec-13,Arunachal Pradesh,East Siang,28.0066,95.2962,28.0463,95.3341,12.0,NH,Concrete,0,1,0,118,11.5,1,FAIR,0.293
NH-13,Ziro-Yachuli Road Sec-14,Arunachal Pradesh,Lower Subansiri,27.5959,93.9449,27.6334,93.9864,14.7,NH,Asphalt,0,0,0,1607,34.5,0,POOR,0.547
NH-27,East-West Corridor Sec-15,Assam,Kamrup Metropolitan,26.2326,91.7575,26.2741,91.7772,17.8,NH,Asphalt,0,0,0,33,1.8,0,GOOD,0.088
NH-27,Amingaon-Rangia Hwy Sec-16,Assam,Kamrup Rural,26.2731,91.6203,26.3174,91.665,14.2,NH,Concrete,0,1,0,20,0.4,0,GOOD,0.052
NH-15,North Bank Hwy Sec-17,Assam,Darrang,26.5302,92.0121,26.5537,92.0564,10.8,NH,Asphalt,0,1,0,87,2.0,1,POOR,0.673
NH-15,Tezpur-Biswanath Hwy Sec-18,Assam,Sonitpur,26.6343,92.6563,26.6753,92.6989,13.0,NH,Concrete,0,1,0,69,4.1,0,GOOD,0.136
NH-37,Upper Assam Hwy Sec-19,Assam,Dibrugarh,27.4046,94.8842,27.4483,94.9094,9.1,NH,Concrete,0,1,0,50,2.2,0,GOOD,0.244
NH-37,Silchar-Badarpur Corridor Sec-20,Assam,Cachar,24.7657,92.7676,24.7843,92.7968,6.7,NH,Asphalt,0,1,0,66,4.2,1,POOR,0.482
NH-27,Kaziranga Bypass Sec-1,Assam,Nagaon,26.2616,92.5394,26.3026,92.5677,14.6,NH,Asphalt,0,0,0,45,0.4,0,GOOD,0.167
NH-206,Shillong-Dawki Hwy Sec-2,Meghalaya,East Khasi Hills,25.6472,91.9261,25.6802,91.9428,7.6,NH,Asphalt,0,0,0,1488,30.9,0,POOR,0.496
NH-127B,Nongstoin Road Sec-3,Meghalaya,West Khasi Hills,25.4586,91.2267,25.477,91.2542,10.3,NH,Asphalt,0,0,0,1339,28.3,0,POOR,0.632
NH-06,Guwahati-Shillong Expressway Sec-4,Meghalaya,Ri-Bhoi,25.8459,91.9768,25.8775,92.0072,15.0,NH,Asphalt,0,0,0,509,16.3,0,FAIR,0.407
NH-06,Jowai Bypass Sec-5,Meghalaya,West Jaintia Hills,25.3632,92.2593,25.3923,92.2993,6.3,NH,Asphalt,0,0,0,1356,25.5,0,POOR,0.476
NH-10,Sevoke-Gangtok Hwy Sec-6,Sikkim,East Sikkim,27.3871,88.6279,27.4082,88.6608,14.7,NH,Asphalt,0,1,0,1600,42.7,1,CRITICAL,0.901
NH-310,Mangan-Chungthang Road Sec-7,Sikkim,North Sikkim,27.4536,88.4623,27.4876,88.4888,11.0,NH,Asphalt,0,1,1,2457,47.8,1,CRITICAL,0.743
NH-510,Namchi-Jorethang Rd Sec-8,Sikkim,South Sikkim,27.1146,88.4024,27.1528,88.4335,11.0,NH,Asphalt,0,1,0,1243,34.5,0,POOR,0.591
NH-29,Dimapur-Kohima Corridor Sec-9,Nagaland,Kohima,25.7124,94.1281,25.7525,94.1443,16.4,NH,Asphalt,0,0,0,1433,38.3,0,CRITICAL,0.917
NH-29,Dimapur Gateway Sec-10,Nagaland,Dimapur,26.0488,93.7444,26.0806,93.7626,16.7,NH,Asphalt,0,0,0,197,6.2,0,GOOD,0.226
NH-02,Mokokchung-Amguri Rd Sec-11,Nagaland,Mokokchung,26.3363,94.4835,26.3568,94.5071,4.7,NH,Asphalt,0,0,0,1368,29.1,0,POOR,0.67
NH-02,Imphal Ring Road Sec-12,Manipur,Imphal West,24.7304,93.82,24.7671,93.8515,15.1,NH,Asphalt,0,1,0,762,0.6,0,GOOD,0.119
NH-02,Imphal-Churachandpur Hwy Sec-13,Manipur,Bishnupur,24.7157,93.8348,24.7447,93.8789,4.9,NH,Asphalt,0,1,0,761,3.8,1,GOOD,0.071
NH-02,Mao-Maram Highway Sec-14,Manipur,Senapati,25.1753,94.1301,25.1954,94.1528,16.2,NH,Asphalt,0,0,0,1225,28.6,0,POOR,0.493
NH-54,Silchar-Aizawl Hwy Sec-15,Mizoram,Aizawl,23.6088,92.833,23.6296,92.871,7.4,NH,Asphalt,0,0,0,1151,34.3,0,POOR,0.565
NH-54,Vairengte-Kolasib Corridor Sec-16,Mizoram,Kolasib,24.2307,92.6477,24.2576,92.6683,17.6,NH,Asphalt,0,0,0,659,24.0,0,FAIR,0.409
NH-54,Aizawl-Lunglei Road Sec-17,Mizoram,Lunglei,22.8159,92.8674,22.8345,92.9,15.2,NH,Asphalt,0,0,0,980,33.6,0,POOR,0.485
NH-08,Assam-Agartala National Hwy Sec-18,Tripura,West Tripura,23.768,91.2966,23.7945,91.3317,9.7,NH,Asphalt,0,0,0,20,3.4,0,GOOD,0.182
NH-08,Agartala-Udaipur Hwy Sec-19,Tripura,Sipahijala,23.69,91.1915,23.7187,91.2185,10.9,NH,Asphalt,0,0,0,46,3.8,0,GOOD,0.115
NH-08,Ambassa Corridor Sec-20,Tripura,Dhalai,23.8231,91.8909,23.8514,91.9264,5.4,NH,Asphalt,0,0,0,159,10.6,0,FAIR,0.318
NH-13,Bhalukpong-Tawang Hwy Sec-1,Arunachal Pradesh,Tawang,27.5871,91.7336,27.6207,91.7522,12.3,NH,Asphalt,0,0,1,2913,45.7,0,CRITICAL,0.846
NH-13,Trans-Arunachal Hwy Sec-2,Arunachal Pradesh,West Kameng,27.212,92.3409,27.2565,92.3838,13.9,NH,Asphalt,0,0,1,2212,38.6,0,CRITICAL,0.803
NH-415,Itanagar-Naharlagun Corridor Sec-3,Arunachal Pradesh,Papum Pare,27.236,93.4734,27.2792,93.5167,5.7,NH,Asphalt,0,0,0,336,20.4,0,FAIR,0.412
NH-515,Pasighat Corridor Sec-4,Arunachal Pradesh,East Siang,28.0816,95.435,28.0982,95.4535,10.0,NH,Asphalt,0,1,0,203,11.3,0,FAIR,0.281
NH-13,Ziro-Yachuli Road Sec-5,Arunachal Pradesh,Lower Subansiri,27.6169,93.7518,27.6408,93.7712,5.5,NH,Asphalt,0,0,0,1560,34.6,0,POOR,0.632
NH-27,East-West Corridor Sec-6,Assam,Kamrup Metropolitan,26.0913,91.6741,26.1207,91.6894,7.2,NH,Concrete,0,0,0,109,0.4,0,GOOD,0.063
NH-27,Amingaon-Rangia Hwy Sec-7,Assam,Kamrup Rural,26.1728,91.6171,26.2122,91.6478,8.0,NH,Asphalt,1,0,0,54,3.3,0,GOOD,0.089
NH-15,North Bank Hwy Sec-8,Assam,Darrang,26.5938,92.0311,26.6152,92.0685,6.0,NH,Asphalt,0,1,0,20,2.6,0,GOOD,0.181
NH-15,Tezpur-Biswanath Hwy Sec-9,Assam,Sonitpur,26.7454,92.9153,26.7671,92.9344,11.8,NH,Concrete,0,0,0,49,1.9,0,GOOD,0.221
NH-37,Upper Assam Hwy Sec-10,Assam,Dibrugarh,27.3249,94.7717,27.3419,94.7874,8.6,NH,Concrete,0,1,0,134,0.4,0,GOOD,0.101
NH-37,Silchar-Badarpur Corridor Sec-11,Assam,Cachar,24.8244,92.7445,24.8522,92.7838,5.5,NH,Concrete,0,1,0,65,1.4,1,POOR,0.525
NH-27,Kaziranga Bypass Sec-12,Assam,Nagaon,26.41,92.5703,26.4507,92.5867,5.9,NH,Asphalt,1,0,0,103,1.5,0,GOOD,0.157
NH-206,Shillong-Dawki Hwy Sec-13,Meghalaya,East Khasi Hills,25.6432,91.8749,25.6798,91.9128,14.1,NH,Asphalt,0,0,0,1535,31.6,0,POOR,0.499
NH-127B,Nongstoin Road Sec-14,Meghalaya,West Khasi Hills,25.4795,91.3567,25.5242,91.3926,10.0,NH,Asphalt,0,0,0,1318,25.7,0,POOR,0.637
NH-06,Guwahati-Shillong Expressway Sec-15,Meghalaya,Ri-Bhoi,26.0282,91.9188,26.067,91.9407,16.2,NH,Asphalt,0,0,0,546,16.1,0,FAIR,0.405
NH-06,Jowai Bypass Sec-16,Meghalaya,West Jaintia Hills,25.3438,92.1287,25.3772,92.1536,8.7,NH,Asphalt,0,0,0,1375,26.4,0,POOR,0.483
NH-10,Sevoke-Gangtok Hwy Sec-17,Sikkim,East Sikkim,27.4055,88.5664,27.4232,88.5815,4.7,NH,Asphalt,0,1,0,1674,41.2,0,CRITICAL,0.802
NH-310,Mangan-Chungthang Road Sec-18,Sikkim,North Sikkim,27.5887,88.463,27.6073,88.5008,16.8,NH,Asphalt,0,1,1,2402,47.7,0,CRITICAL,0.87
NH-510,Namchi-Jorethang Rd Sec-19,Sikkim,South Sikkim,27.1575,88.4127,27.1851,88.4508,6.6,NH,Asphalt,0,1,0,1336,34.9,1,POOR,0.528
NH-29,Dimapur-Kohima Corridor Sec-20,Nagaland,Kohima,25.6137,94.092,25.6439,94.1313,15.1,NH,Asphalt,0,0,0,1480,35.6,0,POOR,0.596
