state,district,subdistrict,village,latitude,longitude,geometry
Arunachal Pradesh,Tawang,Tawang Sub-Division,Gyalshing Ward-1,27.6279,91.7169,POINT(91.7169 27.6279)
Arunachal Pradesh,West Kameng,West Kameng Sub-Division,Chaygaon Ward-2,27.1452,92.4881,POINT(92.4881 27.1452)
Arunachal Pradesh,Papum Pare,Papum Pare Sub-Division,Moirang Ward-3,26.9593,93.5322,POINT(93.5322 26.9593)
Arunachal Pradesh,East Siang,East Siang Sub-Division,Tenga Ward-4,28.1308,95.3864,POINT(95.3864 28.1308)
Arunachal Pradesh,Lower Subansiri,Lower Subansiri Sub-Division,Tseminyu Ward-5,27.6428,93.6819,POINT(93.6819 27.6428)
Assam,Kamrup Metropolitan,Kamrup Metropolitan Sub-Division,Singtam Ward-6,26.0779,91.6508,POINT(91.6508 26.0779)
Assam,Kamrup Rural,Kamrup Rural Sub-Division,Singtam Ward-7,26.064,91.6662,POINT(91.6662 26.064)
Assam,Darrang,Darrang Sub-Division,Sipajhar Ward-8,26.4398,91.9184,POINT(91.9184 26.4398)
Assam,Sonitpur,Sonitpur Sub-Division,Rupa Ward-9,26.7326,92.8282,POINT(92.8282 26.7326)
Assam,Dibrugarh,Dibrugarh Sub-Division,Mangan Ward-10,27.3437,94.9604,POINT(94.9604 27.3437)
Assam,Cachar,Cachar Sub-Division,Teliamura Ward-11,24.7531,92.6592,POINT(92.6592 24.7531)
Assam,Nagaon,Nagaon Sub-Division,Nongpoh Ward-12,26.244,92.6406,POINT(92.6406 26.244)
Meghalaya,East Khasi Hills,East Khasi Hills Sub-Division,Tseminyu Ward-13,25.6232,91.926,POINT(91.926 25.6232)
Meghalaya,West Khasi Hills,West Khasi Hills Sub-Division,Hnahthial Ward-14,25.4987,91.191,POINT(91.191 25.4987)
Meghalaya,Ri-Bhoi,Ri-Bhoi Sub-Division,Serchhip Ward-15,25.9554,91.9829,POINT(91.9829 25.9554)
Meghalaya,West Jaintia Hills,West Jaintia Hills Sub-Division,Bishalgarh Ward-16,25.5415,92.1703,POINT(92.1703 25.5415)
Sikkim,East Sikkim,East Sikkim Sub-Division,Cherrapunji Ward-17,27.4518,88.5509,POINT(88.5509 27.4518)
Sikkim,North Sikkim,North Sikkim Sub-Division,Serchhip Ward-18,27.5429,88.4429,POINT(88.4429 27.5429)
Sikkim,South Sikkim,South Sikkim Sub-Division,Kalaigaon Ward-19,27.0988,88.3754,POINT(88.3754 27.0988)
Nagaland,Kohima,Kohima Sub-Division,Mairang Ward-20,25.8243,94.0001,POINT(94.0001 25.8243)
Nagaland,Dimapur,Dimapur Sub-Division,Kalaigaon Ward-21,25.7897,93.7657,POINT(93.7657 25.7897)
Nagaland,Mokokchung,Mokokchung Sub-Division,Mangan Ward-22,26.2904,94.5488,POINT(94.5488 26.2904)
Manipur,Imphal West,Imphal West Sub-Division,Lumla Ward-23,24.9252,93.7902,POINT(93.7902 24.9252)
Manipur,Bishnupur,Bishnupur Sub-Division,Dirang Ward-24,24.7077,93.8451,POINT(93.8451 24.7077)
Manipur,Senapati,Senapati Sub-Division,Kalaigaon Ward-25,25.2461,94.1461,POINT(94.1461 25.2461)
Mizoram,Aizawl,Aizawl Sub-Division,Moirang Ward-1,23.8057,92.7199,POINT(92.7199 23.8057)
Mizoram,Kolasib,Kolasib Sub-Division,Gyalshing Ward-2,24.2617,92.7127,POINT(92.7127 24.2617)
Mizoram,Lunglei,Lunglei Sub-Division,Nongpoh Ward-3,23.016,92.8667,POINT(92.8667 23.016)
Tripura,West Tripura,West Tripura Sub-Division,Moirang Ward-4,23.6873,91.4155,POINT(91.4155 23.6873)
Tripura,Sipahijala,Sipahijala Sub-Division,Gyalshing Ward-5,23.5568,91.2343,POINT(91.2343 23.5568)
Tripura,Dhalai,Dhalai Sub-Division,Lumla Ward-6,23.8458,91.7208,POINT(91.7208 23.8458)
Arunachal Pradesh,Tawang,Tawang Sub-Division,Singtam Ward-7,27.634,91.9935,POINT(91.9935 27.634)
Arunachal Pradesh,West Kameng,West Kameng Sub-Division,Chaygaon Ward-8,27.2414,92.3294,POINT(92.3294 27.2414)
Arunachal Pradesh,Papum Pare,Papum Pare Sub-Division,Nongpoh Ward-9,27.1643,93.5863,POINT(93.5863 27.1643)
Arunachal Pradesh,East Siang,East Siang Sub-Division,Cherrapunji Ward-10,28.0713,95.2123,POINT(95.2123 28.0713)
Arunachal Pradesh,Lower Subansiri,Lower Subansiri Sub-Division,Singtam Ward-11,27.5662,93.8565,POINT(93.8565 27.5662)
Assam,Kamrup Metropolitan,Kamrup Metropolitan Sub-Division,Bishalgarh Ward-12,26.0632,91.8578,POINT(91.8578 26.0632)
Assam,Kamrup Rural,Kamrup Rural Sub-Division,Serchhip Ward-13,26.1185,91.5576,POINT(91.5576 26.1185)
Assam,Darrang,Darrang Sub-Division,Tenga Ward-14,26.4733,92.0228,POINT(92.0228 26.4733)
Assam,Sonitpur,Sonitpur Sub-Division,Jang Ward-15,26.5121,92.8403,POINT(92.8403 26.5121)
Assam,Dibrugarh,Dibrugarh Sub-Division,Dirang Ward-16,27.5415,94.964,POINT(94.964 27.5415)
Assam,Cachar,Cachar Sub-Division,Dirang Ward-17,24.7851,92.8874,POINT(92.8874 24.7851)
Assam,Nagaon,Nagaon Sub-Division,Mairang Ward-18,26.2373,92.589,POINT(92.589 26.2373)
Meghalaya,East Khasi Hills,East Khasi Hills Sub-Division,Sipajhar Ward-19,25.5617,92.0017,POINT(92.0017 25.5617)
Meghalaya,West Khasi Hills,West Khasi Hills Sub-Division,Kalaigaon Ward-20,25.5222,91.1144,POINT(91.1144 25.5222)
Meghalaya,Ri-Bhoi,Ri-Bhoi Sub-Division,Lumla Ward-21,25.7999,91.8757,POINT(91.8757 25.7999)
Meghalaya,West Jaintia Hills,West Jaintia Hills Sub-Division,Mangan Ward-22,25.3494,92.0506,POINT(92.0506 25.3494)
Sikkim,East Sikkim,East Sikkim Sub-Division,Nongpoh Ward-23,27.3254,88.5834,POINT(88.5834 27.3254)
Sikkim,North Sikkim,North Sikkim Sub-Division,Tenga Ward-24,27.5655,88.4464,POINT(88.4464 27.5655)
Sikkim,South Sikkim,South Sikkim Sub-Division,Teliamura Ward-25,27.2407,88.2183,POINT(88.2183 27.2407)
Nagaland,Kohima,Kohima Sub-Division,Dirang Ward-1,25.676,94.2144,POINT(94.2144 25.676)
Nagaland,Dimapur,Dimapur Sub-Division,Gyalshing Ward-2,26.0122,93.5981,POINT(93.5981 26.0122)
Nagaland,Mokokchung,Mokokchung Sub-Division,Nambol Ward-3,26.211,94.6371,POINT(94.6371 26.211)
Manipur,Imphal West,Imphal West Sub-Division,Teliamura Ward-4,24.6916,93.984,POINT(93.984 24.6916)
Manipur,Bishnupur,Bishnupur Sub-Division,Singtam Ward-5,24.5437,93.8294,POINT(93.8294 24.5437)
Manipur,Senapati,Senapati Sub-Division,Cherrapunji Ward-6,25.3037,93.9972,POINT(93.9972 25.3037)
Mizoram,Aizawl,Aizawl Sub-Division,Tseminyu Ward-7,23.7146,92.8671,POINT(92.8671 23.7146)
Mizoram,Kolasib,Kolasib Sub-Division,Nambol Ward-8,24.1496,92.81,POINT(92.81 24.1496)
Mizoram,Lunglei,Lunglei Sub-Division,Rupa Ward-9,22.8155,92.7215,POINT(92.7215 22.8155)
Tripura,West Tripura,West Tripura Sub-Division,Nongpoh Ward-10,23.9777,91.333,POINT(91.333 23.9777)
Tripura,Sipahijala,Sipahijala Sub-Division,Nambol Ward-11,23.7645,91.1931,POINT(91.1931 23.7645)
Tripura,Dhalai,Dhalai Sub-Division,Gyalshing Ward-12,23.7321,91.866,POINT(91.866 23.7321)
Arunachal Pradesh,Tawang,Tawang Sub-Division,Singtam Ward-13,27.539,91.9156,POINT(91.9156 27.539)
Arunachal Pradesh,West Kameng,West Kameng Sub-Division,Cherrapunji Ward-14,27.3861,92.5197,POINT(92.5197 27.3861)
Arunachal Pradesh,Papum Pare,Papum Pare Sub-Division,Bishalgarh Ward-15,26.9636,93.5667,POINT(93.5667 26.9636)
Arunachal Pradesh,East Siang,East Siang Sub-Division,Rupa Ward-16,28.1384,95.3415,POINT(95.3415 28.1384)
Arunachal Pradesh,Lower Subansiri,Lower Subansiri Sub-Division,Nambol Ward-17,27.6835,93.8873,POINT(93.8873 27.6835)
Assam,Kamrup Metropolitan,Kamrup Metropolitan Sub-Division,Tenga Ward-18,26.1693,91.6306,POINT(91.6306 26.1693)
Assam,Kamrup Rural,Kamrup Rural Sub-Division,Teliamura Ward-19,26.3149,91.7037,POINT(91.7037 26.3149)
Assam,Darrang,Darrang Sub-Division,Lumla Ward-20,26.3769,91.9118,POINT(91.9118 26.3769)
Assam,Sonitpur,Sonitpur Sub-Division,Chumukedima Ward-21,26.776,92.8674,POINT(92.8674 26.776)
Assam,Dibrugarh,Dibrugarh Sub-Division,Chaygaon Ward-22,27.6157,95.0052,POINT(95.0052 27.6157)
Assam,Cachar,Cachar Sub-Division,Nambol Ward-23,24.9606,92.8636,POINT(92.8636 24.9606)
Assam,Nagaon,Nagaon Sub-Division,Serchhip Ward-24,26.4384,92.614,POINT(92.614 26.4384)
Meghalaya,East Khasi Hills,East Khasi Hills Sub-Division,Hnahthial Ward-25,25.4404,91.8845,POINT(91.8845 25.4404)
Meghalaya,West Khasi Hills,West Khasi Hills Sub-Division,Kalaigaon Ward-1,25.4516,91.3486,POINT(91.3486 25.4516)
Meghalaya,Ri-Bhoi,Ri-Bhoi Sub-Division,Tseminyu Ward-2,25.8695,91.8136,POINT(91.8136 25.8695)
Meghalaya,West Jaintia Hills,West Jaintia Hills Sub-Division,Sipajhar Ward-3,25.4924,92.1699,POINT(92.1699 25.4924)
Sikkim,East Sikkim,East Sikkim Sub-Division,Gyalshing Ward-4,27.2235,88.7476,POINT(88.7476 27.2235)
Sikkim,North Sikkim,North Sikkim Sub-Division,Nambol Ward-5,27.3615,88.579,POINT(88.579 27.3615)
Sikkim,South Sikkim,South Sikkim Sub-Division,Gyalshing Ward-6,27.2019,88.3534,POINT(88.3534 27.2019)
Nagaland,Kohima,Kohima Sub-Division,Tseminyu Ward-7,25.5384,94.0894,POINT(94.0894 25.5384)
Nagaland,Dimapur,Dimapur Sub-Division,Cherrapunji Ward-8,25.9726,93.8001,POINT(93.8001 25.9726)
Nagaland,Mokokchung,Mokokchung Sub-Division,Chumukedima Ward-9,26.4597,94.6462,POINT(94.6462 26.4597)
Manipur,Imphal West,Imphal West Sub-Division,Bishalgarh Ward-10,24.8829,93.8769,POINT(93.8769 24.8829)
Manipur,Bishnupur,Bishnupur Sub-Division,Tenga Ward-11,24.6916,93.7808,POINT(93.7808 24.6916)
Manipur,Senapati,Senapati Sub-Division,Tseminyu Ward-12,25.3132,94.1308,POINT(94.1308 25.3132)
Mizoram,Aizawl,Aizawl Sub-Division,Chaygaon Ward-13,23.8272,92.6588,POINT(92.6588 23.8272)
Mizoram,Kolasib,Kolasib Sub-Division,Chumukedima Ward-14,24.2664,92.6695,POINT(92.6695 24.2664)
Mizoram,Lunglei,Lunglei Sub-Division,Dirang Ward-15,22.9681,92.8779,POINT(92.8779 22.9681)
Tripura,West Tripura,West Tripura Sub-Division,Gyalshing Ward-16,23.8361,91.3267,POINT(91.3267 23.8361)
Tripura,Sipahijala,Sipahijala Sub-Division,Nambol Ward-17,23.5555,91.2551,POINT(91.2551 23.5555)
Tripura,Dhalai,Dhalai Sub-Division,Gyalshing Ward-18,23.7735,91.8425,POINT(91.8425 23.7735)
Arunachal Pradesh,Tawang,Tawang Sub-Division,Gyalshing Ward-19,27.7019,91.8821,POINT(91.8821 27.7019)
Arunachal Pradesh,West Kameng,West Kameng Sub-Division,Teliamura Ward-20,27.1877,92.4627,POINT(92.4627 27.1877)
Arunachal Pradesh,Papum Pare,Papum Pare Sub-Division,Dirang Ward-21,27.216,93.7001,POINT(93.7001 27.216)
Arunachal Pradesh,East Siang,East Siang Sub-Division,Tenga Ward-22,28.0714,95.1911,POINT(95.1911 28.0714)
Arunachal Pradesh,Lower Subansiri,Lower Subansiri Sub-Division,Nongpoh Ward-23,27.44,93.8194,POINT(93.8194 27.44)
Assam,Kamrup Metropolitan,Kamrup Metropolitan Sub-Division,Jang Ward-24,26.2795,91.8536,POINT(91.8536 26.2795)
Assam,Kamrup Rural,Kamrup Rural Sub-Division,Cherrapunji Ward-25,26.163,91.6841,POINT(91.6841 26.163)
Assam,Darrang,Darrang Sub-Division,Bishalgarh Ward-1,26.4444,91.9588,POINT(91.9588 26.4444)
Assam,Sonitpur,Sonitpur Sub-Division,Jang Ward-2,26.7171,92.788,POINT(92.788 26.7171)
Assam,Dibrugarh,Dibrugarh Sub-Division,Gyalshing Ward-3,27.4085,94.8435,POINT(94.8435 27.4085)
Assam,Cachar,Cachar Sub-Division,Ambassa Ward-4,24.7285,92.7438,POINT(92.7438 24.7285)
Assam,Nagaon,Nagaon Sub-Division,Singtam Ward-5,26.3175,92.6968,POINT(92.6968 26.3175)
Meghalaya,East Khasi Hills,East Khasi Hills Sub-Division,Serchhip Ward-6,25.5456,91.9742,POINT(91.9742 25.5456)
Meghalaya,West Khasi Hills,West Khasi Hills Sub-Division,Cherrapunji Ward-7,25.5327,91.2531,POINT(91.2531 25.5327)
Meghalaya,Ri-Bhoi,Ri-Bhoi Sub-Division,Nambol Ward-8,26.006,92.016,POINT(92.016 26.006)
Meghalaya,West Jaintia Hills,West Jaintia Hills Sub-Division,Teliamura Ward-9,25.54,92.3193,POINT(92.3193 25.54)
Sikkim,East Sikkim,East Sikkim Sub-Division,Mairang Ward-10,27.1976,88.5573,POINT(88.5573 27.1976)
Sikkim,North Sikkim,North Sikkim Sub-Division,Kalaigaon Ward-11,27.6022,88.6759,POINT(88.6759 27.6022)
Sikkim,South Sikkim,South Sikkim Sub-Division,Ambassa Ward-12,27.1976,88.3989,POINT(88.3989 27.1976)
Nagaland,Kohima,Kohima Sub-Division,Nongpoh Ward-13,25.6636,93.9737,POINT(93.9737 25.6636)
Nagaland,Dimapur,Dimapur Sub-Division,Hnahthial Ward-14,25.8581,93.8414,POINT(93.8414 25.8581)
Nagaland,Mokokchung,Mokokchung Sub-Division,Teliamura Ward-15,26.2507,94.3946,POINT(94.3946 26.2507)
Manipur,Imphal West,Imphal West Sub-Division,Lumla Ward-16,24.9526,93.8541,POINT(93.8541 24.9526)
Manipur,Bishnupur,Bishnupur Sub-Division,Dirang Ward-17,24.7087,93.8994,POINT(93.8994 24.7087)
Manipur,Senapati,Senapati Sub-Division,Gyalshing Ward-18,25.1816,94.0021,POINT(94.0021 25.1816)
Mizoram,Aizawl,Aizawl Sub-Division,Nongpoh Ward-19,23.7869,92.7977,POINT(92.7977 23.7869)
Mizoram,Kolasib,Kolasib Sub-Division,Nongpoh Ward-20,24.2855,92.7633,POINT(92.7633 24.2855)
Mizoram,Lunglei,Lunglei Sub-Division,Kalaigaon Ward-21,22.7377,92.6836,POINT(92.6836 22.7377)
Tripura,West Tripura,West Tripura Sub-Division,Dirang Ward-22,23.9639,91.1963,POINT(91.1963 23.9639)
Tripura,Sipahijala,Sipahijala Sub-Division,Sipajhar Ward-23,23.5156,91.3937,POINT(91.3937 23.5156)
Tripura,Dhalai,Dhalai Sub-Division,Hnahthial Ward-24,23.9389,91.8698,POINT(91.8698 23.9389)
Arunachal Pradesh,Tawang,Tawang Sub-Division,Rangia Ward-25,27.5473,91.8612,POINT(91.8612 27.5473)
Arunachal Pradesh,West Kameng,West Kameng Sub-Division,Tenga Ward-1,27.2616,92.396,POINT(92.396 27.2616)
Arunachal Pradesh,Papum Pare,Papum Pare Sub-Division,Moirang Ward-2,27.1626,93.5972,POINT(93.5972 27.1626)
Arunachal Pradesh,East Siang,East Siang Sub-Division,Lumla Ward-3,28.1008,95.4519,POINT(95.4519 28.1008)
Arunachal Pradesh,Lower Subansiri,Lower Subansiri Sub-Division,Ambassa Ward-4,27.6193,93.7605,POINT(93.7605 27.6193)
Assam,Kamrup Metropolitan,Kamrup Metropolitan Sub-Division,Chaygaon Ward-5,26.0782,91.7214,POINT(91.7214 26.0782)
Assam,Kamrup Rural,Kamrup Rural Sub-Division,Tenga Ward-6,26.1487,91.4206,POINT(91.4206 26.1487)
Assam,Darrang,Darrang Sub-Division,Rupa Ward-7,26.4084,91.9585,POINT(91.9585 26.4084)
Assam,Sonitpur,Sonitpur Sub-Division,Tseminyu Ward-8,26.5667,92.6456,POINT(92.6456 26.5667)
Assam,Dibrugarh,Dibrugarh Sub-Division,Chaygaon Ward-9,27.4694,94.9894,POINT(94.9894 27.4694)
Assam,Cachar,Cachar Sub-Division,Lumla Ward-10,24.8178,92.6341,POINT(92.6341 24.8178)
Assam,Nagaon,Nagaon Sub-Division,Moirang Ward-11,26.2871,92.7085,POINT(92.7085 26.2871)
Meghalaya,East Khasi Hills,East Khasi Hills Sub-Division,Singtam Ward-12,25.7278,91.9084,POINT(91.9084 25.7278)
Meghalaya,West Khasi Hills,West Khasi Hills Sub-Division,Teliamura Ward-13,25.4354,91.1462,POINT(91.1462 25.4354)
Meghalaya,Ri-Bhoi,Ri-Bhoi Sub-Division,Nongpoh Ward-14,26.0353,91.937,POINT(91.937 26.0353)
Meghalaya,West Jaintia Hills,West Jaintia Hills Sub-Division,Rangia Ward-15,25.5174,92.343,POINT(92.343 25.5174)
Sikkim,East Sikkim,East Sikkim Sub-Division,Jang Ward-16,27.4387,88.5454,POINT(88.5454 27.4387)
Sikkim,North Sikkim,North Sikkim Sub-Division,Sipajhar Ward-17,27.5102,88.4823,POINT(88.4823 27.5102)
Sikkim,South Sikkim,South Sikkim Sub-Division,Cherrapunji Ward-18,27.0579,88.4605,POINT(88.4605 27.0579)
Nagaland,Kohima,Kohima Sub-Division,Nambol Ward-19,25.6104,94.1022,POINT(94.1022 25.6104)
Nagaland,Dimapur,Dimapur Sub-Division,Mangan Ward-20,26.0391,93.7208,POINT(93.7208 26.0391)
Nagaland,Mokokchung,Mokokchung Sub-Division,Tenga Ward-21,26.3481,94.5759,POINT(94.5759 26.3481)
Manipur,Imphal West,Imphal West Sub-Division,Cherrapunji Ward-22,24.7582,94.085,POINT(94.085 24.7582)
Manipur,Bishnupur,Bishnupur Sub-Division,Sipajhar Ward-23,24.6612,93.8,POINT(93.8 24.6612)
Manipur,Senapati,Senapati Sub-Division,Teliamura Ward-24,25.2428,94.118,POINT(94.118 25.2428)
Mizoram,Aizawl,Aizawl Sub-Division,Bishalgarh Ward-25,23.76,92.7896,POINT(92.7896 23.76)
Mizoram,Kolasib,Kolasib Sub-Division,Teliamura Ward-1,24.2681,92.5771,POINT(92.5771 24.2681)
Mizoram,Lunglei,Lunglei Sub-Division,Nambol Ward-2,22.8526,92.7968,POINT(92.7968 22.8526)
Tripura,West Tripura,West Tripura Sub-Division,Mangan Ward-3,23.8936,91.3477,POINT(91.3477 23.8936)
Tripura,Sipahijala,Sipahijala Sub-Division,Teliamura Ward-4,23.5644,91.3994,POINT(91.3994 23.5644)
Tripura,Dhalai,Dhalai Sub-Division,Rangia Ward-5,23.8275,91.8634,POINT(91.8634 23.8275)
Arunachal Pradesh,Tawang,Tawang Sub-Division,Nongpoh Ward-6,27.4788,91.7273,POINT(91.7273 27.4788)
Arunachal Pradesh,West Kameng,West Kameng Sub-Division,Tseminyu Ward-7,27.2853,92.3525,POINT(92.3525 27.2853)
Arunachal Pradesh,Papum Pare,Papum Pare Sub-Division,Serchhip Ward-8,27.0712,93.5483,POINT(93.5483 27.0712)
Arunachal Pradesh,East Siang,East Siang Sub-Division,Chumukedima Ward-9,27.928,95.3056,POINT(95.3056 27.928)
Arunachal Pradesh,Lower Subansiri,Lower Subansiri Sub-Division,Mairang Ward-10,27.4687,93.8823,POINT(93.8823 27.4687)
Assam,Kamrup Metropolitan,Kamrup Metropolitan Sub-Division,Nongpoh Ward-11,26.2944,91.7879,POINT(91.7879 26.2944)
Assam,Kamrup Rural,Kamrup Rural Sub-Division,Tseminyu Ward-12,26.0876,91.5677,POINT(91.5677 26.0876)
Assam,Darrang,Darrang Sub-Division,Rangia Ward-13,26.4776,92.0714,POINT(92.0714 26.4776)
Assam,Sonitpur,Sonitpur Sub-Division,Serchhip Ward-14,26.6063,92.7389,POINT(92.7389 26.6063)
Assam,Dibrugarh,Dibrugarh Sub-Division,Nongpoh Ward-15,27.5309,94.8485,POINT(94.8485 27.5309)
Assam,Cachar,Cachar Sub-Division,Tseminyu Ward-16,24.6943,92.6553,POINT(92.6553 24.6943)
Assam,Nagaon,Nagaon Sub-Division,Gyalshing Ward-17,26.3165,92.6884,POINT(92.6884 26.3165)
Meghalaya,East Khasi Hills,East Khasi Hills Sub-Division,Lumla Ward-18,25.5528,91.7996,POINT(91.7996 25.5528)
Meghalaya,West Khasi Hills,West Khasi Hills Sub-Division,Jang Ward-19,25.4926,91.1255,POINT(91.1255 25.4926)
Meghalaya,Ri-Bhoi,Ri-Bhoi Sub-Division,Mangan Ward-20,25.8814,91.9395,POINT(91.9395 25.8814)
Meghalaya,West Jaintia Hills,West Jaintia Hills Sub-Division,Kalaigaon Ward-21,25.5398,92.2629,POINT(92.2629 25.5398)
Sikkim,East Sikkim,East Sikkim Sub-Division,Nongpoh Ward-22,27.2169,88.7542,POINT(88.7542 27.2169)
Sikkim,North Sikkim,North Sikkim Sub-Division,Rangia Ward-23,27.5443,88.4462,POINT(88.4462 27.5443)
Sikkim,South Sikkim,South Sikkim Sub-Division,Mangan Ward-24,27.102,88.4504,POINT(88.4504 27.102)
Nagaland,Kohima,Kohima Sub-Division,Gyalshing Ward-25,25.6402,94.2352,POINT(94.2352 25.6402)
Nagaland,Dimapur,Dimapur Sub-Division,Jang Ward-1,25.7777,93.8093,POINT(93.8093 25.7777)
Nagaland,Mokokchung,Mokokchung Sub-Division,Chaygaon Ward-2,26.3273,94.6162,POINT(94.6162 26.3273)
Manipur,Imphal West,Imphal West Sub-Division,Sipajhar Ward-3,24.841,93.9848,POINT(93.9848 24.841)
Manipur,Bishnupur,Bishnupur Sub-Division,Chumukedima Ward-4,24.5859,93.7801,POINT(93.7801 24.5859)
Manipur,Senapati,Senapati Sub-Division,Rupa Ward-5,25.3709,94.1542,POINT(94.1542 25.3709)
Mizoram,Aizawl,Aizawl Sub-Division,Bishalgarh Ward-6,23.8098,92.5807,POINT(92.5807 23.8098)
Mizoram,Kolasib,Kolasib Sub-Division,Nongpoh Ward-7,24.1844,92.8265,POINT(92.8265 24.1844)
Mizoram,Lunglei,Lunglei Sub-Division,Tenga Ward-8,22.8786,92.6011,POINT(92.6011 22.8786)
Tripura,West Tripura,West Tripura Sub-Division,Tseminyu Ward-9,23.7116,91.3903,POINT(91.3903 23.7116)
Tripura,Sipahijala,Sipahijala Sub-Division,Rangia Ward-10,23.7017,91.285,POINT(91.285 23.7017)
Tripura,Dhalai,Dhalai Sub-Division,Moirang Ward-11,23.9345,91.7795,POINT(91.7795 23.9345)
Arunachal Pradesh,Tawang,Tawang Sub-Division,Teliamura Ward-12,27.6916,91.9651,POINT(91.9651 27.6916)
Arunachal Pradesh,West Kameng,West Kameng Sub-Division,Mangan Ward-13,27.3025,92.5321,POINT(92.5321 27.3025)
Arunachal Pradesh,Papum Pare,Papum Pare Sub-Division,Singtam Ward-14,26.9709,93.6559,POINT(93.6559 26.9709)
Arunachal Pradesh,East Siang,East Siang Sub-Division,Kalaigaon Ward-15,27.9431,95.4695,POINT(95.4695 27.9431)
Arunachal Pradesh,Lower Subansiri,Lower Subansiri Sub-Division,Bishalgarh Ward-16,27.5331,93.8882,POINT(93.8882 27.5331)
Assam,Kamrup Metropolitan,Kamrup Metropolitan Sub-Division,Rupa Ward-17,26.0113,91.6937,POINT(91.6937 26.0113)
Assam,Kamrup Rural,Kamrup Rural Sub-Division,Moirang Ward-18,26.2048,91.6498,POINT(91.6498 26.2048)
Assam,Darrang,Darrang Sub-Division,Nambol Ward-19,26.4168,92.0859,POINT(92.0859 26.4168)
Assam,Sonitpur,Sonitpur Sub-Division,Rangia Ward-20,26.6221,92.7188,POINT(92.7188 26.6221)
Assam,Dibrugarh,Dibrugarh Sub-Division,Nambol Ward-21,27.4624,94.8483,POINT(94.8483 27.4624)
Assam,Cachar,Cachar Sub-Division,Tenga Ward-22,24.787,92.8052,POINT(92.8052 24.787)
Assam,Nagaon,Nagaon Sub-Division,Lumla Ward-23,26.3323,92.6246,POINT(92.6246 26.3323)
Meghalaya,East Khasi Hills,East Khasi Hills Sub-Division,Mairang Ward-24,25.5432,91.851,POINT(91.851 25.5432)
Meghalaya,West Khasi Hills,West Khasi Hills Sub-Division,Chaygaon Ward-25,25.6534,91.3075,POINT(91.3075 25.6534)
Meghalaya,Ri-Bhoi,Ri-Bhoi Sub-Division,Nongpoh Ward-1,25.9835,92.0221,POINT(92.0221 25.9835)
Meghalaya,West Jaintia Hills,West Jaintia Hills Sub-Division,Tenga Ward-2,25.5712,92.1359,POINT(92.1359 25.5712)
Sikkim,East Sikkim,East Sikkim Sub-Division,Rupa Ward-3,27.2546,88.5135,POINT(88.5135 27.2546)
Sikkim,North Sikkim,North Sikkim Sub-Division,Ambassa Ward-4,27.5478,88.6515,POINT(88.6515 27.5478)
Sikkim,South Sikkim,South Sikkim Sub-Division,Nongpoh Ward-5,27.0318,88.4366,POINT(88.4366 27.0318)
Nagaland,Kohima,Kohima Sub-Division,Tenga Ward-6,25.5521,94.0471,POINT(94.0471 25.5521)
Nagaland,Dimapur,Dimapur Sub-Division,Lumla Ward-7,25.9928,93.8404,POINT(93.8404 25.9928)
Nagaland,Mokokchung,Mokokchung Sub-Division,Mairang Ward-8,26.4241,94.4471,POINT(94.4471 26.4241)
Manipur,Imphal West,Imphal West Sub-Division,Jang Ward-9,24.7555,94.0479,POINT(94.0479 24.7555)
Manipur,Bishnupur,Bishnupur Sub-Division,Teliamura Ward-10,24.5246,93.9045,POINT(93.9045 24.5246)
Manipur,Senapati,Senapati Sub-Division,Ambassa Ward-11,25.2292,94.1137,POINT(94.1137 25.2292)
Mizoram,Aizawl,Aizawl Sub-Division,Mairang Ward-12,23.5813,92.7286,POINT(92.7286 23.5813)
Mizoram,Kolasib,Kolasib Sub-Division,Teliamura Ward-13,24.1486,92.6443,POINT(92.6443 24.1486)
Mizoram,Lunglei,Lunglei Sub-Division,Dirang Ward-14,22.8001,92.5975,POINT(92.5975 22.8001)
Tripura,West Tripura,West Tripura Sub-Division,Sipajhar Ward-15,23.8645,91.3311,POINT(91.3311 23.8645)
Tripura,Sipahijala,Sipahijala Sub-Division,Dirang Ward-16,23.5757,91.2845,POINT(91.2845 23.5757)
Tripura,Dhalai,Dhalai Sub-Division,Bishalgarh Ward-17,23.9988,91.7348,POINT(91.7348 23.9988)
Arunachal Pradesh,Tawang,Tawang Sub-Division,Dirang Ward-18,27.5722,91.9105,POINT(91.9105 27.5722)
Arunachal Pradesh,West Kameng,West Kameng Sub-Division,Ambassa Ward-19,27.2907,92.4839,POINT(92.4839 27.2907)
Arunachal Pradesh,Papum Pare,Papum Pare Sub-Division,Singtam Ward-20,27.0972,93.589,POINT(93.589 27.0972)
Arunachal Pradesh,East Siang,East Siang Sub-Division,Hnahthial Ward-21,28.049,95.4612,POINT(95.4612 28.049)
Arunachal Pradesh,Lower Subansiri,Lower Subansiri Sub-Division,Chaygaon Ward-22,27.5102,93.9505,POINT(93.9505 27.5102)
Assam,Kamrup Metropolitan,Kamrup Metropolitan Sub-Division,Singtam Ward-23,26.0514,91.6228,POINT(91.6228 26.0514)
Assam,Kamrup Rural,Kamrup Rural Sub-Division,Chaygaon Ward-24,26.0986,91.6038,POINT(91.6038 26.0986)
Assam,Darrang,Darrang Sub-Division,Teliamura Ward-25,26.5986,92.1171,POINT(92.1171 26.5986)
Assam,Sonitpur,Sonitpur Sub-Division,Lumla Ward-1,26.5459,92.7074,POINT(92.7074 26.5459)
Assam,Dibrugarh,Dibrugarh Sub-Division,Chumukedima Ward-2,27.5594,94.9408,POINT(94.9408 27.5594)
Assam,Cachar,Cachar Sub-Division,Kalaigaon Ward-3,24.7223,92.7041,POINT(92.7041 24.7223)
Assam,Nagaon,Nagaon Sub-Division,Lumla Ward-4,26.2347,92.6415,POINT(92.6415 26.2347)
Meghalaya,East Khasi Hills,East Khasi Hills Sub-Division,Bishalgarh Ward-5,25.4811,91.759,POINT(91.759 25.4811)
Meghalaya,West Khasi Hills,West Khasi Hills Sub-Division,Sipajhar Ward-6,25.3791,91.2445,POINT(91.2445 25.3791)
Meghalaya,Ri-Bhoi,Ri-Bhoi Sub-Division,Mairang Ward-7,25.9012,92.0136,POINT(92.0136 25.9012)
Meghalaya,West Jaintia Hills,West Jaintia Hills Sub-Division,Moirang Ward-8,25.4977,92.1405,POINT(92.1405 25.4977)
Sikkim,East Sikkim,East Sikkim Sub-Division,Dirang Ward-9,27.3326,88.577,POINT(88.577 27.3326)
Sikkim,North Sikkim,North Sikkim Sub-Division,Serchhip Ward-10,27.4831,88.6698,POINT(88.6698 27.4831)
Sikkim,South Sikkim,South Sikkim Sub-Division,Serchhip Ward-11,27.1025,88.3899,POINT(88.3899 27.1025)
Nagaland,Kohima,Kohima Sub-Division,Nongpoh Ward-12,25.7043,94.0471,POINT(94.0471 25.7043)
Nagaland,Dimapur,Dimapur Sub-Division,Teliamura Ward-13,25.9673,93.8333,POINT(93.8333 25.9673)
Nagaland,Mokokchung,Mokokchung Sub-Division,Teliamura Ward-14,26.4346,94.499,POINT(94.499 26.4346)
Manipur,Imphal West,Imphal West Sub-Division,Mairang Ward-15,24.803,93.9116,POINT(93.9116 24.803)
Manipur,Bishnupur,Bishnupur Sub-Division,Teliamura Ward-16,24.5589,93.9006,POINT(93.9006 24.5589)
Manipur,Senapati,Senapati Sub-Division,Singtam Ward-17,25.3595,93.888,POINT(93.888 25.3595)
Mizoram,Aizawl,Aizawl Sub-Division,Chumukedima Ward-18,23.6161,92.5856,POINT(92.5856 23.6161)
Mizoram,Kolasib,Kolasib Sub-Division,Hnahthial Ward-19,24.1932,92.7921,POINT(92.7921 24.1932)
Mizoram,Lunglei,Lunglei Sub-Division,Rangia Ward-20,22.9463,92.8805,POINT(92.8805 22.9463)
Tripura,West Tripura,West Tripura Sub-Division,Ambassa Ward-21,23.8337,91.1832,POINT(91.1832 23.8337)
Tripura,Sipahijala,Sipahijala Sub-Division,Singtam Ward-22,23.7386,91.2723,POINT(91.2723 23.7386)
Tripura,Dhalai,Dhalai Sub-Division,Tseminyu Ward-23,23.8287,91.8683,POINT(91.8683 23.8287)
Arunachal Pradesh,Tawang,Tawang Sub-Division,Rupa Ward-24,27.6289,91.7173,POINT(91.7173 27.6289)
Arunachal Pradesh,West Kameng,West Kameng Sub-Division,Rupa Ward-25,27.1232,92.3479,POINT(92.3479 27.1232)
Arunachal Pradesh,Papum Pare,Papum Pare Sub-Division,Teliamura Ward-1,26.9522,93.7276,POINT(93.7276 26.9522)
Arunachal Pradesh,East Siang,East Siang Sub-Division,Lumla Ward-2,28.1383,95.4675,POINT(95.4675 28.1383)
Arunachal Pradesh,Lower Subansiri,Lower Subansiri Sub-Division,Tenga Ward-3,27.5259,93.7823,POINT(93.7823 27.5259)
Assam,Kamrup Metropolitan,Kamrup Metropolitan Sub-Division,Nongpoh Ward-4,26.2769,91.7651,POINT(91.7651 26.2769)
Assam,Kamrup Rural,Kamrup Rural Sub-Division,Rupa Ward-5,26.2204,91.6142,POINT(91.6142 26.2204)
Assam,Darrang,Darrang Sub-Division,Chaygaon Ward-6,26.4841,92.0053,POINT(92.0053 26.4841)
Assam,Sonitpur,Sonitpur Sub-Division,Mairang Ward-7,26.6128,92.7276,POINT(92.7276 26.6128)
Assam,Dibrugarh,Dibrugarh Sub-Division,Teliamura Ward-8,27.4153,94.8282,POINT(94.8282 27.4153)
Assam,Cachar,Cachar Sub-Division,Rupa Ward-9,24.9669,92.8591,POINT(92.8591 24.9669)
Assam,Nagaon,Nagaon Sub-Division,Gyalshing Ward-10,26.1975,92.7581,POINT(92.7581 26.1975)
Meghalaya,East Khasi Hills,East Khasi Hills Sub-Division,Nongpoh Ward-11,25.4978,91.9109,POINT(91.9109 25.4978)
Meghalaya,West Khasi Hills,West Khasi Hills Sub-Division,Nambol Ward-12,25.6185,91.1227,POINT(91.1227 25.6185)
Meghalaya,Ri-Bhoi,Ri-Bhoi Sub-Division,Dirang Ward-13,25.8439,91.8588,POINT(91.8588 25.8439)
Meghalaya,West Jaintia Hills,West Jaintia Hills Sub-Division,Mangan Ward-14,25.3346,92.0563,POINT(92.0563 25.3346)
Sikkim,East Sikkim,East Sikkim Sub-Division,Chaygaon Ward-15,27.3269,88.6634,POINT(88.6634 27.3269)
Sikkim,North Sikkim,North Sikkim Sub-Division,Bishalgarh Ward-16,27.423,88.5767,POINT(88.5767 27.423)
Sikkim,South Sikkim,South Sikkim Sub-Division,Mangan Ward-17,27.2437,88.2665,POINT(88.2665 27.2437)
Nagaland,Kohima,Kohima Sub-Division,Sipajhar Ward-18,25.5593,94.1116,POINT(94.1116 25.5593)
Nagaland,Dimapur,Dimapur Sub-Division,Cherrapunji Ward-19,26.0443,93.7711,POINT(93.7711 26.0443)
Nagaland,Mokokchung,Mokokchung Sub-Division,Ambassa Ward-20,26.2342,94.5507,POINT(94.5507 26.2342)
Manipur,Imphal West,Imphal West Sub-Division,Ambassa Ward-21,24.9524,93.9752,POINT(93.9752 24.9524)
Manipur,Bishnupur,Bishnupur Sub-Division,Rupa Ward-22,24.6171,93.8917,POINT(93.8917 24.6171)
Manipur,Senapati,Senapati Sub-Division,Rupa Ward-23,25.207,94.1513,POINT(94.1513 25.207)
Mizoram,Aizawl,Aizawl Sub-Division,Nongpoh Ward-24,23.7098,92.6584,POINT(92.6584 23.7098)
Mizoram,Kolasib,Kolasib Sub-Division,Ambassa Ward-25,24.0923,92.6685,POINT(92.6685 24.0923)
Mizoram,Lunglei,Lunglei Sub-Division,Teliamura Ward-1,22.753,92.8493,POINT(92.8493 22.753)
Tripura,West Tripura,West Tripura Sub-Division,Tenga Ward-2,23.7968,91.3109,POINT(91.3109 23.7968)
Tripura,Sipahijala,Sipahijala Sub-Division,Lumla Ward-3,23.7577,91.3335,POINT(91.3335 23.7577)
Tripura,Dhalai,Dhalai Sub-Division,Serchhip Ward-4,23.7453,91.7186,POINT(91.7186 23.7453)
Arunachal Pradesh,Tawang,Tawang Sub-Division,Dirang Ward-5,27.7308,91.7347,POINT(91.7347 27.7308)
Arunachal Pradesh,West Kameng,West Kameng Sub-Division,Tseminyu Ward-6,27.2458,92.3977,POINT(92.3977 27.2458)
Arunachal Pradesh,Papum Pare,Papum Pare Sub-Division,Nongpoh Ward-7,27.2258,93.5828,POINT(93.5828 27.2258)
Arunachal Pradesh,East Siang,East Siang Sub-Division,Moirang Ward-8,28.1528,95.3702,POINT(95.3702 28.1528)
Arunachal Pradesh,Lower Subansiri,Lower Subansiri Sub-Division,Cherrapunji Ward-9,27.516,93.7556,POINT(93.7556 27.516)
Assam,Kamrup Metropolitan,Kamrup Metropolitan Sub-Division,Sipajhar Ward-10,26.2565,91.6862,POINT(91.6862 26.2565)
Assam,Kamrup Rural,Kamrup Rural Sub-Division,Serchhip Ward-11,26.1281,91.6088,POINT(91.6088 26.1281)
Assam,Darrang,Darrang Sub-Division,Kalaigaon Ward-12,26.5834,91.9739,POINT(91.9739 26.5834)
Assam,Sonitpur,Sonitpur Sub-Division,Rupa Ward-13,26.5221,92.8534,POINT(92.8534 26.5221)
Assam,Dibrugarh,Dibrugarh Sub-Division,Sipajhar Ward-14,27.3508,94.9631,POINT(94.9631 27.3508)
Assam,Cachar,Cachar Sub-Division,Hnahthial Ward-15,24.7374,92.6932,POINT(92.6932 24.7374)
Assam,Nagaon,Nagaon Sub-Division,Moirang Ward-16,26.2365,92.5571,POINT(92.5571 26.2365)
Meghalaya,East Khasi Hills,East Khasi Hills Sub-Division,Nambol Ward-17,25.5907,91.9649,POINT(91.9649 25.5907)
Meghalaya,West Khasi Hills,West Khasi Hills Sub-Division,Mairang Ward-18,25.5899,91.1493,POINT(91.1493 25.5899)
Meghalaya,Ri-Bhoi,Ri-Bhoi Sub-Division,Cherrapunji Ward-19,25.9579,91.9174,POINT(91.9174 25.9579)
Meghalaya,West Jaintia Hills,West Jaintia Hills Sub-Division,Gyalshing Ward-20,25.4233,92.2529,POINT(92.2529 25.4233)
Sikkim,East Sikkim,East Sikkim Sub-Division,Rupa Ward-21,27.4146,88.6916,POINT(88.6916 27.4146)
Sikkim,North Sikkim,North Sikkim Sub-Division,Bishalgarh Ward-22,27.5926,88.5407,POINT(88.5407 27.5926)
Sikkim,South Sikkim,South Sikkim Sub-Division,Gyalshing Ward-23,27.1911,88.3322,POINT(88.3322 27.1911)
Nagaland,Kohima,Kohima Sub-Division,Hnahthial Ward-24,25.6833,94.2485,POINT(94.2485 25.6833)
Nagaland,Dimapur,Dimapur Sub-Division,Serchhip Ward-25,26.0187,93.5932,POINT(93.5932 26.0187)
Nagaland,Mokokchung,Mokokchung Sub-Division,Teliamura Ward-1,26.2058,94.6238,POINT(94.6238 26.2058)
Manipur,Imphal West,Imphal West Sub-Division,Nongpoh Ward-2,24.7151,93.9216,POINT(93.9216 24.7151)
Manipur,Bishnupur,Bishnupur Sub-Division,Kalaigaon Ward-3,24.7663,93.6811,POINT(93.6811 24.7663)
Manipur,Senapati,Senapati Sub-Division,Mangan Ward-4,25.2345,93.9789,POINT(93.9789 25.2345)
Mizoram,Aizawl,Aizawl Sub-Division,Mairang Ward-5,23.6896,92.5761,POINT(92.5761 23.6896)
Mizoram,Kolasib,Kolasib Sub-Division,Mairang Ward-6,24.1706,92.5738,POINT(92.5738 24.1706)
Mizoram,Lunglei,Lunglei Sub-Division,Kalaigaon Ward-7,22.9388,92.6316,POINT(92.6316 22.9388)
Tripura,West Tripura,West Tripura Sub-Division,Jang Ward-8,23.9533,91.1425,POINT(91.1425 23.9533)
Tripura,Sipahijala,Sipahijala Sub-Division,Kalaigaon Ward-9,23.7032,91.3203,POINT(91.3203 23.7032)
Tripura,Dhalai,Dhalai Sub-Division,Jang Ward-10,23.7366,91.7715,POINT(91.7715 23.7366)
Arunachal Pradesh,Tawang,Tawang Sub-Division,Gyalshing Ward-11,27.4694,91.9809,POINT(91.9809 27.4694)
Arunachal Pradesh,West Kameng,West Kameng Sub-Division,Kalaigaon Ward-12,27.287,92.4815,POINT(92.4815 27.287)
Arunachal Pradesh,Papum Pare,Papum Pare Sub-Division,Sipajhar Ward-13,27.0226,93.5916,POINT(93.5916 27.0226)
Arunachal Pradesh,East Siang,East Siang Sub-Division,Gyalshing Ward-14,28.0242,95.462,POINT(95.462 28.0242)
Arunachal Pradesh,Lower Subansiri,Lower Subansiri Sub-Division,Serchhip Ward-15,27.5662,93.7971,POINT(93.7971 27.5662)
Assam,Kamrup Metropolitan,Kamrup Metropolitan Sub-Division,Lumla Ward-16,26.1065,91.8104,POINT(91.8104 26.1065)
Assam,Kamrup Rural,Kamrup Rural Sub-Division,Tseminyu Ward-17,26.2549,91.6005,POINT(91.6005 26.2549)
Assam,Darrang,Darrang Sub-Division,Tenga Ward-18,26.342,91.9867,POINT(91.9867 26.342)
Assam,Sonitpur,Sonitpur Sub-Division,Rangia Ward-19,26.7175,92.782,POINT(92.782 26.7175)
Assam,Dibrugarh,Dibrugarh Sub-Division,Mairang Ward-20,27.3633,94.9768,POINT(94.9768 27.3633)
Assam,Cachar,Cachar Sub-Division,Dirang Ward-21,24.6964,92.6887,POINT(92.6887 24.6964)
Assam,Nagaon,Nagaon Sub-Division,Hnahthial Ward-22,26.3147,92.7786,POINT(92.7786 26.3147)
Meghalaya,East Khasi Hills,East Khasi Hills Sub-Division,Jang Ward-23,25.4861,91.8504,POINT(91.8504 25.4861)
Meghalaya,West Khasi Hills,West Khasi Hills Sub-Division,Ambassa Ward-24,25.442,91.3498,POINT(91.3498 25.442)
Meghalaya,Ri-Bhoi,Ri-Bhoi Sub-Division,Bishalgarh Ward-25,26.0184,91.846,POINT(91.846 26.0184)
Meghalaya,West Jaintia Hills,West Jaintia Hills Sub-Division,Jang Ward-1,25.5773,92.2058,POINT(92.2058 25.5773)
Sikkim,East Sikkim,East Sikkim Sub-Division,Mangan Ward-2,27.3181,88.755,POINT(88.755 27.3181)
Sikkim,North Sikkim,North Sikkim Sub-Division,Singtam Ward-3,27.374,88.5983,POINT(88.5983 27.374)
Sikkim,South Sikkim,South Sikkim Sub-Division,Cherrapunji Ward-4,27.07,88.3332,POINT(88.3332 27.07)
Nagaland,Kohima,Kohima Sub-Division,Jang Ward-5,25.6309,94.258,POINT(94.258 25.6309)
Nagaland,Dimapur,Dimapur Sub-Division,Moirang Ward-6,25.774,93.7789,POINT(93.7789 25.774)
Nagaland,Mokokchung,Mokokchung Sub-Division,Hnahthial Ward-7,26.3788,94.6558,POINT(94.6558 26.3788)
Manipur,Imphal West,Imphal West Sub-Division,Rangia Ward-8,24.7985,93.8247,POINT(93.8247 24.7985)
Manipur,Bishnupur,Bishnupur Sub-Division,Singtam Ward-9,24.5973,93.7847,POINT(93.7847 24.5973)
Manipur,Senapati,Senapati Sub-Division,Nongpoh Ward-10,25.2213,93.9932,POINT(93.9932 25.2213)
Mizoram,Aizawl,Aizawl Sub-Division,Moirang Ward-11,23.6965,92.7625,POINT(92.7625 23.6965)
Mizoram,Kolasib,Kolasib Sub-Division,Lumla Ward-12,24.1258,92.6853,POINT(92.6853 24.1258)
Mizoram,Lunglei,Lunglei Sub-Division,Kalaigaon Ward-13,22.8081,92.7239,POINT(92.7239 22.8081)
Tripura,West Tripura,West Tripura Sub-Division,Bishalgarh Ward-14,23.8289,91.1736,POINT(91.1736 23.8289)
Tripura,Sipahijala,Sipahijala Sub-Division,Lumla Ward-15,23.699,91.4612,POINT(91.4612 23.699)
Tripura,Dhalai,Dhalai Sub-Division,Jang Ward-16,23.7959,91.8042,POINT(91.8042 23.7959)
Arunachal Pradesh,Tawang,Tawang Sub-Division,Jang Ward-17,27.5261,91.7567,POINT(91.7567 27.5261)
Arunachal Pradesh,West Kameng,West Kameng Sub-Division,Chaygaon Ward-18,27.3526,92.4185,POINT(92.4185 27.3526)
Arunachal Pradesh,Papum Pare,Papum Pare Sub-Division,Sipajhar Ward-19,27.0214,93.6148,POINT(93.6148 27.0214)
Arunachal Pradesh,East Siang,East Siang Sub-Division,Tenga Ward-20,28.1571,95.3415,POINT(95.3415 28.1571)
Arunachal Pradesh,Lower Subansiri,Lower Subansiri Sub-Division,Hnahthial Ward-21,27.5194,93.8951,POINT(93.8951 27.5194)
Assam,Kamrup Metropolitan,Kamrup Metropolitan Sub-Division,Chaygaon Ward-22,26.2415,91.6083,POINT(91.6083 26.2415)
Assam,Kamrup Rural,Kamrup Rural Sub-Division,Nambol Ward-23,26.239,91.5154,POINT(91.5154 26.239)
Assam,Darrang,Darrang Sub-Division,Teliamura Ward-24,26.4783,92.1113,POINT(92.1113 26.4783)
Assam,Sonitpur,Sonitpur Sub-Division,Hnahthial Ward-25,26.5004,92.6798,POINT(92.6798 26.5004)
Assam,Dibrugarh,Dibrugarh Sub-Division,Singtam Ward-1,27.6032,94.8296,POINT(94.8296 27.6032)
Assam,Cachar,Cachar Sub-Division,Tseminyu Ward-2,24.707,92.6878,POINT(92.6878 24.707)
Assam,Nagaon,Nagaon Sub-Division,Mairang Ward-3,26.3795,92.562,POINT(92.562 26.3795)
Meghalaya,East Khasi Hills,East Khasi Hills Sub-Division,Mangan Ward-4,25.4751,91.9409,POINT(91.9409 25.4751)
Meghalaya,West Khasi Hills,West Khasi Hills Sub-Division,Bishalgarh Ward-5,25.6372,91.1224,POINT(91.1224 25.6372)
Meghalaya,Ri-Bhoi,Ri-Bhoi Sub-Division,Nongpoh Ward-6,25.9424,91.903,POINT(91.903 25.9424)
Meghalaya,West Jaintia Hills,West Jaintia Hills Sub-Division,Hnahthial Ward-7,25.4854,92.0591,POINT(92.0591 25.4854)
Sikkim,East Sikkim,East Sikkim Sub-Division,Nongpoh Ward-8,27.4759,88.6014,POINT(88.6014 27.4759)
Sikkim,North Sikkim,North Sikkim Sub-Division,Bishalgarh Ward-9,27.4861,88.6066,POINT(88.6066 27.4861)
Sikkim,South Sikkim,South Sikkim Sub-Division,Teliamura Ward-10,27.0812,88.382,POINT(88.382 27.0812)
Nagaland,Kohima,Kohima Sub-Division,Rupa Ward-11,25.8215,94.0622,POINT(94.0622 25.8215)
Nagaland,Dimapur,Dimapur Sub-Division,Teliamura Ward-12,25.9253,93.6732,POINT(93.6732 25.9253)
Nagaland,Mokokchung,Mokokchung Sub-Division,Sipajhar Ward-13,26.2173,94.3852,POINT(94.3852 26.2173)
Manipur,Imphal West,Imphal West Sub-Division,Jang Ward-14,24.9558,94.0575,POINT(94.0575 24.9558)
Manipur,Bishnupur,Bishnupur Sub-Division,Rangia Ward-15,24.5762,93.8434,POINT(93.8434 24.5762)
Manipur,Senapati,Senapati Sub-Division,Ambassa Ward-16,25.3737,94.0092,POINT(94.0092 25.3737)
Mizoram,Aizawl,Aizawl Sub-Division,Dirang Ward-17,23.8671,92.6321,POINT(92.6321 23.8671)
Mizoram,Kolasib,Kolasib Sub-Division,Chumukedima Ward-18,24.2493,92.7829,POINT(92.7829 24.2493)
Mizoram,Lunglei,Lunglei Sub-Division,Rupa Ward-19,22.9842,92.7193,POINT(92.7193 22.9842)
Tripura,West Tripura,West Tripura Sub-Division,Dirang Ward-20,23.8025,91.1504,POINT(91.1504 23.8025)
Tripura,Sipahijala,Sipahijala Sub-Division,Moirang Ward-21,23.651,91.1841,POINT(91.1841 23.651)
Tripura,Dhalai,Dhalai Sub-Division,Chaygaon Ward-22,23.9476,91.887,POINT(91.887 23.9476)
Arunachal Pradesh,Tawang,Tawang Sub-Division,Jang Ward-23,27.5543,91.9479,POINT(91.9479 27.5543)
Arunachal Pradesh,West Kameng,West Kameng Sub-Division,Cherrapunji Ward-24,27.1578,92.4466,POINT(92.4466 27.1578)
Arunachal Pradesh,Papum Pare,Papum Pare Sub-Division,Singtam Ward-25,26.9915,93.5665,POINT(93.5665 26.9915)
Arunachal Pradesh,East Siang,East Siang Sub-Division,Cherrapunji Ward-1,28.1839,95.2179,POINT(95.2179 28.1839)
Arunachal Pradesh,Lower Subansiri,Lower Subansiri Sub-Division,Moirang Ward-2,27.6972,93.9018,POINT(93.9018 27.6972)
Assam,Kamrup Metropolitan,Kamrup Metropolitan Sub-Division,Nambol Ward-3,26.1474,91.7332,POINT(91.7332 26.1474)
Assam,Kamrup Rural,Kamrup Rural Sub-Division,Jang Ward-4,26.1455,91.6141,POINT(91.6141 26.1455)
Assam,Darrang,Darrang Sub-Division,Moirang Ward-5,26.5196,92.0874,POINT(92.0874 26.5196)
Assam,Sonitpur,Sonitpur Sub-Division,Nongpoh Ward-6,26.6805,92.9342,POINT(92.9342 26.6805)
Assam,Dibrugarh,Dibrugarh Sub-Division,Tseminyu Ward-7,27.4979,94.8132,POINT(94.8132 27.4979)
Assam,Cachar,Cachar Sub-Division,Tseminyu Ward-8,24.7974,92.8754,POINT(92.8754 24.7974)
Assam,Nagaon,Nagaon Sub-Division,Teliamura Ward-9,26.2282,92.5397,POINT(92.5397 26.2282)
Meghalaya,East Khasi Hills,East Khasi Hills Sub-Division,Lumla Ward-10,25.49,91.8938,POINT(91.8938 25.49)
Meghalaya,West Khasi Hills,West Khasi Hills Sub-Division,Cherrapunji Ward-11,25.5808,91.1287,POINT(91.1287 25.5808)
Meghalaya,Ri-Bhoi,Ri-Bhoi Sub-Division,Serchhip Ward-12,26.0494,91.8735,POINT(91.8735 26.0494)
Meghalaya,West Jaintia Hills,West Jaintia Hills Sub-Division,Dirang Ward-13,25.5736,92.1527,POINT(92.1527 25.5736)
Sikkim,East Sikkim,East Sikkim Sub-Division,Mangan Ward-14,27.3931,88.6976,POINT(88.6976 27.3931)
Sikkim,North Sikkim,North Sikkim Sub-Division,Ambassa Ward-15,27.424,88.5674,POINT(88.5674 27.424)
Sikkim,South Sikkim,South Sikkim Sub-Division,Rupa Ward-16,27.2514,88.4115,POINT(88.4115 27.2514)
Nagaland,Kohima,Kohima Sub-Division,Nambol Ward-17,25.6297,94.2387,POINT(94.2387 25.6297)
Nagaland,Dimapur,Dimapur Sub-Division,Jang Ward-18,25.9288,93.7405,POINT(93.7405 25.9288)
Nagaland,Mokokchung,Mokokchung Sub-Division,Nambol Ward-19,26.4614,94.6114,POINT(94.6114 26.4614)
Manipur,Imphal West,Imphal West Sub-Division,Ambassa Ward-20,24.6907,94.064,POINT(94.064 24.6907)
Manipur,Bishnupur,Bishnupur Sub-Division,Jang Ward-21,24.543,93.7761,POINT(93.7761 24.543)
Manipur,Senapati,Senapati Sub-Division,Rangia Ward-22,25.1428,94.0823,POINT(94.0823 25.1428)
Mizoram,Aizawl,Aizawl Sub-Division,Rupa Ward-23,23.7364,92.759,POINT(92.759 23.7364)
Mizoram,Kolasib,Kolasib Sub-Division,Chaygaon Ward-24,24.2117,92.7344,POINT(92.7344 24.2117)
Mizoram,Lunglei,Lunglei Sub-Division,Rangia Ward-25,23.0087,92.7121,POINT(92.7121 23.0087)
Tripura,West Tripura,West Tripura Sub-Division,Singtam Ward-1,23.8767,91.3636,POINT(91.3636 23.8767)
Tripura,Sipahijala,Sipahijala Sub-Division,Nongpoh Ward-2,23.7574,91.1888,POINT(91.1888 23.7574)
Tripura,Dhalai,Dhalai Sub-Division,Tseminyu Ward-3,23.9551,91.7112,POINT(91.7112 23.9551)
Arunachal Pradesh,Tawang,Tawang Sub-Division,Chaygaon Ward-4,27.4888,91.9853,POINT(91.9853 27.4888)
Arunachal Pradesh,West Kameng,West Kameng Sub-Division,Teliamura Ward-5,27.3955,92.5545,POINT(92.5545 27.3955)
Arunachal Pradesh,Papum Pare,Papum Pare Sub-Division,Gyalshing Ward-6,27.0399,93.6474,POINT(93.6474 27.0399)
Arunachal Pradesh,East Siang,East Siang Sub-Division,Teliamura Ward-7,28.2127,95.339,POINT(95.339 28.2127)
Arunachal Pradesh,Lower Subansiri,Lower Subansiri Sub-Division,Mangan Ward-8,27.5513,93.7619,POINT(93.7619 27.5513)
Assam,Kamrup Metropolitan,Kamrup Metropolitan Sub-Division,Chaygaon Ward-9,26.1322,91.6634,POINT(91.6634 26.1322)
Assam,Kamrup Rural,Kamrup Rural Sub-Division,Rupa Ward-10,26.1235,91.6143,POINT(91.6143 26.1235)
Assam,Darrang,Darrang Sub-Division,Gyalshing Ward-11,26.5711,92.1291,POINT(92.1291 26.5711)
Assam,Sonitpur,Sonitpur Sub-Division,Kalaigaon Ward-12,26.5124,92.9371,POINT(92.9371 26.5124)
Assam,Dibrugarh,Dibrugarh Sub-Division,Rupa Ward-13,27.401,94.8327,POINT(94.8327 27.401)
Assam,Cachar,Cachar Sub-Division,Chaygaon Ward-14,24.858,92.8008,POINT(92.8008 24.858)
Assam,Nagaon,Nagaon Sub-Division,Lumla Ward-15,26.2138,92.5695,POINT(92.5695 26.2138)
Meghalaya,East Khasi Hills,East Khasi Hills Sub-Division,Dirang Ward-16,25.7057,92.0096,POINT(92.0096 25.7057)
Meghalaya,West Khasi Hills,West Khasi Hills Sub-Division,Tseminyu Ward-17,25.6348,91.1985,POINT(91.1985 25.6348)
Meghalaya,Ri-Bhoi,Ri-Bhoi Sub-Division,Hnahthial Ward-18,25.8935,91.8665,POINT(91.8665 25.8935)
Meghalaya,West Jaintia Hills,West Jaintia Hills Sub-Division,Tseminyu Ward-19,25.5738,92.2772,POINT(92.2772 25.5738)
Sikkim,East Sikkim,East Sikkim Sub-Division,Hnahthial Ward-20,27.2631,88.6829,POINT(88.6829 27.2631)
Sikkim,North Sikkim,North Sikkim Sub-Division,Chumukedima Ward-21,27.5085,88.5085,POINT(88.5085 27.5085)
Sikkim,South Sikkim,South Sikkim Sub-Division,Moirang Ward-22,27.1843,88.3516,POINT(88.3516 27.1843)
Nagaland,Kohima,Kohima Sub-Division,Kalaigaon Ward-23,25.7814,94.0912,POINT(94.0912 25.7814)
Nagaland,Dimapur,Dimapur Sub-Division,Nongpoh Ward-24,25.7841,93.7306,POINT(93.7306 25.7841)
Nagaland,Mokokchung,Mokokchung Sub-Division,Singtam Ward-25,26.2996,94.5392,POINT(94.5392 26.2996)
Manipur,Imphal West,Imphal West Sub-Division,Lumla Ward-1,24.884,93.9056,POINT(93.9056 24.884)
Manipur,Bishnupur,Bishnupur Sub-Division,Moirang Ward-2,24.5043,93.7416,POINT(93.7416 24.5043)
Manipur,Senapati,Senapati Sub-Division,Tseminyu Ward-3,25.3904,93.8807,POINT(93.8807 25.3904)
Mizoram,Aizawl,Aizawl Sub-Division,Nongpoh Ward-4,23.6311,92.6082,POINT(92.6082 23.6311)
Mizoram,Kolasib,Kolasib Sub-Division,Cherrapunji Ward-5,24.1961,92.8279,POINT(92.8279 24.1961)
Mizoram,Lunglei,Lunglei Sub-Division,Rangia Ward-6,22.8432,92.6141,POINT(92.6141 22.8432)
Tripura,West Tripura,West Tripura Sub-Division,Chaygaon Ward-7,23.9396,91.1724,POINT(91.1724 23.9396)
Tripura,Sipahijala,Sipahijala Sub-Division,Kalaigaon Ward-8,23.7786,91.4124,POINT(91.4124 23.7786)
Tripura,Dhalai,Dhalai Sub-Division,Nongpoh Ward-9,23.902,91.8633,POINT(91.8633 23.902)
Arunachal Pradesh,Tawang,Tawang Sub-Division,Bishalgarh Ward-10,27.5743,91.7559,POINT(91.7559 27.5743)
Arunachal Pradesh,West Kameng,West Kameng Sub-Division,Bishalgarh Ward-11,27.1484,92.5087,POINT(92.5087 27.1484)
Arunachal Pradesh,Papum Pare,Papum Pare Sub-Division,Mairang Ward-12,27.2171,93.5388,POINT(93.5388 27.2171)
Arunachal Pradesh,East Siang,East Siang Sub-Division,Jang Ward-13,28.0953,95.387,POINT(95.387 28.0953)
Arunachal Pradesh,Lower Subansiri,Lower Subansiri Sub-Division,Nongpoh Ward-14,27.5317,93.8419,POINT(93.8419 27.5317)
Assam,Kamrup Metropolitan,Kamrup Metropolitan Sub-Division,Kalaigaon Ward-15,26.1457,91.673,POINT(91.673 26.1457)
Assam,Kamrup Rural,Kamrup Rural Sub-Division,Singtam Ward-16,26.2082,91.6438,POINT(91.6438 26.2082)
Assam,Darrang,Darrang Sub-Division,Tseminyu Ward-17,26.345,92.0791,POINT(92.0791 26.345)
Assam,Sonitpur,Sonitpur Sub-Division,Tenga Ward-18,26.6508,92.8201,POINT(92.8201 26.6508)
Assam,Dibrugarh,Dibrugarh Sub-Division,Rupa Ward-19,27.451,94.9107,POINT(94.9107 27.451)
Assam,Cachar,Cachar Sub-Division,Chumukedima Ward-20,24.919,92.7245,POINT(92.7245 24.919)
Assam,Nagaon,Nagaon Sub-Division,Dirang Ward-21,26.2504,92.6954,POINT(92.6954 26.2504)
Meghalaya,East Khasi Hills,East Khasi Hills Sub-Division,Moirang Ward-22,25.6411,91.985,POINT(91.985 25.6411)
Meghalaya,West Khasi Hills,West Khasi Hills Sub-Division,Sipajhar Ward-23,25.485,91.269,POINT(91.269 25.485)
Meghalaya,Ri-Bhoi,Ri-Bhoi Sub-Division,Moirang Ward-24,25.944,92.0067,POINT(92.0067 25.944)
Meghalaya,West Jaintia Hills,West Jaintia Hills Sub-Division,Gyalshing Ward-25,25.5488,92.0655,POINT(92.0655 25.5488)
Sikkim,East Sikkim,East Sikkim Sub-Division,Nambol Ward-1,27.451,88.5129,POINT(88.5129 27.451)
Sikkim,North Sikkim,North Sikkim Sub-Division,Chumukedima Ward-2,27.4151,88.4627,POINT(88.4627 27.4151)
Sikkim,South Sikkim,South Sikkim Sub-Division,Tenga Ward-3,27.0246,88.4811,POINT(88.4811 27.0246)
Nagaland,Kohima,Kohima Sub-Division,Dirang Ward-4,25.6688,94.0314,POINT(94.0314 25.6688)
Nagaland,Dimapur,Dimapur Sub-Division,Chaygaon Ward-5,25.8286,93.674,POINT(93.674 25.8286)
Nagaland,Mokokchung,Mokokchung Sub-Division,Teliamura Ward-6,26.2828,94.4485,POINT(94.4485 26.2828)
Manipur,Imphal West,Imphal West Sub-Division,Tenga Ward-7,24.9078,94.0035,POINT(94.0035 24.9078)
Manipur,Bishnupur,Bishnupur Sub-Division,Moirang Ward-8,24.5936,93.7387,POINT(93.7387 24.5936)
Manipur,Senapati,Senapati Sub-Division,Mairang Ward-9,25.1149,94.026,POINT(94.026 25.1149)
Mizoram,Aizawl,Aizawl Sub-Division,Sipajhar Ward-10,23.6228,92.6666,POINT(92.6666 23.6228)
Mizoram,Kolasib,Kolasib Sub-Division,Rangia Ward-11,24.2352,92.813,POINT(92.813 24.2352)
Mizoram,Lunglei,Lunglei Sub-Division,Lumla Ward-12,23.02,92.7825,POINT(92.7825 23.02)
Tripura,West Tripura,West Tripura Sub-Division,Ambassa Ward-13,23.7872,91.1788,POINT(91.1788 23.7872)
Tripura,Sipahijala,Sipahijala Sub-Division,Chumukedima Ward-14,23.6476,91.3545,POINT(91.3545 23.6476)
Tripura,Dhalai,Dhalai Sub-Division,Cherrapunji Ward-15,23.7223,91.9454,POINT(91.9454 23.7223)
Arunachal Pradesh,Tawang,Tawang Sub-Division,Gyalshing Ward-16,27.6889,91.7788,POINT(91.7788 27.6889)
Arunachal Pradesh,West Kameng,West Kameng Sub-Division,Cherrapunji Ward-17,27.2513,92.284,POINT(92.284 27.2513)
Arunachal Pradesh,Papum Pare,Papum Pare Sub-Division,Rupa Ward-18,27.0954,93.613,POINT(93.613 27.0954)
Arunachal Pradesh,East Siang,East Siang Sub-Division,Nongpoh Ward-19,27.921,95.3927,POINT(95.3927 27.921)
Arunachal Pradesh,Lower Subansiri,Lower Subansiri Sub-Division,Bishalgarh Ward-20,27.6439,93.8822,POINT(93.8822 27.6439)
Assam,Kamrup Metropolitan,Kamrup Metropolitan Sub-Division,Singtam Ward-21,26.2699,91.7435,POINT(91.7435 26.2699)
Assam,Kamrup Rural,Kamrup Rural Sub-Division,Serchhip Ward-22,26.2796,91.4922,POINT(91.4922 26.2796)
Assam,Darrang,Darrang Sub-Division,Cherrapunji Ward-23,26.4397,91.954,POINT(91.954 26.4397)
Assam,Sonitpur,Sonitpur Sub-Division,Chaygaon Ward-24,26.7382,92.8387,POINT(92.8387 26.7382)
Assam,Dibrugarh,Dibrugarh Sub-Division,Singtam Ward-25,27.4444,94.8752,POINT(94.8752 27.4444)
Assam,Cachar,Cachar Sub-Division,Tenga Ward-1,24.7347,92.7789,POINT(92.7789 24.7347)
Assam,Nagaon,Nagaon Sub-Division,Chumukedima Ward-2,26.4884,92.8262,POINT(92.8262 26.4884)
Meghalaya,East Khasi Hills,East Khasi Hills Sub-Division,Singtam Ward-3,25.4922,92.0037,POINT(92.0037 25.4922)
Meghalaya,West Khasi Hills,West Khasi Hills Sub-Division,Hnahthial Ward-4,25.6372,91.3153,POINT(91.3153 25.6372)
Meghalaya,Ri-Bhoi,Ri-Bhoi Sub-Division,Ambassa Ward-5,25.7599,92.0086,POINT(92.0086 25.7599)
Meghalaya,West Jaintia Hills,West Jaintia Hills Sub-Division,Moirang Ward-6,25.3433,92.2962,POINT(92.2962 25.3433)
Sikkim,East Sikkim,East Sikkim Sub-Division,Jang Ward-7,27.2376,88.5286,POINT(88.5286 27.2376)
Sikkim,North Sikkim,North Sikkim Sub-Division,Sipajhar Ward-8,27.5122,88.5152,POINT(88.5152 27.5122)
Sikkim,South Sikkim,South Sikkim Sub-Division,Lumla Ward-9,27.2372,88.3502,POINT(88.3502 27.2372)
Nagaland,Kohima,Kohima Sub-Division,Hnahthial Ward-10,25.7767,94.0608,POINT(94.0608 25.7767)
Nagaland,Dimapur,Dimapur Sub-Division,Nongpoh Ward-11,26.0475,93.6754,POINT(93.6754 26.0475)
Nagaland,Mokokchung,Mokokchung Sub-Division,Cherrapunji Ward-12,26.3222,94.4767,POINT(94.4767 26.3222)
Manipur,Imphal West,Imphal West Sub-Division,Gyalshing Ward-13,24.8428,93.9008,POINT(93.9008 24.8428)
Manipur,Bishnupur,Bishnupur Sub-Division,Mangan Ward-14,24.6963,93.6391,POINT(93.6391 24.6963)
Manipur,Senapati,Senapati Sub-Division,Lumla Ward-15,25.1563,93.9769,POINT(93.9769 25.1563)
Mizoram,Aizawl,Aizawl Sub-Division,Lumla Ward-16,23.6696,92.6756,POINT(92.6756 23.6696)
Mizoram,Kolasib,Kolasib Sub-Division,Dirang Ward-17,24.1993,92.6971,POINT(92.6971 24.1993)
Mizoram,Lunglei,Lunglei Sub-Division,Jang Ward-18,22.8362,92.6179,POINT(92.6179 22.8362)
Tripura,West Tripura,West Tripura Sub-Division,Rangia Ward-19,23.6852,91.2609,POINT(91.2609 23.6852)
Tripura,Sipahijala,Sipahijala Sub-Division,Cherrapunji Ward-20,23.7566,91.4555,POINT(91.4555 23.7566)
Tripura,Dhalai,Dhalai Sub-Division,Rupa Ward-21,23.7509,91.7807,POINT(91.7807 23.7509)
Arunachal Pradesh,Tawang,Tawang Sub-Division,Nongpoh Ward-22,27.5665,91.8357,POINT(91.8357 27.5665)
Arunachal Pradesh,West Kameng,West Kameng Sub-Division,Nongpoh Ward-23,27.3978,92.4822,POINT(92.4822 27.3978)
Arunachal Pradesh,Papum Pare,Papum Pare Sub-Division,Singtam Ward-24,26.9825,93.558,POINT(93.558 26.9825)
Arunachal Pradesh,East Siang,East Siang Sub-Division,Chaygaon Ward-25,28.1572,95.2749,POINT(95.2749 28.1572)
Arunachal Pradesh,Lower Subansiri,Lower Subansiri Sub-Division,Moirang Ward-1,27.5953,93.8583,POINT(93.8583 27.5953)
Assam,Kamrup Metropolitan,Kamrup Metropolitan Sub-Division,Nongpoh Ward-2,26.0548,91.6805,POINT(91.6805 26.0548)
Assam,Kamrup Rural,Kamrup Rural Sub-Division,Rupa Ward-3,26.2435,91.5593,POINT(91.5593 26.2435)
Assam,Darrang,Darrang Sub-Division,Kalaigaon Ward-4,26.3861,92.1168,POINT(92.1168 26.3861)
Assam,Sonitpur,Sonitpur Sub-Division,Ambassa Ward-5,26.6615,92.8063,POINT(92.8063 26.6615)
Assam,Dibrugarh,Dibrugarh Sub-Division,Rangia Ward-6,27.541,95.0449,POINT(95.0449 27.541)
Assam,Cachar,Cachar Sub-Division,Mangan Ward-7,24.8912,92.8746,POINT(92.8746 24.8912)
Assam,Nagaon,Nagaon Sub-Division,Serchhip Ward-8,26.237,92.6248,POINT(92.6248 26.237)
Meghalaya,East Khasi Hills,East Khasi Hills Sub-Division,Gyalshing Ward-9,25.6655,91.7655,POINT(91.7655 25.6655)
Meghalaya,West Khasi Hills,West Khasi Hills Sub-Division,Hnahthial Ward-10,25.512,91.3861,POINT(91.3861 25.512)
Meghalaya,Ri-Bhoi,Ri-Bhoi Sub-Division,Rupa Ward-11,26.0405,91.9405,POINT(91.9405 26.0405)
Meghalaya,West Jaintia Hills,West Jaintia Hills Sub-Division,Chumukedima Ward-12,25.3255,92.2807,POINT(92.2807 25.3255)
Sikkim,East Sikkim,East Sikkim Sub-Division,Bishalgarh Ward-13,27.3727,88.6255,POINT(88.6255 27.3727)
Sikkim,North Sikkim,North Sikkim Sub-Division,Bishalgarh Ward-14,27.5758,88.6897,POINT(88.6897 27.5758)
Sikkim,South Sikkim,South Sikkim Sub-Division,Serchhip Ward-15,27.0866,88.4241,POINT(88.4241 27.0866)
Nagaland,Kohima,Kohima Sub-Division,Kalaigaon Ward-16,25.6588,94.0759,POINT(94.0759 25.6588)
Nagaland,Dimapur,Dimapur Sub-Division,Rangia Ward-17,25.802,93.8768,POINT(93.8768 25.802)
Nagaland,Mokokchung,Mokokchung Sub-Division,Moirang Ward-18,26.4635,94.4048,POINT(94.4048 26.4635)
Manipur,Imphal West,Imphal West Sub-Division,Cherrapunji Ward-19,24.7699,94.0221,POINT(94.0221 24.7699)
Manipur,Bishnupur,Bishnupur Sub-Division,Tseminyu Ward-20,24.6138,93.8235,POINT(93.8235 24.6138)
Manipur,Senapati,Senapati Sub-Division,Singtam Ward-21,25.3232,93.8668,POINT(93.8668 25.3232)
Mizoram,Aizawl,Aizawl Sub-Division,Chaygaon Ward-22,23.6264,92.8628,POINT(92.8628 23.6264)
Mizoram,Kolasib,Kolasib Sub-Division,Rangia Ward-23,24.1693,92.6579,POINT(92.6579 24.1693)
Mizoram,Lunglei,Lunglei Sub-Division,Chumukedima Ward-24,22.7853,92.7821,POINT(92.7821 22.7853)
Tripura,West Tripura,West Tripura Sub-Division,Rupa Ward-25,23.9464,91.2717,POINT(91.2717 23.9464)
Tripura,Sipahijala,Sipahijala Sub-Division,Hnahthial Ward-1,23.5467,91.3877,POINT(91.3877 23.5467)
Tripura,Dhalai,Dhalai Sub-Division,Mairang Ward-2,23.9399,91.8611,POINT(91.8611 23.9399)
Arunachal Pradesh,Tawang,Tawang Sub-Division,Gyalshing Ward-3,27.5148,91.9682,POINT(91.9682 27.5148)
Arunachal Pradesh,West Kameng,West Kameng Sub-Division,Dirang Ward-4,27.2311,92.3837,POINT(92.3837 27.2311)
Arunachal Pradesh,Papum Pare,Papum Pare Sub-Division,Lumla Ward-5,27.1356,93.7107,POINT(93.7107 27.1356)
Arunachal Pradesh,East Siang,East Siang Sub-Division,Singtam Ward-6,28.0931,95.3776,POINT(95.3776 28.0931)
Arunachal Pradesh,Lower Subansiri,Lower Subansiri Sub-Division,Hnahthial Ward-7,27.4549,93.888,POINT(93.888 27.4549)
Assam,Kamrup Metropolitan,Kamrup Metropolitan Sub-Division,Kalaigaon Ward-8,26.1669,91.7131,POINT(91.7131 26.1669)
Assam,Kamrup Rural,Kamrup Rural Sub-Division,Serchhip Ward-9,26.2286,91.712,POINT(91.712 26.2286)
Assam,Darrang,Darrang Sub-Division,Nongpoh Ward-10,26.3581,92.1336,POINT(92.1336 26.3581)
Assam,Sonitpur,Sonitpur Sub-Division,Kalaigaon Ward-11,26.4867,92.6836,POINT(92.6836 26.4867)
Assam,Dibrugarh,Dibrugarh Sub-Division,Singtam Ward-12,27.5187,94.8847,POINT(94.8847 27.5187)
Assam,Cachar,Cachar Sub-Division,Singtam Ward-13,24.8299,92.6537,POINT(92.6537 24.8299)
Assam,Nagaon,Nagaon Sub-Division,Mairang Ward-14,26.205,92.6015,POINT(92.6015 26.205)
Meghalaya,East Khasi Hills,East Khasi Hills Sub-Division,Lumla Ward-15,25.6516,91.9731,POINT(91.9731 25.6516)
Meghalaya,West Khasi Hills,West Khasi Hills Sub-Division,Rupa Ward-16,25.4404,91.2729,POINT(91.2729 25.4404)
Meghalaya,Ri-Bhoi,Ri-Bhoi Sub-Division,Jang Ward-17,25.978,91.8624,POINT(91.8624 25.978)
Meghalaya,West Jaintia Hills,West Jaintia Hills Sub-Division,Bishalgarh Ward-18,25.549,92.2754,POINT(92.2754 25.549)
Sikkim,East Sikkim,East Sikkim Sub-Division,Jang Ward-19,27.2677,88.7152,POINT(88.7152 27.2677)
Sikkim,North Sikkim,North Sikkim Sub-Division,Chumukedima Ward-20,27.5827,88.4711,POINT(88.4711 27.5827)
Sikkim,South Sikkim,South Sikkim Sub-Division,Nongpoh Ward-21,27.2783,88.3831,POINT(88.3831 27.2783)
Nagaland,Kohima,Kohima Sub-Division,Gyalshing Ward-22,25.5871,94.0207,POINT(94.0207 25.5871)
Nagaland,Dimapur,Dimapur Sub-Division,Sipajhar Ward-23,25.9359,93.628,POINT(93.628 25.9359)
Nagaland,Mokokchung,Mokokchung Sub-Division,Rupa Ward-24,26.4607,94.5243,POINT(94.5243 26.4607)
Manipur,Imphal West,Imphal West Sub-Division,Serchhip Ward-25,24.9558,94.0225,POINT(94.0225 24.9558)
Manipur,Bishnupur,Bishnupur Sub-Division,Tseminyu Ward-1,24.6792,93.8249,POINT(93.8249 24.6792)
Manipur,Senapati,Senapati Sub-Division,Chumukedima Ward-2,25.3585,94.0884,POINT(94.0884 25.3585)
Mizoram,Aizawl,Aizawl Sub-Division,Nongpoh Ward-3,23.7668,92.7559,POINT(92.7559 23.7668)
Mizoram,Kolasib,Kolasib Sub-Division,Tenga Ward-4,24.334,92.5579,POINT(92.5579 24.334)
Mizoram,Lunglei,Lunglei Sub-Division,Singtam Ward-5,22.9932,92.7264,POINT(92.7264 22.9932)
Tripura,West Tripura,West Tripura Sub-Division,Jang Ward-6,23.9137,91.3566,POINT(91.3566 23.9137)
Tripura,Sipahijala,Sipahijala Sub-Division,Lumla Ward-7,23.6942,91.417,POINT(91.417 23.6942)
Tripura,Dhalai,Dhalai Sub-Division,Cherrapunji Ward-8,23.8289,91.7636,POINT(91.7636 23.8289)
Arunachal Pradesh,Tawang,Tawang Sub-Division,Jang Ward-9,27.6003,91.7486,POINT(91.7486 27.6003)
Arunachal Pradesh,West Kameng,West Kameng Sub-Division,Bishalgarh Ward-10,27.3193,92.2804,POINT(92.2804 27.3193)
Arunachal Pradesh,Papum Pare,Papum Pare Sub-Division,Chumukedima Ward-11,26.9553,93.7454,POINT(93.7454 26.9553)
Arunachal Pradesh,East Siang,East Siang Sub-Division,Kalaigaon Ward-12,28.2034,95.2367,POINT(95.2367 28.2034)
Arunachal Pradesh,Lower Subansiri,Lower Subansiri Sub-Division,Teliamura Ward-13,27.4906,93.9423,POINT(93.9423 27.4906)
Assam,Kamrup Metropolitan,Kamrup Metropolitan Sub-Division,Moirang Ward-14,26.0696,91.6978,POINT(91.6978 26.0696)
Assam,Kamrup Rural,Kamrup Rural Sub-Division,Rupa Ward-15,26.2227,91.6298,POINT(91.6298 26.2227)
Assam,Darrang,Darrang Sub-Division,Moirang Ward-16,26.5131,91.8813,POINT(91.8813 26.5131)
Assam,Sonitpur,Sonitpur Sub-Division,Cherrapunji Ward-17,26.6396,92.7761,POINT(92.7761 26.6396)
Assam,Dibrugarh,Dibrugarh Sub-Division,Mairang Ward-18,27.6192,94.8887,POINT(94.8887 27.6192)
Assam,Cachar,Cachar Sub-Division,Singtam Ward-19,24.7101,92.8707,POINT(92.8707 24.7101)
Assam,Nagaon,Nagaon Sub-Division,Nambol Ward-20,26.2363,92.766,POINT(92.766 26.2363)
Meghalaya,East Khasi Hills,East Khasi Hills Sub-Division,Mairang Ward-21,25.6319,91.7638,POINT(91.7638 25.6319)
Meghalaya,West Khasi Hills,West Khasi Hills Sub-Division,Nongpoh Ward-22,25.492,91.3267,POINT(91.3267 25.492)
Meghalaya,Ri-Bhoi,Ri-Bhoi Sub-Division,Cherrapunji Ward-23,25.9348,91.8627,POINT(91.8627 25.9348)
Meghalaya,West Jaintia Hills,West Jaintia Hills Sub-Division,Gyalshing Ward-24,25.5257,92.2269,POINT(92.2269 25.5257)
Sikkim,East Sikkim,East Sikkim Sub-Division,Ambassa Ward-25,27.4262,88.5308,POINT(88.5308 27.4262)
Sikkim,North Sikkim,North Sikkim Sub-Division,Lumla Ward-1,27.53,88.5823,POINT(88.5823 27.53)
Sikkim,South Sikkim,South Sikkim Sub-Division,Chumukedima Ward-2,27.2741,88.4627,POINT(88.4627 27.2741)
Nagaland,Kohima,Kohima Sub-Division,Cherrapunji Ward-3,25.7495,94.0473,POINT(94.0473 25.7495)
Nagaland,Dimapur,Dimapur Sub-Division,Rangia Ward-4,25.8286,93.6933,POINT(93.6933 25.8286)
Nagaland,Mokokchung,Mokokchung Sub-Division,Singtam Ward-5,26.3335,94.6633,POINT(94.6633 26.3335)
Manipur,Imphal West,Imphal West Sub-Division,Rupa Ward-6,24.9252,93.9573,POINT(93.9573 24.9252)
Manipur,Bishnupur,Bishnupur Sub-Division,Chaygaon Ward-7,24.6237,93.9107,POINT(93.9107 24.6237)
Manipur,Senapati,Senapati Sub-Division,Rangia Ward-8,25.1887,93.8719,POINT(93.8719 25.1887)
Mizoram,Aizawl,Aizawl Sub-Division,Rangia Ward-9,23.663,92.7814,POINT(92.7814 23.663)
Mizoram,Kolasib,Kolasib Sub-Division,Dirang Ward-10,24.0947,92.691,POINT(92.691 24.0947)
Mizoram,Lunglei,Lunglei Sub-Division,Gyalshing Ward-11,22.7537,92.8663,POINT(92.8663 22.7537)
Tripura,West Tripura,West Tripura Sub-Division,Serchhip Ward-12,23.8574,91.3658,POINT(91.3658 23.8574)
Tripura,Sipahijala,Sipahijala Sub-Division,Tseminyu Ward-13,23.6946,91.381,POINT(91.381 23.6946)
Tripura,Dhalai,Dhalai Sub-Division,Rangia Ward-14,23.9774,91.7348,POINT(91.7348 23.9774)
Arunachal Pradesh,Tawang,Tawang Sub-Division,Chumukedima Ward-15,27.6586,91.9316,POINT(91.9316 27.6586)
Arunachal Pradesh,West Kameng,West Kameng Sub-Division,Kalaigaon Ward-16,27.1179,92.4148,POINT(92.4148 27.1179)
Arunachal Pradesh,Papum Pare,Papum Pare Sub-Division,Dirang Ward-17,27.1666,93.5167,POINT(93.5167 27.1666)
Arunachal Pradesh,East Siang,East Siang Sub-Division,Gyalshing Ward-18,28.1359,95.2114,POINT(95.2114 28.1359)
Arunachal Pradesh,Lower Subansiri,Lower Subansiri Sub-Division,Jang Ward-19,27.4816,93.6992,POINT(93.6992 27.4816)
Assam,Kamrup Metropolitan,Kamrup Metropolitan Sub-Division,Jang Ward-20,26.1433,91.7394,POINT(91.7394 26.1433)
Assam,Kamrup Rural,Kamrup Rural Sub-Division,Teliamura Ward-21,26.1453,91.4885,POINT(91.4885 26.1453)
Assam,Darrang,Darrang Sub-Division,Dirang Ward-22,26.3366,92.1032,POINT(92.1032 26.3366)
Assam,Sonitpur,Sonitpur Sub-Division,Gyalshing Ward-23,26.5572,92.7841,POINT(92.7841 26.5572)
Assam,Dibrugarh,Dibrugarh Sub-Division,Tenga Ward-24,27.6109,94.7726,POINT(94.7726 27.6109)
Assam,Cachar,Cachar Sub-Division,Cherrapunji Ward-25,24.8091,92.7254,POINT(92.7254 24.8091)
Assam,Nagaon,Nagaon Sub-Division,Sipajhar Ward-1,26.443,92.7055,POINT(92.7055 26.443)
Meghalaya,East Khasi Hills,East Khasi Hills Sub-Division,Chaygaon Ward-2,25.4826,91.9846,POINT(91.9846 25.4826)
Meghalaya,West Khasi Hills,West Khasi Hills Sub-Division,Rangia Ward-3,25.4995,91.1947,POINT(91.1947 25.4995)
Meghalaya,Ri-Bhoi,Ri-Bhoi Sub-Division,Tenga Ward-4,25.887,91.8407,POINT(91.8407 25.887)
Meghalaya,West Jaintia Hills,West Jaintia Hills Sub-Division,Teliamura Ward-5,25.4868,92.1892,POINT(92.1892 25.4868)
Sikkim,East Sikkim,East Sikkim Sub-Division,Jang Ward-6,27.4217,88.6762,POINT(88.6762 27.4217)
Sikkim,North Sikkim,North Sikkim Sub-Division,Mangan Ward-7,27.3519,88.523,POINT(88.523 27.3519)
Sikkim,South Sikkim,South Sikkim Sub-Division,Kalaigaon Ward-8,27.228,88.2029,POINT(88.2029 27.228)
Nagaland,Kohima,Kohima Sub-Division,Nongpoh Ward-9,25.7798,94.1768,POINT(94.1768 25.7798)
Nagaland,Dimapur,Dimapur Sub-Division,Hnahthial Ward-10,25.8827,93.8659,POINT(93.8659 25.8827)
Nagaland,Mokokchung,Mokokchung Sub-Division,Serchhip Ward-11,26.4514,94.6392,POINT(94.6392 26.4514)
Manipur,Imphal West,Imphal West Sub-Division,Singtam Ward-12,24.8045,94.0112,POINT(94.0112 24.8045)
Manipur,Bishnupur,Bishnupur Sub-Division,Dirang Ward-13,24.7284,93.6369,POINT(93.6369 24.7284)
Manipur,Senapati,Senapati Sub-Division,Chumukedima Ward-14,25.1492,93.9475,POINT(93.9475 25.1492)
Mizoram,Aizawl,Aizawl Sub-Division,Tenga Ward-15,23.7873,92.7882,POINT(92.7882 23.7873)
Mizoram,Kolasib,Kolasib Sub-Division,Bishalgarh Ward-16,24.3531,92.5708,POINT(92.5708 24.3531)
Mizoram,Lunglei,Lunglei Sub-Division,Tseminyu Ward-17,22.7793,92.7298,POINT(92.7298 22.7793)
Tripura,West Tripura,West Tripura Sub-Division,Hnahthial Ward-18,23.9126,91.2724,POINT(91.2724 23.9126)
Tripura,Sipahijala,Sipahijala Sub-Division,Mairang Ward-19,23.5323,91.3678,POINT(91.3678 23.5323)
Tripura,Dhalai,Dhalai Sub-Division,Lumla Ward-20,23.7645,91.957,POINT(91.957 23.7645)
Arunachal Pradesh,Tawang,Tawang Sub-Division,Nambol Ward-21,27.5428,91.8634,POINT(91.8634 27.5428)
Arunachal Pradesh,West Kameng,West Kameng Sub-Division,Nongpoh Ward-22,27.1667,92.5515,POINT(92.5515 27.1667)
Arunachal Pradesh,Papum Pare,Papum Pare Sub-Division,Hnahthial Ward-23,27.0254,93.6052,POINT(93.6052 27.0254)
Arunachal Pradesh,East Siang,East Siang Sub-Division,Rupa Ward-24,27.9345,95.4103,POINT(95.4103 27.9345)
Arunachal Pradesh,Lower Subansiri,Lower Subansiri Sub-Division,Rangia Ward-25,27.5117,93.8691,POINT(93.8691 27.5117)
Assam,Kamrup Metropolitan,Kamrup Metropolitan Sub-Division,Rupa Ward-1,26.2697,91.6087,POINT(91.6087 26.2697)
Assam,Kamrup Rural,Kamrup Rural Sub-Division,Dirang Ward-2,26.2778,91.4396,POINT(91.4396 26.2778)
Assam,Darrang,Darrang Sub-Division,Kalaigaon Ward-3,26.3148,92.0193,POINT(92.0193 26.3148)
Assam,Sonitpur,Sonitpur Sub-Division,Lumla Ward-4,26.7011,92.7914,POINT(92.7914 26.7011)
Assam,Dibrugarh,Dibrugarh Sub-Division,Mairang Ward-5,27.3872,94.8181,POINT(94.8181 27.3872)
Assam,Cachar,Cachar Sub-Division,Mairang Ward-6,24.8675,92.814,POINT(92.814 24.8675)
Assam,Nagaon,Nagaon Sub-Division,Sipajhar Ward-7,26.3604,92.5523,POINT(92.5523 26.3604)
Meghalaya,East Khasi Hills,East Khasi Hills Sub-Division,Moirang Ward-8,25.6216,91.9825,POINT(91.9825 25.6216)
Meghalaya,West Khasi Hills,West Khasi Hills Sub-Division,Sipajhar Ward-9,25.5985,91.4068,POINT(91.4068 25.5985)
Meghalaya,Ri-Bhoi,Ri-Bhoi Sub-Division,Lumla Ward-10,25.9844,91.8332,POINT(91.8332 25.9844)
Meghalaya,West Jaintia Hills,West Jaintia Hills Sub-Division,Singtam Ward-11,25.3539,92.1457,POINT(92.1457 25.3539)
Sikkim,East Sikkim,East Sikkim Sub-Division,Lumla Ward-12,27.2732,88.6991,POINT(88.6991 27.2732)
Sikkim,North Sikkim,North Sikkim Sub-Division,Cherrapunji Ward-13,27.6499,88.6922,POINT(88.6922 27.6499)
Sikkim,South Sikkim,South Sikkim Sub-Division,Kalaigaon Ward-14,27.1801,88.4374,POINT(88.4374 27.1801)
Nagaland,Kohima,Kohima Sub-Division,Nambol Ward-15,25.5909,94.2126,POINT(94.2126 25.5909)
Nagaland,Dimapur,Dimapur Sub-Division,Dirang Ward-16,26.0543,93.6296,POINT(93.6296 26.0543)
Nagaland,Mokokchung,Mokokchung Sub-Division,Tseminyu Ward-17,26.3843,94.6442,POINT(94.6442 26.3843)
Manipur,Imphal West,Imphal West Sub-Division,Sipajhar Ward-18,24.8373,93.8294,POINT(93.8294 24.8373)
Manipur,Bishnupur,Bishnupur Sub-Division,Dirang Ward-19,24.7735,93.7771,POINT(93.7771 24.7735)
Manipur,Senapati,Senapati Sub-Division,Rangia Ward-20,25.1798,93.9256,POINT(93.9256 25.1798)
Mizoram,Aizawl,Aizawl Sub-Division,Rangia Ward-21,23.7613,92.8095,POINT(92.8095 23.7613)
Mizoram,Kolasib,Kolasib Sub-Division,Sipajhar Ward-22,24.3233,92.6271,POINT(92.6271 24.3233)
Mizoram,Lunglei,Lunglei Sub-Division,Gyalshing Ward-23,22.7725,92.6233,POINT(92.6233 22.7725)
Tripura,West Tripura,West Tripura Sub-Division,Teliamura Ward-24,23.7936,91.4194,POINT(91.4194 23.7936)
Tripura,Sipahijala,Sipahijala Sub-Division,Chumukedima Ward-25,23.5818,91.4548,POINT(91.4548 23.5818)
Tripura,Dhalai,Dhalai Sub-Division,Serchhip Ward-1,23.9882,91.8948,POINT(91.8948 23.9882)
Arunachal Pradesh,Tawang,Tawang Sub-Division,Mangan Ward-2,27.703,91.8935,POINT(91.8935 27.703)
Arunachal Pradesh,West Kameng,West Kameng Sub-Division,Nongpoh Ward-3,27.1671,92.3579,POINT(92.3579 27.1671)
Arunachal Pradesh,Papum Pare,Papum Pare Sub-Division,Chaygaon Ward-4,26.9509,93.6772,POINT(93.6772 26.9509)
Arunachal Pradesh,East Siang,East Siang Sub-Division,Sipajhar Ward-5,28.2056,95.1857,POINT(95.1857 28.2056)
Arunachal Pradesh,Lower Subansiri,Lower Subansiri Sub-Division,Serchhip Ward-6,27.5834,93.8719,POINT(93.8719 27.5834)
Assam,Kamrup Metropolitan,Kamrup Metropolitan Sub-Division,Bishalgarh Ward-7,26.2181,91.6576,POINT(91.6576 26.2181)
Assam,Kamrup Rural,Kamrup Rural Sub-Division,Hnahthial Ward-8,26.0616,91.6247,POINT(91.6247 26.0616)
Assam,Darrang,Darrang Sub-Division,Rupa Ward-9,26.3054,91.9439,POINT(91.9439 26.3054)
Assam,Sonitpur,Sonitpur Sub-Division,Rangia Ward-10,26.5162,92.643,POINT(92.643 26.5162)
Assam,Dibrugarh,Dibrugarh Sub-Division,Tenga Ward-11,27.3727,94.8862,POINT(94.8862 27.3727)
Assam,Cachar,Cachar Sub-Division,Ambassa Ward-12,24.7137,92.7727,POINT(92.7727 24.7137)
Assam,Nagaon,Nagaon Sub-Division,Nambol Ward-13,26.2629,92.6694,POINT(92.6694 26.2629)
Meghalaya,East Khasi Hills,East Khasi Hills Sub-Division,Ambassa Ward-14,25.5244,92.0288,POINT(92.0288 25.5244)
Meghalaya,West Khasi Hills,West Khasi Hills Sub-Division,Hnahthial Ward-15,25.4083,91.1325,POINT(91.1325 25.4083)
Meghalaya,Ri-Bhoi,Ri-Bhoi Sub-Division,Jang Ward-16,25.9282,91.9141,POINT(91.9141 25.9282)
Meghalaya,West Jaintia Hills,West Jaintia Hills Sub-Division,Kalaigaon Ward-17,25.4961,92.2322,POINT(92.2322 25.4961)
Sikkim,East Sikkim,East Sikkim Sub-Division,Bishalgarh Ward-18,27.2506,88.5135,POINT(88.5135 27.2506)
Sikkim,North Sikkim,North Sikkim Sub-Division,Gyalshing Ward-19,27.512,88.5982,POINT(88.5982 27.512)
Sikkim,South Sikkim,South Sikkim Sub-Division,Lumla Ward-20,27.1915,88.452,POINT(88.452 27.1915)
Nagaland,Kohima,Kohima Sub-Division,Chumukedima Ward-21,25.5514,94.2058,POINT(94.2058 25.5514)
Nagaland,Dimapur,Dimapur Sub-Division,Dirang Ward-22,25.7645,93.6287,POINT(93.6287 25.7645)
Nagaland,Mokokchung,Mokokchung Sub-Division,Kalaigaon Ward-23,26.2097,94.6055,POINT(94.6055 26.2097)
Manipur,Imphal West,Imphal West Sub-Division,Cherrapunji Ward-24,24.6943,93.95,POINT(93.95 24.6943)
Manipur,Bishnupur,Bishnupur Sub-Division,Nongpoh Ward-25,24.5384,93.6279,POINT(93.6279 24.5384)
Manipur,Senapati,Senapati Sub-Division,Tseminyu Ward-1,25.1906,93.8785,POINT(93.8785 25.1906)
Mizoram,Aizawl,Aizawl Sub-Division,Tenga Ward-2,23.7775,92.8101,POINT(92.8101 23.7775)
Mizoram,Kolasib,Kolasib Sub-Division,Chumukedima Ward-3,24.2361,92.7822,POINT(92.7822 24.2361)
Mizoram,Lunglei,Lunglei Sub-Division,Rupa Ward-4,22.9361,92.8709,POINT(92.8709 22.9361)
Tripura,West Tripura,West Tripura Sub-Division,Nambol Ward-5,23.7052,91.4076,POINT(91.4076 23.7052)
Tripura,Sipahijala,Sipahijala Sub-Division,Serchhip Ward-6,23.64,91.3334,POINT(91.3334 23.64)
Tripura,Dhalai,Dhalai Sub-Division,Nambol Ward-7,23.8347,91.9847,POINT(91.9847 23.8347)
Arunachal Pradesh,Tawang,Tawang Sub-Division,Kalaigaon Ward-8,27.474,91.8364,POINT(91.8364 27.474)
Arunachal Pradesh,West Kameng,West Kameng Sub-Division,Lumla Ward-9,27.3027,92.5161,POINT(92.5161 27.3027)
Arunachal Pradesh,Papum Pare,Papum Pare Sub-Division,Serchhip Ward-10,27.1926,93.4927,POINT(93.4927 27.1926)
Arunachal Pradesh,East Siang,East Siang Sub-Division,Singtam Ward-11,27.9989,95.3134,POINT(95.3134 27.9989)
Arunachal Pradesh,Lower Subansiri,Lower Subansiri Sub-Division,Chaygaon Ward-12,27.5763,93.9145,POINT(93.9145 27.5763)
Assam,Kamrup Metropolitan,Kamrup Metropolitan Sub-Division,Dirang Ward-13,26.1709,91.8137,POINT(91.8137 26.1709)
Assam,Kamrup Rural,Kamrup Rural Sub-Division,Chumukedima Ward-14,26.2689,91.6477,POINT(91.6477 26.2689)
Assam,Darrang,Darrang Sub-Division,Singtam Ward-15,26.4253,91.9959,POINT(91.9959 26.4253)
Assam,Sonitpur,Sonitpur Sub-Division,Tenga Ward-16,26.5355,92.7635,POINT(92.7635 26.5355)
Assam,Dibrugarh,Dibrugarh Sub-Division,Rupa Ward-17,27.3344,95.0289,POINT(95.0289 27.3344)
Assam,Cachar,Cachar Sub-Division,Mairang Ward-18,24.8259,92.7095,POINT(92.7095 24.8259)
Assam,Nagaon,Nagaon Sub-Division,Bishalgarh Ward-19,26.2861,92.6181,POINT(92.6181 26.2861)
Meghalaya,East Khasi Hills,East Khasi Hills Sub-Division,Dirang Ward-20,25.7205,91.8117,POINT(91.8117 25.7205)
Meghalaya,West Khasi Hills,West Khasi Hills Sub-Division,Tenga Ward-21,25.6077,91.1908,POINT(91.1908 25.6077)
Meghalaya,Ri-Bhoi,Ri-Bhoi Sub-Division,Nongpoh Ward-22,25.8825,92.004,POINT(92.004 25.8825)
Meghalaya,West Jaintia Hills,West Jaintia Hills Sub-Division,Ambassa Ward-23,25.5602,92.2963,POINT(92.2963 25.5602)
Sikkim,East Sikkim,East Sikkim Sub-Division,Hnahthial Ward-24,27.4018,88.5775,POINT(88.5775 27.4018)
Sikkim,North Sikkim,North Sikkim Sub-Division,Kalaigaon Ward-25,27.3587,88.4578,POINT(88.4578 27.3587)
Sikkim,South Sikkim,South Sikkim Sub-Division,Tseminyu Ward-1,27.0299,88.2152,POINT(88.2152 27.0299)
Nagaland,Kohima,Kohima Sub-Division,Cherrapunji Ward-2,25.7722,94.1101,POINT(94.1101 25.7722)
Nagaland,Dimapur,Dimapur Sub-Division,Teliamura Ward-3,25.8294,93.7241,POINT(93.7241 25.8294)
Nagaland,Mokokchung,Mokokchung Sub-Division,Rangia Ward-4,26.3511,94.4749,POINT(94.4749 26.3511)
Manipur,Imphal West,Imphal West Sub-Division,Tseminyu Ward-5,24.9163,93.8139,POINT(93.8139 24.9163)
Manipur,Bishnupur,Bishnupur Sub-Division,Mangan Ward-6,24.6541,93.904,POINT(93.904 24.6541)
Manipur,Senapati,Senapati Sub-Division,Nambol Ward-7,25.172,94.0555,POINT(94.0555 25.172)
Mizoram,Aizawl,Aizawl Sub-Division,Rupa Ward-8,23.8074,92.5703,POINT(92.5703 23.8074)
Mizoram,Kolasib,Kolasib Sub-Division,Chaygaon Ward-9,24.3103,92.5971,POINT(92.5971 24.3103)
Mizoram,Lunglei,Lunglei Sub-Division,Lumla Ward-10,23.0201,92.7828,POINT(92.7828 23.0201)
Tripura,West Tripura,West Tripura Sub-Division,Sipajhar Ward-11,23.8192,91.2023,POINT(91.2023 23.8192)
Tripura,Sipahijala,Sipahijala Sub-Division,Jang Ward-12,23.6041,91.1927,POINT(91.1927 23.6041)
Tripura,Dhalai,Dhalai Sub-Division,Teliamura Ward-13,23.9518,91.8684,POINT(91.8684 23.9518)
Arunachal Pradesh,Tawang,Tawang Sub-Division,Bishalgarh Ward-14,27.4685,91.7286,POINT(91.7286 27.4685)
Arunachal Pradesh,West Kameng,West Kameng Sub-Division,Chumukedima Ward-15,27.1928,92.4792,POINT(92.4792 27.1928)
Arunachal Pradesh,Papum Pare,Papum Pare Sub-Division,Tenga Ward-16,27.1056,93.5387,POINT(93.5387 27.1056)
Arunachal Pradesh,East Siang,East Siang Sub-Division,Nongpoh Ward-17,28.096,95.3742,POINT(95.3742 28.096)
Arunachal Pradesh,Lower Subansiri,Lower Subansiri Sub-Division,Kalaigaon Ward-18,27.5492,93.7687,POINT(93.7687 27.5492)
Assam,Kamrup Metropolitan,Kamrup Metropolitan Sub-Division,Serchhip Ward-19,26.0051,91.7986,POINT(91.7986 26.0051)
Assam,Kamrup Rural,Kamrup Rural Sub-Division,Lumla Ward-20,26.249,91.6179,POINT(91.6179 26.249)
Assam,Darrang,Darrang Sub-Division,Gyalshing Ward-21,26.5036,92.0332,POINT(92.0332 26.5036)
Assam,Sonitpur,Sonitpur Sub-Division,Nambol Ward-22,26.6513,92.7307,POINT(92.7307 26.6513)
Assam,Dibrugarh,Dibrugarh Sub-Division,Moirang Ward-23,27.5653,94.9909,POINT(94.9909 27.5653)
Assam,Cachar,Cachar Sub-Division,Sipajhar Ward-24,24.8796,92.6956,POINT(92.6956 24.8796)
Assam,Nagaon,Nagaon Sub-Division,Dirang Ward-25,26.4316,92.6334,POINT(92.6334 26.4316)
Meghalaya,East Khasi Hills,East Khasi Hills Sub-Division,Sipajhar Ward-1,25.4641,91.7594,POINT(91.7594 25.4641)
Meghalaya,West Khasi Hills,West Khasi Hills Sub-Division,Jang Ward-2,25.3814,91.3768,POINT(91.3768 25.3814)
Meghalaya,Ri-Bhoi,Ri-Bhoi Sub-Division,Sipajhar Ward-3,25.909,91.8539,POINT(91.8539 25.909)
Meghalaya,West Jaintia Hills,West Jaintia Hills Sub-Division,Lumla Ward-4,25.3601,92.1728,POINT(92.1728 25.3601)
Sikkim,East Sikkim,East Sikkim Sub-Division,Lumla Ward-5,27.2319,88.7152,POINT(88.7152 27.2319)
Sikkim,North Sikkim,North Sikkim Sub-Division,Dirang Ward-6,27.5393,88.453,POINT(88.453 27.5393)
Sikkim,South Sikkim,South Sikkim Sub-Division,Serchhip Ward-7,27.0828,88.4321,POINT(88.4321 27.0828)
Nagaland,Kohima,Kohima Sub-Division,Sipajhar Ward-8,25.7542,93.985,POINT(93.985 25.7542)
Nagaland,Dimapur,Dimapur Sub-Division,Tseminyu Ward-9,25.8855,93.7207,POINT(93.7207 25.8855)
Nagaland,Mokokchung,Mokokchung Sub-Division,Chumukedima Ward-10,26.2869,94.3742,POINT(94.3742 26.2869)
Manipur,Imphal West,Imphal West Sub-Division,Moirang Ward-11,24.6724,93.788,POINT(93.788 24.6724)
Manipur,Bishnupur,Bishnupur Sub-Division,Moirang Ward-12,24.5857,93.6532,POINT(93.6532 24.5857)
Manipur,Senapati,Senapati Sub-Division,Rupa Ward-13,25.1296,93.8737,POINT(93.8737 25.1296)
Mizoram,Aizawl,Aizawl Sub-Division,Rangia Ward-14,23.7343,92.6977,POINT(92.6977 23.7343)
Mizoram,Kolasib,Kolasib Sub-Division,Teliamura Ward-15,24.3404,92.6378,POINT(92.6378 24.3404)
Mizoram,Lunglei,Lunglei Sub-Division,Nambol Ward-16,22.9736,92.5957,POINT(92.5957 22.9736)
Tripura,West Tripura,West Tripura Sub-Division,Cherrapunji Ward-17,23.9017,91.3137,POINT(91.3137 23.9017)
Tripura,Sipahijala,Sipahijala Sub-Division,Singtam Ward-18,23.7226,91.2746,POINT(91.2746 23.7226)
Tripura,Dhalai,Dhalai Sub-Division,Mairang Ward-19,23.7146,91.9984,POINT(91.9984 23.7146)
Arunachal Pradesh,Tawang,Tawang Sub-Division,Teliamura Ward-20,27.4506,91.7441,POINT(91.7441 27.4506)
Arunachal Pradesh,West Kameng,West Kameng Sub-Division,Singtam Ward-21,27.2568,92.3118,POINT(92.3118 27.2568)
Arunachal Pradesh,Papum Pare,Papum Pare Sub-Division,Sipajhar Ward-22,27.0767,93.4969,POINT(93.4969 27.0767)
Arunachal Pradesh,East Siang,East Siang Sub-Division,Cherrapunji Ward-23,27.9571,95.4252,POINT(95.4252 27.9571)
Arunachal Pradesh,Lower Subansiri,Lower Subansiri Sub-Division,Nambol Ward-24,27.4848,93.9154,POINT(93.9154 27.4848)
Assam,Kamrup Metropolitan,Kamrup Metropolitan Sub-Division,Chumukedima Ward-25,26.0734,91.7431,POINT(91.7431 26.0734)
Assam,Kamrup Rural,Kamrup Rural Sub-Division,Jang Ward-1,26.0831,91.5764,POINT(91.5764 26.0831)
Assam,Darrang,Darrang Sub-Division,Nambol Ward-2,26.4012,91.8818,POINT(91.8818 26.4012)
Assam,Sonitpur,Sonitpur Sub-Division,Sipajhar Ward-3,26.656,92.7908,POINT(92.7908 26.656)
Assam,Dibrugarh,Dibrugarh Sub-Division,Bishalgarh Ward-4,27.5399,95.0334,POINT(95.0334 27.5399)
Assam,Cachar,Cachar Sub-Division,Rupa Ward-5,24.7721,92.7682,POINT(92.7682 24.7721)
Assam,Nagaon,Nagaon Sub-Division,Rangia Ward-6,26.4509,92.6421,POINT(92.6421 26.4509)
Meghalaya,East Khasi Hills,East Khasi Hills Sub-Division,Bishalgarh Ward-7,25.4573,91.9708,POINT(91.9708 25.4573)
Meghalaya,West Khasi Hills,West Khasi Hills Sub-Division,Sipajhar Ward-8,25.5542,91.2086,POINT(91.2086 25.5542)
Meghalaya,Ri-Bhoi,Ri-Bhoi Sub-Division,Mangan Ward-9,26.0135,91.7579,POINT(91.7579 26.0135)
Meghalaya,West Jaintia Hills,West Jaintia Hills Sub-Division,Tseminyu Ward-10,25.4201,92.187,POINT(92.187 25.4201)
Sikkim,East Sikkim,East Sikkim Sub-Division,Nambol Ward-11,27.4289,88.6512,POINT(88.6512 27.4289)
Sikkim,North Sikkim,North Sikkim Sub-Division,Rangia Ward-12,27.5679,88.6945,POINT(88.6945 27.5679)
Sikkim,South Sikkim,South Sikkim Sub-Division,Serchhip Ward-13,27.1972,88.4407,POINT(88.4407 27.1972)
Nagaland,Kohima,Kohima Sub-Division,Chumukedima Ward-14,25.7588,94.142,POINT(94.142 25.7588)
Nagaland,Dimapur,Dimapur Sub-Division,Hnahthial Ward-15,26.0488,93.6167,POINT(93.6167 26.0488)
Nagaland,Mokokchung,Mokokchung Sub-Division,Mairang Ward-16,26.3072,94.389,POINT(94.389 26.3072)
Manipur,Imphal West,Imphal West Sub-Division,Mangan Ward-17,24.8704,94.0171,POINT(94.0171 24.8704)
Manipur,Bishnupur,Bishnupur Sub-Division,Nambol Ward-18,24.7691,93.8764,POINT(93.8764 24.7691)
Manipur,Senapati,Senapati Sub-Division,Tseminyu Ward-19,25.1386,94.0585,POINT(94.0585 25.1386)
Mizoram,Aizawl,Aizawl Sub-Division,Moirang Ward-20,23.7695,92.6122,POINT(92.6122 23.7695)
Mizoram,Kolasib,Kolasib Sub-Division,Singtam Ward-21,24.0864,92.723,POINT(92.723 24.0864)
Mizoram,Lunglei,Lunglei Sub-Division,Nongpoh Ward-22,22.8788,92.6396,POINT(92.6396 22.8788)
Tripura,West Tripura,West Tripura Sub-Division,Chumukedima Ward-23,23.9725,91.1519,POINT(91.1519 23.9725)
Tripura,Sipahijala,Sipahijala Sub-Division,Ambassa Ward-24,23.7301,91.1856,POINT(91.1856 23.7301)
Tripura,Dhalai,Dhalai Sub-Division,Rupa Ward-25,23.957,91.8341,POINT(91.8341 23.957)
Arunachal Pradesh,Tawang,Tawang Sub-Division,Hnahthial Ward-1,27.4414,91.8304,POINT(91.8304 27.4414)
Arunachal Pradesh,West Kameng,West Kameng Sub-Division,Nongpoh Ward-2,27.1418,92.4472,POINT(92.4472 27.1418)
Arunachal Pradesh,Papum Pare,Papum Pare Sub-Division,Hnahthial Ward-3,27.1191,93.663,POINT(93.663 27.1191)
Arunachal Pradesh,East Siang,East Siang Sub-Division,Serchhip Ward-4,27.9323,95.2429,POINT(95.2429 27.9323)
Arunachal Pradesh,Lower Subansiri,Lower Subansiri Sub-Division,Chaygaon Ward-5,27.58,93.895,POINT(93.895 27.58)
Assam,Kamrup Metropolitan,Kamrup Metropolitan Sub-Division,Serchhip Ward-6,26.2223,91.6527,POINT(91.6527 26.2223)
Assam,Kamrup Rural,Kamrup Rural Sub-Division,Gyalshing Ward-7,26.275,91.5763,POINT(91.5763 26.275)
Assam,Darrang,Darrang Sub-Division,Chaygaon Ward-8,26.3512,91.9231,POINT(91.9231 26.3512)
Assam,Sonitpur,Sonitpur Sub-Division,Singtam Ward-9,26.5601,92.7014,POINT(92.7014 26.5601)
Assam,Dibrugarh,Dibrugarh Sub-Division,Nambol Ward-10,27.4599,94.9964,POINT(94.9964 27.4599)
Assam,Cachar,Cachar Sub-Division,Ambassa Ward-11,24.6973,92.8189,POINT(92.8189 24.6973)
Assam,Nagaon,Nagaon Sub-Division,Rangia Ward-12,26.3304,92.7315,POINT(92.7315 26.3304)
Meghalaya,East Khasi Hills,East Khasi Hills Sub-Division,Kalaigaon Ward-13,25.5879,91.7579,POINT(91.7579 25.5879)
Meghalaya,West Khasi Hills,West Khasi Hills Sub-Division,Gyalshing Ward-14,25.6373,91.3443,POINT(91.3443 25.6373)
Meghalaya,Ri-Bhoi,Ri-Bhoi Sub-Division,Singtam Ward-15,25.9691,91.7685,POINT(91.7685 25.9691)
Meghalaya,West Jaintia Hills,West Jaintia Hills Sub-Division,Tenga Ward-16,25.3966,92.3144,POINT(92.3144 25.3966)
Sikkim,East Sikkim,East Sikkim Sub-Division,Rupa Ward-17,27.4176,88.5386,POINT(88.5386 27.4176)
Sikkim,North Sikkim,North Sikkim Sub-Division,Chumukedima Ward-18,27.39,88.5238,POINT(88.5238 27.39)
Sikkim,South Sikkim,South Sikkim Sub-Division,Serchhip Ward-19,27.2729,88.3643,POINT(88.3643 27.2729)
Nagaland,Kohima,Kohima Sub-Division,Nongpoh Ward-20,25.7149,94.0189,POINT(94.0189 25.7149)
Nagaland,Dimapur,Dimapur Sub-Division,Kalaigaon Ward-21,26.0332,93.6173,POINT(93.6173 26.0332)
Nagaland,Mokokchung,Mokokchung Sub-Division,Chaygaon Ward-22,26.3262,94.5783,POINT(94.5783 26.3262)
Manipur,Imphal West,Imphal West Sub-Division,Kalaigaon Ward-23,24.8357,93.9616,POINT(93.9616 24.8357)
Manipur,Bishnupur,Bishnupur Sub-Division,Sipajhar Ward-24,24.7068,93.8669,POINT(93.8669 24.7068)
Manipur,Senapati,Senapati Sub-Division,Chumukedima Ward-25,25.1138,93.8919,POINT(93.8919 25.1138)
Mizoram,Aizawl,Aizawl Sub-Division,Moirang Ward-1,23.6371,92.7927,POINT(92.7927 23.6371)
Mizoram,Kolasib,Kolasib Sub-Division,Teliamura Ward-2,24.1139,92.5486,POINT(92.5486 24.1139)
Mizoram,Lunglei,Lunglei Sub-Division,Tenga Ward-3,22.7397,92.8342,POINT(92.8342 22.7397)
Tripura,West Tripura,West Tripura Sub-Division,Chaygaon Ward-4,23.8501,91.2041,POINT(91.2041 23.8501)
Tripura,Sipahijala,Sipahijala Sub-Division,Moirang Ward-5,23.7203,91.4016,POINT(91.4016 23.7203)
Tripura,Dhalai,Dhalai Sub-Division,Nambol Ward-6,23.8145,91.825,POINT(91.825 23.8145)
Arunachal Pradesh,Tawang,Tawang Sub-Division,Tenga Ward-7,27.6017,91.7133,POINT(91.7133 27.6017)
Arunachal Pradesh,West Kameng,West Kameng Sub-Division,Gyalshing Ward-8,27.3726,92.3988,POINT(92.3988 27.3726)
Arunachal Pradesh,Papum Pare,Papum Pare Sub-Division,Bishalgarh Ward-9,27.1447,93.6931,POINT(93.6931 27.1447)
Arunachal Pradesh,East Siang,East Siang Sub-Division,Jang Ward-10,28.1335,95.234,POINT(95.234 28.1335)
Arunachal Pradesh,Lower Subansiri,Lower Subansiri Sub-Division,Serchhip Ward-11,27.4561,93.7321,POINT(93.7321 27.4561)
Assam,Kamrup Metropolitan,Kamrup Metropolitan Sub-Division,Ambassa Ward-12,26.0782,91.6655,POINT(91.6655 26.0782)
Assam,Kamrup Rural,Kamrup Rural Sub-Division,Sipajhar Ward-13,26.1342,91.6249,POINT(91.6249 26.1342)
Assam,Darrang,Darrang Sub-Division,Lumla Ward-14,26.4811,92.1131,POINT(92.1131 26.4811)
Assam,Sonitpur,Sonitpur Sub-Division,Ambassa Ward-15,26.631,92.8144,POINT(92.8144 26.631)
Assam,Dibrugarh,Dibrugarh Sub-Division,Jang Ward-16,27.4804,95.0491,POINT(95.0491 27.4804)
Assam,Cachar,Cachar Sub-Division,Jang Ward-17,24.8081,92.79,POINT(92.79 24.8081)
Assam,Nagaon,Nagaon Sub-Division,Tseminyu Ward-18,26.3942,92.6333,POINT(92.6333 26.3942)
Meghalaya,East Khasi Hills,East Khasi Hills Sub-Division,Singtam Ward-19,25.5879,92.0423,POINT(92.0423 25.5879)
Meghalaya,West Khasi Hills,West Khasi Hills Sub-Division,Moirang Ward-20,25.3944,91.2138,POINT(91.2138 25.3944)
Meghalaya,Ri-Bhoi,Ri-Bhoi Sub-Division,Sipajhar Ward-21,25.9363,92.0177,POINT(92.0177 25.9363)
Meghalaya,West Jaintia Hills,West Jaintia Hills Sub-Division,Mairang Ward-22,25.5389,92.084,POINT(92.084 25.5389)
Sikkim,East Sikkim,East Sikkim Sub-Division,Rupa Ward-23,27.4623,88.7031,POINT(88.7031 27.4623)
Sikkim,North Sikkim,North Sikkim Sub-Division,Jang Ward-24,27.496,88.4889,POINT(88.4889 27.496)
Sikkim,South Sikkim,South Sikkim Sub-Division,Tenga Ward-25,27.3045,88.2502,POINT(88.2502 27.3045)
Nagaland,Kohima,Kohima Sub-Division,Hnahthial Ward-1,25.5447,94.1597,POINT(94.1597 25.5447)
Nagaland,Dimapur,Dimapur Sub-Division,Chaygaon Ward-2,26.0075,93.6392,POINT(93.6392 26.0075)
Nagaland,Mokokchung,Mokokchung Sub-Division,Ambassa Ward-3,26.4076,94.564,POINT(94.564 26.4076)
Manipur,Imphal West,Imphal West Sub-Division,Bishalgarh Ward-4,24.6741,94.0019,POINT(94.0019 24.6741)
Manipur,Bishnupur,Bishnupur Sub-Division,Rangia Ward-5,24.7207,93.7819,POINT(93.7819 24.7207)
Manipur,Senapati,Senapati Sub-Division,Cherrapunji Ward-6,25.2323,93.9953,POINT(93.9953 25.2323)
Mizoram,Aizawl,Aizawl Sub-Division,Mangan Ward-7,23.7791,92.7281,POINT(92.7281 23.7791)
Mizoram,Kolasib,Kolasib Sub-Division,Kalaigaon Ward-8,24.2938,92.5437,POINT(92.5437 24.2938)
Mizoram,Lunglei,Lunglei Sub-Division,Nongpoh Ward-9,22.7618,92.8261,POINT(92.8261 22.7618)
Tripura,West Tripura,West Tripura Sub-Division,Nongpoh Ward-10,23.9595,91.2512,POINT(91.2512 23.9595)
Tripura,Sipahijala,Sipahijala Sub-Division,Sipajhar Ward-11,23.645,91.2029,POINT(91.2029 23.645)
Tripura,Dhalai,Dhalai Sub-Division,Rupa Ward-12,23.7885,91.8902,POINT(91.8902 23.7885)
Arunachal Pradesh,Tawang,Tawang Sub-Division,Rangia Ward-13,27.6746,91.9282,POINT(91.9282 27.6746)
Arunachal Pradesh,West Kameng,West Kameng Sub-Division,Lumla Ward-14,27.3769,92.3083,POINT(92.3083 27.3769)
Arunachal Pradesh,Papum Pare,Papum Pare Sub-Division,Teliamura Ward-15,27.1115,93.7507,POINT(93.7507 27.1115)
Arunachal Pradesh,East Siang,East Siang Sub-Division,Mangan Ward-16,28.1338,95.2395,POINT(95.2395 28.1338)
Arunachal Pradesh,Lower Subansiri,Lower Subansiri Sub-Division,Teliamura Ward-17,27.4483,93.7462,POINT(93.7462 27.4483)
Assam,Kamrup Metropolitan,Kamrup Metropolitan Sub-Division,Nambol Ward-18,26.1958,91.7564,POINT(91.7564 26.1958)
Assam,Kamrup Rural,Kamrup Rural Sub-Division,Tenga Ward-19,26.3333,91.5504,POINT(91.5504 26.3333)
Assam,Darrang,Darrang Sub-Division,Nambol Ward-20,26.3772,91.9402,POINT(91.9402 26.3772)
Assam,Sonitpur,Sonitpur Sub-Division,Dirang Ward-21,26.5223,92.8392,POINT(92.8392 26.5223)
Assam,Dibrugarh,Dibrugarh Sub-Division,Gyalshing Ward-22,27.3808,94.9078,POINT(94.9078 27.3808)
Assam,Cachar,Cachar Sub-Division,Nambol Ward-23,24.8586,92.7986,POINT(92.7986 24.8586)
Assam,Nagaon,Nagaon Sub-Division,Sipajhar Ward-24,26.2458,92.628,POINT(92.628 26.2458)
Meghalaya,East Khasi Hills,East Khasi Hills Sub-Division,Nambol Ward-25,25.5596,91.9953,POINT(91.9953 25.5596)
Meghalaya,West Khasi Hills,West Khasi Hills Sub-Division,Bishalgarh Ward-1,25.504,91.2436,POINT(91.2436 25.504)
Meghalaya,Ri-Bhoi,Ri-Bhoi Sub-Division,Singtam Ward-2,25.8027,91.912,POINT(91.912 25.8027)
Meghalaya,West Jaintia Hills,West Jaintia Hills Sub-Division,Nambol Ward-3,25.5674,92.1089,POINT(92.1089 25.5674)
Sikkim,East Sikkim,East Sikkim Sub-Division,Hnahthial Ward-4,27.2115,88.4621,POINT(88.4621 27.2115)
Sikkim,North Sikkim,North Sikkim Sub-Division,Tenga Ward-5,27.5237,88.6308,POINT(88.6308 27.5237)
Sikkim,South Sikkim,South Sikkim Sub-Division,Singtam Ward-6,27.183,88.4996,POINT(88.4996 27.183)
Nagaland,Kohima,Kohima Sub-Division,Teliamura Ward-7,25.6428,94.226,POINT(94.226 25.6428)
Nagaland,Dimapur,Dimapur Sub-Division,Hnahthial Ward-8,25.8962,93.7306,POINT(93.7306 25.8962)
Nagaland,Mokokchung,Mokokchung Sub-Division,Moirang Ward-9,26.2467,94.6592,POINT(94.6592 26.2467)
Manipur,Imphal West,Imphal West Sub-Division,Bishalgarh Ward-10,24.7091,93.8346,POINT(93.8346 24.7091)
Manipur,Bishnupur,Bishnupur Sub-Division,Jang Ward-11,24.7727,93.8353,POINT(93.8353 24.7727)
Manipur,Senapati,Senapati Sub-Division,Moirang Ward-12,25.3384,93.9295,POINT(93.9295 25.3384)
Mizoram,Aizawl,Aizawl Sub-Division,Gyalshing Ward-13,23.6391,92.8399,POINT(92.8399 23.6391)
Mizoram,Kolasib,Kolasib Sub-Division,Tenga Ward-14,24.3345,92.542,POINT(92.542 24.3345)
Mizoram,Lunglei,Lunglei Sub-Division,Tenga Ward-15,22.8864,92.8389,POINT(92.8389 22.8864)
Tripura,West Tripura,West Tripura Sub-Division,Teliamura Ward-16,23.8525,91.2498,POINT(91.2498 23.8525)
Tripura,Sipahijala,Sipahijala Sub-Division,Chumukedima Ward-17,23.7356,91.317,POINT(91.317 23.7356)
Tripura,Dhalai,Dhalai Sub-Division,Singtam Ward-18,23.8218,91.9452,POINT(91.9452 23.8218)
Arunachal Pradesh,Tawang,Tawang Sub-Division,Rangia Ward-19,27.6174,91.86,POINT(91.86 27.6174)
Arunachal Pradesh,West Kameng,West Kameng Sub-Division,Mairang Ward-20,27.2689,92.3501,POINT(92.3501 27.2689)
Arunachal Pradesh,Papum Pare,Papum Pare Sub-Division,Nambol Ward-21,27.1656,93.5021,POINT(93.5021 27.1656)
Arunachal Pradesh,East Siang,East Siang Sub-Division,Serchhip Ward-22,27.95,95.3786,POINT(95.3786 27.95)
Arunachal Pradesh,Lower Subansiri,Lower Subansiri Sub-Division,Mangan Ward-23,27.65,93.6867,POINT(93.6867 27.65)
Assam,Kamrup Metropolitan,Kamrup Metropolitan Sub-Division,Rangia Ward-24,26.0349,91.74,POINT(91.74 26.0349)
Assam,Kamrup Rural,Kamrup Rural Sub-Division,Lumla Ward-25,26.1125,91.466,POINT(91.466 26.1125)
Assam,Darrang,Darrang Sub-Division,Chaygaon Ward-1,26.3076,92.0969,POINT(92.0969 26.3076)
Assam,Sonitpur,Sonitpur Sub-Division,Serchhip Ward-2,26.5488,92.8246,POINT(92.8246 26.5488)
Assam,Dibrugarh,Dibrugarh Sub-Division,Rangia Ward-3,27.5719,94.9423,POINT(94.9423 27.5719)
Assam,Cachar,Cachar Sub-Division,Singtam Ward-4,24.8703,92.7821,POINT(92.7821 24.8703)
Assam,Nagaon,Nagaon Sub-Division,Rupa Ward-5,26.3312,92.7112,POINT(92.7112 26.3312)
Meghalaya,East Khasi Hills,East Khasi Hills Sub-Division,Teliamura Ward-6,25.4338,91.9001,POINT(91.9001 25.4338)
Meghalaya,West Khasi Hills,West Khasi Hills Sub-Division,Nongpoh Ward-7,25.4049,91.1389,POINT(91.1389 25.4049)
Meghalaya,Ri-Bhoi,Ri-Bhoi Sub-Division,Rangia Ward-8,26.0133,91.8894,POINT(91.8894 26.0133)
Meghalaya,West Jaintia Hills,West Jaintia Hills Sub-Division,Cherrapunji Ward-9,25.3391,92.231,POINT(92.231 25.3391)
Sikkim,East Sikkim,East Sikkim Sub-Division,Rupa Ward-10,27.3925,88.5859,POINT(88.5859 27.3925)
Sikkim,North Sikkim,North Sikkim Sub-Division,Serchhip Ward-11,27.5089,88.4688,POINT(88.4688 27.5089)
Sikkim,South Sikkim,South Sikkim Sub-Division,Nongpoh Ward-12,27.1252,88.4414,POINT(88.4414 27.1252)
Nagaland,Kohima,Kohima Sub-Division,Hnahthial Ward-13,25.5544,93.9988,POINT(93.9988 25.5544)
Nagaland,Dimapur,Dimapur Sub-Division,Tseminyu Ward-14,25.7819,93.757,POINT(93.757 25.7819)
Nagaland,Mokokchung,Mokokchung Sub-Division,Mangan Ward-15,26.3877,94.6068,POINT(94.6068 26.3877)
Manipur,Imphal West,Imphal West Sub-Division,Teliamura Ward-16,24.7795,93.8484,POINT(93.8484 24.7795)
Manipur,Bishnupur,Bishnupur Sub-Division,Chumukedima Ward-17,24.5288,93.81,POINT(93.81 24.5288)
Manipur,Senapati,Senapati Sub-Division,Mairang Ward-18,25.2794,94.0436,POINT(94.0436 25.2794)
Mizoram,Aizawl,Aizawl Sub-Division,Singtam Ward-19,23.7427,92.7349,POINT(92.7349 23.7427)
Mizoram,Kolasib,Kolasib Sub-Division,Ambassa Ward-20,24.1461,92.622,POINT(92.622 24.1461)
Mizoram,Lunglei,Lunglei Sub-Division,Bishalgarh Ward-21,22.7714,92.8491,POINT(92.8491 22.7714)
Tripura,West Tripura,West Tripura Sub-Division,Moirang Ward-22,23.8913,91.1853,POINT(91.1853 23.8913)
Tripura,Sipahijala,Sipahijala Sub-Division,Sipajhar Ward-23,23.7253,91.3462,POINT(91.3462 23.7253)
Tripura,Dhalai,Dhalai Sub-Division,Singtam Ward-24,23.9894,91.7016,POINT(91.7016 23.9894)
Arunachal Pradesh,Tawang,Tawang Sub-Division,Sipajhar Ward-25,27.6162,91.7358,POINT(91.7358 27.6162)
Arunachal Pradesh,West Kameng,West Kameng Sub-Division,Sipajhar Ward-1,27.1258,92.3812,POINT(92.3812 27.1258)
Arunachal Pradesh,Papum Pare,Papum Pare Sub-Division,Kalaigaon Ward-2,27.1639,93.6458,POINT(93.6458 27.1639)
Arunachal Pradesh,East Siang,East Siang Sub-Division,Rupa Ward-3,28.0477,95.2365,POINT(95.2365 28.0477)
Arunachal Pradesh,Lower Subansiri,Lower Subansiri Sub-Division,Serchhip Ward-4,27.4584,93.9152,POINT(93.9152 27.4584)
Assam,Kamrup Metropolitan,Kamrup Metropolitan Sub-Division,Teliamura Ward-5,26.0453,91.597,POINT(91.597 26.0453)
Assam,Kamrup Rural,Kamrup Rural Sub-Division,Bishalgarh Ward-6,26.0611,91.4948,POINT(91.4948 26.0611)
Assam,Darrang,Darrang Sub-Division,Kalaigaon Ward-7,26.4778,92.0363,POINT(92.0363 26.4778)
Assam,Sonitpur,Sonitpur Sub-Division,Sipajhar Ward-8,26.6487,92.8604,POINT(92.8604 26.6487)
Assam,Dibrugarh,Dibrugarh Sub-Division,Kalaigaon Ward-9,27.6118,94.845,POINT(94.845 27.6118)
Assam,Cachar,Cachar Sub-Division,Moirang Ward-10,24.8045,92.6303,POINT(92.6303 24.8045)
Assam,Nagaon,Nagaon Sub-Division,Rangia Ward-11,26.2169,92.6223,POINT(92.6223 26.2169)
Meghalaya,East Khasi Hills,East Khasi Hills Sub-Division,Bishalgarh Ward-12,25.6916,91.9872,POINT(91.9872 25.6916)
Meghalaya,West Khasi Hills,West Khasi Hills Sub-Division,Nongpoh Ward-13,25.4731,91.2551,POINT(91.2551 25.4731)
Meghalaya,Ri-Bhoi,Ri-Bhoi Sub-Division,Singtam Ward-14,25.8877,91.8682,POINT(91.8682 25.8877)
Meghalaya,West Jaintia Hills,West Jaintia Hills Sub-Division,Singtam Ward-15,25.3773,92.1648,POINT(92.1648 25.3773)
Sikkim,East Sikkim,East Sikkim Sub-Division,Tenga Ward-16,27.2579,88.5512,POINT(88.5512 27.2579)
Sikkim,North Sikkim,North Sikkim Sub-Division,Serchhip Ward-17,27.5997,88.4745,POINT(88.4745 27.5997)
Sikkim,South Sikkim,South Sikkim Sub-Division,Ambassa Ward-18,27.1226,88.3664,POINT(88.3664 27.1226)
Nagaland,Kohima,Kohima Sub-Division,Sipajhar Ward-19,25.7934,94.0393,POINT(94.0393 25.7934)
Nagaland,Dimapur,Dimapur Sub-Division,Chumukedima Ward-20,25.9065,93.6374,POINT(93.6374 25.9065)
Nagaland,Mokokchung,Mokokchung Sub-Division,Kalaigaon Ward-21,26.2438,94.6205,POINT(94.6205 26.2438)
Manipur,Imphal West,Imphal West Sub-Division,Jang Ward-22,24.699,94.0629,POINT(94.0629 24.699)
Manipur,Bishnupur,Bishnupur Sub-Division,Moirang Ward-23,24.4844,93.8716,POINT(93.8716 24.4844)
Manipur,Senapati,Senapati Sub-Division,Rangia Ward-24,25.2046,94.1294,POINT(94.1294 25.2046)
Mizoram,Aizawl,Aizawl Sub-Division,Dirang Ward-25,23.7243,92.8629,POINT(92.8629 23.7243)
Mizoram,Kolasib,Kolasib Sub-Division,Bishalgarh Ward-1,24.2951,92.5685,POINT(92.5685 24.2951)
Mizoram,Lunglei,Lunglei Sub-Division,Lumla Ward-2,22.8922,92.7407,POINT(92.7407 22.8922)
Tripura,West Tripura,West Tripura Sub-Division,Mairang Ward-3,23.8187,91.1729,POINT(91.1729 23.8187)
Tripura,Sipahijala,Sipahijala Sub-Division,Cherrapunji Ward-4,23.4885,91.2252,POINT(91.2252 23.4885)
Tripura,Dhalai,Dhalai Sub-Division,Teliamura Ward-5,23.9586,91.7561,POINT(91.7561 23.9586)
Arunachal Pradesh,Tawang,Tawang Sub-Division,Dirang Ward-6,27.62,91.8192,POINT(91.8192 27.62)
Arunachal Pradesh,West Kameng,West Kameng Sub-Division,Mangan Ward-7,27.3402,92.3754,POINT(92.3754 27.3402)
Arunachal Pradesh,Papum Pare,Papum Pare Sub-Division,Chumukedima Ward-8,26.9897,93.6394,POINT(93.6394 26.9897)
Arunachal Pradesh,East Siang,East Siang Sub-Division,Cherrapunji Ward-9,28.1572,95.3426,POINT(95.3426 28.1572)
Arunachal Pradesh,Lower Subansiri,Lower Subansiri Sub-Division,Hnahthial Ward-10,27.6877,93.7249,POINT(93.7249 27.6877)
Assam,Kamrup Metropolitan,Kamrup Metropolitan Sub-Division,Rangia Ward-11,26.0348,91.8542,POINT(91.8542 26.0348)
Assam,Kamrup Rural,Kamrup Rural Sub-Division,Tenga Ward-12,26.2706,91.502,POINT(91.502 26.2706)
Assam,Darrang,Darrang Sub-Division,Lumla Ward-13,26.3317,91.93,POINT(91.93 26.3317)
Assam,Sonitpur,Sonitpur Sub-Division,Teliamura Ward-14,26.6728,92.7776,POINT(92.7776 26.6728)
Assam,Dibrugarh,Dibrugarh Sub-Division,Tseminyu Ward-15,27.49,95.005,POINT(95.005 27.49)
Assam,Cachar,Cachar Sub-Division,Mangan Ward-16,24.9435,92.9178,POINT(92.9178 24.9435)
Assam,Nagaon,Nagaon Sub-Division,Dirang Ward-17,26.3567,92.8278,POINT(92.8278 26.3567)
Meghalaya,East Khasi Hills,East Khasi Hills Sub-Division,Kalaigaon Ward-18,25.575,91.9643,POINT(91.9643 25.575)
Meghalaya,West Khasi Hills,West Khasi Hills Sub-Division,Hnahthial Ward-19,25.4991,91.397,POINT(91.397 25.4991)
Meghalaya,Ri-Bhoi,Ri-Bhoi Sub-Division,Jang Ward-20,25.8512,91.9194,POINT(91.9194 25.8512)
Meghalaya,West Jaintia Hills,West Jaintia Hills Sub-Division,Lumla Ward-21,25.3237,92.1531,POINT(92.1531 25.3237)
Sikkim,East Sikkim,East Sikkim Sub-Division,Nongpoh Ward-22,27.2691,88.6499,POINT(88.6499 27.2691)
Sikkim,North Sikkim,North Sikkim Sub-Division,Nongpoh Ward-23,27.6316,88.6244,POINT(88.6244 27.6316)
Sikkim,South Sikkim,South Sikkim Sub-Division,Ambassa Ward-24,27.0752,88.2069,POINT(88.2069 27.0752)
Nagaland,Kohima,Kohima Sub-Division,Singtam Ward-25,25.7483,94.1835,POINT(94.1835 25.7483)
Nagaland,Dimapur,Dimapur Sub-Division,Mairang Ward-1,25.7759,93.8411,POINT(93.8411 25.7759)
Nagaland,Mokokchung,Mokokchung Sub-Division,Chaygaon Ward-2,26.3322,94.6688,POINT(94.6688 26.3322)
Manipur,Imphal West,Imphal West Sub-Division,Nongpoh Ward-3,24.8634,94.0524,POINT(94.0524 24.8634)
Manipur,Bishnupur,Bishnupur Sub-Division,Serchhip Ward-4,24.6153,93.6524,POINT(93.6524 24.6153)
Manipur,Senapati,Senapati Sub-Division,Serchhip Ward-5,25.3091,94.1181,POINT(94.1181 25.3091)
Mizoram,Aizawl,Aizawl Sub-Division,Tseminyu Ward-6,23.8384,92.8481,POINT(92.8481 23.8384)
Mizoram,Kolasib,Kolasib Sub-Division,Teliamura Ward-7,24.2793,92.5831,POINT(92.5831 24.2793)
Mizoram,Lunglei,Lunglei Sub-Division,Singtam Ward-8,22.9932,92.7205,POINT(92.7205 22.9932)
Tripura,West Tripura,West Tripura Sub-Division,Nambol Ward-9,23.7857,91.2987,POINT(91.2987 23.7857)
Tripura,Sipahijala,Sipahijala Sub-Division,Dirang Ward-10,23.6087,91.2087,POINT(91.2087 23.6087)
Tripura,Dhalai,Dhalai Sub-Division,Teliamura Ward-11,23.9544,91.8032,POINT(91.8032 23.9544)
Arunachal Pradesh,Tawang,Tawang Sub-Division,Singtam Ward-12,27.5837,91.936,POINT(91.936 27.5837)
Arunachal Pradesh,West Kameng,West Kameng Sub-Division,Mairang Ward-13,27.2024,92.3353,POINT(92.3353 27.2024)
Arunachal Pradesh,Papum Pare,Papum Pare Sub-Division,Rangia Ward-14,27.215,93.5977,POINT(93.5977 27.215)
Arunachal Pradesh,East Siang,East Siang Sub-Division,Rangia Ward-15,28.0329,95.2895,POINT(95.2895 28.0329)
Arunachal Pradesh,Lower Subansiri,Lower Subansiri Sub-Division,Chumukedima Ward-16,27.555,93.92,POINT(93.92 27.555)
Assam,Kamrup Metropolitan,Kamrup Metropolitan Sub-Division,Rangia Ward-17,26.0799,91.8091,POINT(91.8091 26.0799)
Assam,Kamrup Rural,Kamrup Rural Sub-Division,Dirang Ward-18,26.0555,91.453,POINT(91.453 26.0555)
Assam,Darrang,Darrang Sub-Division,Nongpoh Ward-19,26.3836,92.0678,POINT(92.0678 26.3836)
Assam,Sonitpur,Sonitpur Sub-Division,Kalaigaon Ward-20,26.7747,92.6492,POINT(92.6492 26.7747)
Assam,Dibrugarh,Dibrugarh Sub-Division,Tseminyu Ward-21,27.4543,94.7645,POINT(94.7645 27.4543)
Assam,Cachar,Cachar Sub-Division,Bishalgarh Ward-22,24.7859,92.7224,POINT(92.7224 24.7859)
Assam,Nagaon,Nagaon Sub-Division,Rupa Ward-23,26.4043,92.5435,POINT(92.5435 26.4043)
Meghalaya,East Khasi Hills,East Khasi Hills Sub-Division,Nongpoh Ward-24,25.4456,91.976,POINT(91.976 25.4456)
Meghalaya,West Khasi Hills,West Khasi Hills Sub-Division,Rupa Ward-25,25.6287,91.185,POINT(91.185 25.6287)
Meghalaya,Ri-Bhoi,Ri-Bhoi Sub-Division,Jang Ward-1,25.9804,91.8047,POINT(91.8047 25.9804)
Meghalaya,West Jaintia Hills,West Jaintia Hills Sub-Division,Rupa Ward-2,25.5984,92.1098,POINT(92.1098 25.5984)
Sikkim,East Sikkim,East Sikkim Sub-Division,Chaygaon Ward-3,27.4835,88.5983,POINT(88.5983 27.4835)
Sikkim,North Sikkim,North Sikkim Sub-Division,Cherrapunji Ward-4,27.3976,88.6185,POINT(88.6185 27.3976)
Sikkim,South Sikkim,South Sikkim Sub-Division,Mairang Ward-5,27.096,88.3916,POINT(88.3916 27.096)
Nagaland,Kohima,Kohima Sub-Division,Mangan Ward-6,25.7251,94.2506,POINT(94.2506 25.7251)
Nagaland,Dimapur,Dimapur Sub-Division,Mangan Ward-7,25.807,93.6603,POINT(93.6603 25.807)
Nagaland,Mokokchung,Mokokchung Sub-Division,Nongpoh Ward-8,26.4657,94.5443,POINT(94.5443 26.4657)
Manipur,Imphal West,Imphal West Sub-Division,Chaygaon Ward-9,24.7784,93.8136,POINT(93.8136 24.7784)
Manipur,Bishnupur,Bishnupur Sub-Division,Ambassa Ward-10,24.5839,93.9054,POINT(93.9054 24.5839)
Manipur,Senapati,Senapati Sub-Division,Cherrapunji Ward-11,25.3034,94.0704,POINT(94.0704 25.3034)
Mizoram,Aizawl,Aizawl Sub-Division,Chumukedima Ward-12,23.6721,92.7351,POINT(92.7351 23.6721)
Mizoram,Kolasib,Kolasib Sub-Division,Bishalgarh Ward-13,24.2016,92.5879,POINT(92.5879 24.2016)
Mizoram,Lunglei,Lunglei Sub-Division,Gyalshing Ward-14,22.8052,92.6018,POINT(92.6018 22.8052)
Tripura,West Tripura,West Tripura Sub-Division,Jang Ward-15,23.8906,91.1937,POINT(91.1937 23.8906)
Tripura,Sipahijala,Sipahijala Sub-Division,Dirang Ward-16,23.6255,91.4223,POINT(91.4223 23.6255)
Tripura,Dhalai,Dhalai Sub-Division,Tenga Ward-17,23.7207,91.7465,POINT(91.7465 23.7207)
Arunachal Pradesh,Tawang,Tawang Sub-Division,Moirang Ward-18,27.5723,91.9422,POINT(91.9422 27.5723)
Arunachal Pradesh,West Kameng,West Kameng Sub-Division,Tenga Ward-19,27.1201,92.5229,POINT(92.5229 27.1201)
Arunachal Pradesh,Papum Pare,Papum Pare Sub-Division,Cherrapunji Ward-20,26.9694,93.7567,POINT(93.7567 26.9694)
Arunachal Pradesh,East Siang,East Siang Sub-Division,Tenga Ward-21,28.0653,95.3414,POINT(95.3414 28.0653)
Arunachal Pradesh,Lower Subansiri,Lower Subansiri Sub-Division,Bishalgarh Ward-22,27.4966,93.7089,POINT(93.7089 27.4966)
Assam,Kamrup Metropolitan,Kamrup Metropolitan Sub-Division,Tseminyu Ward-23,26.0334,91.8482,POINT(91.8482 26.0334)
Assam,Kamrup Rural,Kamrup Rural Sub-Division,Dirang Ward-24,26.0445,91.6045,POINT(91.6045 26.0445)
Assam,Darrang,Darrang Sub-Division,Chaygaon Ward-25,26.5124,91.9578,POINT(91.9578 26.5124)
Assam,Sonitpur,Sonitpur Sub-Division,Cherrapunji Ward-1,26.4877,92.9189,POINT(92.9189 26.4877)
Assam,Dibrugarh,Dibrugarh Sub-Division,Moirang Ward-2,27.3468,95.0023,POINT(95.0023 27.3468)
Assam,Cachar,Cachar Sub-Division,Serchhip Ward-3,24.9504,92.8755,POINT(92.8755 24.9504)
Assam,Nagaon,Nagaon Sub-Division,Cherrapunji Ward-4,26.2749,92.5462,POINT(92.5462 26.2749)
Meghalaya,East Khasi Hills,East Khasi Hills Sub-Division,Chaygaon Ward-5,25.4936,91.8991,POINT(91.8991 25.4936)
Meghalaya,West Khasi Hills,West Khasi Hills Sub-Division,Jang Ward-6,25.4168,91.2679,POINT(91.2679 25.4168)
Meghalaya,Ri-Bhoi,Ri-Bhoi Sub-Division,Tseminyu Ward-7,25.9175,91.8974,POINT(91.8974 25.9175)
Meghalaya,West Jaintia Hills,West Jaintia Hills Sub-Division,Mairang Ward-8,25.4074,92.1876,POINT(92.1876 25.4074)
Sikkim,East Sikkim,East Sikkim Sub-Division,Rangia Ward-9,27.4266,88.6215,POINT(88.6215 27.4266)
Sikkim,North Sikkim,North Sikkim Sub-Division,Sipajhar Ward-10,27.6495,88.5329,POINT(88.5329 27.6495)
Sikkim,South Sikkim,South Sikkim Sub-Division,Rupa Ward-11,27.3191,88.4535,POINT(88.4535 27.3191)
Nagaland,Kohima,Kohima Sub-Division,Mairang Ward-12,25.7429,94.1411,POINT(94.1411 25.7429)
Nagaland,Dimapur,Dimapur Sub-Division,Moirang Ward-13,25.9219,93.8009,POINT(93.8009 25.9219)
Nagaland,Mokokchung,Mokokchung Sub-Division,Nambol Ward-14,26.2941,94.5879,POINT(94.5879 26.2941)
Manipur,Imphal West,Imphal West Sub-Division,Serchhip Ward-15,24.965,93.8774,POINT(93.8774 24.965)
Manipur,Bishnupur,Bishnupur Sub-Division,Tseminyu Ward-16,24.5769,93.846,POINT(93.846 24.5769)
Manipur,Senapati,Senapati Sub-Division,Sipajhar Ward-17,25.2761,94.0269,POINT(94.0269 25.2761)
Mizoram,Aizawl,Aizawl Sub-Division,Bishalgarh Ward-18,23.7152,92.6144,POINT(92.6144 23.7152)
Mizoram,Kolasib,Kolasib Sub-Division,Jang Ward-19,24.1399,92.7733,POINT(92.7733 24.1399)
Mizoram,Lunglei,Lunglei Sub-Division,Jang Ward-20,22.7952,92.6132,POINT(92.6132 22.7952)
Tripura,West Tripura,West Tripura Sub-Division,Nongpoh Ward-21,23.9292,91.3437,POINT(91.3437 23.9292)
Tripura,Sipahijala,Sipahijala Sub-Division,Rangia Ward-22,23.6777,91.1732,POINT(91.1732 23.6777)
Tripura,Dhalai,Dhalai Sub-Division,Moirang Ward-23,23.7168,91.9313,POINT(91.9313 23.7168)
Arunachal Pradesh,Tawang,Tawang Sub-Division,Chaygaon Ward-24,27.7152,91.7456,POINT(91.7456 27.7152)
Arunachal Pradesh,West Kameng,West Kameng Sub-Division,Nambol Ward-25,27.2952,92.2693,POINT(92.2693 27.2952)
Arunachal Pradesh,Papum Pare,Papum Pare Sub-Division,Gyalshing Ward-1,27.1077,93.5624,POINT(93.5624 27.1077)
Arunachal Pradesh,East Siang,East Siang Sub-Division,Sipajhar Ward-2,27.9822,95.1912,POINT(95.1912 27.9822)
Arunachal Pradesh,Lower Subansiri,Lower Subansiri Sub-Division,Moirang Ward-3,27.6259,93.8526,POINT(93.8526 27.6259)
Assam,Kamrup Metropolitan,Kamrup Metropolitan Sub-Division,Singtam Ward-4,26.1128,91.6259,POINT(91.6259 26.1128)
Assam,Kamrup Rural,Kamrup Rural Sub-Division,Mangan Ward-5,26.1994,91.4908,POINT(91.4908 26.1994)
Assam,Darrang,Darrang Sub-Division,Singtam Ward-6,26.3411,91.9215,POINT(91.9215 26.3411)
Assam,Sonitpur,Sonitpur Sub-Division,Rupa Ward-7,26.6552,92.811,POINT(92.811 26.6552)
Assam,Dibrugarh,Dibrugarh Sub-Division,Mangan Ward-8,27.4027,94.891,POINT(94.891 27.4027)
Assam,Cachar,Cachar Sub-Division,Tenga Ward-9,24.8848,92.756,POINT(92.756 24.8848)
Assam,Nagaon,Nagaon Sub-Division,Rupa Ward-10,26.3918,92.7649,POINT(92.7649 26.3918)
Meghalaya,East Khasi Hills,East Khasi Hills Sub-Division,Dirang Ward-11,25.7258,91.876,POINT(91.876 25.7258)
Meghalaya,West Khasi Hills,West Khasi Hills Sub-Division,Gyalshing Ward-12,25.43,91.3156,POINT(91.3156 25.43)
Meghalaya,Ri-Bhoi,Ri-Bhoi Sub-Division,Serchhip Ward-13,25.7837,91.7464,POINT(91.7464 25.7837)
Meghalaya,West Jaintia Hills,West Jaintia Hills Sub-Division,Nongpoh Ward-14,25.546,92.0541,POINT(92.0541 25.546)
Sikkim,East Sikkim,East Sikkim Sub-Division,Bishalgarh Ward-15,27.3303,88.5561,POINT(88.5561 27.3303)
Sikkim,North Sikkim,North Sikkim Sub-Division,Ambassa Ward-16,27.507,88.4776,POINT(88.4776 27.507)
Sikkim,South Sikkim,South Sikkim Sub-Division,Cherrapunji Ward-17,27.2285,88.4005,POINT(88.4005 27.2285)
Nagaland,Kohima,Kohima Sub-Division,Tenga Ward-18,25.5381,94.0097,POINT(94.0097 25.5381)
Nagaland,Dimapur,Dimapur Sub-Division,Serchhip Ward-19,25.8382,93.717,POINT(93.717 25.8382)
Nagaland,Mokokchung,Mokokchung Sub-Division,Hnahthial Ward-20,26.2564,94.6256,POINT(94.6256 26.2564)
Manipur,Imphal West,Imphal West Sub-Division,Moirang Ward-21,24.7547,94.0518,POINT(94.0518 24.7547)
Manipur,Bishnupur,Bishnupur Sub-Division,Cherrapunji Ward-22,24.7754,93.6444,POINT(93.6444 24.7754)
Manipur,Senapati,Senapati Sub-Division,Chaygaon Ward-23,25.1364,93.9197,POINT(93.9197 25.1364)
Mizoram,Aizawl,Aizawl Sub-Division,Serchhip Ward-24,23.589,92.8443,POINT(92.8443 23.589)
Mizoram,Kolasib,Kolasib Sub-Division,Nambol Ward-25,24.1171,92.634,POINT(92.634 24.1171)
Mizoram,Lunglei,Lunglei Sub-Division,Rupa Ward-1,23.0288,92.8836,POINT(92.8836 23.0288)
Tripura,West Tripura,West Tripura Sub-Division,Cherrapunji Ward-2,23.9451,91.4039,POINT(91.4039 23.9451)
Tripura,Sipahijala,Sipahijala Sub-Division,Chumukedima Ward-3,23.7697,91.2297,POINT(91.2297 23.7697)
Tripura,Dhalai,Dhalai Sub-Division,Serchhip Ward-4,23.7263,91.8147,POINT(91.8147 23.7263)
Arunachal Pradesh,Tawang,Tawang Sub-Division,Ambassa Ward-5,27.5043,91.7815,POINT(91.7815 27.5043)
Arunachal Pradesh,West Kameng,West Kameng Sub-Division,Cherrapunji Ward-6,27.2961,92.4007,POINT(92.4007 27.2961)
Arunachal Pradesh,Papum Pare,Papum Pare Sub-Division,Singtam Ward-7,27.1128,93.7066,POINT(93.7066 27.1128)
Arunachal Pradesh,East Siang,East Siang Sub-Division,Rupa Ward-8,28.1856,95.4489,POINT(95.4489 28.1856)
Arunachal Pradesh,Lower Subansiri,Lower Subansiri Sub-Division,Nambol Ward-9,27.4435,93.9599,POINT(93.9599 27.4435)
Assam,Kamrup Metropolitan,Kamrup Metropolitan Sub-Division,Mairang Ward-10,26.1544,91.802,POINT(91.802 26.1544)
Assam,Kamrup Rural,Kamrup Rural Sub-Division,Chumukedima Ward-11,26.2531,91.6416,POINT(91.6416 26.2531)
Assam,Darrang,Darrang Sub-Division,Rangia Ward-12,26.393,92.1047,POINT(92.1047 26.393)
Assam,Sonitpur,Sonitpur Sub-Division,Lumla Ward-13,26.5659,92.8763,POINT(92.8763 26.5659)
Assam,Dibrugarh,Dibrugarh Sub-Division,Teliamura Ward-14,27.6186,94.9471,POINT(94.9471 27.6186)
Assam,Cachar,Cachar Sub-Division,Chumukedima Ward-15,24.753,92.8351,POINT(92.8351 24.753)
Assam,Nagaon,Nagaon Sub-Division,Tseminyu Ward-16,26.2354,92.7878,POINT(92.7878 26.2354)
Meghalaya,East Khasi Hills,East Khasi Hills Sub-Division,Serchhip Ward-17,25.6844,91.8907,POINT(91.8907 25.6844)
Meghalaya,West Khasi Hills,West Khasi Hills Sub-Division,Chaygaon Ward-18,25.4826,91.4006,POINT(91.4006 25.4826)
Meghalaya,Ri-Bhoi,Ri-Bhoi Sub-Division,Tenga Ward-19,25.9727,92.0265,POINT(92.0265 25.9727)
Meghalaya,West Jaintia Hills,West Jaintia Hills Sub-Division,Jang Ward-20,25.5864,92.1818,POINT(92.1818 25.5864)
Sikkim,East Sikkim,East Sikkim Sub-Division,Teliamura Ward-21,27.3262,88.5305,POINT(88.5305 27.3262)
Sikkim,North Sikkim,North Sikkim Sub-Division,Singtam Ward-22,27.5973,88.6161,POINT(88.6161 27.5973)
Sikkim,South Sikkim,South Sikkim Sub-Division,Teliamura Ward-23,27.1981,88.3576,POINT(88.3576 27.1981)
Nagaland,Kohima,Kohima Sub-Division,Singtam Ward-24,25.5579,94.0957,POINT(94.0957 25.5579)
Nagaland,Dimapur,Dimapur Sub-Division,Bishalgarh Ward-25,25.9124,93.6962,POINT(93.6962 25.9124)
Nagaland,Mokokchung,Mokokchung Sub-Division,Chumukedima Ward-1,26.4045,94.6588,POINT(94.6588 26.4045)
Manipur,Imphal West,Imphal West Sub-Division,Bishalgarh Ward-2,24.7584,94.0351,POINT(94.0351 24.7584)
Manipur,Bishnupur,Bishnupur Sub-Division,Singtam Ward-3,24.7581,93.8215,POINT(93.8215 24.7581)
Manipur,Senapati,Senapati Sub-Division,Mairang Ward-4,25.2455,94.0768,POINT(94.0768 25.2455)
Mizoram,Aizawl,Aizawl Sub-Division,Chaygaon Ward-5,23.8454,92.7315,POINT(92.7315 23.8454)
Mizoram,Kolasib,Kolasib Sub-Division,Kalaigaon Ward-6,24.1237,92.7071,POINT(92.7071 24.1237)
Mizoram,Lunglei,Lunglei Sub-Division,Tseminyu Ward-7,22.7571,92.6872,POINT(92.6872 22.7571)
Tripura,West Tripura,West Tripura Sub-Division,Tseminyu Ward-8,23.897,91.1739,POINT(91.1739 23.897)
Tripura,Sipahijala,Sipahijala Sub-Division,Mairang Ward-9,23.5106,91.3742,POINT(91.3742 23.5106)
Tripura,Dhalai,Dhalai Sub-Division,Sipajhar Ward-10,23.9849,91.8136,POINT(91.8136 23.9849)
Arunachal Pradesh,Tawang,Tawang Sub-Division,Tseminyu Ward-11,27.5367,91.9708,POINT(91.9708 27.5367)
Arunachal Pradesh,West Kameng,West Kameng Sub-Division,Dirang Ward-12,27.1682,92.4795,POINT(92.4795 27.1682)
Arunachal Pradesh,Papum Pare,Papum Pare Sub-Division,Mairang Ward-13,27.2387,93.5532,POINT(93.5532 27.2387)
Arunachal Pradesh,East Siang,East Siang Sub-Division,Sipajhar Ward-14,27.9769,95.3628,POINT(95.3628 27.9769)
Arunachal Pradesh,Lower Subansiri,Lower Subansiri Sub-Division,Sipajhar Ward-15,27.5496,93.9222,POINT(93.9222 27.5496)
Assam,Kamrup Metropolitan,Kamrup Metropolitan Sub-Division,Chaygaon Ward-16,26.1712,91.7289,POINT(91.7289 26.1712)
Assam,Kamrup Rural,Kamrup Rural Sub-Division,Sipajhar Ward-17,26.037,91.6767,POINT(91.6767 26.037)
Assam,Darrang,Darrang Sub-Division,Jang Ward-18,26.5496,91.8957,POINT(91.8957 26.5496)
Assam,Sonitpur,Sonitpur Sub-Division,Singtam Ward-19,26.5274,92.6523,POINT(92.6523 26.5274)
Assam,Dibrugarh,Dibrugarh Sub-Division,Mairang Ward-20,27.5989,94.7767,POINT(94.7767 27.5989)
Assam,Cachar,Cachar Sub-Division,Hnahthial Ward-21,24.7686,92.8272,POINT(92.8272 24.7686)
Assam,Nagaon,Nagaon Sub-Division,Tseminyu Ward-22,26.2484,92.6706,POINT(92.6706 26.2484)
Meghalaya,East Khasi Hills,East Khasi Hills Sub-Division,Moirang Ward-23,25.6594,91.8401,POINT(91.8401 25.6594)
Meghalaya,West Khasi Hills,West Khasi Hills Sub-Division,Rangia Ward-24,25.4882,91.2751,POINT(91.2751 25.4882)
Meghalaya,Ri-Bhoi,Ri-Bhoi Sub-Division,Chumukedima Ward-25,26.0078,91.8288,POINT(91.8288 26.0078)
Meghalaya,West Jaintia Hills,West Jaintia Hills Sub-Division,Mangan Ward-1,25.4836,92.0828,POINT(92.0828 25.4836)
Sikkim,East Sikkim,East Sikkim Sub-Division,Tseminyu Ward-2,27.2152,88.6737,POINT(88.6737 27.2152)
Sikkim,North Sikkim,North Sikkim Sub-Division,Moirang Ward-3,27.4362,88.5827,POINT(88.5827 27.4362)
Sikkim,South Sikkim,South Sikkim Sub-Division,Lumla Ward-4,27.207,88.4781,POINT(88.4781 27.207)
Nagaland,Kohima,Kohima Sub-Division,Cherrapunji Ward-5,25.7147,94.1064,POINT(94.1064 25.7147)
Nagaland,Dimapur,Dimapur Sub-Division,Tenga Ward-6,25.8439,93.6356,POINT(93.6356 25.8439)
Nagaland,Mokokchung,Mokokchung Sub-Division,Hnahthial Ward-7,26.2104,94.6244,POINT(94.6244 26.2104)
Manipur,Imphal West,Imphal West Sub-Division,Moirang Ward-8,24.6806,93.8917,POINT(93.8917 24.6806)
Manipur,Bishnupur,Bishnupur Sub-Division,Tseminyu Ward-9,24.5428,93.699,POINT(93.699 24.5428)
Manipur,Senapati,Senapati Sub-Division,Cherrapunji Ward-10,25.275,94.0901,POINT(94.0901 25.275)
Mizoram,Aizawl,Aizawl Sub-Division,Dirang Ward-11,23.7944,92.7524,POINT(92.7524 23.7944)
Mizoram,Kolasib,Kolasib Sub-Division,Dirang Ward-12,24.3201,92.8067,POINT(92.8067 24.3201)
Mizoram,Lunglei,Lunglei Sub-Division,Rangia Ward-13,22.9237,92.7344,POINT(92.7344 22.9237)
Tripura,West Tripura,West Tripura Sub-Division,Serchhip Ward-14,23.9503,91.2755,POINT(91.2755 23.9503)
Tripura,Sipahijala,Sipahijala Sub-Division,Serchhip Ward-15,23.7355,91.2518,POINT(91.2518 23.7355)
Tripura,Dhalai,Dhalai Sub-Division,Serchhip Ward-16,23.7056,91.8732,POINT(91.8732 23.7056)
Arunachal Pradesh,Tawang,Tawang Sub-Division,Dirang Ward-17,27.5422,92.0003,POINT(92.0003 27.5422)
Arunachal Pradesh,West Kameng,West Kameng Sub-Division,Chumukedima Ward-18,27.2271,92.4262,POINT(92.4262 27.2271)
Arunachal Pradesh,Papum Pare,Papum Pare Sub-Division,Gyalshing Ward-19,27.129,93.726,POINT(93.726 27.129)
Arunachal Pradesh,East Siang,East Siang Sub-Division,Mangan Ward-20,28.129,95.2574,POINT(95.2574 28.129)
Arunachal Pradesh,Lower Subansiri,Lower Subansiri Sub-Division,Cherrapunji Ward-21,27.5356,93.9652,POINT(93.9652 27.5356)
Assam,Kamrup Metropolitan,Kamrup Metropolitan Sub-Division,Moirang Ward-22,26.1068,91.5974,POINT(91.5974 26.1068)
Assam,Kamrup Rural,Kamrup Rural Sub-Division,Jang Ward-23,26.0425,91.5568,POINT(91.5568 26.0425)
Assam,Darrang,Darrang Sub-Division,Moirang Ward-24,26.447,92.1432,POINT(92.1432 26.447)
Assam,Sonitpur,Sonitpur Sub-Division,Dirang Ward-25,26.7453,92.8892,POINT(92.8892 26.7453)
Assam,Dibrugarh,Dibrugarh Sub-Division,Hnahthial Ward-1,27.3844,94.773,POINT(94.773 27.3844)
Assam,Cachar,Cachar Sub-Division,Gyalshing Ward-2,24.6845,92.9086,POINT(92.9086 24.6845)
Assam,Nagaon,Nagaon Sub-Division,Ambassa Ward-3,26.2952,92.8008,POINT(92.8008 26.2952)
Meghalaya,East Khasi Hills,East Khasi Hills Sub-Division,Jang Ward-4,25.5225,91.9166,POINT(91.9166 25.5225)
Meghalaya,West Khasi Hills,West Khasi Hills Sub-Division,Chumukedima Ward-5,25.4202,91.196,POINT(91.196 25.4202)
Meghalaya,Ri-Bhoi,Ri-Bhoi Sub-Division,Kalaigaon Ward-6,25.7853,91.7748,POINT(91.7748 25.7853)
Meghalaya,West Jaintia Hills,West Jaintia Hills Sub-Division,Cherrapunji Ward-7,25.4679,92.0807,POINT(92.0807 25.4679)
Sikkim,East Sikkim,East Sikkim Sub-Division,Moirang Ward-8,27.2314,88.6678,POINT(88.6678 27.2314)
Sikkim,North Sikkim,North Sikkim Sub-Division,Mangan Ward-9,27.4434,88.6677,POINT(88.6677 27.4434)
Sikkim,South Sikkim,South Sikkim Sub-Division,Gyalshing Ward-10,27.1612,88.4026,POINT(88.4026 27.1612)
Nagaland,Kohima,Kohima Sub-Division,Nongpoh Ward-11,25.6427,94.17,POINT(94.17 25.6427)
Nagaland,Dimapur,Dimapur Sub-Division,Jang Ward-12,25.9666,93.7624,POINT(93.7624 25.9666)
Nagaland,Mokokchung,Mokokchung Sub-Division,Tseminyu Ward-13,26.4025,94.6128,POINT(94.6128 26.4025)
Manipur,Imphal West,Imphal West Sub-Division,Dirang Ward-14,24.8067,93.8263,POINT(93.8263 24.8067)
Manipur,Bishnupur,Bishnupur Sub-Division,Ambassa Ward-15,24.5116,93.7076,POINT(93.7076 24.5116)
Manipur,Senapati,Senapati Sub-Division,Mairang Ward-16,25.1795,93.9271,POINT(93.9271 25.1795)
Mizoram,Aizawl,Aizawl Sub-Division,Tseminyu Ward-17,23.6861,92.6226,POINT(92.6226 23.6861)
Mizoram,Kolasib,Kolasib Sub-Division,Tseminyu Ward-18,24.3347,92.666,POINT(92.666 24.3347)
Mizoram,Lunglei,Lunglei Sub-Division,Mangan Ward-19,22.8736,92.8437,POINT(92.8437 22.8736)
Tripura,West Tripura,West Tripura Sub-Division,Nambol Ward-20,23.7197,91.1677,POINT(91.1677 23.7197)
Tripura,Sipahijala,Sipahijala Sub-Division,Lumla Ward-21,23.6518,91.1833,POINT(91.1833 23.6518)
Tripura,Dhalai,Dhalai Sub-Division,Mairang Ward-22,23.824,91.8863,POINT(91.8863 23.824)
Arunachal Pradesh,Tawang,Tawang Sub-Division,Dirang Ward-23,27.4559,91.7719,POINT(91.7719 27.4559)
Arunachal Pradesh,West Kameng,West Kameng Sub-Division,Sipajhar Ward-24,27.2451,92.5021,POINT(92.5021 27.2451)
Arunachal Pradesh,Papum Pare,Papum Pare Sub-Division,Tenga Ward-25,27.1513,93.6884,POINT(93.6884 27.1513)
Arunachal Pradesh,East Siang,East Siang Sub-Division,Nambol Ward-1,28.0936,95.3149,POINT(95.3149 28.0936)
Arunachal Pradesh,Lower Subansiri,Lower Subansiri Sub-Division,Rupa Ward-2,27.4924,93.8017,POINT(93.8017 27.4924)
Assam,Kamrup Metropolitan,Kamrup Metropolitan Sub-Division,Hnahthial Ward-3,26.2259,91.6999,POINT(91.6999 26.2259)
Assam,Kamrup Rural,Kamrup Rural Sub-Division,Kalaigaon Ward-4,26.1003,91.4537,POINT(91.4537 26.1003)
Assam,Darrang,Darrang Sub-Division,Chumukedima Ward-5,26.3021,91.925,POINT(91.925 26.3021)
Assam,Sonitpur,Sonitpur Sub-Division,Rupa Ward-6,26.6685,92.7767,POINT(92.7767 26.6685)
Assam,Dibrugarh,Dibrugarh Sub-Division,Ambassa Ward-7,27.4939,95.036,POINT(95.036 27.4939)
Assam,Cachar,Cachar Sub-Division,Rangia Ward-8,24.8986,92.9034,POINT(92.9034 24.8986)
Assam,Nagaon,Nagaon Sub-Division,Moirang Ward-9,26.3483,92.7883,POINT(92.7883 26.3483)
Meghalaya,East Khasi Hills,East Khasi Hills Sub-Division,Kalaigaon Ward-10,25.5935,91.7592,POINT(91.7592 25.5935)
Meghalaya,West Khasi Hills,West Khasi Hills Sub-Division,Chumukedima Ward-11,25.3929,91.1947,POINT(91.1947 25.3929)
Meghalaya,Ri-Bhoi,Ri-Bhoi Sub-Division,Serchhip Ward-12,25.8683,91.8254,POINT(91.8254 25.8683)
Meghalaya,West Jaintia Hills,West Jaintia Hills Sub-Division,Dirang Ward-13,25.3634,92.102,POINT(92.102 25.3634)
Sikkim,East Sikkim,East Sikkim Sub-Division,Dirang Ward-14,27.4662,88.7085,POINT(88.7085 27.4662)
Sikkim,North Sikkim,North Sikkim Sub-Division,Tenga Ward-15,27.3877,88.4035,POINT(88.4035 27.3877)
Sikkim,South Sikkim,South Sikkim Sub-Division,Jang Ward-16,27.166,88.331,POINT(88.331 27.166)
Nagaland,Kohima,Kohima Sub-Division,Chumukedima Ward-17,25.6499,94.0954,POINT(94.0954 25.6499)
Nagaland,Dimapur,Dimapur Sub-Division,Sipajhar Ward-18,25.9438,93.7138,POINT(93.7138 25.9438)
Nagaland,Mokokchung,Mokokchung Sub-Division,Ambassa Ward-19,26.2816,94.4257,POINT(94.4257 26.2816)
Manipur,Imphal West,Imphal West Sub-Division,Mangan Ward-20,24.8863,94.0004,POINT(94.0004 24.8863)
Manipur,Bishnupur,Bishnupur Sub-Division,Kalaigaon Ward-21,24.5925,93.908,POINT(93.908 24.5925)
Manipur,Senapati,Senapati Sub-Division,Gyalshing Ward-22,25.2841,94.1485,POINT(94.1485 25.2841)
Mizoram,Aizawl,Aizawl Sub-Division,Hnahthial Ward-23,23.8722,92.8627,POINT(92.8627 23.8722)
Mizoram,Kolasib,Kolasib Sub-Division,Nambol Ward-24,24.227,92.713,POINT(92.713 24.227)
Mizoram,Lunglei,Lunglei Sub-Division,Kalaigaon Ward-25,23.0181,92.6134,POINT(92.6134 23.0181)
Tripura,West Tripura,West Tripura Sub-Division,Mairang Ward-1,23.8654,91.4079,POINT(91.4079 23.8654)
Tripura,Sipahijala,Sipahijala Sub-Division,Teliamura Ward-2,23.6388,91.3028,POINT(91.3028 23.6388)
Tripura,Dhalai,Dhalai Sub-Division,Moirang Ward-3,23.9933,91.7884,POINT(91.7884 23.9933)
Arunachal Pradesh,Tawang,Tawang Sub-Division,Nambol Ward-4,27.6609,91.9275,POINT(91.9275 27.6609)
Arunachal Pradesh,West Kameng,West Kameng Sub-Division,Nongpoh Ward-5,27.2879,92.4378,POINT(92.4378 27.2879)
Arunachal Pradesh,Papum Pare,Papum Pare Sub-Division,Chaygaon Ward-6,27.1377,93.5526,POINT(93.5526 27.1377)
Arunachal Pradesh,East Siang,East Siang Sub-Division,Bishalgarh Ward-7,28.1511,95.2516,POINT(95.2516 28.1511)
Arunachal Pradesh,Lower Subansiri,Lower Subansiri Sub-Division,Rupa Ward-8,27.4043,93.7135,POINT(93.7135 27.4043)
Assam,Kamrup Metropolitan,Kamrup Metropolitan Sub-Division,Chaygaon Ward-9,26.1922,91.6971,POINT(91.6971 26.1922)
Assam,Kamrup Rural,Kamrup Rural Sub-Division,Kalaigaon Ward-10,26.1805,91.6518,POINT(91.6518 26.1805)
Assam,Darrang,Darrang Sub-Division,Gyalshing Ward-11,26.5922,92.0597,POINT(92.0597 26.5922)
Assam,Sonitpur,Sonitpur Sub-Division,Jang Ward-12,26.7819,92.8737,POINT(92.8737 26.7819)
Assam,Dibrugarh,Dibrugarh Sub-Division,Mairang Ward-13,27.373,94.9353,POINT(94.9353 27.373)
Assam,Cachar,Cachar Sub-Division,Serchhip Ward-14,24.9099,92.6637,POINT(92.6637 24.9099)
Assam,Nagaon,Nagaon Sub-Division,Tseminyu Ward-15,26.3381,92.8185,POINT(92.8185 26.3381)
Meghalaya,East Khasi Hills,East Khasi Hills Sub-Division,Chaygaon Ward-16,25.6405,91.8857,POINT(91.8857 25.6405)
Meghalaya,West Khasi Hills,West Khasi Hills Sub-Division,Nambol Ward-17,25.4466,91.3492,POINT(91.3492 25.4466)
Meghalaya,Ri-Bhoi,Ri-Bhoi Sub-Division,Chaygaon Ward-18,25.9549,91.7423,POINT(91.7423 25.9549)
Meghalaya,West Jaintia Hills,West Jaintia Hills Sub-Division,Teliamura Ward-19,25.5533,92.2331,POINT(92.2331 25.5533)
Sikkim,East Sikkim,East Sikkim Sub-Division,Lumla Ward-20,27.269,88.486,POINT(88.486 27.269)
Sikkim,North Sikkim,North Sikkim Sub-Division,Nambol Ward-21,27.5526,88.4725,POINT(88.4725 27.5526)
Sikkim,South Sikkim,South Sikkim Sub-Division,Jang Ward-22,27.1212,88.4071,POINT(88.4071 27.1212)
Nagaland,Kohima,Kohima Sub-Division,Jang Ward-23,25.5276,93.979,POINT(93.979 25.5276)
Nagaland,Dimapur,Dimapur Sub-Division,Tseminyu Ward-24,25.8906,93.6433,POINT(93.6433 25.8906)
Nagaland,Mokokchung,Mokokchung Sub-Division,Nambol Ward-25,26.3608,94.3871,POINT(94.3871 26.3608)
Manipur,Imphal West,Imphal West Sub-Division,Jang Ward-1,24.9521,93.9782,POINT(93.9782 24.9521)
Manipur,Bishnupur,Bishnupur Sub-Division,Moirang Ward-2,24.6638,93.7273,POINT(93.7273 24.6638)
Manipur,Senapati,Senapati Sub-Division,Bishalgarh Ward-3,25.4001,94.1288,POINT(94.1288 25.4001)
Mizoram,Aizawl,Aizawl Sub-Division,Mairang Ward-4,23.7752,92.5903,POINT(92.5903 23.7752)
Mizoram,Kolasib,Kolasib Sub-Division,Ambassa Ward-5,24.1981,92.801,POINT(92.801 24.1981)
Mizoram,Lunglei,Lunglei Sub-Division,Dirang Ward-6,22.9642,92.6732,POINT(92.6732 22.9642)
Tripura,West Tripura,West Tripura Sub-Division,Rangia Ward-7,23.6995,91.4235,POINT(91.4235 23.6995)
Tripura,Sipahijala,Sipahijala Sub-Division,Chumukedima Ward-8,23.7788,91.2222,POINT(91.2222 23.7788)
Tripura,Dhalai,Dhalai Sub-Division,Chaygaon Ward-9,23.7432,91.9306,POINT(91.9306 23.7432)
Arunachal Pradesh,Tawang,Tawang Sub-Division,Ambassa Ward-10,27.5686,91.7871,POINT(91.7871 27.5686)
Arunachal Pradesh,West Kameng,West Kameng Sub-Division,Teliamura Ward-11,27.1897,92.3997,POINT(92.3997 27.1897)
Arunachal Pradesh,Papum Pare,Papum Pare Sub-Division,Serchhip Ward-12,26.9507,93.478,POINT(93.478 26.9507)
Arunachal Pradesh,East Siang,East Siang Sub-Division,Chaygaon Ward-13,28.1874,95.3484,POINT(95.3484 28.1874)
Arunachal Pradesh,Lower Subansiri,Lower Subansiri Sub-Division,Dirang Ward-14,27.5434,93.8012,POINT(93.8012 27.5434)
Assam,Kamrup Metropolitan,Kamrup Metropolitan Sub-Division,Mangan Ward-15,26.1565,91.5872,POINT(91.5872 26.1565)
Assam,Kamrup Rural,Kamrup Rural Sub-Division,Teliamura Ward-16,26.2052,91.6925,POINT(91.6925 26.2052)
Assam,Darrang,Darrang Sub-Division,Ambassa Ward-17,26.3186,92.1801,POINT(92.1801 26.3186)
Assam,Sonitpur,Sonitpur Sub-Division,Dirang Ward-18,26.7721,92.6667,POINT(92.6667 26.7721)
Assam,Dibrugarh,Dibrugarh Sub-Division,Singtam Ward-19,27.3837,94.9283,POINT(94.9283 27.3837)
Assam,Cachar,Cachar Sub-Division,Gyalshing Ward-20,24.8003,92.6609,POINT(92.6609 24.8003)
Assam,Nagaon,Nagaon Sub-Division,Tseminyu Ward-21,26.385,92.7546,POINT(92.7546 26.385)
Meghalaya,East Khasi Hills,East Khasi Hills Sub-Division,Kalaigaon Ward-22,25.7277,91.8148,POINT(91.8148 25.7277)
Meghalaya,West Khasi Hills,West Khasi Hills Sub-Division,Gyalshing Ward-23,25.4523,91.2702,POINT(91.2702 25.4523)
Meghalaya,Ri-Bhoi,Ri-Bhoi Sub-Division,Dirang Ward-24,25.7549,91.8318,POINT(91.8318 25.7549)
Meghalaya,West Jaintia Hills,West Jaintia Hills Sub-Division,Kalaigaon Ward-25,25.3355,92.2921,POINT(92.2921 25.3355)
Sikkim,East Sikkim,East Sikkim Sub-Division,Serchhip Ward-1,27.45,88.6175,POINT(88.6175 27.45)
Sikkim,North Sikkim,North Sikkim Sub-Division,Sipajhar Ward-2,27.3611,88.4425,POINT(88.4425 27.3611)
Sikkim,South Sikkim,South Sikkim Sub-Division,Serchhip Ward-3,27.2055,88.2728,POINT(88.2728 27.2055)
Nagaland,Kohima,Kohima Sub-Division,Singtam Ward-4,25.5401,94.0508,POINT(94.0508 25.5401)
Nagaland,Dimapur,Dimapur Sub-Division,Teliamura Ward-5,26.0074,93.5967,POINT(93.5967 26.0074)
Nagaland,Mokokchung,Mokokchung Sub-Division,Moirang Ward-6,26.4148,94.4362,POINT(94.4362 26.4148)
Manipur,Imphal West,Imphal West Sub-Division,Chumukedima Ward-7,24.9178,94.0082,POINT(94.0082 24.9178)
Manipur,Bishnupur,Bishnupur Sub-Division,Ambassa Ward-8,24.6552,93.6557,POINT(93.6557 24.6552)
Manipur,Senapati,Senapati Sub-Division,Mangan Ward-9,25.1237,93.912,POINT(93.912 25.1237)
Mizoram,Aizawl,Aizawl Sub-Division,Gyalshing Ward-10,23.7016,92.7765,POINT(92.7765 23.7016)
Mizoram,Kolasib,Kolasib Sub-Division,Lumla Ward-11,24.2446,92.57,POINT(92.57 24.2446)
Mizoram,Lunglei,Lunglei Sub-Division,Rangia Ward-12,22.9633,92.5947,POINT(92.5947 22.9633)
Tripura,West Tripura,West Tripura Sub-Division,Jang Ward-13,23.9593,91.3488,POINT(91.3488 23.9593)
Tripura,Sipahijala,Sipahijala Sub-Division,Sipajhar Ward-14,23.7272,91.3938,POINT(91.3938 23.7272)
Tripura,Dhalai,Dhalai Sub-Division,Gyalshing Ward-15,23.7813,91.8351,POINT(91.8351 23.7813)
Arunachal Pradesh,Tawang,Tawang Sub-Division,Kalaigaon Ward-16,27.4474,91.7634,POINT(91.7634 27.4474)
Arunachal Pradesh,West Kameng,West Kameng Sub-Division,Nambol Ward-17,27.3624,92.3563,POINT(92.3563 27.3624)
Arunachal Pradesh,Papum Pare,Papum Pare Sub-Division,Jang Ward-18,26.9857,93.6257,POINT(93.6257 26.9857)
Arunachal Pradesh,East Siang,East Siang Sub-Division,Rangia Ward-19,28.212,95.3283,POINT(95.3283 28.212)
Arunachal Pradesh,Lower Subansiri,Lower Subansiri Sub-Division,Dirang Ward-20,27.4829,93.7381,POINT(93.7381 27.4829)
Assam,Kamrup Metropolitan,Kamrup Metropolitan Sub-Division,Sipajhar Ward-21,26.2679,91.7355,POINT(91.7355 26.2679)
Assam,Kamrup Rural,Kamrup Rural Sub-Division,Hnahthial Ward-22,26.2285,91.4975,POINT(91.4975 26.2285)
Assam,Darrang,Darrang Sub-Division,Dirang Ward-23,26.569,92.0169,POINT(92.0169 26.569)
Assam,Sonitpur,Sonitpur Sub-Division,Gyalshing Ward-24,26.5366,92.8782,POINT(92.8782 26.5366)
Assam,Dibrugarh,Dibrugarh Sub-Division,Cherrapunji Ward-25,27.3934,94.8954,POINT(94.8954 27.3934)
Assam,Cachar,Cachar Sub-Division,Tenga Ward-1,24.8864,92.7266,POINT(92.7266 24.8864)
Assam,Nagaon,Nagaon Sub-Division,Ambassa Ward-2,26.2663,92.6578,POINT(92.6578 26.2663)
Meghalaya,East Khasi Hills,East Khasi Hills Sub-Division,Hnahthial Ward-3,25.5701,91.8886,POINT(91.8886 25.5701)
Meghalaya,West Khasi Hills,West Khasi Hills Sub-Division,Cherrapunji Ward-4,25.5428,91.1634,POINT(91.1634 25.5428)
Meghalaya,Ri-Bhoi,Ri-Bhoi Sub-Division,Ambassa Ward-5,25.9396,92.0227,POINT(92.0227 25.9396)
Meghalaya,West Jaintia Hills,West Jaintia Hills Sub-Division,Chumukedima Ward-6,25.4706,92.1342,POINT(92.1342 25.4706)
Sikkim,East Sikkim,East Sikkim Sub-Division,Dirang Ward-7,27.2403,88.5596,POINT(88.5596 27.2403)
Sikkim,North Sikkim,North Sikkim Sub-Division,Jang Ward-8,27.5884,88.6858,POINT(88.6858 27.5884)
Sikkim,South Sikkim,South Sikkim Sub-Division,Mangan Ward-9,27.2765,88.2259,POINT(88.2259 27.2765)
Nagaland,Kohima,Kohima Sub-Division,Mangan Ward-10,25.59,94.1006,POINT(94.1006 25.59)
Nagaland,Dimapur,Dimapur Sub-Division,Dirang Ward-11,25.9777,93.6515,POINT(93.6515 25.9777)
Nagaland,Mokokchung,Mokokchung Sub-Division,Chumukedima Ward-12,26.4532,94.6539,POINT(94.6539 26.4532)
Manipur,Imphal West,Imphal West Sub-Division,Nambol Ward-13,24.9611,93.7988,POINT(93.7988 24.9611)
Manipur,Bishnupur,Bishnupur Sub-Division,Dirang Ward-14,24.6101,93.7328,POINT(93.7328 24.6101)
Manipur,Senapati,Senapati Sub-Division,Rangia Ward-15,25.2457,93.9322,POINT(93.9322 25.2457)
Mizoram,Aizawl,Aizawl Sub-Division,Serchhip Ward-16,23.6991,92.633,POINT(92.633 23.6991)
Mizoram,Kolasib,Kolasib Sub-Division,Tseminyu Ward-17,24.0972,92.6739,POINT(92.6739 24.0972)
Mizoram,Lunglei,Lunglei Sub-Division,Dirang Ward-18,22.9011,92.7651,POINT(92.7651 22.9011)
Tripura,West Tripura,West Tripura Sub-Division,Gyalshing Ward-19,23.8924,91.1923,POINT(91.1923 23.8924)
Tripura,Sipahijala,Sipahijala Sub-Division,Moirang Ward-20,23.675,91.4201,POINT(91.4201 23.675)
Tripura,Dhalai,Dhalai Sub-Division,Rupa Ward-21,23.8593,91.789,POINT(91.789 23.8593)
Arunachal Pradesh,Tawang,Tawang Sub-Division,Rangia Ward-22,27.5988,91.9477,POINT(91.9477 27.5988)
Arunachal Pradesh,West Kameng,West Kameng Sub-Division,Ambassa Ward-23,27.2152,92.5456,POINT(92.5456 27.2152)
Arunachal Pradesh,Papum Pare,Papum Pare Sub-Division,Bishalgarh Ward-24,27.2168,93.4999,POINT(93.4999 27.2168)
Arunachal Pradesh,East Siang,East Siang Sub-Division,Rupa Ward-25,28.0259,95.3705,POINT(95.3705 28.0259)
Arunachal Pradesh,Lower Subansiri,Lower Subansiri Sub-Division,Singtam Ward-1,27.4614,93.9744,POINT(93.9744 27.4614)
Assam,Kamrup Metropolitan,Kamrup Metropolitan Sub-Division,Tenga Ward-2,26.2157,91.8119,POINT(91.8119 26.2157)
Assam,Kamrup Rural,Kamrup Rural Sub-Division,Nongpoh Ward-3,26.2585,91.4796,POINT(91.4796 26.2585)
Assam,Darrang,Darrang Sub-Division,Teliamura Ward-4,26.4289,91.8973,POINT(91.8973 26.4289)
Assam,Sonitpur,Sonitpur Sub-Division,Nambol Ward-5,26.6418,92.6794,POINT(92.6794 26.6418)
Assam,Dibrugarh,Dibrugarh Sub-Division,Dirang Ward-6,27.5926,94.8976,POINT(94.8976 27.5926)
Assam,Cachar,Cachar Sub-Division,Lumla Ward-7,24.9259,92.9112,POINT(92.9112 24.9259)
Assam,Nagaon,Nagaon Sub-Division,Moirang Ward-8,26.2214,92.6512,POINT(92.6512 26.2214)
Meghalaya,East Khasi Hills,East Khasi Hills Sub-Division,Hnahthial Ward-9,25.4616,91.8261,POINT(91.8261 25.4616)
Meghalaya,West Khasi Hills,West Khasi Hills Sub-Division,Nambol Ward-10,25.4213,91.3956,POINT(91.3956 25.4213)
Meghalaya,Ri-Bhoi,Ri-Bhoi Sub-Division,Rangia Ward-11,25.9124,91.7696,POINT(91.7696 25.9124)
Meghalaya,West Jaintia Hills,West Jaintia Hills Sub-Division,Mangan Ward-12,25.3064,92.1067,POINT(92.1067 25.3064)
Sikkim,East Sikkim,East Sikkim Sub-Division,Mairang Ward-13,27.4731,88.6499,POINT(88.6499 27.4731)
Sikkim,North Sikkim,North Sikkim Sub-Division,Dirang Ward-14,27.586,88.5458,POINT(88.5458 27.586)
Sikkim,South Sikkim,South Sikkim Sub-Division,Dirang Ward-15,27.1536,88.2912,POINT(88.2912 27.1536)
Nagaland,Kohima,Kohima Sub-Division,Kalaigaon Ward-16,25.7619,94.0266,POINT(94.0266 25.7619)
Nagaland,Dimapur,Dimapur Sub-Division,Serchhip Ward-17,25.771,93.6834,POINT(93.6834 25.771)
Nagaland,Mokokchung,Mokokchung Sub-Division,Nambol Ward-18,26.2232,94.5306,POINT(94.5306 26.2232)
Manipur,Imphal West,Imphal West Sub-Division,Rupa Ward-19,24.8749,93.9867,POINT(93.9867 24.8749)
Manipur,Bishnupur,Bishnupur Sub-Division,Cherrapunji Ward-20,24.7805,93.7869,POINT(93.7869 24.7805)
Manipur,Senapati,Senapati Sub-Division,Singtam Ward-21,25.2787,93.8704,POINT(93.8704 25.2787)
Mizoram,Aizawl,Aizawl Sub-Division,Moirang Ward-22,23.7116,92.8602,POINT(92.8602 23.7116)
Mizoram,Kolasib,Kolasib Sub-Division,Sipajhar Ward-23,24.1914,92.6798,POINT(92.6798 24.1914)
Mizoram,Lunglei,Lunglei Sub-Division,Nongpoh Ward-24,22.7768,92.881,POINT(92.881 22.7768)
Tripura,West Tripura,West Tripura Sub-Division,Sipajhar Ward-25,23.8931,91.279,POINT(91.279 23.8931)
Tripura,Sipahijala,Sipahijala Sub-Division,Chaygaon Ward-1,23.7832,91.3621,POINT(91.3621 23.7832)
Tripura,Dhalai,Dhalai Sub-Division,Gyalshing Ward-2,23.8326,91.9067,POINT(91.9067 23.8326)
Arunachal Pradesh,Tawang,Tawang Sub-Division,Lumla Ward-3,27.6395,91.7445,POINT(91.7445 27.6395)
Arunachal Pradesh,West Kameng,West Kameng Sub-Division,Bishalgarh Ward-4,27.2483,92.2936,POINT(92.2936 27.2483)
Arunachal Pradesh,Papum Pare,Papum Pare Sub-Division,Lumla Ward-5,27.1083,93.701,POINT(93.701 27.1083)
Arunachal Pradesh,East Siang,East Siang Sub-Division,Sipajhar Ward-6,28.0775,95.3096,POINT(95.3096 28.0775)
Arunachal Pradesh,Lower Subansiri,Lower Subansiri Sub-Division,Mairang Ward-7,27.5183,93.8271,POINT(93.8271 27.5183)
Assam,Kamrup Metropolitan,Kamrup Metropolitan Sub-Division,Hnahthial Ward-8,26.267,91.6945,POINT(91.6945 26.267)
Assam,Kamrup Rural,Kamrup Rural Sub-Division,Lumla Ward-9,26.1508,91.4157,POINT(91.4157 26.1508)
Assam,Darrang,Darrang Sub-Division,Sipajhar Ward-10,26.5643,91.9073,POINT(91.9073 26.5643)
Assam,Sonitpur,Sonitpur Sub-Division,Nambol Ward-11,26.6085,92.7754,POINT(92.7754 26.6085)
Assam,Dibrugarh,Dibrugarh Sub-Division,Cherrapunji Ward-12,27.4499,95.0309,POINT(95.0309 27.4499)
Assam,Cachar,Cachar Sub-Division,Teliamura Ward-13,24.7264,92.7199,POINT(92.7199 24.7264)
Assam,Nagaon,Nagaon Sub-Division,Serchhip Ward-14,26.4751,92.7112,POINT(92.7112 26.4751)
Meghalaya,East Khasi Hills,East Khasi Hills Sub-Division,Jang Ward-15,25.7031,91.8677,POINT(91.8677 25.7031)
Meghalaya,West Khasi Hills,West Khasi Hills Sub-Division,Chumukedima Ward-16,25.6345,91.1698,POINT(91.1698 25.6345)
Meghalaya,Ri-Bhoi,Ri-Bhoi Sub-Division,Ambassa Ward-17,25.7627,91.9779,POINT(91.9779 25.7627)
Meghalaya,West Jaintia Hills,West Jaintia Hills Sub-Division,Chaygaon Ward-18,25.522,92.1174,POINT(92.1174 25.522)
Sikkim,East Sikkim,East Sikkim Sub-Division,Singtam Ward-19,27.4757,88.7068,POINT(88.7068 27.4757)
Sikkim,North Sikkim,North Sikkim Sub-Division,Moirang Ward-20,27.4363,88.4538,POINT(88.4538 27.4363)
Sikkim,South Sikkim,South Sikkim Sub-Division,Lumla Ward-21,27.0558,88.2832,POINT(88.2832 27.0558)
Nagaland,Kohima,Kohima Sub-Division,Mangan Ward-22,25.6692,94.0894,POINT(94.0894 25.6692)
Nagaland,Dimapur,Dimapur Sub-Division,Jang Ward-23,25.9651,93.6134,POINT(93.6134 25.9651)
Nagaland,Mokokchung,Mokokchung Sub-Division,Tenga Ward-24,26.2529,94.5445,POINT(94.5445 26.2529)
Manipur,Imphal West,Imphal West Sub-Division,Jang Ward-25,24.7076,93.8358,POINT(93.8358 24.7076)
Manipur,Bishnupur,Bishnupur Sub-Division,Mangan Ward-1,24.7689,93.6291,POINT(93.6291 24.7689)
Manipur,Senapati,Senapati Sub-Division,Tseminyu Ward-2,25.2642,94.0899,POINT(94.0899 25.2642)
Mizoram,Aizawl,Aizawl Sub-Division,Tseminyu Ward-3,23.6272,92.6644,POINT(92.6644 23.6272)
Mizoram,Kolasib,Kolasib Sub-Division,Teliamura Ward-4,24.1603,92.7356,POINT(92.7356 24.1603)
Mizoram,Lunglei,Lunglei Sub-Division,Sipajhar Ward-5,22.8355,92.6331,POINT(92.6331 22.8355)
Tripura,West Tripura,West Tripura Sub-Division,Gyalshing Ward-6,23.827,91.2389,POINT(91.2389 23.827)
Tripura,Sipahijala,Sipahijala Sub-Division,Rupa Ward-7,23.636,91.4115,POINT(91.4115 23.636)
Tripura,Dhalai,Dhalai Sub-Division,Cherrapunji Ward-8,23.9494,91.8577,POINT(91.8577 23.9494)
Arunachal Pradesh,Tawang,Tawang Sub-Division,Chumukedima Ward-9,27.6769,91.8346,POINT(91.8346 27.6769)
Arunachal Pradesh,West Kameng,West Kameng Sub-Division,Rupa Ward-10,27.3915,92.4098,POINT(92.4098 27.3915)
Arunachal Pradesh,Papum Pare,Papum Pare Sub-Division,Chaygaon Ward-11,27.083,93.7629,POINT(93.7629 27.083)
Arunachal Pradesh,East Siang,East Siang Sub-Division,Tenga Ward-12,28.129,95.1846,POINT(95.1846 28.129)
Arunachal Pradesh,Lower Subansiri,Lower Subansiri Sub-Division,Singtam Ward-13,27.6083,93.8864,POINT(93.8864 27.6083)
Assam,Kamrup Metropolitan,Kamrup Metropolitan Sub-Division,Serchhip Ward-14,26.0181,91.7934,POINT(91.7934 26.0181)
Assam,Kamrup Rural,Kamrup Rural Sub-Division,Rangia Ward-15,26.1803,91.5414,POINT(91.5414 26.1803)
Assam,Darrang,Darrang Sub-Division,Nongpoh Ward-16,26.456,91.8988,POINT(91.8988 26.456)
Assam,Sonitpur,Sonitpur Sub-Division,Chumukedima Ward-17,26.5743,92.6457,POINT(92.6457 26.5743)
Assam,Dibrugarh,Dibrugarh Sub-Division,Lumla Ward-18,27.3844,95.0324,POINT(95.0324 27.3844)
Assam,Cachar,Cachar Sub-Division,Lumla Ward-19,24.727,92.8528,POINT(92.8528 24.727)
Assam,Nagaon,Nagaon Sub-Division,Jang Ward-20,26.2434,92.6842,POINT(92.6842 26.2434)
Meghalaya,East Khasi Hills,East Khasi Hills Sub-Division,Kalaigaon Ward-21,25.4493,91.9892,POINT(91.9892 25.4493)
Meghalaya,West Khasi Hills,West Khasi Hills Sub-Division,Mairang Ward-22,25.4175,91.1946,POINT(91.1946 25.4175)
Meghalaya,Ri-Bhoi,Ri-Bhoi Sub-Division,Lumla Ward-23,25.9676,92.0073,POINT(92.0073 25.9676)
Meghalaya,West Jaintia Hills,West Jaintia Hills Sub-Division,Gyalshing Ward-24,25.4099,92.2268,POINT(92.2268 25.4099)
Sikkim,East Sikkim,East Sikkim Sub-Division,Kalaigaon Ward-25,27.4393,88.7509,POINT(88.7509 27.4393)
Sikkim,North Sikkim,North Sikkim Sub-Division,Mairang Ward-1,27.3839,88.6954,POINT(88.6954 27.3839)
Sikkim,South Sikkim,South Sikkim Sub-Division,Nambol Ward-2,27.1687,88.3084,POINT(88.3084 27.1687)
Nagaland,Kohima,Kohima Sub-Division,Mairang Ward-3,25.6235,93.9933,POINT(93.9933 25.6235)
Nagaland,Dimapur,Dimapur Sub-Division,Chumukedima Ward-4,25.9629,93.8298,POINT(93.8298 25.9629)
Nagaland,Mokokchung,Mokokchung Sub-Division,Jang Ward-5,26.4316,94.4266,POINT(94.4266 26.4316)
Manipur,Imphal West,Imphal West Sub-Division,Nongpoh Ward-6,24.9487,93.897,POINT(93.897 24.9487)
Manipur,Bishnupur,Bishnupur Sub-Division,Nongpoh Ward-7,24.514,93.7459,POINT(93.7459 24.514)
Manipur,Senapati,Senapati Sub-Division,Serchhip Ward-8,25.2284,94.0685,POINT(94.0685 25.2284)
Mizoram,Aizawl,Aizawl Sub-Division,Sipajhar Ward-9,23.6277,92.6767,POINT(92.6767 23.6277)
Mizoram,Kolasib,Kolasib Sub-Division,Gyalshing Ward-10,24.3672,92.5668,POINT(92.5668 24.3672)
Mizoram,Lunglei,Lunglei Sub-Division,Singtam Ward-11,22.9594,92.8198,POINT(92.8198 22.9594)
Tripura,West Tripura,West Tripura Sub-Division,Hnahthial Ward-12,23.8746,91.2569,POINT(91.2569 23.8746)
Tripura,Sipahijala,Sipahijala Sub-Division,Sipajhar Ward-13,23.7813,91.3154,POINT(91.3154 23.7813)
Tripura,Dhalai,Dhalai Sub-Division,Rupa Ward-14,23.7752,91.8492,POINT(91.8492 23.7752)
Arunachal Pradesh,Tawang,Tawang Sub-Division,Ambassa Ward-15,27.6574,91.9585,POINT(91.9585 27.6574)
Arunachal Pradesh,West Kameng,West Kameng Sub-Division,Sipajhar Ward-16,27.2293,92.4697,POINT(92.4697 27.2293)
Arunachal Pradesh,Papum Pare,Papum Pare Sub-Division,Rupa Ward-17,27.1785,93.6649,POINT(93.6649 27.1785)
Arunachal Pradesh,East Siang,East Siang Sub-Division,Dirang Ward-18,27.9766,95.3746,POINT(95.3746 27.9766)
Arunachal Pradesh,Lower Subansiri,Lower Subansiri Sub-Division,Moirang Ward-19,27.6428,93.8422,POINT(93.8422 27.6428)
Assam,Kamrup Metropolitan,Kamrup Metropolitan Sub-Division,Cherrapunji Ward-20,26.1236,91.8607,POINT(91.8607 26.1236)
Assam,Kamrup Rural,Kamrup Rural Sub-Division,Hnahthial Ward-21,26.1678,91.4228,POINT(91.4228 26.1678)
Assam,Darrang,Darrang Sub-Division,Cherrapunji Ward-22,26.3929,92.0928,POINT(92.0928 26.3929)
Assam,Sonitpur,Sonitpur Sub-Division,Mangan Ward-23,26.6005,92.8718,POINT(92.8718 26.6005)
Assam,Dibrugarh,Dibrugarh Sub-Division,Dirang Ward-24,27.5284,94.9337,POINT(94.9337 27.5284)
Assam,Cachar,Cachar Sub-Division,Nongpoh Ward-25,24.7,92.7079,POINT(92.7079 24.7)
Assam,Nagaon,Nagaon Sub-Division,Nambol Ward-1,26.301,92.8273,POINT(92.8273 26.301)
Meghalaya,East Khasi Hills,East Khasi Hills Sub-Division,Nambol Ward-2,25.4673,91.8532,POINT(91.8532 25.4673)
Meghalaya,West Khasi Hills,West Khasi Hills Sub-Division,Rupa Ward-3,25.6274,91.2124,POINT(91.2124 25.6274)
Meghalaya,Ri-Bhoi,Ri-Bhoi Sub-Division,Chumukedima Ward-4,25.8736,91.7469,POINT(91.7469 25.8736)
Meghalaya,West Jaintia Hills,West Jaintia Hills Sub-Division,Singtam Ward-5,25.4778,92.3231,POINT(92.3231 25.4778)
Sikkim,East Sikkim,East Sikkim Sub-Division,Cherrapunji Ward-6,27.2398,88.618,POINT(88.618 27.2398)
Sikkim,North Sikkim,North Sikkim Sub-Division,Nongpoh Ward-7,27.5204,88.6704,POINT(88.6704 27.5204)
Sikkim,South Sikkim,South Sikkim Sub-Division,Bishalgarh Ward-8,27.0267,88.295,POINT(88.295 27.0267)
Nagaland,Kohima,Kohima Sub-Division,Hnahthial Ward-9,25.7676,93.9886,POINT(93.9886 25.7676)
Nagaland,Dimapur,Dimapur Sub-Division,Serchhip Ward-10,26.0002,93.7777,POINT(93.7777 26.0002)
Nagaland,Mokokchung,Mokokchung Sub-Division,Nongpoh Ward-11,26.3058,94.5191,POINT(94.5191 26.3058)
Manipur,Imphal West,Imphal West Sub-Division,Rupa Ward-12,24.9221,93.851,POINT(93.851 24.9221)
Manipur,Bishnupur,Bishnupur Sub-Division,Gyalshing Ward-13,24.603,93.6823,POINT(93.6823 24.603)
Manipur,Senapati,Senapati Sub-Division,Chumukedima Ward-14,25.2835,94.0376,POINT(94.0376 25.2835)
Mizoram,Aizawl,Aizawl Sub-Division,Gyalshing Ward-15,23.7197,92.6305,POINT(92.6305 23.7197)
Mizoram,Kolasib,Kolasib Sub-Division,Cherrapunji Ward-16,24.2214,92.62,POINT(92.62 24.2214)
Mizoram,Lunglei,Lunglei Sub-Division,Moirang Ward-17,22.8507,92.7775,POINT(92.7775 22.8507)
Tripura,West Tripura,West Tripura Sub-Division,Jang Ward-18,23.9458,91.3252,POINT(91.3252 23.9458)
Tripura,Sipahijala,Sipahijala Sub-Division,Kalaigaon Ward-19,23.5489,91.4506,POINT(91.4506 23.5489)
Tripura,Dhalai,Dhalai Sub-Division,Lumla Ward-20,23.8914,91.9427,POINT(91.9427 23.8914)
Arunachal Pradesh,Tawang,Tawang Sub-Division,Mangan Ward-21,27.6059,91.8974,POINT(91.8974 27.6059)
Arunachal Pradesh,West Kameng,West Kameng Sub-Division,Mairang Ward-22,27.1866,92.4898,POINT(92.4898 27.1866)
Arunachal Pradesh,Papum Pare,Papum Pare Sub-Division,Moirang Ward-23,27.046,93.7157,POINT(93.7157 27.046)
Arunachal Pradesh,East Siang,East Siang Sub-Division,Mangan Ward-24,27.9961,95.2621,POINT(95.2621 27.9961)
Arunachal Pradesh,Lower Subansiri,Lower Subansiri Sub-Division,Chaygaon Ward-25,27.5218,93.7141,POINT(93.7141 27.5218)
Assam,Kamrup Metropolitan,Kamrup Metropolitan Sub-Division,Gyalshing Ward-1,26.0877,91.7318,POINT(91.7318 26.0877)
Assam,Kamrup Rural,Kamrup Rural Sub-Division,Dirang Ward-2,26.0956,91.4938,POINT(91.4938 26.0956)
Assam,Darrang,Darrang Sub-Division,Rangia Ward-3,26.4996,91.9338,POINT(91.9338 26.4996)
Assam,Sonitpur,Sonitpur Sub-Division,Mangan Ward-4,26.7185,92.6592,POINT(92.6592 26.7185)
Assam,Dibrugarh,Dibrugarh Sub-Division,Tenga Ward-5,27.583,95.0322,POINT(95.0322 27.583)
Assam,Cachar,Cachar Sub-Division,Rupa Ward-6,24.949,92.748,POINT(92.748 24.949)
Assam,Nagaon,Nagaon Sub-Division,Mangan Ward-7,26.2288,92.7543,POINT(92.7543 26.2288)
Meghalaya,East Khasi Hills,East Khasi Hills Sub-Division,Moirang Ward-8,25.6029,91.9758,POINT(91.9758 25.6029)
Meghalaya,West Khasi Hills,West Khasi Hills Sub-Division,Dirang Ward-9,25.4314,91.1467,POINT(91.1467 25.4314)
Meghalaya,Ri-Bhoi,Ri-Bhoi Sub-Division,Chaygaon Ward-10,25.9712,91.9718,POINT(91.9718 25.9712)
Meghalaya,West Jaintia Hills,West Jaintia Hills Sub-Division,Chumukedima Ward-11,25.3433,92.1025,POINT(92.1025 25.3433)
Sikkim,East Sikkim,East Sikkim Sub-Division,Chaygaon Ward-12,27.3657,88.6036,POINT(88.6036 27.3657)
Sikkim,North Sikkim,North Sikkim Sub-Division,Sipajhar Ward-13,27.5137,88.5425,POINT(88.5425 27.5137)
Sikkim,South Sikkim,South Sikkim Sub-Division,Mangan Ward-14,27.3011,88.3089,POINT(88.3089 27.3011)
Nagaland,Kohima,Kohima Sub-Division,Nambol Ward-15,25.7187,94.2302,POINT(94.2302 25.7187)
Nagaland,Dimapur,Dimapur Sub-Division,Hnahthial Ward-16,26.0391,93.7847,POINT(93.7847 26.0391)
Nagaland,Mokokchung,Mokokchung Sub-Division,Nongpoh Ward-17,26.2904,94.5617,POINT(94.5617 26.2904)
Manipur,Imphal West,Imphal West Sub-Division,Teliamura Ward-18,24.7036,94.0469,POINT(94.0469 24.7036)
Manipur,Bishnupur,Bishnupur Sub-Division,Singtam Ward-19,24.7706,93.8928,POINT(93.8928 24.7706)
Manipur,Senapati,Senapati Sub-Division,Moirang Ward-20,25.3568,93.9306,POINT(93.9306 25.3568)
Mizoram,Aizawl,Aizawl Sub-Division,Dirang Ward-21,23.7088,92.6628,POINT(92.6628 23.7088)
Mizoram,Kolasib,Kolasib Sub-Division,Cherrapunji Ward-22,24.0802,92.7899,POINT(92.7899 24.0802)
Mizoram,Lunglei,Lunglei Sub-Division,Nongpoh Ward-23,22.9511,92.8679,POINT(92.8679 22.9511)
Tripura,West Tripura,West Tripura Sub-Division,Hnahthial Ward-24,23.9276,91.3841,POINT(91.3841 23.9276)
Tripura,Sipahijala,Sipahijala Sub-Division,Bishalgarh Ward-25,23.6113,91.3808,POINT(91.3808 23.6113)
Tripura,Dhalai,Dhalai Sub-Division,Singtam Ward-1,23.7082,91.7156,POINT(91.7156 23.7082)
Arunachal Pradesh,Tawang,Tawang Sub-Division,Kalaigaon Ward-2,27.6284,91.7103,POINT(91.7103 27.6284)
Arunachal Pradesh,West Kameng,West Kameng Sub-Division,Mairang Ward-3,27.1392,92.3132,POINT(92.3132 27.1392)
Arunachal Pradesh,Papum Pare,Papum Pare Sub-Division,Teliamura Ward-4,27.1452,93.5056,POINT(93.5056 27.1452)
Arunachal Pradesh,East Siang,East Siang Sub-Division,Chaygaon Ward-5,28.0118,95.3195,POINT(95.3195 28.0118)
Arunachal Pradesh,Lower Subansiri,Lower Subansiri Sub-Division,Rupa Ward-6,27.5779,93.7783,POINT(93.7783 27.5779)
Assam,Kamrup Metropolitan,Kamrup Metropolitan Sub-Division,Mairang Ward-7,26.0491,91.8491,POINT(91.8491 26.0491)
Assam,Kamrup Rural,Kamrup Rural Sub-Division,Kalaigaon Ward-8,26.0412,91.4189,POINT(91.4189 26.0412)
Assam,Darrang,Darrang Sub-Division,Dirang Ward-9,26.5741,92.1732,POINT(92.1732 26.5741)
Assam,Sonitpur,Sonitpur Sub-Division,Mairang Ward-10,26.4987,92.828,POINT(92.828 26.4987)
Assam,Dibrugarh,Dibrugarh Sub-Division,Sipajhar Ward-11,27.4332,95.0462,POINT(95.0462 27.4332)
Assam,Cachar,Cachar Sub-Division,Bishalgarh Ward-12,24.9153,92.9074,POINT(92.9074 24.9153)
Assam,Nagaon,Nagaon Sub-Division,Tseminyu Ward-13,26.4093,92.5912,POINT(92.5912 26.4093)
Meghalaya,East Khasi Hills,East Khasi Hills Sub-Division,Mangan Ward-14,25.6527,91.8579,POINT(91.8579 25.6527)
Meghalaya,West Khasi Hills,West Khasi Hills Sub-Division,Kalaigaon Ward-15,25.6586,91.1949,POINT(91.1949 25.6586)
Meghalaya,Ri-Bhoi,Ri-Bhoi Sub-Division,Chumukedima Ward-16,25.9877,91.7386,POINT(91.7386 25.9877)
Meghalaya,West Jaintia Hills,West Jaintia Hills Sub-Division,Gyalshing Ward-17,25.3745,92.2249,POINT(92.2249 25.3745)
Sikkim,East Sikkim,East Sikkim Sub-Division,Rangia Ward-18,27.2289,88.5535,POINT(88.5535 27.2289)
Sikkim,North Sikkim,North Sikkim Sub-Division,Cherrapunji Ward-19,27.465,88.527,POINT(88.527 27.465)
Sikkim,South Sikkim,South Sikkim Sub-Division,Sipajhar Ward-20,27.0376,88.2999,POINT(88.2999 27.0376)
Nagaland,Kohima,Kohima Sub-Division,Ambassa Ward-21,25.707,94.1598,POINT(94.1598 25.707)
Nagaland,Dimapur,Dimapur Sub-Division,Serchhip Ward-22,25.7705,93.6536,POINT(93.6536 25.7705)
Nagaland,Mokokchung,Mokokchung Sub-Division,Hnahthial Ward-23,26.3764,94.4097,POINT(94.4097 26.3764)
Manipur,Imphal West,Imphal West Sub-Division,Rangia Ward-24,24.7451,93.9379,POINT(93.9379 24.7451)
Manipur,Bishnupur,Bishnupur Sub-Division,Teliamura Ward-25,24.5093,93.8276,POINT(93.8276 24.5093)
Manipur,Senapati,Senapati Sub-Division,Nambol Ward-1,25.1232,93.8984,POINT(93.8984 25.1232)
Mizoram,Aizawl,Aizawl Sub-Division,Rupa Ward-2,23.6853,92.6966,POINT(92.6966 23.6853)
Mizoram,Kolasib,Kolasib Sub-Division,Bishalgarh Ward-3,24.2985,92.6091,POINT(92.6091 24.2985)
Mizoram,Lunglei,Lunglei Sub-Division,Nongpoh Ward-4,22.9511,92.7374,POINT(92.7374 22.9511)
Tripura,West Tripura,West Tripura Sub-Division,Mangan Ward-5,23.8725,91.2688,POINT(91.2688 23.8725)
Tripura,Sipahijala,Sipahijala Sub-Division,Serchhip Ward-6,23.4958,91.2401,POINT(91.2401 23.4958)
Tripura,Dhalai,Dhalai Sub-Division,Mangan Ward-7,23.9686,91.8485,POINT(91.8485 23.9686)
Arunachal Pradesh,Tawang,Tawang Sub-Division,Tseminyu Ward-8,27.5817,91.8573,POINT(91.8573 27.5817)
Arunachal Pradesh,West Kameng,West Kameng Sub-Division,Cherrapunji Ward-9,27.2194,92.327,POINT(92.327 27.2194)
Arunachal Pradesh,Papum Pare,Papum Pare Sub-Division,Rupa Ward-10,27.103,93.5484,POINT(93.5484 27.103)
Arunachal Pradesh,East Siang,East Siang Sub-Division,Jang Ward-11,28.2154,95.1772,POINT(95.1772 28.2154)
Arunachal Pradesh,Lower Subansiri,Lower Subansiri Sub-Division,Singtam Ward-12,27.4231,93.9105,POINT(93.9105 27.4231)
Assam,Kamrup Metropolitan,Kamrup Metropolitan Sub-Division,Chumukedima Ward-13,26.0798,91.8806,POINT(91.8806 26.0798)
Assam,Kamrup Rural,Kamrup Rural Sub-Division,Kalaigaon Ward-14,26.3204,91.6631,POINT(91.6631 26.3204)
Assam,Darrang,Darrang Sub-Division,Nambol Ward-15,26.5143,92.025,POINT(92.025 26.5143)
Assam,Sonitpur,Sonitpur Sub-Division,Tenga Ward-16,26.4855,92.9335,POINT(92.9335 26.4855)
Assam,Dibrugarh,Dibrugarh Sub-Division,Ambassa Ward-17,27.607,95.0619,POINT(95.0619 27.607)
Assam,Cachar,Cachar Sub-Division,Tseminyu Ward-18,24.7467,92.6435,POINT(92.6435 24.7467)
Assam,Nagaon,Nagaon Sub-Division,Hnahthial Ward-19,26.4183,92.6981,POINT(92.6981 26.4183)
Meghalaya,East Khasi Hills,East Khasi Hills Sub-Division,Mangan Ward-20,25.4822,92.0328,POINT(92.0328 25.4822)
Meghalaya,West Khasi Hills,West Khasi Hills Sub-Division,Nambol Ward-21,25.4225,91.2266,POINT(91.2266 25.4225)
Meghalaya,Ri-Bhoi,Ri-Bhoi Sub-Division,Hnahthial Ward-22,25.9462,91.7662,POINT(91.7662 25.9462)
Meghalaya,West Jaintia Hills,West Jaintia Hills Sub-Division,Chaygaon Ward-23,25.5765,92.3211,POINT(92.3211 25.5765)
Sikkim,East Sikkim,East Sikkim Sub-Division,Bishalgarh Ward-24,27.4385,88.6103,POINT(88.6103 27.4385)
Sikkim,North Sikkim,North Sikkim Sub-Division,Kalaigaon Ward-25,27.4305,88.5801,POINT(88.5801 27.4305)
Sikkim,South Sikkim,South Sikkim Sub-Division,Hnahthial Ward-1,27.2042,88.3302,POINT(88.3302 27.2042)
Nagaland,Kohima,Kohima Sub-Division,Tseminyu Ward-2,25.8171,94.1615,POINT(94.1615 25.8171)
Nagaland,Dimapur,Dimapur Sub-Division,Sipajhar Ward-3,25.9054,93.7664,POINT(93.7664 25.9054)
Nagaland,Mokokchung,Mokokchung Sub-Division,Chumukedima Ward-4,26.1988,94.6105,POINT(94.6105 26.1988)
Manipur,Imphal West,Imphal West Sub-Division,Chaygaon Ward-5,24.9379,94.0393,POINT(94.0393 24.9379)
Manipur,Bishnupur,Bishnupur Sub-Division,Dirang Ward-6,24.6477,93.8897,POINT(93.8897 24.6477)
Manipur,Senapati,Senapati Sub-Division,Teliamura Ward-7,25.1383,94.0583,POINT(94.0583 25.1383)
Mizoram,Aizawl,Aizawl Sub-Division,Rangia Ward-8,23.7528,92.7982,POINT(92.7982 23.7528)
Mizoram,Kolasib,Kolasib Sub-Division,Cherrapunji Ward-9,24.1239,92.5847,POINT(92.5847 24.1239)
Mizoram,Lunglei,Lunglei Sub-Division,Teliamura Ward-10,22.9413,92.6842,POINT(92.6842 22.9413)
Tripura,West Tripura,West Tripura Sub-Division,Mairang Ward-11,23.8686,91.2163,POINT(91.2163 23.8686)
Tripura,Sipahijala,Sipahijala Sub-Division,Rangia Ward-12,23.5405,91.3861,POINT(91.3861 23.5405)
Tripura,Dhalai,Dhalai Sub-Division,Moirang Ward-13,23.8301,91.7054,POINT(91.7054 23.8301)
Arunachal Pradesh,Tawang,Tawang Sub-Division,Chaygaon Ward-14,27.5792,91.9169,POINT(91.9169 27.5792)
Arunachal Pradesh,West Kameng,West Kameng Sub-Division,Teliamura Ward-15,27.3323,92.3567,POINT(92.3567 27.3323)
Arunachal Pradesh,Papum Pare,Papum Pare Sub-Division,Dirang Ward-16,27.1525,93.6737,POINT(93.6737 27.1525)
Arunachal Pradesh,East Siang,East Siang Sub-Division,Bishalgarh Ward-17,27.9565,95.2332,POINT(95.2332 27.9565)
Arunachal Pradesh,Lower Subansiri,Lower Subansiri Sub-Division,Dirang Ward-18,27.6577,93.7428,POINT(93.7428 27.6577)
Assam,Kamrup Metropolitan,Kamrup Metropolitan Sub-Division,Kalaigaon Ward-19,26.2471,91.8437,POINT(91.8437 26.2471)
Assam,Kamrup Rural,Kamrup Rural Sub-Division,Hnahthial Ward-20,26.174,91.5542,POINT(91.5542 26.174)
Assam,Darrang,Darrang Sub-Division,Cherrapunji Ward-21,26.5236,92.0146,POINT(92.0146 26.5236)
Assam,Sonitpur,Sonitpur Sub-Division,Sipajhar Ward-22,26.6594,92.703,POINT(92.703 26.6594)
Assam,Dibrugarh,Dibrugarh Sub-Division,Jang Ward-23,27.423,94.7928,POINT(94.7928 27.423)
Assam,Cachar,Cachar Sub-Division,Chaygaon Ward-24,24.9379,92.85,POINT(92.85 24.9379)
Assam,Nagaon,Nagaon Sub-Division,Nongpoh Ward-25,26.2063,92.6539,POINT(92.6539 26.2063)
Meghalaya,East Khasi Hills,East Khasi Hills Sub-Division,Mairang Ward-1,25.6324,91.9883,POINT(91.9883 25.6324)
Meghalaya,West Khasi Hills,West Khasi Hills Sub-Division,Gyalshing Ward-2,25.3657,91.2829,POINT(91.2829 25.3657)
Meghalaya,Ri-Bhoi,Ri-Bhoi Sub-Division,Mangan Ward-3,25.8751,91.872,POINT(91.872 25.8751)
Meghalaya,West Jaintia Hills,West Jaintia Hills Sub-Division,Tseminyu Ward-4,25.4345,92.1809,POINT(92.1809 25.4345)
Sikkim,East Sikkim,East Sikkim Sub-Division,Moirang Ward-5,27.2921,88.5261,POINT(88.5261 27.2921)
Sikkim,North Sikkim,North Sikkim Sub-Division,Ambassa Ward-6,27.6265,88.656,POINT(88.656 27.6265)
Sikkim,South Sikkim,South Sikkim Sub-Division,Kalaigaon Ward-7,27.108,88.4134,POINT(88.4134 27.108)
Nagaland,Kohima,Kohima Sub-Division,Sipajhar Ward-8,25.7455,94.1974,POINT(94.1974 25.7455)
Nagaland,Dimapur,Dimapur Sub-Division,Mairang Ward-9,25.819,93.7847,POINT(93.7847 25.819)
Nagaland,Mokokchung,Mokokchung Sub-Division,Rupa Ward-10,26.2348,94.5517,POINT(94.5517 26.2348)
Manipur,Imphal West,Imphal West Sub-Division,Singtam Ward-11,24.8151,93.8572,POINT(93.8572 24.8151)
Manipur,Bishnupur,Bishnupur Sub-Division,Singtam Ward-12,24.7467,93.7216,POINT(93.7216 24.7467)
Manipur,Senapati,Senapati Sub-Division,Dirang Ward-13,25.261,94.102,POINT(94.102 25.261)
Mizoram,Aizawl,Aizawl Sub-Division,Chumukedima Ward-14,23.6133,92.6348,POINT(92.6348 23.6133)
Mizoram,Kolasib,Kolasib Sub-Division,Chumukedima Ward-15,24.3008,92.761,POINT(92.761 24.3008)
Mizoram,Lunglei,Lunglei Sub-Division,Sipajhar Ward-16,22.937,92.7446,POINT(92.7446 22.937)
Tripura,West Tripura,West Tripura Sub-Division,Tseminyu Ward-17,23.9654,91.3765,POINT(91.3765 23.9654)
Tripura,Sipahijala,Sipahijala Sub-Division,Mangan Ward-18,23.7195,91.3449,POINT(91.3449 23.7195)
Tripura,Dhalai,Dhalai Sub-Division,Singtam Ward-19,23.7126,91.7316,POINT(91.7316 23.7126)
Arunachal Pradesh,Tawang,Tawang Sub-Division,Gyalshing Ward-20,27.5446,91.9279,POINT(91.9279 27.5446)
Arunachal Pradesh,West Kameng,West Kameng Sub-Division,Sipajhar Ward-21,27.3343,92.2957,POINT(92.2957 27.3343)
Arunachal Pradesh,Papum Pare,Papum Pare Sub-Division,Gyalshing Ward-22,26.9873,93.5272,POINT(93.5272 26.9873)
Arunachal Pradesh,East Siang,East Siang Sub-Division,Tseminyu Ward-23,28.1664,95.3181,POINT(95.3181 28.1664)
Arunachal Pradesh,Lower Subansiri,Lower Subansiri Sub-Division,Moirang Ward-24,27.5117,93.9065,POINT(93.9065 27.5117)
Assam,Kamrup Metropolitan,Kamrup Metropolitan Sub-Division,Mangan Ward-25,26.2205,91.7451,POINT(91.7451 26.2205)
Assam,Kamrup Rural,Kamrup Rural Sub-Division,Teliamura Ward-1,26.159,91.5348,POINT(91.5348 26.159)
Assam,Darrang,Darrang Sub-Division,Teliamura Ward-2,26.5067,92.1641,POINT(92.1641 26.5067)
Assam,Sonitpur,Sonitpur Sub-Division,Moirang Ward-3,26.7257,92.9257,POINT(92.9257 26.7257)
Assam,Dibrugarh,Dibrugarh Sub-Division,Teliamura Ward-4,27.5545,94.8922,POINT(94.8922 27.5545)
Assam,Cachar,Cachar Sub-Division,Singtam Ward-5,24.8757,92.8997,POINT(92.8997 24.8757)
Assam,Nagaon,Nagaon Sub-Division,Gyalshing Ward-6,26.4349,92.7967,POINT(92.7967 26.4349)
Meghalaya,East Khasi Hills,East Khasi Hills Sub-Division,Lumla Ward-7,25.639,92.0054,POINT(92.0054 25.639)
Meghalaya,West Khasi Hills,West Khasi Hills Sub-Division,Serchhip Ward-8,25.3624,91.1939,POINT(91.1939 25.3624)
Meghalaya,Ri-Bhoi,Ri-Bhoi Sub-Division,Teliamura Ward-9,25.8712,91.9232,POINT(91.9232 25.8712)
Meghalaya,West Jaintia Hills,West Jaintia Hills Sub-Division,Gyalshing Ward-10,25.4956,92.2592,POINT(92.2592 25.4956)
Sikkim,East Sikkim,East Sikkim Sub-Division,Lumla Ward-11,27.4215,88.7208,POINT(88.7208 27.4215)
Sikkim,North Sikkim,North Sikkim Sub-Division,Ambassa Ward-12,27.5675,88.622,POINT(88.622 27.5675)
Sikkim,South Sikkim,South Sikkim Sub-Division,Sipajhar Ward-13,27.0841,88.3535,POINT(88.3535 27.0841)
Nagaland,Kohima,Kohima Sub-Division,Rangia Ward-14,25.5731,93.967,POINT(93.967 25.5731)
Nagaland,Dimapur,Dimapur Sub-Division,Tenga Ward-15,26.0065,93.6687,POINT(93.6687 26.0065)
Nagaland,Mokokchung,Mokokchung Sub-Division,Serchhip Ward-16,26.193,94.4819,POINT(94.4819 26.193)
Manipur,Imphal West,Imphal West Sub-Division,Hnahthial Ward-17,24.894,94.0692,POINT(94.0692 24.894)
Manipur,Bishnupur,Bishnupur Sub-Division,Jang Ward-18,24.6183,93.9094,POINT(93.9094 24.6183)
Manipur,Senapati,Senapati Sub-Division,Kalaigaon Ward-19,25.3244,94.1413,POINT(94.1413 25.3244)
Mizoram,Aizawl,Aizawl Sub-Division,Rangia Ward-20,23.6822,92.653,POINT(92.653 23.6822)
Mizoram,Kolasib,Kolasib Sub-Division,Teliamura Ward-21,24.112,92.6433,POINT(92.6433 24.112)
Mizoram,Lunglei,Lunglei Sub-Division,Mangan Ward-22,22.9047,92.8369,POINT(92.8369 22.9047)
Tripura,West Tripura,West Tripura Sub-Division,Chumukedima Ward-23,23.8092,91.2604,POINT(91.2604 23.8092)
Tripura,Sipahijala,Sipahijala Sub-Division,Chumukedima Ward-24,23.6279,91.2958,POINT(91.2958 23.6279)
Tripura,Dhalai,Dhalai Sub-Division,Rangia Ward-25,23.8677,91.9336,POINT(91.9336 23.8677)
Arunachal Pradesh,Tawang,Tawang Sub-Division,Rangia Ward-1,27.5631,91.8414,POINT(91.8414 27.5631)
Arunachal Pradesh,West Kameng,West Kameng Sub-Division,Chumukedima Ward-2,27.2396,92.3148,POINT(92.3148 27.2396)
Arunachal Pradesh,Papum Pare,Papum Pare Sub-Division,Bishalgarh Ward-3,26.9892,93.678,POINT(93.678 26.9892)
Arunachal Pradesh,East Siang,East Siang Sub-Division,Singtam Ward-4,28.0526,95.1858,POINT(95.1858 28.0526)
Arunachal Pradesh,Lower Subansiri,Lower Subansiri Sub-Division,Chumukedima Ward-5,27.6855,93.8605,POINT(93.8605 27.6855)
Assam,Kamrup Metropolitan,Kamrup Metropolitan Sub-Division,Jang Ward-6,26.0814,91.743,POINT(91.743 26.0814)
Assam,Kamrup Rural,Kamrup Rural Sub-Division,Kalaigaon Ward-7,26.126,91.5578,POINT(91.5578 26.126)
Assam,Darrang,Darrang Sub-Division,Rangia Ward-8,26.4285,92.162,POINT(92.162 26.4285)
Assam,Sonitpur,Sonitpur Sub-Division,Sipajhar Ward-9,26.7295,92.7892,POINT(92.7892 26.7295)
Assam,Dibrugarh,Dibrugarh Sub-Division,Rangia Ward-10,27.3362,94.9064,POINT(94.9064 27.3362)
Assam,Cachar,Cachar Sub-Division,Nambol Ward-11,24.9177,92.7715,POINT(92.7715 24.9177)
Assam,Nagaon,Nagaon Sub-Division,Hnahthial Ward-12,26.2368,92.7249,POINT(92.7249 26.2368)
Meghalaya,East Khasi Hills,East Khasi Hills Sub-Division,Tenga Ward-13,25.6887,91.8409,POINT(91.8409 25.6887)
Meghalaya,West Khasi Hills,West Khasi Hills Sub-Division,Gyalshing Ward-14,25.4762,91.3801,POINT(91.3801 25.4762)
Meghalaya,Ri-Bhoi,Ri-Bhoi Sub-Division,Mairang Ward-15,26.017,91.9508,POINT(91.9508 26.017)
Meghalaya,West Jaintia Hills,West Jaintia Hills Sub-Division,Bishalgarh Ward-16,25.3074,92.239,POINT(92.239 25.3074)
Sikkim,East Sikkim,East Sikkim Sub-Division,Ambassa Ward-17,27.226,88.6243,POINT(88.6243 27.226)
Sikkim,North Sikkim,North Sikkim Sub-Division,Mangan Ward-18,27.5773,88.6872,POINT(88.6872 27.5773)
Sikkim,South Sikkim,South Sikkim Sub-Division,Tseminyu Ward-19,27.2891,88.2361,POINT(88.2361 27.2891)
Nagaland,Kohima,Kohima Sub-Division,Lumla Ward-20,25.6076,94.0203,POINT(94.0203 25.6076)
Nagaland,Dimapur,Dimapur Sub-Division,Moirang Ward-21,25.8901,93.8196,POINT(93.8196 25.8901)
Nagaland,Mokokchung,Mokokchung Sub-Division,Moirang Ward-22,26.3224,94.6502,POINT(94.6502 26.3224)
Manipur,Imphal West,Imphal West Sub-Division,Rupa Ward-23,24.9249,93.882,POINT(93.882 24.9249)
Manipur,Bishnupur,Bishnupur Sub-Division,Nambol Ward-24,24.6449,93.7001,POINT(93.7001 24.6449)
Manipur,Senapati,Senapati Sub-Division,Cherrapunji Ward-25,25.202,93.9822,POINT(93.9822 25.202)
Mizoram,Aizawl,Aizawl Sub-Division,Mairang Ward-1,23.6315,92.7816,POINT(92.7816 23.6315)
Mizoram,Kolasib,Kolasib Sub-Division,Chumukedima Ward-2,24.1938,92.6273,POINT(92.6273 24.1938)
Mizoram,Lunglei,Lunglei Sub-Division,Gyalshing Ward-3,22.7456,92.6619,POINT(92.6619 22.7456)
Tripura,West Tripura,West Tripura Sub-Division,Nongpoh Ward-4,23.9072,91.2523,POINT(91.2523 23.9072)
Tripura,Sipahijala,Sipahijala Sub-Division,Chaygaon Ward-5,23.6509,91.1816,POINT(91.1816 23.6509)
Tripura,Dhalai,Dhalai Sub-Division,Gyalshing Ward-6,23.9658,91.7807,POINT(91.7807 23.9658)
Arunachal Pradesh,Tawang,Tawang Sub-Division,Singtam Ward-7,27.6025,91.945,POINT(91.945 27.6025)
Arunachal Pradesh,West Kameng,West Kameng Sub-Division,Teliamura Ward-8,27.3684,92.416,POINT(92.416 27.3684)
Arunachal Pradesh,Papum Pare,Papum Pare Sub-Division,Serchhip Ward-9,27.246,93.7012,POINT(93.7012 27.246)
Arunachal Pradesh,East Siang,East Siang Sub-Division,Mangan Ward-10,28.0825,95.1885,POINT(95.1885 28.0825)
Arunachal Pradesh,Lower Subansiri,Lower Subansiri Sub-Division,Lumla Ward-11,27.4868,93.9716,POINT(93.9716 27.4868)
Assam,Kamrup Metropolitan,Kamrup Metropolitan Sub-Division,Ambassa Ward-12,26.0765,91.6615,POINT(91.6615 26.0765)
Assam,Kamrup Rural,Kamrup Rural Sub-Division,Serchhip Ward-13,26.2247,91.5875,POINT(91.5875 26.2247)
Assam,Darrang,Darrang Sub-Division,Dirang Ward-14,26.4622,91.902,POINT(91.902 26.4622)
Assam,Sonitpur,Sonitpur Sub-Division,Lumla Ward-15,26.5257,92.8095,POINT(92.8095 26.5257)
Assam,Dibrugarh,Dibrugarh Sub-Division,Mangan Ward-16,27.4742,95.0026,POINT(95.0026 27.4742)
Assam,Cachar,Cachar Sub-Division,Serchhip Ward-17,24.7617,92.8547,POINT(92.8547 24.7617)
Assam,Nagaon,Nagaon Sub-Division,Rangia Ward-18,26.2917,92.5972,POINT(92.5972 26.2917)
Meghalaya,East Khasi Hills,East Khasi Hills Sub-Division,Rupa Ward-19,25.4689,92.02,POINT(92.02 25.4689)
Meghalaya,West Khasi Hills,West Khasi Hills Sub-Division,Tenga Ward-20,25.5618,91.2339,POINT(91.2339 25.5618)
Meghalaya,Ri-Bhoi,Ri-Bhoi Sub-Division,Serchhip Ward-21,25.8678,91.7543,POINT(91.7543 25.8678)
Meghalaya,West Jaintia Hills,West Jaintia Hills Sub-Division,Hnahthial Ward-22,25.3093,92.2996,POINT(92.2996 25.3093)
Sikkim,East Sikkim,East Sikkim Sub-Division,Moirang Ward-23,27.4805,88.5694,POINT(88.5694 27.4805)
Sikkim,North Sikkim,North Sikkim Sub-Division,Kalaigaon Ward-24,27.5804,88.6091,POINT(88.6091 27.5804)
Sikkim,South Sikkim,South Sikkim Sub-Division,Ambassa Ward-25,27.0779,88.2028,POINT(88.2028 27.0779)
Nagaland,Kohima,Kohima Sub-Division,Dirang Ward-1,25.8015,94.0659,POINT(94.0659 25.8015)
Nagaland,Dimapur,Dimapur Sub-Division,Serchhip Ward-2,25.9993,93.6438,POINT(93.6438 25.9993)
Nagaland,Mokokchung,Mokokchung Sub-Division,Jang Ward-3,26.3229,94.5812,POINT(94.5812 26.3229)
Manipur,Imphal West,Imphal West Sub-Division,Nongpoh Ward-4,24.9133,93.9056,POINT(93.9056 24.9133)
Manipur,Bishnupur,Bishnupur Sub-Division,Cherrapunji Ward-5,24.5335,93.6726,POINT(93.6726 24.5335)
Manipur,Senapati,Senapati Sub-Division,Dirang Ward-6,25.2795,93.8796,POINT(93.8796 25.2795)
Mizoram,Aizawl,Aizawl Sub-Division,Tenga Ward-7,23.8572,92.8242,POINT(92.8242 23.8572)
Mizoram,Kolasib,Kolasib Sub-Division,Nongpoh Ward-8,24.1276,92.7334,POINT(92.7334 24.1276)
Mizoram,Lunglei,Lunglei Sub-Division,Serchhip Ward-9,22.9342,92.8549,POINT(92.8549 22.9342)
Tripura,West Tripura,West Tripura Sub-Division,Singtam Ward-10,23.9644,91.1524,POINT(91.1524 23.9644)
Tripura,Sipahijala,Sipahijala Sub-Division,Moirang Ward-11,23.6071,91.1985,POINT(91.1985 23.6071)
Tripura,Dhalai,Dhalai Sub-Division,Chumukedima Ward-12,23.9277,91.9651,POINT(91.9651 23.9277)
Arunachal Pradesh,Tawang,Tawang Sub-Division,Hnahthial Ward-13,27.5958,91.8043,POINT(91.8043 27.5958)
Arunachal Pradesh,West Kameng,West Kameng Sub-Division,Ambassa Ward-14,27.286,92.2735,POINT(92.2735 27.286)
Arunachal Pradesh,Papum Pare,Papum Pare Sub-Division,Dirang Ward-15,27.2377,93.7417,POINT(93.7417 27.2377)
Arunachal Pradesh,East Siang,East Siang Sub-Division,Tseminyu Ward-16,28.1038,95.205,POINT(95.205 28.1038)
Arunachal Pradesh,Lower Subansiri,Lower Subansiri Sub-Division,Nambol Ward-17,27.6392,93.9605,POINT(93.9605 27.6392)
Assam,Kamrup Metropolitan,Kamrup Metropolitan Sub-Division,Kalaigaon Ward-18,26.066,91.6884,POINT(91.6884 26.066)
Assam,Kamrup Rural,Kamrup Rural Sub-Division,Mangan Ward-19,26.106,91.4339,POINT(91.4339 26.106)
Assam,Darrang,Darrang Sub-Division,Teliamura Ward-20,26.4896,92.0547,POINT(92.0547 26.4896)
Assam,Sonitpur,Sonitpur Sub-Division,Lumla Ward-21,26.597,92.9096,POINT(92.9096 26.597)
Assam,Dibrugarh,Dibrugarh Sub-Division,Singtam Ward-22,27.5985,94.8946,POINT(94.8946 27.5985)
Assam,Cachar,Cachar Sub-Division,Jang Ward-23,24.7138,92.6456,POINT(92.6456 24.7138)
Assam,Nagaon,Nagaon Sub-Division,Rangia Ward-24,26.2239,92.7596,POINT(92.7596 26.2239)
Meghalaya,East Khasi Hills,East Khasi Hills Sub-Division,Rangia Ward-25,25.616,91.8793,POINT(91.8793 25.616)
Meghalaya,West Khasi Hills,West Khasi Hills Sub-Division,Gyalshing Ward-1,25.5458,91.2119,POINT(91.2119 25.5458)
Meghalaya,Ri-Bhoi,Ri-Bhoi Sub-Division,Hnahthial Ward-2,25.9052,91.9063,POINT(91.9063 25.9052)
Meghalaya,West Jaintia Hills,West Jaintia Hills Sub-Division,Dirang Ward-3,25.3203,92.2868,POINT(92.2868 25.3203)
Sikkim,East Sikkim,East Sikkim Sub-Division,Dirang Ward-4,27.3416,88.5631,POINT(88.5631 27.3416)
Sikkim,North Sikkim,North Sikkim Sub-Division,Ambassa Ward-5,27.4229,88.6391,POINT(88.6391 27.4229)
Sikkim,South Sikkim,South Sikkim Sub-Division,Rangia Ward-6,27.1739,88.3955,POINT(88.3955 27.1739)
Nagaland,Kohima,Kohima Sub-Division,Singtam Ward-7,25.7577,94.0028,POINT(94.0028 25.7577)
Nagaland,Dimapur,Dimapur Sub-Division,Rupa Ward-8,26.0479,93.7328,POINT(93.7328 26.0479)
Nagaland,Mokokchung,Mokokchung Sub-Division,Mangan Ward-9,26.3271,94.6206,POINT(94.6206 26.3271)
Manipur,Imphal West,Imphal West Sub-Division,Mangan Ward-10,24.96,93.979,POINT(93.979 24.96)
Manipur,Bishnupur,Bishnupur Sub-Division,Nambol Ward-11,24.6828,93.8229,POINT(93.8229 24.6828)
Manipur,Senapati,Senapati Sub-Division,Cherrapunji Ward-12,25.2835,94.1489,POINT(94.1489 25.2835)
Mizoram,Aizawl,Aizawl Sub-Division,Sipajhar Ward-13,23.6086,92.8304,POINT(92.8304 23.6086)
Mizoram,Kolasib,Kolasib Sub-Division,Nongpoh Ward-14,24.0711,92.5969,POINT(92.5969 24.0711)
Mizoram,Lunglei,Lunglei Sub-Division,Kalaigaon Ward-15,22.8742,92.8205,POINT(92.8205 22.8742)
Tripura,West Tripura,West Tripura Sub-Division,Rangia Ward-16,23.7431,91.1921,POINT(91.1921 23.7431)
Tripura,Sipahijala,Sipahijala Sub-Division,Serchhip Ward-17,23.494,91.1966,POINT(91.1966 23.494)
Tripura,Dhalai,Dhalai Sub-Division,Mairang Ward-18,23.9738,91.808,POINT(91.808 23.9738)
Arunachal Pradesh,Tawang,Tawang Sub-Division,Dirang Ward-19,27.5018,91.788,POINT(91.788 27.5018)
Arunachal Pradesh,West Kameng,West Kameng Sub-Division,Teliamura Ward-20,27.1681,92.2723,POINT(92.2723 27.1681)
Arunachal Pradesh,Papum Pare,Papum Pare Sub-Division,Singtam Ward-21,27.1998,93.5078,POINT(93.5078 27.1998)
Arunachal Pradesh,East Siang,East Siang Sub-Division,Bishalgarh Ward-22,28.1968,95.2675,POINT(95.2675 28.1968)
Arunachal Pradesh,Lower Subansiri,Lower Subansiri Sub-Division,Chaygaon Ward-23,27.4514,93.8381,POINT(93.8381 27.4514)
Assam,Kamrup Metropolitan,Kamrup Metropolitan Sub-Division,Singtam Ward-24,26.258,91.6058,POINT(91.6058 26.258)
Assam,Kamrup Rural,Kamrup Rural Sub-Division,Tenga Ward-25,26.0919,91.5718,POINT(91.5718 26.0919)
Assam,Darrang,Darrang Sub-Division,Tenga Ward-1,26.5951,91.9544,POINT(91.9544 26.5951)
Assam,Sonitpur,Sonitpur Sub-Division,Rupa Ward-2,26.7401,92.7309,POINT(92.7309 26.7401)
Assam,Dibrugarh,Dibrugarh Sub-Division,Cherrapunji Ward-3,27.5615,95.0239,POINT(95.0239 27.5615)
Assam,Cachar,Cachar Sub-Division,Cherrapunji Ward-4,24.83,92.8471,POINT(92.8471 24.83)
Assam,Nagaon,Nagaon Sub-Division,Lumla Ward-5,26.2147,92.6866,POINT(92.6866 26.2147)
Meghalaya,East Khasi Hills,East Khasi Hills Sub-Division,Singtam Ward-6,25.5411,91.899,POINT(91.899 25.5411)
Meghalaya,West Khasi Hills,West Khasi Hills Sub-Division,Mangan Ward-7,25.5684,91.3247,POINT(91.3247 25.5684)
Meghalaya,Ri-Bhoi,Ri-Bhoi Sub-Division,Tenga Ward-8,25.9414,91.9672,POINT(91.9672 25.9414)
Meghalaya,West Jaintia Hills,West Jaintia Hills Sub-Division,Chumukedima Ward-9,25.3609,92.309,POINT(92.309 25.3609)
Sikkim,East Sikkim,East Sikkim Sub-Division,Rangia Ward-10,27.302,88.5037,POINT(88.5037 27.302)
Sikkim,North Sikkim,North Sikkim Sub-Division,Moirang Ward-11,27.3903,88.4252,POINT(88.4252 27.3903)
Sikkim,South Sikkim,South Sikkim Sub-Division,Nambol Ward-12,27.0323,88.3537,POINT(88.3537 27.0323)
Nagaland,Kohima,Kohima Sub-Division,Bishalgarh Ward-13,25.6478,94.2,POINT(94.2 25.6478)
Nagaland,Dimapur,Dimapur Sub-Division,Moirang Ward-14,25.8893,93.6572,POINT(93.6572 25.8893)
Nagaland,Mokokchung,Mokokchung Sub-Division,Hnahthial Ward-15,26.4278,94.5238,POINT(94.5238 26.4278)
Manipur,Imphal West,Imphal West Sub-Division,Singtam Ward-16,24.7353,93.8224,POINT(93.8224 24.7353)
Manipur,Bishnupur,Bishnupur Sub-Division,Mairang Ward-17,24.5414,93.7133,POINT(93.7133 24.5414)
Manipur,Senapati,Senapati Sub-Division,Tseminyu Ward-18,25.3636,93.9172,POINT(93.9172 25.3636)
Mizoram,Aizawl,Aizawl Sub-Division,Kalaigaon Ward-19,23.8028,92.7895,POINT(92.7895 23.8028)
Mizoram,Kolasib,Kolasib Sub-Division,Dirang Ward-20,24.1546,92.634,POINT(92.634 24.1546)
Mizoram,Lunglei,Lunglei Sub-Division,Nambol Ward-21,22.9573,92.5936,POINT(92.5936 22.9573)
Tripura,West Tripura,West Tripura Sub-Division,Tseminyu Ward-22,23.7263,91.2561,POINT(91.2561 23.7263)
Tripura,Sipahijala,Sipahijala Sub-Division,Kalaigaon Ward-23,23.5551,91.3381,POINT(91.3381 23.5551)
Tripura,Dhalai,Dhalai Sub-Division,Mangan Ward-24,23.8384,91.9376,POINT(91.9376 23.8384)
Arunachal Pradesh,Tawang,Tawang Sub-Division,Mangan Ward-25,27.7187,91.8347,POINT(91.8347 27.7187)
Arunachal Pradesh,West Kameng,West Kameng Sub-Division,Hnahthial Ward-1,27.2269,92.4392,POINT(92.4392 27.2269)
Arunachal Pradesh,Papum Pare,Papum Pare Sub-Division,Nongpoh Ward-2,27.1003,93.6643,POINT(93.6643 27.1003)
Arunachal Pradesh,East Siang,East Siang Sub-Division,Ambassa Ward-3,28.1217,95.297,POINT(95.297 28.1217)
Arunachal Pradesh,Lower Subansiri,Lower Subansiri Sub-Division,Rupa Ward-4,27.5761,93.8503,POINT(93.8503 27.5761)
Assam,Kamrup Metropolitan,Kamrup Metropolitan Sub-Division,Mangan Ward-5,26.2803,91.6853,POINT(91.6853 26.2803)
Assam,Kamrup Rural,Kamrup Rural Sub-Division,Cherrapunji Ward-6,26.2072,91.5293,POINT(91.5293 26.2072)
Assam,Darrang,Darrang Sub-Division,Tenga Ward-7,26.4623,91.9375,POINT(91.9375 26.4623)
Assam,Sonitpur,Sonitpur Sub-Division,Chumukedima Ward-8,26.6755,92.734,POINT(92.734 26.6755)
Assam,Dibrugarh,Dibrugarh Sub-Division,Teliamura Ward-9,27.3324,94.9687,POINT(94.9687 27.3324)
Assam,Cachar,Cachar Sub-Division,Singtam Ward-10,24.9567,92.7447,POINT(92.7447 24.9567)
Assam,Nagaon,Nagaon Sub-Division,Cherrapunji Ward-11,26.2162,92.5512,POINT(92.5512 26.2162)
Meghalaya,East Khasi Hills,East Khasi Hills Sub-Division,Singtam Ward-12,25.7017,91.8606,POINT(91.8606 25.7017)
Meghalaya,West Khasi Hills,West Khasi Hills Sub-Division,Chumukedima Ward-13,25.5829,91.2267,POINT(91.2267 25.5829)
Meghalaya,Ri-Bhoi,Ri-Bhoi Sub-Division,Kalaigaon Ward-14,25.8117,91.8597,POINT(91.8597 25.8117)
Meghalaya,West Jaintia Hills,West Jaintia Hills Sub-Division,Moirang Ward-15,25.4725,92.1431,POINT(92.1431 25.4725)
Sikkim,East Sikkim,East Sikkim Sub-Division,Cherrapunji Ward-16,27.2715,88.4587,POINT(88.4587 27.2715)
Sikkim,North Sikkim,North Sikkim Sub-Division,Gyalshing Ward-17,27.5315,88.4741,POINT(88.4741 27.5315)
Sikkim,South Sikkim,South Sikkim Sub-Division,Cherrapunji Ward-18,27.1581,88.3728,POINT(88.3728 27.1581)
Nagaland,Kohima,Kohima Sub-Division,Rupa Ward-19,25.8008,94.0626,POINT(94.0626 25.8008)
Nagaland,Dimapur,Dimapur Sub-Division,Gyalshing Ward-20,25.9407,93.8205,POINT(93.8205 25.9407)
Nagaland,Mokokchung,Mokokchung Sub-Division,Rupa Ward-21,26.3603,94.4996,POINT(94.4996 26.3603)
Manipur,Imphal West,Imphal West Sub-Division,Nongpoh Ward-22,24.8376,93.9049,POINT(93.9049 24.8376)
Manipur,Bishnupur,Bishnupur Sub-Division,Cherrapunji Ward-23,24.5645,93.8029,POINT(93.8029 24.5645)
Manipur,Senapati,Senapati Sub-Division,Rangia Ward-24,25.328,94.1307,POINT(94.1307 25.328)
Mizoram,Aizawl,Aizawl Sub-Division,Rangia Ward-25,23.7429,92.8662,POINT(92.8662 23.7429)
Mizoram,Kolasib,Kolasib Sub-Division,Nongpoh Ward-1,24.3039,92.653,POINT(92.653 24.3039)
Mizoram,Lunglei,Lunglei Sub-Division,Rupa Ward-2,22.8687,92.612,POINT(92.612 22.8687)
Tripura,West Tripura,West Tripura Sub-Division,Chaygaon Ward-3,23.7846,91.2566,POINT(91.2566 23.7846)
Tripura,Sipahijala,Sipahijala Sub-Division,Ambassa Ward-4,23.5194,91.4371,POINT(91.4371 23.5194)
Tripura,Dhalai,Dhalai Sub-Division,Bishalgarh Ward-5,23.8384,91.7248,POINT(91.7248 23.8384)
Arunachal Pradesh,Tawang,Tawang Sub-Division,Nambol Ward-6,27.4782,91.9555,POINT(91.9555 27.4782)
Arunachal Pradesh,West Kameng,West Kameng Sub-Division,Lumla Ward-7,27.2966,92.3191,POINT(92.3191 27.2966)
Arunachal Pradesh,Papum Pare,Papum Pare Sub-Division,Hnahthial Ward-8,26.9737,93.6957,POINT(93.6957 26.9737)
Arunachal Pradesh,East Siang,East Siang Sub-Division,Ambassa Ward-9,27.9694,95.3903,POINT(95.3903 27.9694)
Arunachal Pradesh,Lower Subansiri,Lower Subansiri Sub-Division,Dirang Ward-10,27.609,93.931,POINT(93.931 27.609)
Assam,Kamrup Metropolitan,Kamrup Metropolitan Sub-Division,Nambol Ward-11,26.1925,91.617,POINT(91.617 26.1925)
Assam,Kamrup Rural,Kamrup Rural Sub-Division,Tenga Ward-12,26.0364,91.6437,POINT(91.6437 26.0364)
Assam,Darrang,Darrang Sub-Division,Hnahthial Ward-13,26.5746,91.941,POINT(91.941 26.5746)
Assam,Sonitpur,Sonitpur Sub-Division,Mairang Ward-14,26.5849,92.7002,POINT(92.7002 26.5849)
Assam,Dibrugarh,Dibrugarh Sub-Division,Sipajhar Ward-15,27.3518,95.0126,POINT(95.0126 27.3518)
Assam,Cachar,Cachar Sub-Division,Nambol Ward-16,24.808,92.6612,POINT(92.6612 24.808)
Assam,Nagaon,Nagaon Sub-Division,Tenga Ward-17,26.3826,92.8143,POINT(92.8143 26.3826)
Meghalaya,East Khasi Hills,East Khasi Hills Sub-Division,Nongpoh Ward-18,25.4929,91.8503,POINT(91.8503 25.4929)
Meghalaya,West Khasi Hills,West Khasi Hills Sub-Division,Dirang Ward-19,25.3636,91.1738,POINT(91.1738 25.3636)
Meghalaya,Ri-Bhoi,Ri-Bhoi Sub-Division,Dirang Ward-20,25.945,91.8407,POINT(91.8407 25.945)
Meghalaya,West Jaintia Hills,West Jaintia Hills Sub-Division,Chaygaon Ward-21,25.5303,92.1999,POINT(92.1999 25.5303)
Sikkim,East Sikkim,East Sikkim Sub-Division,Ambassa Ward-22,27.4656,88.6273,POINT(88.6273 27.4656)
Sikkim,North Sikkim,North Sikkim Sub-Division,Nongpoh Ward-23,27.6444,88.6089,POINT(88.6089 27.6444)
Sikkim,South Sikkim,South Sikkim Sub-Division,Chaygaon Ward-24,27.0599,88.2526,POINT(88.2526 27.0599)
Nagaland,Kohima,Kohima Sub-Division,Lumla Ward-25,25.7806,94.1032,POINT(94.1032 25.7806)
Nagaland,Dimapur,Dimapur Sub-Division,Moirang Ward-1,25.8915,93.7308,POINT(93.7308 25.8915)
Nagaland,Mokokchung,Mokokchung Sub-Division,Lumla Ward-2,26.4715,94.4398,POINT(94.4398 26.4715)
Manipur,Imphal West,Imphal West Sub-Division,Gyalshing Ward-3,24.7379,93.9153,POINT(93.9153 24.7379)
Manipur,Bishnupur,Bishnupur Sub-Division,Mangan Ward-4,24.5948,93.7035,POINT(93.7035 24.5948)
Manipur,Senapati,Senapati Sub-Division,Nambol Ward-5,25.1814,94.0776,POINT(94.0776 25.1814)
Mizoram,Aizawl,Aizawl Sub-Division,Kalaigaon Ward-6,23.6605,92.7607,POINT(92.7607 23.6605)
Mizoram,Kolasib,Kolasib Sub-Division,Mairang Ward-7,24.1945,92.7738,POINT(92.7738 24.1945)
Mizoram,Lunglei,Lunglei Sub-Division,Dirang Ward-8,22.8294,92.6627,POINT(92.6627 22.8294)
Tripura,West Tripura,West Tripura Sub-Division,Moirang Ward-9,23.978,91.3772,POINT(91.3772 23.978)
Tripura,Sipahijala,Sipahijala Sub-Division,Sipajhar Ward-10,23.5994,91.2585,POINT(91.2585 23.5994)
Tripura,Dhalai,Dhalai Sub-Division,Teliamura Ward-11,23.8475,91.9861,POINT(91.9861 23.8475)
Arunachal Pradesh,Tawang,Tawang Sub-Division,Chumukedima Ward-12,27.4974,91.7369,POINT(91.7369 27.4974)
Arunachal Pradesh,West Kameng,West Kameng Sub-Division,Hnahthial Ward-13,27.1758,92.4181,POINT(92.4181 27.1758)
Arunachal Pradesh,Papum Pare,Papum Pare Sub-Division,Dirang Ward-14,27.1669,93.5401,POINT(93.5401 27.1669)
Arunachal Pradesh,East Siang,East Siang Sub-Division,Dirang Ward-15,28.0889,95.4663,POINT(95.4663 28.0889)
Arunachal Pradesh,Lower Subansiri,Lower Subansiri Sub-Division,Singtam Ward-16,27.424,93.9718,POINT(93.9718 27.424)
Assam,Kamrup Metropolitan,Kamrup Metropolitan Sub-Division,Mairang Ward-17,26.1213,91.769,POINT(91.769 26.1213)
Assam,Kamrup Rural,Kamrup Rural Sub-Division,Tseminyu Ward-18,26.2731,91.4179,POINT(91.4179 26.2731)
Assam,Darrang,Darrang Sub-Division,Mangan Ward-19,26.5739,91.9711,POINT(91.9711 26.5739)
Assam,Sonitpur,Sonitpur Sub-Division,Teliamura Ward-20,26.561,92.7817,POINT(92.7817 26.561)
Assam,Dibrugarh,Dibrugarh Sub-Division,Tseminyu Ward-21,27.4671,94.862,POINT(94.862 27.4671)
Assam,Cachar,Cachar Sub-Division,Bishalgarh Ward-22,24.7402,92.6328,POINT(92.6328 24.7402)
Assam,Nagaon,Nagaon Sub-Division,Hnahthial Ward-23,26.3166,92.6587,POINT(92.6587 26.3166)
Meghalaya,East Khasi Hills,East Khasi Hills Sub-Division,Nambol Ward-24,25.5757,91.9356,POINT(91.9356 25.5757)
Meghalaya,West Khasi Hills,West Khasi Hills Sub-Division,Rangia Ward-25,25.6577,91.1473,POINT(91.1473 25.6577)
Meghalaya,Ri-Bhoi,Ri-Bhoi Sub-Division,Sipajhar Ward-1,25.8809,91.8066,POINT(91.8066 25.8809)
Meghalaya,West Jaintia Hills,West Jaintia Hills Sub-Division,Ambassa Ward-2,25.5127,92.2405,POINT(92.2405 25.5127)
Sikkim,East Sikkim,East Sikkim Sub-Division,Kalaigaon Ward-3,27.4669,88.6772,POINT(88.6772 27.4669)
Sikkim,North Sikkim,North Sikkim Sub-Division,Chumukedima Ward-4,27.4584,88.612,POINT(88.612 27.4584)
Sikkim,South Sikkim,South Sikkim Sub-Division,Serchhip Ward-5,27.0984,88.3366,POINT(88.3366 27.0984)
Nagaland,Kohima,Kohima Sub-Division,Jang Ward-6,25.6986,94.1574,POINT(94.1574 25.6986)
Nagaland,Dimapur,Dimapur Sub-Division,Tenga Ward-7,25.9501,93.8526,POINT(93.8526 25.9501)
Nagaland,Mokokchung,Mokokchung Sub-Division,Singtam Ward-8,26.1991,94.643,POINT(94.643 26.1991)
Manipur,Imphal West,Imphal West Sub-Division,Sipajhar Ward-9,24.7429,93.8775,POINT(93.8775 24.7429)
Manipur,Bishnupur,Bishnupur Sub-Division,Moirang Ward-10,24.5748,93.738,POINT(93.738 24.5748)
Manipur,Senapati,Senapati Sub-Division,Tenga Ward-11,25.1428,94.0318,POINT(94.0318 25.1428)
Mizoram,Aizawl,Aizawl Sub-Division,Chumukedima Ward-12,23.8017,92.8466,POINT(92.8466 23.8017)
Mizoram,Kolasib,Kolasib Sub-Division,Singtam Ward-13,24.1205,92.6775,POINT(92.6775 24.1205)
Mizoram,Lunglei,Lunglei Sub-Division,Nambol Ward-14,22.8875,92.7864,POINT(92.7864 22.8875)
Tripura,West Tripura,West Tripura Sub-Division,Mangan Ward-15,23.7374,91.1771,POINT(91.1771 23.7374)
Tripura,Sipahijala,Sipahijala Sub-Division,Serchhip Ward-16,23.6202,91.4063,POINT(91.4063 23.6202)
Tripura,Dhalai,Dhalai Sub-Division,Chumukedima Ward-17,23.9428,91.7576,POINT(91.7576 23.9428)
Arunachal Pradesh,Tawang,Tawang Sub-Division,Jang Ward-18,27.71,91.7422,POINT(91.7422 27.71)
Arunachal Pradesh,West Kameng,West Kameng Sub-Division,Serchhip Ward-19,27.2278,92.3489,POINT(92.3489 27.2278)
Arunachal Pradesh,Papum Pare,Papum Pare Sub-Division,Dirang Ward-20,27.096,93.6948,POINT(93.6948 27.096)
Arunachal Pradesh,East Siang,East Siang Sub-Division,Dirang Ward-21,27.9182,95.3507,POINT(95.3507 27.9182)
Arunachal Pradesh,Lower Subansiri,Lower Subansiri Sub-Division,Singtam Ward-22,27.4022,93.8609,POINT(93.8609 27.4022)
Assam,Kamrup Metropolitan,Kamrup Metropolitan Sub-Division,Chaygaon Ward-23,26.2216,91.7675,POINT(91.7675 26.2216)
Assam,Kamrup Rural,Kamrup Rural Sub-Division,Kalaigaon Ward-24,26.3348,91.6571,POINT(91.6571 26.3348)
Assam,Darrang,Darrang Sub-Division,Bishalgarh Ward-25,26.4852,92.1736,POINT(92.1736 26.4852)
Assam,Sonitpur,Sonitpur Sub-Division,Hnahthial Ward-1,26.6209,92.8521,POINT(92.8521 26.6209)
Assam,Dibrugarh,Dibrugarh Sub-Division,Moirang Ward-2,27.3305,94.7989,POINT(94.7989 27.3305)
Assam,Cachar,Cachar Sub-Division,Bishalgarh Ward-3,24.9278,92.7394,POINT(92.7394 24.9278)
Assam,Nagaon,Nagaon Sub-Division,Nongpoh Ward-4,26.3497,92.7321,POINT(92.7321 26.3497)
Meghalaya,East Khasi Hills,East Khasi Hills Sub-Division,Jang Ward-5,25.6726,91.7483,POINT(91.7483 25.6726)
Meghalaya,West Khasi Hills,West Khasi Hills Sub-Division,Tseminyu Ward-6,25.5807,91.3134,POINT(91.3134 25.5807)
Meghalaya,Ri-Bhoi,Ri-Bhoi Sub-Division,Jang Ward-7,25.9338,91.7544,POINT(91.7544 25.9338)
Meghalaya,West Jaintia Hills,West Jaintia Hills Sub-Division,Kalaigaon Ward-8,25.4428,92.2475,POINT(92.2475 25.4428)
Sikkim,East Sikkim,East Sikkim Sub-Division,Nambol Ward-9,27.2771,88.515,POINT(88.515 27.2771)
Sikkim,North Sikkim,North Sikkim Sub-Division,Mangan Ward-10,27.5855,88.615,POINT(88.615 27.5855)
Sikkim,South Sikkim,South Sikkim Sub-Division,Kalaigaon Ward-11,27.1104,88.4019,POINT(88.4019 27.1104)
Nagaland,Kohima,Kohima Sub-Division,Nambol Ward-12,25.794,94.2451,POINT(94.2451 25.794)
Nagaland,Dimapur,Dimapur Sub-Division,Lumla Ward-13,25.8203,93.8035,POINT(93.8035 25.8203)
Nagaland,Mokokchung,Mokokchung Sub-Division,Singtam Ward-14,26.473,94.3788,POINT(94.3788 26.473)
Manipur,Imphal West,Imphal West Sub-Division,Teliamura Ward-15,24.8969,93.8529,POINT(93.8529 24.8969)
Manipur,Bishnupur,Bishnupur Sub-Division,Kalaigaon Ward-16,24.6836,93.8141,POINT(93.8141 24.6836)
Manipur,Senapati,Senapati Sub-Division,Moirang Ward-17,25.1371,94.0675,POINT(94.0675 25.1371)
Mizoram,Aizawl,Aizawl Sub-Division,Tseminyu Ward-18,23.8543,92.587,POINT(92.587 23.8543)
Mizoram,Kolasib,Kolasib Sub-Division,Ambassa Ward-19,24.2908,92.6445,POINT(92.6445 24.2908)
Mizoram,Lunglei,Lunglei Sub-Division,Tseminyu Ward-20,22.8611,92.66,POINT(92.66 22.8611)
Tripura,West Tripura,West Tripura Sub-Division,Hnahthial Ward-21,23.7082,91.359,POINT(91.359 23.7082)
Tripura,Sipahijala,Sipahijala Sub-Division,Tseminyu Ward-22,23.6569,91.2002,POINT(91.2002 23.6569)
Tripura,Dhalai,Dhalai Sub-Division,Gyalshing Ward-23,23.7005,91.7186,POINT(91.7186 23.7005)
Arunachal Pradesh,Tawang,Tawang Sub-Division,Tenga Ward-24,27.5632,91.9408,POINT(91.9408 27.5632)
Arunachal Pradesh,West Kameng,West Kameng Sub-Division,Mairang Ward-25,27.2704,92.4464,POINT(92.4464 27.2704)
Arunachal Pradesh,Papum Pare,Papum Pare Sub-Division,Jang Ward-1,27.2061,93.5614,POINT(93.5614 27.2061)
Arunachal Pradesh,East Siang,East Siang Sub-Division,Chumukedima Ward-2,28.0659,95.3127,POINT(95.3127 28.0659)
Arunachal Pradesh,Lower Subansiri,Lower Subansiri Sub-Division,Singtam Ward-3,27.6547,93.9283,POINT(93.9283 27.6547)
Assam,Kamrup Metropolitan,Kamrup Metropolitan Sub-Division,Tseminyu Ward-4,26.2916,91.6232,POINT(91.6232 26.2916)
Assam,Kamrup Rural,Kamrup Rural Sub-Division,Sipajhar Ward-5,26.2836,91.5605,POINT(91.5605 26.2836)
Assam,Darrang,Darrang Sub-Division,Gyalshing Ward-6,26.5451,91.9268,POINT(91.9268 26.5451)
Assam,Sonitpur,Sonitpur Sub-Division,Hnahthial Ward-7,26.7269,92.8527,POINT(92.8527 26.7269)
Assam,Dibrugarh,Dibrugarh Sub-Division,Kalaigaon Ward-8,27.5798,94.9802,POINT(94.9802 27.5798)
Assam,Cachar,Cachar Sub-Division,Mairang Ward-9,24.9379,92.9262,POINT(92.9262 24.9379)
Assam,Nagaon,Nagaon Sub-Division,Chaygaon Ward-10,26.3372,92.6385,POINT(92.6385 26.3372)
Meghalaya,East Khasi Hills,East Khasi Hills Sub-Division,Tseminyu Ward-11,25.5137,91.9522,POINT(91.9522 25.5137)
Meghalaya,West Khasi Hills,West Khasi Hills Sub-Division,Hnahthial Ward-12,25.3892,91.207,POINT(91.207 25.3892)
Meghalaya,Ri-Bhoi,Ri-Bhoi Sub-Division,Singtam Ward-13,26.0049,91.9429,POINT(91.9429 26.0049)
Meghalaya,West Jaintia Hills,West Jaintia Hills Sub-Division,Singtam Ward-14,25.4326,92.1947,POINT(92.1947 25.4326)
Sikkim,East Sikkim,East Sikkim Sub-Division,Nambol Ward-15,27.4134,88.6771,POINT(88.6771 27.4134)
Sikkim,North Sikkim,North Sikkim Sub-Division,Lumla Ward-16,27.3806,88.6356,POINT(88.6356 27.3806)
Sikkim,South Sikkim,South Sikkim Sub-Division,Nongpoh Ward-17,27.1481,88.4525,POINT(88.4525 27.1481)
Nagaland,Kohima,Kohima Sub-Division,Jang Ward-18,25.6673,94.2421,POINT(94.2421 25.6673)
Nagaland,Dimapur,Dimapur Sub-Division,Mairang Ward-19,25.9348,93.8684,POINT(93.8684 25.9348)
Nagaland,Mokokchung,Mokokchung Sub-Division,Mairang Ward-20,26.2106,94.489,POINT(94.489 26.2106)
Manipur,Imphal West,Imphal West Sub-Division,Nongpoh Ward-21,24.8628,93.8994,POINT(93.8994 24.8628)
Manipur,Bishnupur,Bishnupur Sub-Division,Jang Ward-22,24.5093,93.7536,POINT(93.7536 24.5093)
Manipur,Senapati,Senapati Sub-Division,Mairang Ward-23,25.306,93.9702,POINT(93.9702 25.306)
Mizoram,Aizawl,Aizawl Sub-Division,Hnahthial Ward-24,23.7695,92.8401,POINT(92.8401 23.7695)
Mizoram,Kolasib,Kolasib Sub-Division,Mairang Ward-25,24.2418,92.6121,POINT(92.6121 24.2418)
Mizoram,Lunglei,Lunglei Sub-Division,Cherrapunji Ward-1,22.8452,92.89,POINT(92.89 22.8452)
Tripura,West Tripura,West Tripura Sub-Division,Bishalgarh Ward-2,23.7113,91.1558,POINT(91.1558 23.7113)
Tripura,Sipahijala,Sipahijala Sub-Division,Serchhip Ward-3,23.6066,91.3722,POINT(91.3722 23.6066)
Tripura,Dhalai,Dhalai Sub-Division,Nambol Ward-4,23.9437,91.8466,POINT(91.8466 23.9437)
Arunachal Pradesh,Tawang,Tawang Sub-Division,Jang Ward-5,27.6817,91.9049,POINT(91.9049 27.6817)
Arunachal Pradesh,West Kameng,West Kameng Sub-Division,Teliamura Ward-6,27.3838,92.3201,POINT(92.3201 27.3838)
Arunachal Pradesh,Papum Pare,Papum Pare Sub-Division,Tseminyu Ward-7,27.0846,93.5609,POINT(93.5609 27.0846)
Arunachal Pradesh,East Siang,East Siang Sub-Division,Mairang Ward-8,27.9644,95.3447,POINT(95.3447 27.9644)
Arunachal Pradesh,Lower Subansiri,Lower Subansiri Sub-Division,Bishalgarh Ward-9,27.4374,93.7696,POINT(93.7696 27.4374)
Assam,Kamrup Metropolitan,Kamrup Metropolitan Sub-Division,Kalaigaon Ward-10,26.1919,91.6607,POINT(91.6607 26.1919)
Assam,Kamrup Rural,Kamrup Rural Sub-Division,Sipajhar Ward-11,26.2698,91.6097,POINT(91.6097 26.2698)
Assam,Darrang,Darrang Sub-Division,Bishalgarh Ward-12,26.3959,92.1542,POINT(92.1542 26.3959)
Assam,Sonitpur,Sonitpur Sub-Division,Moirang Ward-13,26.6902,92.8414,POINT(92.8414 26.6902)
Assam,Dibrugarh,Dibrugarh Sub-Division,Chumukedima Ward-14,27.4127,95.0118,POINT(95.0118 27.4127)
Assam,Cachar,Cachar Sub-Division,Singtam Ward-15,24.791,92.6674,POINT(92.6674 24.791)
Assam,Nagaon,Nagaon Sub-Division,Mairang Ward-16,26.2734,92.7289,POINT(92.7289 26.2734)
Meghalaya,East Khasi Hills,East Khasi Hills Sub-Division,Hnahthial Ward-17,25.5051,91.8709,POINT(91.8709 25.5051)
Meghalaya,West Khasi Hills,West Khasi Hills Sub-Division,Chumukedima Ward-18,25.5489,91.1908,POINT(91.1908 25.5489)
Meghalaya,Ri-Bhoi,Ri-Bhoi Sub-Division,Cherrapunji Ward-19,25.8616,91.9272,POINT(91.9272 25.8616)
Meghalaya,West Jaintia Hills,West Jaintia Hills Sub-Division,Moirang Ward-20,25.5465,92.1449,POINT(92.1449 25.5465)
Sikkim,East Sikkim,East Sikkim Sub-Division,Jang Ward-21,27.37,88.4798,POINT(88.4798 27.37)
Sikkim,North Sikkim,North Sikkim Sub-Division,Chaygaon Ward-22,27.472,88.4988,POINT(88.4988 27.472)
Sikkim,South Sikkim,South Sikkim Sub-Division,Tenga Ward-23,27.102,88.4607,POINT(88.4607 27.102)
Nagaland,Kohima,Kohima Sub-Division,Moirang Ward-24,25.8189,94.0253,POINT(94.0253 25.8189)
Nagaland,Dimapur,Dimapur Sub-Division,Kalaigaon Ward-25,25.9147,93.8402,POINT(93.8402 25.9147)
Nagaland,Mokokchung,Mokokchung Sub-Division,Chaygaon Ward-1,26.3337,94.5801,POINT(94.5801 26.3337)
Manipur,Imphal West,Imphal West Sub-Division,Lumla Ward-2,24.6967,93.8012,POINT(93.8012 24.6967)
Manipur,Bishnupur,Bishnupur Sub-Division,Cherrapunji Ward-3,24.586,93.8369,POINT(93.8369 24.586)
Manipur,Senapati,Senapati Sub-Division,Tseminyu Ward-4,25.3649,94.0031,POINT(94.0031 25.3649)
Mizoram,Aizawl,Aizawl Sub-Division,Teliamura Ward-5,23.7911,92.7649,POINT(92.7649 23.7911)
Mizoram,Kolasib,Kolasib Sub-Division,Mairang Ward-6,24.0859,92.7476,POINT(92.7476 24.0859)
Mizoram,Lunglei,Lunglei Sub-Division,Moirang Ward-7,22.9126,92.802,POINT(92.802 22.9126)
Tripura,West Tripura,West Tripura Sub-Division,Sipajhar Ward-8,23.8221,91.2228,POINT(91.2228 23.8221)
Tripura,Sipahijala,Sipahijala Sub-Division,Nambol Ward-9,23.7621,91.2306,POINT(91.2306 23.7621)
Tripura,Dhalai,Dhalai Sub-Division,Sipajhar Ward-10,23.822,91.7938,POINT(91.7938 23.822)
Arunachal Pradesh,Tawang,Tawang Sub-Division,Singtam Ward-11,27.5081,91.7375,POINT(91.7375 27.5081)
Arunachal Pradesh,West Kameng,West Kameng Sub-Division,Singtam Ward-12,27.2807,92.4138,POINT(92.4138 27.2807)
Arunachal Pradesh,Papum Pare,Papum Pare Sub-Division,Dirang Ward-13,27.1535,93.7463,POINT(93.7463 27.1535)
Arunachal Pradesh,East Siang,East Siang Sub-Division,Mairang Ward-14,28.2154,95.4424,POINT(95.4424 28.2154)
Arunachal Pradesh,Lower Subansiri,Lower Subansiri Sub-Division,Cherrapunji Ward-15,27.4571,93.9294,POINT(93.9294 27.4571)
Assam,Kamrup Metropolitan,Kamrup Metropolitan Sub-Division,Bishalgarh Ward-16,26.2194,91.6595,POINT(91.6595 26.2194)
Assam,Kamrup Rural,Kamrup Rural Sub-Division,Hnahthial Ward-17,26.3348,91.6955,POINT(91.6955 26.3348)
Assam,Darrang,Darrang Sub-Division,Sipajhar Ward-18,26.5914,92.0834,POINT(92.0834 26.5914)
Assam,Sonitpur,Sonitpur Sub-Division,Gyalshing Ward-19,26.5362,92.7527,POINT(92.7527 26.5362)
Assam,Dibrugarh,Dibrugarh Sub-Division,Ambassa Ward-20,27.4496,94.8757,POINT(94.8757 27.4496)
Assam,Cachar,Cachar Sub-Division,Tseminyu Ward-21,24.887,92.8784,POINT(92.8784 24.887)
Assam,Nagaon,Nagaon Sub-Division,Rangia Ward-22,26.285,92.6221,POINT(92.6221 26.285)
Meghalaya,East Khasi Hills,East Khasi Hills Sub-Division,Nambol Ward-23,25.5469,92.0202,POINT(92.0202 25.5469)
Meghalaya,West Khasi Hills,West Khasi Hills Sub-Division,Lumla Ward-24,25.6077,91.1206,POINT(91.1206 25.6077)
Meghalaya,Ri-Bhoi,Ri-Bhoi Sub-Division,Mairang Ward-25,25.7672,91.7318,POINT(91.7318 25.7672)
Meghalaya,West Jaintia Hills,West Jaintia Hills Sub-Division,Nambol Ward-1,25.3015,92.3171,POINT(92.3171 25.3015)
Sikkim,East Sikkim,East Sikkim Sub-Division,Cherrapunji Ward-2,27.3181,88.5158,POINT(88.5158 27.3181)
Sikkim,North Sikkim,North Sikkim Sub-Division,Tenga Ward-3,27.3872,88.5462,POINT(88.5462 27.3872)
Sikkim,South Sikkim,South Sikkim Sub-Division,Gyalshing Ward-4,27.1612,88.3123,POINT(88.3123 27.1612)
Nagaland,Kohima,Kohima Sub-Division,Ambassa Ward-5,25.7686,93.9912,POINT(93.9912 25.7686)
Nagaland,Dimapur,Dimapur Sub-Division,Lumla Ward-6,25.7988,93.8016,POINT(93.8016 25.7988)
Nagaland,Mokokchung,Mokokchung Sub-Division,Mangan Ward-7,26.2345,94.4269,POINT(94.4269 26.2345)
Manipur,Imphal West,Imphal West Sub-Division,Jang Ward-8,24.7664,93.7963,POINT(93.7963 24.7664)
Manipur,Bishnupur,Bishnupur Sub-Division,Gyalshing Ward-9,24.682,93.6942,POINT(93.6942 24.682)
Manipur,Senapati,Senapati Sub-Division,Tseminyu Ward-10,25.3145,93.8982,POINT(93.8982 25.3145)
Mizoram,Aizawl,Aizawl Sub-Division,Cherrapunji Ward-11,23.7277,92.8447,POINT(92.8447 23.7277)
Mizoram,Kolasib,Kolasib Sub-Division,Nongpoh Ward-12,24.3573,92.7678,POINT(92.7678 24.3573)
Mizoram,Lunglei,Lunglei Sub-Division,Chumukedima Ward-13,22.9602,92.661,POINT(92.661 22.9602)
Tripura,West Tripura,West Tripura Sub-Division,Chaygaon Ward-14,23.8606,91.1392,POINT(91.1392 23.8606)
Tripura,Sipahijala,Sipahijala Sub-Division,Jang Ward-15,23.7133,91.2363,POINT(91.2363 23.7133)
Tripura,Dhalai,Dhalai Sub-Division,Nambol Ward-16,23.7843,91.7345,POINT(91.7345 23.7843)
Arunachal Pradesh,Tawang,Tawang Sub-Division,Dirang Ward-17,27.6823,91.7689,POINT(91.7689 27.6823)
Arunachal Pradesh,West Kameng,West Kameng Sub-Division,Cherrapunji Ward-18,27.3336,92.4492,POINT(92.4492 27.3336)
Arunachal Pradesh,Papum Pare,Papum Pare Sub-Division,Chumukedima Ward-19,27.1407,93.5354,POINT(93.5354 27.1407)
Arunachal Pradesh,East Siang,East Siang Sub-Division,Tseminyu Ward-20,27.9737,95.2199,POINT(95.2199 27.9737)
Arunachal Pradesh,Lower Subansiri,Lower Subansiri Sub-Division,Nambol Ward-21,27.4153,93.8022,POINT(93.8022 27.4153)
Assam,Kamrup Metropolitan,Kamrup Metropolitan Sub-Division,Cherrapunji Ward-22,26.061,91.714,POINT(91.714 26.061)
Assam,Kamrup Rural,Kamrup Rural Sub-Division,Hnahthial Ward-23,26.1263,91.4928,POINT(91.4928 26.1263)
Assam,Darrang,Darrang Sub-Division,Tseminyu Ward-24,26.3761,92.1495,POINT(92.1495 26.3761)
Assam,Sonitpur,Sonitpur Sub-Division,Hnahthial Ward-25,26.7072,92.7062,POINT(92.7062 26.7072)
Assam,Dibrugarh,Dibrugarh Sub-Division,Ambassa Ward-1,27.4521,94.8377,POINT(94.8377 27.4521)
Assam,Cachar,Cachar Sub-Division,Chaygaon Ward-2,24.7124,92.633,POINT(92.633 24.7124)
Assam,Nagaon,Nagaon Sub-Division,Jang Ward-3,26.3034,92.777,POINT(92.777 26.3034)
Meghalaya,East Khasi Hills,East Khasi Hills Sub-Division,Serchhip Ward-4,25.5403,91.9384,POINT(91.9384 25.5403)
Meghalaya,West Khasi Hills,West Khasi Hills Sub-Division,Mairang Ward-5,25.3919,91.2989,POINT(91.2989 25.3919)
Meghalaya,Ri-Bhoi,Ri-Bhoi Sub-Division,Rangia Ward-6,26.0237,91.9263,POINT(91.9263 26.0237)
Meghalaya,West Jaintia Hills,West Jaintia Hills Sub-Division,Nongpoh Ward-7,25.3296,92.3325,POINT(92.3325 25.3296)
Sikkim,East Sikkim,East Sikkim Sub-Division,Serchhip Ward-8,27.4858,88.5171,POINT(88.5171 27.4858)
Sikkim,North Sikkim,North Sikkim Sub-Division,Mangan Ward-9,27.4755,88.6135,POINT(88.6135 27.4755)
Sikkim,South Sikkim,South Sikkim Sub-Division,Gyalshing Ward-10,27.292,88.4925,POINT(88.4925 27.292)
Nagaland,Kohima,Kohima Sub-Division,Rangia Ward-11,25.5603,94.0894,POINT(94.0894 25.5603)
Nagaland,Dimapur,Dimapur Sub-Division,Singtam Ward-12,25.908,93.5841,POINT(93.5841 25.908)
Nagaland,Mokokchung,Mokokchung Sub-Division,Nambol Ward-13,26.2619,94.6567,POINT(94.6567 26.2619)
Manipur,Imphal West,Imphal West Sub-Division,Singtam Ward-14,24.8892,93.906,POINT(93.906 24.8892)
Manipur,Bishnupur,Bishnupur Sub-Division,Rupa Ward-15,24.5049,93.7458,POINT(93.7458 24.5049)
Manipur,Senapati,Senapati Sub-Division,Serchhip Ward-16,25.2303,93.9414,POINT(93.9414 25.2303)
Mizoram,Aizawl,Aizawl Sub-Division,Hnahthial Ward-17,23.7547,92.5703,POINT(92.5703 23.7547)
Mizoram,Kolasib,Kolasib Sub-Division,Lumla Ward-18,24.2823,92.6875,POINT(92.6875 24.2823)
Mizoram,Lunglei,Lunglei Sub-Division,Rangia Ward-19,22.8106,92.6257,POINT(92.6257 22.8106)
Tripura,West Tripura,West Tripura Sub-Division,Sipajhar Ward-20,23.6932,91.1812,POINT(91.1812 23.6932)
Tripura,Sipahijala,Sipahijala Sub-Division,Moirang Ward-21,23.747,91.1775,POINT(91.1775 23.747)
Tripura,Dhalai,Dhalai Sub-Division,Tenga Ward-22,23.7349,91.8946,POINT(91.8946 23.7349)
Arunachal Pradesh,Tawang,Tawang Sub-Division,Mairang Ward-23,27.4611,91.921,POINT(91.921 27.4611)
Arunachal Pradesh,West Kameng,West Kameng Sub-Division,Dirang Ward-24,27.384,92.3544,POINT(92.3544 27.384)
Arunachal Pradesh,Papum Pare,Papum Pare Sub-Division,Tseminyu Ward-25,27.057,93.6857,POINT(93.6857 27.057)
Arunachal Pradesh,East Siang,East Siang Sub-Division,Bishalgarh Ward-1,28.0772,95.4696,POINT(95.4696 28.0772)
Arunachal Pradesh,Lower Subansiri,Lower Subansiri Sub-Division,Teliamura Ward-2,27.6168,93.8864,POINT(93.8864 27.6168)
Assam,Kamrup Metropolitan,Kamrup Metropolitan Sub-Division,Kalaigaon Ward-3,26.1758,91.648,POINT(91.648 26.1758)
Assam,Kamrup Rural,Kamrup Rural Sub-Division,Kalaigaon Ward-4,26.2095,91.6543,POINT(91.6543 26.2095)
Assam,Darrang,Darrang Sub-Division,Mairang Ward-5,26.5209,92.0112,POINT(92.0112 26.5209)
Assam,Sonitpur,Sonitpur Sub-Division,Tenga Ward-6,26.5383,92.6981,POINT(92.6981 26.5383)
Assam,Dibrugarh,Dibrugarh Sub-Division,Nongpoh Ward-7,27.6058,94.8161,POINT(94.8161 27.6058)
Assam,Cachar,Cachar Sub-Division,Rangia Ward-8,24.7366,92.7472,POINT(92.7472 24.7366)
Assam,Nagaon,Nagaon Sub-Division,Cherrapunji Ward-9,26.3231,92.6705,POINT(92.6705 26.3231)
Meghalaya,East Khasi Hills,East Khasi Hills Sub-Division,Tseminyu Ward-10,25.5868,91.9613,POINT(91.9613 25.5868)
Meghalaya,West Khasi Hills,West Khasi Hills Sub-Division,Bishalgarh Ward-11,25.4752,91.143,POINT(91.143 25.4752)
Meghalaya,Ri-Bhoi,Ri-Bhoi Sub-Division,Cherrapunji Ward-12,25.7631,91.8045,POINT(91.8045 25.7631)
Meghalaya,West Jaintia Hills,West Jaintia Hills Sub-Division,Teliamura Ward-13,25.4799,92.2877,POINT(92.2877 25.4799)
Sikkim,East Sikkim,East Sikkim Sub-Division,Sipajhar Ward-14,27.4097,88.558,POINT(88.558 27.4097)
Sikkim,North Sikkim,North Sikkim Sub-Division,Hnahthial Ward-15,27.5779,88.6677,POINT(88.6677 27.5779)
Sikkim,South Sikkim,South Sikkim Sub-Division,Bishalgarh Ward-16,27.0664,88.2168,POINT(88.2168 27.0664)
Nagaland,Kohima,Kohima Sub-Division,Moirang Ward-17,25.5315,93.972,POINT(93.972 25.5315)
Nagaland,Dimapur,Dimapur Sub-Division,Ambassa Ward-18,26.0077,93.6201,POINT(93.6201 26.0077)
Nagaland,Mokokchung,Mokokchung Sub-Division,Singtam Ward-19,26.2906,94.476,POINT(94.476 26.2906)
Manipur,Imphal West,Imphal West Sub-Division,Tseminyu Ward-20,24.7824,94.0521,POINT(94.0521 24.7824)
Manipur,Bishnupur,Bishnupur Sub-Division,Sipajhar Ward-21,24.7796,93.6819,POINT(93.6819 24.7796)
Manipur,Senapati,Senapati Sub-Division,Mairang Ward-22,25.1455,94.137,POINT(94.137 25.1455)
Mizoram,Aizawl,Aizawl Sub-Division,Lumla Ward-23,23.6224,92.6962,POINT(92.6962 23.6224)
Mizoram,Kolasib,Kolasib Sub-Division,Rupa Ward-24,24.1151,92.7302,POINT(92.7302 24.1151)
Mizoram,Lunglei,Lunglei Sub-Division,Serchhip Ward-25,22.9926,92.6713,POINT(92.6713 22.9926)
Tripura,West Tripura,West Tripura Sub-Division,Dirang Ward-1,23.9247,91.3502,POINT(91.3502 23.9247)
Tripura,Sipahijala,Sipahijala Sub-Division,Ambassa Ward-2,23.7784,91.3953,POINT(91.3953 23.7784)
Tripura,Dhalai,Dhalai Sub-Division,Sipajhar Ward-3,23.9164,91.9357,POINT(91.9357 23.9164)
Arunachal Pradesh,Tawang,Tawang Sub-Division,Hnahthial Ward-4,27.5643,91.9274,POINT(91.9274 27.5643)
Arunachal Pradesh,West Kameng,West Kameng Sub-Division,Cherrapunji Ward-5,27.1691,92.3814,POINT(92.3814 27.1691)
Arunachal Pradesh,Papum Pare,Papum Pare Sub-Division,Nambol Ward-6,27.2423,93.6471,POINT(93.6471 27.2423)
Arunachal Pradesh,East Siang,East Siang Sub-Division,Sipajhar Ward-7,28.1122,95.2498,POINT(95.2498 28.1122)
Arunachal Pradesh,Lower Subansiri,Lower Subansiri Sub-Division,Gyalshing Ward-8,27.5478,93.8409,POINT(93.8409 27.5478)
Assam,Kamrup Metropolitan,Kamrup Metropolitan Sub-Division,Teliamura Ward-9,26.1211,91.7596,POINT(91.7596 26.1211)
Assam,Kamrup Rural,Kamrup Rural Sub-Division,Cherrapunji Ward-10,26.0612,91.5205,POINT(91.5205 26.0612)
Assam,Darrang,Darrang Sub-Division,Singtam Ward-11,26.4695,92.1683,POINT(92.1683 26.4695)
Assam,Sonitpur,Sonitpur Sub-Division,Kalaigaon Ward-12,26.5921,92.8974,POINT(92.8974 26.5921)
Assam,Dibrugarh,Dibrugarh Sub-Division,Tseminyu Ward-13,27.366,95.018,POINT(95.018 27.366)
Assam,Cachar,Cachar Sub-Division,Moirang Ward-14,24.9316,92.6457,POINT(92.6457 24.9316)
Assam,Nagaon,Nagaon Sub-Division,Cherrapunji Ward-15,26.2381,92.7539,POINT(92.7539 26.2381)
Meghalaya,East Khasi Hills,East Khasi Hills Sub-Division,Singtam Ward-16,25.6392,91.9421,POINT(91.9421 25.6392)
Meghalaya,West Khasi Hills,West Khasi Hills Sub-Division,Moirang Ward-17,25.4075,91.1541,POINT(91.1541 25.4075)
Meghalaya,Ri-Bhoi,Ri-Bhoi Sub-Division,Cherrapunji Ward-18,25.9208,91.9741,POINT(91.9741 25.9208)
Meghalaya,West Jaintia Hills,West Jaintia Hills Sub-Division,Kalaigaon Ward-19,25.342,92.2082,POINT(92.2082 25.342)
Sikkim,East Sikkim,East Sikkim Sub-Division,Bishalgarh Ward-20,27.3221,88.65,POINT(88.65 27.3221)
Sikkim,North Sikkim,North Sikkim Sub-Division,Rupa Ward-21,27.6143,88.4096,POINT(88.4096 27.6143)
Sikkim,South Sikkim,South Sikkim Sub-Division,Ambassa Ward-22,27.1389,88.3271,POINT(88.3271 27.1389)
Nagaland,Kohima,Kohima Sub-Division,Serchhip Ward-23,25.6025,94.1302,POINT(94.1302 25.6025)
Nagaland,Dimapur,Dimapur Sub-Division,Teliamura Ward-24,25.8038,93.8694,POINT(93.8694 25.8038)
Nagaland,Mokokchung,Mokokchung Sub-Division,Kalaigaon Ward-25,26.3979,94.4901,POINT(94.4901 26.3979)
Manipur,Imphal West,Imphal West Sub-Division,Cherrapunji Ward-1,24.8908,93.9546,POINT(93.9546 24.8908)
Manipur,Bishnupur,Bishnupur Sub-Division,Cherrapunji Ward-2,24.6256,93.8103,POINT(93.8103 24.6256)
Manipur,Senapati,Senapati Sub-Division,Hnahthial Ward-3,25.351,94.054,POINT(94.054 25.351)
Mizoram,Aizawl,Aizawl Sub-Division,Mangan Ward-4,23.6859,92.8012,POINT(92.8012 23.6859)
Mizoram,Kolasib,Kolasib Sub-Division,Hnahthial Ward-5,24.2325,92.5496,POINT(92.5496 24.2325)
Mizoram,Lunglei,Lunglei Sub-Division,Nongpoh Ward-6,22.7863,92.6505,POINT(92.6505 22.7863)
Tripura,West Tripura,West Tripura Sub-Division,Ambassa Ward-7,23.9745,91.3062,POINT(91.3062 23.9745)
Tripura,Sipahijala,Sipahijala Sub-Division,Rangia Ward-8,23.4994,91.19,POINT(91.19 23.4994)
Tripura,Dhalai,Dhalai Sub-Division,Serchhip Ward-9,23.7847,91.8194,POINT(91.8194 23.7847)
Arunachal Pradesh,Tawang,Tawang Sub-Division,Jang Ward-10,27.5429,91.7483,POINT(91.7483 27.5429)
Arunachal Pradesh,West Kameng,West Kameng Sub-Division,Chumukedima Ward-11,27.3369,92.2962,POINT(92.2962 27.3369)
Arunachal Pradesh,Papum Pare,Papum Pare Sub-Division,Bishalgarh Ward-12,27.1892,93.6097,POINT(93.6097 27.1892)
Arunachal Pradesh,East Siang,East Siang Sub-Division,Gyalshing Ward-13,27.9615,95.3149,POINT(95.3149 27.9615)
Arunachal Pradesh,Lower Subansiri,Lower Subansiri Sub-Division,Moirang Ward-14,27.4695,93.7447,POINT(93.7447 27.4695)
Assam,Kamrup Metropolitan,Kamrup Metropolitan Sub-Division,Rangia Ward-15,26.0428,91.8753,POINT(91.8753 26.0428)
Assam,Kamrup Rural,Kamrup Rural Sub-Division,Sipajhar Ward-16,26.192,91.6426,POINT(91.6426 26.192)
Assam,Darrang,Darrang Sub-Division,Singtam Ward-17,26.4101,92.1378,POINT(92.1378 26.4101)
Assam,Sonitpur,Sonitpur Sub-Division,Moirang Ward-18,26.6887,92.7143,POINT(92.7143 26.6887)
Assam,Dibrugarh,Dibrugarh Sub-Division,Rupa Ward-19,27.4929,95.0603,POINT(95.0603 27.4929)
Assam,Cachar,Cachar Sub-Division,Kalaigaon Ward-20,24.9444,92.793,POINT(92.793 24.9444)
Assam,Nagaon,Nagaon Sub-Division,Rupa Ward-21,26.2234,92.6281,POINT(92.6281 26.2234)
Meghalaya,East Khasi Hills,East Khasi Hills Sub-Division,Chaygaon Ward-22,25.6018,91.8493,POINT(91.8493 25.6018)
Meghalaya,West Khasi Hills,West Khasi Hills Sub-Division,Kalaigaon Ward-23,25.4374,91.252,POINT(91.252 25.4374)
Meghalaya,Ri-Bhoi,Ri-Bhoi Sub-Division,Nongpoh Ward-24,26.0272,92.0119,POINT(92.0119 26.0272)
Meghalaya,West Jaintia Hills,West Jaintia Hills Sub-Division,Jang Ward-25,25.386,92.1727,POINT(92.1727 25.386)
Sikkim,East Sikkim,East Sikkim Sub-Division,Tenga Ward-1,27.2989,88.71,POINT(88.71 27.2989)
Sikkim,North Sikkim,North Sikkim Sub-Division,Chaygaon Ward-2,27.5018,88.4788,POINT(88.4788 27.5018)
Sikkim,South Sikkim,South Sikkim Sub-Division,Rangia Ward-3,27.3132,88.2171,POINT(88.2171 27.3132)
Nagaland,Kohima,Kohima Sub-Division,Nongpoh Ward-4,25.5275,94.2145,POINT(94.2145 25.5275)
Nagaland,Dimapur,Dimapur Sub-Division,Serchhip Ward-5,26.0129,93.6444,POINT(93.6444 26.0129)
Nagaland,Mokokchung,Mokokchung Sub-Division,Kalaigaon Ward-6,26.3148,94.5627,POINT(94.5627 26.3148)
Manipur,Imphal West,Imphal West Sub-Division,Ambassa Ward-7,24.7211,93.8193,POINT(93.8193 24.7211)
Manipur,Bishnupur,Bishnupur Sub-Division,Serchhip Ward-8,24.6029,93.6338,POINT(93.6338 24.6029)
Manipur,Senapati,Senapati Sub-Division,Gyalshing Ward-9,25.3207,94.0029,POINT(94.0029 25.3207)
Mizoram,Aizawl,Aizawl Sub-Division,Mangan Ward-10,23.8617,92.6113,POINT(92.6113 23.8617)
Mizoram,Kolasib,Kolasib Sub-Division,Tseminyu Ward-11,24.2503,92.6441,POINT(92.6441 24.2503)
Mizoram,Lunglei,Lunglei Sub-Division,Chaygaon Ward-12,23.0236,92.654,POINT(92.654 23.0236)
Tripura,West Tripura,West Tripura Sub-Division,Bishalgarh Ward-13,23.8866,91.2178,POINT(91.2178 23.8866)
Tripura,Sipahijala,Sipahijala Sub-Division,Bishalgarh Ward-14,23.5672,91.1865,POINT(91.1865 23.5672)
Tripura,Dhalai,Dhalai Sub-Division,Tseminyu Ward-15,23.8574,91.9009,POINT(91.9009 23.8574)
Arunachal Pradesh,Tawang,Tawang Sub-Division,Chaygaon Ward-16,27.7046,91.838,POINT(91.838 27.7046)
Arunachal Pradesh,West Kameng,West Kameng Sub-Division,Serchhip Ward-17,27.3971,92.4104,POINT(92.4104 27.3971)
Arunachal Pradesh,Papum Pare,Papum Pare Sub-Division,Tenga Ward-18,27.1594,93.573,POINT(93.573 27.1594)
Arunachal Pradesh,East Siang,East Siang Sub-Division,Dirang Ward-19,28.0843,95.4441,POINT(95.4441 28.0843)
Arunachal Pradesh,Lower Subansiri,Lower Subansiri Sub-Division,Tenga Ward-20,27.585,93.7771,POINT(93.7771 27.585)
Assam,Kamrup Metropolitan,Kamrup Metropolitan Sub-Division,Singtam Ward-21,26.2155,91.6812,POINT(91.6812 26.2155)
Assam,Kamrup Rural,Kamrup Rural Sub-Division,Bishalgarh Ward-22,26.1848,91.5069,POINT(91.5069 26.1848)
Assam,Darrang,Darrang Sub-Division,Dirang Ward-23,26.4582,91.8821,POINT(91.8821 26.4582)
Assam,Sonitpur,Sonitpur Sub-Division,Hnahthial Ward-24,26.6741,92.8343,POINT(92.8343 26.6741)
Assam,Dibrugarh,Dibrugarh Sub-Division,Sipajhar Ward-25,27.6165,94.8881,POINT(94.8881 27.6165)
Assam,Cachar,Cachar Sub-Division,Jang Ward-1,24.7481,92.6918,POINT(92.6918 24.7481)
Assam,Nagaon,Nagaon Sub-Division,Ambassa Ward-2,26.1995,92.7781,POINT(92.7781 26.1995)
Meghalaya,East Khasi Hills,East Khasi Hills Sub-Division,Rangia Ward-3,25.6745,91.7807,POINT(91.7807 25.6745)
Meghalaya,West Khasi Hills,West Khasi Hills Sub-Division,Serchhip Ward-4,25.4831,91.2157,POINT(91.2157 25.4831)
Meghalaya,Ri-Bhoi,Ri-Bhoi Sub-Division,Singtam Ward-5,25.8507,92.0079,POINT(92.0079 25.8507)
Meghalaya,West Jaintia Hills,West Jaintia Hills Sub-Division,Nambol Ward-6,25.4785,92.2128,POINT(92.2128 25.4785)
Sikkim,East Sikkim,East Sikkim Sub-Division,Moirang Ward-7,27.393,88.6467,POINT(88.6467 27.393)
Sikkim,North Sikkim,North Sikkim Sub-Division,Serchhip Ward-8,27.6071,88.6986,POINT(88.6986 27.6071)
Sikkim,South Sikkim,South Sikkim Sub-Division,Sipajhar Ward-9,27.0249,88.4797,POINT(88.4797 27.0249)
Nagaland,Kohima,Kohima Sub-Division,Lumla Ward-10,25.8033,93.9885,POINT(93.9885 25.8033)
Nagaland,Dimapur,Dimapur Sub-Division,Teliamura Ward-11,25.9571,93.833,POINT(93.833 25.9571)
Nagaland,Mokokchung,Mokokchung Sub-Division,Ambassa Ward-12,26.2893,94.4287,POINT(94.4287 26.2893)
Manipur,Imphal West,Imphal West Sub-Division,Nongpoh Ward-13,24.9051,93.926,POINT(93.926 24.9051)
Manipur,Bishnupur,Bishnupur Sub-Division,Mairang Ward-14,24.7047,93.6168,POINT(93.6168 24.7047)
Manipur,Senapati,Senapati Sub-Division,Singtam Ward-15,25.1903,94.0576,POINT(94.0576 25.1903)
Mizoram,Aizawl,Aizawl Sub-Division,Teliamura Ward-16,23.7015,92.6401,POINT(92.6401 23.7015)
Mizoram,Kolasib,Kolasib Sub-Division,Mangan Ward-17,24.0779,92.7672,POINT(92.7672 24.0779)
Mizoram,Lunglei,Lunglei Sub-Division,Jang Ward-18,22.91,92.6905,POINT(92.6905 22.91)
Tripura,West Tripura,West Tripura Sub-Division,Mairang Ward-19,23.9735,91.1946,POINT(91.1946 23.9735)
Tripura,Sipahijala,Sipahijala Sub-Division,Rangia Ward-20,23.7646,91.2907,POINT(91.2907 23.7646)
Tripura,Dhalai,Dhalai Sub-Division,Tseminyu Ward-21,23.7521,91.9713,POINT(91.9713 23.7521)
Arunachal Pradesh,Tawang,Tawang Sub-Division,Rangia Ward-22,27.6491,91.7473,POINT(91.7473 27.6491)
Arunachal Pradesh,West Kameng,West Kameng Sub-Division,Hnahthial Ward-23,27.3674,92.4541,POINT(92.4541 27.3674)
Arunachal Pradesh,Papum Pare,Papum Pare Sub-Division,Cherrapunji Ward-24,27.0471,93.4946,POINT(93.4946 27.0471)
Arunachal Pradesh,East Siang,East Siang Sub-Division,Lumla Ward-25,28.094,95.1843,POINT(95.1843 28.094)
Arunachal Pradesh,Lower Subansiri,Lower Subansiri Sub-Division,Hnahthial Ward-1,27.5715,93.6876,POINT(93.6876 27.5715)
Assam,Kamrup Metropolitan,Kamrup Metropolitan Sub-Division,Singtam Ward-2,26.184,91.6936,POINT(91.6936 26.184)
Assam,Kamrup Rural,Kamrup Rural Sub-Division,Nongpoh Ward-3,26.0931,91.6641,POINT(91.6641 26.0931)
Assam,Darrang,Darrang Sub-Division,Ambassa Ward-4,26.5331,92.0788,POINT(92.0788 26.5331)
Assam,Sonitpur,Sonitpur Sub-Division,Singtam Ward-5,26.4907,92.938,POINT(92.938 26.4907)
Assam,Dibrugarh,Dibrugarh Sub-Division,Ambassa Ward-6,27.5016,94.7941,POINT(94.7941 27.5016)
Assam,Cachar,Cachar Sub-Division,Mairang Ward-7,24.7065,92.8823,POINT(92.8823 24.7065)
Assam,Nagaon,Nagaon Sub-Division,Kalaigaon Ward-8,26.3425,92.5406,POINT(92.5406 26.3425)
Meghalaya,East Khasi Hills,East Khasi Hills Sub-Division,Hnahthial Ward-9,25.4919,91.8693,POINT(91.8693 25.4919)
Meghalaya,West Khasi Hills,West Khasi Hills Sub-Division,Tenga Ward-10,25.6026,91.1639,POINT(91.1639 25.6026)
Meghalaya,Ri-Bhoi,Ri-Bhoi Sub-Division,Rupa Ward-11,25.9394,91.9864,POINT(91.9864 25.9394)
Meghalaya,West Jaintia Hills,West Jaintia Hills Sub-Division,Serchhip Ward-12,25.4452,92.2342,POINT(92.2342 25.4452)
Sikkim,East Sikkim,East Sikkim Sub-Division,Sipajhar Ward-13,27.2653,88.493,POINT(88.493 27.2653)
Sikkim,North Sikkim,North Sikkim Sub-Division,Moirang Ward-14,27.5035,88.4457,POINT(88.4457 27.5035)
Sikkim,South Sikkim,South Sikkim Sub-Division,Nongpoh Ward-15,27.0288,88.2416,POINT(88.2416 27.0288)
Nagaland,Kohima,Kohima Sub-Division,Bishalgarh Ward-16,25.6054,94.1031,POINT(94.1031 25.6054)
Nagaland,Dimapur,Dimapur Sub-Division,Chaygaon Ward-17,25.8451,93.8011,POINT(93.8011 25.8451)
Nagaland,Mokokchung,Mokokchung Sub-Division,Tenga Ward-18,26.4517,94.445,POINT(94.445 26.4517)
Manipur,Imphal West,Imphal West Sub-Division,Nongpoh Ward-19,24.7513,93.9046,POINT(93.9046 24.7513)
Manipur,Bishnupur,Bishnupur Sub-Division,Gyalshing Ward-20,24.5321,93.6762,POINT(93.6762 24.5321)
Manipur,Senapati,Senapati Sub-Division,Teliamura Ward-21,25.2371,94.0841,POINT(94.0841 25.2371)
Mizoram,Aizawl,Aizawl Sub-Division,Ambassa Ward-22,23.692,92.6275,POINT(92.6275 23.692)
Mizoram,Kolasib,Kolasib Sub-Division,Gyalshing Ward-23,24.0893,92.5802,POINT(92.5802 24.0893)
Mizoram,Lunglei,Lunglei Sub-Division,Teliamura Ward-24,22.8529,92.7712,POINT(92.7712 22.8529)
Tripura,West Tripura,West Tripura Sub-Division,Cherrapunji Ward-25,23.7872,91.1458,POINT(91.1458 23.7872)
Tripura,Sipahijala,Sipahijala Sub-Division,Rupa Ward-1,23.5408,91.2356,POINT(91.2356 23.5408)
Tripura,Dhalai,Dhalai Sub-Division,Cherrapunji Ward-2,23.9339,91.7367,POINT(91.7367 23.9339)
Arunachal Pradesh,Tawang,Tawang Sub-Division,Rangia Ward-3,27.5002,91.8796,POINT(91.8796 27.5002)
Arunachal Pradesh,West Kameng,West Kameng Sub-Division,Teliamura Ward-4,27.2302,92.4464,POINT(92.4464 27.2302)
Arunachal Pradesh,Papum Pare,Papum Pare Sub-Division,Mairang Ward-5,27.1653,93.7505,POINT(93.7505 27.1653)
Arunachal Pradesh,East Siang,East Siang Sub-Division,Mangan Ward-6,28.1838,95.3025,POINT(95.3025 28.1838)
Arunachal Pradesh,Lower Subansiri,Lower Subansiri Sub-Division,Singtam Ward-7,27.4594,93.6949,POINT(93.6949 27.4594)
Assam,Kamrup Metropolitan,Kamrup Metropolitan Sub-Division,Rangia Ward-8,26.1209,91.6234,POINT(91.6234 26.1209)
Assam,Kamrup Rural,Kamrup Rural Sub-Division,Moirang Ward-9,26.1059,91.4184,POINT(91.4184 26.1059)
Assam,Darrang,Darrang Sub-Division,Tseminyu Ward-10,26.5984,92.1545,POINT(92.1545 26.5984)
Assam,Sonitpur,Sonitpur Sub-Division,Mairang Ward-11,26.4949,92.8026,POINT(92.8026 26.4949)
Assam,Dibrugarh,Dibrugarh Sub-Division,Jang Ward-12,27.3436,94.7905,POINT(94.7905 27.3436)
Assam,Cachar,Cachar Sub-Division,Cherrapunji Ward-13,24.7785,92.7326,POINT(92.7326 24.7785)
Assam,Nagaon,Nagaon Sub-Division,Kalaigaon Ward-14,26.3789,92.652,POINT(92.652 26.3789)
Meghalaya,East Khasi Hills,East Khasi Hills Sub-Division,Dirang Ward-15,25.6211,92.0164,POINT(92.0164 25.6211)
Meghalaya,West Khasi Hills,West Khasi Hills Sub-Division,Rangia Ward-16,25.3688,91.1244,POINT(91.1244 25.3688)
Meghalaya,Ri-Bhoi,Ri-Bhoi Sub-Division,Rupa Ward-17,26.0084,91.9473,POINT(91.9473 26.0084)
Meghalaya,West Jaintia Hills,West Jaintia Hills Sub-Division,Mangan Ward-18,25.5707,92.1607,POINT(92.1607 25.5707)
Sikkim,East Sikkim,East Sikkim Sub-Division,Chumukedima Ward-19,27.3954,88.4722,POINT(88.4722 27.3954)
Sikkim,North Sikkim,North Sikkim Sub-Division,Sipajhar Ward-20,27.6341,88.4225,POINT(88.4225 27.6341)
Sikkim,South Sikkim,South Sikkim Sub-Division,Moirang Ward-21,27.1339,88.4096,POINT(88.4096 27.1339)
Nagaland,Kohima,Kohima Sub-Division,Tenga Ward-22,25.563,94.2172,POINT(94.2172 25.563)
Nagaland,Dimapur,Dimapur Sub-Division,Nongpoh Ward-23,26.0254,93.7686,POINT(93.7686 26.0254)
Nagaland,Mokokchung,Mokokchung Sub-Division,Gyalshing Ward-24,26.3484,94.5684,POINT(94.5684 26.3484)
Manipur,Imphal West,Imphal West Sub-Division,Mangan Ward-25,24.7347,93.8659,POINT(93.8659 24.7347)
Manipur,Bishnupur,Bishnupur Sub-Division,Gyalshing Ward-1,24.7331,93.6872,POINT(93.6872 24.7331)
Manipur,Senapati,Senapati Sub-Division,Ambassa Ward-2,25.1334,94.1515,POINT(94.1515 25.1334)
Mizoram,Aizawl,Aizawl Sub-Division,Chumukedima Ward-3,23.7175,92.6831,POINT(92.6831 23.7175)
Mizoram,Kolasib,Kolasib Sub-Division,Moirang Ward-4,24.2472,92.6883,POINT(92.6883 24.2472)
Mizoram,Lunglei,Lunglei Sub-Division,Hnahthial Ward-5,22.9426,92.7866,POINT(92.7866 22.9426)
Tripura,West Tripura,West Tripura Sub-Division,Kalaigaon Ward-6,23.7471,91.2459,POINT(91.2459 23.7471)
Tripura,Sipahijala,Sipahijala Sub-Division,Serchhip Ward-7,23.719,91.2184,POINT(91.2184 23.719)
Tripura,Dhalai,Dhalai Sub-Division,Dirang Ward-8,23.9854,91.8732,POINT(91.8732 23.9854)
Arunachal Pradesh,Tawang,Tawang Sub-Division,Rupa Ward-9,27.6596,91.7816,POINT(91.7816 27.6596)
Arunachal Pradesh,West Kameng,West Kameng Sub-Division,Tseminyu Ward-10,27.2574,92.4252,POINT(92.4252 27.2574)
Arunachal Pradesh,Papum Pare,Papum Pare Sub-Division,Sipajhar Ward-11,26.9756,93.596,POINT(93.596 26.9756)
Arunachal Pradesh,East Siang,East Siang Sub-Division,Teliamura Ward-12,28.0161,95.3084,POINT(95.3084 28.0161)
Arunachal Pradesh,Lower Subansiri,Lower Subansiri Sub-Division,Tseminyu Ward-13,27.6196,93.8068,POINT(93.8068 27.6196)
Assam,Kamrup Metropolitan,Kamrup Metropolitan Sub-Division,Nongpoh Ward-14,26.0773,91.7684,POINT(91.7684 26.0773)
Assam,Kamrup Rural,Kamrup Rural Sub-Division,Ambassa Ward-15,26.2289,91.6997,POINT(91.6997 26.2289)
Assam,Darrang,Darrang Sub-Division,Chaygaon Ward-16,26.4746,91.9526,POINT(91.9526 26.4746)
Assam,Sonitpur,Sonitpur Sub-Division,Dirang Ward-17,26.6699,92.8573,POINT(92.8573 26.6699)
Assam,Dibrugarh,Dibrugarh Sub-Division,Kalaigaon Ward-18,27.57,94.9695,POINT(94.9695 27.57)
Assam,Cachar,Cachar Sub-Division,Teliamura Ward-19,24.7876,92.7153,POINT(92.7153 24.7876)
Assam,Nagaon,Nagaon Sub-Division,Serchhip Ward-20,26.2507,92.8063,POINT(92.8063 26.2507)
Meghalaya,East Khasi Hills,East Khasi Hills Sub-Division,Dirang Ward-21,25.7008,91.8149,POINT(91.8149 25.7008)
Meghalaya,West Khasi Hills,West Khasi Hills Sub-Division,Lumla Ward-22,25.4596,91.2466,POINT(91.2466 25.4596)
Meghalaya,Ri-Bhoi,Ri-Bhoi Sub-Division,Dirang Ward-23,25.7562,92.0223,POINT(92.0223 25.7562)
Meghalaya,West Jaintia Hills,West Jaintia Hills Sub-Division,Sipajhar Ward-24,25.5559,92.2282,POINT(92.2282 25.5559)
Sikkim,East Sikkim,East Sikkim Sub-Division,Hnahthial Ward-25,27.2632,88.4893,POINT(88.4893 27.2632)
Sikkim,North Sikkim,North Sikkim Sub-Division,Nongpoh Ward-1,27.4372,88.4685,POINT(88.4685 27.4372)
Sikkim,South Sikkim,South Sikkim Sub-Division,Serchhip Ward-2,27.0482,88.2914,POINT(88.2914 27.0482)
Nagaland,Kohima,Kohima Sub-Division,Dirang Ward-3,25.6303,94.1223,POINT(94.1223 25.6303)
Nagaland,Dimapur,Dimapur Sub-Division,Rangia Ward-4,25.7609,93.6833,POINT(93.6833 25.7609)
Nagaland,Mokokchung,Mokokchung Sub-Division,Rangia Ward-5,26.3742,94.6295,POINT(94.6295 26.3742)
Manipur,Imphal West,Imphal West Sub-Division,Mairang Ward-6,24.8727,94.0053,POINT(94.0053 24.8727)
Manipur,Bishnupur,Bishnupur Sub-Division,Mairang Ward-7,24.5485,93.9127,POINT(93.9127 24.5485)
Manipur,Senapati,Senapati Sub-Division,Serchhip Ward-8,25.3323,94.152,POINT(94.152 25.3323)
Mizoram,Aizawl,Aizawl Sub-Division,Dirang Ward-9,23.8533,92.6809,POINT(92.6809 23.8533)
Mizoram,Kolasib,Kolasib Sub-Division,Ambassa Ward-10,24.2736,92.7998,POINT(92.7998 24.2736)
Mizoram,Lunglei,Lunglei Sub-Division,Singtam Ward-11,22.7825,92.8631,POINT(92.8631 22.7825)
Tripura,West Tripura,West Tripura Sub-Division,Rupa Ward-12,23.8067,91.435,POINT(91.435 23.8067)
Tripura,Sipahijala,Sipahijala Sub-Division,Tseminyu Ward-13,23.6956,91.4123,POINT(91.4123 23.6956)
Tripura,Dhalai,Dhalai Sub-Division,Moirang Ward-14,23.9904,91.9377,POINT(91.9377 23.9904)
Arunachal Pradesh,Tawang,Tawang Sub-Division,Teliamura Ward-15,27.7143,91.7535,POINT(91.7535 27.7143)
Arunachal Pradesh,West Kameng,West Kameng Sub-Division,Chumukedima Ward-16,27.3016,92.4652,POINT(92.4652 27.3016)
Arunachal Pradesh,Papum Pare,Papum Pare Sub-Division,Jang Ward-17,27.0388,93.6028,POINT(93.6028 27.0388)
Arunachal Pradesh,East Siang,East Siang Sub-Division,Jang Ward-18,27.932,95.2677,POINT(95.2677 27.932)
Arunachal Pradesh,Lower Subansiri,Lower Subansiri Sub-Division,Sipajhar Ward-19,27.415,93.7213,POINT(93.7213 27.415)
Assam,Kamrup Metropolitan,Kamrup Metropolitan Sub-Division,Hnahthial Ward-20,26.1941,91.8169,POINT(91.8169 26.1941)
Assam,Kamrup Rural,Kamrup Rural Sub-Division,Hnahthial Ward-21,26.0778,91.6319,POINT(91.6319 26.0778)
Assam,Darrang,Darrang Sub-Division,Cherrapunji Ward-22,26.3677,92.023,POINT(92.023 26.3677)
Assam,Sonitpur,Sonitpur Sub-Division,Hnahthial Ward-23,26.5997,92.7623,POINT(92.7623 26.5997)
Assam,Dibrugarh,Dibrugarh Sub-Division,Kalaigaon Ward-24,27.4134,94.8552,POINT(94.8552 27.4134)
Assam,Cachar,Cachar Sub-Division,Ambassa Ward-25,24.9246,92.6707,POINT(92.6707 24.9246)
Assam,Nagaon,Nagaon Sub-Division,Dirang Ward-1,26.3615,92.6243,POINT(92.6243 26.3615)
Meghalaya,East Khasi Hills,East Khasi Hills Sub-Division,Kalaigaon Ward-2,25.5671,91.7983,POINT(91.7983 25.5671)
Meghalaya,West Khasi Hills,West Khasi Hills Sub-Division,Kalaigaon Ward-3,25.4016,91.2426,POINT(91.2426 25.4016)
Meghalaya,Ri-Bhoi,Ri-Bhoi Sub-Division,Mangan Ward-4,25.8573,91.8363,POINT(91.8363 25.8573)
Meghalaya,West Jaintia Hills,West Jaintia Hills Sub-Division,Chumukedima Ward-5,25.3083,92.2177,POINT(92.2177 25.3083)
Sikkim,East Sikkim,East Sikkim Sub-Division,Nambol Ward-6,27.3735,88.5472,POINT(88.5472 27.3735)
Sikkim,North Sikkim,North Sikkim Sub-Division,Moirang Ward-7,27.5363,88.67,POINT(88.67 27.5363)
Sikkim,South Sikkim,South Sikkim Sub-Division,Kalaigaon Ward-8,27.1378,88.3209,POINT(88.3209 27.1378)
Nagaland,Kohima,Kohima Sub-Division,Rangia Ward-9,25.6805,94.2104,POINT(94.2104 25.6805)
Nagaland,Dimapur,Dimapur Sub-Division,Tseminyu Ward-10,25.9518,93.6775,POINT(93.6775 25.9518)
Nagaland,Mokokchung,Mokokchung Sub-Division,Bishalgarh Ward-11,26.3822,94.6293,POINT(94.6293 26.3822)
Manipur,Imphal West,Imphal West Sub-Division,Nambol Ward-12,24.8888,93.8027,POINT(93.8027 24.8888)
Manipur,Bishnupur,Bishnupur Sub-Division,Lumla Ward-13,24.7726,93.6554,POINT(93.6554 24.7726)
Manipur,Senapati,Senapati Sub-Division,Singtam Ward-14,25.2003,93.9533,POINT(93.9533 25.2003)
Mizoram,Aizawl,Aizawl Sub-Division,Mangan Ward-15,23.7834,92.602,POINT(92.602 23.7834)
Mizoram,Kolasib,Kolasib Sub-Division,Rupa Ward-16,24.2259,92.6042,POINT(92.6042 24.2259)
Mizoram,Lunglei,Lunglei Sub-Division,Jang Ward-17,22.8631,92.6067,POINT(92.6067 22.8631)
Tripura,West Tripura,West Tripura Sub-Division,Singtam Ward-18,23.7367,91.2073,POINT(91.2073 23.7367)
Tripura,Sipahijala,Sipahijala Sub-Division,Hnahthial Ward-19,23.6894,91.4198,POINT(91.4198 23.6894)
Tripura,Dhalai,Dhalai Sub-Division,Tseminyu Ward-20,23.7065,91.7425,POINT(91.7425 23.7065)
Arunachal Pradesh,Tawang,Tawang Sub-Division,Lumla Ward-21,27.6586,91.8734,POINT(91.8734 27.6586)
Arunachal Pradesh,West Kameng,West Kameng Sub-Division,Lumla Ward-22,27.1445,92.4425,POINT(92.4425 27.1445)
Arunachal Pradesh,Papum Pare,Papum Pare Sub-Division,Hnahthial Ward-23,27.1597,93.4988,POINT(93.4988 27.1597)
Arunachal Pradesh,East Siang,East Siang Sub-Division,Ambassa Ward-24,28.001,95.212,POINT(95.212 28.001)
Arunachal Pradesh,Lower Subansiri,Lower Subansiri Sub-Division,Moirang Ward-25,27.5935,93.948,POINT(93.948 27.5935)
Assam,Kamrup Metropolitan,Kamrup Metropolitan Sub-Division,Rangia Ward-1,26.1009,91.628,POINT(91.628 26.1009)
Assam,Kamrup Rural,Kamrup Rural Sub-Division,Hnahthial Ward-2,26.3295,91.5193,POINT(91.5193 26.3295)
Assam,Darrang,Darrang Sub-Division,Nongpoh Ward-3,26.5728,92.0385,POINT(92.0385 26.5728)
Assam,Sonitpur,Sonitpur Sub-Division,Nambol Ward-4,26.5894,92.8584,POINT(92.8584 26.5894)
Assam,Dibrugarh,Dibrugarh Sub-Division,Teliamura Ward-5,27.3648,94.9975,POINT(94.9975 27.3648)
Assam,Cachar,Cachar Sub-Division,Ambassa Ward-6,24.9581,92.8224,POINT(92.8224 24.9581)
Assam,Nagaon,Nagaon Sub-Division,Sipajhar Ward-7,26.2493,92.7466,POINT(92.7466 26.2493)
Meghalaya,East Khasi Hills,East Khasi Hills Sub-Division,Ambassa Ward-8,25.4676,91.8405,POINT(91.8405 25.4676)
Meghalaya,West Khasi Hills,West Khasi Hills Sub-Division,Jang Ward-9,25.4811,91.1235,POINT(91.1235 25.4811)
Meghalaya,Ri-Bhoi,Ri-Bhoi Sub-Division,Moirang Ward-10,25.9496,91.8798,POINT(91.8798 25.9496)
Meghalaya,West Jaintia Hills,West Jaintia Hills Sub-Division,Ambassa Ward-11,25.5944,92.2926,POINT(92.2926 25.5944)
Sikkim,East Sikkim,East Sikkim Sub-Division,Bishalgarh Ward-12,27.4531,88.6749,POINT(88.6749 27.4531)
Sikkim,North Sikkim,North Sikkim Sub-Division,Sipajhar Ward-13,27.3693,88.5836,POINT(88.5836 27.3693)
Sikkim,South Sikkim,South Sikkim Sub-Division,Rangia Ward-14,27.1525,88.3123,POINT(88.3123 27.1525)
Nagaland,Kohima,Kohima Sub-Division,Mairang Ward-15,25.6214,94.1682,POINT(94.1682 25.6214)
Nagaland,Dimapur,Dimapur Sub-Division,Mairang Ward-16,25.9237,93.6362,POINT(93.6362 25.9237)
Nagaland,Mokokchung,Mokokchung Sub-Division,Gyalshing Ward-17,26.2354,94.4186,POINT(94.4186 26.2354)
Manipur,Imphal West,Imphal West Sub-Division,Hnahthial Ward-18,24.6928,93.7941,POINT(93.7941 24.6928)
Manipur,Bishnupur,Bishnupur Sub-Division,Nongpoh Ward-19,24.5246,93.6161,POINT(93.6161 24.5246)
Manipur,Senapati,Senapati Sub-Division,Nongpoh Ward-20,25.1316,93.9156,POINT(93.9156 25.1316)
Mizoram,Aizawl,Aizawl Sub-Division,Nongpoh Ward-21,23.7355,92.6246,POINT(92.6246 23.7355)
Mizoram,Kolasib,Kolasib Sub-Division,Mairang Ward-22,24.1756,92.7155,POINT(92.7155 24.1756)
Mizoram,Lunglei,Lunglei Sub-Division,Hnahthial Ward-23,22.8617,92.7776,POINT(92.7776 22.8617)
Tripura,West Tripura,West Tripura Sub-Division,Mangan Ward-24,23.9162,91.2263,POINT(91.2263 23.9162)
Tripura,Sipahijala,Sipahijala Sub-Division,Nambol Ward-25,23.6472,91.1688,POINT(91.1688 23.6472)
Tripura,Dhalai,Dhalai Sub-Division,Kalaigaon Ward-1,23.7754,91.911,POINT(91.911 23.7754)
Arunachal Pradesh,Tawang,Tawang Sub-Division,Cherrapunji Ward-2,27.5225,91.8697,POINT(91.8697 27.5225)
Arunachal Pradesh,West Kameng,West Kameng Sub-Division,Moirang Ward-3,27.2645,92.3857,POINT(92.3857 27.2645)
Arunachal Pradesh,Papum Pare,Papum Pare Sub-Division,Kalaigaon Ward-4,27.1252,93.7477,POINT(93.7477 27.1252)
Arunachal Pradesh,East Siang,East Siang Sub-Division,Cherrapunji Ward-5,28.0424,95.2362,POINT(95.2362 28.0424)
Arunachal Pradesh,Lower Subansiri,Lower Subansiri Sub-Division,Chaygaon Ward-6,27.5641,93.9002,POINT(93.9002 27.5641)
Assam,Kamrup Metropolitan,Kamrup Metropolitan Sub-Division,Rupa Ward-7,26.0132,91.7343,POINT(91.7343 26.0132)
Assam,Kamrup Rural,Kamrup Rural Sub-Division,Dirang Ward-8,26.2459,91.6417,POINT(91.6417 26.2459)
Assam,Darrang,Darrang Sub-Division,Teliamura Ward-9,26.4269,92.1028,POINT(92.1028 26.4269)
Assam,Sonitpur,Sonitpur Sub-Division,Sipajhar Ward-10,26.7678,92.7238,POINT(92.7238 26.7678)
Assam,Dibrugarh,Dibrugarh Sub-Division,Rangia Ward-11,27.3904,94.8671,POINT(94.8671 27.3904)
Assam,Cachar,Cachar Sub-Division,Ambassa Ward-12,24.9747,92.6353,POINT(92.6353 24.9747)
Assam,Nagaon,Nagaon Sub-Division,Mangan Ward-13,26.2541,92.7164,POINT(92.7164 26.2541)
Meghalaya,East Khasi Hills,East Khasi Hills Sub-Division,Gyalshing Ward-14,25.5945,91.7589,POINT(91.7589 25.5945)
Meghalaya,West Khasi Hills,West Khasi Hills Sub-Division,Moirang Ward-15,25.5704,91.2749,POINT(91.2749 25.5704)
Meghalaya,Ri-Bhoi,Ri-Bhoi Sub-Division,Moirang Ward-16,26.0448,91.8403,POINT(91.8403 26.0448)
Meghalaya,West Jaintia Hills,West Jaintia Hills Sub-Division,Gyalshing Ward-17,25.3715,92.0776,POINT(92.0776 25.3715)
Sikkim,East Sikkim,East Sikkim Sub-Division,Serchhip Ward-18,27.4554,88.6945,POINT(88.6945 27.4554)
Sikkim,North Sikkim,North Sikkim Sub-Division,Mangan Ward-19,27.612,88.475,POINT(88.475 27.612)
Sikkim,South Sikkim,South Sikkim Sub-Division,Teliamura Ward-20,27.0742,88.2131,POINT(88.2131 27.0742)
Nagaland,Kohima,Kohima Sub-Division,Mangan Ward-21,25.8245,93.9975,POINT(93.9975 25.8245)
Nagaland,Dimapur,Dimapur Sub-Division,Lumla Ward-22,25.7798,93.6526,POINT(93.6526 25.7798)
Nagaland,Mokokchung,Mokokchung Sub-Division,Lumla Ward-23,26.419,94.6393,POINT(94.6393 26.419)
Manipur,Imphal West,Imphal West Sub-Division,Kalaigaon Ward-24,24.9494,94.0209,POINT(94.0209 24.9494)
Manipur,Bishnupur,Bishnupur Sub-Division,Tenga Ward-25,24.7503,93.7102,POINT(93.7102 24.7503)
Manipur,Senapati,Senapati Sub-Division,Lumla Ward-1,25.3801,94.0717,POINT(94.0717 25.3801)
Mizoram,Aizawl,Aizawl Sub-Division,Chaygaon Ward-2,23.8507,92.82,POINT(92.82 23.8507)
Mizoram,Kolasib,Kolasib Sub-Division,Nongpoh Ward-3,24.1332,92.6417,POINT(92.6417 24.1332)
Mizoram,Lunglei,Lunglei Sub-Division,Nongpoh Ward-4,22.8005,92.7221,POINT(92.7221 22.8005)
Tripura,West Tripura,West Tripura Sub-Division,Nongpoh Ward-5,23.8312,91.1469,POINT(91.1469 23.8312)
Tripura,Sipahijala,Sipahijala Sub-Division,Lumla Ward-6,23.7745,91.1799,POINT(91.1799 23.7745)
Tripura,Dhalai,Dhalai Sub-Division,Dirang Ward-7,23.9588,91.8154,POINT(91.8154 23.9588)
Arunachal Pradesh,Tawang,Tawang Sub-Division,Nongpoh Ward-8,27.6341,91.8691,POINT(91.8691 27.6341)
Arunachal Pradesh,West Kameng,West Kameng Sub-Division,Moirang Ward-9,27.2188,92.2737,POINT(92.2737 27.2188)
Arunachal Pradesh,Papum Pare,Papum Pare Sub-Division,Ambassa Ward-10,27.1988,93.5454,POINT(93.5454 27.1988)
Arunachal Pradesh,East Siang,East Siang Sub-Division,Mangan Ward-11,28.0183,95.4248,POINT(95.4248 28.0183)
Arunachal Pradesh,Lower Subansiri,Lower Subansiri Sub-Division,Tseminyu Ward-12,27.6786,93.9057,POINT(93.9057 27.6786)
Assam,Kamrup Metropolitan,Kamrup Metropolitan Sub-Division,Serchhip Ward-13,26.2109,91.7896,POINT(91.7896 26.2109)
Assam,Kamrup Rural,Kamrup Rural Sub-Division,Tenga Ward-14,26.1622,91.6278,POINT(91.6278 26.1622)
Assam,Darrang,Darrang Sub-Division,Mangan Ward-15,26.4164,92.1047,POINT(92.1047 26.4164)
Assam,Sonitpur,Sonitpur Sub-Division,Kalaigaon Ward-16,26.568,92.8474,POINT(92.8474 26.568)
Assam,Dibrugarh,Dibrugarh Sub-Division,Gyalshing Ward-17,27.4856,94.8633,POINT(94.8633 27.4856)
Assam,Cachar,Cachar Sub-Division,Singtam Ward-18,24.7639,92.7041,POINT(92.7041 24.7639)
Assam,Nagaon,Nagaon Sub-Division,Singtam Ward-19,26.2325,92.7045,POINT(92.7045 26.2325)
Meghalaya,East Khasi Hills,East Khasi Hills Sub-Division,Rupa Ward-20,25.5619,91.7485,POINT(91.7485 25.5619)
Meghalaya,West Khasi Hills,West Khasi Hills Sub-Division,Ambassa Ward-21,25.5041,91.3633,POINT(91.3633 25.5041)
Meghalaya,Ri-Bhoi,Ri-Bhoi Sub-Division,Chaygaon Ward-22,25.7739,91.9991,POINT(91.9991 25.7739)
Meghalaya,West Jaintia Hills,West Jaintia Hills Sub-Division,Chaygaon Ward-23,25.3539,92.2798,POINT(92.2798 25.3539)
Sikkim,East Sikkim,East Sikkim Sub-Division,Teliamura Ward-24,27.2571,88.5088,POINT(88.5088 27.2571)
Sikkim,North Sikkim,North Sikkim Sub-Division,Tseminyu Ward-25,27.3843,88.4116,POINT(88.4116 27.3843)
Sikkim,South Sikkim,South Sikkim Sub-Division,Nambol Ward-1,27.1152,88.366,POINT(88.366 27.1152)
Nagaland,Kohima,Kohima Sub-Division,Dirang Ward-2,25.6028,94.0358,POINT(94.0358 25.6028)
Nagaland,Dimapur,Dimapur Sub-Division,Singtam Ward-3,25.9189,93.5909,POINT(93.5909 25.9189)
Nagaland,Mokokchung,Mokokchung Sub-Division,Mairang Ward-4,26.3081,94.5233,POINT(94.5233 26.3081)
Manipur,Imphal West,Imphal West Sub-Division,Nambol Ward-5,24.9157,93.9911,POINT(93.9911 24.9157)
Manipur,Bishnupur,Bishnupur Sub-Division,Kalaigaon Ward-6,24.5253,93.7125,POINT(93.7125 24.5253)
Manipur,Senapati,Senapati Sub-Division,Gyalshing Ward-7,25.3792,93.9724,POINT(93.9724 25.3792)
Mizoram,Aizawl,Aizawl Sub-Division,Serchhip Ward-8,23.6252,92.581,POINT(92.581 23.6252)
Mizoram,Kolasib,Kolasib Sub-Division,Kalaigaon Ward-9,24.1019,92.5934,POINT(92.5934 24.1019)
Mizoram,Lunglei,Lunglei Sub-Division,Tenga Ward-10,22.8825,92.7644,POINT(92.7644 22.8825)
Tripura,West Tripura,West Tripura Sub-Division,Rupa Ward-11,23.8563,91.3339,POINT(91.3339 23.8563)
Tripura,Sipahijala,Sipahijala Sub-Division,Sipajhar Ward-12,23.5085,91.1852,POINT(91.1852 23.5085)
Tripura,Dhalai,Dhalai Sub-Division,Bishalgarh Ward-13,23.9993,91.8891,POINT(91.8891 23.9993)
Arunachal Pradesh,Tawang,Tawang Sub-Division,Bishalgarh Ward-14,27.6904,91.8677,POINT(91.8677 27.6904)
Arunachal Pradesh,West Kameng,West Kameng Sub-Division,Lumla Ward-15,27.2706,92.361,POINT(92.361 27.2706)
Arunachal Pradesh,Papum Pare,Papum Pare Sub-Division,Dirang Ward-16,27.0236,93.5395,POINT(93.5395 27.0236)
Arunachal Pradesh,East Siang,East Siang Sub-Division,Mairang Ward-17,28.0104,95.4677,POINT(95.4677 28.0104)
Arunachal Pradesh,Lower Subansiri,Lower Subansiri Sub-Division,Teliamura Ward-18,27.6641,93.7886,POINT(93.7886 27.6641)
Assam,Kamrup Metropolitan,Kamrup Metropolitan Sub-Division,Gyalshing Ward-19,26.1032,91.7314,POINT(91.7314 26.1032)
Assam,Kamrup Rural,Kamrup Rural Sub-Division,Lumla Ward-20,26.2058,91.66,POINT(91.66 26.2058)
Assam,Darrang,Darrang Sub-Division,Mangan Ward-21,26.5748,92.0832,POINT(92.0832 26.5748)
Assam,Sonitpur,Sonitpur Sub-Division,Nambol Ward-22,26.5699,92.7368,POINT(92.7368 26.5699)
Assam,Dibrugarh,Dibrugarh Sub-Division,Ambassa Ward-23,27.3673,94.9103,POINT(94.9103 27.3673)
Assam,Cachar,Cachar Sub-Division,Serchhip Ward-24,24.9462,92.6336,POINT(92.6336 24.9462)
Assam,Nagaon,Nagaon Sub-Division,Nongpoh Ward-25,26.4086,92.675,POINT(92.675 26.4086)
Meghalaya,East Khasi Hills,East Khasi Hills Sub-Division,Kalaigaon Ward-1,25.5582,91.9503,POINT(91.9503 25.5582)
Meghalaya,West Khasi Hills,West Khasi Hills Sub-Division,Nambol Ward-2,25.6356,91.3813,POINT(91.3813 25.6356)
Meghalaya,Ri-Bhoi,Ri-Bhoi Sub-Division,Rupa Ward-3,25.8224,91.818,POINT(91.818 25.8224)
Meghalaya,West Jaintia Hills,West Jaintia Hills Sub-Division,Teliamura Ward-4,25.4774,92.235,POINT(92.235 25.4774)
Sikkim,East Sikkim,East Sikkim Sub-Division,Tseminyu Ward-5,27.2954,88.5912,POINT(88.5912 27.2954)
Sikkim,North Sikkim,North Sikkim Sub-Division,Ambassa Ward-6,27.4807,88.6273,POINT(88.6273 27.4807)
Sikkim,South Sikkim,South Sikkim Sub-Division,Mairang Ward-7,27.2498,88.4749,POINT(88.4749 27.2498)
Nagaland,Kohima,Kohima Sub-Division,Singtam Ward-8,25.5274,94.1365,POINT(94.1365 25.5274)
Nagaland,Dimapur,Dimapur Sub-Division,Moirang Ward-9,25.8884,93.7301,POINT(93.7301 25.8884)
Nagaland,Mokokchung,Mokokchung Sub-Division,Mangan Ward-10,26.2447,94.518,POINT(94.518 26.2447)
Manipur,Imphal West,Imphal West Sub-Division,Chumukedima Ward-11,24.8409,94.04,POINT(94.04 24.8409)
Manipur,Bishnupur,Bishnupur Sub-Division,Nongpoh Ward-12,24.7096,93.9006,POINT(93.9006 24.7096)
Manipur,Senapati,Senapati Sub-Division,Hnahthial Ward-13,25.4068,93.9232,POINT(93.9232 25.4068)
Mizoram,Aizawl,Aizawl Sub-Division,Moirang Ward-14,23.6714,92.6718,POINT(92.6718 23.6714)
Mizoram,Kolasib,Kolasib Sub-Division,Hnahthial Ward-15,24.2017,92.7956,POINT(92.7956 24.2017)
Mizoram,Lunglei,Lunglei Sub-Division,Nongpoh Ward-16,22.9119,92.6218,POINT(92.6218 22.9119)
Tripura,West Tripura,West Tripura Sub-Division,Gyalshing Ward-17,23.7436,91.3884,POINT(91.3884 23.7436)
Tripura,Sipahijala,Sipahijala Sub-Division,Mairang Ward-18,23.4969,91.4292,POINT(91.4292 23.4969)
Tripura,Dhalai,Dhalai Sub-Division,Tseminyu Ward-19,23.9498,91.7077,POINT(91.7077 23.9498)
Arunachal Pradesh,Tawang,Tawang Sub-Division,Singtam Ward-20,27.5641,91.8428,POINT(91.8428 27.5641)
Arunachal Pradesh,West Kameng,West Kameng Sub-Division,Ambassa Ward-21,27.1474,92.4778,POINT(92.4778 27.1474)
Arunachal Pradesh,Papum Pare,Papum Pare Sub-Division,Jang Ward-22,27.0984,93.4927,POINT(93.4927 27.0984)
Arunachal Pradesh,East Siang,East Siang Sub-Division,Rupa Ward-23,27.9509,95.2821,POINT(95.2821 27.9509)
Arunachal Pradesh,Lower Subansiri,Lower Subansiri Sub-Division,Tseminyu Ward-24,27.4223,93.727,POINT(93.727 27.4223)
Assam,Kamrup Metropolitan,Kamrup Metropolitan Sub-Division,Chumukedima Ward-25,26.1484,91.8193,POINT(91.8193 26.1484)
Assam,Kamrup Rural,Kamrup Rural Sub-Division,Mairang Ward-1,26.0465,91.4421,POINT(91.4421 26.0465)
Assam,Darrang,Darrang Sub-Division,Nongpoh Ward-2,26.5544,92.0793,POINT(92.0793 26.5544)
Assam,Sonitpur,Sonitpur Sub-Division,Bishalgarh Ward-3,26.672,92.7164,POINT(92.7164 26.672)
Assam,Dibrugarh,Dibrugarh Sub-Division,Tenga Ward-4,27.5248,94.8416,POINT(94.8416 27.5248)
Assam,Cachar,Cachar Sub-Division,Hnahthial Ward-5,24.8323,92.6684,POINT(92.6684 24.8323)
Assam,Nagaon,Nagaon Sub-Division,Mangan Ward-6,26.4523,92.7588,POINT(92.7588 26.4523)
Meghalaya,East Khasi Hills,East Khasi Hills Sub-Division,Mairang Ward-7,25.6122,91.9563,POINT(91.9563 25.6122)
Meghalaya,West Khasi Hills,West Khasi Hills Sub-Division,Chumukedima Ward-8,25.4741,91.2852,POINT(91.2852 25.4741)
Meghalaya,Ri-Bhoi,Ri-Bhoi Sub-Division,Tenga Ward-9,26.0363,91.9934,POINT(91.9934 26.0363)
Meghalaya,West Jaintia Hills,West Jaintia Hills Sub-Division,Teliamura Ward-10,25.4455,92.289,POINT(92.289 25.4455)
Sikkim,East Sikkim,East Sikkim Sub-Division,Jang Ward-11,27.2775,88.5222,POINT(88.5222 27.2775)
Sikkim,North Sikkim,North Sikkim Sub-Division,Jang Ward-12,27.4759,88.5342,POINT(88.5342 27.4759)
Sikkim,South Sikkim,South Sikkim Sub-Division,Nongpoh Ward-13,27.1594,88.2957,POINT(88.2957 27.1594)
Nagaland,Kohima,Kohima Sub-Division,Mairang Ward-14,25.5635,94.2233,POINT(94.2233 25.5635)
Nagaland,Dimapur,Dimapur Sub-Division,Moirang Ward-15,25.8804,93.648,POINT(93.648 25.8804)
Nagaland,Mokokchung,Mokokchung Sub-Division,Cherrapunji Ward-16,26.4303,94.4927,POINT(94.4927 26.4303)
Manipur,Imphal West,Imphal West Sub-Division,Jang Ward-17,24.7623,93.9042,POINT(93.9042 24.7623)
Manipur,Bishnupur,Bishnupur Sub-Division,Gyalshing Ward-18,24.4988,93.7602,POINT(93.7602 24.4988)
Manipur,Senapati,Senapati Sub-Division,Chumukedima Ward-19,25.2026,93.9829,POINT(93.9829 25.2026)
Mizoram,Aizawl,Aizawl Sub-Division,Lumla Ward-20,23.811,92.6007,POINT(92.6007 23.811)
Mizoram,Kolasib,Kolasib Sub-Division,Kalaigaon Ward-21,24.2319,92.8151,POINT(92.8151 24.2319)
Mizoram,Lunglei,Lunglei Sub-Division,Tenga Ward-22,22.9414,92.8637,POINT(92.8637 22.9414)
Tripura,West Tripura,West Tripura Sub-Division,Hnahthial Ward-23,23.6963,91.1999,POINT(91.1999 23.6963)
Tripura,Sipahijala,Sipahijala Sub-Division,Cherrapunji Ward-24,23.6457,91.4199,POINT(91.4199 23.6457)
Tripura,Dhalai,Dhalai Sub-Division,Serchhip Ward-25,23.8122,91.824,POINT(91.824 23.8122)
Arunachal Pradesh,Tawang,Tawang Sub-Division,Chumukedima Ward-1,27.4469,91.7154,POINT(91.7154 27.4469)
Arunachal Pradesh,West Kameng,West Kameng Sub-Division,Mangan Ward-2,27.3519,92.2786,POINT(92.2786 27.3519)
Arunachal Pradesh,Papum Pare,Papum Pare Sub-Division,Lumla Ward-3,27.1821,93.5408,POINT(93.5408 27.1821)
Arunachal Pradesh,East Siang,East Siang Sub-Division,Moirang Ward-4,28.0294,95.2962,POINT(95.2962 28.0294)
Arunachal Pradesh,Lower Subansiri,Lower Subansiri Sub-Division,Hnahthial Ward-5,27.4255,93.7022,POINT(93.7022 27.4255)
Assam,Kamrup Metropolitan,Kamrup Metropolitan Sub-Division,Ambassa Ward-6,26.0005,91.809,POINT(91.809 26.0005)
Assam,Kamrup Rural,Kamrup Rural Sub-Division,Dirang Ward-7,26.2558,91.6498,POINT(91.6498 26.2558)
Assam,Darrang,Darrang Sub-Division,Lumla Ward-8,26.5374,92.0085,POINT(92.0085 26.5374)
Assam,Sonitpur,Sonitpur Sub-Division,Cherrapunji Ward-9,26.5446,92.7219,POINT(92.7219 26.5446)
Assam,Dibrugarh,Dibrugarh Sub-Division,Bishalgarh Ward-10,27.4517,94.8287,POINT(94.8287 27.4517)
Assam,Cachar,Cachar Sub-Division,Cherrapunji Ward-11,24.9556,92.7889,POINT(92.7889 24.9556)
Assam,Nagaon,Nagaon Sub-Division,Lumla Ward-12,26.4135,92.8194,POINT(92.8194 26.4135)
Meghalaya,East Khasi Hills,East Khasi Hills Sub-Division,Sipajhar Ward-13,25.496,92.0359,POINT(92.0359 25.496)
Meghalaya,West Khasi Hills,West Khasi Hills Sub-Division,Sipajhar Ward-14,25.503,91.1427,POINT(91.1427 25.503)
Meghalaya,Ri-Bhoi,Ri-Bhoi Sub-Division,Nongpoh Ward-15,26.0427,91.7586,POINT(91.7586 26.0427)
Meghalaya,West Jaintia Hills,West Jaintia Hills Sub-Division,Lumla Ward-16,25.478,92.0752,POINT(92.0752 25.478)
Sikkim,East Sikkim,East Sikkim Sub-Division,Rangia Ward-17,27.4058,88.6265,POINT(88.6265 27.4058)
Sikkim,North Sikkim,North Sikkim Sub-Division,Sipajhar Ward-18,27.4736,88.6222,POINT(88.6222 27.4736)
Sikkim,South Sikkim,South Sikkim Sub-Division,Ambassa Ward-19,27.1896,88.322,POINT(88.322 27.1896)
Nagaland,Kohima,Kohima Sub-Division,Teliamura Ward-20,25.6938,94.1052,POINT(94.1052 25.6938)
Nagaland,Dimapur,Dimapur Sub-Division,Rupa Ward-21,25.8534,93.7902,POINT(93.7902 25.8534)
Nagaland,Mokokchung,Mokokchung Sub-Division,Cherrapunji Ward-22,26.3949,94.6464,POINT(94.6464 26.3949)
Manipur,Imphal West,Imphal West Sub-Division,Dirang Ward-23,24.8941,93.8354,POINT(93.8354 24.8941)
Manipur,Bishnupur,Bishnupur Sub-Division,Bishalgarh Ward-24,24.7433,93.6486,POINT(93.6486 24.7433)
Manipur,Senapati,Senapati Sub-Division,Sipajhar Ward-25,25.3509,94.0062,POINT(94.0062 25.3509)
Mizoram,Aizawl,Aizawl Sub-Division,Kalaigaon Ward-1,23.5799,92.6029,POINT(92.6029 23.5799)
Mizoram,Kolasib,Kolasib Sub-Division,Chumukedima Ward-2,24.1513,92.6267,POINT(92.6267 24.1513)
Mizoram,Lunglei,Lunglei Sub-Division,Hnahthial Ward-3,22.7725,92.747,POINT(92.747 22.7725)
Tripura,West Tripura,West Tripura Sub-Division,Chumukedima Ward-4,23.7929,91.3182,POINT(91.3182 23.7929)
Tripura,Sipahijala,Sipahijala Sub-Division,Chumukedima Ward-5,23.7631,91.378,POINT(91.378 23.7631)
Tripura,Dhalai,Dhalai Sub-Division,Bishalgarh Ward-6,23.9145,91.8422,POINT(91.8422 23.9145)
Arunachal Pradesh,Tawang,Tawang Sub-Division,Bishalgarh Ward-7,27.4562,92.0025,POINT(92.0025 27.4562)
Arunachal Pradesh,West Kameng,West Kameng Sub-Division,Chaygaon Ward-8,27.1427,92.4035,POINT(92.4035 27.1427)
Arunachal Pradesh,Papum Pare,Papum Pare Sub-Division,Ambassa Ward-9,26.9973,93.5717,POINT(93.5717 26.9973)
Arunachal Pradesh,East Siang,East Siang Sub-Division,Chumukedima Ward-10,27.9202,95.2338,POINT(95.2338 27.9202)
Arunachal Pradesh,Lower Subansiri,Lower Subansiri Sub-Division,Nongpoh Ward-11,27.5753,93.7717,POINT(93.7717 27.5753)
Assam,Kamrup Metropolitan,Kamrup Metropolitan Sub-Division,Mangan Ward-12,26.1628,91.7787,POINT(91.7787 26.1628)
Assam,Kamrup Rural,Kamrup Rural Sub-Division,Chumukedima Ward-13,26.2542,91.496,POINT(91.496 26.2542)
Assam,Darrang,Darrang Sub-Division,Kalaigaon Ward-14,26.4587,92.0744,POINT(92.0744 26.4587)
Assam,Sonitpur,Sonitpur Sub-Division,Ambassa Ward-15,26.6615,92.7258,POINT(92.7258 26.6615)
Assam,Dibrugarh,Dibrugarh Sub-Division,Tseminyu Ward-16,27.5956,94.8248,POINT(94.8248 27.5956)
Assam,Cachar,Cachar Sub-Division,Serchhip Ward-17,24.7107,92.8699,POINT(92.8699 24.7107)
Assam,Nagaon,Nagaon Sub-Division,Mangan Ward-18,26.1953,92.5573,POINT(92.5573 26.1953)
Meghalaya,East Khasi Hills,East Khasi Hills Sub-Division,Ambassa Ward-19,25.5564,91.8848,POINT(91.8848 25.5564)
Meghalaya,West Khasi Hills,West Khasi Hills Sub-Division,Tenga Ward-20,25.528,91.2232,POINT(91.2232 25.528)
Meghalaya,Ri-Bhoi,Ri-Bhoi Sub-Division,Tenga Ward-21,26.0016,91.8251,POINT(91.8251 26.0016)
Meghalaya,West Jaintia Hills,West Jaintia Hills Sub-Division,Dirang Ward-22,25.5866,92.3336,POINT(92.3336 25.5866)
Sikkim,East Sikkim,East Sikkim Sub-Division,Sipajhar Ward-23,27.3201,88.589,POINT(88.589 27.3201)
Sikkim,North Sikkim,North Sikkim Sub-Division,Jang Ward-24,27.5174,88.5306,POINT(88.5306 27.5174)
Sikkim,South Sikkim,South Sikkim Sub-Division,Dirang Ward-25,27.2766,88.4312,POINT(88.4312 27.2766)
Nagaland,Kohima,Kohima Sub-Division,Singtam Ward-1,25.693,94.258,POINT(94.258 25.693)
Nagaland,Dimapur,Dimapur Sub-Division,Singtam Ward-2,26.0368,93.8761,POINT(93.8761 26.0368)
Nagaland,Mokokchung,Mokokchung Sub-Division,Kalaigaon Ward-3,26.1767,94.4631,POINT(94.4631 26.1767)
Manipur,Imphal West,Imphal West Sub-Division,Rupa Ward-4,24.8178,93.7907,POINT(93.7907 24.8178)
Manipur,Bishnupur,Bishnupur Sub-Division,Hnahthial Ward-5,24.626,93.6277,POINT(93.6277 24.626)
Manipur,Senapati,Senapati Sub-Division,Teliamura Ward-6,25.1272,94.0317,POINT(94.0317 25.1272)
Mizoram,Aizawl,Aizawl Sub-Division,Chumukedima Ward-7,23.8763,92.7573,POINT(92.7573 23.8763)
Mizoram,Kolasib,Kolasib Sub-Division,Bishalgarh Ward-8,24.2643,92.6937,POINT(92.6937 24.2643)
Mizoram,Lunglei,Lunglei Sub-Division,Gyalshing Ward-9,22.9983,92.636,POINT(92.636 22.9983)
Tripura,West Tripura,West Tripura Sub-Division,Lumla Ward-10,23.7063,91.387,POINT(91.387 23.7063)
Tripura,Sipahijala,Sipahijala Sub-Division,Bishalgarh Ward-11,23.5037,91.1912,POINT(91.1912 23.5037)
Tripura,Dhalai,Dhalai Sub-Division,Jang Ward-12,23.8965,91.9212,POINT(91.9212 23.8965)
Arunachal Pradesh,Tawang,Tawang Sub-Division,Jang Ward-13,27.531,91.9222,POINT(91.9222 27.531)
Arunachal Pradesh,West Kameng,West Kameng Sub-Division,Moirang Ward-14,27.2244,92.2702,POINT(92.2702 27.2244)
Arunachal Pradesh,Papum Pare,Papum Pare Sub-Division,Dirang Ward-15,27.1513,93.4861,POINT(93.4861 27.1513)
Arunachal Pradesh,East Siang,East Siang Sub-Division,Nongpoh Ward-16,27.996,95.2278,POINT(95.2278 27.996)
Arunachal Pradesh,Lower Subansiri,Lower Subansiri Sub-Division,Teliamura Ward-17,27.5516,93.7319,POINT(93.7319 27.5516)
Assam,Kamrup Metropolitan,Kamrup Metropolitan Sub-Division,Nongpoh Ward-18,26.0878,91.7544,POINT(91.7544 26.0878)
Assam,Kamrup Rural,Kamrup Rural Sub-Division,Jang Ward-19,26.2439,91.5819,POINT(91.5819 26.2439)
Assam,Darrang,Darrang Sub-Division,Chaygaon Ward-20,26.3568,91.9069,POINT(91.9069 26.3568)
Assam,Sonitpur,Sonitpur Sub-Division,Lumla Ward-21,26.7138,92.8792,POINT(92.8792 26.7138)
Assam,Dibrugarh,Dibrugarh Sub-Division,Singtam Ward-22,27.586,95.045,POINT(95.045 27.586)
Assam,Cachar,Cachar Sub-Division,Mangan Ward-23,24.9537,92.6862,POINT(92.6862 24.9537)
Assam,Nagaon,Nagaon Sub-Division,Dirang Ward-24,26.309,92.6201,POINT(92.6201 26.309)
Meghalaya,East Khasi Hills,East Khasi Hills Sub-Division,Chumukedima Ward-25,25.4966,91.7998,POINT(91.7998 25.4966)
Meghalaya,West Khasi Hills,West Khasi Hills Sub-Division,Rangia Ward-1,25.4378,91.2419,POINT(91.2419 25.4378)
Meghalaya,Ri-Bhoi,Ri-Bhoi Sub-Division,Serchhip Ward-2,25.8547,91.9225,POINT(91.9225 25.8547)
Meghalaya,West Jaintia Hills,West Jaintia Hills Sub-Division,Teliamura Ward-3,25.3511,92.3349,POINT(92.3349 25.3511)
Sikkim,East Sikkim,East Sikkim Sub-Division,Serchhip Ward-4,27.2521,88.6672,POINT(88.6672 27.2521)
Sikkim,North Sikkim,North Sikkim Sub-Division,Tseminyu Ward-5,27.4366,88.5027,POINT(88.5027 27.4366)
Sikkim,South Sikkim,South Sikkim Sub-Division,Nambol Ward-6,27.1007,88.354,POINT(88.354 27.1007)
Nagaland,Kohima,Kohima Sub-Division,Cherrapunji Ward-7,25.5345,93.9932,POINT(93.9932 25.5345)
Nagaland,Dimapur,Dimapur Sub-Division,Mairang Ward-8,25.897,93.6744,POINT(93.6744 25.897)
Nagaland,Mokokchung,Mokokchung Sub-Division,Sipajhar Ward-9,26.1852,94.5804,POINT(94.5804 26.1852)
Manipur,Imphal West,Imphal West Sub-Division,Nongpoh Ward-10,24.7146,93.9294,POINT(93.9294 24.7146)
Manipur,Bishnupur,Bishnupur Sub-Division,Mairang Ward-11,24.7563,93.7064,POINT(93.7064 24.7563)
Manipur,Senapati,Senapati Sub-Division,Chumukedima Ward-12,25.2417,94.045,POINT(94.045 25.2417)
Mizoram,Aizawl,Aizawl Sub-Division,Cherrapunji Ward-13,23.6969,92.8178,POINT(92.8178 23.6969)
Mizoram,Kolasib,Kolasib Sub-Division,Singtam Ward-14,24.2148,92.6503,POINT(92.6503 24.2148)
Mizoram,Lunglei,Lunglei Sub-Division,Tseminyu Ward-15,22.959,92.8603,POINT(92.8603 22.959)
Tripura,West Tripura,West Tripura Sub-Division,Kalaigaon Ward-16,23.7623,91.31,POINT(91.31 23.7623)
Tripura,Sipahijala,Sipahijala Sub-Division,Nongpoh Ward-17,23.7617,91.428,POINT(91.428 23.7617)
Tripura,Dhalai,Dhalai Sub-Division,Tseminyu Ward-18,23.9917,91.9256,POINT(91.9256 23.9917)
Arunachal Pradesh,Tawang,Tawang Sub-Division,Rangia Ward-19,27.4522,91.7365,POINT(91.7365 27.4522)
Arunachal Pradesh,West Kameng,West Kameng Sub-Division,Hnahthial Ward-20,27.2521,92.3155,POINT(92.3155 27.2521)
Arunachal Pradesh,Papum Pare,Papum Pare Sub-Division,Jang Ward-21,27.002,93.5589,POINT(93.5589 27.002)
Arunachal Pradesh,East Siang,East Siang Sub-Division,Gyalshing Ward-22,27.9431,95.2494,POINT(95.2494 27.9431)
Arunachal Pradesh,Lower Subansiri,Lower Subansiri Sub-Division,Chumukedima Ward-23,27.4015,93.7278,POINT(93.7278 27.4015)
Assam,Kamrup Metropolitan,Kamrup Metropolitan Sub-Division,Tseminyu Ward-24,26.2041,91.86,POINT(91.86 26.2041)
Assam,Kamrup Rural,Kamrup Rural Sub-Division,Serchhip Ward-25,26.1078,91.6871,POINT(91.6871 26.1078)
Assam,Darrang,Darrang Sub-Division,Sipajhar Ward-1,26.3421,92.113,POINT(92.113 26.3421)
Assam,Sonitpur,Sonitpur Sub-Division,Chaygaon Ward-2,26.7456,92.8217,POINT(92.8217 26.7456)
Assam,Dibrugarh,Dibrugarh Sub-Division,Tseminyu Ward-3,27.5449,94.9379,POINT(94.9379 27.5449)
Assam,Cachar,Cachar Sub-Division,Chaygaon Ward-4,24.7538,92.7376,POINT(92.7376 24.7538)
Assam,Nagaon,Nagaon Sub-Division,Hnahthial Ward-5,26.4207,92.8084,POINT(92.8084 26.4207)
Meghalaya,East Khasi Hills,East Khasi Hills Sub-Division,Kalaigaon Ward-6,25.4421,91.8339,POINT(91.8339 25.4421)
Meghalaya,West Khasi Hills,West Khasi Hills Sub-Division,Sipajhar Ward-7,25.4877,91.1955,POINT(91.1955 25.4877)
Meghalaya,Ri-Bhoi,Ri-Bhoi Sub-Division,Sipajhar Ward-8,25.8283,92.0165,POINT(92.0165 25.8283)
Meghalaya,West Jaintia Hills,West Jaintia Hills Sub-Division,Sipajhar Ward-9,25.5503,92.1895,POINT(92.1895 25.5503)
Sikkim,East Sikkim,East Sikkim Sub-Division,Singtam Ward-10,27.3857,88.5778,POINT(88.5778 27.3857)
Sikkim,North Sikkim,North Sikkim Sub-Division,Jang Ward-11,27.5224,88.5152,POINT(88.5152 27.5224)
Sikkim,South Sikkim,South Sikkim Sub-Division,Chaygaon Ward-12,27.2211,88.3267,POINT(88.3267 27.2211)
Nagaland,Kohima,Kohima Sub-Division,Tseminyu Ward-13,25.7153,94.1397,POINT(94.1397 25.7153)
Nagaland,Dimapur,Dimapur Sub-Division,Nambol Ward-14,25.9911,93.7911,POINT(93.7911 25.9911)
Nagaland,Mokokchung,Mokokchung Sub-Division,Dirang Ward-15,26.4106,94.6642,POINT(94.6642 26.4106)
Manipur,Imphal West,Imphal West Sub-Division,Tenga Ward-16,24.691,93.7889,POINT(93.7889 24.691)
Manipur,Bishnupur,Bishnupur Sub-Division,Tenga Ward-17,24.6369,93.7989,POINT(93.7989 24.6369)
Manipur,Senapati,Senapati Sub-Division,Lumla Ward-18,25.1945,93.8965,POINT(93.8965 25.1945)
Mizoram,Aizawl,Aizawl Sub-Division,Serchhip Ward-19,23.7569,92.6784,POINT(92.6784 23.7569)
Mizoram,Kolasib,Kolasib Sub-Division,Tenga Ward-20,24.3158,92.6928,POINT(92.6928 24.3158)
Mizoram,Lunglei,Lunglei Sub-Division,Nambol Ward-21,22.864,92.6793,POINT(92.6793 22.864)
Tripura,West Tripura,West Tripura Sub-Division,Sipajhar Ward-22,23.6925,91.3584,POINT(91.3584 23.6925)
Tripura,Sipahijala,Sipahijala Sub-Division,Moirang Ward-23,23.5228,91.2054,POINT(91.2054 23.5228)
Tripura,Dhalai,Dhalai Sub-Division,Chumukedima Ward-24,23.9916,91.9067,POINT(91.9067 23.9916)
Arunachal Pradesh,Tawang,Tawang Sub-Division,Hnahthial Ward-25,27.7158,91.9555,POINT(91.9555 27.7158)
Arunachal Pradesh,West Kameng,West Kameng Sub-Division,Mangan Ward-1,27.2263,92.3099,POINT(92.3099 27.2263)
Arunachal Pradesh,Papum Pare,Papum Pare Sub-Division,Bishalgarh Ward-2,27.065,93.7607,POINT(93.7607 27.065)
Arunachal Pradesh,East Siang,East Siang Sub-Division,Bishalgarh Ward-3,28.0066,95.2962,POINT(95.2962 28.0066)
Arunachal Pradesh,Lower Subansiri,Lower Subansiri Sub-Division,Hnahthial Ward-4,27.5959,93.9449,POINT(93.9449 27.5959)
Assam,Kamrup Metropolitan,Kamrup Metropolitan Sub-Division,Rupa Ward-5,26.2326,91.7575,POINT(91.7575 26.2326)
Assam,Kamrup Rural,Kamrup Rural Sub-Division,Hnahthial Ward-6,26.2731,91.6203,POINT(91.6203 26.2731)
Assam,Darrang,Darrang Sub-Division,Bishalgarh Ward-7,26.5302,92.0121,POINT(92.0121 26.5302)
Assam,Sonitpur,Sonitpur Sub-Division,Nongpoh Ward-8,26.6343,92.6563,POINT(92.6563 26.6343)
Assam,Dibrugarh,Dibrugarh Sub-Division,Gyalshing Ward-9,27.4046,94.8842,POINT(94.8842 27.4046)
Assam,Cachar,Cachar Sub-Division,Sipajhar Ward-10,24.7657,92.7676,POINT(92.7676 24.7657)
Assam,Nagaon,Nagaon Sub-Division,Sipajhar Ward-11,26.2616,92.5394,POINT(92.5394 26.2616)
Meghalaya,East Khasi Hills,East Khasi Hills Sub-Division,Rangia Ward-12,25.6472,91.9261,POINT(91.9261 25.6472)
Meghalaya,West Khasi Hills,West Khasi Hills Sub-Division,Teliamura Ward-13,25.4586,91.2267,POINT(91.2267 25.4586)
Meghalaya,Ri-Bhoi,Ri-Bhoi Sub-Division,Jang Ward-14,25.8459,91.9768,POINT(91.9768 25.8459)
Meghalaya,West Jaintia Hills,West Jaintia Hills Sub-Division,Dirang Ward-15,25.3632,92.2593,POINT(92.2593 25.3632)
Sikkim,East Sikkim,East Sikkim Sub-Division,Bishalgarh Ward-16,27.3871,88.6279,POINT(88.6279 27.3871)
Sikkim,North Sikkim,North Sikkim Sub-Division,Singtam Ward-17,27.4536,88.4623,POINT(88.4623 27.4536)
Sikkim,South Sikkim,South Sikkim Sub-Division,Ambassa Ward-18,27.1146,88.4024,POINT(88.4024 27.1146)
Nagaland,Kohima,Kohima Sub-Division,Bishalgarh Ward-19,25.7124,94.1281,POINT(94.1281 25.7124)
Nagaland,Dimapur,Dimapur Sub-Division,Sipajhar Ward-20,26.0488,93.7444,POINT(93.7444 26.0488)
Nagaland,Mokokchung,Mokokchung Sub-Division,Hnahthial Ward-21,26.3363,94.4835,POINT(94.4835 26.3363)
Manipur,Imphal West,Imphal West Sub-Division,Kalaigaon Ward-22,24.7304,93.82,POINT(93.82 24.7304)
Manipur,Bishnupur,Bishnupur Sub-Division,Nambol Ward-23,24.7157,93.8348,POINT(93.8348 24.7157)
Manipur,Senapati,Senapati Sub-Division,Serchhip Ward-24,25.1753,94.1301,POINT(94.1301 25.1753)
Mizoram,Aizawl,Aizawl Sub-Division,Cherrapunji Ward-25,23.6088,92.833,POINT(92.833 23.6088)
Mizoram,Kolasib,Kolasib Sub-Division,Bishalgarh Ward-1,24.2307,92.6477,POINT(92.6477 24.2307)
Mizoram,Lunglei,Lunglei Sub-Division,Kalaigaon Ward-2,22.8159,92.8674,POINT(92.8674 22.8159)
Tripura,West Tripura,West Tripura Sub-Division,Chaygaon Ward-3,23.768,91.2966,POINT(91.2966 23.768)
Tripura,Sipahijala,Sipahijala Sub-Division,Lumla Ward-4,23.69,91.1915,POINT(91.1915 23.69)
Tripura,Dhalai,Dhalai Sub-Division,Tenga Ward-5,23.8231,91.8909,POINT(91.8909 23.8231)
Arunachal Pradesh,Tawang,Tawang Sub-Division,Kalaigaon Ward-6,27.5871,91.7336,POINT(91.7336 27.5871)
Arunachal Pradesh,West Kameng,West Kameng Sub-Division,Ambassa Ward-7,27.212,92.3409,POINT(92.3409 27.212)
Arunachal Pradesh,Papum Pare,Papum Pare Sub-Division,Ambassa Ward-8,27.236,93.4734,POINT(93.4734 27.236)
Arunachal Pradesh,East Siang,East Siang Sub-Division,Chaygaon Ward-9,28.0816,95.435,POINT(95.435 28.0816)
Arunachal Pradesh,Lower Subansiri,Lower Subansiri Sub-Division,Ambassa Ward-10,27.6169,93.7518,POINT(93.7518 27.6169)
Assam,Kamrup Metropolitan,Kamrup Metropolitan Sub-Division,Cherrapunji Ward-11,26.0913,91.6741,POINT(91.6741 26.0913)
Assam,Kamrup Rural,Kamrup Rural Sub-Division,Cherrapunji Ward-12,26.1728,91.6171,POINT(91.6171 26.1728)
Assam,Darrang,Darrang Sub-Division,Teliamura Ward-13,26.5938,92.0311,POINT(92.0311 26.5938)
Assam,Sonitpur,Sonitpur Sub-Division,Ambassa Ward-14,26.7454,92.9153,POINT(92.9153 26.7454)
Assam,Dibrugarh,Dibrugarh Sub-Division,Cherrapunji Ward-15,27.3249,94.7717,POINT(94.7717 27.3249)
Assam,Cachar,Cachar Sub-Division,Dirang Ward-16,24.8244,92.7445,POINT(92.7445 24.8244)
Assam,Nagaon,Nagaon Sub-Division,Lumla Ward-17,26.41,92.5703,POINT(92.5703 26.41)
Meghalaya,East Khasi Hills,East Khasi Hills Sub-Division,Chaygaon Ward-18,25.6432,91.8749,POINT(91.8749 25.6432)
Meghalaya,West Khasi Hills,West Khasi Hills Sub-Division,Mairang Ward-19,25.4795,91.3567,POINT(91.3567 25.4795)
Meghalaya,Ri-Bhoi,Ri-Bhoi Sub-Division,Sipajhar Ward-20,26.0282,91.9188,POINT(91.9188 26.0282)
Meghalaya,West Jaintia Hills,West Jaintia Hills Sub-Division,Dirang Ward-21,25.3438,92.1287,POINT(92.1287 25.3438)
Sikkim,East Sikkim,East Sikkim Sub-Division,Bishalgarh Ward-22,27.4055,88.5664,POINT(88.5664 27.4055)
Sikkim,North Sikkim,North Sikkim Sub-Division,Chumukedima Ward-23,27.5887,88.463,POINT(88.463 27.5887)
Sikkim,South Sikkim,South Sikkim Sub-Division,Bishalgarh Ward-24,27.1575,88.4127,POINT(88.4127 27.1575)
Nagaland,Kohima,Kohima Sub-Division,Hnahthial Ward-25,25.6137,94.092,POINT(94.092 25.6137)
