report_id,vehicle_id,timestamp,state,district,latitude,longitude,incident_type,severity,description,road_status,photo_available,verified,source
FR000001,V0392,2026-07-01 00:00:00,Arunachal Pradesh,Tawang,27.6279,91.7169,HEAVY_RAIN,CRITICAL,Field observation of heavy_rain event on Bhalukpong-Tawang Hwy,BLOCKED,1,1,BORDER_ROAD_CREW
FR000002,V0428,2026-07-01 01:12:00,Arunachal Pradesh,West Kameng,27.1452,92.4881,ACCIDENT,CRITICAL,Field observation of accident event on Trans-Arunachal Hwy,BLOCKED,1,1,BORDER_ROAD_CREW
FR000003,V0320,2026-07-01 02:24:00,Arunachal Pradesh,Papum Pare,26.9593,93.5322,ROCKFALL,LOW,Field observation of rockfall event on Itanagar-Naharlagun Corridor,OPEN,1,1,FIELD_OFFICER
FR000004,V0119,2026-07-01 03:36:00,Arunachal Pradesh,East Siang,28.1308,95.3864,ROAD_DAMAGE,HIGH,Field observation of road_damage event on Pasighat Corridor,PARTIAL,0,1,FIELD_OFFICER
FR000005,V0197,2026-07-01 04:48:00,Arunachal Pradesh,Lower Subansiri,27.6428,93.6819,LANDSLIDE,HIGH,Field observation of landslide event on Ziro-Yachuli Road,PARTIAL,1,1,DRIVER
FR000006,V0313,2026-07-01 06:00:00,Assam,Kamrup Metropolitan,26.0779,91.6508,ROCKFALL,LOW,Field observation of rockfall event on East-West Corridor,OPEN,0,1,BORDER_ROAD_CREW
FR000007,V0328,2026-07-01 07:12:00,Assam,Kamrup Rural,26.064,91.6662,HEAVY_RAIN,LOW,Field observation of heavy_rain event on Amingaon-Rangia Hwy,OPEN,1,1,DRIVER
FR000008,V0116,2026-07-01 08:24:00,Assam,Darrang,26.4398,91.9184,FLOOD,MEDIUM,Field observation of flood event on North Bank Hwy,PARTIAL,0,0,FIELD_OFFICER
FR000009,V0428,2026-07-01 09:36:00,Assam,Sonitpur,26.7326,92.8282,ROAD_DAMAGE,HIGH,Field observation of road_damage event on Tezpur-Biswanath Hwy,PARTIAL,0,1,DRIVER
FR000010,V0151,2026-07-01 10:48:00,Assam,Dibrugarh,27.3437,94.9604,FLOOD,LOW,Field observation of flood event on Upper Assam Hwy,OPEN,0,1,DRIVER
FR000011,V0245,2026-07-01 12:00:00,Assam,Cachar,24.7531,92.6592,HEAVY_RAIN,HIGH,Field observation of heavy_rain event on Silchar-Badarpur Corridor,PARTIAL,1,0,DRIVER
FR000012,V0205,2026-07-01 13:12:00,Assam,Nagaon,26.244,92.6406,HEAVY_RAIN,LOW,Field observation of heavy_rain event on Kaziranga Bypass,OPEN,1,1,DRIVER
FR000013,V0298,2026-07-01 14:24:00,Meghalaya,East Khasi Hills,25.6232,91.926,ROAD_DAMAGE,LOW,Field observation of road_damage event on Shillong-Dawki Hwy,OPEN,1,0,BORDER_ROAD_CREW
FR000014,V0139,2026-07-01 15:36:00,Meghalaya,West Khasi Hills,25.4987,91.191,FLOOD,CRITICAL,Field observation of flood event on Nongstoin Road,BLOCKED,1,1,LOCAL_SCOUT
FR000015,V0346,2026-07-01 16:48:00,Meghalaya,Ri-Bhoi,25.9554,91.9829,ROAD_DAMAGE,CRITICAL,Field observation of road_damage event on Guwahati-Shillong Expressway,BLOCKED,0,1,DRIVER
FR000016,V0153,2026-07-01 18:00:00,Meghalaya,West Jaintia Hills,25.5415,92.1703,FLOOD,CRITICAL,Field observation of flood event on Jowai Bypass,BLOCKED,1,1,FIELD_OFFICER
FR000017,V0429,2026-07-01 19:12:00,Sikkim,East Sikkim,27.4518,88.5509,ROAD_DAMAGE,HIGH,Field observation of road_damage event on Sevoke-Gangtok Hwy,PARTIAL,1,1,DRIVER
FR000018,V0165,2026-07-01 20:24:00,Sikkim,North Sikkim,27.5429,88.4429,LANDSLIDE,HIGH,Field observation of landslide event on Mangan-Chungthang Road,PARTIAL,1,1,LOCAL_SCOUT
FR000019,V0219,2026-07-01 21:36:00,Sikkim,South Sikkim,27.0988,88.3754,ACCIDENT,CRITICAL,Field observation of accident event on Namchi-Jorethang Rd,BLOCKED,1,1,BORDER_ROAD_CREW
FR000020,V0439,2026-07-01 22:48:00,Nagaland,Kohima,25.8243,94.0001,ROCKFALL,MEDIUM,Field observation of rockfall event on Dimapur-Kohima Corridor,PARTIAL,1,1,LOCAL_SCOUT
FR000021,V0412,2026-07-02 00:00:00,Nagaland,Dimapur,25.7897,93.7657,HEAVY_RAIN,CRITICAL,Field observation of heavy_rain event on Dimapur Gateway,BLOCKED,0,1,BORDER_ROAD_CREW
FR000022,V0316,2026-07-02 01:12:00,Nagaland,Mokokchung,26.2904,94.5488,LANDSLIDE,LOW,Field observation of landslide event on Mokokchung-Amguri Rd,OPEN,0,0,DRIVER
FR000023,V0206,2026-07-02 02:24:00,Manipur,Imphal West,24.9252,93.7902,LANDSLIDE,HIGH,Field observation of landslide event on Imphal Ring Road,PARTIAL,1,0,BORDER_ROAD_CREW
FR000024,V0171,2026-07-02 03:36:00,Manipur,Bishnupur,24.7077,93.8451,FLOOD,HIGH,Field observation of flood event on Imphal-Churachandpur Hwy,PARTIAL,1,0,LOCAL_SCOUT
FR000025,V0391,2026-07-02 04:48:00,Manipur,Senapati,25.2461,94.1461,ACCIDENT,CRITICAL,Field observation of accident event on Mao-Maram Highway,BLOCKED,0,1,LOCAL_SCOUT
FR000026,V0126,2026-07-02 06:00:00,Mizoram,Aizawl,23.8057,92.7199,HEAVY_RAIN,LOW,Field observation of heavy_rain event on Silchar-Aizawl Hwy,OPEN,0,1,DRIVER
FR000027,V0233,2026-07-02 07:12:00,Mizoram,Kolasib,24.2617,92.7127,ROAD_DAMAGE,LOW,Field observation of road_damage event on Vairengte-Kolasib Corridor,OPEN,1,1,LOCAL_SCOUT
FR000028,V0248,2026-07-02 08:24:00,Mizoram,Lunglei,23.016,92.8667,ROCKFALL,LOW,Field observation of rockfall event on Aizawl-Lunglei Road,OPEN,0,0,LOCAL_SCOUT
FR000029,V0382,2026-07-02 09:36:00,Tripura,West Tripura,23.6873,91.4155,LANDSLIDE,MEDIUM,Field observation of landslide event on Assam-Agartala National Hwy,PARTIAL,1,1,FIELD_OFFICER
FR000030,V0137,2026-07-02 10:48:00,Tripura,Sipahijala,23.5568,91.2343,LANDSLIDE,LOW,Field observation of landslide event on Agartala-Udaipur Hwy,OPEN,1,1,LOCAL_SCOUT
FR000031,V0375,2026-07-02 12:00:00,Tripura,Dhalai,23.8458,91.7208,LANDSLIDE,LOW,Field observation of landslide event on Ambassa Corridor,OPEN,1,0,LOCAL_SCOUT
FR000032,V0413,2026-07-02 13:12:00,Arunachal Pradesh,Tawang,27.634,91.9935,HEAVY_RAIN,HIGH,Field observation of heavy_rain event on Bhalukpong-Tawang Hwy,PARTIAL,0,1,BORDER_ROAD_CREW
FR000033,V0107,2026-07-02 14:24:00,Arunachal Pradesh,West Kameng,27.2414,92.3294,ROCKFALL,CRITICAL,Field observation of rockfall event on Trans-Arunachal Hwy,BLOCKED,0,1,BORDER_ROAD_CREW
FR000034,V0112,2026-07-02 15:36:00,Arunachal Pradesh,Papum Pare,27.1643,93.5863,FLOOD,MEDIUM,Field observation of flood event on Itanagar-Naharlagun Corridor,PARTIAL,1,1,DRIVER
FR000035,V0200,2026-07-02 16:48:00,Arunachal Pradesh,East Siang,28.0713,95.2123,FLOOD,MEDIUM,Field observation of flood event on Pasighat Corridor,PARTIAL,1,1,BORDER_ROAD_CREW
FR000036,V0226,2026-07-02 18:00:00,Arunachal Pradesh,Lower Subansiri,27.5662,93.8565,ROCKFALL,LOW,Field observation of rockfall event on Ziro-Yachuli Road,OPEN,1,1,FIELD_OFFICER
FR000037,V0228,2026-07-02 19:12:00,Assam,Kamrup Metropolitan,26.0632,91.8578,HEAVY_RAIN,HIGH,Field observation of heavy_rain event on East-West Corridor,PARTIAL,1,1,DRIVER
FR000038,V0405,2026-07-02 20:24:00,Assam,Kamrup Rural,26.1185,91.5576,FLOOD,LOW,Field observation of flood event on Amingaon-Rangia Hwy,OPEN,1,1,BORDER_ROAD_CREW
FR000039,V0218,2026-07-02 21:36:00,Assam,Darrang,26.4733,92.0228,ACCIDENT,CRITICAL,Field observation of accident event on North Bank Hwy,BLOCKED,0,0,BORDER_ROAD_CREW
FR000040,V0390,2026-07-02 22:48:00,Assam,Sonitpur,26.5121,92.8403,ACCIDENT,HIGH,Field observation of accident event on Tezpur-Biswanath Hwy,PARTIAL,1,1,LOCAL_SCOUT
FR000041,V0322,2026-07-03 00:00:00,Assam,Dibrugarh,27.5415,94.964,LANDSLIDE,CRITICAL,Field observation of landslide event on Upper Assam Hwy,BLOCKED,1,1,FIELD_OFFICER
FR000042,V0248,2026-07-03 01:12:00,Assam,Cachar,24.7851,92.8874,ROCKFALL,MEDIUM,Field observation of rockfall event on Silchar-Badarpur Corridor,PARTIAL,0,1,FIELD_OFFICER
FR000043,V0251,2026-07-03 02:24:00,Assam,Nagaon,26.2373,92.589,ROCKFALL,HIGH,Field observation of rockfall event on Kaziranga Bypass,PARTIAL,1,1,BORDER_ROAD_CREW
FR000044,V0112,2026-07-03 03:36:00,Meghalaya,East Khasi Hills,25.5617,92.0017,ROAD_DAMAGE,LOW,Field observation of road_damage event on Shillong-Dawki Hwy,OPEN,1,1,FIELD_OFFICER
FR000045,V0425,2026-07-03 04:48:00,Meghalaya,West Khasi Hills,25.5222,91.1144,ROAD_DAMAGE,CRITICAL,Field observation of road_damage event on Nongstoin Road,BLOCKED,1,1,FIELD_OFFICER
FR000046,V0136,2026-07-03 06:00:00,Meghalaya,Ri-Bhoi,25.7999,91.8757,ACCIDENT,LOW,Field observation of accident event on Guwahati-Shillong Expressway,OPEN,1,0,FIELD_OFFICER
FR000047,V0120,2026-07-03 07:12:00,Meghalaya,West Jaintia Hills,25.3494,92.0506,ACCIDENT,LOW,Field observation of accident event on Jowai Bypass,OPEN,1,1,LOCAL_SCOUT
FR000048,V0219,2026-07-03 08:24:00,Sikkim,East Sikkim,27.3254,88.5834,HEAVY_RAIN,MEDIUM,Field observation of heavy_rain event on Sevoke-Gangtok Hwy,PARTIAL,1,1,LOCAL_SCOUT
FR000049,V0234,2026-07-03 09:36:00,Sikkim,North Sikkim,27.5655,88.4464,HEAVY_RAIN,MEDIUM,Field observation of heavy_rain event on Mangan-Chungthang Road,PARTIAL,1,1,DRIVER
FR000050,V0296,2026-07-03 10:48:00,Sikkim,South Sikkim,27.2407,88.2183,ACCIDENT,LOW,Field observation of accident event on Namchi-Jorethang Rd,OPEN,1,1,DRIVER
FR000051,V0187,2026-07-03 12:00:00,Nagaland,Kohima,25.676,94.2144,FLOOD,MEDIUM,Field observation of flood event on Dimapur-Kohima Corridor,PARTIAL,1,1,FIELD_OFFICER
FR000052,V0361,2026-07-03 13:12:00,Nagaland,Dimapur,26.0122,93.5981,ROAD_DAMAGE,HIGH,Field observation of road_damage event on Dimapur Gateway,PARTIAL,1,0,LOCAL_SCOUT
FR000053,V0176,2026-07-03 14:24:00,Nagaland,Mokokchung,26.211,94.6371,LANDSLIDE,HIGH,Field observation of landslide event on Mokokchung-Amguri Rd,PARTIAL,0,1,BORDER_ROAD_CREW
FR000054,V0262,2026-07-03 15:36:00,Manipur,Imphal West,24.6916,93.984,HEAVY_RAIN,MEDIUM,Field observation of heavy_rain event on Imphal Ring Road,PARTIAL,1,0,LOCAL_SCOUT
FR000055,V0198,2026-07-03 16:48:00,Manipur,Bishnupur,24.5437,93.8294,ACCIDENT,LOW,Field observation of accident event on Imphal-Churachandpur Hwy,OPEN,0,1,DRIVER
FR000056,V0395,2026-07-03 18:00:00,Manipur,Senapati,25.3037,93.9972,ROCKFALL,CRITICAL,Field observation of rockfall event on Mao-Maram Highway,BLOCKED,1,1,BORDER_ROAD_CREW
FR000057,V0139,2026-07-03 19:12:00,Mizoram,Aizawl,23.7146,92.8671,HEAVY_RAIN,CRITICAL,Field observation of heavy_rain event on Silchar-Aizawl Hwy,BLOCKED,1,0,DRIVER
FR000058,V0373,2026-07-03 20:24:00,Mizoram,Kolasib,24.1496,92.81,ACCIDENT,CRITICAL,Field observation of accident event on Vairengte-Kolasib Corridor,BLOCKED,1,1,LOCAL_SCOUT
FR000059,V0285,2026-07-03 21:36:00,Mizoram,Lunglei,22.8155,92.7215,ROAD_DAMAGE,LOW,Field observation of road_damage event on Aizawl-Lunglei Road,OPEN,1,1,DRIVER
FR000060,V0153,2026-07-03 22:48:00,Tripura,West Tripura,23.9777,91.333,ACCIDENT,CRITICAL,Field observation of accident event on Assam-Agartala National Hwy,BLOCKED,0,1,DRIVER
FR000061,V0311,2026-07-04 00:00:00,Tripura,Sipahijala,23.7645,91.1931,LANDSLIDE,MEDIUM,Field observation of landslide event on Agartala-Udaipur Hwy,PARTIAL,1,1,DRIVER
FR000062,V0203,2026-07-04 01:12:00,Tripura,Dhalai,23.7321,91.866,LANDSLIDE,CRITICAL,Field observation of landslide event on Ambassa Corridor,BLOCKED,1,1,DRIVER
FR000063,V0258,2026-07-04 02:24:00,Arunachal Pradesh,Tawang,27.539,91.9156,FLOOD,CRITICAL,Field observation of flood event on Bhalukpong-Tawang Hwy,BLOCKED,1,1,BORDER_ROAD_CREW
FR000064,V0295,2026-07-04 03:36:00,Arunachal Pradesh,West Kameng,27.3861,92.5197,HEAVY_RAIN,HIGH,Field observation of heavy_rain event on Trans-Arunachal Hwy,PARTIAL,1,1,DRIVER
FR000065,V0166,2026-07-04 04:48:00,Arunachal Pradesh,Papum Pare,26.9636,93.5667,ACCIDENT,MEDIUM,Field observation of accident event on Itanagar-Naharlagun Corridor,PARTIAL,1,0,BORDER_ROAD_CREW
FR000066,V0228,2026-07-04 06:00:00,Arunachal Pradesh,East Siang,28.1384,95.3415,FLOOD,HIGH,Field observation of flood event on Pasighat Corridor,PARTIAL,0,1,DRIVER
FR000067,V0191,2026-07-04 07:12:00,Arunachal Pradesh,Lower Subansiri,27.6835,93.8873,LANDSLIDE,HIGH,Field observation of landslide event on Ziro-Yachuli Road,PARTIAL,1,0,FIELD_OFFICER
FR000068,V0176,2026-07-04 08:24:00,Assam,Kamrup Metropolitan,26.1693,91.6306,ROAD_DAMAGE,MEDIUM,Field observation of road_damage event on East-West Corridor,PARTIAL,1,0,DRIVER
FR000069,V0146,2026-07-04 09:36:00,Assam,Kamrup Rural,26.3149,91.7037,ROCKFALL,MEDIUM,Field observation of rockfall event on Amingaon-Rangia Hwy,PARTIAL,1,1,FIELD_OFFICER
FR000070,V0249,2026-07-04 10:48:00,Assam,Darrang,26.3769,91.9118,LANDSLIDE,LOW,Field observation of landslide event on North Bank Hwy,OPEN,1,1,DRIVER
FR000071,V0412,2026-07-04 12:00:00,Assam,Sonitpur,26.776,92.8674,FLOOD,HIGH,Field observation of flood event on Tezpur-Biswanath Hwy,PARTIAL,1,1,BORDER_ROAD_CREW
FR000072,V0323,2026-07-04 13:12:00,Assam,Dibrugarh,27.6157,95.0052,ACCIDENT,CRITICAL,Field observation of accident event on Upper Assam Hwy,BLOCKED,1,1,FIELD_OFFICER
FR000073,V0134,2026-07-04 14:24:00,Assam,Cachar,24.9606,92.8636,ROCKFALL,HIGH,Field observation of rockfall event on Silchar-Badarpur Corridor,PARTIAL,1,1,BORDER_ROAD_CREW
FR000074,V0342,2026-07-04 15:36:00,Assam,Nagaon,26.4384,92.614,ROAD_DAMAGE,LOW,Field observation of road_damage event on Kaziranga Bypass,OPEN,1,1,DRIVER
FR000075,V0157,2026-07-04 16:48:00,Meghalaya,East Khasi Hills,25.4404,91.8845,FLOOD,CRITICAL,Field observation of flood event on Shillong-Dawki Hwy,BLOCKED,1,1,LOCAL_SCOUT
FR000076,V0143,2026-07-04 18:00:00,Meghalaya,West Khasi Hills,25.4516,91.3486,FLOOD,HIGH,Field observation of flood event on Nongstoin Road,PARTIAL,1,1,LOCAL_SCOUT
FR000077,V0222,2026-07-04 19:12:00,Meghalaya,Ri-Bhoi,25.8695,91.8136,HEAVY_RAIN,MEDIUM,Field observation of heavy_rain event on Guwahati-Shillong Expressway,PARTIAL,1,1,BORDER_ROAD_CREW
FR000078,V0303,2026-07-04 20:24:00,Meghalaya,West Jaintia Hills,25.4924,92.1699,ROCKFALL,CRITICAL,Field observation of rockfall event on Jowai Bypass,BLOCKED,1,1,FIELD_OFFICER
FR000079,V0102,2026-07-04 21:36:00,Sikkim,East Sikkim,27.2235,88.7476,ACCIDENT,MEDIUM,Field observation of accident event on Sevoke-Gangtok Hwy,PARTIAL,0,1,FIELD_OFFICER
FR000080,V0150,2026-07-04 22:48:00,Sikkim,North Sikkim,27.3615,88.579,ROAD_DAMAGE,CRITICAL,Field observation of road_damage event on Mangan-Chungthang Road,BLOCKED,0,1,DRIVER
FR000081,V0188,2026-07-05 00:00:00,Sikkim,South Sikkim,27.2019,88.3534,LANDSLIDE,LOW,Field observation of landslide event on Namchi-Jorethang Rd,OPEN,1,1,BORDER_ROAD_CREW
FR000082,V0331,2026-07-05 01:12:00,Nagaland,Kohima,25.5384,94.0894,ACCIDENT,LOW,Field observation of accident event on Dimapur-Kohima Corridor,OPEN,1,1,FIELD_OFFICER
FR000083,V0147,2026-07-05 02:24:00,Nagaland,Dimapur,25.9726,93.8001,FLOOD,LOW,Field observation of flood event on Dimapur Gateway,OPEN,1,1,FIELD_OFFICER
FR000084,V0117,2026-07-05 03:36:00,Nagaland,Mokokchung,26.4597,94.6462,ROCKFALL,HIGH,Field observation of rockfall event on Mokokchung-Amguri Rd,PARTIAL,1,1,LOCAL_SCOUT
FR000085,V0297,2026-07-05 04:48:00,Manipur,Imphal West,24.8829,93.8769,ROCKFALL,LOW,Field observation of rockfall event on Imphal Ring Road,OPEN,1,1,BORDER_ROAD_CREW
FR000086,V0410,2026-07-05 06:00:00,Manipur,Bishnupur,24.6916,93.7808,FLOOD,MEDIUM,Field observation of flood event on Imphal-Churachandpur Hwy,PARTIAL,1,1,BORDER_ROAD_CREW
FR000087,V0271,2026-07-05 07:12:00,Manipur,Senapati,25.3132,94.1308,LANDSLIDE,LOW,Field observation of landslide event on Mao-Maram Highway,OPEN,1,1,BORDER_ROAD_CREW
FR000088,V0226,2026-07-05 08:24:00,Mizoram,Aizawl,23.8272,92.6588,LANDSLIDE,CRITICAL,Field observation of landslide event on Silchar-Aizawl Hwy,BLOCKED,0,1,FIELD_OFFICER
FR000089,V0182,2026-07-05 09:36:00,Mizoram,Kolasib,24.2664,92.6695,HEAVY_RAIN,MEDIUM,Field observation of heavy_rain event on Vairengte-Kolasib Corridor,PARTIAL,1,1,LOCAL_SCOUT
FR000090,V0147,2026-07-05 10:48:00,Mizoram,Lunglei,22.9681,92.8779,ROCKFALL,MEDIUM,Field observation of rockfall event on Aizawl-Lunglei Road,PARTIAL,1,1,BORDER_ROAD_CREW
FR000091,V0178,2026-07-05 12:00:00,Tripura,West Tripura,23.8361,91.3267,HEAVY_RAIN,HIGH,Field observation of heavy_rain event on Assam-Agartala National Hwy,PARTIAL,0,1,DRIVER
FR000092,V0251,2026-07-05 13:12:00,Tripura,Sipahijala,23.5555,91.2551,HEAVY_RAIN,HIGH,Field observation of heavy_rain event on Agartala-Udaipur Hwy,PARTIAL,1,1,FIELD_OFFICER
FR000093,V0195,2026-07-05 14:24:00,Tripura,Dhalai,23.7735,91.8425,LANDSLIDE,HIGH,Field observation of landslide event on Ambassa Corridor,PARTIAL,1,0,LOCAL_SCOUT
FR000094,V0195,2026-07-05 15:36:00,Arunachal Pradesh,Tawang,27.7019,91.8821,ACCIDENT,CRITICAL,Field observation of accident event on Bhalukpong-Tawang Hwy,BLOCKED,1,1,FIELD_OFFICER
FR000095,V0145,2026-07-05 16:48:00,Arunachal Pradesh,West Kameng,27.1877,92.4627,ACCIDENT,MEDIUM,Field observation of accident event on Trans-Arunachal Hwy,PARTIAL,1,1,FIELD_OFFICER
FR000096,V0377,2026-07-05 18:00:00,Arunachal Pradesh,Papum Pare,27.216,93.7001,ACCIDENT,MEDIUM,Field observation of accident event on Itanagar-Naharlagun Corridor,PARTIAL,1,1,BORDER_ROAD_CREW
FR000097,V0188,2026-07-05 19:12:00,Arunachal Pradesh,East Siang,28.0714,95.1911,ACCIDENT,CRITICAL,Field observation of accident event on Pasighat Corridor,BLOCKED,1,1,FIELD_OFFICER
FR000098,V0271,2026-07-05 20:24:00,Arunachal Pradesh,Lower Subansiri,27.44,93.8194,LANDSLIDE,CRITICAL,Field observation of landslide event on Ziro-Yachuli Road,BLOCKED,0,1,BORDER_ROAD_CREW
FR000099,V0427,2026-07-05 21:36:00,Assam,Kamrup Metropolitan,26.2795,91.8536,ROCKFALL,CRITICAL,Field observation of rockfall event on East-West Corridor,BLOCKED,0,1,FIELD_OFFICER
FR000100,V0137,2026-07-05 22:48:00,Assam,Kamrup Rural,26.163,91.6841,ROAD_DAMAGE,CRITICAL,Field observation of road_damage event on Amingaon-Rangia Hwy,BLOCKED,1,0,LOCAL_SCOUT
FR000101,V0313,2026-07-06 00:00:00,Assam,Darrang,26.4444,91.9588,ROAD_DAMAGE,CRITICAL,Field observation of road_damage event on North Bank Hwy,BLOCKED,1,0,LOCAL_SCOUT
FR000102,V0248,2026-07-06 01:12:00,Assam,Sonitpur,26.7171,92.788,FLOOD,MEDIUM,Field observation of flood event on Tezpur-Biswanath Hwy,PARTIAL,1,1,LOCAL_SCOUT
FR000103,V0108,2026-07-06 02:24:00,Assam,Dibrugarh,27.4085,94.8435,LANDSLIDE,HIGH,Field observation of landslide event on Upper Assam Hwy,PARTIAL,0,1,DRIVER
FR000104,V0269,2026-07-06 03:36:00,Assam,Cachar,24.7285,92.7438,HEAVY_RAIN,MEDIUM,Field observation of heavy_rain event on Silchar-Badarpur Corridor,PARTIAL,1,1,FIELD_OFFICER
FR000105,V0268,2026-07-06 04:48:00,Assam,Nagaon,26.3175,92.6968,ROAD_DAMAGE,MEDIUM,Field observation of road_damage event on Kaziranga Bypass,PARTIAL,0,1,DRIVER
FR000106,V0243,2026-07-06 06:00:00,Meghalaya,East Khasi Hills,25.5456,91.9742,ACCIDENT,MEDIUM,Field observation of accident event on Shillong-Dawki Hwy,PARTIAL,0,0,BORDER_ROAD_CREW
FR000107,V0432,2026-07-06 07:12:00,Meghalaya,West Khasi Hills,25.5327,91.2531,ACCIDENT,HIGH,Field observation of accident event on Nongstoin Road,PARTIAL,0,1,LOCAL_SCOUT
FR000108,V0390,2026-07-06 08:24:00,Meghalaya,Ri-Bhoi,26.006,92.016,ROCKFALL,CRITICAL,Field observation of rockfall event on Guwahati-Shillong Expressway,BLOCKED,0,0,BORDER_ROAD_CREW
FR000109,V0191,2026-07-06 09:36:00,Meghalaya,West Jaintia Hills,25.54,92.3193,ROCKFALL,MEDIUM,Field observation of rockfall event on Jowai Bypass,PARTIAL,0,0,FIELD_OFFICER
FR000110,V0138,2026-07-06 10:48:00,Sikkim,East Sikkim,27.1976,88.5573,ROAD_DAMAGE,MEDIUM,Field observation of road_damage event on Sevoke-Gangtok Hwy,PARTIAL,0,1,LOCAL_SCOUT
FR000111,V0164,2026-07-06 12:00:00,Sikkim,North Sikkim,27.6022,88.6759,FLOOD,MEDIUM,Field observation of flood event on Mangan-Chungthang Road,PARTIAL,0,1,BORDER_ROAD_CREW
FR000112,V0106,2026-07-06 13:12:00,Sikkim,South Sikkim,27.1976,88.3989,LANDSLIDE,LOW,Field observation of landslide event on Namchi-Jorethang Rd,OPEN,1,1,BORDER_ROAD_CREW
FR000113,V0194,2026-07-06 14:24:00,Nagaland,Kohima,25.6636,93.9737,ROCKFALL,CRITICAL,Field observation of rockfall event on Dimapur-Kohima Corridor,BLOCKED,0,1,FIELD_OFFICER
FR000114,V0352,2026-07-06 15:36:00,Nagaland,Dimapur,25.8581,93.8414,HEAVY_RAIN,LOW,Field observation of heavy_rain event on Dimapur Gateway,OPEN,1,1,FIELD_OFFICER
FR000115,V0339,2026-07-06 16:48:00,Nagaland,Mokokchung,26.2507,94.3946,FLOOD,HIGH,Field observation of flood event on Mokokchung-Amguri Rd,PARTIAL,1,1,BORDER_ROAD_CREW
FR000116,V0246,2026-07-06 18:00:00,Manipur,Imphal West,24.9526,93.8541,HEAVY_RAIN,HIGH,Field observation of heavy_rain event on Imphal Ring Road,PARTIAL,1,0,LOCAL_SCOUT
FR000117,V0272,2026-07-06 19:12:00,Manipur,Bishnupur,24.7087,93.8994,FLOOD,MEDIUM,Field observation of flood event on Imphal-Churachandpur Hwy,PARTIAL,0,1,BORDER_ROAD_CREW
FR000118,V0386,2026-07-06 20:24:00,Manipur,Senapati,25.1816,94.0021,HEAVY_RAIN,HIGH,Field observation of heavy_rain event on Mao-Maram Highway,PARTIAL,1,0,LOCAL_SCOUT
FR000119,V0286,2026-07-06 21:36:00,Mizoram,Aizawl,23.7869,92.7977,ROCKFALL,CRITICAL,Field observation of rockfall event on Silchar-Aizawl Hwy,BLOCKED,1,1,LOCAL_SCOUT
FR000120,V0154,2026-07-06 22:48:00,Mizoram,Kolasib,24.2855,92.7633,ACCIDENT,HIGH,Field observation of accident event on Vairengte-Kolasib Corridor,PARTIAL,0,0,DRIVER
FR000121,V0147,2026-07-07 00:00:00,Mizoram,Lunglei,22.7377,92.6836,HEAVY_RAIN,CRITICAL,Field observation of heavy_rain event on Aizawl-Lunglei Road,BLOCKED,1,1,BORDER_ROAD_CREW
FR000122,V0301,2026-07-07 01:12:00,Tripura,West Tripura,23.9639,91.1963,HEAVY_RAIN,LOW,Field observation of heavy_rain event on Assam-Agartala National Hwy,OPEN,1,1,FIELD_OFFICER
FR000123,V0241,2026-07-07 02:24:00,Tripura,Sipahijala,23.5156,91.3937,ACCIDENT,HIGH,Field observation of accident event on Agartala-Udaipur Hwy,PARTIAL,0,0,BORDER_ROAD_CREW
FR000124,V0304,2026-07-07 03:36:00,Tripura,Dhalai,23.9389,91.8698,HEAVY_RAIN,HIGH,Field observation of heavy_rain event on Ambassa Corridor,PARTIAL,0,1,BORDER_ROAD_CREW
FR000125,V0105,2026-07-07 04:48:00,Arunachal Pradesh,Tawang,27.5473,91.8612,ROAD_DAMAGE,CRITICAL,Field observation of road_damage event on Bhalukpong-Tawang Hwy,BLOCKED,1,1,LOCAL_SCOUT
FR000126,V0243,2026-07-07 06:00:00,Arunachal Pradesh,West Kameng,27.2616,92.396,ACCIDENT,MEDIUM,Field observation of accident event on Trans-Arunachal Hwy,PARTIAL,0,1,FIELD_OFFICER
FR000127,V0397,2026-07-07 07:12:00,Arunachal Pradesh,Papum Pare,27.1626,93.5972,ACCIDENT,LOW,Field observation of accident event on Itanagar-Naharlagun Corridor,OPEN,1,0,FIELD_OFFICER
FR000128,V0249,2026-07-07 08:24:00,Arunachal Pradesh,East Siang,28.1008,95.4519,ROAD_DAMAGE,MEDIUM,Field observation of road_damage event on Pasighat Corridor,PARTIAL,0,0,LOCAL_SCOUT
FR000129,V0419,2026-07-07 09:36:00,Arunachal Pradesh,Lower Subansiri,27.6193,93.7605,HEAVY_RAIN,HIGH,Field observation of heavy_rain event on Ziro-Yachuli Road,PARTIAL,1,1,BORDER_ROAD_CREW
FR000130,V0184,2026-07-07 10:48:00,Assam,Kamrup Metropolitan,26.0782,91.7214,ACCIDENT,HIGH,Field observation of accident event on East-West Corridor,PARTIAL,1,1,BORDER_ROAD_CREW
FR000131,V0120,2026-07-07 12:00:00,Assam,Kamrup Rural,26.1487,91.4206,FLOOD,CRITICAL,Field observation of flood event on Amingaon-Rangia Hwy,BLOCKED,1,0,BORDER_ROAD_CREW
FR000132,V0142,2026-07-07 13:12:00,Assam,Darrang,26.4084,91.9585,ROCKFALL,HIGH,Field observation of rockfall event on North Bank Hwy,PARTIAL,1,1,BORDER_ROAD_CREW
FR000133,V0274,2026-07-07 14:24:00,Assam,Sonitpur,26.5667,92.6456,HEAVY_RAIN,LOW,Field observation of heavy_rain event on Tezpur-Biswanath Hwy,OPEN,0,1,FIELD_OFFICER
FR000134,V0134,2026-07-07 15:36:00,Assam,Dibrugarh,27.4694,94.9894,ACCIDENT,HIGH,Field observation of accident event on Upper Assam Hwy,PARTIAL,0,1,LOCAL_SCOUT
FR000135,V0138,2026-07-07 16:48:00,Assam,Cachar,24.8178,92.6341,ROAD_DAMAGE,LOW,Field observation of road_damage event on Silchar-Badarpur Corridor,OPEN,1,1,DRIVER
FR000136,V0258,2026-07-07 18:00:00,Assam,Nagaon,26.2871,92.7085,ACCIDENT,LOW,Field observation of accident event on Kaziranga Bypass,OPEN,1,0,LOCAL_SCOUT
FR000137,V0290,2026-07-07 19:12:00,Meghalaya,East Khasi Hills,25.7278,91.9084,ROAD_DAMAGE,LOW,Field observation of road_damage event on Shillong-Dawki Hwy,OPEN,1,1,DRIVER
FR000138,V0358,2026-07-07 20:24:00,Meghalaya,West Khasi Hills,25.4354,91.1462,LANDSLIDE,HIGH,Field observation of landslide event on Nongstoin Road,PARTIAL,0,1,DRIVER
FR000139,V0179,2026-07-07 21:36:00,Meghalaya,Ri-Bhoi,26.0353,91.937,HEAVY_RAIN,LOW,Field observation of heavy_rain event on Guwahati-Shillong Expressway,OPEN,1,1,FIELD_OFFICER
FR000140,V0393,2026-07-07 22:48:00,Meghalaya,West Jaintia Hills,25.5174,92.343,FLOOD,HIGH,Field observation of flood event on Jowai Bypass,PARTIAL,1,0,FIELD_OFFICER
FR000141,V0355,2026-07-08 00:00:00,Sikkim,East Sikkim,27.4387,88.5454,ROCKFALL,MEDIUM,Field observation of rockfall event on Sevoke-Gangtok Hwy,PARTIAL,1,1,BORDER_ROAD_CREW
FR000142,V0187,2026-07-08 01:12:00,Sikkim,North Sikkim,27.5102,88.4823,ROAD_DAMAGE,HIGH,Field observation of road_damage event on Mangan-Chungthang Road,PARTIAL,1,0,BORDER_ROAD_CREW
FR000143,V0261,2026-07-08 02:24:00,Sikkim,South Sikkim,27.0579,88.4605,ROCKFALL,LOW,Field observation of rockfall event on Namchi-Jorethang Rd,OPEN,1,0,BORDER_ROAD_CREW
FR000144,V0350,2026-07-08 03:36:00,Nagaland,Kohima,25.6104,94.1022,HEAVY_RAIN,MEDIUM,Field observation of heavy_rain event on Dimapur-Kohima Corridor,PARTIAL,1,1,FIELD_OFFICER
FR000145,V0205,2026-07-08 04:48:00,Nagaland,Dimapur,26.0391,93.7208,LANDSLIDE,HIGH,Field observation of landslide event on Dimapur Gateway,PARTIAL,1,1,BORDER_ROAD_CREW
FR000146,V0217,2026-07-08 06:00:00,Nagaland,Mokokchung,26.3481,94.5759,FLOOD,CRITICAL,Field observation of flood event on Mokokchung-Amguri Rd,BLOCKED,0,1,LOCAL_SCOUT
FR000147,V0392,2026-07-08 07:12:00,Manipur,Imphal West,24.7582,94.085,ACCIDENT,MEDIUM,Field observation of accident event on Imphal Ring Road,PARTIAL,0,1,BORDER_ROAD_CREW
FR000148,V0334,2026-07-08 08:24:00,Manipur,Bishnupur,24.6612,93.8,HEAVY_RAIN,HIGH,Field observation of heavy_rain event on Imphal-Churachandpur Hwy,PARTIAL,1,1,DRIVER
FR000149,V0340,2026-07-08 09:36:00,Manipur,Senapati,25.2428,94.118,ACCIDENT,HIGH,Field observation of accident event on Mao-Maram Highway,PARTIAL,1,1,LOCAL_SCOUT
FR000150,V0417,2026-07-08 10:48:00,Mizoram,Aizawl,23.76,92.7896,ROCKFALL,MEDIUM,Field observation of rockfall event on Silchar-Aizawl Hwy,PARTIAL,0,0,DRIVER
FR000151,V0418,2026-07-08 12:00:00,Mizoram,Kolasib,24.2681,92.5771,HEAVY_RAIN,LOW,Field observation of heavy_rain event on Vairengte-Kolasib Corridor,OPEN,1,1,BORDER_ROAD_CREW
FR000152,V0188,2026-07-08 13:12:00,Mizoram,Lunglei,22.8526,92.7968,ROAD_DAMAGE,HIGH,Field observation of road_damage event on Aizawl-Lunglei Road,PARTIAL,1,1,FIELD_OFFICER
FR000153,V0287,2026-07-08 14:24:00,Tripura,West Tripura,23.8936,91.3477,ROCKFALL,LOW,Field observation of rockfall event on Assam-Agartala National Hwy,OPEN,1,1,LOCAL_SCOUT
FR000154,V0447,2026-07-08 15:36:00,Tripura,Sipahijala,23.5644,91.3994,ROAD_DAMAGE,MEDIUM,Field observation of road_damage event on Agartala-Udaipur Hwy,PARTIAL,0,0,BORDER_ROAD_CREW
FR000155,V0112,2026-07-08 16:48:00,Tripura,Dhalai,23.8275,91.8634,FLOOD,CRITICAL,Field observation of flood event on Ambassa Corridor,BLOCKED,1,1,FIELD_OFFICER
FR000156,V0147,2026-07-08 18:00:00,Arunachal Pradesh,Tawang,27.4788,91.7273,ACCIDENT,LOW,Field observation of accident event on Bhalukpong-Tawang Hwy,OPEN,1,1,BORDER_ROAD_CREW
FR000157,V0178,2026-07-08 19:12:00,Arunachal Pradesh,West Kameng,27.2853,92.3525,HEAVY_RAIN,CRITICAL,Field observation of heavy_rain event on Trans-Arunachal Hwy,BLOCKED,0,1,LOCAL_SCOUT
FR000158,V0377,2026-07-08 20:24:00,Arunachal Pradesh,Papum Pare,27.0712,93.5483,HEAVY_RAIN,HIGH,Field observation of heavy_rain event on Itanagar-Naharlagun Corridor,PARTIAL,1,1,DRIVER
FR000159,V0171,2026-07-08 21:36:00,Arunachal Pradesh,East Siang,27.928,95.3056,FLOOD,HIGH,Field observation of flood event on Pasighat Corridor,PARTIAL,0,1,BORDER_ROAD_CREW
FR000160,V0241,2026-07-08 22:48:00,Arunachal Pradesh,Lower Subansiri,27.4687,93.8823,ACCIDENT,LOW,Field observation of accident event on Ziro-Yachuli Road,OPEN,1,1,DRIVER
FR000161,V0156,2026-07-09 00:00:00,Assam,Kamrup Metropolitan,26.2944,91.7879,ROCKFALL,CRITICAL,Field observation of rockfall event on East-West Corridor,BLOCKED,0,0,LOCAL_SCOUT
FR000162,V0360,2026-07-09 01:12:00,Assam,Kamrup Rural,26.0876,91.5677,FLOOD,LOW,Field observation of flood event on Amingaon-Rangia Hwy,OPEN,0,1,DRIVER
FR000163,V0126,2026-07-09 02:24:00,Assam,Darrang,26.4776,92.0714,LANDSLIDE,LOW,Field observation of landslide event on North Bank Hwy,OPEN,1,1,BORDER_ROAD_CREW
FR000164,V0122,2026-07-09 03:36:00,Assam,Sonitpur,26.6063,92.7389,HEAVY_RAIN,CRITICAL,Field observation of heavy_rain event on Tezpur-Biswanath Hwy,BLOCKED,1,1,DRIVER
FR000165,V0260,2026-07-09 04:48:00,Assam,Dibrugarh,27.5309,94.8485,FLOOD,MEDIUM,Field observation of flood event on Upper Assam Hwy,PARTIAL,1,1,DRIVER
FR000166,V0415,2026-07-09 06:00:00,Assam,Cachar,24.6943,92.6553,LANDSLIDE,LOW,Field observation of landslide event on Silchar-Badarpur Corridor,OPEN,1,1,FIELD_OFFICER
FR000167,V0350,2026-07-09 07:12:00,Assam,Nagaon,26.3165,92.6884,ROAD_DAMAGE,LOW,Field observation of road_damage event on Kaziranga Bypass,OPEN,1,1,FIELD_OFFICER
FR000168,V0165,2026-07-09 08:24:00,Meghalaya,East Khasi Hills,25.5528,91.7996,ROAD_DAMAGE,LOW,Field observation of road_damage event on Shillong-Dawki Hwy,OPEN,0,0,FIELD_OFFICER
FR000169,V0325,2026-07-09 09:36:00,Meghalaya,West Khasi Hills,25.4926,91.1255,ROCKFALL,MEDIUM,Field observation of rockfall event on Nongstoin Road,PARTIAL,1,0,DRIVER
FR000170,V0193,2026-07-09 10:48:00,Meghalaya,Ri-Bhoi,25.8814,91.9395,ROCKFALL,LOW,Field observation of rockfall event on Guwahati-Shillong Expressway,OPEN,1,1,FIELD_OFFICER
FR000171,V0105,2026-07-09 12:00:00,Meghalaya,West Jaintia Hills,25.5398,92.2629,LANDSLIDE,LOW,Field observation of landslide event on Jowai Bypass,OPEN,1,1,BORDER_ROAD_CREW
FR000172,V0175,2026-07-09 13:12:00,Sikkim,East Sikkim,27.2169,88.7542,HEAVY_RAIN,HIGH,Field observation of heavy_rain event on Sevoke-Gangtok Hwy,PARTIAL,1,1,DRIVER
FR000173,V0286,2026-07-09 14:24:00,Sikkim,North Sikkim,27.5443,88.4462,ACCIDENT,MEDIUM,Field observation of accident event on Mangan-Chungthang Road,PARTIAL,0,0,DRIVER
FR000174,V0241,2026-07-09 15:36:00,Sikkim,South Sikkim,27.102,88.4504,ACCIDENT,MEDIUM,Field observation of accident event on Namchi-Jorethang Rd,PARTIAL,0,1,BORDER_ROAD_CREW
FR000175,V0326,2026-07-09 16:48:00,Nagaland,Kohima,25.6402,94.2352,HEAVY_RAIN,HIGH,Field observation of heavy_rain event on Dimapur-Kohima Corridor,PARTIAL,1,1,LOCAL_SCOUT
FR000176,V0297,2026-07-09 18:00:00,Nagaland,Dimapur,25.7777,93.8093,HEAVY_RAIN,MEDIUM,Field observation of heavy_rain event on Dimapur Gateway,PARTIAL,0,1,DRIVER
FR000177,V0433,2026-07-09 19:12:00,Nagaland,Mokokchung,26.3273,94.6162,LANDSLIDE,CRITICAL,Field observation of landslide event on Mokokchung-Amguri Rd,BLOCKED,0,1,LOCAL_SCOUT
FR000178,V0299,2026-07-09 20:24:00,Manipur,Imphal West,24.841,93.9848,ACCIDENT,HIGH,Field observation of accident event on Imphal Ring Road,PARTIAL,1,1,FIELD_OFFICER
FR000179,V0320,2026-07-09 21:36:00,Manipur,Bishnupur,24.5859,93.7801,FLOOD,CRITICAL,Field observation of flood event on Imphal-Churachandpur Hwy,BLOCKED,1,1,DRIVER
FR000180,V0405,2026-07-09 22:48:00,Manipur,Senapati,25.3709,94.1542,HEAVY_RAIN,MEDIUM,Field observation of heavy_rain event on Mao-Maram Highway,PARTIAL,0,1,LOCAL_SCOUT
FR000181,V0249,2026-07-10 00:00:00,Mizoram,Aizawl,23.8098,92.5807,ROAD_DAMAGE,MEDIUM,Field observation of road_damage event on Silchar-Aizawl Hwy,PARTIAL,1,1,BORDER_ROAD_CREW
FR000182,V0320,2026-07-10 01:12:00,Mizoram,Kolasib,24.1844,92.8265,LANDSLIDE,CRITICAL,Field observation of landslide event on Vairengte-Kolasib Corridor,BLOCKED,0,0,LOCAL_SCOUT
FR000183,V0325,2026-07-10 02:24:00,Mizoram,Lunglei,22.8786,92.6011,FLOOD,HIGH,Field observation of flood event on Aizawl-Lunglei Road,PARTIAL,0,1,BORDER_ROAD_CREW
FR000184,V0253,2026-07-10 03:36:00,Tripura,West Tripura,23.7116,91.3903,ROCKFALL,MEDIUM,Field observation of rockfall event on Assam-Agartala National Hwy,PARTIAL,1,1,BORDER_ROAD_CREW
FR000185,V0374,2026-07-10 04:48:00,Tripura,Sipahijala,23.7017,91.285,LANDSLIDE,CRITICAL,Field observation of landslide event on Agartala-Udaipur Hwy,BLOCKED,1,1,BORDER_ROAD_CREW
FR000186,V0442,2026-07-10 06:00:00,Tripura,Dhalai,23.9345,91.7795,FLOOD,LOW,Field observation of flood event on Ambassa Corridor,OPEN,0,1,FIELD_OFFICER
FR000187,V0365,2026-07-10 07:12:00,Arunachal Pradesh,Tawang,27.6916,91.9651,ACCIDENT,MEDIUM,Field observation of accident event on Bhalukpong-Tawang Hwy,PARTIAL,1,1,LOCAL_SCOUT
FR000188,V0270,2026-07-10 08:24:00,Arunachal Pradesh,West Kameng,27.3025,92.5321,LANDSLIDE,HIGH,Field observation of landslide event on Trans-Arunachal Hwy,PARTIAL,1,1,LOCAL_SCOUT
FR000189,V0188,2026-07-10 09:36:00,Arunachal Pradesh,Papum Pare,26.9709,93.6559,ROCKFALL,LOW,Field observation of rockfall event on Itanagar-Naharlagun Corridor,OPEN,1,1,DRIVER
FR000190,V0370,2026-07-10 10:48:00,Arunachal Pradesh,East Siang,27.9431,95.4695,ACCIDENT,HIGH,Field observation of accident event on Pasighat Corridor,PARTIAL,1,1,LOCAL_SCOUT
FR000191,V0430,2026-07-10 12:00:00,Arunachal Pradesh,Lower Subansiri,27.5331,93.8882,HEAVY_RAIN,LOW,Field observation of heavy_rain event on Ziro-Yachuli Road,OPEN,1,1,LOCAL_SCOUT
FR000192,V0294,2026-07-10 13:12:00,Assam,Kamrup Metropolitan,26.0113,91.6937,LANDSLIDE,MEDIUM,Field observation of landslide event on East-West Corridor,PARTIAL,1,1,FIELD_OFFICER
FR000193,V0167,2026-07-10 14:24:00,Assam,Kamrup Rural,26.2048,91.6498,ROCKFALL,HIGH,Field observation of rockfall event on Amingaon-Rangia Hwy,PARTIAL,0,1,FIELD_OFFICER
FR000194,V0362,2026-07-10 15:36:00,Assam,Darrang,26.4168,92.0859,HEAVY_RAIN,HIGH,Field observation of heavy_rain event on North Bank Hwy,PARTIAL,1,1,DRIVER
FR000195,V0156,2026-07-10 16:48:00,Assam,Sonitpur,26.6221,92.7188,FLOOD,LOW,Field observation of flood event on Tezpur-Biswanath Hwy,OPEN,1,0,LOCAL_SCOUT
FR000196,V0362,2026-07-10 18:00:00,Assam,Dibrugarh,27.4624,94.8483,ACCIDENT,CRITICAL,Field observation of accident event on Upper Assam Hwy,BLOCKED,1,1,LOCAL_SCOUT
FR000197,V0139,2026-07-10 19:12:00,Assam,Cachar,24.787,92.8052,ROCKFALL,MEDIUM,Field observation of rockfall event on Silchar-Badarpur Corridor,PARTIAL,0,1,LOCAL_SCOUT
FR000198,V0105,2026-07-10 20:24:00,Assam,Nagaon,26.3323,92.6246,ACCIDENT,LOW,Field observation of accident event on Kaziranga Bypass,OPEN,1,1,DRIVER
FR000199,V0409,2026-07-10 21:36:00,Meghalaya,East Khasi Hills,25.5432,91.851,ROCKFALL,MEDIUM,Field observation of rockfall event on Shillong-Dawki Hwy,PARTIAL,1,1,LOCAL_SCOUT
FR000200,V0292,2026-07-10 22:48:00,Meghalaya,West Khasi Hills,25.6534,91.3075,ROCKFALL,LOW,Field observation of rockfall event on Nongstoin Road,OPEN,1,0,FIELD_OFFICER
FR000201,V0254,2026-07-11 00:00:00,Meghalaya,Ri-Bhoi,25.9835,92.0221,ACCIDENT,LOW,Field observation of accident event on Guwahati-Shillong Expressway,OPEN,1,0,DRIVER
FR000202,V0241,2026-07-11 01:12:00,Meghalaya,West Jaintia Hills,25.5712,92.1359,ROAD_DAMAGE,MEDIUM,Field observation of road_damage event on Jowai Bypass,PARTIAL,1,1,LOCAL_SCOUT
FR000203,V0279,2026-07-11 02:24:00,Sikkim,East Sikkim,27.2546,88.5135,ACCIDENT,MEDIUM,Field observation of accident event on Sevoke-Gangtok Hwy,PARTIAL,0,1,DRIVER
FR000204,V0398,2026-07-11 03:36:00,Sikkim,North Sikkim,27.5478,88.6515,HEAVY_RAIN,HIGH,Field observation of heavy_rain event on Mangan-Chungthang Road,PARTIAL,1,1,DRIVER
FR000205,V0200,2026-07-11 04:48:00,Sikkim,South Sikkim,27.0318,88.4366,HEAVY_RAIN,HIGH,Field observation of heavy_rain event on Namchi-Jorethang Rd,PARTIAL,1,1,DRIVER
FR000206,V0197,2026-07-11 06:00:00,Nagaland,Kohima,25.5521,94.0471,FLOOD,HIGH,Field observation of flood event on Dimapur-Kohima Corridor,PARTIAL,0,0,BORDER_ROAD_CREW
FR000207,V0362,2026-07-11 07:12:00,Nagaland,Dimapur,25.9928,93.8404,LANDSLIDE,LOW,Field observation of landslide event on Dimapur Gateway,OPEN,0,1,FIELD_OFFICER
FR000208,V0189,2026-07-11 08:24:00,Nagaland,Mokokchung,26.4241,94.4471,ROAD_DAMAGE,HIGH,Field observation of road_damage event on Mokokchung-Amguri Rd,PARTIAL,0,1,FIELD_OFFICER
FR000209,V0276,2026-07-11 09:36:00,Manipur,Imphal West,24.7555,94.0479,LANDSLIDE,CRITICAL,Field observation of landslide event on Imphal Ring Road,BLOCKED,1,1,LOCAL_SCOUT
FR000210,V0158,2026-07-11 10:48:00,Manipur,Bishnupur,24.5246,93.9045,FLOOD,LOW,Field observation of flood event on Imphal-Churachandpur Hwy,OPEN,1,0,BORDER_ROAD_CREW
FR000211,V0255,2026-07-11 12:00:00,Manipur,Senapati,25.2292,94.1137,ACCIDENT,HIGH,Field observation of accident event on Mao-Maram Highway,PARTIAL,0,1,LOCAL_SCOUT
FR000212,V0379,2026-07-11 13:12:00,Mizoram,Aizawl,23.5813,92.7286,HEAVY_RAIN,LOW,Field observation of heavy_rain event on Silchar-Aizawl Hwy,OPEN,1,0,LOCAL_SCOUT
FR000213,V0234,2026-07-11 14:24:00,Mizoram,Kolasib,24.1486,92.6443,ROAD_DAMAGE,MEDIUM,Field observation of road_damage event on Vairengte-Kolasib Corridor,PARTIAL,1,1,FIELD_OFFICER
FR000214,V0156,2026-07-11 15:36:00,Mizoram,Lunglei,22.8001,92.5975,ROCKFALL,MEDIUM,Field observation of rockfall event on Aizawl-Lunglei Road,PARTIAL,0,1,FIELD_OFFICER
FR000215,V0330,2026-07-11 16:48:00,Tripura,West Tripura,23.8645,91.3311,ACCIDENT,MEDIUM,Field observation of accident event on Assam-Agartala National Hwy,PARTIAL,1,1,DRIVER
FR000216,V0288,2026-07-11 18:00:00,Tripura,Sipahijala,23.5757,91.2845,ACCIDENT,HIGH,Field observation of accident event on Agartala-Udaipur Hwy,PARTIAL,0,1,BORDER_ROAD_CREW
FR000217,V0414,2026-07-11 19:12:00,Tripura,Dhalai,23.9988,91.7348,LANDSLIDE,MEDIUM,Field observation of landslide event on Ambassa Corridor,PARTIAL,0,1,DRIVER
FR000218,V0343,2026-07-11 20:24:00,Arunachal Pradesh,Tawang,27.5722,91.9105,ACCIDENT,MEDIUM,Field observation of accident event on Bhalukpong-Tawang Hwy,PARTIAL,1,1,DRIVER
FR000219,V0179,2026-07-11 21:36:00,Arunachal Pradesh,West Kameng,27.2907,92.4839,ROCKFALL,HIGH,Field observation of rockfall event on Trans-Arunachal Hwy,PARTIAL,1,1,DRIVER
FR000220,V0166,2026-07-11 22:48:00,Arunachal Pradesh,Papum Pare,27.0972,93.589,ROAD_DAMAGE,LOW,Field observation of road_damage event on Itanagar-Naharlagun Corridor,OPEN,1,0,FIELD_OFFICER
FR000221,V0441,2026-07-12 00:00:00,Arunachal Pradesh,East Siang,28.049,95.4612,LANDSLIDE,CRITICAL,Field observation of landslide event on Pasighat Corridor,BLOCKED,1,1,LOCAL_SCOUT
FR000222,V0376,2026-07-12 01:12:00,Arunachal Pradesh,Lower Subansiri,27.5102,93.9505,ACCIDENT,MEDIUM,Field observation of accident event on Ziro-Yachuli Road,PARTIAL,0,1,FIELD_OFFICER
FR000223,V0104,2026-07-12 02:24:00,Assam,Kamrup Metropolitan,26.0514,91.6228,ROAD_DAMAGE,HIGH,Field observation of road_damage event on East-West Corridor,PARTIAL,1,1,DRIVER
FR000224,V0206,2026-07-12 03:36:00,Assam,Kamrup Rural,26.0986,91.6038,ACCIDENT,MEDIUM,Field observation of accident event on Amingaon-Rangia Hwy,PARTIAL,1,1,FIELD_OFFICER
FR000225,V0180,2026-07-12 04:48:00,Assam,Darrang,26.5986,92.1171,ROAD_DAMAGE,CRITICAL,Field observation of road_damage event on North Bank Hwy,BLOCKED,1,1,LOCAL_SCOUT
FR000226,V0175,2026-07-12 06:00:00,Assam,Sonitpur,26.5459,92.7074,LANDSLIDE,MEDIUM,Field observation of landslide event on Tezpur-Biswanath Hwy,PARTIAL,0,1,FIELD_OFFICER
FR000227,V0136,2026-07-12 07:12:00,Assam,Dibrugarh,27.5594,94.9408,LANDSLIDE,MEDIUM,Field observation of landslide event on Upper Assam Hwy,PARTIAL,1,1,FIELD_OFFICER
FR000228,V0403,2026-07-12 08:24:00,Assam,Cachar,24.7223,92.7041,FLOOD,MEDIUM,Field observation of flood event on Silchar-Badarpur Corridor,PARTIAL,0,0,DRIVER
FR000229,V0117,2026-07-12 09:36:00,Assam,Nagaon,26.2347,92.6415,ROCKFALL,LOW,Field observation of rockfall event on Kaziranga Bypass,OPEN,1,1,BORDER_ROAD_CREW
FR000230,V0390,2026-07-12 10:48:00,Meghalaya,East Khasi Hills,25.4811,91.759,LANDSLIDE,CRITICAL,Field observation of landslide event on Shillong-Dawki Hwy,BLOCKED,1,1,DRIVER
FR000231,V0385,2026-07-12 12:00:00,Meghalaya,West Khasi Hills,25.3791,91.2445,LANDSLIDE,LOW,Field observation of landslide event on Nongstoin Road,OPEN,0,1,BORDER_ROAD_CREW
FR000232,V0125,2026-07-12 13:12:00,Meghalaya,Ri-Bhoi,25.9012,92.0136,LANDSLIDE,LOW,Field observation of landslide event on Guwahati-Shillong Expressway,OPEN,1,1,DRIVER
FR000233,V0165,2026-07-12 14:24:00,Meghalaya,West Jaintia Hills,25.4977,92.1405,LANDSLIDE,MEDIUM,Field observation of landslide event on Jowai Bypass,PARTIAL,0,1,DRIVER
FR000234,V0114,2026-07-12 15:36:00,Sikkim,East Sikkim,27.3326,88.577,HEAVY_RAIN,CRITICAL,Field observation of heavy_rain event on Sevoke-Gangtok Hwy,BLOCKED,1,1,LOCAL_SCOUT
FR000235,V0305,2026-07-12 16:48:00,Sikkim,North Sikkim,27.4831,88.6698,LANDSLIDE,MEDIUM,Field observation of landslide event on Mangan-Chungthang Road,PARTIAL,1,1,FIELD_OFFICER
FR000236,V0340,2026-07-12 18:00:00,Sikkim,South Sikkim,27.1025,88.3899,ACCIDENT,LOW,Field observation of accident event on Namchi-Jorethang Rd,OPEN,1,1,BORDER_ROAD_CREW
FR000237,V0410,2026-07-12 19:12:00,Nagaland,Kohima,25.7043,94.0471,ROAD_DAMAGE,CRITICAL,Field observation of road_damage event on Dimapur-Kohima Corridor,BLOCKED,1,1,DRIVER
FR000238,V0140,2026-07-12 20:24:00,Nagaland,Dimapur,25.9673,93.8333,FLOOD,MEDIUM,Field observation of flood event on Dimapur Gateway,PARTIAL,1,1,DRIVER
FR000239,V0306,2026-07-12 21:36:00,Nagaland,Mokokchung,26.4346,94.499,ROCKFALL,HIGH,Field observation of rockfall event on Mokokchung-Amguri Rd,PARTIAL,1,1,DRIVER
FR000240,V0400,2026-07-12 22:48:00,Manipur,Imphal West,24.803,93.9116,HEAVY_RAIN,HIGH,Field observation of heavy_rain event on Imphal Ring Road,PARTIAL,1,1,FIELD_OFFICER
FR000241,V0348,2026-07-13 00:00:00,Manipur,Bishnupur,24.5589,93.9006,LANDSLIDE,MEDIUM,Field observation of landslide event on Imphal-Churachandpur Hwy,PARTIAL,0,0,DRIVER
FR000242,V0371,2026-07-13 01:12:00,Manipur,Senapati,25.3595,93.888,ROCKFALL,CRITICAL,Field observation of rockfall event on Mao-Maram Highway,BLOCKED,0,1,DRIVER
FR000243,V0242,2026-07-13 02:24:00,Mizoram,Aizawl,23.6161,92.5856,LANDSLIDE,HIGH,Field observation of landslide event on Silchar-Aizawl Hwy,PARTIAL,1,1,DRIVER
FR000244,V0349,2026-07-13 03:36:00,Mizoram,Kolasib,24.1932,92.7921,ACCIDENT,CRITICAL,Field observation of accident event on Vairengte-Kolasib Corridor,BLOCKED,1,1,DRIVER
FR000245,V0129,2026-07-13 04:48:00,Mizoram,Lunglei,22.9463,92.8805,FLOOD,LOW,Field observation of flood event on Aizawl-Lunglei Road,OPEN,1,1,BORDER_ROAD_CREW
FR000246,V0447,2026-07-13 06:00:00,Tripura,West Tripura,23.8337,91.1832,FLOOD,HIGH,Field observation of flood event on Assam-Agartala National Hwy,PARTIAL,0,1,FIELD_OFFICER
FR000247,V0318,2026-07-13 07:12:00,Tripura,Sipahijala,23.7386,91.2723,ACCIDENT,MEDIUM,Field observation of accident event on Agartala-Udaipur Hwy,PARTIAL,1,1,LOCAL_SCOUT
FR000248,V0372,2026-07-13 08:24:00,Tripura,Dhalai,23.8287,91.8683,ROCKFALL,HIGH,Field observation of rockfall event on Ambassa Corridor,PARTIAL,1,1,FIELD_OFFICER
FR000249,V0193,2026-07-13 09:36:00,Arunachal Pradesh,Tawang,27.6289,91.7173,ROAD_DAMAGE,HIGH,Field observation of road_damage event on Bhalukpong-Tawang Hwy,PARTIAL,1,1,BORDER_ROAD_CREW
FR000250,V0158,2026-07-13 10:48:00,Arunachal Pradesh,West Kameng,27.1232,92.3479,HEAVY_RAIN,CRITICAL,Field observation of heavy_rain event on Trans-Arunachal Hwy,BLOCKED,1,1,LOCAL_SCOUT
FR000251,V0230,2026-07-13 12:00:00,Arunachal Pradesh,Papum Pare,26.9522,93.7276,ROCKFALL,HIGH,Field observation of rockfall event on Itanagar-Naharlagun Corridor,PARTIAL,0,0,FIELD_OFFICER
FR000252,V0142,2026-07-13 13:12:00,Arunachal Pradesh,East Siang,28.1383,95.4675,ACCIDENT,LOW,Field observation of accident event on Pasighat Corridor,OPEN,0,1,FIELD_OFFICER
FR000253,V0252,2026-07-13 14:24:00,Arunachal Pradesh,Lower Subansiri,27.5259,93.7823,ROAD_DAMAGE,MEDIUM,Field observation of road_damage event on Ziro-Yachuli Road,PARTIAL,1,1,DRIVER
FR000254,V0110,2026-07-13 15:36:00,Assam,Kamrup Metropolitan,26.2769,91.7651,LANDSLIDE,HIGH,Field observation of landslide event on East-West Corridor,PARTIAL,1,1,FIELD_OFFICER
FR000255,V0160,2026-07-13 16:48:00,Assam,Kamrup Rural,26.2204,91.6142,FLOOD,MEDIUM,Field observation of flood event on Amingaon-Rangia Hwy,PARTIAL,0,1,BORDER_ROAD_CREW
FR000256,V0262,2026-07-13 18:00:00,Assam,Darrang,26.4841,92.0053,ROAD_DAMAGE,CRITICAL,Field observation of road_damage event on North Bank Hwy,BLOCKED,1,1,BORDER_ROAD_CREW
FR000257,V0269,2026-07-13 19:12:00,Assam,Sonitpur,26.6128,92.7276,ROAD_DAMAGE,LOW,Field observation of road_damage event on Tezpur-Biswanath Hwy,OPEN,1,1,DRIVER
FR000258,V0437,2026-07-13 20:24:00,Assam,Dibrugarh,27.4153,94.8282,ROCKFALL,MEDIUM,Field observation of rockfall event on Upper Assam Hwy,PARTIAL,0,1,LOCAL_SCOUT
FR000259,V0331,2026-07-13 21:36:00,Assam,Cachar,24.9669,92.8591,ACCIDENT,CRITICAL,Field observation of accident event on Silchar-Badarpur Corridor,BLOCKED,0,1,DRIVER
FR000260,V0240,2026-07-13 22:48:00,Assam,Nagaon,26.1975,92.7581,ACCIDENT,MEDIUM,Field observation of accident event on Kaziranga Bypass,PARTIAL,0,1,BORDER_ROAD_CREW
FR000261,V0165,2026-07-14 00:00:00,Meghalaya,East Khasi Hills,25.4978,91.9109,FLOOD,MEDIUM,Field observation of flood event on Shillong-Dawki Hwy,PARTIAL,1,0,DRIVER
FR000262,V0236,2026-07-14 01:12:00,Meghalaya,West Khasi Hills,25.6185,91.1227,HEAVY_RAIN,HIGH,Field observation of heavy_rain event on Nongstoin Road,PARTIAL,1,0,BORDER_ROAD_CREW
FR000263,V0410,2026-07-14 02:24:00,Meghalaya,Ri-Bhoi,25.8439,91.8588,FLOOD,CRITICAL,Field observation of flood event on Guwahati-Shillong Expressway,BLOCKED,0,1,BORDER_ROAD_CREW
FR000264,V0227,2026-07-14 03:36:00,Meghalaya,West Jaintia Hills,25.3346,92.0563,FLOOD,CRITICAL,Field observation of flood event on Jowai Bypass,BLOCKED,0,1,DRIVER
FR000265,V0282,2026-07-14 04:48:00,Sikkim,East Sikkim,27.3269,88.6634,FLOOD,MEDIUM,Field observation of flood event on Sevoke-Gangtok Hwy,PARTIAL,1,1,FIELD_OFFICER
FR000266,V0240,2026-07-14 06:00:00,Sikkim,North Sikkim,27.423,88.5767,ACCIDENT,CRITICAL,Field observation of accident event on Mangan-Chungthang Road,BLOCKED,1,0,BORDER_ROAD_CREW
FR000267,V0288,2026-07-14 07:12:00,Sikkim,South Sikkim,27.2437,88.2665,LANDSLIDE,HIGH,Field observation of landslide event on Namchi-Jorethang Rd,PARTIAL,1,0,FIELD_OFFICER
FR000268,V0339,2026-07-14 08:24:00,Nagaland,Kohima,25.5593,94.1116,ACCIDENT,CRITICAL,Field observation of accident event on Dimapur-Kohima Corridor,BLOCKED,0,1,DRIVER
FR000269,V0444,2026-07-14 09:36:00,Nagaland,Dimapur,26.0443,93.7711,ROAD_DAMAGE,LOW,Field observation of road_damage event on Dimapur Gateway,OPEN,0,1,FIELD_OFFICER
FR000270,V0144,2026-07-14 10:48:00,Nagaland,Mokokchung,26.2342,94.5507,ROCKFALL,CRITICAL,Field observation of rockfall event on Mokokchung-Amguri Rd,BLOCKED,1,1,BORDER_ROAD_CREW
FR000271,V0420,2026-07-14 12:00:00,Manipur,Imphal West,24.9524,93.9752,HEAVY_RAIN,CRITICAL,Field observation of heavy_rain event on Imphal Ring Road,BLOCKED,0,1,DRIVER
FR000272,V0176,2026-07-14 13:12:00,Manipur,Bishnupur,24.6171,93.8917,ROAD_DAMAGE,HIGH,Field observation of road_damage event on Imphal-Churachandpur Hwy,PARTIAL,0,1,LOCAL_SCOUT
FR000273,V0421,2026-07-14 14:24:00,Manipur,Senapati,25.207,94.1513,LANDSLIDE,HIGH,Field observation of landslide event on Mao-Maram Highway,PARTIAL,0,1,FIELD_OFFICER
FR000274,V0141,2026-07-14 15:36:00,Mizoram,Aizawl,23.7098,92.6584,ACCIDENT,CRITICAL,Field observation of accident event on Silchar-Aizawl Hwy,BLOCKED,0,1,DRIVER
FR000275,V0313,2026-07-14 16:48:00,Mizoram,Kolasib,24.0923,92.6685,FLOOD,CRITICAL,Field observation of flood event on Vairengte-Kolasib Corridor,BLOCKED,1,1,BORDER_ROAD_CREW
FR000276,V0309,2026-07-14 18:00:00,Mizoram,Lunglei,22.753,92.8493,HEAVY_RAIN,LOW,Field observation of heavy_rain event on Aizawl-Lunglei Road,OPEN,1,1,FIELD_OFFICER
FR000277,V0335,2026-07-14 19:12:00,Tripura,West Tripura,23.7968,91.3109,LANDSLIDE,MEDIUM,Field observation of landslide event on Assam-Agartala National Hwy,PARTIAL,1,1,LOCAL_SCOUT
FR000278,V0251,2026-07-14 20:24:00,Tripura,Sipahijala,23.7577,91.3335,ROAD_DAMAGE,MEDIUM,Field observation of road_damage event on Agartala-Udaipur Hwy,PARTIAL,0,1,FIELD_OFFICER
FR000279,V0345,2026-07-14 21:36:00,Tripura,Dhalai,23.7453,91.7186,ACCIDENT,LOW,Field observation of accident event on Ambassa Corridor,OPEN,0,1,DRIVER
FR000280,V0336,2026-07-14 22:48:00,Arunachal Pradesh,Tawang,27.7308,91.7347,ROAD_DAMAGE,HIGH,Field observation of road_damage event on Bhalukpong-Tawang Hwy,PARTIAL,0,1,LOCAL_SCOUT
FR000281,V0269,2026-07-15 00:00:00,Arunachal Pradesh,West Kameng,27.2458,92.3977,LANDSLIDE,LOW,Field observation of landslide event on Trans-Arunachal Hwy,OPEN,1,1,BORDER_ROAD_CREW
FR000282,V0332,2026-07-15 01:12:00,Arunachal Pradesh,Papum Pare,27.2258,93.5828,LANDSLIDE,HIGH,Field observation of landslide event on Itanagar-Naharlagun Corridor,PARTIAL,1,1,BORDER_ROAD_CREW
FR000283,V0218,2026-07-15 02:24:00,Arunachal Pradesh,East Siang,28.1528,95.3702,FLOOD,MEDIUM,Field observation of flood event on Pasighat Corridor,PARTIAL,1,1,FIELD_OFFICER
FR000284,V0369,2026-07-15 03:36:00,Arunachal Pradesh,Lower Subansiri,27.516,93.7556,LANDSLIDE,CRITICAL,Field observation of landslide event on Ziro-Yachuli Road,BLOCKED,1,0,FIELD_OFFICER
FR000285,V0217,2026-07-15 04:48:00,Assam,Kamrup Metropolitan,26.2565,91.6862,FLOOD,HIGH,Field observation of flood event on East-West Corridor,PARTIAL,0,1,FIELD_OFFICER
FR000286,V0429,2026-07-15 06:00:00,Assam,Kamrup Rural,26.1281,91.6088,LANDSLIDE,MEDIUM,Field observation of landslide event on Amingaon-Rangia Hwy,PARTIAL,1,1,LOCAL_SCOUT
FR000287,V0211,2026-07-15 07:12:00,Assam,Darrang,26.5834,91.9739,ACCIDENT,CRITICAL,Field observation of accident event on North Bank Hwy,BLOCKED,1,1,LOCAL_SCOUT
FR000288,V0406,2026-07-15 08:24:00,Assam,Sonitpur,26.5221,92.8534,LANDSLIDE,MEDIUM,Field observation of landslide event on Tezpur-Biswanath Hwy,PARTIAL,1,1,BORDER_ROAD_CREW
FR000289,V0254,2026-07-15 09:36:00,Assam,Dibrugarh,27.3508,94.9631,HEAVY_RAIN,MEDIUM,Field observation of heavy_rain event on Upper Assam Hwy,PARTIAL,1,1,DRIVER
FR000290,V0445,2026-07-15 10:48:00,Assam,Cachar,24.7374,92.6932,LANDSLIDE,HIGH,Field observation of landslide event on Silchar-Badarpur Corridor,PARTIAL,1,1,DRIVER
FR000291,V0403,2026-07-15 12:00:00,Assam,Nagaon,26.2365,92.5571,ROAD_DAMAGE,CRITICAL,Field observation of road_damage event on Kaziranga Bypass,BLOCKED,1,1,DRIVER
FR000292,V0357,2026-07-15 13:12:00,Meghalaya,East Khasi Hills,25.5907,91.9649,ROCKFALL,HIGH,Field observation of rockfall event on Shillong-Dawki Hwy,PARTIAL,1,1,BORDER_ROAD_CREW
FR000293,V0227,2026-07-15 14:24:00,Meghalaya,West Khasi Hills,25.5899,91.1493,LANDSLIDE,HIGH,Field observation of landslide event on Nongstoin Road,PARTIAL,0,0,FIELD_OFFICER
FR000294,V0443,2026-07-15 15:36:00,Meghalaya,Ri-Bhoi,25.9579,91.9174,FLOOD,CRITICAL,Field observation of flood event on Guwahati-Shillong Expressway,BLOCKED,1,0,FIELD_OFFICER
FR000295,V0327,2026-07-15 16:48:00,Meghalaya,West Jaintia Hills,25.4233,92.2529,ROAD_DAMAGE,MEDIUM,Field observation of road_damage event on Jowai Bypass,PARTIAL,1,1,LOCAL_SCOUT
FR000296,V0391,2026-07-15 18:00:00,Sikkim,East Sikkim,27.4146,88.6916,HEAVY_RAIN,HIGH,Field observation of heavy_rain event on Sevoke-Gangtok Hwy,PARTIAL,1,1,FIELD_OFFICER
FR000297,V0347,2026-07-15 19:12:00,Sikkim,North Sikkim,27.5926,88.5407,LANDSLIDE,HIGH,Field observation of landslide event on Mangan-Chungthang Road,PARTIAL,0,1,BORDER_ROAD_CREW
FR000298,V0266,2026-07-15 20:24:00,Sikkim,South Sikkim,27.1911,88.3322,ROAD_DAMAGE,CRITICAL,Field observation of road_damage event on Namchi-Jorethang Rd,BLOCKED,0,1,FIELD_OFFICER
FR000299,V0406,2026-07-15 21:36:00,Nagaland,Kohima,25.6833,94.2485,HEAVY_RAIN,CRITICAL,Field observation of heavy_rain event on Dimapur-Kohima Corridor,BLOCKED,1,1,DRIVER
FR000300,V0303,2026-07-15 22:48:00,Nagaland,Dimapur,26.0187,93.5932,LANDSLIDE,HIGH,Field observation of landslide event on Dimapur Gateway,PARTIAL,1,1,BORDER_ROAD_CREW
FR000301,V0168,2026-07-16 00:00:00,Nagaland,Mokokchung,26.2058,94.6238,ACCIDENT,MEDIUM,Field observation of accident event on Mokokchung-Amguri Rd,PARTIAL,0,1,DRIVER
FR000302,V0348,2026-07-16 01:12:00,Manipur,Imphal West,24.7151,93.9216,FLOOD,HIGH,Field observation of flood event on Imphal Ring Road,PARTIAL,1,0,DRIVER
FR000303,V0101,2026-07-16 02:24:00,Manipur,Bishnupur,24.7663,93.6811,ROCKFALL,MEDIUM,Field observation of rockfall event on Imphal-Churachandpur Hwy,PARTIAL,1,1,DRIVER
FR000304,V0330,2026-07-16 03:36:00,Manipur,Senapati,25.2345,93.9789,HEAVY_RAIN,LOW,Field observation of heavy_rain event on Mao-Maram Highway,OPEN,0,0,LOCAL_SCOUT
FR000305,V0262,2026-07-16 04:48:00,Mizoram,Aizawl,23.6896,92.5761,ROAD_DAMAGE,MEDIUM,Field observation of road_damage event on Silchar-Aizawl Hwy,PARTIAL,1,1,DRIVER
FR000306,V0182,2026-07-16 06:00:00,Mizoram,Kolasib,24.1706,92.5738,ACCIDENT,LOW,Field observation of accident event on Vairengte-Kolasib Corridor,OPEN,0,1,DRIVER
FR000307,V0401,2026-07-16 07:12:00,Mizoram,Lunglei,22.9388,92.6316,ROCKFALL,LOW,Field observation of rockfall event on Aizawl-Lunglei Road,OPEN,1,1,DRIVER
FR000308,V0199,2026-07-16 08:24:00,Tripura,West Tripura,23.9533,91.1425,ROAD_DAMAGE,CRITICAL,Field observation of road_damage event on Assam-Agartala National Hwy,BLOCKED,1,1,LOCAL_SCOUT
FR000309,V0414,2026-07-16 09:36:00,Tripura,Sipahijala,23.7032,91.3203,LANDSLIDE,HIGH,Field observation of landslide event on Agartala-Udaipur Hwy,PARTIAL,0,1,LOCAL_SCOUT
FR000310,V0343,2026-07-16 10:48:00,Tripura,Dhalai,23.7366,91.7715,FLOOD,MEDIUM,Field observation of flood event on Ambassa Corridor,PARTIAL,1,1,DRIVER
FR000311,V0176,2026-07-16 12:00:00,Arunachal Pradesh,Tawang,27.4694,91.9809,HEAVY_RAIN,MEDIUM,Field observation of heavy_rain event on Bhalukpong-Tawang Hwy,PARTIAL,1,0,LOCAL_SCOUT
FR000312,V0262,2026-07-16 13:12:00,Arunachal Pradesh,West Kameng,27.287,92.4815,ROCKFALL,MEDIUM,Field observation of rockfall event on Trans-Arunachal Hwy,PARTIAL,1,0,LOCAL_SCOUT
FR000313,V0307,2026-07-16 14:24:00,Arunachal Pradesh,Papum Pare,27.0226,93.5916,ROCKFALL,MEDIUM,Field observation of rockfall event on Itanagar-Naharlagun Corridor,PARTIAL,1,1,LOCAL_SCOUT
FR000314,V0272,2026-07-16 15:36:00,Arunachal Pradesh,East Siang,28.0242,95.462,ACCIDENT,CRITICAL,Field observation of accident event on Pasighat Corridor,BLOCKED,1,1,DRIVER
FR000315,V0409,2026-07-16 16:48:00,Arunachal Pradesh,Lower Subansiri,27.5662,93.7971,ROAD_DAMAGE,LOW,Field observation of road_damage event on Ziro-Yachuli Road,OPEN,0,0,LOCAL_SCOUT
FR000316,V0409,2026-07-16 18:00:00,Assam,Kamrup Metropolitan,26.1065,91.8104,HEAVY_RAIN,HIGH,Field observation of heavy_rain event on East-West Corridor,PARTIAL,0,1,FIELD_OFFICER
FR000317,V0211,2026-07-16 19:12:00,Assam,Kamrup Rural,26.2549,91.6005,ACCIDENT,CRITICAL,Field observation of accident event on Amingaon-Rangia Hwy,BLOCKED,0,1,BORDER_ROAD_CREW
FR000318,V0414,2026-07-16 20:24:00,Assam,Darrang,26.342,91.9867,ACCIDENT,HIGH,Field observation of accident event on North Bank Hwy,PARTIAL,0,1,FIELD_OFFICER
FR000319,V0429,2026-07-16 21:36:00,Assam,Sonitpur,26.7175,92.782,ROAD_DAMAGE,HIGH,Field observation of road_damage event on Tezpur-Biswanath Hwy,PARTIAL,0,0,BORDER_ROAD_CREW
FR000320,V0241,2026-07-16 22:48:00,Assam,Dibrugarh,27.3633,94.9768,HEAVY_RAIN,LOW,Field observation of heavy_rain event on Upper Assam Hwy,OPEN,1,1,DRIVER
FR000321,V0157,2026-07-17 00:00:00,Assam,Cachar,24.6964,92.6887,LANDSLIDE,HIGH,Field observation of landslide event on Silchar-Badarpur Corridor,PARTIAL,0,1,LOCAL_SCOUT
FR000322,V0292,2026-07-17 01:12:00,Assam,Nagaon,26.3147,92.7786,ACCIDENT,MEDIUM,Field observation of accident event on Kaziranga Bypass,PARTIAL,1,1,BORDER_ROAD_CREW
FR000323,V0202,2026-07-17 02:24:00,Meghalaya,East Khasi Hills,25.4861,91.8504,ROAD_DAMAGE,LOW,Field observation of road_damage event on Shillong-Dawki Hwy,OPEN,1,1,LOCAL_SCOUT
FR000324,V0317,2026-07-17 03:36:00,Meghalaya,West Khasi Hills,25.442,91.3498,ACCIDENT,CRITICAL,Field observation of accident event on Nongstoin Road,BLOCKED,0,1,DRIVER
FR000325,V0341,2026-07-17 04:48:00,Meghalaya,Ri-Bhoi,26.0184,91.846,ACCIDENT,MEDIUM,Field observation of accident event on Guwahati-Shillong Expressway,PARTIAL,0,1,BORDER_ROAD_CREW
FR000326,V0155,2026-07-17 06:00:00,Meghalaya,West Jaintia Hills,25.5773,92.2058,ROAD_DAMAGE,MEDIUM,Field observation of road_damage event on Jowai Bypass,PARTIAL,0,1,BORDER_ROAD_CREW
FR000327,V0123,2026-07-17 07:12:00,Sikkim,East Sikkim,27.3181,88.755,ROCKFALL,CRITICAL,Field observation of rockfall event on Sevoke-Gangtok Hwy,BLOCKED,1,1,LOCAL_SCOUT
FR000328,V0258,2026-07-17 08:24:00,Sikkim,North Sikkim,27.374,88.5983,ROAD_DAMAGE,CRITICAL,Field observation of road_damage event on Mangan-Chungthang Road,BLOCKED,1,0,LOCAL_SCOUT
FR000329,V0148,2026-07-17 09:36:00,Sikkim,South Sikkim,27.07,88.3332,ROAD_DAMAGE,HIGH,Field observation of road_damage event on Namchi-Jorethang Rd,PARTIAL,1,1,LOCAL_SCOUT
FR000330,V0398,2026-07-17 10:48:00,Nagaland,Kohima,25.6309,94.258,FLOOD,LOW,Field observation of flood event on Dimapur-Kohima Corridor,OPEN,0,1,DRIVER
FR000331,V0372,2026-07-17 12:00:00,Nagaland,Dimapur,25.774,93.7789,ROCKFALL,CRITICAL,Field observation of rockfall event on Dimapur Gateway,BLOCKED,1,0,BORDER_ROAD_CREW
FR000332,V0153,2026-07-17 13:12:00,Nagaland,Mokokchung,26.3788,94.6558,ROAD_DAMAGE,CRITICAL,Field observation of road_damage event on Mokokchung-Amguri Rd,BLOCKED,1,1,FIELD_OFFICER
FR000333,V0366,2026-07-17 14:24:00,Manipur,Imphal West,24.7985,93.8247,ROCKFALL,LOW,Field observation of rockfall event on Imphal Ring Road,OPEN,1,0,LOCAL_SCOUT
FR000334,V0326,2026-07-17 15:36:00,Manipur,Bishnupur,24.5973,93.7847,ACCIDENT,MEDIUM,Field observation of accident event on Imphal-Churachandpur Hwy,PARTIAL,1,1,DRIVER
FR000335,V0355,2026-07-17 16:48:00,Manipur,Senapati,25.2213,93.9932,ROAD_DAMAGE,HIGH,Field observation of road_damage event on Mao-Maram Highway,PARTIAL,0,1,LOCAL_SCOUT
FR000336,V0248,2026-07-17 18:00:00,Mizoram,Aizawl,23.6965,92.7625,LANDSLIDE,HIGH,Field observation of landslide event on Silchar-Aizawl Hwy,PARTIAL,1,1,DRIVER
FR000337,V0108,2026-07-17 19:12:00,Mizoram,Kolasib,24.1258,92.6853,ROAD_DAMAGE,MEDIUM,Field observation of road_damage event on Vairengte-Kolasib Corridor,PARTIAL,0,1,BORDER_ROAD_CREW
FR000338,V0400,2026-07-17 20:24:00,Mizoram,Lunglei,22.8081,92.7239,ACCIDENT,CRITICAL,Field observation of accident event on Aizawl-Lunglei Road,BLOCKED,1,1,FIELD_OFFICER
FR000339,V0283,2026-07-17 21:36:00,Tripura,West Tripura,23.8289,91.1736,ACCIDENT,LOW,Field observation of accident event on Assam-Agartala National Hwy,OPEN,1,0,BORDER_ROAD_CREW
FR000340,V0299,2026-07-17 22:48:00,Tripura,Sipahijala,23.699,91.4612,ACCIDENT,MEDIUM,Field observation of accident event on Agartala-Udaipur Hwy,PARTIAL,1,1,DRIVER
FR000341,V0242,2026-07-18 00:00:00,Tripura,Dhalai,23.7959,91.8042,ROAD_DAMAGE,HIGH,Field observation of road_damage event on Ambassa Corridor,PARTIAL,0,1,BORDER_ROAD_CREW
FR000342,V0188,2026-07-18 01:12:00,Arunachal Pradesh,Tawang,27.5261,91.7567,ACCIDENT,MEDIUM,Field observation of accident event on Bhalukpong-Tawang Hwy,PARTIAL,1,0,DRIVER
FR000343,V0198,2026-07-18 02:24:00,Arunachal Pradesh,West Kameng,27.3526,92.4185,ROAD_DAMAGE,HIGH,Field observation of road_damage event on Trans-Arunachal Hwy,PARTIAL,0,1,LOCAL_SCOUT
FR000344,V0180,2026-07-18 03:36:00,Arunachal Pradesh,Papum Pare,27.0214,93.6148,HEAVY_RAIN,MEDIUM,Field observation of heavy_rain event on Itanagar-Naharlagun Corridor,PARTIAL,0,0,FIELD_OFFICER
FR000345,V0393,2026-07-18 04:48:00,Arunachal Pradesh,East Siang,28.1571,95.3415,HEAVY_RAIN,HIGH,Field observation of heavy_rain event on Pasighat Corridor,PARTIAL,0,1,LOCAL_SCOUT
FR000346,V0360,2026-07-18 06:00:00,Arunachal Pradesh,Lower Subansiri,27.5194,93.8951,ACCIDENT,LOW,Field observation of accident event on Ziro-Yachuli Road,OPEN,1,0,DRIVER
FR000347,V0321,2026-07-18 07:12:00,Assam,Kamrup Metropolitan,26.2415,91.6083,HEAVY_RAIN,MEDIUM,Field observation of heavy_rain event on East-West Corridor,PARTIAL,1,0,DRIVER
FR000348,V0143,2026-07-18 08:24:00,Assam,Kamrup Rural,26.239,91.5154,ACCIDENT,HIGH,Field observation of accident event on Amingaon-Rangia Hwy,PARTIAL,0,1,BORDER_ROAD_CREW
FR000349,V0252,2026-07-18 09:36:00,Assam,Darrang,26.4783,92.1113,ROAD_DAMAGE,MEDIUM,Field observation of road_damage event on North Bank Hwy,PARTIAL,1,1,FIELD_OFFICER
FR000350,V0375,2026-07-18 10:48:00,Assam,Sonitpur,26.5004,92.6798,ROCKFALL,HIGH,Field observation of rockfall event on Tezpur-Biswanath Hwy,PARTIAL,0,1,DRIVER
FR000351,V0198,2026-07-18 12:00:00,Assam,Dibrugarh,27.6032,94.8296,HEAVY_RAIN,HIGH,Field observation of heavy_rain event on Upper Assam Hwy,PARTIAL,1,1,BORDER_ROAD_CREW
FR000352,V0310,2026-07-18 13:12:00,Assam,Cachar,24.707,92.6878,FLOOD,CRITICAL,Field observation of flood event on Silchar-Badarpur Corridor,BLOCKED,1,1,DRIVER
FR000353,V0342,2026-07-18 14:24:00,Assam,Nagaon,26.3795,92.562,ROCKFALL,HIGH,Field observation of rockfall event on Kaziranga Bypass,PARTIAL,1,0,LOCAL_SCOUT
FR000354,V0448,2026-07-18 15:36:00,Meghalaya,East Khasi Hills,25.4751,91.9409,LANDSLIDE,MEDIUM,Field observation of landslide event on Shillong-Dawki Hwy,PARTIAL,0,0,LOCAL_SCOUT
FR000355,V0346,2026-07-18 16:48:00,Meghalaya,West Khasi Hills,25.6372,91.1224,HEAVY_RAIN,HIGH,Field observation of heavy_rain event on Nongstoin Road,PARTIAL,0,1,FIELD_OFFICER
FR000356,V0179,2026-07-18 18:00:00,Meghalaya,Ri-Bhoi,25.9424,91.903,LANDSLIDE,LOW,Field observation of landslide event on Guwahati-Shillong Expressway,OPEN,0,1,BORDER_ROAD_CREW
FR000357,V0168,2026-07-18 19:12:00,Meghalaya,West Jaintia Hills,25.4854,92.0591,FLOOD,CRITICAL,Field observation of flood event on Jowai Bypass,BLOCKED,0,1,DRIVER
FR000358,V0198,2026-07-18 20:24:00,Sikkim,East Sikkim,27.4759,88.6014,ROAD_DAMAGE,HIGH,Field observation of road_damage event on Sevoke-Gangtok Hwy,PARTIAL,0,0,DRIVER
FR000359,V0338,2026-07-18 21:36:00,Sikkim,North Sikkim,27.4861,88.6066,ROAD_DAMAGE,LOW,Field observation of road_damage event on Mangan-Chungthang Road,OPEN,1,1,FIELD_OFFICER
FR000360,V0226,2026-07-18 22:48:00,Sikkim,South Sikkim,27.0812,88.382,FLOOD,LOW,Field observation of flood event on Namchi-Jorethang Rd,OPEN,0,1,FIELD_OFFICER
FR000361,V0135,2026-07-19 00:00:00,Nagaland,Kohima,25.8215,94.0622,FLOOD,CRITICAL,Field observation of flood event on Dimapur-Kohima Corridor,BLOCKED,1,0,DRIVER
FR000362,V0153,2026-07-19 01:12:00,Nagaland,Dimapur,25.9253,93.6732,LANDSLIDE,LOW,Field observation of landslide event on Dimapur Gateway,OPEN,1,1,BORDER_ROAD_CREW
FR000363,V0229,2026-07-19 02:24:00,Nagaland,Mokokchung,26.2173,94.3852,LANDSLIDE,CRITICAL,Field observation of landslide event on Mokokchung-Amguri Rd,BLOCKED,1,1,FIELD_OFFICER
FR000364,V0327,2026-07-19 03:36:00,Manipur,Imphal West,24.9558,94.0575,ROCKFALL,CRITICAL,Field observation of rockfall event on Imphal Ring Road,BLOCKED,1,1,LOCAL_SCOUT
FR000365,V0443,2026-07-19 04:48:00,Manipur,Bishnupur,24.5762,93.8434,FLOOD,CRITICAL,Field observation of flood event on Imphal-Churachandpur Hwy,BLOCKED,1,0,DRIVER
FR000366,V0298,2026-07-19 06:00:00,Manipur,Senapati,25.3737,94.0092,FLOOD,MEDIUM,Field observation of flood event on Mao-Maram Highway,PARTIAL,1,1,FIELD_OFFICER
FR000367,V0419,2026-07-19 07:12:00,Mizoram,Aizawl,23.8671,92.6321,ACCIDENT,LOW,Field observation of accident event on Silchar-Aizawl Hwy,OPEN,1,1,BORDER_ROAD_CREW
FR000368,V0140,2026-07-19 08:24:00,Mizoram,Kolasib,24.2493,92.7829,ACCIDENT,CRITICAL,Field observation of accident event on Vairengte-Kolasib Corridor,BLOCKED,0,1,FIELD_OFFICER
FR000369,V0211,2026-07-19 09:36:00,Mizoram,Lunglei,22.9842,92.7193,HEAVY_RAIN,MEDIUM,Field observation of heavy_rain event on Aizawl-Lunglei Road,PARTIAL,1,1,BORDER_ROAD_CREW
FR000370,V0340,2026-07-19 10:48:00,Tripura,West Tripura,23.8025,91.1504,FLOOD,CRITICAL,Field observation of flood event on Assam-Agartala National Hwy,BLOCKED,0,0,DRIVER
FR000371,V0423,2026-07-19 12:00:00,Tripura,Sipahijala,23.651,91.1841,HEAVY_RAIN,MEDIUM,Field observation of heavy_rain event on Agartala-Udaipur Hwy,PARTIAL,0,1,BORDER_ROAD_CREW
FR000372,V0260,2026-07-19 13:12:00,Tripura,Dhalai,23.9476,91.887,LANDSLIDE,CRITICAL,Field observation of landslide event on Ambassa Corridor,BLOCKED,0,1,LOCAL_SCOUT
FR000373,V0232,2026-07-19 14:24:00,Arunachal Pradesh,Tawang,27.5543,91.9479,FLOOD,LOW,Field observation of flood event on Bhalukpong-Tawang Hwy,OPEN,1,0,DRIVER
FR000374,V0127,2026-07-19 15:36:00,Arunachal Pradesh,West Kameng,27.1578,92.4466,HEAVY_RAIN,MEDIUM,Field observation of heavy_rain event on Trans-Arunachal Hwy,PARTIAL,0,0,FIELD_OFFICER
FR000375,V0269,2026-07-19 16:48:00,Arunachal Pradesh,Papum Pare,26.9915,93.5665,HEAVY_RAIN,MEDIUM,Field observation of heavy_rain event on Itanagar-Naharlagun Corridor,PARTIAL,1,1,FIELD_OFFICER
FR000376,V0230,2026-07-19 18:00:00,Arunachal Pradesh,East Siang,28.1839,95.2179,FLOOD,LOW,Field observation of flood event on Pasighat Corridor,OPEN,0,1,BORDER_ROAD_CREW
FR000377,V0422,2026-07-19 19:12:00,Arunachal Pradesh,Lower Subansiri,27.6972,93.9018,ACCIDENT,CRITICAL,Field observation of accident event on Ziro-Yachuli Road,BLOCKED,1,1,FIELD_OFFICER
FR000378,V0309,2026-07-19 20:24:00,Assam,Kamrup Metropolitan,26.1474,91.7332,LANDSLIDE,HIGH,Field observation of landslide event on East-West Corridor,PARTIAL,0,0,DRIVER
FR000379,V0149,2026-07-19 21:36:00,Assam,Kamrup Rural,26.1455,91.6141,ROCKFALL,LOW,Field observation of rockfall event on Amingaon-Rangia Hwy,OPEN,1,1,LOCAL_SCOUT
FR000380,V0260,2026-07-19 22:48:00,Assam,Darrang,26.5196,92.0874,HEAVY_RAIN,HIGH,Field observation of heavy_rain event on North Bank Hwy,PARTIAL,1,1,DRIVER
FR000381,V0155,2026-07-20 00:00:00,Assam,Sonitpur,26.6805,92.9342,HEAVY_RAIN,LOW,Field observation of heavy_rain event on Tezpur-Biswanath Hwy,OPEN,0,0,LOCAL_SCOUT
FR000382,V0330,2026-07-20 01:12:00,Assam,Dibrugarh,27.4979,94.8132,ROCKFALL,LOW,Field observation of rockfall event on Upper Assam Hwy,OPEN,0,0,DRIVER
FR000383,V0337,2026-07-20 02:24:00,Assam,Cachar,24.7974,92.8754,ROAD_DAMAGE,LOW,Field observation of road_damage event on Silchar-Badarpur Corridor,OPEN,1,1,FIELD_OFFICER
FR000384,V0190,2026-07-20 03:36:00,Assam,Nagaon,26.2282,92.5397,HEAVY_RAIN,MEDIUM,Field observation of heavy_rain event on Kaziranga Bypass,PARTIAL,1,1,DRIVER
FR000385,V0279,2026-07-20 04:48:00,Meghalaya,East Khasi Hills,25.49,91.8938,FLOOD,LOW,Field observation of flood event on Shillong-Dawki Hwy,OPEN,0,1,BORDER_ROAD_CREW
FR000386,V0155,2026-07-20 06:00:00,Meghalaya,West Khasi Hills,25.5808,91.1287,LANDSLIDE,CRITICAL,Field observation of landslide event on Nongstoin Road,BLOCKED,1,1,FIELD_OFFICER
FR000387,V0146,2026-07-20 07:12:00,Meghalaya,Ri-Bhoi,26.0494,91.8735,ROCKFALL,CRITICAL,Field observation of rockfall event on Guwahati-Shillong Expressway,BLOCKED,1,1,BORDER_ROAD_CREW
FR000388,V0256,2026-07-20 08:24:00,Meghalaya,West Jaintia Hills,25.5736,92.1527,LANDSLIDE,CRITICAL,Field observation of landslide event on Jowai Bypass,BLOCKED,1,0,LOCAL_SCOUT
FR000389,V0112,2026-07-20 09:36:00,Sikkim,East Sikkim,27.3931,88.6976,FLOOD,MEDIUM,Field observation of flood event on Sevoke-Gangtok Hwy,PARTIAL,1,1,LOCAL_SCOUT
FR000390,V0396,2026-07-20 10:48:00,Sikkim,North Sikkim,27.424,88.5674,LANDSLIDE,HIGH,Field observation of landslide event on Mangan-Chungthang Road,PARTIAL,0,1,DRIVER
FR000391,V0371,2026-07-20 12:00:00,Sikkim,South Sikkim,27.2514,88.4115,FLOOD,CRITICAL,Field observation of flood event on Namchi-Jorethang Rd,BLOCKED,0,1,BORDER_ROAD_CREW
FR000392,V0440,2026-07-20 13:12:00,Nagaland,Kohima,25.6297,94.2387,ROAD_DAMAGE,CRITICAL,Field observation of road_damage event on Dimapur-Kohima Corridor,BLOCKED,1,0,FIELD_OFFICER
FR000393,V0161,2026-07-20 14:24:00,Nagaland,Dimapur,25.9288,93.7405,LANDSLIDE,HIGH,Field observation of landslide event on Dimapur Gateway,PARTIAL,0,1,FIELD_OFFICER
FR000394,V0195,2026-07-20 15:36:00,Nagaland,Mokokchung,26.4614,94.6114,HEAVY_RAIN,MEDIUM,Field observation of heavy_rain event on Mokokchung-Amguri Rd,PARTIAL,1,1,BORDER_ROAD_CREW
FR000395,V0440,2026-07-20 16:48:00,Manipur,Imphal West,24.6907,94.064,ACCIDENT,CRITICAL,Field observation of accident event on Imphal Ring Road,BLOCKED,1,0,DRIVER
FR000396,V0115,2026-07-20 18:00:00,Manipur,Bishnupur,24.543,93.7761,LANDSLIDE,HIGH,Field observation of landslide event on Imphal-Churachandpur Hwy,PARTIAL,0,1,DRIVER
FR000397,V0437,2026-07-20 19:12:00,Manipur,Senapati,25.1428,94.0823,ROCKFALL,CRITICAL,Field observation of rockfall event on Mao-Maram Highway,BLOCKED,1,1,BORDER_ROAD_CREW
FR000398,V0132,2026-07-20 20:24:00,Mizoram,Aizawl,23.7364,92.759,ROAD_DAMAGE,LOW,Field observation of road_damage event on Silchar-Aizawl Hwy,OPEN,1,1,LOCAL_SCOUT
FR000399,V0373,2026-07-20 21:36:00,Mizoram,Kolasib,24.2117,92.7344,FLOOD,HIGH,Field observation of flood event on Vairengte-Kolasib Corridor,PARTIAL,0,1,BORDER_ROAD_CREW
FR000400,V0284,2026-07-20 22:48:00,Mizoram,Lunglei,23.0087,92.7121,ROCKFALL,LOW,Field observation of rockfall event on Aizawl-Lunglei Road,OPEN,1,1,LOCAL_SCOUT
FR000401,V0201,2026-07-21 00:00:00,Tripura,West Tripura,23.8767,91.3636,ACCIDENT,CRITICAL,Field observation of accident event on Assam-Agartala National Hwy,BLOCKED,1,1,BORDER_ROAD_CREW
FR000402,V0175,2026-07-21 01:12:00,Tripura,Sipahijala,23.7574,91.1888,ACCIDENT,CRITICAL,Field observation of accident event on Agartala-Udaipur Hwy,BLOCKED,1,0,LOCAL_SCOUT
FR000403,V0237,2026-07-21 02:24:00,Tripura,Dhalai,23.9551,91.7112,LANDSLIDE,LOW,Field observation of landslide event on Ambassa Corridor,OPEN,1,1,BORDER_ROAD_CREW
FR000404,V0147,2026-07-21 03:36:00,Arunachal Pradesh,Tawang,27.4888,91.9853,ROCKFALL,MEDIUM,Field observation of rockfall event on Bhalukpong-Tawang Hwy,PARTIAL,0,1,DRIVER
FR000405,V0438,2026-07-21 04:48:00,Arunachal Pradesh,West Kameng,27.3955,92.5545,ROCKFALL,CRITICAL,Field observation of rockfall event on Trans-Arunachal Hwy,BLOCKED,0,1,DRIVER
FR000406,V0104,2026-07-21 06:00:00,Arunachal Pradesh,Papum Pare,27.0399,93.6474,FLOOD,MEDIUM,Field observation of flood event on Itanagar-Naharlagun Corridor,PARTIAL,0,1,FIELD_OFFICER
FR000407,V0404,2026-07-21 07:12:00,Arunachal Pradesh,East Siang,28.2127,95.339,ROAD_DAMAGE,MEDIUM,Field observation of road_damage event on Pasighat Corridor,PARTIAL,1,1,DRIVER
FR000408,V0219,2026-07-21 08:24:00,Arunachal Pradesh,Lower Subansiri,27.5513,93.7619,ROCKFALL,HIGH,Field observation of rockfall event on Ziro-Yachuli Road,PARTIAL,0,1,FIELD_OFFICER
FR000409,V0254,2026-07-21 09:36:00,Assam,Kamrup Metropolitan,26.1322,91.6634,ACCIDENT,MEDIUM,Field observation of accident event on East-West Corridor,PARTIAL,0,1,DRIVER
FR000410,V0335,2026-07-21 10:48:00,Assam,Kamrup Rural,26.1235,91.6143,FLOOD,HIGH,Field observation of flood event on Amingaon-Rangia Hwy,PARTIAL,1,1,BORDER_ROAD_CREW
FR000411,V0408,2026-07-21 12:00:00,Assam,Darrang,26.5711,92.1291,HEAVY_RAIN,MEDIUM,Field observation of heavy_rain event on North Bank Hwy,PARTIAL,0,1,DRIVER
FR000412,V0323,2026-07-21 13:12:00,Assam,Sonitpur,26.5124,92.9371,LANDSLIDE,CRITICAL,Field observation of landslide event on Tezpur-Biswanath Hwy,BLOCKED,1,1,BORDER_ROAD_CREW
FR000413,V0146,2026-07-21 14:24:00,Assam,Dibrugarh,27.401,94.8327,ACCIDENT,HIGH,Field observation of accident event on Upper Assam Hwy,PARTIAL,0,0,BORDER_ROAD_CREW
FR000414,V0217,2026-07-21 15:36:00,Assam,Cachar,24.858,92.8008,ACCIDENT,HIGH,Field observation of accident event on Silchar-Badarpur Corridor,PARTIAL,1,0,BORDER_ROAD_CREW
FR000415,V0277,2026-07-21 16:48:00,Assam,Nagaon,26.2138,92.5695,FLOOD,HIGH,Field observation of flood event on Kaziranga Bypass,PARTIAL,1,0,BORDER_ROAD_CREW
FR000416,V0250,2026-07-21 18:00:00,Meghalaya,East Khasi Hills,25.7057,92.0096,FLOOD,LOW,Field observation of flood event on Shillong-Dawki Hwy,OPEN,1,1,DRIVER
FR000417,V0277,2026-07-21 19:12:00,Meghalaya,West Khasi Hills,25.6348,91.1985,LANDSLIDE,HIGH,Field observation of landslide event on Nongstoin Road,PARTIAL,1,1,BORDER_ROAD_CREW
FR000418,V0226,2026-07-21 20:24:00,Meghalaya,Ri-Bhoi,25.8935,91.8665,FLOOD,MEDIUM,Field observation of flood event on Guwahati-Shillong Expressway,PARTIAL,0,1,FIELD_OFFICER
FR000419,V0311,2026-07-21 21:36:00,Meghalaya,West Jaintia Hills,25.5738,92.2772,ROCKFALL,MEDIUM,Field observation of rockfall event on Jowai Bypass,PARTIAL,0,1,FIELD_OFFICER
FR000420,V0158,2026-07-21 22:48:00,Sikkim,East Sikkim,27.2631,88.6829,ROAD_DAMAGE,HIGH,Field observation of road_damage event on Sevoke-Gangtok Hwy,PARTIAL,1,1,BORDER_ROAD_CREW
FR000421,V0103,2026-07-22 00:00:00,Sikkim,North Sikkim,27.5085,88.5085,ROCKFALL,CRITICAL,Field observation of rockfall event on Mangan-Chungthang Road,BLOCKED,1,1,DRIVER
FR000422,V0198,2026-07-22 01:12:00,Sikkim,South Sikkim,27.1843,88.3516,HEAVY_RAIN,CRITICAL,Field observation of heavy_rain event on Namchi-Jorethang Rd,BLOCKED,1,1,BORDER_ROAD_CREW
FR000423,V0302,2026-07-22 02:24:00,Nagaland,Kohima,25.7814,94.0912,LANDSLIDE,CRITICAL,Field observation of landslide event on Dimapur-Kohima Corridor,BLOCKED,0,1,BORDER_ROAD_CREW
FR000424,V0347,2026-07-22 03:36:00,Nagaland,Dimapur,25.7841,93.7306,ROAD_DAMAGE,LOW,Field observation of road_damage event on Dimapur Gateway,OPEN,1,0,BORDER_ROAD_CREW
FR000425,V0188,2026-07-22 04:48:00,Nagaland,Mokokchung,26.2996,94.5392,HEAVY_RAIN,LOW,Field observation of heavy_rain event on Mokokchung-Amguri Rd,OPEN,1,1,BORDER_ROAD_CREW
FR000426,V0292,2026-07-22 06:00:00,Manipur,Imphal West,24.884,93.9056,HEAVY_RAIN,CRITICAL,Field observation of heavy_rain event on Imphal Ring Road,BLOCKED,1,1,DRIVER
FR000427,V0114,2026-07-22 07:12:00,Manipur,Bishnupur,24.5043,93.7416,ROAD_DAMAGE,CRITICAL,Field observation of road_damage event on Imphal-Churachandpur Hwy,BLOCKED,1,0,FIELD_OFFICER
FR000428,V0313,2026-07-22 08:24:00,Manipur,Senapati,25.3904,93.8807,ACCIDENT,CRITICAL,Field observation of accident event on Mao-Maram Highway,BLOCKED,0,1,LOCAL_SCOUT
FR000429,V0210,2026-07-22 09:36:00,Mizoram,Aizawl,23.6311,92.6082,FLOOD,MEDIUM,Field observation of flood event on Silchar-Aizawl Hwy,PARTIAL,1,1,DRIVER
FR000430,V0181,2026-07-22 10:48:00,Mizoram,Kolasib,24.1961,92.8279,FLOOD,LOW,Field observation of flood event on Vairengte-Kolasib Corridor,OPEN,1,1,BORDER_ROAD_CREW
FR000431,V0211,2026-07-22 12:00:00,Mizoram,Lunglei,22.8432,92.6141,LANDSLIDE,MEDIUM,Field observation of landslide event on Aizawl-Lunglei Road,PARTIAL,1,1,DRIVER
FR000432,V0421,2026-07-22 13:12:00,Tripura,West Tripura,23.9396,91.1724,HEAVY_RAIN,CRITICAL,Field observation of heavy_rain event on Assam-Agartala National Hwy,BLOCKED,1,1,LOCAL_SCOUT
FR000433,V0346,2026-07-22 14:24:00,Tripura,Sipahijala,23.7786,91.4124,ROAD_DAMAGE,MEDIUM,Field observation of road_damage event on Agartala-Udaipur Hwy,PARTIAL,0,1,LOCAL_SCOUT
FR000434,V0191,2026-07-22 15:36:00,Tripura,Dhalai,23.902,91.8633,LANDSLIDE,LOW,Field observation of landslide event on Ambassa Corridor,OPEN,1,1,FIELD_OFFICER
FR000435,V0139,2026-07-22 16:48:00,Arunachal Pradesh,Tawang,27.5743,91.7559,ACCIDENT,HIGH,Field observation of accident event on Bhalukpong-Tawang Hwy,PARTIAL,1,1,BORDER_ROAD_CREW
FR000436,V0416,2026-07-22 18:00:00,Arunachal Pradesh,West Kameng,27.1484,92.5087,ACCIDENT,CRITICAL,Field observation of accident event on Trans-Arunachal Hwy,BLOCKED,0,0,FIELD_OFFICER
FR000437,V0167,2026-07-22 19:12:00,Arunachal Pradesh,Papum Pare,27.2171,93.5388,ROCKFALL,MEDIUM,Field observation of rockfall event on Itanagar-Naharlagun Corridor,PARTIAL,1,1,BORDER_ROAD_CREW
FR000438,V0449,2026-07-22 20:24:00,Arunachal Pradesh,East Siang,28.0953,95.387,HEAVY_RAIN,HIGH,Field observation of heavy_rain event on Pasighat Corridor,PARTIAL,1,1,DRIVER
FR000439,V0106,2026-07-22 21:36:00,Arunachal Pradesh,Lower Subansiri,27.5317,93.8419,ROCKFALL,MEDIUM,Field observation of rockfall event on Ziro-Yachuli Road,PARTIAL,0,1,BORDER_ROAD_CREW
FR000440,V0258,2026-07-22 22:48:00,Assam,Kamrup Metropolitan,26.1457,91.673,ROAD_DAMAGE,HIGH,Field observation of road_damage event on East-West Corridor,PARTIAL,0,0,DRIVER
FR000441,V0341,2026-07-23 00:00:00,Assam,Kamrup Rural,26.2082,91.6438,ROAD_DAMAGE,LOW,Field observation of road_damage event on Amingaon-Rangia Hwy,OPEN,1,1,FIELD_OFFICER
FR000442,V0317,2026-07-23 01:12:00,Assam,Darrang,26.345,92.0791,ACCIDENT,CRITICAL,Field observation of accident event on North Bank Hwy,BLOCKED,1,1,FIELD_OFFICER
FR000443,V0415,2026-07-23 02:24:00,Assam,Sonitpur,26.6508,92.8201,ROCKFALL,HIGH,Field observation of rockfall event on Tezpur-Biswanath Hwy,PARTIAL,1,1,BORDER_ROAD_CREW
FR000444,V0281,2026-07-23 03:36:00,Assam,Dibrugarh,27.451,94.9107,ROAD_DAMAGE,MEDIUM,Field observation of road_damage event on Upper Assam Hwy,PARTIAL,1,0,LOCAL_SCOUT
FR000445,V0260,2026-07-23 04:48:00,Assam,Cachar,24.919,92.7245,ROCKFALL,HIGH,Field observation of rockfall event on Silchar-Badarpur Corridor,PARTIAL,1,0,FIELD_OFFICER
FR000446,V0365,2026-07-23 06:00:00,Assam,Nagaon,26.2504,92.6954,FLOOD,MEDIUM,Field observation of flood event on Kaziranga Bypass,PARTIAL,0,1,BORDER_ROAD_CREW
FR000447,V0399,2026-07-23 07:12:00,Meghalaya,East Khasi Hills,25.6411,91.985,LANDSLIDE,CRITICAL,Field observation of landslide event on Shillong-Dawki Hwy,BLOCKED,1,1,DRIVER
FR000448,V0152,2026-07-23 08:24:00,Meghalaya,West Khasi Hills,25.485,91.269,ROAD_DAMAGE,MEDIUM,Field observation of road_damage event on Nongstoin Road,PARTIAL,0,1,FIELD_OFFICER
FR000449,V0117,2026-07-23 09:36:00,Meghalaya,Ri-Bhoi,25.944,92.0067,HEAVY_RAIN,HIGH,Field observation of heavy_rain event on Guwahati-Shillong Expressway,PARTIAL,1,0,FIELD_OFFICER
FR000450,V0355,2026-07-23 10:48:00,Meghalaya,West Jaintia Hills,25.5488,92.0655,ROCKFALL,LOW,Field observation of rockfall event on Jowai Bypass,OPEN,0,0,LOCAL_SCOUT
FR000451,V0144,2026-07-23 12:00:00,Sikkim,East Sikkim,27.451,88.5129,LANDSLIDE,HIGH,Field observation of landslide event on Sevoke-Gangtok Hwy,PARTIAL,1,0,LOCAL_SCOUT
FR000452,V0350,2026-07-23 13:12:00,Sikkim,North Sikkim,27.4151,88.4627,FLOOD,LOW,Field observation of flood event on Mangan-Chungthang Road,OPEN,0,0,DRIVER
FR000453,V0359,2026-07-23 14:24:00,Sikkim,South Sikkim,27.0246,88.4811,HEAVY_RAIN,CRITICAL,Field observation of heavy_rain event on Namchi-Jorethang Rd,BLOCKED,1,1,DRIVER
FR000454,V0157,2026-07-23 15:36:00,Nagaland,Kohima,25.6688,94.0314,LANDSLIDE,LOW,Field observation of landslide event on Dimapur-Kohima Corridor,OPEN,0,0,FIELD_OFFICER
FR000455,V0410,2026-07-23 16:48:00,Nagaland,Dimapur,25.8286,93.674,ACCIDENT,CRITICAL,Field observation of accident event on Dimapur Gateway,BLOCKED,1,1,BORDER_ROAD_CREW
FR000456,V0351,2026-07-23 18:00:00,Nagaland,Mokokchung,26.2828,94.4485,ACCIDENT,MEDIUM,Field observation of accident event on Mokokchung-Amguri Rd,PARTIAL,1,1,LOCAL_SCOUT
FR000457,V0444,2026-07-23 19:12:00,Manipur,Imphal West,24.9078,94.0035,ROCKFALL,MEDIUM,Field observation of rockfall event on Imphal Ring Road,PARTIAL,1,1,FIELD_OFFICER
FR000458,V0270,2026-07-23 20:24:00,Manipur,Bishnupur,24.5936,93.7387,ROCKFALL,HIGH,Field observation of rockfall event on Imphal-Churachandpur Hwy,PARTIAL,0,1,FIELD_OFFICER
FR000459,V0320,2026-07-23 21:36:00,Manipur,Senapati,25.1149,94.026,ACCIDENT,LOW,Field observation of accident event on Mao-Maram Highway,OPEN,0,0,LOCAL_SCOUT
FR000460,V0206,2026-07-23 22:48:00,Mizoram,Aizawl,23.6228,92.6666,ACCIDENT,MEDIUM,Field observation of accident event on Silchar-Aizawl Hwy,PARTIAL,1,1,BORDER_ROAD_CREW
FR000461,V0137,2026-07-24 00:00:00,Mizoram,Kolasib,24.2352,92.813,ROAD_DAMAGE,HIGH,Field observation of road_damage event on Vairengte-Kolasib Corridor,PARTIAL,1,0,FIELD_OFFICER
FR000462,V0203,2026-07-24 01:12:00,Mizoram,Lunglei,23.02,92.7825,ACCIDENT,HIGH,Field observation of accident event on Aizawl-Lunglei Road,PARTIAL,1,1,BORDER_ROAD_CREW
FR000463,V0381,2026-07-24 02:24:00,Tripura,West Tripura,23.7872,91.1788,HEAVY_RAIN,MEDIUM,Field observation of heavy_rain event on Assam-Agartala National Hwy,PARTIAL,1,1,DRIVER
FR000464,V0167,2026-07-24 03:36:00,Tripura,Sipahijala,23.6476,91.3545,LANDSLIDE,HIGH,Field observation of landslide event on Agartala-Udaipur Hwy,PARTIAL,1,1,DRIVER
FR000465,V0314,2026-07-24 04:48:00,Tripura,Dhalai,23.7223,91.9454,LANDSLIDE,HIGH,Field observation of landslide event on Ambassa Corridor,PARTIAL,1,1,DRIVER
FR000466,V0278,2026-07-24 06:00:00,Arunachal Pradesh,Tawang,27.6889,91.7788,ACCIDENT,CRITICAL,Field observation of accident event on Bhalukpong-Tawang Hwy,BLOCKED,0,1,LOCAL_SCOUT
FR000467,V0247,2026-07-24 07:12:00,Arunachal Pradesh,West Kameng,27.2513,92.284,ACCIDENT,HIGH,Field observation of accident event on Trans-Arunachal Hwy,PARTIAL,1,1,FIELD_OFFICER
FR000468,V0196,2026-07-24 08:24:00,Arunachal Pradesh,Papum Pare,27.0954,93.613,HEAVY_RAIN,MEDIUM,Field observation of heavy_rain event on Itanagar-Naharlagun Corridor,PARTIAL,1,0,BORDER_ROAD_CREW
FR000469,V0176,2026-07-24 09:36:00,Arunachal Pradesh,East Siang,27.921,95.3927,FLOOD,MEDIUM,Field observation of flood event on Pasighat Corridor,PARTIAL,1,1,DRIVER
FR000470,V0314,2026-07-24 10:48:00,Arunachal Pradesh,Lower Subansiri,27.6439,93.8822,ROCKFALL,LOW,Field observation of rockfall event on Ziro-Yachuli Road,OPEN,1,1,LOCAL_SCOUT
FR000471,V0170,2026-07-24 12:00:00,Assam,Kamrup Metropolitan,26.2699,91.7435,FLOOD,CRITICAL,Field observation of flood event on East-West Corridor,BLOCKED,1,1,LOCAL_SCOUT
FR000472,V0290,2026-07-24 13:12:00,Assam,Kamrup Rural,26.2796,91.4922,ROAD_DAMAGE,LOW,Field observation of road_damage event on Amingaon-Rangia Hwy,OPEN,1,1,FIELD_OFFICER
FR000473,V0401,2026-07-24 14:24:00,Assam,Darrang,26.4397,91.954,FLOOD,HIGH,Field observation of flood event on North Bank Hwy,PARTIAL,1,1,BORDER_ROAD_CREW
FR000474,V0148,2026-07-24 15:36:00,Assam,Sonitpur,26.7382,92.8387,ROAD_DAMAGE,CRITICAL,Field observation of road_damage event on Tezpur-Biswanath Hwy,BLOCKED,1,1,LOCAL_SCOUT
FR000475,V0443,2026-07-24 16:48:00,Assam,Dibrugarh,27.4444,94.8752,ROCKFALL,HIGH,Field observation of rockfall event on Upper Assam Hwy,PARTIAL,1,1,FIELD_OFFICER
FR000476,V0288,2026-07-24 18:00:00,Assam,Cachar,24.7347,92.7789,LANDSLIDE,LOW,Field observation of landslide event on Silchar-Badarpur Corridor,OPEN,0,1,FIELD_OFFICER
FR000477,V0141,2026-07-24 19:12:00,Assam,Nagaon,26.4884,92.8262,LANDSLIDE,LOW,Field observation of landslide event on Kaziranga Bypass,OPEN,1,1,DRIVER
FR000478,V0230,2026-07-24 20:24:00,Meghalaya,East Khasi Hills,25.4922,92.0037,LANDSLIDE,HIGH,Field observation of landslide event on Shillong-Dawki Hwy,PARTIAL,0,1,FIELD_OFFICER
FR000479,V0134,2026-07-24 21:36:00,Meghalaya,West Khasi Hills,25.6372,91.3153,ROCKFALL,HIGH,Field observation of rockfall event on Nongstoin Road,PARTIAL,0,1,DRIVER
FR000480,V0257,2026-07-24 22:48:00,Meghalaya,Ri-Bhoi,25.7599,92.0086,FLOOD,HIGH,Field observation of flood event on Guwahati-Shillong Expressway,PARTIAL,0,1,DRIVER
FR000481,V0360,2026-07-25 00:00:00,Meghalaya,West Jaintia Hills,25.3433,92.2962,ROAD_DAMAGE,MEDIUM,Field observation of road_damage event on Jowai Bypass,PARTIAL,1,1,LOCAL_SCOUT
FR000482,V0147,2026-07-25 01:12:00,Sikkim,East Sikkim,27.2376,88.5286,LANDSLIDE,LOW,Field observation of landslide event on Sevoke-Gangtok Hwy,OPEN,0,0,BORDER_ROAD_CREW
FR000483,V0251,2026-07-25 02:24:00,Sikkim,North Sikkim,27.5122,88.5152,ACCIDENT,LOW,Field observation of accident event on Mangan-Chungthang Road,OPEN,0,1,LOCAL_SCOUT
FR000484,V0450,2026-07-25 03:36:00,Sikkim,South Sikkim,27.2372,88.3502,FLOOD,HIGH,Field observation of flood event on Namchi-Jorethang Rd,PARTIAL,1,0,LOCAL_SCOUT
FR000485,V0177,2026-07-25 04:48:00,Nagaland,Kohima,25.7767,94.0608,ROCKFALL,LOW,Field observation of rockfall event on Dimapur-Kohima Corridor,OPEN,1,0,LOCAL_SCOUT
FR000486,V0383,2026-07-25 06:00:00,Nagaland,Dimapur,26.0475,93.6754,FLOOD,MEDIUM,Field observation of flood event on Dimapur Gateway,PARTIAL,1,1,BORDER_ROAD_CREW
FR000487,V0311,2026-07-25 07:12:00,Nagaland,Mokokchung,26.3222,94.4767,HEAVY_RAIN,HIGH,Field observation of heavy_rain event on Mokokchung-Amguri Rd,PARTIAL,1,1,LOCAL_SCOUT
FR000488,V0441,2026-07-25 08:24:00,Manipur,Imphal West,24.8428,93.9008,ROAD_DAMAGE,CRITICAL,Field observation of road_damage event on Imphal Ring Road,BLOCKED,1,1,FIELD_OFFICER
FR000489,V0426,2026-07-25 09:36:00,Manipur,Bishnupur,24.6963,93.6391,FLOOD,LOW,Field observation of flood event on Imphal-Churachandpur Hwy,OPEN,0,1,LOCAL_SCOUT
FR000490,V0204,2026-07-25 10:48:00,Manipur,Senapati,25.1563,93.9769,ROAD_DAMAGE,MEDIUM,Field observation of road_damage event on Mao-Maram Highway,PARTIAL,0,1,BORDER_ROAD_CREW
FR000491,V0331,2026-07-25 12:00:00,Mizoram,Aizawl,23.6696,92.6756,ROAD_DAMAGE,MEDIUM,Field observation of road_damage event on Silchar-Aizawl Hwy,PARTIAL,1,1,BORDER_ROAD_CREW
FR000492,V0301,2026-07-25 13:12:00,Mizoram,Kolasib,24.1993,92.6971,ROCKFALL,LOW,Field observation of rockfall event on Vairengte-Kolasib Corridor,OPEN,0,1,DRIVER
FR000493,V0340,2026-07-25 14:24:00,Mizoram,Lunglei,22.8362,92.6179,ROCKFALL,LOW,Field observation of rockfall event on Aizawl-Lunglei Road,OPEN,0,1,FIELD_OFFICER
FR000494,V0212,2026-07-25 15:36:00,Tripura,West Tripura,23.6852,91.2609,ROAD_DAMAGE,MEDIUM,Field observation of road_damage event on Assam-Agartala National Hwy,PARTIAL,0,0,BORDER_ROAD_CREW
FR000495,V0158,2026-07-25 16:48:00,Tripura,Sipahijala,23.7566,91.4555,LANDSLIDE,MEDIUM,Field observation of landslide event on Agartala-Udaipur Hwy,PARTIAL,1,1,FIELD_OFFICER
FR000496,V0212,2026-07-25 18:00:00,Tripura,Dhalai,23.7509,91.7807,LANDSLIDE,MEDIUM,Field observation of landslide event on Ambassa Corridor,PARTIAL,0,1,FIELD_OFFICER
FR000497,V0361,2026-07-25 19:12:00,Arunachal Pradesh,Tawang,27.5665,91.8357,ROCKFALL,MEDIUM,Field observation of rockfall event on Bhalukpong-Tawang Hwy,PARTIAL,1,0,BORDER_ROAD_CREW
FR000498,V0418,2026-07-25 20:24:00,Arunachal Pradesh,West Kameng,27.3978,92.4822,ACCIDENT,MEDIUM,Field observation of accident event on Trans-Arunachal Hwy,PARTIAL,0,0,DRIVER
FR000499,V0222,2026-07-25 21:36:00,Arunachal Pradesh,Papum Pare,26.9825,93.558,FLOOD,MEDIUM,Field observation of flood event on Itanagar-Naharlagun Corridor,PARTIAL,1,0,FIELD_OFFICER
FR000500,V0101,2026-07-25 22:48:00,Arunachal Pradesh,East Siang,28.1572,95.2749,ACCIDENT,LOW,Field observation of accident event on Pasighat Corridor,OPEN,0,1,FIELD_OFFICER
FR000501,V0245,2026-07-26 00:00:00,Arunachal Pradesh,Lower Subansiri,27.5953,93.8583,FLOOD,MEDIUM,Field observation of flood event on Ziro-Yachuli Road,PARTIAL,0,1,BORDER_ROAD_CREW
FR000502,V0242,2026-07-26 01:12:00,Assam,Kamrup Metropolitan,26.0548,91.6805,ROCKFALL,HIGH,Field observation of rockfall event on East-West Corridor,PARTIAL,1,1,FIELD_OFFICER
FR000503,V0244,2026-07-26 02:24:00,Assam,Kamrup Rural,26.2435,91.5593,ACCIDENT,CRITICAL,Field observation of accident event on Amingaon-Rangia Hwy,BLOCKED,1,1,DRIVER
FR000504,V0230,2026-07-26 03:36:00,Assam,Darrang,26.3861,92.1168,ROCKFALL,HIGH,Field observation of rockfall event on North Bank Hwy,PARTIAL,0,1,DRIVER
FR000505,V0192,2026-07-26 04:48:00,Assam,Sonitpur,26.6615,92.8063,ROCKFALL,CRITICAL,Field observation of rockfall event on Tezpur-Biswanath Hwy,BLOCKED,0,1,BORDER_ROAD_CREW
FR000506,V0126,2026-07-26 06:00:00,Assam,Dibrugarh,27.541,95.0449,ROCKFALL,MEDIUM,Field observation of rockfall event on Upper Assam Hwy,PARTIAL,0,1,FIELD_OFFICER
FR000507,V0171,2026-07-26 07:12:00,Assam,Cachar,24.8912,92.8746,FLOOD,MEDIUM,Field observation of flood event on Silchar-Badarpur Corridor,PARTIAL,0,1,FIELD_OFFICER
FR000508,V0210,2026-07-26 08:24:00,Assam,Nagaon,26.237,92.6248,HEAVY_RAIN,MEDIUM,Field observation of heavy_rain event on Kaziranga Bypass,PARTIAL,1,0,DRIVER
FR000509,V0155,2026-07-26 09:36:00,Meghalaya,East Khasi Hills,25.6655,91.7655,HEAVY_RAIN,CRITICAL,Field observation of heavy_rain event on Shillong-Dawki Hwy,BLOCKED,0,1,LOCAL_SCOUT
FR000510,V0427,2026-07-26 10:48:00,Meghalaya,West Khasi Hills,25.512,91.3861,FLOOD,CRITICAL,Field observation of flood event on Nongstoin Road,BLOCKED,1,0,DRIVER
FR000511,V0334,2026-07-26 12:00:00,Meghalaya,Ri-Bhoi,26.0405,91.9405,HEAVY_RAIN,LOW,Field observation of heavy_rain event on Guwahati-Shillong Expressway,OPEN,1,1,DRIVER
FR000512,V0435,2026-07-26 13:12:00,Meghalaya,West Jaintia Hills,25.3255,92.2807,LANDSLIDE,MEDIUM,Field observation of landslide event on Jowai Bypass,PARTIAL,0,1,BORDER_ROAD_CREW
FR000513,V0257,2026-07-26 14:24:00,Sikkim,East Sikkim,27.3727,88.6255,ROAD_DAMAGE,LOW,Field observation of road_damage event on Sevoke-Gangtok Hwy,OPEN,1,0,FIELD_OFFICER
FR000514,V0417,2026-07-26 15:36:00,Sikkim,North Sikkim,27.5758,88.6897,ROAD_DAMAGE,HIGH,Field observation of road_damage event on Mangan-Chungthang Road,PARTIAL,1,1,DRIVER
FR000515,V0362,2026-07-26 16:48:00,Sikkim,South Sikkim,27.0866,88.4241,ACCIDENT,MEDIUM,Field observation of accident event on Namchi-Jorethang Rd,PARTIAL,0,0,BORDER_ROAD_CREW
FR000516,V0295,2026-07-26 18:00:00,Nagaland,Kohima,25.6588,94.0759,ROCKFALL,MEDIUM,Field observation of rockfall event on Dimapur-Kohima Corridor,PARTIAL,0,1,LOCAL_SCOUT
FR000517,V0333,2026-07-26 19:12:00,Nagaland,Dimapur,25.802,93.8768,ACCIDENT,MEDIUM,Field observation of accident event on Dimapur Gateway,PARTIAL,0,0,BORDER_ROAD_CREW
FR000518,V0165,2026-07-26 20:24:00,Nagaland,Mokokchung,26.4635,94.4048,ROAD_DAMAGE,CRITICAL,Field observation of road_damage event on Mokokchung-Amguri Rd,BLOCKED,0,1,FIELD_OFFICER
FR000519,V0292,2026-07-26 21:36:00,Manipur,Imphal West,24.7699,94.0221,FLOOD,MEDIUM,Field observation of flood event on Imphal Ring Road,PARTIAL,0,1,FIELD_OFFICER
FR000520,V0296,2026-07-26 22:48:00,Manipur,Bishnupur,24.6138,93.8235,ROCKFALL,LOW,Field observation of rockfall event on Imphal-Churachandpur Hwy,OPEN,1,0,FIELD_OFFICER
FR000521,V0334,2026-07-27 00:00:00,Manipur,Senapati,25.3232,93.8668,FLOOD,LOW,Field observation of flood event on Mao-Maram Highway,OPEN,0,1,DRIVER
FR000522,V0225,2026-07-27 01:12:00,Mizoram,Aizawl,23.6264,92.8628,LANDSLIDE,HIGH,Field observation of landslide event on Silchar-Aizawl Hwy,PARTIAL,1,0,LOCAL_SCOUT
FR000523,V0395,2026-07-27 02:24:00,Mizoram,Kolasib,24.1693,92.6579,FLOOD,MEDIUM,Field observation of flood event on Vairengte-Kolasib Corridor,PARTIAL,1,1,FIELD_OFFICER
FR000524,V0393,2026-07-27 03:36:00,Mizoram,Lunglei,22.7853,92.7821,LANDSLIDE,LOW,Field observation of landslide event on Aizawl-Lunglei Road,OPEN,1,1,BORDER_ROAD_CREW
FR000525,V0199,2026-07-27 04:48:00,Tripura,West Tripura,23.9464,91.2717,ROAD_DAMAGE,LOW,Field observation of road_damage event on Assam-Agartala National Hwy,OPEN,0,1,DRIVER
FR000526,V0292,2026-07-27 06:00:00,Tripura,Sipahijala,23.5467,91.3877,FLOOD,LOW,Field observation of flood event on Agartala-Udaipur Hwy,OPEN,0,0,DRIVER
FR000527,V0266,2026-07-27 07:12:00,Tripura,Dhalai,23.9399,91.8611,ROAD_DAMAGE,MEDIUM,Field observation of road_damage event on Ambassa Corridor,PARTIAL,0,0,DRIVER
FR000528,V0365,2026-07-27 08:24:00,Arunachal Pradesh,Tawang,27.5148,91.9682,FLOOD,LOW,Field observation of flood event on Bhalukpong-Tawang Hwy,OPEN,1,1,LOCAL_SCOUT
FR000529,V0337,2026-07-27 09:36:00,Arunachal Pradesh,West Kameng,27.2311,92.3837,ROAD_DAMAGE,CRITICAL,Field observation of road_damage event on Trans-Arunachal Hwy,BLOCKED,1,1,DRIVER
FR000530,V0201,2026-07-27 10:48:00,Arunachal Pradesh,Papum Pare,27.1356,93.7107,ACCIDENT,MEDIUM,Field observation of accident event on Itanagar-Naharlagun Corridor,PARTIAL,0,1,DRIVER
FR000531,V0192,2026-07-27 12:00:00,Arunachal Pradesh,East Siang,28.0931,95.3776,ROAD_DAMAGE,CRITICAL,Field observation of road_damage event on Pasighat Corridor,BLOCKED,1,1,DRIVER
FR000532,V0320,2026-07-27 13:12:00,Arunachal Pradesh,Lower Subansiri,27.4549,93.888,ROAD_DAMAGE,HIGH,Field observation of road_damage event on Ziro-Yachuli Road,PARTIAL,0,1,BORDER_ROAD_CREW
FR000533,V0307,2026-07-27 14:24:00,Assam,Kamrup Metropolitan,26.1669,91.7131,HEAVY_RAIN,LOW,Field observation of heavy_rain event on East-West Corridor,OPEN,0,1,FIELD_OFFICER
FR000534,V0108,2026-07-27 15:36:00,Assam,Kamrup Rural,26.2286,91.712,LANDSLIDE,LOW,Field observation of landslide event on Amingaon-Rangia Hwy,OPEN,0,1,LOCAL_SCOUT
FR000535,V0267,2026-07-27 16:48:00,Assam,Darrang,26.3581,92.1336,ROAD_DAMAGE,CRITICAL,Field observation of road_damage event on North Bank Hwy,BLOCKED,0,1,FIELD_OFFICER
FR000536,V0212,2026-07-27 18:00:00,Assam,Sonitpur,26.4867,92.6836,ROAD_DAMAGE,MEDIUM,Field observation of road_damage event on Tezpur-Biswanath Hwy,PARTIAL,1,1,LOCAL_SCOUT
FR000537,V0136,2026-07-27 19:12:00,Assam,Dibrugarh,27.5187,94.8847,ACCIDENT,MEDIUM,Field observation of accident event on Upper Assam Hwy,PARTIAL,0,0,FIELD_OFFICER
FR000538,V0341,2026-07-27 20:24:00,Assam,Cachar,24.8299,92.6537,ROAD_DAMAGE,HIGH,Field observation of road_damage event on Silchar-Badarpur Corridor,PARTIAL,1,1,LOCAL_SCOUT
FR000539,V0376,2026-07-27 21:36:00,Assam,Nagaon,26.205,92.6015,HEAVY_RAIN,HIGH,Field observation of heavy_rain event on Kaziranga Bypass,PARTIAL,0,1,FIELD_OFFICER
FR000540,V0251,2026-07-27 22:48:00,Meghalaya,East Khasi Hills,25.6516,91.9731,ROCKFALL,CRITICAL,Field observation of rockfall event on Shillong-Dawki Hwy,BLOCKED,0,1,LOCAL_SCOUT
FR000541,V0197,2026-07-28 00:00:00,Meghalaya,West Khasi Hills,25.4404,91.2729,ACCIDENT,MEDIUM,Field observation of accident event on Nongstoin Road,PARTIAL,1,1,BORDER_ROAD_CREW
FR000542,V0395,2026-07-28 01:12:00,Meghalaya,Ri-Bhoi,25.978,91.8624,FLOOD,MEDIUM,Field observation of flood event on Guwahati-Shillong Expressway,PARTIAL,1,0,DRIVER
FR000543,V0356,2026-07-28 02:24:00,Meghalaya,West Jaintia Hills,25.549,92.2754,LANDSLIDE,CRITICAL,Field observation of landslide event on Jowai Bypass,BLOCKED,0,1,DRIVER
FR000544,V0350,2026-07-28 03:36:00,Sikkim,East Sikkim,27.2677,88.7152,LANDSLIDE,MEDIUM,Field observation of landslide event on Sevoke-Gangtok Hwy,PARTIAL,1,1,LOCAL_SCOUT
FR000545,V0117,2026-07-28 04:48:00,Sikkim,North Sikkim,27.5827,88.4711,ACCIDENT,MEDIUM,Field observation of accident event on Mangan-Chungthang Road,PARTIAL,1,1,LOCAL_SCOUT
FR000546,V0202,2026-07-28 06:00:00,Sikkim,South Sikkim,27.2783,88.3831,ACCIDENT,MEDIUM,Field observation of accident event on Namchi-Jorethang Rd,PARTIAL,1,1,DRIVER
FR000547,V0303,2026-07-28 07:12:00,Nagaland,Kohima,25.5871,94.0207,HEAVY_RAIN,MEDIUM,Field observation of heavy_rain event on Dimapur-Kohima Corridor,PARTIAL,0,1,BORDER_ROAD_CREW
FR000548,V0397,2026-07-28 08:24:00,Nagaland,Dimapur,25.9359,93.628,ACCIDENT,HIGH,Field observation of accident event on Dimapur Gateway,PARTIAL,0,1,DRIVER
FR000549,V0151,2026-07-28 09:36:00,Nagaland,Mokokchung,26.4607,94.5243,FLOOD,LOW,Field observation of flood event on Mokokchung-Amguri Rd,OPEN,1,0,FIELD_OFFICER
FR000550,V0306,2026-07-28 10:48:00,Manipur,Imphal West,24.9558,94.0225,ROCKFALL,HIGH,Field observation of rockfall event on Imphal Ring Road,PARTIAL,0,1,FIELD_OFFICER
FR000551,V0216,2026-07-28 12:00:00,Manipur,Bishnupur,24.6792,93.8249,HEAVY_RAIN,CRITICAL,Field observation of heavy_rain event on Imphal-Churachandpur Hwy,BLOCKED,0,0,BORDER_ROAD_CREW
FR000552,V0350,2026-07-28 13:12:00,Manipur,Senapati,25.3585,94.0884,HEAVY_RAIN,MEDIUM,Field observation of heavy_rain event on Mao-Maram Highway,PARTIAL,0,1,FIELD_OFFICER
FR000553,V0137,2026-07-28 14:24:00,Mizoram,Aizawl,23.7668,92.7559,FLOOD,MEDIUM,Field observation of flood event on Silchar-Aizawl Hwy,PARTIAL,1,1,DRIVER
FR000554,V0120,2026-07-28 15:36:00,Mizoram,Kolasib,24.334,92.5579,ROAD_DAMAGE,HIGH,Field observation of road_damage event on Vairengte-Kolasib Corridor,PARTIAL,0,1,DRIVER
FR000555,V0204,2026-07-28 16:48:00,Mizoram,Lunglei,22.9932,92.7264,ROCKFALL,CRITICAL,Field observation of rockfall event on Aizawl-Lunglei Road,BLOCKED,1,1,FIELD_OFFICER
FR000556,V0411,2026-07-28 18:00:00,Tripura,West Tripura,23.9137,91.3566,LANDSLIDE,MEDIUM,Field observation of landslide event on Assam-Agartala National Hwy,PARTIAL,1,0,FIELD_OFFICER
FR000557,V0134,2026-07-28 19:12:00,Tripura,Sipahijala,23.6942,91.417,ACCIDENT,LOW,Field observation of accident event on Agartala-Udaipur Hwy,OPEN,1,1,DRIVER
FR000558,V0176,2026-07-28 20:24:00,Tripura,Dhalai,23.8289,91.7636,FLOOD,HIGH,Field observation of flood event on Ambassa Corridor,PARTIAL,1,1,BORDER_ROAD_CREW
FR000559,V0383,2026-07-28 21:36:00,Arunachal Pradesh,Tawang,27.6003,91.7486,ACCIDENT,LOW,Field observation of accident event on Bhalukpong-Tawang Hwy,OPEN,0,1,BORDER_ROAD_CREW
FR000560,V0289,2026-07-28 22:48:00,Arunachal Pradesh,West Kameng,27.3193,92.2804,FLOOD,MEDIUM,Field observation of flood event on Trans-Arunachal Hwy,PARTIAL,0,0,BORDER_ROAD_CREW
FR000561,V0381,2026-07-29 00:00:00,Arunachal Pradesh,Papum Pare,26.9553,93.7454,LANDSLIDE,HIGH,Field observation of landslide event on Itanagar-Naharlagun Corridor,PARTIAL,1,1,BORDER_ROAD_CREW
FR000562,V0315,2026-07-29 01:12:00,Arunachal Pradesh,East Siang,28.2034,95.2367,ROCKFALL,HIGH,Field observation of rockfall event on Pasighat Corridor,PARTIAL,1,1,FIELD_OFFICER
FR000563,V0279,2026-07-29 02:24:00,Arunachal Pradesh,Lower Subansiri,27.4906,93.9423,FLOOD,CRITICAL,Field observation of flood event on Ziro-Yachuli Road,BLOCKED,1,1,BORDER_ROAD_CREW
FR000564,V0225,2026-07-29 03:36:00,Assam,Kamrup Metropolitan,26.0696,91.6978,ROAD_DAMAGE,HIGH,Field observation of road_damage event on East-West Corridor,PARTIAL,1,1,BORDER_ROAD_CREW
FR000565,V0425,2026-07-29 04:48:00,Assam,Kamrup Rural,26.2227,91.6298,ROAD_DAMAGE,HIGH,Field observation of road_damage event on Amingaon-Rangia Hwy,PARTIAL,1,1,FIELD_OFFICER
FR000566,V0128,2026-07-29 06:00:00,Assam,Darrang,26.5131,91.8813,FLOOD,CRITICAL,Field observation of flood event on North Bank Hwy,BLOCKED,1,1,DRIVER
FR000567,V0160,2026-07-29 07:12:00,Assam,Sonitpur,26.6396,92.7761,ACCIDENT,CRITICAL,Field observation of accident event on Tezpur-Biswanath Hwy,BLOCKED,0,1,LOCAL_SCOUT
FR000568,V0238,2026-07-29 08:24:00,Assam,Dibrugarh,27.6192,94.8887,ACCIDENT,LOW,Field observation of accident event on Upper Assam Hwy,OPEN,0,1,LOCAL_SCOUT
FR000569,V0385,2026-07-29 09:36:00,Assam,Cachar,24.7101,92.8707,ROCKFALL,LOW,Field observation of rockfall event on Silchar-Badarpur Corridor,OPEN,1,1,LOCAL_SCOUT
FR000570,V0154,2026-07-29 10:48:00,Assam,Nagaon,26.2363,92.766,FLOOD,HIGH,Field observation of flood event on Kaziranga Bypass,PARTIAL,1,1,DRIVER
FR000571,V0381,2026-07-29 12:00:00,Meghalaya,East Khasi Hills,25.6319,91.7638,HEAVY_RAIN,CRITICAL,Field observation of heavy_rain event on Shillong-Dawki Hwy,BLOCKED,1,1,DRIVER
FR000572,V0436,2026-07-29 13:12:00,Meghalaya,West Khasi Hills,25.492,91.3267,ROAD_DAMAGE,LOW,Field observation of road_damage event on Nongstoin Road,OPEN,1,1,LOCAL_SCOUT
FR000573,V0339,2026-07-29 14:24:00,Meghalaya,Ri-Bhoi,25.9348,91.8627,ROCKFALL,MEDIUM,Field observation of rockfall event on Guwahati-Shillong Expressway,PARTIAL,1,1,LOCAL_SCOUT
FR000574,V0360,2026-07-29 15:36:00,Meghalaya,West Jaintia Hills,25.5257,92.2269,ROAD_DAMAGE,CRITICAL,Field observation of road_damage event on Jowai Bypass,BLOCKED,0,0,FIELD_OFFICER
FR000575,V0122,2026-07-29 16:48:00,Sikkim,East Sikkim,27.4262,88.5308,ROCKFALL,LOW,Field observation of rockfall event on Sevoke-Gangtok Hwy,OPEN,0,1,BORDER_ROAD_CREW
FR000576,V0386,2026-07-29 18:00:00,Sikkim,North Sikkim,27.53,88.5823,ACCIDENT,CRITICAL,Field observation of accident event on Mangan-Chungthang Road,BLOCKED,1,1,LOCAL_SCOUT
FR000577,V0440,2026-07-29 19:12:00,Sikkim,South Sikkim,27.2741,88.4627,ROAD_DAMAGE,HIGH,Field observation of road_damage event on Namchi-Jorethang Rd,PARTIAL,1,0,BORDER_ROAD_CREW
FR000578,V0296,2026-07-29 20:24:00,Nagaland,Kohima,25.7495,94.0473,FLOOD,LOW,Field observation of flood event on Dimapur-Kohima Corridor,OPEN,1,0,LOCAL_SCOUT
FR000579,V0121,2026-07-29 21:36:00,Nagaland,Dimapur,25.8286,93.6933,HEAVY_RAIN,CRITICAL,Field observation of heavy_rain event on Dimapur Gateway,BLOCKED,1,1,BORDER_ROAD_CREW
FR000580,V0272,2026-07-29 22:48:00,Nagaland,Mokokchung,26.3335,94.6633,ROCKFALL,LOW,Field observation of rockfall event on Mokokchung-Amguri Rd,OPEN,0,1,FIELD_OFFICER
FR000581,V0322,2026-07-30 00:00:00,Manipur,Imphal West,24.9252,93.9573,HEAVY_RAIN,MEDIUM,Field observation of heavy_rain event on Imphal Ring Road,PARTIAL,1,1,FIELD_OFFICER
FR000582,V0307,2026-07-30 01:12:00,Manipur,Bishnupur,24.6237,93.9107,ROAD_DAMAGE,CRITICAL,Field observation of road_damage event on Imphal-Churachandpur Hwy,BLOCKED,1,0,FIELD_OFFICER
FR000583,V0309,2026-07-30 02:24:00,Manipur,Senapati,25.1887,93.8719,HEAVY_RAIN,HIGH,Field observation of heavy_rain event on Mao-Maram Highway,PARTIAL,1,1,BORDER_ROAD_CREW
FR000584,V0290,2026-07-30 03:36:00,Mizoram,Aizawl,23.663,92.7814,ROCKFALL,HIGH,Field observation of rockfall event on Silchar-Aizawl Hwy,PARTIAL,0,0,LOCAL_SCOUT
FR000585,V0397,2026-07-30 04:48:00,Mizoram,Kolasib,24.0947,92.691,ROCKFALL,HIGH,Field observation of rockfall event on Vairengte-Kolasib Corridor,PARTIAL,1,1,FIELD_OFFICER
FR000586,V0325,2026-07-30 06:00:00,Mizoram,Lunglei,22.7537,92.8663,LANDSLIDE,HIGH,Field observation of landslide event on Aizawl-Lunglei Road,PARTIAL,1,0,LOCAL_SCOUT
FR000587,V0170,2026-07-30 07:12:00,Tripura,West Tripura,23.8574,91.3658,ROCKFALL,CRITICAL,Field observation of rockfall event on Assam-Agartala National Hwy,BLOCKED,0,1,LOCAL_SCOUT
FR000588,V0209,2026-07-30 08:24:00,Tripura,Sipahijala,23.6946,91.381,ROAD_DAMAGE,MEDIUM,Field observation of road_damage event on Agartala-Udaipur Hwy,PARTIAL,0,1,BORDER_ROAD_CREW
FR000589,V0212,2026-07-30 09:36:00,Tripura,Dhalai,23.9774,91.7348,ROCKFALL,HIGH,Field observation of rockfall event on Ambassa Corridor,PARTIAL,0,1,BORDER_ROAD_CREW
FR000590,V0344,2026-07-30 10:48:00,Arunachal Pradesh,Tawang,27.6586,91.9316,ROCKFALL,MEDIUM,Field observation of rockfall event on Bhalukpong-Tawang Hwy,PARTIAL,1,1,LOCAL_SCOUT
FR000591,V0385,2026-07-30 12:00:00,Arunachal Pradesh,West Kameng,27.1179,92.4148,HEAVY_RAIN,LOW,Field observation of heavy_rain event on Trans-Arunachal Hwy,OPEN,1,1,LOCAL_SCOUT
FR000592,V0362,2026-07-30 13:12:00,Arunachal Pradesh,Papum Pare,27.1666,93.5167,HEAVY_RAIN,MEDIUM,Field observation of heavy_rain event on Itanagar-Naharlagun Corridor,PARTIAL,0,1,BORDER_ROAD_CREW
FR000593,V0319,2026-07-30 14:24:00,Arunachal Pradesh,East Siang,28.1359,95.2114,HEAVY_RAIN,LOW,Field observation of heavy_rain event on Pasighat Corridor,OPEN,1,1,BORDER_ROAD_CREW
FR000594,V0173,2026-07-30 15:36:00,Arunachal Pradesh,Lower Subansiri,27.4816,93.6992,ROAD_DAMAGE,CRITICAL,Field observation of road_damage event on Ziro-Yachuli Road,BLOCKED,0,0,BORDER_ROAD_CREW
FR000595,V0303,2026-07-30 16:48:00,Assam,Kamrup Metropolitan,26.1433,91.7394,HEAVY_RAIN,LOW,Field observation of heavy_rain event on East-West Corridor,OPEN,0,1,BORDER_ROAD_CREW
FR000596,V0368,2026-07-30 18:00:00,Assam,Kamrup Rural,26.1453,91.4885,ACCIDENT,LOW,Field observation of accident event on Amingaon-Rangia Hwy,OPEN,1,1,BORDER_ROAD_CREW
FR000597,V0386,2026-07-30 19:12:00,Assam,Darrang,26.3366,92.1032,ROAD_DAMAGE,CRITICAL,Field observation of road_damage event on North Bank Hwy,BLOCKED,0,1,FIELD_OFFICER
FR000598,V0333,2026-07-30 20:24:00,Assam,Sonitpur,26.5572,92.7841,ACCIDENT,CRITICAL,Field observation of accident event on Tezpur-Biswanath Hwy,BLOCKED,1,1,LOCAL_SCOUT
FR000599,V0422,2026-07-30 21:36:00,Assam,Dibrugarh,27.6109,94.7726,FLOOD,LOW,Field observation of flood event on Upper Assam Hwy,OPEN,1,1,DRIVER
FR000600,V0409,2026-07-30 22:48:00,Assam,Cachar,24.8091,92.7254,HEAVY_RAIN,MEDIUM,Field observation of heavy_rain event on Silchar-Badarpur Corridor,PARTIAL,1,1,DRIVER
FR000601,V0116,2026-07-31 00:00:00,Assam,Nagaon,26.443,92.7055,ROCKFALL,HIGH,Field observation of rockfall event on Kaziranga Bypass,PARTIAL,1,1,FIELD_OFFICER
FR000602,V0257,2026-07-31 01:12:00,Meghalaya,East Khasi Hills,25.4826,91.9846,ROCKFALL,HIGH,Field observation of rockfall event on Shillong-Dawki Hwy,PARTIAL,1,0,DRIVER
FR000603,V0165,2026-07-31 02:24:00,Meghalaya,West Khasi Hills,25.4995,91.1947,FLOOD,CRITICAL,Field observation of flood event on Nongstoin Road,BLOCKED,0,1,FIELD_OFFICER
FR000604,V0255,2026-07-31 03:36:00,Meghalaya,Ri-Bhoi,25.887,91.8407,ROCKFALL,MEDIUM,Field observation of rockfall event on Guwahati-Shillong Expressway,PARTIAL,1,1,LOCAL_SCOUT
FR000605,V0263,2026-07-31 04:48:00,Meghalaya,West Jaintia Hills,25.4868,92.1892,ACCIDENT,LOW,Field observation of accident event on Jowai Bypass,OPEN,1,1,FIELD_OFFICER
FR000606,V0114,2026-07-31 06:00:00,Sikkim,East Sikkim,27.4217,88.6762,FLOOD,LOW,Field observation of flood event on Sevoke-Gangtok Hwy,OPEN,1,1,FIELD_OFFICER
FR000607,V0301,2026-07-31 07:12:00,Sikkim,North Sikkim,27.3519,88.523,ACCIDENT,HIGH,Field observation of accident event on Mangan-Chungthang Road,PARTIAL,1,0,BORDER_ROAD_CREW
FR000608,V0229,2026-07-31 08:24:00,Sikkim,South Sikkim,27.228,88.2029,ROCKFALL,CRITICAL,Field observation of rockfall event on Namchi-Jorethang Rd,BLOCKED,0,1,DRIVER
FR000609,V0329,2026-07-31 09:36:00,Nagaland,Kohima,25.7798,94.1768,ACCIDENT,LOW,Field observation of accident event on Dimapur-Kohima Corridor,OPEN,0,0,LOCAL_SCOUT
FR000610,V0159,2026-07-31 10:48:00,Nagaland,Dimapur,25.8827,93.8659,ACCIDENT,LOW,Field observation of accident event on Dimapur Gateway,OPEN,0,0,DRIVER
FR000611,V0243,2026-07-31 12:00:00,Nagaland,Mokokchung,26.4514,94.6392,HEAVY_RAIN,LOW,Field observation of heavy_rain event on Mokokchung-Amguri Rd,OPEN,0,1,BORDER_ROAD_CREW
FR000612,V0281,2026-07-31 13:12:00,Manipur,Imphal West,24.8045,94.0112,HEAVY_RAIN,LOW,Field observation of heavy_rain event on Imphal Ring Road,OPEN,1,1,BORDER_ROAD_CREW
FR000613,V0290,2026-07-31 14:24:00,Manipur,Bishnupur,24.7284,93.6369,HEAVY_RAIN,MEDIUM,Field observation of heavy_rain event on Imphal-Churachandpur Hwy,PARTIAL,1,0,DRIVER
FR000614,V0433,2026-07-31 15:36:00,Manipur,Senapati,25.1492,93.9475,FLOOD,LOW,Field observation of flood event on Mao-Maram Highway,OPEN,0,1,LOCAL_SCOUT
FR000615,V0359,2026-07-31 16:48:00,Mizoram,Aizawl,23.7873,92.7882,FLOOD,HIGH,Field observation of flood event on Silchar-Aizawl Hwy,PARTIAL,0,1,BORDER_ROAD_CREW
FR000616,V0363,2026-07-31 18:00:00,Mizoram,Kolasib,24.3531,92.5708,LANDSLIDE,CRITICAL,Field observation of landslide event on Vairengte-Kolasib Corridor,BLOCKED,1,1,LOCAL_SCOUT
FR000617,V0197,2026-07-31 19:12:00,Mizoram,Lunglei,22.7793,92.7298,ROCKFALL,CRITICAL,Field observation of rockfall event on Aizawl-Lunglei Road,BLOCKED,0,1,BORDER_ROAD_CREW
FR000618,V0291,2026-07-31 20:24:00,Tripura,West Tripura,23.9126,91.2724,LANDSLIDE,HIGH,Field observation of landslide event on Assam-Agartala National Hwy,PARTIAL,1,1,FIELD_OFFICER
FR000619,V0310,2026-07-31 21:36:00,Tripura,Sipahijala,23.5323,91.3678,HEAVY_RAIN,CRITICAL,Field observation of heavy_rain event on Agartala-Udaipur Hwy,BLOCKED,1,1,DRIVER
FR000620,V0196,2026-07-31 22:48:00,Tripura,Dhalai,23.7645,91.957,FLOOD,MEDIUM,Field observation of flood event on Ambassa Corridor,PARTIAL,0,1,FIELD_OFFICER
FR000621,V0371,2026-08-01 00:00:00,Arunachal Pradesh,Tawang,27.5428,91.8634,HEAVY_RAIN,CRITICAL,Field observation of heavy_rain event on Bhalukpong-Tawang Hwy,BLOCKED,0,1,LOCAL_SCOUT
FR000622,V0426,2026-08-01 01:12:00,Arunachal Pradesh,West Kameng,27.1667,92.5515,LANDSLIDE,CRITICAL,Field observation of landslide event on Trans-Arunachal Hwy,BLOCKED,1,1,DRIVER
FR000623,V0403,2026-08-01 02:24:00,Arunachal Pradesh,Papum Pare,27.0254,93.6052,ROCKFALL,MEDIUM,Field observation of rockfall event on Itanagar-Naharlagun Corridor,PARTIAL,1,1,BORDER_ROAD_CREW
FR000624,V0376,2026-08-01 03:36:00,Arunachal Pradesh,East Siang,27.9345,95.4103,ACCIDENT,LOW,Field observation of accident event on Pasighat Corridor,OPEN,1,0,FIELD_OFFICER
FR000625,V0303,2026-08-01 04:48:00,Arunachal Pradesh,Lower Subansiri,27.5117,93.8691,ROAD_DAMAGE,CRITICAL,Field observation of road_damage event on Ziro-Yachuli Road,BLOCKED,1,0,BORDER_ROAD_CREW
FR000626,V0163,2026-08-01 06:00:00,Assam,Kamrup Metropolitan,26.2697,91.6087,ACCIDENT,MEDIUM,Field observation of accident event on East-West Corridor,PARTIAL,1,1,DRIVER
FR000627,V0443,2026-08-01 07:12:00,Assam,Kamrup Rural,26.2778,91.4396,HEAVY_RAIN,CRITICAL,Field observation of heavy_rain event on Amingaon-Rangia Hwy,BLOCKED,1,1,LOCAL_SCOUT
FR000628,V0352,2026-08-01 08:24:00,Assam,Darrang,26.3148,92.0193,ROAD_DAMAGE,HIGH,Field observation of road_damage event on North Bank Hwy,PARTIAL,1,1,BORDER_ROAD_CREW
FR000629,V0316,2026-08-01 09:36:00,Assam,Sonitpur,26.7011,92.7914,FLOOD,HIGH,Field observation of flood event on Tezpur-Biswanath Hwy,PARTIAL,1,1,LOCAL_SCOUT
FR000630,V0162,2026-08-01 10:48:00,Assam,Dibrugarh,27.3872,94.8181,ROCKFALL,MEDIUM,Field observation of rockfall event on Upper Assam Hwy,PARTIAL,1,1,BORDER_ROAD_CREW
FR000631,V0104,2026-08-01 12:00:00,Assam,Cachar,24.8675,92.814,ROAD_DAMAGE,LOW,Field observation of road_damage event on Silchar-Badarpur Corridor,OPEN,0,1,LOCAL_SCOUT
FR000632,V0112,2026-08-01 13:12:00,Assam,Nagaon,26.3604,92.5523,ROCKFALL,CRITICAL,Field observation of rockfall event on Kaziranga Bypass,BLOCKED,1,0,LOCAL_SCOUT
FR000633,V0185,2026-08-01 14:24:00,Meghalaya,East Khasi Hills,25.6216,91.9825,FLOOD,LOW,Field observation of flood event on Shillong-Dawki Hwy,OPEN,1,1,FIELD_OFFICER
FR000634,V0442,2026-08-01 15:36:00,Meghalaya,West Khasi Hills,25.5985,91.4068,ROAD_DAMAGE,MEDIUM,Field observation of road_damage event on Nongstoin Road,PARTIAL,0,1,FIELD_OFFICER
FR000635,V0144,2026-08-01 16:48:00,Meghalaya,Ri-Bhoi,25.9844,91.8332,ROAD_DAMAGE,HIGH,Field observation of road_damage event on Guwahati-Shillong Expressway,PARTIAL,1,1,DRIVER
FR000636,V0123,2026-08-01 18:00:00,Meghalaya,West Jaintia Hills,25.3539,92.1457,ACCIDENT,HIGH,Field observation of accident event on Jowai Bypass,PARTIAL,0,1,BORDER_ROAD_CREW
FR000637,V0330,2026-08-01 19:12:00,Sikkim,East Sikkim,27.2732,88.6991,LANDSLIDE,HIGH,Field observation of landslide event on Sevoke-Gangtok Hwy,PARTIAL,1,1,LOCAL_SCOUT
FR000638,V0286,2026-08-01 20:24:00,Sikkim,North Sikkim,27.6499,88.6922,ROCKFALL,CRITICAL,Field observation of rockfall event on Mangan-Chungthang Road,BLOCKED,1,1,BORDER_ROAD_CREW
FR000639,V0436,2026-08-01 21:36:00,Sikkim,South Sikkim,27.1801,88.4374,HEAVY_RAIN,MEDIUM,Field observation of heavy_rain event on Namchi-Jorethang Rd,PARTIAL,1,0,BORDER_ROAD_CREW
FR000640,V0258,2026-08-01 22:48:00,Nagaland,Kohima,25.5909,94.2126,LANDSLIDE,CRITICAL,Field observation of landslide event on Dimapur-Kohima Corridor,BLOCKED,1,1,BORDER_ROAD_CREW
FR000641,V0241,2026-08-02 00:00:00,Nagaland,Dimapur,26.0543,93.6296,ROAD_DAMAGE,MEDIUM,Field observation of road_damage event on Dimapur Gateway,PARTIAL,1,1,BORDER_ROAD_CREW
FR000642,V0234,2026-08-02 01:12:00,Nagaland,Mokokchung,26.3843,94.6442,HEAVY_RAIN,CRITICAL,Field observation of heavy_rain event on Mokokchung-Amguri Rd,BLOCKED,1,0,BORDER_ROAD_CREW
FR000643,V0359,2026-08-02 02:24:00,Manipur,Imphal West,24.8373,93.8294,HEAVY_RAIN,LOW,Field observation of heavy_rain event on Imphal Ring Road,OPEN,0,1,FIELD_OFFICER
FR000644,V0254,2026-08-02 03:36:00,Manipur,Bishnupur,24.7735,93.7771,FLOOD,MEDIUM,Field observation of flood event on Imphal-Churachandpur Hwy,PARTIAL,1,1,FIELD_OFFICER
FR000645,V0311,2026-08-02 04:48:00,Manipur,Senapati,25.1798,93.9256,FLOOD,MEDIUM,Field observation of flood event on Mao-Maram Highway,PARTIAL,0,0,FIELD_OFFICER
FR000646,V0430,2026-08-02 06:00:00,Mizoram,Aizawl,23.7613,92.8095,ROCKFALL,HIGH,Field observation of rockfall event on Silchar-Aizawl Hwy,PARTIAL,1,1,BORDER_ROAD_CREW
FR000647,V0292,2026-08-02 07:12:00,Mizoram,Kolasib,24.3233,92.6271,ACCIDENT,LOW,Field observation of accident event on Vairengte-Kolasib Corridor,OPEN,1,0,BORDER_ROAD_CREW
FR000648,V0447,2026-08-02 08:24:00,Mizoram,Lunglei,22.7725,92.6233,LANDSLIDE,LOW,Field observation of landslide event on Aizawl-Lunglei Road,OPEN,1,1,BORDER_ROAD_CREW
FR000649,V0393,2026-08-02 09:36:00,Tripura,West Tripura,23.7936,91.4194,ROAD_DAMAGE,LOW,Field observation of road_damage event on Assam-Agartala National Hwy,OPEN,1,0,FIELD_OFFICER
FR000650,V0134,2026-08-02 10:48:00,Tripura,Sipahijala,23.5818,91.4548,LANDSLIDE,LOW,Field observation of landslide event on Agartala-Udaipur Hwy,OPEN,0,0,FIELD_OFFICER
FR000651,V0124,2026-08-02 12:00:00,Tripura,Dhalai,23.9882,91.8948,HEAVY_RAIN,MEDIUM,Field observation of heavy_rain event on Ambassa Corridor,PARTIAL,0,1,LOCAL_SCOUT
FR000652,V0404,2026-08-02 13:12:00,Arunachal Pradesh,Tawang,27.703,91.8935,ROCKFALL,LOW,Field observation of rockfall event on Bhalukpong-Tawang Hwy,OPEN,0,1,FIELD_OFFICER
FR000653,V0104,2026-08-02 14:24:00,Arunachal Pradesh,West Kameng,27.1671,92.3579,HEAVY_RAIN,CRITICAL,Field observation of heavy_rain event on Trans-Arunachal Hwy,BLOCKED,0,0,LOCAL_SCOUT
FR000654,V0253,2026-08-02 15:36:00,Arunachal Pradesh,Papum Pare,26.9509,93.6772,ACCIDENT,LOW,Field observation of accident event on Itanagar-Naharlagun Corridor,OPEN,1,1,DRIVER
FR000655,V0134,2026-08-02 16:48:00,Arunachal Pradesh,East Siang,28.2056,95.1857,ROCKFALL,CRITICAL,Field observation of rockfall event on Pasighat Corridor,BLOCKED,0,1,LOCAL_SCOUT
FR000656,V0185,2026-08-02 18:00:00,Arunachal Pradesh,Lower Subansiri,27.5834,93.8719,ACCIDENT,HIGH,Field observation of accident event on Ziro-Yachuli Road,PARTIAL,1,1,DRIVER
FR000657,V0286,2026-08-02 19:12:00,Assam,Kamrup Metropolitan,26.2181,91.6576,ROAD_DAMAGE,MEDIUM,Field observation of road_damage event on East-West Corridor,PARTIAL,1,0,BORDER_ROAD_CREW
FR000658,V0165,2026-08-02 20:24:00,Assam,Kamrup Rural,26.0616,91.6247,ROCKFALL,CRITICAL,Field observation of rockfall event on Amingaon-Rangia Hwy,BLOCKED,0,1,FIELD_OFFICER
FR000659,V0167,2026-08-02 21:36:00,Assam,Darrang,26.3054,91.9439,ACCIDENT,LOW,Field observation of accident event on North Bank Hwy,OPEN,1,0,BORDER_ROAD_CREW
FR000660,V0102,2026-08-02 22:48:00,Assam,Sonitpur,26.5162,92.643,ACCIDENT,HIGH,Field observation of accident event on Tezpur-Biswanath Hwy,PARTIAL,1,1,DRIVER
FR000661,V0208,2026-08-03 00:00:00,Assam,Dibrugarh,27.3727,94.8862,LANDSLIDE,HIGH,Field observation of landslide event on Upper Assam Hwy,PARTIAL,1,1,BORDER_ROAD_CREW
FR000662,V0305,2026-08-03 01:12:00,Assam,Cachar,24.7137,92.7727,ROAD_DAMAGE,LOW,Field observation of road_damage event on Silchar-Badarpur Corridor,OPEN,1,1,DRIVER
FR000663,V0217,2026-08-03 02:24:00,Assam,Nagaon,26.2629,92.6694,ROCKFALL,LOW,Field observation of rockfall event on Kaziranga Bypass,OPEN,0,0,FIELD_OFFICER
FR000664,V0116,2026-08-03 03:36:00,Meghalaya,East Khasi Hills,25.5244,92.0288,ACCIDENT,HIGH,Field observation of accident event on Shillong-Dawki Hwy,PARTIAL,1,0,DRIVER
FR000665,V0340,2026-08-03 04:48:00,Meghalaya,West Khasi Hills,25.4083,91.1325,LANDSLIDE,MEDIUM,Field observation of landslide event on Nongstoin Road,PARTIAL,1,1,LOCAL_SCOUT
FR000666,V0351,2026-08-03 06:00:00,Meghalaya,Ri-Bhoi,25.9282,91.9141,LANDSLIDE,LOW,Field observation of landslide event on Guwahati-Shillong Expressway,OPEN,1,1,BORDER_ROAD_CREW
FR000667,V0306,2026-08-03 07:12:00,Meghalaya,West Jaintia Hills,25.4961,92.2322,LANDSLIDE,MEDIUM,Field observation of landslide event on Jowai Bypass,PARTIAL,1,0,BORDER_ROAD_CREW
FR000668,V0402,2026-08-03 08:24:00,Sikkim,East Sikkim,27.2506,88.5135,ROAD_DAMAGE,CRITICAL,Field observation of road_damage event on Sevoke-Gangtok Hwy,BLOCKED,0,1,FIELD_OFFICER
FR000669,V0116,2026-08-03 09:36:00,Sikkim,North Sikkim,27.512,88.5982,HEAVY_RAIN,LOW,Field observation of heavy_rain event on Mangan-Chungthang Road,OPEN,1,1,DRIVER
FR000670,V0346,2026-08-03 10:48:00,Sikkim,South Sikkim,27.1915,88.452,ROAD_DAMAGE,CRITICAL,Field observation of road_damage event on Namchi-Jorethang Rd,BLOCKED,0,1,FIELD_OFFICER
FR000671,V0383,2026-08-03 12:00:00,Nagaland,Kohima,25.5514,94.2058,FLOOD,CRITICAL,Field observation of flood event on Dimapur-Kohima Corridor,BLOCKED,0,0,DRIVER
FR000672,V0447,2026-08-03 13:12:00,Nagaland,Dimapur,25.7645,93.6287,HEAVY_RAIN,MEDIUM,Field observation of heavy_rain event on Dimapur Gateway,PARTIAL,1,1,DRIVER
FR000673,V0123,2026-08-03 14:24:00,Nagaland,Mokokchung,26.2097,94.6055,LANDSLIDE,CRITICAL,Field observation of landslide event on Mokokchung-Amguri Rd,BLOCKED,1,1,DRIVER
FR000674,V0433,2026-08-03 15:36:00,Manipur,Imphal West,24.6943,93.95,LANDSLIDE,MEDIUM,Field observation of landslide event on Imphal Ring Road,PARTIAL,1,1,LOCAL_SCOUT
FR000675,V0172,2026-08-03 16:48:00,Manipur,Bishnupur,24.5384,93.6279,LANDSLIDE,MEDIUM,Field observation of landslide event on Imphal-Churachandpur Hwy,PARTIAL,1,0,BORDER_ROAD_CREW
FR000676,V0214,2026-08-03 18:00:00,Manipur,Senapati,25.1906,93.8785,ROCKFALL,MEDIUM,Field observation of rockfall event on Mao-Maram Highway,PARTIAL,0,0,BORDER_ROAD_CREW
FR000677,V0359,2026-08-03 19:12:00,Mizoram,Aizawl,23.7775,92.8101,ROAD_DAMAGE,CRITICAL,Field observation of road_damage event on Silchar-Aizawl Hwy,BLOCKED,1,0,BORDER_ROAD_CREW
FR000678,V0327,2026-08-03 20:24:00,Mizoram,Kolasib,24.2361,92.7822,ROAD_DAMAGE,LOW,Field observation of road_damage event on Vairengte-Kolasib Corridor,OPEN,1,0,LOCAL_SCOUT
FR000679,V0418,2026-08-03 21:36:00,Mizoram,Lunglei,22.9361,92.8709,FLOOD,HIGH,Field observation of flood event on Aizawl-Lunglei Road,PARTIAL,1,1,LOCAL_SCOUT
FR000680,V0167,2026-08-03 22:48:00,Tripura,West Tripura,23.7052,91.4076,HEAVY_RAIN,CRITICAL,Field observation of heavy_rain event on Assam-Agartala National Hwy,BLOCKED,0,1,BORDER_ROAD_CREW
FR000681,V0347,2026-08-04 00:00:00,Tripura,Sipahijala,23.64,91.3334,LANDSLIDE,CRITICAL,Field observation of landslide event on Agartala-Udaipur Hwy,BLOCKED,1,1,LOCAL_SCOUT
FR000682,V0272,2026-08-04 01:12:00,Tripura,Dhalai,23.8347,91.9847,LANDSLIDE,MEDIUM,Field observation of landslide event on Ambassa Corridor,PARTIAL,0,1,FIELD_OFFICER
FR000683,V0404,2026-08-04 02:24:00,Arunachal Pradesh,Tawang,27.474,91.8364,HEAVY_RAIN,LOW,Field observation of heavy_rain event on Bhalukpong-Tawang Hwy,OPEN,0,0,LOCAL_SCOUT
FR000684,V0345,2026-08-04 03:36:00,Arunachal Pradesh,West Kameng,27.3027,92.5161,FLOOD,CRITICAL,Field observation of flood event on Trans-Arunachal Hwy,BLOCKED,0,0,FIELD_OFFICER
FR000685,V0230,2026-08-04 04:48:00,Arunachal Pradesh,Papum Pare,27.1926,93.4927,HEAVY_RAIN,CRITICAL,Field observation of heavy_rain event on Itanagar-Naharlagun Corridor,BLOCKED,0,0,FIELD_OFFICER
FR000686,V0224,2026-08-04 06:00:00,Arunachal Pradesh,East Siang,27.9989,95.3134,HEAVY_RAIN,MEDIUM,Field observation of heavy_rain event on Pasighat Corridor,PARTIAL,0,0,DRIVER
FR000687,V0390,2026-08-04 07:12:00,Arunachal Pradesh,Lower Subansiri,27.5763,93.9145,ACCIDENT,CRITICAL,Field observation of accident event on Ziro-Yachuli Road,BLOCKED,1,0,FIELD_OFFICER
FR000688,V0322,2026-08-04 08:24:00,Assam,Kamrup Metropolitan,26.1709,91.8137,FLOOD,LOW,Field observation of flood event on East-West Corridor,OPEN,1,1,FIELD_OFFICER
FR000689,V0153,2026-08-04 09:36:00,Assam,Kamrup Rural,26.2689,91.6477,FLOOD,HIGH,Field observation of flood event on Amingaon-Rangia Hwy,PARTIAL,1,0,LOCAL_SCOUT
FR000690,V0299,2026-08-04 10:48:00,Assam,Darrang,26.4253,91.9959,ACCIDENT,HIGH,Field observation of accident event on North Bank Hwy,PARTIAL,1,1,LOCAL_SCOUT
FR000691,V0333,2026-08-04 12:00:00,Assam,Sonitpur,26.5355,92.7635,LANDSLIDE,HIGH,Field observation of landslide event on Tezpur-Biswanath Hwy,PARTIAL,0,1,FIELD_OFFICER
FR000692,V0146,2026-08-04 13:12:00,Assam,Dibrugarh,27.3344,95.0289,ACCIDENT,HIGH,Field observation of accident event on Upper Assam Hwy,PARTIAL,0,0,DRIVER
FR000693,V0186,2026-08-04 14:24:00,Assam,Cachar,24.8259,92.7095,ACCIDENT,CRITICAL,Field observation of accident event on Silchar-Badarpur Corridor,BLOCKED,1,1,FIELD_OFFICER
FR000694,V0334,2026-08-04 15:36:00,Assam,Nagaon,26.2861,92.6181,HEAVY_RAIN,HIGH,Field observation of heavy_rain event on Kaziranga Bypass,PARTIAL,1,1,DRIVER
FR000695,V0203,2026-08-04 16:48:00,Meghalaya,East Khasi Hills,25.7205,91.8117,FLOOD,MEDIUM,Field observation of flood event on Shillong-Dawki Hwy,PARTIAL,1,1,FIELD_OFFICER
FR000696,V0319,2026-08-04 18:00:00,Meghalaya,West Khasi Hills,25.6077,91.1908,ROCKFALL,HIGH,Field observation of rockfall event on Nongstoin Road,PARTIAL,0,1,LOCAL_SCOUT
FR000697,V0431,2026-08-04 19:12:00,Meghalaya,Ri-Bhoi,25.8825,92.004,ROAD_DAMAGE,LOW,Field observation of road_damage event on Guwahati-Shillong Expressway,OPEN,0,1,BORDER_ROAD_CREW
FR000698,V0215,2026-08-04 20:24:00,Meghalaya,West Jaintia Hills,25.5602,92.2963,ACCIDENT,CRITICAL,Field observation of accident event on Jowai Bypass,BLOCKED,0,0,FIELD_OFFICER
FR000699,V0294,2026-08-04 21:36:00,Sikkim,East Sikkim,27.4018,88.5775,ROCKFALL,LOW,Field observation of rockfall event on Sevoke-Gangtok Hwy,OPEN,1,0,LOCAL_SCOUT
FR000700,V0422,2026-08-04 22:48:00,Sikkim,North Sikkim,27.3587,88.4578,FLOOD,LOW,Field observation of flood event on Mangan-Chungthang Road,OPEN,1,1,DRIVER
FR000701,V0171,2026-08-05 00:00:00,Sikkim,South Sikkim,27.0299,88.2152,LANDSLIDE,HIGH,Field observation of landslide event on Namchi-Jorethang Rd,PARTIAL,1,1,FIELD_OFFICER
FR000702,V0287,2026-08-05 01:12:00,Nagaland,Kohima,25.7722,94.1101,ROAD_DAMAGE,MEDIUM,Field observation of road_damage event on Dimapur-Kohima Corridor,PARTIAL,1,1,BORDER_ROAD_CREW
FR000703,V0142,2026-08-05 02:24:00,Nagaland,Dimapur,25.8294,93.7241,ROAD_DAMAGE,LOW,Field observation of road_damage event on Dimapur Gateway,OPEN,0,0,FIELD_OFFICER
FR000704,V0187,2026-08-05 03:36:00,Nagaland,Mokokchung,26.3511,94.4749,ROAD_DAMAGE,MEDIUM,Field observation of road_damage event on Mokokchung-Amguri Rd,PARTIAL,0,1,BORDER_ROAD_CREW
FR000705,V0336,2026-08-05 04:48:00,Manipur,Imphal West,24.9163,93.8139,ACCIDENT,HIGH,Field observation of accident event on Imphal Ring Road,PARTIAL,1,1,LOCAL_SCOUT
FR000706,V0249,2026-08-05 06:00:00,Manipur,Bishnupur,24.6541,93.904,ACCIDENT,LOW,Field observation of accident event on Imphal-Churachandpur Hwy,OPEN,1,1,DRIVER
FR000707,V0140,2026-08-05 07:12:00,Manipur,Senapati,25.172,94.0555,ROCKFALL,CRITICAL,Field observation of rockfall event on Mao-Maram Highway,BLOCKED,0,1,DRIVER
FR000708,V0351,2026-08-05 08:24:00,Mizoram,Aizawl,23.8074,92.5703,FLOOD,MEDIUM,Field observation of flood event on Silchar-Aizawl Hwy,PARTIAL,0,0,LOCAL_SCOUT
FR000709,V0378,2026-08-05 09:36:00,Mizoram,Kolasib,24.3103,92.5971,LANDSLIDE,LOW,Field observation of landslide event on Vairengte-Kolasib Corridor,OPEN,1,1,DRIVER
FR000710,V0308,2026-08-05 10:48:00,Mizoram,Lunglei,23.0201,92.7828,ROAD_DAMAGE,LOW,Field observation of road_damage event on Aizawl-Lunglei Road,OPEN,0,0,LOCAL_SCOUT
FR000711,V0199,2026-08-05 12:00:00,Tripura,West Tripura,23.8192,91.2023,ACCIDENT,LOW,Field observation of accident event on Assam-Agartala National Hwy,OPEN,1,1,FIELD_OFFICER
FR000712,V0230,2026-08-05 13:12:00,Tripura,Sipahijala,23.6041,91.1927,HEAVY_RAIN,CRITICAL,Field observation of heavy_rain event on Agartala-Udaipur Hwy,BLOCKED,1,1,FIELD_OFFICER
FR000713,V0294,2026-08-05 14:24:00,Tripura,Dhalai,23.9518,91.8684,ROCKFALL,LOW,Field observation of rockfall event on Ambassa Corridor,OPEN,1,1,FIELD_OFFICER
FR000714,V0159,2026-08-05 15:36:00,Arunachal Pradesh,Tawang,27.4685,91.7286,ROCKFALL,CRITICAL,Field observation of rockfall event on Bhalukpong-Tawang Hwy,BLOCKED,1,1,FIELD_OFFICER
FR000715,V0119,2026-08-05 16:48:00,Arunachal Pradesh,West Kameng,27.1928,92.4792,FLOOD,MEDIUM,Field observation of flood event on Trans-Arunachal Hwy,PARTIAL,1,0,BORDER_ROAD_CREW
FR000716,V0177,2026-08-05 18:00:00,Arunachal Pradesh,Papum Pare,27.1056,93.5387,HEAVY_RAIN,MEDIUM,Field observation of heavy_rain event on Itanagar-Naharlagun Corridor,PARTIAL,1,0,DRIVER
FR000717,V0297,2026-08-05 19:12:00,Arunachal Pradesh,East Siang,28.096,95.3742,LANDSLIDE,HIGH,Field observation of landslide event on Pasighat Corridor,PARTIAL,1,0,DRIVER
FR000718,V0398,2026-08-05 20:24:00,Arunachal Pradesh,Lower Subansiri,27.5492,93.7687,HEAVY_RAIN,CRITICAL,Field observation of heavy_rain event on Ziro-Yachuli Road,BLOCKED,1,1,LOCAL_SCOUT
FR000719,V0447,2026-08-05 21:36:00,Assam,Kamrup Metropolitan,26.0051,91.7986,LANDSLIDE,CRITICAL,Field observation of landslide event on East-West Corridor,BLOCKED,0,1,DRIVER
FR000720,V0381,2026-08-05 22:48:00,Assam,Kamrup Rural,26.249,91.6179,ROCKFALL,LOW,Field observation of rockfall event on Amingaon-Rangia Hwy,OPEN,1,1,FIELD_OFFICER
FR000721,V0113,2026-08-06 00:00:00,Assam,Darrang,26.5036,92.0332,LANDSLIDE,MEDIUM,Field observation of landslide event on North Bank Hwy,PARTIAL,1,1,FIELD_OFFICER
FR000722,V0211,2026-08-06 01:12:00,Assam,Sonitpur,26.6513,92.7307,ACCIDENT,CRITICAL,Field observation of accident event on Tezpur-Biswanath Hwy,BLOCKED,0,1,FIELD_OFFICER
FR000723,V0273,2026-08-06 02:24:00,Assam,Dibrugarh,27.5653,94.9909,ACCIDENT,CRITICAL,Field observation of accident event on Upper Assam Hwy,BLOCKED,1,1,LOCAL_SCOUT
FR000724,V0280,2026-08-06 03:36:00,Assam,Cachar,24.8796,92.6956,HEAVY_RAIN,CRITICAL,Field observation of heavy_rain event on Silchar-Badarpur Corridor,BLOCKED,0,1,BORDER_ROAD_CREW
FR000725,V0183,2026-08-06 04:48:00,Assam,Nagaon,26.4316,92.6334,HEAVY_RAIN,MEDIUM,Field observation of heavy_rain event on Kaziranga Bypass,PARTIAL,1,0,DRIVER
FR000726,V0247,2026-08-06 06:00:00,Meghalaya,East Khasi Hills,25.4641,91.7594,ACCIDENT,HIGH,Field observation of accident event on Shillong-Dawki Hwy,PARTIAL,1,1,LOCAL_SCOUT
FR000727,V0157,2026-08-06 07:12:00,Meghalaya,West Khasi Hills,25.3814,91.3768,ROAD_DAMAGE,LOW,Field observation of road_damage event on Nongstoin Road,OPEN,0,1,BORDER_ROAD_CREW
FR000728,V0415,2026-08-06 08:24:00,Meghalaya,Ri-Bhoi,25.909,91.8539,HEAVY_RAIN,HIGH,Field observation of heavy_rain event on Guwahati-Shillong Expressway,PARTIAL,0,1,BORDER_ROAD_CREW
FR000729,V0402,2026-08-06 09:36:00,Meghalaya,West Jaintia Hills,25.3601,92.1728,HEAVY_RAIN,HIGH,Field observation of heavy_rain event on Jowai Bypass,PARTIAL,1,1,DRIVER
FR000730,V0109,2026-08-06 10:48:00,Sikkim,East Sikkim,27.2319,88.7152,ROAD_DAMAGE,CRITICAL,Field observation of road_damage event on Sevoke-Gangtok Hwy,BLOCKED,1,1,LOCAL_SCOUT
FR000731,V0409,2026-08-06 12:00:00,Sikkim,North Sikkim,27.5393,88.453,FLOOD,HIGH,Field observation of flood event on Mangan-Chungthang Road,PARTIAL,1,1,BORDER_ROAD_CREW
FR000732,V0120,2026-08-06 13:12:00,Sikkim,South Sikkim,27.0828,88.4321,LANDSLIDE,MEDIUM,Field observation of landslide event on Namchi-Jorethang Rd,PARTIAL,1,1,FIELD_OFFICER
FR000733,V0397,2026-08-06 14:24:00,Nagaland,Kohima,25.7542,93.985,ROCKFALL,HIGH,Field observation of rockfall event on Dimapur-Kohima Corridor,PARTIAL,0,0,DRIVER
FR000734,V0262,2026-08-06 15:36:00,Nagaland,Dimapur,25.8855,93.7207,LANDSLIDE,LOW,Field observation of landslide event on Dimapur Gateway,OPEN,0,1,FIELD_OFFICER
FR000735,V0201,2026-08-06 16:48:00,Nagaland,Mokokchung,26.2869,94.3742,LANDSLIDE,HIGH,Field observation of landslide event on Mokokchung-Amguri Rd,PARTIAL,0,0,FIELD_OFFICER
FR000736,V0341,2026-08-06 18:00:00,Manipur,Imphal West,24.6724,93.788,FLOOD,LOW,Field observation of flood event on Imphal Ring Road,OPEN,1,0,LOCAL_SCOUT
FR000737,V0196,2026-08-06 19:12:00,Manipur,Bishnupur,24.5857,93.6532,ROCKFALL,HIGH,Field observation of rockfall event on Imphal-Churachandpur Hwy,PARTIAL,1,1,DRIVER
FR000738,V0442,2026-08-06 20:24:00,Manipur,Senapati,25.1296,93.8737,LANDSLIDE,LOW,Field observation of landslide event on Mao-Maram Highway,OPEN,0,1,DRIVER
FR000739,V0352,2026-08-06 21:36:00,Mizoram,Aizawl,23.7343,92.6977,FLOOD,HIGH,Field observation of flood event on Silchar-Aizawl Hwy,PARTIAL,1,1,LOCAL_SCOUT
FR000740,V0376,2026-08-06 22:48:00,Mizoram,Kolasib,24.3404,92.6378,ACCIDENT,MEDIUM,Field observation of accident event on Vairengte-Kolasib Corridor,PARTIAL,0,1,LOCAL_SCOUT
FR000741,V0250,2026-08-07 00:00:00,Mizoram,Lunglei,22.9736,92.5957,ROAD_DAMAGE,CRITICAL,Field observation of road_damage event on Aizawl-Lunglei Road,BLOCKED,1,1,FIELD_OFFICER
FR000742,V0155,2026-08-07 01:12:00,Tripura,West Tripura,23.9017,91.3137,FLOOD,HIGH,Field observation of flood event on Assam-Agartala National Hwy,PARTIAL,1,0,LOCAL_SCOUT
FR000743,V0352,2026-08-07 02:24:00,Tripura,Sipahijala,23.7226,91.2746,ROCKFALL,MEDIUM,Field observation of rockfall event on Agartala-Udaipur Hwy,PARTIAL,1,1,DRIVER
FR000744,V0180,2026-08-07 03:36:00,Tripura,Dhalai,23.7146,91.9984,ACCIDENT,CRITICAL,Field observation of accident event on Ambassa Corridor,BLOCKED,0,0,BORDER_ROAD_CREW
FR000745,V0388,2026-08-07 04:48:00,Arunachal Pradesh,Tawang,27.4506,91.7441,HEAVY_RAIN,CRITICAL,Field observation of heavy_rain event on Bhalukpong-Tawang Hwy,BLOCKED,0,1,LOCAL_SCOUT
FR000746,V0282,2026-08-07 06:00:00,Arunachal Pradesh,West Kameng,27.2568,92.3118,ROAD_DAMAGE,CRITICAL,Field observation of road_damage event on Trans-Arunachal Hwy,BLOCKED,1,1,BORDER_ROAD_CREW
FR000747,V0226,2026-08-07 07:12:00,Arunachal Pradesh,Papum Pare,27.0767,93.4969,FLOOD,LOW,Field observation of flood event on Itanagar-Naharlagun Corridor,OPEN,1,1,LOCAL_SCOUT
FR000748,V0205,2026-08-07 08:24:00,Arunachal Pradesh,East Siang,27.9571,95.4252,ACCIDENT,CRITICAL,Field observation of accident event on Pasighat Corridor,BLOCKED,1,0,DRIVER
FR000749,V0126,2026-08-07 09:36:00,Arunachal Pradesh,Lower Subansiri,27.4848,93.9154,ACCIDENT,LOW,Field observation of accident event on Ziro-Yachuli Road,OPEN,1,1,BORDER_ROAD_CREW
FR000750,V0340,2026-08-07 10:48:00,Assam,Kamrup Metropolitan,26.0734,91.7431,ACCIDENT,CRITICAL,Field observation of accident event on East-West Corridor,BLOCKED,1,1,FIELD_OFFICER
FR000751,V0297,2026-08-07 12:00:00,Assam,Kamrup Rural,26.0831,91.5764,ROAD_DAMAGE,CRITICAL,Field observation of road_damage event on Amingaon-Rangia Hwy,BLOCKED,1,1,FIELD_OFFICER
FR000752,V0239,2026-08-07 13:12:00,Assam,Darrang,26.4012,91.8818,HEAVY_RAIN,HIGH,Field observation of heavy_rain event on North Bank Hwy,PARTIAL,1,1,FIELD_OFFICER
FR000753,V0315,2026-08-07 14:24:00,Assam,Sonitpur,26.656,92.7908,ACCIDENT,MEDIUM,Field observation of accident event on Tezpur-Biswanath Hwy,PARTIAL,1,1,LOCAL_SCOUT
FR000754,V0384,2026-08-07 15:36:00,Assam,Dibrugarh,27.5399,95.0334,HEAVY_RAIN,LOW,Field observation of heavy_rain event on Upper Assam Hwy,OPEN,1,1,LOCAL_SCOUT
FR000755,V0201,2026-08-07 16:48:00,Assam,Cachar,24.7721,92.7682,HEAVY_RAIN,CRITICAL,Field observation of heavy_rain event on Silchar-Badarpur Corridor,BLOCKED,0,1,BORDER_ROAD_CREW
FR000756,V0223,2026-08-07 18:00:00,Assam,Nagaon,26.4509,92.6421,ROCKFALL,CRITICAL,Field observation of rockfall event on Kaziranga Bypass,BLOCKED,0,1,BORDER_ROAD_CREW
FR000757,V0341,2026-08-07 19:12:00,Meghalaya,East Khasi Hills,25.4573,91.9708,FLOOD,HIGH,Field observation of flood event on Shillong-Dawki Hwy,PARTIAL,1,1,FIELD_OFFICER
FR000758,V0308,2026-08-07 20:24:00,Meghalaya,West Khasi Hills,25.5542,91.2086,LANDSLIDE,CRITICAL,Field observation of landslide event on Nongstoin Road,BLOCKED,1,1,BORDER_ROAD_CREW
FR000759,V0265,2026-08-07 21:36:00,Meghalaya,Ri-Bhoi,26.0135,91.7579,ACCIDENT,CRITICAL,Field observation of accident event on Guwahati-Shillong Expressway,BLOCKED,1,1,DRIVER
FR000760,V0355,2026-08-07 22:48:00,Meghalaya,West Jaintia Hills,25.4201,92.187,LANDSLIDE,LOW,Field observation of landslide event on Jowai Bypass,OPEN,0,1,LOCAL_SCOUT
FR000761,V0422,2026-08-08 00:00:00,Sikkim,East Sikkim,27.4289,88.6512,ROAD_DAMAGE,CRITICAL,Field observation of road_damage event on Sevoke-Gangtok Hwy,BLOCKED,1,0,BORDER_ROAD_CREW
FR000762,V0109,2026-08-08 01:12:00,Sikkim,North Sikkim,27.5679,88.6945,ROAD_DAMAGE,MEDIUM,Field observation of road_damage event on Mangan-Chungthang Road,PARTIAL,1,1,BORDER_ROAD_CREW
FR000763,V0274,2026-08-08 02:24:00,Sikkim,South Sikkim,27.1972,88.4407,HEAVY_RAIN,MEDIUM,Field observation of heavy_rain event on Namchi-Jorethang Rd,PARTIAL,0,0,LOCAL_SCOUT
FR000764,V0294,2026-08-08 03:36:00,Nagaland,Kohima,25.7588,94.142,ROAD_DAMAGE,CRITICAL,Field observation of road_damage event on Dimapur-Kohima Corridor,BLOCKED,0,1,DRIVER
FR000765,V0329,2026-08-08 04:48:00,Nagaland,Dimapur,26.0488,93.6167,LANDSLIDE,MEDIUM,Field observation of landslide event on Dimapur Gateway,PARTIAL,1,1,DRIVER
FR000766,V0170,2026-08-08 06:00:00,Nagaland,Mokokchung,26.3072,94.389,FLOOD,CRITICAL,Field observation of flood event on Mokokchung-Amguri Rd,BLOCKED,0,1,DRIVER
FR000767,V0260,2026-08-08 07:12:00,Manipur,Imphal West,24.8704,94.0171,FLOOD,HIGH,Field observation of flood event on Imphal Ring Road,PARTIAL,1,1,FIELD_OFFICER
FR000768,V0226,2026-08-08 08:24:00,Manipur,Bishnupur,24.7691,93.8764,ROCKFALL,MEDIUM,Field observation of rockfall event on Imphal-Churachandpur Hwy,PARTIAL,1,1,FIELD_OFFICER
FR000769,V0161,2026-08-08 09:36:00,Manipur,Senapati,25.1386,94.0585,ACCIDENT,LOW,Field observation of accident event on Mao-Maram Highway,OPEN,1,0,DRIVER
FR000770,V0207,2026-08-08 10:48:00,Mizoram,Aizawl,23.7695,92.6122,ROAD_DAMAGE,HIGH,Field observation of road_damage event on Silchar-Aizawl Hwy,PARTIAL,0,1,LOCAL_SCOUT
FR000771,V0231,2026-08-08 12:00:00,Mizoram,Kolasib,24.0864,92.723,ROAD_DAMAGE,HIGH,Field observation of road_damage event on Vairengte-Kolasib Corridor,PARTIAL,0,1,LOCAL_SCOUT
FR000772,V0441,2026-08-08 13:12:00,Mizoram,Lunglei,22.8788,92.6396,ROCKFALL,MEDIUM,Field observation of rockfall event on Aizawl-Lunglei Road,PARTIAL,0,0,DRIVER
FR000773,V0209,2026-08-08 14:24:00,Tripura,West Tripura,23.9725,91.1519,ROCKFALL,LOW,Field observation of rockfall event on Assam-Agartala National Hwy,OPEN,1,1,LOCAL_SCOUT
FR000774,V0396,2026-08-08 15:36:00,Tripura,Sipahijala,23.7301,91.1856,FLOOD,CRITICAL,Field observation of flood event on Agartala-Udaipur Hwy,BLOCKED,0,1,FIELD_OFFICER
FR000775,V0319,2026-08-08 16:48:00,Tripura,Dhalai,23.957,91.8341,LANDSLIDE,LOW,Field observation of landslide event on Ambassa Corridor,OPEN,0,1,LOCAL_SCOUT
FR000776,V0368,2026-08-08 18:00:00,Arunachal Pradesh,Tawang,27.4414,91.8304,LANDSLIDE,LOW,Field observation of landslide event on Bhalukpong-Tawang Hwy,OPEN,1,0,BORDER_ROAD_CREW
FR000777,V0382,2026-08-08 19:12:00,Arunachal Pradesh,West Kameng,27.1418,92.4472,ROAD_DAMAGE,MEDIUM,Field observation of road_damage event on Trans-Arunachal Hwy,PARTIAL,0,1,FIELD_OFFICER
FR000778,V0337,2026-08-08 20:24:00,Arunachal Pradesh,Papum Pare,27.1191,93.663,HEAVY_RAIN,MEDIUM,Field observation of heavy_rain event on Itanagar-Naharlagun Corridor,PARTIAL,0,1,LOCAL_SCOUT
FR000779,V0444,2026-08-08 21:36:00,Arunachal Pradesh,East Siang,27.9323,95.2429,HEAVY_RAIN,HIGH,Field observation of heavy_rain event on Pasighat Corridor,PARTIAL,1,1,LOCAL_SCOUT
FR000780,V0426,2026-08-08 22:48:00,Arunachal Pradesh,Lower Subansiri,27.58,93.895,HEAVY_RAIN,LOW,Field observation of heavy_rain event on Ziro-Yachuli Road,OPEN,1,1,BORDER_ROAD_CREW
FR000781,V0187,2026-08-09 00:00:00,Assam,Kamrup Metropolitan,26.2223,91.6527,ROCKFALL,LOW,Field observation of rockfall event on East-West Corridor,OPEN,1,0,DRIVER
FR000782,V0334,2026-08-09 01:12:00,Assam,Kamrup Rural,26.275,91.5763,ACCIDENT,CRITICAL,Field observation of accident event on Amingaon-Rangia Hwy,BLOCKED,1,1,LOCAL_SCOUT
FR000783,V0357,2026-08-09 02:24:00,Assam,Darrang,26.3512,91.9231,LANDSLIDE,LOW,Field observation of landslide event on North Bank Hwy,OPEN,0,0,DRIVER
FR000784,V0327,2026-08-09 03:36:00,Assam,Sonitpur,26.5601,92.7014,LANDSLIDE,LOW,Field observation of landslide event on Tezpur-Biswanath Hwy,OPEN,1,1,FIELD_OFFICER
FR000785,V0288,2026-08-09 04:48:00,Assam,Dibrugarh,27.4599,94.9964,ROAD_DAMAGE,HIGH,Field observation of road_damage event on Upper Assam Hwy,PARTIAL,0,1,DRIVER
FR000786,V0437,2026-08-09 06:00:00,Assam,Cachar,24.6973,92.8189,LANDSLIDE,HIGH,Field observation of landslide event on Silchar-Badarpur Corridor,PARTIAL,0,1,FIELD_OFFICER
FR000787,V0444,2026-08-09 07:12:00,Assam,Nagaon,26.3304,92.7315,ROCKFALL,CRITICAL,Field observation of rockfall event on Kaziranga Bypass,BLOCKED,1,1,BORDER_ROAD_CREW
FR000788,V0298,2026-08-09 08:24:00,Meghalaya,East Khasi Hills,25.5879,91.7579,LANDSLIDE,HIGH,Field observation of landslide event on Shillong-Dawki Hwy,PARTIAL,1,1,DRIVER
FR000789,V0380,2026-08-09 09:36:00,Meghalaya,West Khasi Hills,25.6373,91.3443,HEAVY_RAIN,CRITICAL,Field observation of heavy_rain event on Nongstoin Road,BLOCKED,1,1,BORDER_ROAD_CREW
FR000790,V0330,2026-08-09 10:48:00,Meghalaya,Ri-Bhoi,25.9691,91.7685,ACCIDENT,CRITICAL,Field observation of accident event on Guwahati-Shillong Expressway,BLOCKED,1,1,FIELD_OFFICER
FR000791,V0432,2026-08-09 12:00:00,Meghalaya,West Jaintia Hills,25.3966,92.3144,ROCKFALL,CRITICAL,Field observation of rockfall event on Jowai Bypass,BLOCKED,1,1,DRIVER
FR000792,V0143,2026-08-09 13:12:00,Sikkim,East Sikkim,27.4176,88.5386,ROAD_DAMAGE,CRITICAL,Field observation of road_damage event on Sevoke-Gangtok Hwy,BLOCKED,1,1,FIELD_OFFICER
FR000793,V0348,2026-08-09 14:24:00,Sikkim,North Sikkim,27.39,88.5238,LANDSLIDE,MEDIUM,Field observation of landslide event on Mangan-Chungthang Road,PARTIAL,1,1,DRIVER
FR000794,V0331,2026-08-09 15:36:00,Sikkim,South Sikkim,27.2729,88.3643,HEAVY_RAIN,HIGH,Field observation of heavy_rain event on Namchi-Jorethang Rd,PARTIAL,1,1,FIELD_OFFICER
FR000795,V0363,2026-08-09 16:48:00,Nagaland,Kohima,25.7149,94.0189,HEAVY_RAIN,CRITICAL,Field observation of heavy_rain event on Dimapur-Kohima Corridor,BLOCKED,1,1,LOCAL_SCOUT
FR000796,V0238,2026-08-09 18:00:00,Nagaland,Dimapur,26.0332,93.6173,FLOOD,MEDIUM,Field observation of flood event on Dimapur Gateway,PARTIAL,1,1,DRIVER
FR000797,V0373,2026-08-09 19:12:00,Nagaland,Mokokchung,26.3262,94.5783,ACCIDENT,CRITICAL,Field observation of accident event on Mokokchung-Amguri Rd,BLOCKED,1,1,FIELD_OFFICER
FR000798,V0348,2026-08-09 20:24:00,Manipur,Imphal West,24.8357,93.9616,LANDSLIDE,MEDIUM,Field observation of landslide event on Imphal Ring Road,PARTIAL,1,1,DRIVER
FR000799,V0374,2026-08-09 21:36:00,Manipur,Bishnupur,24.7068,93.8669,ROCKFALL,MEDIUM,Field observation of rockfall event on Imphal-Churachandpur Hwy,PARTIAL,1,1,DRIVER
FR000800,V0307,2026-08-09 22:48:00,Manipur,Senapati,25.1138,93.8919,ROCKFALL,MEDIUM,Field observation of rockfall event on Mao-Maram Highway,PARTIAL,1,1,FIELD_OFFICER
FR000801,V0266,2026-08-10 00:00:00,Mizoram,Aizawl,23.6371,92.7927,HEAVY_RAIN,LOW,Field observation of heavy_rain event on Silchar-Aizawl Hwy,OPEN,0,1,FIELD_OFFICER
FR000802,V0274,2026-08-10 01:12:00,Mizoram,Kolasib,24.1139,92.5486,HEAVY_RAIN,HIGH,Field observation of heavy_rain event on Vairengte-Kolasib Corridor,PARTIAL,1,1,BORDER_ROAD_CREW
FR000803,V0199,2026-08-10 02:24:00,Mizoram,Lunglei,22.7397,92.8342,ACCIDENT,LOW,Field observation of accident event on Aizawl-Lunglei Road,OPEN,0,1,DRIVER
FR000804,V0418,2026-08-10 03:36:00,Tripura,West Tripura,23.8501,91.2041,ACCIDENT,CRITICAL,Field observation of accident event on Assam-Agartala National Hwy,BLOCKED,0,0,DRIVER
FR000805,V0410,2026-08-10 04:48:00,Tripura,Sipahijala,23.7203,91.4016,ACCIDENT,HIGH,Field observation of accident event on Agartala-Udaipur Hwy,PARTIAL,0,1,BORDER_ROAD_CREW
FR000806,V0248,2026-08-10 06:00:00,Tripura,Dhalai,23.8145,91.825,HEAVY_RAIN,MEDIUM,Field observation of heavy_rain event on Ambassa Corridor,PARTIAL,1,0,LOCAL_SCOUT
FR000807,V0133,2026-08-10 07:12:00,Arunachal Pradesh,Tawang,27.6017,91.7133,ROAD_DAMAGE,HIGH,Field observation of road_damage event on Bhalukpong-Tawang Hwy,PARTIAL,1,1,FIELD_OFFICER
FR000808,V0209,2026-08-10 08:24:00,Arunachal Pradesh,West Kameng,27.3726,92.3988,FLOOD,LOW,Field observation of flood event on Trans-Arunachal Hwy,OPEN,0,1,LOCAL_SCOUT
FR000809,V0371,2026-08-10 09:36:00,Arunachal Pradesh,Papum Pare,27.1447,93.6931,HEAVY_RAIN,CRITICAL,Field observation of heavy_rain event on Itanagar-Naharlagun Corridor,BLOCKED,1,1,LOCAL_SCOUT
FR000810,V0200,2026-08-10 10:48:00,Arunachal Pradesh,East Siang,28.1335,95.234,FLOOD,HIGH,Field observation of flood event on Pasighat Corridor,PARTIAL,0,1,FIELD_OFFICER
FR000811,V0272,2026-08-10 12:00:00,Arunachal Pradesh,Lower Subansiri,27.4561,93.7321,ROAD_DAMAGE,CRITICAL,Field observation of road_damage event on Ziro-Yachuli Road,BLOCKED,1,1,BORDER_ROAD_CREW
FR000812,V0339,2026-08-10 13:12:00,Assam,Kamrup Metropolitan,26.0782,91.6655,ROAD_DAMAGE,MEDIUM,Field observation of road_damage event on East-West Corridor,PARTIAL,1,1,LOCAL_SCOUT
FR000813,V0275,2026-08-10 14:24:00,Assam,Kamrup Rural,26.1342,91.6249,FLOOD,MEDIUM,Field observation of flood event on Amingaon-Rangia Hwy,PARTIAL,0,0,FIELD_OFFICER
FR000814,V0372,2026-08-10 15:36:00,Assam,Darrang,26.4811,92.1131,ACCIDENT,LOW,Field observation of accident event on North Bank Hwy,OPEN,1,1,DRIVER
FR000815,V0217,2026-08-10 16:48:00,Assam,Sonitpur,26.631,92.8144,HEAVY_RAIN,HIGH,Field observation of heavy_rain event on Tezpur-Biswanath Hwy,PARTIAL,1,1,LOCAL_SCOUT
FR000816,V0161,2026-08-10 18:00:00,Assam,Dibrugarh,27.4804,95.0491,ROAD_DAMAGE,MEDIUM,Field observation of road_damage event on Upper Assam Hwy,PARTIAL,1,1,FIELD_OFFICER
FR000817,V0430,2026-08-10 19:12:00,Assam,Cachar,24.8081,92.79,ROCKFALL,HIGH,Field observation of rockfall event on Silchar-Badarpur Corridor,PARTIAL,0,0,BORDER_ROAD_CREW
FR000818,V0390,2026-08-10 20:24:00,Assam,Nagaon,26.3942,92.6333,HEAVY_RAIN,MEDIUM,Field observation of heavy_rain event on Kaziranga Bypass,PARTIAL,1,1,LOCAL_SCOUT
FR000819,V0210,2026-08-10 21:36:00,Meghalaya,East Khasi Hills,25.5879,92.0423,ROCKFALL,LOW,Field observation of rockfall event on Shillong-Dawki Hwy,OPEN,1,1,FIELD_OFFICER
FR000820,V0308,2026-08-10 22:48:00,Meghalaya,West Khasi Hills,25.3944,91.2138,FLOOD,HIGH,Field observation of flood event on Nongstoin Road,PARTIAL,1,1,LOCAL_SCOUT
FR000821,V0326,2026-08-11 00:00:00,Meghalaya,Ri-Bhoi,25.9363,92.0177,HEAVY_RAIN,MEDIUM,Field observation of heavy_rain event on Guwahati-Shillong Expressway,PARTIAL,0,0,FIELD_OFFICER
FR000822,V0161,2026-08-11 01:12:00,Meghalaya,West Jaintia Hills,25.5389,92.084,ROCKFALL,CRITICAL,Field observation of rockfall event on Jowai Bypass,BLOCKED,0,0,DRIVER
FR000823,V0360,2026-08-11 02:24:00,Sikkim,East Sikkim,27.4623,88.7031,LANDSLIDE,MEDIUM,Field observation of landslide event on Sevoke-Gangtok Hwy,PARTIAL,1,0,FIELD_OFFICER
FR000824,V0180,2026-08-11 03:36:00,Sikkim,North Sikkim,27.496,88.4889,LANDSLIDE,LOW,Field observation of landslide event on Mangan-Chungthang Road,OPEN,1,1,LOCAL_SCOUT
FR000825,V0230,2026-08-11 04:48:00,Sikkim,South Sikkim,27.3045,88.2502,ACCIDENT,HIGH,Field observation of accident event on Namchi-Jorethang Rd,PARTIAL,1,1,LOCAL_SCOUT
FR000826,V0295,2026-08-11 06:00:00,Nagaland,Kohima,25.5447,94.1597,ACCIDENT,CRITICAL,Field observation of accident event on Dimapur-Kohima Corridor,BLOCKED,0,1,BORDER_ROAD_CREW
FR000827,V0203,2026-08-11 07:12:00,Nagaland,Dimapur,26.0075,93.6392,FLOOD,MEDIUM,Field observation of flood event on Dimapur Gateway,PARTIAL,1,1,LOCAL_SCOUT
FR000828,V0145,2026-08-11 08:24:00,Nagaland,Mokokchung,26.4076,94.564,HEAVY_RAIN,MEDIUM,Field observation of heavy_rain event on Mokokchung-Amguri Rd,PARTIAL,1,0,LOCAL_SCOUT
FR000829,V0152,2026-08-11 09:36:00,Manipur,Imphal West,24.6741,94.0019,ROAD_DAMAGE,CRITICAL,Field observation of road_damage event on Imphal Ring Road,BLOCKED,1,1,LOCAL_SCOUT
FR000830,V0383,2026-08-11 10:48:00,Manipur,Bishnupur,24.7207,93.7819,HEAVY_RAIN,CRITICAL,Field observation of heavy_rain event on Imphal-Churachandpur Hwy,BLOCKED,1,0,FIELD_OFFICER
FR000831,V0319,2026-08-11 12:00:00,Manipur,Senapati,25.2323,93.9953,FLOOD,MEDIUM,Field observation of flood event on Mao-Maram Highway,PARTIAL,0,1,BORDER_ROAD_CREW
FR000832,V0438,2026-08-11 13:12:00,Mizoram,Aizawl,23.7791,92.7281,ACCIDENT,HIGH,Field observation of accident event on Silchar-Aizawl Hwy,PARTIAL,1,0,FIELD_OFFICER
FR000833,V0423,2026-08-11 14:24:00,Mizoram,Kolasib,24.2938,92.5437,ROAD_DAMAGE,MEDIUM,Field observation of road_damage event on Vairengte-Kolasib Corridor,PARTIAL,1,1,DRIVER
FR000834,V0148,2026-08-11 15:36:00,Mizoram,Lunglei,22.7618,92.8261,ROAD_DAMAGE,CRITICAL,Field observation of road_damage event on Aizawl-Lunglei Road,BLOCKED,1,1,LOCAL_SCOUT
FR000835,V0113,2026-08-11 16:48:00,Tripura,West Tripura,23.9595,91.2512,ACCIDENT,LOW,Field observation of accident event on Assam-Agartala National Hwy,OPEN,1,1,FIELD_OFFICER
FR000836,V0358,2026-08-11 18:00:00,Tripura,Sipahijala,23.645,91.2029,ACCIDENT,CRITICAL,Field observation of accident event on Agartala-Udaipur Hwy,BLOCKED,0,1,FIELD_OFFICER
FR000837,V0405,2026-08-11 19:12:00,Tripura,Dhalai,23.7885,91.8902,ROCKFALL,HIGH,Field observation of rockfall event on Ambassa Corridor,PARTIAL,1,1,FIELD_OFFICER
FR000838,V0276,2026-08-11 20:24:00,Arunachal Pradesh,Tawang,27.6746,91.9282,LANDSLIDE,HIGH,Field observation of landslide event on Bhalukpong-Tawang Hwy,PARTIAL,1,1,BORDER_ROAD_CREW
FR000839,V0360,2026-08-11 21:36:00,Arunachal Pradesh,West Kameng,27.3769,92.3083,FLOOD,HIGH,Field observation of flood event on Trans-Arunachal Hwy,PARTIAL,0,1,BORDER_ROAD_CREW
FR000840,V0132,2026-08-11 22:48:00,Arunachal Pradesh,Papum Pare,27.1115,93.7507,ACCIDENT,MEDIUM,Field observation of accident event on Itanagar-Naharlagun Corridor,PARTIAL,0,1,DRIVER
FR000841,V0356,2026-08-12 00:00:00,Arunachal Pradesh,East Siang,28.1338,95.2395,FLOOD,MEDIUM,Field observation of flood event on Pasighat Corridor,PARTIAL,1,1,BORDER_ROAD_CREW
FR000842,V0405,2026-08-12 01:12:00,Arunachal Pradesh,Lower Subansiri,27.4483,93.7462,HEAVY_RAIN,LOW,Field observation of heavy_rain event on Ziro-Yachuli Road,OPEN,1,1,FIELD_OFFICER
FR000843,V0439,2026-08-12 02:24:00,Assam,Kamrup Metropolitan,26.1958,91.7564,FLOOD,LOW,Field observation of flood event on East-West Corridor,OPEN,0,1,BORDER_ROAD_CREW
FR000844,V0400,2026-08-12 03:36:00,Assam,Kamrup Rural,26.3333,91.5504,ROAD_DAMAGE,LOW,Field observation of road_damage event on Amingaon-Rangia Hwy,OPEN,1,1,BORDER_ROAD_CREW
FR000845,V0312,2026-08-12 04:48:00,Assam,Darrang,26.3772,91.9402,HEAVY_RAIN,MEDIUM,Field observation of heavy_rain event on North Bank Hwy,PARTIAL,0,1,BORDER_ROAD_CREW
FR000846,V0340,2026-08-12 06:00:00,Assam,Sonitpur,26.5223,92.8392,ROCKFALL,HIGH,Field observation of rockfall event on Tezpur-Biswanath Hwy,PARTIAL,1,0,LOCAL_SCOUT
FR000847,V0360,2026-08-12 07:12:00,Assam,Dibrugarh,27.3808,94.9078,FLOOD,CRITICAL,Field observation of flood event on Upper Assam Hwy,BLOCKED,0,1,LOCAL_SCOUT
FR000848,V0354,2026-08-12 08:24:00,Assam,Cachar,24.8586,92.7986,ROCKFALL,HIGH,Field observation of rockfall event on Silchar-Badarpur Corridor,PARTIAL,1,0,BORDER_ROAD_CREW
FR000849,V0407,2026-08-12 09:36:00,Assam,Nagaon,26.2458,92.628,LANDSLIDE,HIGH,Field observation of landslide event on Kaziranga Bypass,PARTIAL,1,1,DRIVER
FR000850,V0108,2026-08-12 10:48:00,Meghalaya,East Khasi Hills,25.5596,91.9953,LANDSLIDE,LOW,Field observation of landslide event on Shillong-Dawki Hwy,OPEN,1,1,DRIVER
FR000851,V0445,2026-08-12 12:00:00,Meghalaya,West Khasi Hills,25.504,91.2436,LANDSLIDE,MEDIUM,Field observation of landslide event on Nongstoin Road,PARTIAL,0,1,LOCAL_SCOUT
FR000852,V0434,2026-08-12 13:12:00,Meghalaya,Ri-Bhoi,25.8027,91.912,HEAVY_RAIN,CRITICAL,Field observation of heavy_rain event on Guwahati-Shillong Expressway,BLOCKED,0,0,LOCAL_SCOUT
FR000853,V0168,2026-08-12 14:24:00,Meghalaya,West Jaintia Hills,25.5674,92.1089,HEAVY_RAIN,LOW,Field observation of heavy_rain event on Jowai Bypass,OPEN,1,1,FIELD_OFFICER
FR000854,V0153,2026-08-12 15:36:00,Sikkim,East Sikkim,27.2115,88.4621,FLOOD,MEDIUM,Field observation of flood event on Sevoke-Gangtok Hwy,PARTIAL,1,1,BORDER_ROAD_CREW
FR000855,V0113,2026-08-12 16:48:00,Sikkim,North Sikkim,27.5237,88.6308,ROCKFALL,MEDIUM,Field observation of rockfall event on Mangan-Chungthang Road,PARTIAL,0,1,DRIVER
FR000856,V0168,2026-08-12 18:00:00,Sikkim,South Sikkim,27.183,88.4996,FLOOD,HIGH,Field observation of flood event on Namchi-Jorethang Rd,PARTIAL,1,1,FIELD_OFFICER
FR000857,V0263,2026-08-12 19:12:00,Nagaland,Kohima,25.6428,94.226,HEAVY_RAIN,HIGH,Field observation of heavy_rain event on Dimapur-Kohima Corridor,PARTIAL,0,0,LOCAL_SCOUT
FR000858,V0344,2026-08-12 20:24:00,Nagaland,Dimapur,25.8962,93.7306,HEAVY_RAIN,CRITICAL,Field observation of heavy_rain event on Dimapur Gateway,BLOCKED,1,1,DRIVER
FR000859,V0281,2026-08-12 21:36:00,Nagaland,Mokokchung,26.2467,94.6592,FLOOD,MEDIUM,Field observation of flood event on Mokokchung-Amguri Rd,PARTIAL,1,0,LOCAL_SCOUT
FR000860,V0128,2026-08-12 22:48:00,Manipur,Imphal West,24.7091,93.8346,LANDSLIDE,LOW,Field observation of landslide event on Imphal Ring Road,OPEN,1,1,LOCAL_SCOUT
FR000861,V0283,2026-08-13 00:00:00,Manipur,Bishnupur,24.7727,93.8353,HEAVY_RAIN,MEDIUM,Field observation of heavy_rain event on Imphal-Churachandpur Hwy,PARTIAL,0,1,DRIVER
FR000862,V0128,2026-08-13 01:12:00,Manipur,Senapati,25.3384,93.9295,ACCIDENT,HIGH,Field observation of accident event on Mao-Maram Highway,PARTIAL,1,1,FIELD_OFFICER
FR000863,V0262,2026-08-13 02:24:00,Mizoram,Aizawl,23.6391,92.8399,ACCIDENT,MEDIUM,Field observation of accident event on Silchar-Aizawl Hwy,PARTIAL,1,1,DRIVER
FR000864,V0124,2026-08-13 03:36:00,Mizoram,Kolasib,24.3345,92.542,ROAD_DAMAGE,HIGH,Field observation of road_damage event on Vairengte-Kolasib Corridor,PARTIAL,1,1,DRIVER
FR000865,V0150,2026-08-13 04:48:00,Mizoram,Lunglei,22.8864,92.8389,ROAD_DAMAGE,HIGH,Field observation of road_damage event on Aizawl-Lunglei Road,PARTIAL,1,1,DRIVER
FR000866,V0347,2026-08-13 06:00:00,Tripura,West Tripura,23.8525,91.2498,LANDSLIDE,MEDIUM,Field observation of landslide event on Assam-Agartala National Hwy,PARTIAL,1,1,FIELD_OFFICER
FR000867,V0427,2026-08-13 07:12:00,Tripura,Sipahijala,23.7356,91.317,HEAVY_RAIN,CRITICAL,Field observation of heavy_rain event on Agartala-Udaipur Hwy,BLOCKED,0,0,LOCAL_SCOUT
FR000868,V0236,2026-08-13 08:24:00,Tripura,Dhalai,23.8218,91.9452,ROCKFALL,MEDIUM,Field observation of rockfall event on Ambassa Corridor,PARTIAL,1,1,BORDER_ROAD_CREW
FR000869,V0352,2026-08-13 09:36:00,Arunachal Pradesh,Tawang,27.6174,91.86,ROAD_DAMAGE,CRITICAL,Field observation of road_damage event on Bhalukpong-Tawang Hwy,BLOCKED,1,1,FIELD_OFFICER
FR000870,V0376,2026-08-13 10:48:00,Arunachal Pradesh,West Kameng,27.2689,92.3501,ROCKFALL,CRITICAL,Field observation of rockfall event on Trans-Arunachal Hwy,BLOCKED,0,1,DRIVER
FR000871,V0171,2026-08-13 12:00:00,Arunachal Pradesh,Papum Pare,27.1656,93.5021,ACCIDENT,MEDIUM,Field observation of accident event on Itanagar-Naharlagun Corridor,PARTIAL,1,1,DRIVER
FR000872,V0149,2026-08-13 13:12:00,Arunachal Pradesh,East Siang,27.95,95.3786,ROAD_DAMAGE,CRITICAL,Field observation of road_damage event on Pasighat Corridor,BLOCKED,0,1,FIELD_OFFICER
FR000873,V0319,2026-08-13 14:24:00,Arunachal Pradesh,Lower Subansiri,27.65,93.6867,ROAD_DAMAGE,LOW,Field observation of road_damage event on Ziro-Yachuli Road,OPEN,0,1,FIELD_OFFICER
FR000874,V0302,2026-08-13 15:36:00,Assam,Kamrup Metropolitan,26.0349,91.74,ACCIDENT,CRITICAL,Field observation of accident event on East-West Corridor,BLOCKED,1,1,DRIVER
FR000875,V0210,2026-08-13 16:48:00,Assam,Kamrup Rural,26.1125,91.466,LANDSLIDE,MEDIUM,Field observation of landslide event on Amingaon-Rangia Hwy,PARTIAL,0,0,FIELD_OFFICER
FR000876,V0235,2026-08-13 18:00:00,Assam,Darrang,26.3076,92.0969,HEAVY_RAIN,LOW,Field observation of heavy_rain event on North Bank Hwy,OPEN,0,1,FIELD_OFFICER
FR000877,V0272,2026-08-13 19:12:00,Assam,Sonitpur,26.5488,92.8246,FLOOD,MEDIUM,Field observation of flood event on Tezpur-Biswanath Hwy,PARTIAL,0,1,LOCAL_SCOUT
FR000878,V0162,2026-08-13 20:24:00,Assam,Dibrugarh,27.5719,94.9423,ROCKFALL,HIGH,Field observation of rockfall event on Upper Assam Hwy,PARTIAL,0,0,DRIVER
FR000879,V0372,2026-08-13 21:36:00,Assam,Cachar,24.8703,92.7821,ROCKFALL,MEDIUM,Field observation of rockfall event on Silchar-Badarpur Corridor,PARTIAL,1,1,FIELD_OFFICER
FR000880,V0440,2026-08-13 22:48:00,Assam,Nagaon,26.3312,92.7112,FLOOD,HIGH,Field observation of flood event on Kaziranga Bypass,PARTIAL,0,1,FIELD_OFFICER
FR000881,V0180,2026-08-14 00:00:00,Meghalaya,East Khasi Hills,25.4338,91.9001,ROAD_DAMAGE,LOW,Field observation of road_damage event on Shillong-Dawki Hwy,OPEN,1,0,BORDER_ROAD_CREW
FR000882,V0388,2026-08-14 01:12:00,Meghalaya,West Khasi Hills,25.4049,91.1389,FLOOD,HIGH,Field observation of flood event on Nongstoin Road,PARTIAL,0,1,BORDER_ROAD_CREW
FR000883,V0209,2026-08-14 02:24:00,Meghalaya,Ri-Bhoi,26.0133,91.8894,ROAD_DAMAGE,MEDIUM,Field observation of road_damage event on Guwahati-Shillong Expressway,PARTIAL,1,1,BORDER_ROAD_CREW
FR000884,V0134,2026-08-14 03:36:00,Meghalaya,West Jaintia Hills,25.3391,92.231,ROAD_DAMAGE,LOW,Field observation of road_damage event on Jowai Bypass,OPEN,0,1,FIELD_OFFICER
FR000885,V0391,2026-08-14 04:48:00,Sikkim,East Sikkim,27.3925,88.5859,ACCIDENT,MEDIUM,Field observation of accident event on Sevoke-Gangtok Hwy,PARTIAL,1,0,DRIVER
FR000886,V0448,2026-08-14 06:00:00,Sikkim,North Sikkim,27.5089,88.4688,ACCIDENT,LOW,Field observation of accident event on Mangan-Chungthang Road,OPEN,0,1,DRIVER
FR000887,V0178,2026-08-14 07:12:00,Sikkim,South Sikkim,27.1252,88.4414,ROAD_DAMAGE,CRITICAL,Field observation of road_damage event on Namchi-Jorethang Rd,BLOCKED,1,0,BORDER_ROAD_CREW
FR000888,V0336,2026-08-14 08:24:00,Nagaland,Kohima,25.5544,93.9988,ROCKFALL,CRITICAL,Field observation of rockfall event on Dimapur-Kohima Corridor,BLOCKED,1,1,DRIVER
FR000889,V0354,2026-08-14 09:36:00,Nagaland,Dimapur,25.7819,93.757,LANDSLIDE,CRITICAL,Field observation of landslide event on Dimapur Gateway,BLOCKED,0,0,FIELD_OFFICER
FR000890,V0153,2026-08-14 10:48:00,Nagaland,Mokokchung,26.3877,94.6068,LANDSLIDE,MEDIUM,Field observation of landslide event on Mokokchung-Amguri Rd,PARTIAL,0,0,LOCAL_SCOUT
FR000891,V0187,2026-08-14 12:00:00,Manipur,Imphal West,24.7795,93.8484,ROAD_DAMAGE,MEDIUM,Field observation of road_damage event on Imphal Ring Road,PARTIAL,0,1,FIELD_OFFICER
FR000892,V0366,2026-08-14 13:12:00,Manipur,Bishnupur,24.5288,93.81,HEAVY_RAIN,HIGH,Field observation of heavy_rain event on Imphal-Churachandpur Hwy,PARTIAL,1,1,FIELD_OFFICER
FR000893,V0252,2026-08-14 14:24:00,Manipur,Senapati,25.2794,94.0436,HEAVY_RAIN,CRITICAL,Field observation of heavy_rain event on Mao-Maram Highway,BLOCKED,0,1,DRIVER
FR000894,V0315,2026-08-14 15:36:00,Mizoram,Aizawl,23.7427,92.7349,FLOOD,CRITICAL,Field observation of flood event on Silchar-Aizawl Hwy,BLOCKED,1,1,LOCAL_SCOUT
FR000895,V0184,2026-08-14 16:48:00,Mizoram,Kolasib,24.1461,92.622,HEAVY_RAIN,MEDIUM,Field observation of heavy_rain event on Vairengte-Kolasib Corridor,PARTIAL,1,1,DRIVER
FR000896,V0353,2026-08-14 18:00:00,Mizoram,Lunglei,22.7714,92.8491,ROAD_DAMAGE,CRITICAL,Field observation of road_damage event on Aizawl-Lunglei Road,BLOCKED,0,1,BORDER_ROAD_CREW
FR000897,V0207,2026-08-14 19:12:00,Tripura,West Tripura,23.8913,91.1853,HEAVY_RAIN,MEDIUM,Field observation of heavy_rain event on Assam-Agartala National Hwy,PARTIAL,1,0,LOCAL_SCOUT
FR000898,V0342,2026-08-14 20:24:00,Tripura,Sipahijala,23.7253,91.3462,HEAVY_RAIN,LOW,Field observation of heavy_rain event on Agartala-Udaipur Hwy,OPEN,1,1,BORDER_ROAD_CREW
FR000899,V0384,2026-08-14 21:36:00,Tripura,Dhalai,23.9894,91.7016,ROAD_DAMAGE,HIGH,Field observation of road_damage event on Ambassa Corridor,PARTIAL,1,1,LOCAL_SCOUT
FR000900,V0293,2026-08-14 22:48:00,Arunachal Pradesh,Tawang,27.6162,91.7358,ROAD_DAMAGE,CRITICAL,Field observation of road_damage event on Bhalukpong-Tawang Hwy,BLOCKED,0,1,LOCAL_SCOUT
FR000901,V0113,2026-08-15 00:00:00,Arunachal Pradesh,West Kameng,27.1258,92.3812,ACCIDENT,HIGH,Field observation of accident event on Trans-Arunachal Hwy,PARTIAL,1,1,LOCAL_SCOUT
FR000902,V0189,2026-08-15 01:12:00,Arunachal Pradesh,Papum Pare,27.1639,93.6458,FLOOD,CRITICAL,Field observation of flood event on Itanagar-Naharlagun Corridor,BLOCKED,1,1,BORDER_ROAD_CREW
FR000903,V0439,2026-08-15 02:24:00,Arunachal Pradesh,East Siang,28.0477,95.2365,LANDSLIDE,LOW,Field observation of landslide event on Pasighat Corridor,OPEN,0,0,BORDER_ROAD_CREW
FR000904,V0240,2026-08-15 03:36:00,Arunachal Pradesh,Lower Subansiri,27.4584,93.9152,HEAVY_RAIN,LOW,Field observation of heavy_rain event on Ziro-Yachuli Road,OPEN,1,0,LOCAL_SCOUT
FR000905,V0127,2026-08-15 04:48:00,Assam,Kamrup Metropolitan,26.0453,91.597,ACCIDENT,CRITICAL,Field observation of accident event on East-West Corridor,BLOCKED,1,1,FIELD_OFFICER
FR000906,V0178,2026-08-15 06:00:00,Assam,Kamrup Rural,26.0611,91.4948,FLOOD,LOW,Field observation of flood event on Amingaon-Rangia Hwy,OPEN,1,1,LOCAL_SCOUT
FR000907,V0347,2026-08-15 07:12:00,Assam,Darrang,26.4778,92.0363,HEAVY_RAIN,LOW,Field observation of heavy_rain event on North Bank Hwy,OPEN,1,0,FIELD_OFFICER
FR000908,V0159,2026-08-15 08:24:00,Assam,Sonitpur,26.6487,92.8604,FLOOD,HIGH,Field observation of flood event on Tezpur-Biswanath Hwy,PARTIAL,0,1,LOCAL_SCOUT
FR000909,V0128,2026-08-15 09:36:00,Assam,Dibrugarh,27.6118,94.845,ROCKFALL,CRITICAL,Field observation of rockfall event on Upper Assam Hwy,BLOCKED,0,0,LOCAL_SCOUT
FR000910,V0445,2026-08-15 10:48:00,Assam,Cachar,24.8045,92.6303,ROCKFALL,CRITICAL,Field observation of rockfall event on Silchar-Badarpur Corridor,BLOCKED,0,1,DRIVER
FR000911,V0242,2026-08-15 12:00:00,Assam,Nagaon,26.2169,92.6223,ROCKFALL,MEDIUM,Field observation of rockfall event on Kaziranga Bypass,PARTIAL,1,1,LOCAL_SCOUT
FR000912,V0146,2026-08-15 13:12:00,Meghalaya,East Khasi Hills,25.6916,91.9872,FLOOD,HIGH,Field observation of flood event on Shillong-Dawki Hwy,PARTIAL,1,1,LOCAL_SCOUT
FR000913,V0241,2026-08-15 14:24:00,Meghalaya,West Khasi Hills,25.4731,91.2551,ROCKFALL,CRITICAL,Field observation of rockfall event on Nongstoin Road,BLOCKED,1,1,BORDER_ROAD_CREW
FR000914,V0389,2026-08-15 15:36:00,Meghalaya,Ri-Bhoi,25.8877,91.8682,HEAVY_RAIN,MEDIUM,Field observation of heavy_rain event on Guwahati-Shillong Expressway,PARTIAL,1,0,FIELD_OFFICER
FR000915,V0362,2026-08-15 16:48:00,Meghalaya,West Jaintia Hills,25.3773,92.1648,ACCIDENT,LOW,Field observation of accident event on Jowai Bypass,OPEN,1,1,DRIVER
FR000916,V0252,2026-08-15 18:00:00,Sikkim,East Sikkim,27.2579,88.5512,LANDSLIDE,LOW,Field observation of landslide event on Sevoke-Gangtok Hwy,OPEN,1,1,LOCAL_SCOUT
FR000917,V0396,2026-08-15 19:12:00,Sikkim,North Sikkim,27.5997,88.4745,LANDSLIDE,CRITICAL,Field observation of landslide event on Mangan-Chungthang Road,BLOCKED,1,1,BORDER_ROAD_CREW
FR000918,V0119,2026-08-15 20:24:00,Sikkim,South Sikkim,27.1226,88.3664,LANDSLIDE,CRITICAL,Field observation of landslide event on Namchi-Jorethang Rd,BLOCKED,0,0,FIELD_OFFICER
FR000919,V0441,2026-08-15 21:36:00,Nagaland,Kohima,25.7934,94.0393,ROCKFALL,CRITICAL,Field observation of rockfall event on Dimapur-Kohima Corridor,BLOCKED,1,0,FIELD_OFFICER
FR000920,V0372,2026-08-15 22:48:00,Nagaland,Dimapur,25.9065,93.6374,FLOOD,CRITICAL,Field observation of flood event on Dimapur Gateway,BLOCKED,0,1,DRIVER
FR000921,V0448,2026-08-16 00:00:00,Nagaland,Mokokchung,26.2438,94.6205,ROAD_DAMAGE,MEDIUM,Field observation of road_damage event on Mokokchung-Amguri Rd,PARTIAL,1,1,FIELD_OFFICER
FR000922,V0362,2026-08-16 01:12:00,Manipur,Imphal West,24.699,94.0629,ACCIDENT,LOW,Field observation of accident event on Imphal Ring Road,OPEN,1,1,FIELD_OFFICER
FR000923,V0354,2026-08-16 02:24:00,Manipur,Bishnupur,24.4844,93.8716,FLOOD,CRITICAL,Field observation of flood event on Imphal-Churachandpur Hwy,BLOCKED,0,1,BORDER_ROAD_CREW
FR000924,V0207,2026-08-16 03:36:00,Manipur,Senapati,25.2046,94.1294,ROCKFALL,LOW,Field observation of rockfall event on Mao-Maram Highway,OPEN,0,1,DRIVER
FR000925,V0173,2026-08-16 04:48:00,Mizoram,Aizawl,23.7243,92.8629,ACCIDENT,CRITICAL,Field observation of accident event on Silchar-Aizawl Hwy,BLOCKED,1,1,LOCAL_SCOUT
FR000926,V0402,2026-08-16 06:00:00,Mizoram,Kolasib,24.2951,92.5685,ROAD_DAMAGE,HIGH,Field observation of road_damage event on Vairengte-Kolasib Corridor,PARTIAL,1,0,FIELD_OFFICER
FR000927,V0282,2026-08-16 07:12:00,Mizoram,Lunglei,22.8922,92.7407,ROCKFALL,CRITICAL,Field observation of rockfall event on Aizawl-Lunglei Road,BLOCKED,0,1,BORDER_ROAD_CREW
FR000928,V0155,2026-08-16 08:24:00,Tripura,West Tripura,23.8187,91.1729,LANDSLIDE,LOW,Field observation of landslide event on Assam-Agartala National Hwy,OPEN,1,1,BORDER_ROAD_CREW
FR000929,V0278,2026-08-16 09:36:00,Tripura,Sipahijala,23.4885,91.2252,ROCKFALL,HIGH,Field observation of rockfall event on Agartala-Udaipur Hwy,PARTIAL,1,0,LOCAL_SCOUT
FR000930,V0189,2026-08-16 10:48:00,Tripura,Dhalai,23.9586,91.7561,FLOOD,MEDIUM,Field observation of flood event on Ambassa Corridor,PARTIAL,0,1,DRIVER
FR000931,V0153,2026-08-16 12:00:00,Arunachal Pradesh,Tawang,27.62,91.8192,ROCKFALL,LOW,Field observation of rockfall event on Bhalukpong-Tawang Hwy,OPEN,0,1,BORDER_ROAD_CREW
FR000932,V0340,2026-08-16 13:12:00,Arunachal Pradesh,West Kameng,27.3402,92.3754,FLOOD,HIGH,Field observation of flood event on Trans-Arunachal Hwy,PARTIAL,1,1,DRIVER
FR000933,V0191,2026-08-16 14:24:00,Arunachal Pradesh,Papum Pare,26.9897,93.6394,FLOOD,CRITICAL,Field observation of flood event on Itanagar-Naharlagun Corridor,BLOCKED,1,1,FIELD_OFFICER
FR000934,V0283,2026-08-16 15:36:00,Arunachal Pradesh,East Siang,28.1572,95.3426,HEAVY_RAIN,HIGH,Field observation of heavy_rain event on Pasighat Corridor,PARTIAL,0,1,LOCAL_SCOUT
FR000935,V0188,2026-08-16 16:48:00,Arunachal Pradesh,Lower Subansiri,27.6877,93.7249,HEAVY_RAIN,CRITICAL,Field observation of heavy_rain event on Ziro-Yachuli Road,BLOCKED,1,1,BORDER_ROAD_CREW
FR000936,V0416,2026-08-16 18:00:00,Assam,Kamrup Metropolitan,26.0348,91.8542,ROCKFALL,MEDIUM,Field observation of rockfall event on East-West Corridor,PARTIAL,1,1,BORDER_ROAD_CREW
FR000937,V0210,2026-08-16 19:12:00,Assam,Kamrup Rural,26.2706,91.502,ROAD_DAMAGE,MEDIUM,Field observation of road_damage event on Amingaon-Rangia Hwy,PARTIAL,1,1,DRIVER
FR000938,V0428,2026-08-16 20:24:00,Assam,Darrang,26.3317,91.93,ACCIDENT,MEDIUM,Field observation of accident event on North Bank Hwy,PARTIAL,1,1,BORDER_ROAD_CREW
FR000939,V0285,2026-08-16 21:36:00,Assam,Sonitpur,26.6728,92.7776,ROAD_DAMAGE,HIGH,Field observation of road_damage event on Tezpur-Biswanath Hwy,PARTIAL,1,1,LOCAL_SCOUT
FR000940,V0245,2026-08-16 22:48:00,Assam,Dibrugarh,27.49,95.005,FLOOD,MEDIUM,Field observation of flood event on Upper Assam Hwy,PARTIAL,1,1,FIELD_OFFICER
FR000941,V0270,2026-08-17 00:00:00,Assam,Cachar,24.9435,92.9178,FLOOD,MEDIUM,Field observation of flood event on Silchar-Badarpur Corridor,PARTIAL,1,1,LOCAL_SCOUT
FR000942,V0346,2026-08-17 01:12:00,Assam,Nagaon,26.3567,92.8278,ROAD_DAMAGE,MEDIUM,Field observation of road_damage event on Kaziranga Bypass,PARTIAL,0,1,FIELD_OFFICER
FR000943,V0240,2026-08-17 02:24:00,Meghalaya,East Khasi Hills,25.575,91.9643,HEAVY_RAIN,CRITICAL,Field observation of heavy_rain event on Shillong-Dawki Hwy,BLOCKED,0,0,FIELD_OFFICER
FR000944,V0413,2026-08-17 03:36:00,Meghalaya,West Khasi Hills,25.4991,91.397,ACCIDENT,HIGH,Field observation of accident event on Nongstoin Road,PARTIAL,1,1,FIELD_OFFICER
FR000945,V0390,2026-08-17 04:48:00,Meghalaya,Ri-Bhoi,25.8512,91.9194,ACCIDENT,HIGH,Field observation of accident event on Guwahati-Shillong Expressway,PARTIAL,1,0,DRIVER
FR000946,V0356,2026-08-17 06:00:00,Meghalaya,West Jaintia Hills,25.3237,92.1531,ROCKFALL,LOW,Field observation of rockfall event on Jowai Bypass,OPEN,0,1,BORDER_ROAD_CREW
FR000947,V0421,2026-08-17 07:12:00,Sikkim,East Sikkim,27.2691,88.6499,ROAD_DAMAGE,CRITICAL,Field observation of road_damage event on Sevoke-Gangtok Hwy,BLOCKED,1,1,FIELD_OFFICER
FR000948,V0166,2026-08-17 08:24:00,Sikkim,North Sikkim,27.6316,88.6244,HEAVY_RAIN,CRITICAL,Field observation of heavy_rain event on Mangan-Chungthang Road,BLOCKED,1,1,FIELD_OFFICER
FR000949,V0192,2026-08-17 09:36:00,Sikkim,South Sikkim,27.0752,88.2069,ROCKFALL,MEDIUM,Field observation of rockfall event on Namchi-Jorethang Rd,PARTIAL,1,0,FIELD_OFFICER
FR000950,V0284,2026-08-17 10:48:00,Nagaland,Kohima,25.7483,94.1835,FLOOD,CRITICAL,Field observation of flood event on Dimapur-Kohima Corridor,BLOCKED,0,1,FIELD_OFFICER
FR000951,V0236,2026-08-17 12:00:00,Nagaland,Dimapur,25.7759,93.8411,ROAD_DAMAGE,LOW,Field observation of road_damage event on Dimapur Gateway,OPEN,1,0,BORDER_ROAD_CREW
FR000952,V0316,2026-08-17 13:12:00,Nagaland,Mokokchung,26.3322,94.6688,FLOOD,CRITICAL,Field observation of flood event on Mokokchung-Amguri Rd,BLOCKED,1,0,FIELD_OFFICER
FR000953,V0412,2026-08-17 14:24:00,Manipur,Imphal West,24.8634,94.0524,ROCKFALL,LOW,Field observation of rockfall event on Imphal Ring Road,OPEN,0,1,BORDER_ROAD_CREW
FR000954,V0186,2026-08-17 15:36:00,Manipur,Bishnupur,24.6153,93.6524,ACCIDENT,LOW,Field observation of accident event on Imphal-Churachandpur Hwy,OPEN,0,1,BORDER_ROAD_CREW
FR000955,V0224,2026-08-17 16:48:00,Manipur,Senapati,25.3091,94.1181,ROAD_DAMAGE,LOW,Field observation of road_damage event on Mao-Maram Highway,OPEN,1,1,FIELD_OFFICER
FR000956,V0304,2026-08-17 18:00:00,Mizoram,Aizawl,23.8384,92.8481,LANDSLIDE,MEDIUM,Field observation of landslide event on Silchar-Aizawl Hwy,PARTIAL,0,1,FIELD_OFFICER
FR000957,V0145,2026-08-17 19:12:00,Mizoram,Kolasib,24.2793,92.5831,HEAVY_RAIN,MEDIUM,Field observation of heavy_rain event on Vairengte-Kolasib Corridor,PARTIAL,1,0,BORDER_ROAD_CREW
FR000958,V0347,2026-08-17 20:24:00,Mizoram,Lunglei,22.9932,92.7205,ROCKFALL,CRITICAL,Field observation of rockfall event on Aizawl-Lunglei Road,BLOCKED,1,1,DRIVER
FR000959,V0156,2026-08-17 21:36:00,Tripura,West Tripura,23.7857,91.2987,LANDSLIDE,MEDIUM,Field observation of landslide event on Assam-Agartala National Hwy,PARTIAL,1,1,LOCAL_SCOUT
FR000960,V0130,2026-08-17 22:48:00,Tripura,Sipahijala,23.6087,91.2087,FLOOD,LOW,Field observation of flood event on Agartala-Udaipur Hwy,OPEN,1,1,FIELD_OFFICER
FR000961,V0375,2026-08-18 00:00:00,Tripura,Dhalai,23.9544,91.8032,ROAD_DAMAGE,LOW,Field observation of road_damage event on Ambassa Corridor,OPEN,1,0,DRIVER
FR000962,V0235,2026-08-18 01:12:00,Arunachal Pradesh,Tawang,27.5837,91.936,HEAVY_RAIN,HIGH,Field observation of heavy_rain event on Bhalukpong-Tawang Hwy,PARTIAL,1,1,DRIVER
FR000963,V0114,2026-08-18 02:24:00,Arunachal Pradesh,West Kameng,27.2024,92.3353,ROAD_DAMAGE,HIGH,Field observation of road_damage event on Trans-Arunachal Hwy,PARTIAL,0,1,BORDER_ROAD_CREW
FR000964,V0168,2026-08-18 03:36:00,Arunachal Pradesh,Papum Pare,27.215,93.5977,ROAD_DAMAGE,LOW,Field observation of road_damage event on Itanagar-Naharlagun Corridor,OPEN,0,1,LOCAL_SCOUT
FR000965,V0141,2026-08-18 04:48:00,Arunachal Pradesh,East Siang,28.0329,95.2895,LANDSLIDE,HIGH,Field observation of landslide event on Pasighat Corridor,PARTIAL,1,1,LOCAL_SCOUT
FR000966,V0274,2026-08-18 06:00:00,Arunachal Pradesh,Lower Subansiri,27.555,93.92,ACCIDENT,HIGH,Field observation of accident event on Ziro-Yachuli Road,PARTIAL,1,1,LOCAL_SCOUT
FR000967,V0307,2026-08-18 07:12:00,Assam,Kamrup Metropolitan,26.0799,91.8091,LANDSLIDE,HIGH,Field observation of landslide event on East-West Corridor,PARTIAL,0,1,DRIVER
FR000968,V0294,2026-08-18 08:24:00,Assam,Kamrup Rural,26.0555,91.453,ROAD_DAMAGE,CRITICAL,Field observation of road_damage event on Amingaon-Rangia Hwy,BLOCKED,0,1,FIELD_OFFICER
FR000969,V0157,2026-08-18 09:36:00,Assam,Darrang,26.3836,92.0678,HEAVY_RAIN,LOW,Field observation of heavy_rain event on North Bank Hwy,OPEN,1,1,FIELD_OFFICER
FR000970,V0197,2026-08-18 10:48:00,Assam,Sonitpur,26.7747,92.6492,ACCIDENT,CRITICAL,Field observation of accident event on Tezpur-Biswanath Hwy,BLOCKED,1,1,FIELD_OFFICER
FR000971,V0346,2026-08-18 12:00:00,Assam,Dibrugarh,27.4543,94.7645,ACCIDENT,CRITICAL,Field observation of accident event on Upper Assam Hwy,BLOCKED,1,1,BORDER_ROAD_CREW
FR000972,V0233,2026-08-18 13:12:00,Assam,Cachar,24.7859,92.7224,ROCKFALL,LOW,Field observation of rockfall event on Silchar-Badarpur Corridor,OPEN,1,1,FIELD_OFFICER
FR000973,V0368,2026-08-18 14:24:00,Assam,Nagaon,26.4043,92.5435,ROCKFALL,MEDIUM,Field observation of rockfall event on Kaziranga Bypass,PARTIAL,1,1,FIELD_OFFICER
FR000974,V0107,2026-08-18 15:36:00,Meghalaya,East Khasi Hills,25.4456,91.976,HEAVY_RAIN,LOW,Field observation of heavy_rain event on Shillong-Dawki Hwy,OPEN,0,1,FIELD_OFFICER
FR000975,V0447,2026-08-18 16:48:00,Meghalaya,West Khasi Hills,25.6287,91.185,ROAD_DAMAGE,HIGH,Field observation of road_damage event on Nongstoin Road,PARTIAL,1,1,DRIVER
FR000976,V0369,2026-08-18 18:00:00,Meghalaya,Ri-Bhoi,25.9804,91.8047,ROAD_DAMAGE,LOW,Field observation of road_damage event on Guwahati-Shillong Expressway,OPEN,1,0,BORDER_ROAD_CREW
FR000977,V0396,2026-08-18 19:12:00,Meghalaya,West Jaintia Hills,25.5984,92.1098,HEAVY_RAIN,CRITICAL,Field observation of heavy_rain event on Jowai Bypass,BLOCKED,0,1,DRIVER
FR000978,V0432,2026-08-18 20:24:00,Sikkim,East Sikkim,27.4835,88.5983,LANDSLIDE,CRITICAL,Field observation of landslide event on Sevoke-Gangtok Hwy,BLOCKED,1,1,FIELD_OFFICER
FR000979,V0411,2026-08-18 21:36:00,Sikkim,North Sikkim,27.3976,88.6185,FLOOD,HIGH,Field observation of flood event on Mangan-Chungthang Road,PARTIAL,1,1,LOCAL_SCOUT
FR000980,V0230,2026-08-18 22:48:00,Sikkim,South Sikkim,27.096,88.3916,FLOOD,HIGH,Field observation of flood event on Namchi-Jorethang Rd,PARTIAL,0,1,DRIVER
FR000981,V0447,2026-08-19 00:00:00,Nagaland,Kohima,25.7251,94.2506,FLOOD,CRITICAL,Field observation of flood event on Dimapur-Kohima Corridor,BLOCKED,1,1,FIELD_OFFICER
FR000982,V0333,2026-08-19 01:12:00,Nagaland,Dimapur,25.807,93.6603,LANDSLIDE,HIGH,Field observation of landslide event on Dimapur Gateway,PARTIAL,1,1,FIELD_OFFICER
FR000983,V0189,2026-08-19 02:24:00,Nagaland,Mokokchung,26.4657,94.5443,ACCIDENT,HIGH,Field observation of accident event on Mokokchung-Amguri Rd,PARTIAL,1,1,DRIVER
FR000984,V0362,2026-08-19 03:36:00,Manipur,Imphal West,24.7784,93.8136,ACCIDENT,LOW,Field observation of accident event on Imphal Ring Road,OPEN,1,1,DRIVER
FR000985,V0392,2026-08-19 04:48:00,Manipur,Bishnupur,24.5839,93.9054,ROAD_DAMAGE,HIGH,Field observation of road_damage event on Imphal-Churachandpur Hwy,PARTIAL,0,1,BORDER_ROAD_CREW
FR000986,V0363,2026-08-19 06:00:00,Manipur,Senapati,25.3034,94.0704,HEAVY_RAIN,MEDIUM,Field observation of heavy_rain event on Mao-Maram Highway,PARTIAL,1,1,LOCAL_SCOUT
FR000987,V0386,2026-08-19 07:12:00,Mizoram,Aizawl,23.6721,92.7351,ACCIDENT,HIGH,Field observation of accident event on Silchar-Aizawl Hwy,PARTIAL,1,1,FIELD_OFFICER
FR000988,V0365,2026-08-19 08:24:00,Mizoram,Kolasib,24.2016,92.5879,HEAVY_RAIN,LOW,Field observation of heavy_rain event on Vairengte-Kolasib Corridor,OPEN,1,1,LOCAL_SCOUT
FR000989,V0157,2026-08-19 09:36:00,Mizoram,Lunglei,22.8052,92.6018,FLOOD,CRITICAL,Field observation of flood event on Aizawl-Lunglei Road,BLOCKED,1,0,DRIVER
FR000990,V0259,2026-08-19 10:48:00,Tripura,West Tripura,23.8906,91.1937,ACCIDENT,LOW,Field observation of accident event on Assam-Agartala National Hwy,OPEN,1,0,DRIVER
FR000991,V0286,2026-08-19 12:00:00,Tripura,Sipahijala,23.6255,91.4223,HEAVY_RAIN,LOW,Field observation of heavy_rain event on Agartala-Udaipur Hwy,OPEN,1,1,LOCAL_SCOUT
FR000992,V0430,2026-08-19 13:12:00,Tripura,Dhalai,23.7207,91.7465,FLOOD,MEDIUM,Field observation of flood event on Ambassa Corridor,PARTIAL,1,1,FIELD_OFFICER
FR000993,V0137,2026-08-19 14:24:00,Arunachal Pradesh,Tawang,27.5723,91.9422,HEAVY_RAIN,LOW,Field observation of heavy_rain event on Bhalukpong-Tawang Hwy,OPEN,1,1,FIELD_OFFICER
FR000994,V0148,2026-08-19 15:36:00,Arunachal Pradesh,West Kameng,27.1201,92.5229,HEAVY_RAIN,LOW,Field observation of heavy_rain event on Trans-Arunachal Hwy,OPEN,1,1,FIELD_OFFICER
FR000995,V0271,2026-08-19 16:48:00,Arunachal Pradesh,Papum Pare,26.9694,93.7567,ACCIDENT,CRITICAL,Field observation of accident event on Itanagar-Naharlagun Corridor,BLOCKED,1,0,LOCAL_SCOUT
FR000996,V0307,2026-08-19 18:00:00,Arunachal Pradesh,East Siang,28.0653,95.3414,ACCIDENT,CRITICAL,Field observation of accident event on Pasighat Corridor,BLOCKED,0,1,LOCAL_SCOUT
FR000997,V0383,2026-08-19 19:12:00,Arunachal Pradesh,Lower Subansiri,27.4966,93.7089,ROCKFALL,LOW,Field observation of rockfall event on Ziro-Yachuli Road,OPEN,0,1,FIELD_OFFICER
FR000998,V0257,2026-08-19 20:24:00,Assam,Kamrup Metropolitan,26.0334,91.8482,FLOOD,LOW,Field observation of flood event on East-West Corridor,OPEN,1,1,LOCAL_SCOUT
FR000999,V0170,2026-08-19 21:36:00,Assam,Kamrup Rural,26.0445,91.6045,ROAD_DAMAGE,MEDIUM,Field observation of road_damage event on Amingaon-Rangia Hwy,PARTIAL,1,1,LOCAL_SCOUT
FR001000,V0176,2026-08-19 22:48:00,Assam,Darrang,26.5124,91.9578,LANDSLIDE,MEDIUM,Field observation of landslide event on North Bank Hwy,PARTIAL,1,1,LOCAL_SCOUT
FR001001,V0280,2026-08-20 00:00:00,Assam,Sonitpur,26.4877,92.9189,HEAVY_RAIN,HIGH,Field observation of heavy_rain event on Tezpur-Biswanath Hwy,PARTIAL,0,0,BORDER_ROAD_CREW
FR001002,V0185,2026-08-20 01:12:00,Assam,Dibrugarh,27.3468,95.0023,ACCIDENT,HIGH,Field observation of accident event on Upper Assam Hwy,PARTIAL,0,1,LOCAL_SCOUT
FR001003,V0181,2026-08-20 02:24:00,Assam,Cachar,24.9504,92.8755,ROAD_DAMAGE,HIGH,Field observation of road_damage event on Silchar-Badarpur Corridor,PARTIAL,1,1,BORDER_ROAD_CREW
FR001004,V0351,2026-08-20 03:36:00,Assam,Nagaon,26.2749,92.5462,HEAVY_RAIN,MEDIUM,Field observation of heavy_rain event on Kaziranga Bypass,PARTIAL,1,0,DRIVER
FR001005,V0429,2026-08-20 04:48:00,Meghalaya,East Khasi Hills,25.4936,91.8991,FLOOD,LOW,Field observation of flood event on Shillong-Dawki Hwy,OPEN,1,1,LOCAL_SCOUT
FR001006,V0389,2026-08-20 06:00:00,Meghalaya,West Khasi Hills,25.4168,91.2679,FLOOD,MEDIUM,Field observation of flood event on Nongstoin Road,PARTIAL,1,0,DRIVER
FR001007,V0131,2026-08-20 07:12:00,Meghalaya,Ri-Bhoi,25.9175,91.8974,ACCIDENT,HIGH,Field observation of accident event on Guwahati-Shillong Expressway,PARTIAL,0,1,LOCAL_SCOUT
FR001008,V0376,2026-08-20 08:24:00,Meghalaya,West Jaintia Hills,25.4074,92.1876,HEAVY_RAIN,LOW,Field observation of heavy_rain event on Jowai Bypass,OPEN,1,0,FIELD_OFFICER
FR001009,V0108,2026-08-20 09:36:00,Sikkim,East Sikkim,27.4266,88.6215,ROCKFALL,HIGH,Field observation of rockfall event on Sevoke-Gangtok Hwy,PARTIAL,0,1,LOCAL_SCOUT
FR001010,V0245,2026-08-20 10:48:00,Sikkim,North Sikkim,27.6495,88.5329,ROAD_DAMAGE,HIGH,Field observation of road_damage event on Mangan-Chungthang Road,PARTIAL,1,0,DRIVER
FR001011,V0113,2026-08-20 12:00:00,Sikkim,South Sikkim,27.3191,88.4535,FLOOD,CRITICAL,Field observation of flood event on Namchi-Jorethang Rd,BLOCKED,1,1,DRIVER
FR001012,V0327,2026-08-20 13:12:00,Nagaland,Kohima,25.7429,94.1411,FLOOD,MEDIUM,Field observation of flood event on Dimapur-Kohima Corridor,PARTIAL,0,1,FIELD_OFFICER
FR001013,V0310,2026-08-20 14:24:00,Nagaland,Dimapur,25.9219,93.8009,ROCKFALL,CRITICAL,Field observation of rockfall event on Dimapur Gateway,BLOCKED,1,1,FIELD_OFFICER
FR001014,V0294,2026-08-20 15:36:00,Nagaland,Mokokchung,26.2941,94.5879,FLOOD,LOW,Field observation of flood event on Mokokchung-Amguri Rd,OPEN,1,1,LOCAL_SCOUT
FR001015,V0179,2026-08-20 16:48:00,Manipur,Imphal West,24.965,93.8774,ROCKFALL,HIGH,Field observation of rockfall event on Imphal Ring Road,PARTIAL,1,1,FIELD_OFFICER
FR001016,V0287,2026-08-20 18:00:00,Manipur,Bishnupur,24.5769,93.846,FLOOD,LOW,Field observation of flood event on Imphal-Churachandpur Hwy,OPEN,1,0,FIELD_OFFICER
FR001017,V0395,2026-08-20 19:12:00,Manipur,Senapati,25.2761,94.0269,ROAD_DAMAGE,LOW,Field observation of road_damage event on Mao-Maram Highway,OPEN,0,1,DRIVER
FR001018,V0191,2026-08-20 20:24:00,Mizoram,Aizawl,23.7152,92.6144,ROAD_DAMAGE,LOW,Field observation of road_damage event on Silchar-Aizawl Hwy,OPEN,1,0,LOCAL_SCOUT
FR001019,V0129,2026-08-20 21:36:00,Mizoram,Kolasib,24.1399,92.7733,LANDSLIDE,LOW,Field observation of landslide event on Vairengte-Kolasib Corridor,OPEN,1,1,LOCAL_SCOUT
FR001020,V0436,2026-08-20 22:48:00,Mizoram,Lunglei,22.7952,92.6132,LANDSLIDE,MEDIUM,Field observation of landslide event on Aizawl-Lunglei Road,PARTIAL,1,0,DRIVER
FR001021,V0327,2026-08-21 00:00:00,Tripura,West Tripura,23.9292,91.3437,ACCIDENT,MEDIUM,Field observation of accident event on Assam-Agartala National Hwy,PARTIAL,1,1,LOCAL_SCOUT
FR001022,V0188,2026-08-21 01:12:00,Tripura,Sipahijala,23.6777,91.1732,ROCKFALL,HIGH,Field observation of rockfall event on Agartala-Udaipur Hwy,PARTIAL,1,1,FIELD_OFFICER
FR001023,V0352,2026-08-21 02:24:00,Tripura,Dhalai,23.7168,91.9313,ROAD_DAMAGE,CRITICAL,Field observation of road_damage event on Ambassa Corridor,BLOCKED,1,0,DRIVER
FR001024,V0390,2026-08-21 03:36:00,Arunachal Pradesh,Tawang,27.7152,91.7456,FLOOD,MEDIUM,Field observation of flood event on Bhalukpong-Tawang Hwy,PARTIAL,1,1,BORDER_ROAD_CREW
FR001025,V0146,2026-08-21 04:48:00,Arunachal Pradesh,West Kameng,27.2952,92.2693,HEAVY_RAIN,HIGH,Field observation of heavy_rain event on Trans-Arunachal Hwy,PARTIAL,0,1,LOCAL_SCOUT
FR001026,V0430,2026-08-21 06:00:00,Arunachal Pradesh,Papum Pare,27.1077,93.5624,LANDSLIDE,CRITICAL,Field observation of landslide event on Itanagar-Naharlagun Corridor,BLOCKED,0,1,DRIVER
FR001027,V0412,2026-08-21 07:12:00,Arunachal Pradesh,East Siang,27.9822,95.1912,ROAD_DAMAGE,HIGH,Field observation of road_damage event on Pasighat Corridor,PARTIAL,1,1,FIELD_OFFICER
FR001028,V0361,2026-08-21 08:24:00,Arunachal Pradesh,Lower Subansiri,27.6259,93.8526,ROAD_DAMAGE,LOW,Field observation of road_damage event on Ziro-Yachuli Road,OPEN,0,1,FIELD_OFFICER
FR001029,V0374,2026-08-21 09:36:00,Assam,Kamrup Metropolitan,26.1128,91.6259,ROCKFALL,HIGH,Field observation of rockfall event on East-West Corridor,PARTIAL,0,0,FIELD_OFFICER
FR001030,V0191,2026-08-21 10:48:00,Assam,Kamrup Rural,26.1994,91.4908,LANDSLIDE,CRITICAL,Field observation of landslide event on Amingaon-Rangia Hwy,BLOCKED,1,1,DRIVER
FR001031,V0309,2026-08-21 12:00:00,Assam,Darrang,26.3411,91.9215,ROCKFALL,HIGH,Field observation of rockfall event on North Bank Hwy,PARTIAL,1,1,FIELD_OFFICER
FR001032,V0192,2026-08-21 13:12:00,Assam,Sonitpur,26.6552,92.811,LANDSLIDE,LOW,Field observation of landslide event on Tezpur-Biswanath Hwy,OPEN,1,0,BORDER_ROAD_CREW
FR001033,V0132,2026-08-21 14:24:00,Assam,Dibrugarh,27.4027,94.891,LANDSLIDE,CRITICAL,Field observation of landslide event on Upper Assam Hwy,BLOCKED,0,1,BORDER_ROAD_CREW
FR001034,V0133,2026-08-21 15:36:00,Assam,Cachar,24.8848,92.756,FLOOD,CRITICAL,Field observation of flood event on Silchar-Badarpur Corridor,BLOCKED,1,1,FIELD_OFFICER
FR001035,V0179,2026-08-21 16:48:00,Assam,Nagaon,26.3918,92.7649,LANDSLIDE,HIGH,Field observation of landslide event on Kaziranga Bypass,PARTIAL,1,1,FIELD_OFFICER
FR001036,V0171,2026-08-21 18:00:00,Meghalaya,East Khasi Hills,25.7258,91.876,ACCIDENT,CRITICAL,Field observation of accident event on Shillong-Dawki Hwy,BLOCKED,1,1,DRIVER
FR001037,V0199,2026-08-21 19:12:00,Meghalaya,West Khasi Hills,25.43,91.3156,HEAVY_RAIN,LOW,Field observation of heavy_rain event on Nongstoin Road,OPEN,1,0,BORDER_ROAD_CREW
FR001038,V0209,2026-08-21 20:24:00,Meghalaya,Ri-Bhoi,25.7837,91.7464,HEAVY_RAIN,HIGH,Field observation of heavy_rain event on Guwahati-Shillong Expressway,PARTIAL,0,1,BORDER_ROAD_CREW
FR001039,V0234,2026-08-21 21:36:00,Meghalaya,West Jaintia Hills,25.546,92.0541,HEAVY_RAIN,LOW,Field observation of heavy_rain event on Jowai Bypass,OPEN,1,1,LOCAL_SCOUT
FR001040,V0175,2026-08-21 22:48:00,Sikkim,East Sikkim,27.3303,88.5561,ROAD_DAMAGE,HIGH,Field observation of road_damage event on Sevoke-Gangtok Hwy,PARTIAL,0,1,LOCAL_SCOUT
FR001041,V0388,2026-08-22 00:00:00,Sikkim,North Sikkim,27.507,88.4776,HEAVY_RAIN,MEDIUM,Field observation of heavy_rain event on Mangan-Chungthang Road,PARTIAL,1,1,BORDER_ROAD_CREW
FR001042,V0191,2026-08-22 01:12:00,Sikkim,South Sikkim,27.2285,88.4005,ACCIDENT,CRITICAL,Field observation of accident event on Namchi-Jorethang Rd,BLOCKED,1,1,DRIVER
FR001043,V0170,2026-08-22 02:24:00,Nagaland,Kohima,25.5381,94.0097,HEAVY_RAIN,LOW,Field observation of heavy_rain event on Dimapur-Kohima Corridor,OPEN,1,1,FIELD_OFFICER
FR001044,V0268,2026-08-22 03:36:00,Nagaland,Dimapur,25.8382,93.717,LANDSLIDE,LOW,Field observation of landslide event on Dimapur Gateway,OPEN,1,1,FIELD_OFFICER
FR001045,V0314,2026-08-22 04:48:00,Nagaland,Mokokchung,26.2564,94.6256,FLOOD,LOW,Field observation of flood event on Mokokchung-Amguri Rd,OPEN,1,1,LOCAL_SCOUT
FR001046,V0109,2026-08-22 06:00:00,Manipur,Imphal West,24.7547,94.0518,ACCIDENT,CRITICAL,Field observation of accident event on Imphal Ring Road,BLOCKED,1,0,FIELD_OFFICER
FR001047,V0260,2026-08-22 07:12:00,Manipur,Bishnupur,24.7754,93.6444,ROCKFALL,MEDIUM,Field observation of rockfall event on Imphal-Churachandpur Hwy,PARTIAL,1,1,DRIVER
FR001048,V0347,2026-08-22 08:24:00,Manipur,Senapati,25.1364,93.9197,FLOOD,CRITICAL,Field observation of flood event on Mao-Maram Highway,BLOCKED,1,1,BORDER_ROAD_CREW
FR001049,V0271,2026-08-22 09:36:00,Mizoram,Aizawl,23.589,92.8443,ACCIDENT,HIGH,Field observation of accident event on Silchar-Aizawl Hwy,PARTIAL,1,0,BORDER_ROAD_CREW
FR001050,V0230,2026-08-22 10:48:00,Mizoram,Kolasib,24.1171,92.634,LANDSLIDE,HIGH,Field observation of landslide event on Vairengte-Kolasib Corridor,PARTIAL,1,1,DRIVER
FR001051,V0437,2026-08-22 12:00:00,Mizoram,Lunglei,23.0288,92.8836,LANDSLIDE,LOW,Field observation of landslide event on Aizawl-Lunglei Road,OPEN,1,1,DRIVER
FR001052,V0394,2026-08-22 13:12:00,Tripura,West Tripura,23.9451,91.4039,HEAVY_RAIN,CRITICAL,Field observation of heavy_rain event on Assam-Agartala National Hwy,BLOCKED,0,0,DRIVER
FR001053,V0439,2026-08-22 14:24:00,Tripura,Sipahijala,23.7697,91.2297,ROCKFALL,LOW,Field observation of rockfall event on Agartala-Udaipur Hwy,OPEN,0,1,LOCAL_SCOUT
FR001054,V0380,2026-08-22 15:36:00,Tripura,Dhalai,23.7263,91.8147,ROAD_DAMAGE,MEDIUM,Field observation of road_damage event on Ambassa Corridor,PARTIAL,0,0,BORDER_ROAD_CREW
FR001055,V0112,2026-08-22 16:48:00,Arunachal Pradesh,Tawang,27.5043,91.7815,ACCIDENT,LOW,Field observation of accident event on Bhalukpong-Tawang Hwy,OPEN,0,1,BORDER_ROAD_CREW
FR001056,V0413,2026-08-22 18:00:00,Arunachal Pradesh,West Kameng,27.2961,92.4007,ACCIDENT,MEDIUM,Field observation of accident event on Trans-Arunachal Hwy,PARTIAL,0,1,FIELD_OFFICER
FR001057,V0282,2026-08-22 19:12:00,Arunachal Pradesh,Papum Pare,27.1128,93.7066,FLOOD,LOW,Field observation of flood event on Itanagar-Naharlagun Corridor,OPEN,0,1,LOCAL_SCOUT
FR001058,V0114,2026-08-22 20:24:00,Arunachal Pradesh,East Siang,28.1856,95.4489,FLOOD,CRITICAL,Field observation of flood event on Pasighat Corridor,BLOCKED,0,1,FIELD_OFFICER
FR001059,V0143,2026-08-22 21:36:00,Arunachal Pradesh,Lower Subansiri,27.4435,93.9599,ROCKFALL,HIGH,Field observation of rockfall event on Ziro-Yachuli Road,PARTIAL,0,1,DRIVER
FR001060,V0391,2026-08-22 22:48:00,Assam,Kamrup Metropolitan,26.1544,91.802,HEAVY_RAIN,HIGH,Field observation of heavy_rain event on East-West Corridor,PARTIAL,1,0,FIELD_OFFICER
FR001061,V0139,2026-08-23 00:00:00,Assam,Kamrup Rural,26.2531,91.6416,HEAVY_RAIN,MEDIUM,Field observation of heavy_rain event on Amingaon-Rangia Hwy,PARTIAL,1,0,LOCAL_SCOUT
FR001062,V0442,2026-08-23 01:12:00,Assam,Darrang,26.393,92.1047,LANDSLIDE,LOW,Field observation of landslide event on North Bank Hwy,OPEN,1,1,FIELD_OFFICER
FR001063,V0440,2026-08-23 02:24:00,Assam,Sonitpur,26.5659,92.8763,FLOOD,CRITICAL,Field observation of flood event on Tezpur-Biswanath Hwy,BLOCKED,1,1,BORDER_ROAD_CREW
FR001064,V0282,2026-08-23 03:36:00,Assam,Dibrugarh,27.6186,94.9471,HEAVY_RAIN,CRITICAL,Field observation of heavy_rain event on Upper Assam Hwy,BLOCKED,1,0,BORDER_ROAD_CREW
FR001065,V0306,2026-08-23 04:48:00,Assam,Cachar,24.753,92.8351,ACCIDENT,MEDIUM,Field observation of accident event on Silchar-Badarpur Corridor,PARTIAL,0,1,FIELD_OFFICER
FR001066,V0214,2026-08-23 06:00:00,Assam,Nagaon,26.2354,92.7878,ROCKFALL,LOW,Field observation of rockfall event on Kaziranga Bypass,OPEN,1,0,LOCAL_SCOUT
FR001067,V0362,2026-08-23 07:12:00,Meghalaya,East Khasi Hills,25.6844,91.8907,ROAD_DAMAGE,CRITICAL,Field observation of road_damage event on Shillong-Dawki Hwy,BLOCKED,0,1,FIELD_OFFICER
FR001068,V0164,2026-08-23 08:24:00,Meghalaya,West Khasi Hills,25.4826,91.4006,ACCIDENT,MEDIUM,Field observation of accident event on Nongstoin Road,PARTIAL,0,1,DRIVER
FR001069,V0140,2026-08-23 09:36:00,Meghalaya,Ri-Bhoi,25.9727,92.0265,LANDSLIDE,HIGH,Field observation of landslide event on Guwahati-Shillong Expressway,PARTIAL,1,1,BORDER_ROAD_CREW
FR001070,V0333,2026-08-23 10:48:00,Meghalaya,West Jaintia Hills,25.5864,92.1818,ACCIDENT,CRITICAL,Field observation of accident event on Jowai Bypass,BLOCKED,1,1,LOCAL_SCOUT
FR001071,V0408,2026-08-23 12:00:00,Sikkim,East Sikkim,27.3262,88.5305,ROCKFALL,CRITICAL,Field observation of rockfall event on Sevoke-Gangtok Hwy,BLOCKED,1,0,FIELD_OFFICER
FR001072,V0117,2026-08-23 13:12:00,Sikkim,North Sikkim,27.5973,88.6161,ROAD_DAMAGE,MEDIUM,Field observation of road_damage event on Mangan-Chungthang Road,PARTIAL,1,0,DRIVER
FR001073,V0138,2026-08-23 14:24:00,Sikkim,South Sikkim,27.1981,88.3576,ACCIDENT,LOW,Field observation of accident event on Namchi-Jorethang Rd,OPEN,0,1,DRIVER
FR001074,V0385,2026-08-23 15:36:00,Nagaland,Kohima,25.5579,94.0957,ACCIDENT,LOW,Field observation of accident event on Dimapur-Kohima Corridor,OPEN,1,1,LOCAL_SCOUT
FR001075,V0130,2026-08-23 16:48:00,Nagaland,Dimapur,25.9124,93.6962,FLOOD,CRITICAL,Field observation of flood event on Dimapur Gateway,BLOCKED,0,0,BORDER_ROAD_CREW
FR001076,V0163,2026-08-23 18:00:00,Nagaland,Mokokchung,26.4045,94.6588,ROAD_DAMAGE,MEDIUM,Field observation of road_damage event on Mokokchung-Amguri Rd,PARTIAL,1,1,FIELD_OFFICER
FR001077,V0351,2026-08-23 19:12:00,Manipur,Imphal West,24.7584,94.0351,FLOOD,CRITICAL,Field observation of flood event on Imphal Ring Road,BLOCKED,1,1,LOCAL_SCOUT
FR001078,V0396,2026-08-23 20:24:00,Manipur,Bishnupur,24.7581,93.8215,FLOOD,CRITICAL,Field observation of flood event on Imphal-Churachandpur Hwy,BLOCKED,1,1,LOCAL_SCOUT
FR001079,V0118,2026-08-23 21:36:00,Manipur,Senapati,25.2455,94.0768,HEAVY_RAIN,CRITICAL,Field observation of heavy_rain event on Mao-Maram Highway,BLOCKED,1,0,BORDER_ROAD_CREW
FR001080,V0375,2026-08-23 22:48:00,Mizoram,Aizawl,23.8454,92.7315,ROCKFALL,MEDIUM,Field observation of rockfall event on Silchar-Aizawl Hwy,PARTIAL,0,1,FIELD_OFFICER
FR001081,V0258,2026-08-24 00:00:00,Mizoram,Kolasib,24.1237,92.7071,LANDSLIDE,CRITICAL,Field observation of landslide event on Vairengte-Kolasib Corridor,BLOCKED,1,1,FIELD_OFFICER
FR001082,V0306,2026-08-24 01:12:00,Mizoram,Lunglei,22.7571,92.6872,FLOOD,LOW,Field observation of flood event on Aizawl-Lunglei Road,OPEN,0,1,FIELD_OFFICER
FR001083,V0139,2026-08-24 02:24:00,Tripura,West Tripura,23.897,91.1739,ROCKFALL,LOW,Field observation of rockfall event on Assam-Agartala National Hwy,OPEN,1,1,DRIVER
FR001084,V0422,2026-08-24 03:36:00,Tripura,Sipahijala,23.5106,91.3742,FLOOD,LOW,Field observation of flood event on Agartala-Udaipur Hwy,OPEN,1,1,FIELD_OFFICER
FR001085,V0384,2026-08-24 04:48:00,Tripura,Dhalai,23.9849,91.8136,ROCKFALL,MEDIUM,Field observation of rockfall event on Ambassa Corridor,PARTIAL,1,1,DRIVER
FR001086,V0313,2026-08-24 06:00:00,Arunachal Pradesh,Tawang,27.5367,91.9708,ROCKFALL,HIGH,Field observation of rockfall event on Bhalukpong-Tawang Hwy,PARTIAL,1,1,BORDER_ROAD_CREW
FR001087,V0416,2026-08-24 07:12:00,Arunachal Pradesh,West Kameng,27.1682,92.4795,ACCIDENT,HIGH,Field observation of accident event on Trans-Arunachal Hwy,PARTIAL,1,1,LOCAL_SCOUT
FR001088,V0280,2026-08-24 08:24:00,Arunachal Pradesh,Papum Pare,27.2387,93.5532,ROCKFALL,HIGH,Field observation of rockfall event on Itanagar-Naharlagun Corridor,PARTIAL,1,1,DRIVER
FR001089,V0380,2026-08-24 09:36:00,Arunachal Pradesh,East Siang,27.9769,95.3628,HEAVY_RAIN,LOW,Field observation of heavy_rain event on Pasighat Corridor,OPEN,0,1,BORDER_ROAD_CREW
FR001090,V0367,2026-08-24 10:48:00,Arunachal Pradesh,Lower Subansiri,27.5496,93.9222,ROCKFALL,HIGH,Field observation of rockfall event on Ziro-Yachuli Road,PARTIAL,1,1,LOCAL_SCOUT
FR001091,V0192,2026-08-24 12:00:00,Assam,Kamrup Metropolitan,26.1712,91.7289,LANDSLIDE,MEDIUM,Field observation of landslide event on East-West Corridor,PARTIAL,1,0,DRIVER
FR001092,V0372,2026-08-24 13:12:00,Assam,Kamrup Rural,26.037,91.6767,ROAD_DAMAGE,LOW,Field observation of road_damage event on Amingaon-Rangia Hwy,OPEN,0,0,DRIVER
FR001093,V0266,2026-08-24 14:24:00,Assam,Darrang,26.5496,91.8957,HEAVY_RAIN,HIGH,Field observation of heavy_rain event on North Bank Hwy,PARTIAL,1,0,LOCAL_SCOUT
FR001094,V0409,2026-08-24 15:36:00,Assam,Sonitpur,26.5274,92.6523,ROAD_DAMAGE,LOW,Field observation of road_damage event on Tezpur-Biswanath Hwy,OPEN,0,0,DRIVER
FR001095,V0179,2026-08-24 16:48:00,Assam,Dibrugarh,27.5989,94.7767,FLOOD,HIGH,Field observation of flood event on Upper Assam Hwy,PARTIAL,0,1,BORDER_ROAD_CREW
FR001096,V0164,2026-08-24 18:00:00,Assam,Cachar,24.7686,92.8272,LANDSLIDE,HIGH,Field observation of landslide event on Silchar-Badarpur Corridor,PARTIAL,0,1,BORDER_ROAD_CREW
FR001097,V0232,2026-08-24 19:12:00,Assam,Nagaon,26.2484,92.6706,ACCIDENT,LOW,Field observation of accident event on Kaziranga Bypass,OPEN,1,0,BORDER_ROAD_CREW
FR001098,V0218,2026-08-24 20:24:00,Meghalaya,East Khasi Hills,25.6594,91.8401,HEAVY_RAIN,HIGH,Field observation of heavy_rain event on Shillong-Dawki Hwy,PARTIAL,1,1,FIELD_OFFICER
FR001099,V0402,2026-08-24 21:36:00,Meghalaya,West Khasi Hills,25.4882,91.2751,LANDSLIDE,HIGH,Field observation of landslide event on Nongstoin Road,PARTIAL,1,1,FIELD_OFFICER
FR001100,V0214,2026-08-24 22:48:00,Meghalaya,Ri-Bhoi,26.0078,91.8288,ROCKFALL,CRITICAL,Field observation of rockfall event on Guwahati-Shillong Expressway,BLOCKED,0,1,BORDER_ROAD_CREW
FR001101,V0200,2026-08-25 00:00:00,Meghalaya,West Jaintia Hills,25.4836,92.0828,ROAD_DAMAGE,CRITICAL,Field observation of road_damage event on Jowai Bypass,BLOCKED,1,1,BORDER_ROAD_CREW
FR001102,V0134,2026-08-25 01:12:00,Sikkim,East Sikkim,27.2152,88.6737,ROCKFALL,CRITICAL,Field observation of rockfall event on Sevoke-Gangtok Hwy,BLOCKED,0,0,DRIVER
FR001103,V0423,2026-08-25 02:24:00,Sikkim,North Sikkim,27.4362,88.5827,ROAD_DAMAGE,MEDIUM,Field observation of road_damage event on Mangan-Chungthang Road,PARTIAL,1,1,LOCAL_SCOUT
FR001104,V0324,2026-08-25 03:36:00,Sikkim,South Sikkim,27.207,88.4781,HEAVY_RAIN,CRITICAL,Field observation of heavy_rain event on Namchi-Jorethang Rd,BLOCKED,1,1,LOCAL_SCOUT
FR001105,V0167,2026-08-25 04:48:00,Nagaland,Kohima,25.7147,94.1064,ROAD_DAMAGE,MEDIUM,Field observation of road_damage event on Dimapur-Kohima Corridor,PARTIAL,1,0,FIELD_OFFICER
FR001106,V0381,2026-08-25 06:00:00,Nagaland,Dimapur,25.8439,93.6356,ROCKFALL,LOW,Field observation of rockfall event on Dimapur Gateway,OPEN,1,1,BORDER_ROAD_CREW
FR001107,V0187,2026-08-25 07:12:00,Nagaland,Mokokchung,26.2104,94.6244,FLOOD,CRITICAL,Field observation of flood event on Mokokchung-Amguri Rd,BLOCKED,1,1,DRIVER
FR001108,V0450,2026-08-25 08:24:00,Manipur,Imphal West,24.6806,93.8917,HEAVY_RAIN,MEDIUM,Field observation of heavy_rain event on Imphal Ring Road,PARTIAL,0,1,LOCAL_SCOUT
FR001109,V0179,2026-08-25 09:36:00,Manipur,Bishnupur,24.5428,93.699,ACCIDENT,HIGH,Field observation of accident event on Imphal-Churachandpur Hwy,PARTIAL,1,1,DRIVER
FR001110,V0135,2026-08-25 10:48:00,Manipur,Senapati,25.275,94.0901,ROAD_DAMAGE,CRITICAL,Field observation of road_damage event on Mao-Maram Highway,BLOCKED,1,1,BORDER_ROAD_CREW
FR001111,V0175,2026-08-25 12:00:00,Mizoram,Aizawl,23.7944,92.7524,HEAVY_RAIN,MEDIUM,Field observation of heavy_rain event on Silchar-Aizawl Hwy,PARTIAL,0,1,FIELD_OFFICER
FR001112,V0173,2026-08-25 13:12:00,Mizoram,Kolasib,24.3201,92.8067,ROCKFALL,CRITICAL,Field observation of rockfall event on Vairengte-Kolasib Corridor,BLOCKED,0,1,DRIVER
FR001113,V0258,2026-08-25 14:24:00,Mizoram,Lunglei,22.9237,92.7344,ROAD_DAMAGE,HIGH,Field observation of road_damage event on Aizawl-Lunglei Road,PARTIAL,1,1,LOCAL_SCOUT
FR001114,V0413,2026-08-25 15:36:00,Tripura,West Tripura,23.9503,91.2755,ROAD_DAMAGE,LOW,Field observation of road_damage event on Assam-Agartala National Hwy,OPEN,0,1,FIELD_OFFICER
FR001115,V0442,2026-08-25 16:48:00,Tripura,Sipahijala,23.7355,91.2518,ACCIDENT,LOW,Field observation of accident event on Agartala-Udaipur Hwy,OPEN,1,0,FIELD_OFFICER
FR001116,V0153,2026-08-25 18:00:00,Tripura,Dhalai,23.7056,91.8732,HEAVY_RAIN,LOW,Field observation of heavy_rain event on Ambassa Corridor,OPEN,1,1,DRIVER
FR001117,V0444,2026-08-25 19:12:00,Arunachal Pradesh,Tawang,27.5422,92.0003,LANDSLIDE,MEDIUM,Field observation of landslide event on Bhalukpong-Tawang Hwy,PARTIAL,1,1,BORDER_ROAD_CREW
FR001118,V0107,2026-08-25 20:24:00,Arunachal Pradesh,West Kameng,27.2271,92.4262,ACCIDENT,MEDIUM,Field observation of accident event on Trans-Arunachal Hwy,PARTIAL,1,1,FIELD_OFFICER
FR001119,V0226,2026-08-25 21:36:00,Arunachal Pradesh,Papum Pare,27.129,93.726,ACCIDENT,HIGH,Field observation of accident event on Itanagar-Naharlagun Corridor,PARTIAL,1,1,DRIVER
FR001120,V0330,2026-08-25 22:48:00,Arunachal Pradesh,East Siang,28.129,95.2574,FLOOD,LOW,Field observation of flood event on Pasighat Corridor,OPEN,0,1,DRIVER
FR001121,V0253,2026-08-26 00:00:00,Arunachal Pradesh,Lower Subansiri,27.5356,93.9652,ROAD_DAMAGE,HIGH,Field observation of road_damage event on Ziro-Yachuli Road,PARTIAL,1,0,FIELD_OFFICER
FR001122,V0435,2026-08-26 01:12:00,Assam,Kamrup Metropolitan,26.1068,91.5974,ROAD_DAMAGE,CRITICAL,Field observation of road_damage event on East-West Corridor,BLOCKED,1,1,DRIVER
FR001123,V0185,2026-08-26 02:24:00,Assam,Kamrup Rural,26.0425,91.5568,ROAD_DAMAGE,MEDIUM,Field observation of road_damage event on Amingaon-Rangia Hwy,PARTIAL,1,1,LOCAL_SCOUT
FR001124,V0396,2026-08-26 03:36:00,Assam,Darrang,26.447,92.1432,ROCKFALL,LOW,Field observation of rockfall event on North Bank Hwy,OPEN,0,1,FIELD_OFFICER
FR001125,V0104,2026-08-26 04:48:00,Assam,Sonitpur,26.7453,92.8892,ACCIDENT,CRITICAL,Field observation of accident event on Tezpur-Biswanath Hwy,BLOCKED,0,1,BORDER_ROAD_CREW
FR001126,V0410,2026-08-26 06:00:00,Assam,Dibrugarh,27.3844,94.773,HEAVY_RAIN,HIGH,Field observation of heavy_rain event on Upper Assam Hwy,PARTIAL,1,1,LOCAL_SCOUT
FR001127,V0153,2026-08-26 07:12:00,Assam,Cachar,24.6845,92.9086,FLOOD,CRITICAL,Field observation of flood event on Silchar-Badarpur Corridor,BLOCKED,1,0,LOCAL_SCOUT
FR001128,V0304,2026-08-26 08:24:00,Assam,Nagaon,26.2952,92.8008,ACCIDENT,LOW,Field observation of accident event on Kaziranga Bypass,OPEN,1,1,LOCAL_SCOUT
FR001129,V0160,2026-08-26 09:36:00,Meghalaya,East Khasi Hills,25.5225,91.9166,ROCKFALL,HIGH,Field observation of rockfall event on Shillong-Dawki Hwy,PARTIAL,1,1,LOCAL_SCOUT
FR001130,V0403,2026-08-26 10:48:00,Meghalaya,West Khasi Hills,25.4202,91.196,ROAD_DAMAGE,MEDIUM,Field observation of road_damage event on Nongstoin Road,PARTIAL,1,1,BORDER_ROAD_CREW
FR001131,V0412,2026-08-26 12:00:00,Meghalaya,Ri-Bhoi,25.7853,91.7748,HEAVY_RAIN,CRITICAL,Field observation of heavy_rain event on Guwahati-Shillong Expressway,BLOCKED,1,1,LOCAL_SCOUT
FR001132,V0191,2026-08-26 13:12:00,Meghalaya,West Jaintia Hills,25.4679,92.0807,LANDSLIDE,LOW,Field observation of landslide event on Jowai Bypass,OPEN,0,1,FIELD_OFFICER
FR001133,V0157,2026-08-26 14:24:00,Sikkim,East Sikkim,27.2314,88.6678,LANDSLIDE,LOW,Field observation of landslide event on Sevoke-Gangtok Hwy,OPEN,0,0,BORDER_ROAD_CREW
FR001134,V0105,2026-08-26 15:36:00,Sikkim,North Sikkim,27.4434,88.6677,ROAD_DAMAGE,MEDIUM,Field observation of road_damage event on Mangan-Chungthang Road,PARTIAL,1,1,DRIVER
FR001135,V0202,2026-08-26 16:48:00,Sikkim,South Sikkim,27.1612,88.4026,HEAVY_RAIN,LOW,Field observation of heavy_rain event on Namchi-Jorethang Rd,OPEN,1,1,LOCAL_SCOUT
FR001136,V0248,2026-08-26 18:00:00,Nagaland,Kohima,25.6427,94.17,ROCKFALL,CRITICAL,Field observation of rockfall event on Dimapur-Kohima Corridor,BLOCKED,1,1,LOCAL_SCOUT
FR001137,V0253,2026-08-26 19:12:00,Nagaland,Dimapur,25.9666,93.7624,ROAD_DAMAGE,HIGH,Field observation of road_damage event on Dimapur Gateway,PARTIAL,1,0,LOCAL_SCOUT
FR001138,V0245,2026-08-26 20:24:00,Nagaland,Mokokchung,26.4025,94.6128,ROAD_DAMAGE,CRITICAL,Field observation of road_damage event on Mokokchung-Amguri Rd,BLOCKED,1,0,LOCAL_SCOUT
FR001139,V0200,2026-08-26 21:36:00,Manipur,Imphal West,24.8067,93.8263,LANDSLIDE,CRITICAL,Field observation of landslide event on Imphal Ring Road,BLOCKED,1,1,DRIVER
FR001140,V0183,2026-08-26 22:48:00,Manipur,Bishnupur,24.5116,93.7076,ROCKFALL,HIGH,Field observation of rockfall event on Imphal-Churachandpur Hwy,PARTIAL,1,1,DRIVER
FR001141,V0422,2026-08-27 00:00:00,Manipur,Senapati,25.1795,93.9271,HEAVY_RAIN,LOW,Field observation of heavy_rain event on Mao-Maram Highway,OPEN,1,1,BORDER_ROAD_CREW
FR001142,V0145,2026-08-27 01:12:00,Mizoram,Aizawl,23.6861,92.6226,FLOOD,CRITICAL,Field observation of flood event on Silchar-Aizawl Hwy,BLOCKED,1,1,BORDER_ROAD_CREW
FR001143,V0251,2026-08-27 02:24:00,Mizoram,Kolasib,24.3347,92.666,HEAVY_RAIN,MEDIUM,Field observation of heavy_rain event on Vairengte-Kolasib Corridor,PARTIAL,1,1,FIELD_OFFICER
FR001144,V0449,2026-08-27 03:36:00,Mizoram,Lunglei,22.8736,92.8437,ACCIDENT,LOW,Field observation of accident event on Aizawl-Lunglei Road,OPEN,1,0,FIELD_OFFICER
FR001145,V0194,2026-08-27 04:48:00,Tripura,West Tripura,23.7197,91.1677,ROCKFALL,CRITICAL,Field observation of rockfall event on Assam-Agartala National Hwy,BLOCKED,0,1,DRIVER
FR001146,V0446,2026-08-27 06:00:00,Tripura,Sipahijala,23.6518,91.1833,FLOOD,LOW,Field observation of flood event on Agartala-Udaipur Hwy,OPEN,1,0,DRIVER
FR001147,V0203,2026-08-27 07:12:00,Tripura,Dhalai,23.824,91.8863,FLOOD,HIGH,Field observation of flood event on Ambassa Corridor,PARTIAL,1,0,FIELD_OFFICER
FR001148,V0397,2026-08-27 08:24:00,Arunachal Pradesh,Tawang,27.4559,91.7719,ACCIDENT,CRITICAL,Field observation of accident event on Bhalukpong-Tawang Hwy,BLOCKED,1,1,DRIVER
FR001149,V0438,2026-08-27 09:36:00,Arunachal Pradesh,West Kameng,27.2451,92.5021,LANDSLIDE,MEDIUM,Field observation of landslide event on Trans-Arunachal Hwy,PARTIAL,0,0,DRIVER
FR001150,V0393,2026-08-27 10:48:00,Arunachal Pradesh,Papum Pare,27.1513,93.6884,HEAVY_RAIN,CRITICAL,Field observation of heavy_rain event on Itanagar-Naharlagun Corridor,BLOCKED,1,0,FIELD_OFFICER
FR001151,V0132,2026-08-27 12:00:00,Arunachal Pradesh,East Siang,28.0936,95.3149,ACCIDENT,HIGH,Field observation of accident event on Pasighat Corridor,PARTIAL,1,1,DRIVER
FR001152,V0287,2026-08-27 13:12:00,Arunachal Pradesh,Lower Subansiri,27.4924,93.8017,ROCKFALL,HIGH,Field observation of rockfall event on Ziro-Yachuli Road,PARTIAL,0,0,FIELD_OFFICER
FR001153,V0252,2026-08-27 14:24:00,Assam,Kamrup Metropolitan,26.2259,91.6999,ROCKFALL,MEDIUM,Field observation of rockfall event on East-West Corridor,PARTIAL,1,1,DRIVER
FR001154,V0170,2026-08-27 15:36:00,Assam,Kamrup Rural,26.1003,91.4537,LANDSLIDE,HIGH,Field observation of landslide event on Amingaon-Rangia Hwy,PARTIAL,1,1,FIELD_OFFICER
FR001155,V0261,2026-08-27 16:48:00,Assam,Darrang,26.3021,91.925,ROAD_DAMAGE,CRITICAL,Field observation of road_damage event on North Bank Hwy,BLOCKED,1,1,BORDER_ROAD_CREW
FR001156,V0175,2026-08-27 18:00:00,Assam,Sonitpur,26.6685,92.7767,HEAVY_RAIN,LOW,Field observation of heavy_rain event on Tezpur-Biswanath Hwy,OPEN,0,0,FIELD_OFFICER
FR001157,V0373,2026-08-27 19:12:00,Assam,Dibrugarh,27.4939,95.036,ACCIDENT,CRITICAL,Field observation of accident event on Upper Assam Hwy,BLOCKED,1,0,LOCAL_SCOUT
FR001158,V0201,2026-08-27 20:24:00,Assam,Cachar,24.8986,92.9034,ACCIDENT,HIGH,Field observation of accident event on Silchar-Badarpur Corridor,PARTIAL,1,1,BORDER_ROAD_CREW
FR001159,V0395,2026-08-27 21:36:00,Assam,Nagaon,26.3483,92.7883,HEAVY_RAIN,MEDIUM,Field observation of heavy_rain event on Kaziranga Bypass,PARTIAL,0,1,DRIVER
FR001160,V0344,2026-08-27 22:48:00,Meghalaya,East Khasi Hills,25.5935,91.7592,ACCIDENT,CRITICAL,Field observation of accident event on Shillong-Dawki Hwy,BLOCKED,1,0,BORDER_ROAD_CREW
FR001161,V0103,2026-08-28 00:00:00,Meghalaya,West Khasi Hills,25.3929,91.1947,ACCIDENT,HIGH,Field observation of accident event on Nongstoin Road,PARTIAL,1,1,LOCAL_SCOUT
FR001162,V0146,2026-08-28 01:12:00,Meghalaya,Ri-Bhoi,25.8683,91.8254,LANDSLIDE,HIGH,Field observation of landslide event on Guwahati-Shillong Expressway,PARTIAL,1,1,BORDER_ROAD_CREW
FR001163,V0385,2026-08-28 02:24:00,Meghalaya,West Jaintia Hills,25.3634,92.102,ACCIDENT,HIGH,Field observation of accident event on Jowai Bypass,PARTIAL,1,1,LOCAL_SCOUT
FR001164,V0266,2026-08-28 03:36:00,Sikkim,East Sikkim,27.4662,88.7085,LANDSLIDE,CRITICAL,Field observation of landslide event on Sevoke-Gangtok Hwy,BLOCKED,0,1,DRIVER
FR001165,V0370,2026-08-28 04:48:00,Sikkim,North Sikkim,27.3877,88.4035,FLOOD,LOW,Field observation of flood event on Mangan-Chungthang Road,OPEN,1,1,LOCAL_SCOUT
FR001166,V0391,2026-08-28 06:00:00,Sikkim,South Sikkim,27.166,88.331,ROAD_DAMAGE,MEDIUM,Field observation of road_damage event on Namchi-Jorethang Rd,PARTIAL,1,1,DRIVER
FR001167,V0256,2026-08-28 07:12:00,Nagaland,Kohima,25.6499,94.0954,ROAD_DAMAGE,MEDIUM,Field observation of road_damage event on Dimapur-Kohima Corridor,PARTIAL,1,1,DRIVER
FR001168,V0317,2026-08-28 08:24:00,Nagaland,Dimapur,25.9438,93.7138,ROAD_DAMAGE,LOW,Field observation of road_damage event on Dimapur Gateway,OPEN,0,0,DRIVER
FR001169,V0382,2026-08-28 09:36:00,Nagaland,Mokokchung,26.2816,94.4257,FLOOD,HIGH,Field observation of flood event on Mokokchung-Amguri Rd,PARTIAL,0,0,LOCAL_SCOUT
FR001170,V0444,2026-08-28 10:48:00,Manipur,Imphal West,24.8863,94.0004,HEAVY_RAIN,MEDIUM,Field observation of heavy_rain event on Imphal Ring Road,PARTIAL,1,1,FIELD_OFFICER
FR001171,V0246,2026-08-28 12:00:00,Manipur,Bishnupur,24.5925,93.908,ACCIDENT,MEDIUM,Field observation of accident event on Imphal-Churachandpur Hwy,PARTIAL,0,0,DRIVER
FR001172,V0246,2026-08-28 13:12:00,Manipur,Senapati,25.2841,94.1485,LANDSLIDE,CRITICAL,Field observation of landslide event on Mao-Maram Highway,BLOCKED,0,0,FIELD_OFFICER
FR001173,V0306,2026-08-28 14:24:00,Mizoram,Aizawl,23.8722,92.8627,HEAVY_RAIN,CRITICAL,Field observation of heavy_rain event on Silchar-Aizawl Hwy,BLOCKED,1,1,LOCAL_SCOUT
FR001174,V0255,2026-08-28 15:36:00,Mizoram,Kolasib,24.227,92.713,ACCIDENT,CRITICAL,Field observation of accident event on Vairengte-Kolasib Corridor,BLOCKED,1,1,FIELD_OFFICER
FR001175,V0350,2026-08-28 16:48:00,Mizoram,Lunglei,23.0181,92.6134,ROCKFALL,HIGH,Field observation of rockfall event on Aizawl-Lunglei Road,PARTIAL,0,1,DRIVER
FR001176,V0416,2026-08-28 18:00:00,Tripura,West Tripura,23.8654,91.4079,LANDSLIDE,CRITICAL,Field observation of landslide event on Assam-Agartala National Hwy,BLOCKED,1,1,FIELD_OFFICER
FR001177,V0162,2026-08-28 19:12:00,Tripura,Sipahijala,23.6388,91.3028,FLOOD,HIGH,Field observation of flood event on Agartala-Udaipur Hwy,PARTIAL,1,1,DRIVER
FR001178,V0175,2026-08-28 20:24:00,Tripura,Dhalai,23.9933,91.7884,ACCIDENT,LOW,Field observation of accident event on Ambassa Corridor,OPEN,1,1,BORDER_ROAD_CREW
FR001179,V0209,2026-08-28 21:36:00,Arunachal Pradesh,Tawang,27.6609,91.9275,FLOOD,CRITICAL,Field observation of flood event on Bhalukpong-Tawang Hwy,BLOCKED,0,1,FIELD_OFFICER
FR001180,V0193,2026-08-28 22:48:00,Arunachal Pradesh,West Kameng,27.2879,92.4378,ROCKFALL,LOW,Field observation of rockfall event on Trans-Arunachal Hwy,OPEN,0,1,FIELD_OFFICER
FR001181,V0332,2026-08-29 00:00:00,Arunachal Pradesh,Papum Pare,27.1377,93.5526,FLOOD,MEDIUM,Field observation of flood event on Itanagar-Naharlagun Corridor,PARTIAL,1,1,LOCAL_SCOUT
FR001182,V0340,2026-08-29 01:12:00,Arunachal Pradesh,East Siang,28.1511,95.2516,ROAD_DAMAGE,CRITICAL,Field observation of road_damage event on Pasighat Corridor,BLOCKED,1,1,FIELD_OFFICER
FR001183,V0257,2026-08-29 02:24:00,Arunachal Pradesh,Lower Subansiri,27.4043,93.7135,HEAVY_RAIN,CRITICAL,Field observation of heavy_rain event on Ziro-Yachuli Road,BLOCKED,0,1,LOCAL_SCOUT
FR001184,V0200,2026-08-29 03:36:00,Assam,Kamrup Metropolitan,26.1922,91.6971,HEAVY_RAIN,CRITICAL,Field observation of heavy_rain event on East-West Corridor,BLOCKED,1,0,BORDER_ROAD_CREW
FR001185,V0351,2026-08-29 04:48:00,Assam,Kamrup Rural,26.1805,91.6518,ROAD_DAMAGE,HIGH,Field observation of road_damage event on Amingaon-Rangia Hwy,PARTIAL,0,0,DRIVER
FR001186,V0239,2026-08-29 06:00:00,Assam,Darrang,26.5922,92.0597,ACCIDENT,MEDIUM,Field observation of accident event on North Bank Hwy,PARTIAL,1,0,BORDER_ROAD_CREW
FR001187,V0183,2026-08-29 07:12:00,Assam,Sonitpur,26.7819,92.8737,ROAD_DAMAGE,LOW,Field observation of road_damage event on Tezpur-Biswanath Hwy,OPEN,1,1,DRIVER
FR001188,V0254,2026-08-29 08:24:00,Assam,Dibrugarh,27.373,94.9353,ROAD_DAMAGE,CRITICAL,Field observation of road_damage event on Upper Assam Hwy,BLOCKED,0,1,BORDER_ROAD_CREW
FR001189,V0403,2026-08-29 09:36:00,Assam,Cachar,24.9099,92.6637,HEAVY_RAIN,LOW,Field observation of heavy_rain event on Silchar-Badarpur Corridor,OPEN,0,1,FIELD_OFFICER
FR001190,V0386,2026-08-29 10:48:00,Assam,Nagaon,26.3381,92.8185,LANDSLIDE,MEDIUM,Field observation of landslide event on Kaziranga Bypass,PARTIAL,1,0,FIELD_OFFICER
FR001191,V0430,2026-08-29 12:00:00,Meghalaya,East Khasi Hills,25.6405,91.8857,FLOOD,MEDIUM,Field observation of flood event on Shillong-Dawki Hwy,PARTIAL,1,1,LOCAL_SCOUT
FR001192,V0257,2026-08-29 13:12:00,Meghalaya,West Khasi Hills,25.4466,91.3492,ACCIDENT,LOW,Field observation of accident event on Nongstoin Road,OPEN,1,1,LOCAL_SCOUT
FR001193,V0198,2026-08-29 14:24:00,Meghalaya,Ri-Bhoi,25.9549,91.7423,ACCIDENT,LOW,Field observation of accident event on Guwahati-Shillong Expressway,OPEN,0,1,LOCAL_SCOUT
FR001194,V0227,2026-08-29 15:36:00,Meghalaya,West Jaintia Hills,25.5533,92.2331,HEAVY_RAIN,LOW,Field observation of heavy_rain event on Jowai Bypass,OPEN,0,1,LOCAL_SCOUT
FR001195,V0184,2026-08-29 16:48:00,Sikkim,East Sikkim,27.269,88.486,ACCIDENT,HIGH,Field observation of accident event on Sevoke-Gangtok Hwy,PARTIAL,0,1,BORDER_ROAD_CREW
FR001196,V0199,2026-08-29 18:00:00,Sikkim,North Sikkim,27.5526,88.4725,FLOOD,CRITICAL,Field observation of flood event on Mangan-Chungthang Road,BLOCKED,0,1,FIELD_OFFICER
FR001197,V0346,2026-08-29 19:12:00,Sikkim,South Sikkim,27.1212,88.4071,FLOOD,LOW,Field observation of flood event on Namchi-Jorethang Rd,OPEN,0,1,DRIVER
FR001198,V0335,2026-08-29 20:24:00,Nagaland,Kohima,25.5276,93.979,ROAD_DAMAGE,HIGH,Field observation of road_damage event on Dimapur-Kohima Corridor,PARTIAL,0,1,LOCAL_SCOUT
FR001199,V0133,2026-08-29 21:36:00,Nagaland,Dimapur,25.8906,93.6433,HEAVY_RAIN,HIGH,Field observation of heavy_rain event on Dimapur Gateway,PARTIAL,1,1,FIELD_OFFICER
FR001200,V0390,2026-08-29 22:48:00,Nagaland,Mokokchung,26.3608,94.3871,HEAVY_RAIN,CRITICAL,Field observation of heavy_rain event on Mokokchung-Amguri Rd,BLOCKED,1,1,FIELD_OFFICER
FR001201,V0363,2026-08-30 00:00:00,Manipur,Imphal West,24.9521,93.9782,FLOOD,CRITICAL,Field observation of flood event on Imphal Ring Road,BLOCKED,0,1,LOCAL_SCOUT
FR001202,V0156,2026-08-30 01:12:00,Manipur,Bishnupur,24.6638,93.7273,HEAVY_RAIN,LOW,Field observation of heavy_rain event on Imphal-Churachandpur Hwy,OPEN,1,0,LOCAL_SCOUT
FR001203,V0378,2026-08-30 02:24:00,Manipur,Senapati,25.4001,94.1288,ACCIDENT,LOW,Field observation of accident event on Mao-Maram Highway,OPEN,1,1,LOCAL_SCOUT
FR001204,V0186,2026-08-30 03:36:00,Mizoram,Aizawl,23.7752,92.5903,FLOOD,MEDIUM,Field observation of flood event on Silchar-Aizawl Hwy,PARTIAL,1,1,LOCAL_SCOUT
FR001205,V0152,2026-08-30 04:48:00,Mizoram,Kolasib,24.1981,92.801,ACCIDENT,LOW,Field observation of accident event on Vairengte-Kolasib Corridor,OPEN,0,1,FIELD_OFFICER
FR001206,V0278,2026-08-30 06:00:00,Mizoram,Lunglei,22.9642,92.6732,ROAD_DAMAGE,CRITICAL,Field observation of road_damage event on Aizawl-Lunglei Road,BLOCKED,1,1,LOCAL_SCOUT
FR001207,V0417,2026-08-30 07:12:00,Tripura,West Tripura,23.6995,91.4235,ROAD_DAMAGE,MEDIUM,Field observation of road_damage event on Assam-Agartala National Hwy,PARTIAL,0,1,BORDER_ROAD_CREW
FR001208,V0270,2026-08-30 08:24:00,Tripura,Sipahijala,23.7788,91.2222,ROCKFALL,CRITICAL,Field observation of rockfall event on Agartala-Udaipur Hwy,BLOCKED,1,1,FIELD_OFFICER
FR001209,V0180,2026-08-30 09:36:00,Tripura,Dhalai,23.7432,91.9306,ROCKFALL,HIGH,Field observation of rockfall event on Ambassa Corridor,PARTIAL,1,0,DRIVER
FR001210,V0433,2026-08-30 10:48:00,Arunachal Pradesh,Tawang,27.5686,91.7871,HEAVY_RAIN,HIGH,Field observation of heavy_rain event on Bhalukpong-Tawang Hwy,PARTIAL,1,1,LOCAL_SCOUT
FR001211,V0108,2026-08-30 12:00:00,Arunachal Pradesh,West Kameng,27.1897,92.3997,ROAD_DAMAGE,LOW,Field observation of road_damage event on Trans-Arunachal Hwy,OPEN,1,1,BORDER_ROAD_CREW
FR001212,V0250,2026-08-30 13:12:00,Arunachal Pradesh,Papum Pare,26.9507,93.478,ROCKFALL,CRITICAL,Field observation of rockfall event on Itanagar-Naharlagun Corridor,BLOCKED,0,0,DRIVER
FR001213,V0306,2026-08-30 14:24:00,Arunachal Pradesh,East Siang,28.1874,95.3484,FLOOD,HIGH,Field observation of flood event on Pasighat Corridor,PARTIAL,1,1,DRIVER
FR001214,V0245,2026-08-30 15:36:00,Arunachal Pradesh,Lower Subansiri,27.5434,93.8012,ROCKFALL,CRITICAL,Field observation of rockfall event on Ziro-Yachuli Road,BLOCKED,0,1,LOCAL_SCOUT
FR001215,V0191,2026-08-30 16:48:00,Assam,Kamrup Metropolitan,26.1565,91.5872,FLOOD,HIGH,Field observation of flood event on East-West Corridor,PARTIAL,1,1,FIELD_OFFICER
FR001216,V0158,2026-08-30 18:00:00,Assam,Kamrup Rural,26.2052,91.6925,HEAVY_RAIN,CRITICAL,Field observation of heavy_rain event on Amingaon-Rangia Hwy,BLOCKED,0,1,LOCAL_SCOUT
FR001217,V0228,2026-08-30 19:12:00,Assam,Darrang,26.3186,92.1801,FLOOD,LOW,Field observation of flood event on North Bank Hwy,OPEN,0,1,DRIVER
FR001218,V0125,2026-08-30 20:24:00,Assam,Sonitpur,26.7721,92.6667,ACCIDENT,MEDIUM,Field observation of accident event on Tezpur-Biswanath Hwy,PARTIAL,0,1,FIELD_OFFICER
FR001219,V0166,2026-08-30 21:36:00,Assam,Dibrugarh,27.3837,94.9283,ROAD_DAMAGE,LOW,Field observation of road_damage event on Upper Assam Hwy,OPEN,1,1,LOCAL_SCOUT
FR001220,V0352,2026-08-30 22:48:00,Assam,Cachar,24.8003,92.6609,LANDSLIDE,MEDIUM,Field observation of landslide event on Silchar-Badarpur Corridor,PARTIAL,1,1,LOCAL_SCOUT
FR001221,V0228,2026-08-31 00:00:00,Assam,Nagaon,26.385,92.7546,ACCIDENT,MEDIUM,Field observation of accident event on Kaziranga Bypass,PARTIAL,1,1,DRIVER
FR001222,V0223,2026-08-31 01:12:00,Meghalaya,East Khasi Hills,25.7277,91.8148,FLOOD,HIGH,Field observation of flood event on Shillong-Dawki Hwy,PARTIAL,1,1,BORDER_ROAD_CREW
FR001223,V0394,2026-08-31 02:24:00,Meghalaya,West Khasi Hills,25.4523,91.2702,LANDSLIDE,HIGH,Field observation of landslide event on Nongstoin Road,PARTIAL,1,1,DRIVER
FR001224,V0428,2026-08-31 03:36:00,Meghalaya,Ri-Bhoi,25.7549,91.8318,ACCIDENT,LOW,Field observation of accident event on Guwahati-Shillong Expressway,OPEN,1,1,LOCAL_SCOUT
FR001225,V0449,2026-08-31 04:48:00,Meghalaya,West Jaintia Hills,25.3355,92.2921,HEAVY_RAIN,CRITICAL,Field observation of heavy_rain event on Jowai Bypass,BLOCKED,0,0,BORDER_ROAD_CREW
FR001226,V0329,2026-08-31 06:00:00,Sikkim,East Sikkim,27.45,88.6175,ACCIDENT,LOW,Field observation of accident event on Sevoke-Gangtok Hwy,OPEN,1,0,LOCAL_SCOUT
FR001227,V0386,2026-08-31 07:12:00,Sikkim,North Sikkim,27.3611,88.4425,ROCKFALL,HIGH,Field observation of rockfall event on Mangan-Chungthang Road,PARTIAL,1,1,DRIVER
FR001228,V0164,2026-08-31 08:24:00,Sikkim,South Sikkim,27.2055,88.2728,LANDSLIDE,LOW,Field observation of landslide event on Namchi-Jorethang Rd,OPEN,1,1,DRIVER
FR001229,V0237,2026-08-31 09:36:00,Nagaland,Kohima,25.5401,94.0508,FLOOD,MEDIUM,Field observation of flood event on Dimapur-Kohima Corridor,PARTIAL,0,1,DRIVER
FR001230,V0319,2026-08-31 10:48:00,Nagaland,Dimapur,26.0074,93.5967,ROCKFALL,MEDIUM,Field observation of rockfall event on Dimapur Gateway,PARTIAL,0,0,FIELD_OFFICER
FR001231,V0260,2026-08-31 12:00:00,Nagaland,Mokokchung,26.4148,94.4362,FLOOD,CRITICAL,Field observation of flood event on Mokokchung-Amguri Rd,BLOCKED,1,0,BORDER_ROAD_CREW
FR001232,V0264,2026-08-31 13:12:00,Manipur,Imphal West,24.9178,94.0082,HEAVY_RAIN,CRITICAL,Field observation of heavy_rain event on Imphal Ring Road,BLOCKED,1,1,BORDER_ROAD_CREW
FR001233,V0416,2026-08-31 14:24:00,Manipur,Bishnupur,24.6552,93.6557,ACCIDENT,HIGH,Field observation of accident event on Imphal-Churachandpur Hwy,PARTIAL,0,1,LOCAL_SCOUT
FR001234,V0224,2026-08-31 15:36:00,Manipur,Senapati,25.1237,93.912,ACCIDENT,CRITICAL,Field observation of accident event on Mao-Maram Highway,BLOCKED,1,1,LOCAL_SCOUT
FR001235,V0188,2026-08-31 16:48:00,Mizoram,Aizawl,23.7016,92.7765,ROAD_DAMAGE,HIGH,Field observation of road_damage event on Silchar-Aizawl Hwy,PARTIAL,1,1,BORDER_ROAD_CREW
FR001236,V0179,2026-08-31 18:00:00,Mizoram,Kolasib,24.2446,92.57,ACCIDENT,MEDIUM,Field observation of accident event on Vairengte-Kolasib Corridor,PARTIAL,1,1,LOCAL_SCOUT
FR001237,V0405,2026-08-31 19:12:00,Mizoram,Lunglei,22.9633,92.5947,ROCKFALL,MEDIUM,Field observation of rockfall event on Aizawl-Lunglei Road,PARTIAL,0,0,LOCAL_SCOUT
FR001238,V0212,2026-08-31 20:24:00,Tripura,West Tripura,23.9593,91.3488,ROAD_DAMAGE,HIGH,Field observation of road_damage event on Assam-Agartala National Hwy,PARTIAL,1,0,DRIVER
FR001239,V0348,2026-08-31 21:36:00,Tripura,Sipahijala,23.7272,91.3938,LANDSLIDE,MEDIUM,Field observation of landslide event on Agartala-Udaipur Hwy,PARTIAL,1,1,DRIVER
FR001240,V0403,2026-08-31 22:48:00,Tripura,Dhalai,23.7813,91.8351,LANDSLIDE,CRITICAL,Field observation of landslide event on Ambassa Corridor,BLOCKED,1,1,BORDER_ROAD_CREW
FR001241,V0421,2026-09-01 00:00:00,Arunachal Pradesh,Tawang,27.4474,91.7634,ROAD_DAMAGE,CRITICAL,Field observation of road_damage event on Bhalukpong-Tawang Hwy,BLOCKED,0,0,LOCAL_SCOUT
FR001242,V0118,2026-09-01 01:12:00,Arunachal Pradesh,West Kameng,27.3624,92.3563,ACCIDENT,CRITICAL,Field observation of accident event on Trans-Arunachal Hwy,BLOCKED,1,1,LOCAL_SCOUT
FR001243,V0261,2026-09-01 02:24:00,Arunachal Pradesh,Papum Pare,26.9857,93.6257,ROCKFALL,HIGH,Field observation of rockfall event on Itanagar-Naharlagun Corridor,PARTIAL,0,0,BORDER_ROAD_CREW
FR001244,V0205,2026-09-01 03:36:00,Arunachal Pradesh,East Siang,28.212,95.3283,ACCIDENT,MEDIUM,Field observation of accident event on Pasighat Corridor,PARTIAL,0,1,FIELD_OFFICER
FR001245,V0270,2026-09-01 04:48:00,Arunachal Pradesh,Lower Subansiri,27.4829,93.7381,LANDSLIDE,HIGH,Field observation of landslide event on Ziro-Yachuli Road,PARTIAL,0,1,BORDER_ROAD_CREW
FR001246,V0329,2026-09-01 06:00:00,Assam,Kamrup Metropolitan,26.2679,91.7355,FLOOD,LOW,Field observation of flood event on East-West Corridor,OPEN,1,1,FIELD_OFFICER
FR001247,V0317,2026-09-01 07:12:00,Assam,Kamrup Rural,26.2285,91.4975,ROAD_DAMAGE,CRITICAL,Field observation of road_damage event on Amingaon-Rangia Hwy,BLOCKED,0,1,LOCAL_SCOUT
FR001248,V0394,2026-09-01 08:24:00,Assam,Darrang,26.569,92.0169,HEAVY_RAIN,CRITICAL,Field observation of heavy_rain event on North Bank Hwy,BLOCKED,1,1,FIELD_OFFICER
FR001249,V0223,2026-09-01 09:36:00,Assam,Sonitpur,26.5366,92.8782,HEAVY_RAIN,CRITICAL,Field observation of heavy_rain event on Tezpur-Biswanath Hwy,BLOCKED,0,1,BORDER_ROAD_CREW
FR001250,V0109,2026-09-01 10:48:00,Assam,Dibrugarh,27.3934,94.8954,FLOOD,LOW,Field observation of flood event on Upper Assam Hwy,OPEN,1,1,LOCAL_SCOUT
FR001251,V0103,2026-09-01 12:00:00,Assam,Cachar,24.8864,92.7266,ACCIDENT,CRITICAL,Field observation of accident event on Silchar-Badarpur Corridor,BLOCKED,1,1,FIELD_OFFICER
FR001252,V0229,2026-09-01 13:12:00,Assam,Nagaon,26.2663,92.6578,FLOOD,MEDIUM,Field observation of flood event on Kaziranga Bypass,PARTIAL,1,0,LOCAL_SCOUT
FR001253,V0110,2026-09-01 14:24:00,Meghalaya,East Khasi Hills,25.5701,91.8886,ROAD_DAMAGE,CRITICAL,Field observation of road_damage event on Shillong-Dawki Hwy,BLOCKED,0,0,LOCAL_SCOUT
FR001254,V0292,2026-09-01 15:36:00,Meghalaya,West Khasi Hills,25.5428,91.1634,ROCKFALL,LOW,Field observation of rockfall event on Nongstoin Road,OPEN,1,1,LOCAL_SCOUT
FR001255,V0364,2026-09-01 16:48:00,Meghalaya,Ri-Bhoi,25.9396,92.0227,ROAD_DAMAGE,MEDIUM,Field observation of road_damage event on Guwahati-Shillong Expressway,PARTIAL,1,1,DRIVER
FR001256,V0288,2026-09-01 18:00:00,Meghalaya,West Jaintia Hills,25.4706,92.1342,FLOOD,CRITICAL,Field observation of flood event on Jowai Bypass,BLOCKED,1,1,DRIVER
FR001257,V0298,2026-09-01 19:12:00,Sikkim,East Sikkim,27.2403,88.5596,ROAD_DAMAGE,CRITICAL,Field observation of road_damage event on Sevoke-Gangtok Hwy,BLOCKED,1,1,FIELD_OFFICER
FR001258,V0444,2026-09-01 20:24:00,Sikkim,North Sikkim,27.5884,88.6858,LANDSLIDE,MEDIUM,Field observation of landslide event on Mangan-Chungthang Road,PARTIAL,0,1,LOCAL_SCOUT
FR001259,V0271,2026-09-01 21:36:00,Sikkim,South Sikkim,27.2765,88.2259,HEAVY_RAIN,HIGH,Field observation of heavy_rain event on Namchi-Jorethang Rd,PARTIAL,1,1,BORDER_ROAD_CREW
FR001260,V0401,2026-09-01 22:48:00,Nagaland,Kohima,25.59,94.1006,HEAVY_RAIN,MEDIUM,Field observation of heavy_rain event on Dimapur-Kohima Corridor,PARTIAL,1,0,LOCAL_SCOUT
FR001261,V0204,2026-09-02 00:00:00,Nagaland,Dimapur,25.9777,93.6515,LANDSLIDE,LOW,Field observation of landslide event on Dimapur Gateway,OPEN,1,1,FIELD_OFFICER
FR001262,V0266,2026-09-02 01:12:00,Nagaland,Mokokchung,26.4532,94.6539,ROCKFALL,LOW,Field observation of rockfall event on Mokokchung-Amguri Rd,OPEN,1,1,DRIVER
FR001263,V0266,2026-09-02 02:24:00,Manipur,Imphal West,24.9611,93.7988,ROAD_DAMAGE,MEDIUM,Field observation of road_damage event on Imphal Ring Road,PARTIAL,0,0,DRIVER
FR001264,V0353,2026-09-02 03:36:00,Manipur,Bishnupur,24.6101,93.7328,HEAVY_RAIN,LOW,Field observation of heavy_rain event on Imphal-Churachandpur Hwy,OPEN,0,1,LOCAL_SCOUT
FR001265,V0380,2026-09-02 04:48:00,Manipur,Senapati,25.2457,93.9322,ROAD_DAMAGE,MEDIUM,Field observation of road_damage event on Mao-Maram Highway,PARTIAL,1,0,FIELD_OFFICER
FR001266,V0286,2026-09-02 06:00:00,Mizoram,Aizawl,23.6991,92.633,ROAD_DAMAGE,LOW,Field observation of road_damage event on Silchar-Aizawl Hwy,OPEN,1,1,FIELD_OFFICER
FR001267,V0282,2026-09-02 07:12:00,Mizoram,Kolasib,24.0972,92.6739,ROCKFALL,MEDIUM,Field observation of rockfall event on Vairengte-Kolasib Corridor,PARTIAL,1,1,BORDER_ROAD_CREW
FR001268,V0356,2026-09-02 08:24:00,Mizoram,Lunglei,22.9011,92.7651,FLOOD,HIGH,Field observation of flood event on Aizawl-Lunglei Road,PARTIAL,1,1,LOCAL_SCOUT
FR001269,V0369,2026-09-02 09:36:00,Tripura,West Tripura,23.8924,91.1923,FLOOD,LOW,Field observation of flood event on Assam-Agartala National Hwy,OPEN,1,1,LOCAL_SCOUT
FR001270,V0139,2026-09-02 10:48:00,Tripura,Sipahijala,23.675,91.4201,FLOOD,MEDIUM,Field observation of flood event on Agartala-Udaipur Hwy,PARTIAL,0,1,BORDER_ROAD_CREW
FR001271,V0331,2026-09-02 12:00:00,Tripura,Dhalai,23.8593,91.789,HEAVY_RAIN,MEDIUM,Field observation of heavy_rain event on Ambassa Corridor,PARTIAL,1,0,DRIVER
FR001272,V0207,2026-09-02 13:12:00,Arunachal Pradesh,Tawang,27.5988,91.9477,LANDSLIDE,LOW,Field observation of landslide event on Bhalukpong-Tawang Hwy,OPEN,1,1,DRIVER
FR001273,V0356,2026-09-02 14:24:00,Arunachal Pradesh,West Kameng,27.2152,92.5456,ACCIDENT,HIGH,Field observation of accident event on Trans-Arunachal Hwy,PARTIAL,0,1,DRIVER
FR001274,V0253,2026-09-02 15:36:00,Arunachal Pradesh,Papum Pare,27.2168,93.4999,LANDSLIDE,MEDIUM,Field observation of landslide event on Itanagar-Naharlagun Corridor,PARTIAL,0,0,FIELD_OFFICER
FR001275,V0372,2026-09-02 16:48:00,Arunachal Pradesh,East Siang,28.0259,95.3705,FLOOD,HIGH,Field observation of flood event on Pasighat Corridor,PARTIAL,1,1,BORDER_ROAD_CREW
FR001276,V0278,2026-09-02 18:00:00,Arunachal Pradesh,Lower Subansiri,27.4614,93.9744,ROAD_DAMAGE,LOW,Field observation of road_damage event on Ziro-Yachuli Road,OPEN,0,1,DRIVER
FR001277,V0272,2026-09-02 19:12:00,Assam,Kamrup Metropolitan,26.2157,91.8119,ROCKFALL,LOW,Field observation of rockfall event on East-West Corridor,OPEN,0,1,BORDER_ROAD_CREW
FR001278,V0415,2026-09-02 20:24:00,Assam,Kamrup Rural,26.2585,91.4796,ROCKFALL,HIGH,Field observation of rockfall event on Amingaon-Rangia Hwy,PARTIAL,1,1,DRIVER
FR001279,V0424,2026-09-02 21:36:00,Assam,Darrang,26.4289,91.8973,HEAVY_RAIN,CRITICAL,Field observation of heavy_rain event on North Bank Hwy,BLOCKED,0,0,DRIVER
FR001280,V0212,2026-09-02 22:48:00,Assam,Sonitpur,26.6418,92.6794,FLOOD,LOW,Field observation of flood event on Tezpur-Biswanath Hwy,OPEN,1,1,DRIVER
FR001281,V0378,2026-09-03 00:00:00,Assam,Dibrugarh,27.5926,94.8976,ACCIDENT,LOW,Field observation of accident event on Upper Assam Hwy,OPEN,1,1,LOCAL_SCOUT
FR001282,V0351,2026-09-03 01:12:00,Assam,Cachar,24.9259,92.9112,ROCKFALL,MEDIUM,Field observation of rockfall event on Silchar-Badarpur Corridor,PARTIAL,0,1,DRIVER
FR001283,V0246,2026-09-03 02:24:00,Assam,Nagaon,26.2214,92.6512,ROCKFALL,MEDIUM,Field observation of rockfall event on Kaziranga Bypass,PARTIAL,1,0,LOCAL_SCOUT
FR001284,V0153,2026-09-03 03:36:00,Meghalaya,East Khasi Hills,25.4616,91.8261,ROCKFALL,CRITICAL,Field observation of rockfall event on Shillong-Dawki Hwy,BLOCKED,1,1,BORDER_ROAD_CREW
FR001285,V0205,2026-09-03 04:48:00,Meghalaya,West Khasi Hills,25.4213,91.3956,ROCKFALL,MEDIUM,Field observation of rockfall event on Nongstoin Road,PARTIAL,1,1,DRIVER
FR001286,V0304,2026-09-03 06:00:00,Meghalaya,Ri-Bhoi,25.9124,91.7696,LANDSLIDE,LOW,Field observation of landslide event on Guwahati-Shillong Expressway,OPEN,1,1,DRIVER
FR001287,V0411,2026-09-03 07:12:00,Meghalaya,West Jaintia Hills,25.3064,92.1067,ACCIDENT,MEDIUM,Field observation of accident event on Jowai Bypass,PARTIAL,1,1,BORDER_ROAD_CREW
FR001288,V0218,2026-09-03 08:24:00,Sikkim,East Sikkim,27.4731,88.6499,LANDSLIDE,CRITICAL,Field observation of landslide event on Sevoke-Gangtok Hwy,BLOCKED,1,1,LOCAL_SCOUT
FR001289,V0110,2026-09-03 09:36:00,Sikkim,North Sikkim,27.586,88.5458,ROAD_DAMAGE,MEDIUM,Field observation of road_damage event on Mangan-Chungthang Road,PARTIAL,1,1,LOCAL_SCOUT
FR001290,V0138,2026-09-03 10:48:00,Sikkim,South Sikkim,27.1536,88.2912,ROCKFALL,CRITICAL,Field observation of rockfall event on Namchi-Jorethang Rd,BLOCKED,0,1,DRIVER
FR001291,V0208,2026-09-03 12:00:00,Nagaland,Kohima,25.7619,94.0266,ROCKFALL,HIGH,Field observation of rockfall event on Dimapur-Kohima Corridor,PARTIAL,0,1,LOCAL_SCOUT
FR001292,V0300,2026-09-03 13:12:00,Nagaland,Dimapur,25.771,93.6834,ROAD_DAMAGE,HIGH,Field observation of road_damage event on Dimapur Gateway,PARTIAL,1,0,BORDER_ROAD_CREW
FR001293,V0430,2026-09-03 14:24:00,Nagaland,Mokokchung,26.2232,94.5306,ROCKFALL,MEDIUM,Field observation of rockfall event on Mokokchung-Amguri Rd,PARTIAL,0,1,FIELD_OFFICER
FR001294,V0197,2026-09-03 15:36:00,Manipur,Imphal West,24.8749,93.9867,LANDSLIDE,LOW,Field observation of landslide event on Imphal Ring Road,OPEN,0,1,LOCAL_SCOUT
FR001295,V0214,2026-09-03 16:48:00,Manipur,Bishnupur,24.7805,93.7869,ROCKFALL,HIGH,Field observation of rockfall event on Imphal-Churachandpur Hwy,PARTIAL,1,1,FIELD_OFFICER
FR001296,V0183,2026-09-03 18:00:00,Manipur,Senapati,25.2787,93.8704,ROAD_DAMAGE,MEDIUM,Field observation of road_damage event on Mao-Maram Highway,PARTIAL,1,1,FIELD_OFFICER
FR001297,V0420,2026-09-03 19:12:00,Mizoram,Aizawl,23.7116,92.8602,FLOOD,CRITICAL,Field observation of flood event on Silchar-Aizawl Hwy,BLOCKED,0,1,FIELD_OFFICER
FR001298,V0388,2026-09-03 20:24:00,Mizoram,Kolasib,24.1914,92.6798,ROCKFALL,HIGH,Field observation of rockfall event on Vairengte-Kolasib Corridor,PARTIAL,1,1,LOCAL_SCOUT
FR001299,V0421,2026-09-03 21:36:00,Mizoram,Lunglei,22.7768,92.881,FLOOD,HIGH,Field observation of flood event on Aizawl-Lunglei Road,PARTIAL,0,0,FIELD_OFFICER
FR001300,V0440,2026-09-03 22:48:00,Tripura,West Tripura,23.8931,91.279,ROCKFALL,MEDIUM,Field observation of rockfall event on Assam-Agartala National Hwy,PARTIAL,0,1,LOCAL_SCOUT
FR001301,V0348,2026-09-04 00:00:00,Tripura,Sipahijala,23.7832,91.3621,ROCKFALL,LOW,Field observation of rockfall event on Agartala-Udaipur Hwy,OPEN,1,1,DRIVER
FR001302,V0263,2026-09-04 01:12:00,Tripura,Dhalai,23.8326,91.9067,HEAVY_RAIN,CRITICAL,Field observation of heavy_rain event on Ambassa Corridor,BLOCKED,0,1,FIELD_OFFICER
FR001303,V0236,2026-09-04 02:24:00,Arunachal Pradesh,Tawang,27.6395,91.7445,ACCIDENT,HIGH,Field observation of accident event on Bhalukpong-Tawang Hwy,PARTIAL,1,1,DRIVER
FR001304,V0252,2026-09-04 03:36:00,Arunachal Pradesh,West Kameng,27.2483,92.2936,ROAD_DAMAGE,CRITICAL,Field observation of road_damage event on Trans-Arunachal Hwy,BLOCKED,1,1,FIELD_OFFICER
FR001305,V0222,2026-09-04 04:48:00,Arunachal Pradesh,Papum Pare,27.1083,93.701,FLOOD,CRITICAL,Field observation of flood event on Itanagar-Naharlagun Corridor,BLOCKED,1,1,LOCAL_SCOUT
FR001306,V0103,2026-09-04 06:00:00,Arunachal Pradesh,East Siang,28.0775,95.3096,ROAD_DAMAGE,LOW,Field observation of road_damage event on Pasighat Corridor,OPEN,0,1,BORDER_ROAD_CREW
FR001307,V0375,2026-09-04 07:12:00,Arunachal Pradesh,Lower Subansiri,27.5183,93.8271,HEAVY_RAIN,HIGH,Field observation of heavy_rain event on Ziro-Yachuli Road,PARTIAL,0,0,LOCAL_SCOUT
FR001308,V0405,2026-09-04 08:24:00,Assam,Kamrup Metropolitan,26.267,91.6945,LANDSLIDE,CRITICAL,Field observation of landslide event on East-West Corridor,BLOCKED,0,0,LOCAL_SCOUT
FR001309,V0208,2026-09-04 09:36:00,Assam,Kamrup Rural,26.1508,91.4157,ACCIDENT,LOW,Field observation of accident event on Amingaon-Rangia Hwy,OPEN,1,1,FIELD_OFFICER
FR001310,V0362,2026-09-04 10:48:00,Assam,Darrang,26.5643,91.9073,HEAVY_RAIN,HIGH,Field observation of heavy_rain event on North Bank Hwy,PARTIAL,0,1,DRIVER
FR001311,V0124,2026-09-04 12:00:00,Assam,Sonitpur,26.6085,92.7754,HEAVY_RAIN,MEDIUM,Field observation of heavy_rain event on Tezpur-Biswanath Hwy,PARTIAL,0,1,LOCAL_SCOUT
FR001312,V0111,2026-09-04 13:12:00,Assam,Dibrugarh,27.4499,95.0309,ROCKFALL,CRITICAL,Field observation of rockfall event on Upper Assam Hwy,BLOCKED,0,0,FIELD_OFFICER
FR001313,V0348,2026-09-04 14:24:00,Assam,Cachar,24.7264,92.7199,ROAD_DAMAGE,HIGH,Field observation of road_damage event on Silchar-Badarpur Corridor,PARTIAL,1,1,DRIVER
FR001314,V0231,2026-09-04 15:36:00,Assam,Nagaon,26.4751,92.7112,ROCKFALL,LOW,Field observation of rockfall event on Kaziranga Bypass,OPEN,1,1,DRIVER
FR001315,V0396,2026-09-04 16:48:00,Meghalaya,East Khasi Hills,25.7031,91.8677,ACCIDENT,CRITICAL,Field observation of accident event on Shillong-Dawki Hwy,BLOCKED,1,1,DRIVER
FR001316,V0315,2026-09-04 18:00:00,Meghalaya,West Khasi Hills,25.6345,91.1698,ROCKFALL,HIGH,Field observation of rockfall event on Nongstoin Road,PARTIAL,0,1,FIELD_OFFICER
FR001317,V0352,2026-09-04 19:12:00,Meghalaya,Ri-Bhoi,25.7627,91.9779,ACCIDENT,LOW,Field observation of accident event on Guwahati-Shillong Expressway,OPEN,1,0,LOCAL_SCOUT
FR001318,V0195,2026-09-04 20:24:00,Meghalaya,West Jaintia Hills,25.522,92.1174,ACCIDENT,LOW,Field observation of accident event on Jowai Bypass,OPEN,1,1,LOCAL_SCOUT
FR001319,V0390,2026-09-04 21:36:00,Sikkim,East Sikkim,27.4757,88.7068,ACCIDENT,MEDIUM,Field observation of accident event on Sevoke-Gangtok Hwy,PARTIAL,1,1,BORDER_ROAD_CREW
FR001320,V0334,2026-09-04 22:48:00,Sikkim,North Sikkim,27.4363,88.4538,FLOOD,CRITICAL,Field observation of flood event on Mangan-Chungthang Road,BLOCKED,1,1,LOCAL_SCOUT
FR001321,V0113,2026-09-05 00:00:00,Sikkim,South Sikkim,27.0558,88.2832,HEAVY_RAIN,MEDIUM,Field observation of heavy_rain event on Namchi-Jorethang Rd,PARTIAL,1,0,BORDER_ROAD_CREW
FR001322,V0285,2026-09-05 01:12:00,Nagaland,Kohima,25.6692,94.0894,LANDSLIDE,LOW,Field observation of landslide event on Dimapur-Kohima Corridor,OPEN,1,1,LOCAL_SCOUT
FR001323,V0407,2026-09-05 02:24:00,Nagaland,Dimapur,25.9651,93.6134,HEAVY_RAIN,HIGH,Field observation of heavy_rain event on Dimapur Gateway,PARTIAL,0,1,DRIVER
FR001324,V0253,2026-09-05 03:36:00,Nagaland,Mokokchung,26.2529,94.5445,LANDSLIDE,HIGH,Field observation of landslide event on Mokokchung-Amguri Rd,PARTIAL,1,1,LOCAL_SCOUT
FR001325,V0449,2026-09-05 04:48:00,Manipur,Imphal West,24.7076,93.8358,ACCIDENT,LOW,Field observation of accident event on Imphal Ring Road,OPEN,1,1,LOCAL_SCOUT
FR001326,V0216,2026-09-05 06:00:00,Manipur,Bishnupur,24.7689,93.6291,HEAVY_RAIN,HIGH,Field observation of heavy_rain event on Imphal-Churachandpur Hwy,PARTIAL,1,0,BORDER_ROAD_CREW
FR001327,V0410,2026-09-05 07:12:00,Manipur,Senapati,25.2642,94.0899,ACCIDENT,LOW,Field observation of accident event on Mao-Maram Highway,OPEN,0,0,DRIVER
FR001328,V0268,2026-09-05 08:24:00,Mizoram,Aizawl,23.6272,92.6644,ROCKFALL,MEDIUM,Field observation of rockfall event on Silchar-Aizawl Hwy,PARTIAL,0,0,FIELD_OFFICER
FR001329,V0179,2026-09-05 09:36:00,Mizoram,Kolasib,24.1603,92.7356,ROAD_DAMAGE,HIGH,Field observation of road_damage event on Vairengte-Kolasib Corridor,PARTIAL,0,0,DRIVER
FR001330,V0213,2026-09-05 10:48:00,Mizoram,Lunglei,22.8355,92.6331,ROCKFALL,CRITICAL,Field observation of rockfall event on Aizawl-Lunglei Road,BLOCKED,1,1,LOCAL_SCOUT
FR001331,V0349,2026-09-05 12:00:00,Tripura,West Tripura,23.827,91.2389,ACCIDENT,CRITICAL,Field observation of accident event on Assam-Agartala National Hwy,BLOCKED,0,1,DRIVER
FR001332,V0290,2026-09-05 13:12:00,Tripura,Sipahijala,23.636,91.4115,FLOOD,LOW,Field observation of flood event on Agartala-Udaipur Hwy,OPEN,1,0,BORDER_ROAD_CREW
FR001333,V0104,2026-09-05 14:24:00,Tripura,Dhalai,23.9494,91.8577,LANDSLIDE,LOW,Field observation of landslide event on Ambassa Corridor,OPEN,1,1,LOCAL_SCOUT
FR001334,V0204,2026-09-05 15:36:00,Arunachal Pradesh,Tawang,27.6769,91.8346,FLOOD,LOW,Field observation of flood event on Bhalukpong-Tawang Hwy,OPEN,1,1,DRIVER
FR001335,V0143,2026-09-05 16:48:00,Arunachal Pradesh,West Kameng,27.3915,92.4098,ROAD_DAMAGE,HIGH,Field observation of road_damage event on Trans-Arunachal Hwy,PARTIAL,1,1,BORDER_ROAD_CREW
FR001336,V0409,2026-09-05 18:00:00,Arunachal Pradesh,Papum Pare,27.083,93.7629,FLOOD,MEDIUM,Field observation of flood event on Itanagar-Naharlagun Corridor,PARTIAL,1,0,FIELD_OFFICER
FR001337,V0367,2026-09-05 19:12:00,Arunachal Pradesh,East Siang,28.129,95.1846,ACCIDENT,MEDIUM,Field observation of accident event on Pasighat Corridor,PARTIAL,0,1,DRIVER
FR001338,V0269,2026-09-05 20:24:00,Arunachal Pradesh,Lower Subansiri,27.6083,93.8864,ROAD_DAMAGE,HIGH,Field observation of road_damage event on Ziro-Yachuli Road,PARTIAL,1,1,BORDER_ROAD_CREW
FR001339,V0330,2026-09-05 21:36:00,Assam,Kamrup Metropolitan,26.0181,91.7934,FLOOD,HIGH,Field observation of flood event on East-West Corridor,PARTIAL,0,1,BORDER_ROAD_CREW
FR001340,V0203,2026-09-05 22:48:00,Assam,Kamrup Rural,26.1803,91.5414,LANDSLIDE,CRITICAL,Field observation of landslide event on Amingaon-Rangia Hwy,BLOCKED,1,1,FIELD_OFFICER
FR001341,V0205,2026-09-06 00:00:00,Assam,Darrang,26.456,91.8988,HEAVY_RAIN,HIGH,Field observation of heavy_rain event on North Bank Hwy,PARTIAL,1,1,DRIVER
FR001342,V0162,2026-09-06 01:12:00,Assam,Sonitpur,26.5743,92.6457,HEAVY_RAIN,HIGH,Field observation of heavy_rain event on Tezpur-Biswanath Hwy,PARTIAL,1,0,BORDER_ROAD_CREW
FR001343,V0377,2026-09-06 02:24:00,Assam,Dibrugarh,27.3844,95.0324,ROCKFALL,CRITICAL,Field observation of rockfall event on Upper Assam Hwy,BLOCKED,0,1,LOCAL_SCOUT
FR001344,V0349,2026-09-06 03:36:00,Assam,Cachar,24.727,92.8528,ROCKFALL,CRITICAL,Field observation of rockfall event on Silchar-Badarpur Corridor,BLOCKED,0,1,DRIVER
FR001345,V0155,2026-09-06 04:48:00,Assam,Nagaon,26.2434,92.6842,ACCIDENT,CRITICAL,Field observation of accident event on Kaziranga Bypass,BLOCKED,0,1,LOCAL_SCOUT
FR001346,V0132,2026-09-06 06:00:00,Meghalaya,East Khasi Hills,25.4493,91.9892,ACCIDENT,MEDIUM,Field observation of accident event on Shillong-Dawki Hwy,PARTIAL,0,1,FIELD_OFFICER
FR001347,V0427,2026-09-06 07:12:00,Meghalaya,West Khasi Hills,25.4175,91.1946,FLOOD,MEDIUM,Field observation of flood event on Nongstoin Road,PARTIAL,0,1,BORDER_ROAD_CREW
FR001348,V0251,2026-09-06 08:24:00,Meghalaya,Ri-Bhoi,25.9676,92.0073,LANDSLIDE,MEDIUM,Field observation of landslide event on Guwahati-Shillong Expressway,PARTIAL,0,0,LOCAL_SCOUT
FR001349,V0425,2026-09-06 09:36:00,Meghalaya,West Jaintia Hills,25.4099,92.2268,ACCIDENT,LOW,Field observation of accident event on Jowai Bypass,OPEN,1,1,FIELD_OFFICER
FR001350,V0276,2026-09-06 10:48:00,Sikkim,East Sikkim,27.4393,88.7509,ROCKFALL,HIGH,Field observation of rockfall event on Sevoke-Gangtok Hwy,PARTIAL,1,1,DRIVER
FR001351,V0333,2026-09-06 12:00:00,Sikkim,North Sikkim,27.3839,88.6954,ROCKFALL,HIGH,Field observation of rockfall event on Mangan-Chungthang Road,PARTIAL,1,1,BORDER_ROAD_CREW
FR001352,V0370,2026-09-06 13:12:00,Sikkim,South Sikkim,27.1687,88.3084,HEAVY_RAIN,CRITICAL,Field observation of heavy_rain event on Namchi-Jorethang Rd,BLOCKED,1,1,LOCAL_SCOUT
FR001353,V0297,2026-09-06 14:24:00,Nagaland,Kohima,25.6235,93.9933,ROAD_DAMAGE,LOW,Field observation of road_damage event on Dimapur-Kohima Corridor,OPEN,0,0,FIELD_OFFICER
FR001354,V0355,2026-09-06 15:36:00,Nagaland,Dimapur,25.9629,93.8298,ROCKFALL,HIGH,Field observation of rockfall event on Dimapur Gateway,PARTIAL,1,1,FIELD_OFFICER
FR001355,V0142,2026-09-06 16:48:00,Nagaland,Mokokchung,26.4316,94.4266,FLOOD,LOW,Field observation of flood event on Mokokchung-Amguri Rd,OPEN,1,0,LOCAL_SCOUT
FR001356,V0131,2026-09-06 18:00:00,Manipur,Imphal West,24.9487,93.897,ROCKFALL,MEDIUM,Field observation of rockfall event on Imphal Ring Road,PARTIAL,0,1,BORDER_ROAD_CREW
FR001357,V0126,2026-09-06 19:12:00,Manipur,Bishnupur,24.514,93.7459,FLOOD,CRITICAL,Field observation of flood event on Imphal-Churachandpur Hwy,BLOCKED,0,1,LOCAL_SCOUT
FR001358,V0138,2026-09-06 20:24:00,Manipur,Senapati,25.2284,94.0685,LANDSLIDE,MEDIUM,Field observation of landslide event on Mao-Maram Highway,PARTIAL,1,0,FIELD_OFFICER
FR001359,V0390,2026-09-06 21:36:00,Mizoram,Aizawl,23.6277,92.6767,HEAVY_RAIN,CRITICAL,Field observation of heavy_rain event on Silchar-Aizawl Hwy,BLOCKED,1,1,FIELD_OFFICER
FR001360,V0448,2026-09-06 22:48:00,Mizoram,Kolasib,24.3672,92.5668,HEAVY_RAIN,MEDIUM,Field observation of heavy_rain event on Vairengte-Kolasib Corridor,PARTIAL,0,1,FIELD_OFFICER
FR001361,V0441,2026-09-07 00:00:00,Mizoram,Lunglei,22.9594,92.8198,LANDSLIDE,CRITICAL,Field observation of landslide event on Aizawl-Lunglei Road,BLOCKED,1,1,BORDER_ROAD_CREW
FR001362,V0389,2026-09-07 01:12:00,Tripura,West Tripura,23.8746,91.2569,ROAD_DAMAGE,LOW,Field observation of road_damage event on Assam-Agartala National Hwy,OPEN,1,1,DRIVER
FR001363,V0353,2026-09-07 02:24:00,Tripura,Sipahijala,23.7813,91.3154,ROCKFALL,LOW,Field observation of rockfall event on Agartala-Udaipur Hwy,OPEN,1,1,DRIVER
FR001364,V0270,2026-09-07 03:36:00,Tripura,Dhalai,23.7752,91.8492,ACCIDENT,LOW,Field observation of accident event on Ambassa Corridor,OPEN,1,1,FIELD_OFFICER
FR001365,V0347,2026-09-07 04:48:00,Arunachal Pradesh,Tawang,27.6574,91.9585,LANDSLIDE,HIGH,Field observation of landslide event on Bhalukpong-Tawang Hwy,PARTIAL,0,1,LOCAL_SCOUT
FR001366,V0305,2026-09-07 06:00:00,Arunachal Pradesh,West Kameng,27.2293,92.4697,ROCKFALL,LOW,Field observation of rockfall event on Trans-Arunachal Hwy,OPEN,1,0,LOCAL_SCOUT
FR001367,V0380,2026-09-07 07:12:00,Arunachal Pradesh,Papum Pare,27.1785,93.6649,HEAVY_RAIN,HIGH,Field observation of heavy_rain event on Itanagar-Naharlagun Corridor,PARTIAL,1,1,FIELD_OFFICER
FR001368,V0293,2026-09-07 08:24:00,Arunachal Pradesh,East Siang,27.9766,95.3746,HEAVY_RAIN,CRITICAL,Field observation of heavy_rain event on Pasighat Corridor,BLOCKED,1,1,DRIVER
FR001369,V0233,2026-09-07 09:36:00,Arunachal Pradesh,Lower Subansiri,27.6428,93.8422,HEAVY_RAIN,CRITICAL,Field observation of heavy_rain event on Ziro-Yachuli Road,BLOCKED,1,1,BORDER_ROAD_CREW
FR001370,V0356,2026-09-07 10:48:00,Assam,Kamrup Metropolitan,26.1236,91.8607,FLOOD,LOW,Field observation of flood event on East-West Corridor,OPEN,0,0,DRIVER
FR001371,V0155,2026-09-07 12:00:00,Assam,Kamrup Rural,26.1678,91.4228,FLOOD,HIGH,Field observation of flood event on Amingaon-Rangia Hwy,PARTIAL,0,1,LOCAL_SCOUT
FR001372,V0361,2026-09-07 13:12:00,Assam,Darrang,26.3929,92.0928,ROAD_DAMAGE,LOW,Field observation of road_damage event on North Bank Hwy,OPEN,1,1,DRIVER
FR001373,V0421,2026-09-07 14:24:00,Assam,Sonitpur,26.6005,92.8718,HEAVY_RAIN,HIGH,Field observation of heavy_rain event on Tezpur-Biswanath Hwy,PARTIAL,1,1,FIELD_OFFICER
FR001374,V0236,2026-09-07 15:36:00,Assam,Dibrugarh,27.5284,94.9337,HEAVY_RAIN,MEDIUM,Field observation of heavy_rain event on Upper Assam Hwy,PARTIAL,1,1,FIELD_OFFICER
FR001375,V0142,2026-09-07 16:48:00,Assam,Cachar,24.7,92.7079,ROCKFALL,LOW,Field observation of rockfall event on Silchar-Badarpur Corridor,OPEN,1,1,LOCAL_SCOUT
FR001376,V0426,2026-09-07 18:00:00,Assam,Nagaon,26.301,92.8273,LANDSLIDE,MEDIUM,Field observation of landslide event on Kaziranga Bypass,PARTIAL,0,1,FIELD_OFFICER
FR001377,V0160,2026-09-07 19:12:00,Meghalaya,East Khasi Hills,25.4673,91.8532,ROCKFALL,HIGH,Field observation of rockfall event on Shillong-Dawki Hwy,PARTIAL,1,0,DRIVER
FR001378,V0447,2026-09-07 20:24:00,Meghalaya,West Khasi Hills,25.6274,91.2124,HEAVY_RAIN,LOW,Field observation of heavy_rain event on Nongstoin Road,OPEN,0,1,LOCAL_SCOUT
FR001379,V0203,2026-09-07 21:36:00,Meghalaya,Ri-Bhoi,25.8736,91.7469,ACCIDENT,CRITICAL,Field observation of accident event on Guwahati-Shillong Expressway,BLOCKED,0,1,LOCAL_SCOUT
FR001380,V0330,2026-09-07 22:48:00,Meghalaya,West Jaintia Hills,25.4778,92.3231,ROCKFALL,LOW,Field observation of rockfall event on Jowai Bypass,OPEN,1,0,BORDER_ROAD_CREW
FR001381,V0285,2026-09-08 00:00:00,Sikkim,East Sikkim,27.2398,88.618,ACCIDENT,MEDIUM,Field observation of accident event on Sevoke-Gangtok Hwy,PARTIAL,1,1,BORDER_ROAD_CREW
FR001382,V0105,2026-09-08 01:12:00,Sikkim,North Sikkim,27.5204,88.6704,ACCIDENT,CRITICAL,Field observation of accident event on Mangan-Chungthang Road,BLOCKED,0,1,LOCAL_SCOUT
FR001383,V0146,2026-09-08 02:24:00,Sikkim,South Sikkim,27.0267,88.295,ROCKFALL,CRITICAL,Field observation of rockfall event on Namchi-Jorethang Rd,BLOCKED,1,1,LOCAL_SCOUT
FR001384,V0284,2026-09-08 03:36:00,Nagaland,Kohima,25.7676,93.9886,ROAD_DAMAGE,LOW,Field observation of road_damage event on Dimapur-Kohima Corridor,OPEN,0,1,LOCAL_SCOUT
FR001385,V0101,2026-09-08 04:48:00,Nagaland,Dimapur,26.0002,93.7777,FLOOD,MEDIUM,Field observation of flood event on Dimapur Gateway,PARTIAL,1,0,DRIVER
FR001386,V0108,2026-09-08 06:00:00,Nagaland,Mokokchung,26.3058,94.5191,HEAVY_RAIN,MEDIUM,Field observation of heavy_rain event on Mokokchung-Amguri Rd,PARTIAL,1,1,FIELD_OFFICER
FR001387,V0206,2026-09-08 07:12:00,Manipur,Imphal West,24.9221,93.851,HEAVY_RAIN,CRITICAL,Field observation of heavy_rain event on Imphal Ring Road,BLOCKED,0,1,FIELD_OFFICER
FR001388,V0357,2026-09-08 08:24:00,Manipur,Bishnupur,24.603,93.6823,FLOOD,HIGH,Field observation of flood event on Imphal-Churachandpur Hwy,PARTIAL,1,1,LOCAL_SCOUT
FR001389,V0168,2026-09-08 09:36:00,Manipur,Senapati,25.2835,94.0376,LANDSLIDE,MEDIUM,Field observation of landslide event on Mao-Maram Highway,PARTIAL,1,0,BORDER_ROAD_CREW
FR001390,V0259,2026-09-08 10:48:00,Mizoram,Aizawl,23.7197,92.6305,ROCKFALL,CRITICAL,Field observation of rockfall event on Silchar-Aizawl Hwy,BLOCKED,1,1,DRIVER
FR001391,V0295,2026-09-08 12:00:00,Mizoram,Kolasib,24.2214,92.62,ACCIDENT,CRITICAL,Field observation of accident event on Vairengte-Kolasib Corridor,BLOCKED,1,1,BORDER_ROAD_CREW
FR001392,V0359,2026-09-08 13:12:00,Mizoram,Lunglei,22.8507,92.7775,HEAVY_RAIN,HIGH,Field observation of heavy_rain event on Aizawl-Lunglei Road,PARTIAL,1,1,LOCAL_SCOUT
FR001393,V0210,2026-09-08 14:24:00,Tripura,West Tripura,23.9458,91.3252,ROCKFALL,LOW,Field observation of rockfall event on Assam-Agartala National Hwy,OPEN,1,0,BORDER_ROAD_CREW
FR001394,V0232,2026-09-08 15:36:00,Tripura,Sipahijala,23.5489,91.4506,ACCIDENT,HIGH,Field observation of accident event on Agartala-Udaipur Hwy,PARTIAL,0,1,LOCAL_SCOUT
FR001395,V0231,2026-09-08 16:48:00,Tripura,Dhalai,23.8914,91.9427,ROCKFALL,MEDIUM,Field observation of rockfall event on Ambassa Corridor,PARTIAL,1,0,LOCAL_SCOUT
FR001396,V0441,2026-09-08 18:00:00,Arunachal Pradesh,Tawang,27.6059,91.8974,LANDSLIDE,LOW,Field observation of landslide event on Bhalukpong-Tawang Hwy,OPEN,1,0,FIELD_OFFICER
FR001397,V0122,2026-09-08 19:12:00,Arunachal Pradesh,West Kameng,27.1866,92.4898,HEAVY_RAIN,CRITICAL,Field observation of heavy_rain event on Trans-Arunachal Hwy,BLOCKED,0,1,FIELD_OFFICER
FR001398,V0319,2026-09-08 20:24:00,Arunachal Pradesh,Papum Pare,27.046,93.7157,LANDSLIDE,CRITICAL,Field observation of landslide event on Itanagar-Naharlagun Corridor,BLOCKED,0,1,FIELD_OFFICER
FR001399,V0137,2026-09-08 21:36:00,Arunachal Pradesh,East Siang,27.9961,95.2621,ACCIDENT,HIGH,Field observation of accident event on Pasighat Corridor,PARTIAL,0,1,LOCAL_SCOUT
FR001400,V0360,2026-09-08 22:48:00,Arunachal Pradesh,Lower Subansiri,27.5218,93.7141,ROAD_DAMAGE,MEDIUM,Field observation of road_damage event on Ziro-Yachuli Road,PARTIAL,0,1,DRIVER
FR001401,V0134,2026-09-09 00:00:00,Assam,Kamrup Metropolitan,26.0877,91.7318,ROCKFALL,CRITICAL,Field observation of rockfall event on East-West Corridor,BLOCKED,1,1,DRIVER
FR001402,V0314,2026-09-09 01:12:00,Assam,Kamrup Rural,26.0956,91.4938,ROAD_DAMAGE,HIGH,Field observation of road_damage event on Amingaon-Rangia Hwy,PARTIAL,1,1,FIELD_OFFICER
FR001403,V0386,2026-09-09 02:24:00,Assam,Darrang,26.4996,91.9338,FLOOD,MEDIUM,Field observation of flood event on North Bank Hwy,PARTIAL,1,1,DRIVER
FR001404,V0314,2026-09-09 03:36:00,Assam,Sonitpur,26.7185,92.6592,FLOOD,HIGH,Field observation of flood event on Tezpur-Biswanath Hwy,PARTIAL,0,0,LOCAL_SCOUT
FR001405,V0324,2026-09-09 04:48:00,Assam,Dibrugarh,27.583,95.0322,ROAD_DAMAGE,MEDIUM,Field observation of road_damage event on Upper Assam Hwy,PARTIAL,1,1,DRIVER
FR001406,V0430,2026-09-09 06:00:00,Assam,Cachar,24.949,92.748,LANDSLIDE,HIGH,Field observation of landslide event on Silchar-Badarpur Corridor,PARTIAL,1,0,BORDER_ROAD_CREW
FR001407,V0411,2026-09-09 07:12:00,Assam,Nagaon,26.2288,92.7543,LANDSLIDE,HIGH,Field observation of landslide event on Kaziranga Bypass,PARTIAL,1,0,DRIVER
FR001408,V0185,2026-09-09 08:24:00,Meghalaya,East Khasi Hills,25.6029,91.9758,FLOOD,MEDIUM,Field observation of flood event on Shillong-Dawki Hwy,PARTIAL,0,1,BORDER_ROAD_CREW
FR001409,V0444,2026-09-09 09:36:00,Meghalaya,West Khasi Hills,25.4314,91.1467,ROCKFALL,MEDIUM,Field observation of rockfall event on Nongstoin Road,PARTIAL,1,1,FIELD_OFFICER
FR001410,V0209,2026-09-09 10:48:00,Meghalaya,Ri-Bhoi,25.9712,91.9718,FLOOD,HIGH,Field observation of flood event on Guwahati-Shillong Expressway,PARTIAL,1,1,FIELD_OFFICER
FR001411,V0276,2026-09-09 12:00:00,Meghalaya,West Jaintia Hills,25.3433,92.1025,HEAVY_RAIN,LOW,Field observation of heavy_rain event on Jowai Bypass,OPEN,1,1,BORDER_ROAD_CREW
FR001412,V0329,2026-09-09 13:12:00,Sikkim,East Sikkim,27.3657,88.6036,ACCIDENT,MEDIUM,Field observation of accident event on Sevoke-Gangtok Hwy,PARTIAL,1,0,FIELD_OFFICER
FR001413,V0247,2026-09-09 14:24:00,Sikkim,North Sikkim,27.5137,88.5425,ROCKFALL,LOW,Field observation of rockfall event on Mangan-Chungthang Road,OPEN,0,1,LOCAL_SCOUT
FR001414,V0246,2026-09-09 15:36:00,Sikkim,South Sikkim,27.3011,88.3089,ROCKFALL,LOW,Field observation of rockfall event on Namchi-Jorethang Rd,OPEN,0,0,FIELD_OFFICER
FR001415,V0371,2026-09-09 16:48:00,Nagaland,Kohima,25.7187,94.2302,HEAVY_RAIN,MEDIUM,Field observation of heavy_rain event on Dimapur-Kohima Corridor,PARTIAL,1,1,LOCAL_SCOUT
FR001416,V0380,2026-09-09 18:00:00,Nagaland,Dimapur,26.0391,93.7847,HEAVY_RAIN,LOW,Field observation of heavy_rain event on Dimapur Gateway,OPEN,1,1,DRIVER
FR001417,V0427,2026-09-09 19:12:00,Nagaland,Mokokchung,26.2904,94.5617,ROCKFALL,MEDIUM,Field observation of rockfall event on Mokokchung-Amguri Rd,PARTIAL,1,0,LOCAL_SCOUT
FR001418,V0247,2026-09-09 20:24:00,Manipur,Imphal West,24.7036,94.0469,ROAD_DAMAGE,CRITICAL,Field observation of road_damage event on Imphal Ring Road,BLOCKED,1,1,DRIVER
FR001419,V0310,2026-09-09 21:36:00,Manipur,Bishnupur,24.7706,93.8928,FLOOD,HIGH,Field observation of flood event on Imphal-Churachandpur Hwy,PARTIAL,0,1,BORDER_ROAD_CREW
FR001420,V0413,2026-09-09 22:48:00,Manipur,Senapati,25.3568,93.9306,ROCKFALL,CRITICAL,Field observation of rockfall event on Mao-Maram Highway,BLOCKED,1,1,BORDER_ROAD_CREW
FR001421,V0230,2026-09-10 00:00:00,Mizoram,Aizawl,23.7088,92.6628,LANDSLIDE,LOW,Field observation of landslide event on Silchar-Aizawl Hwy,OPEN,0,0,LOCAL_SCOUT
FR001422,V0168,2026-09-10 01:12:00,Mizoram,Kolasib,24.0802,92.7899,FLOOD,CRITICAL,Field observation of flood event on Vairengte-Kolasib Corridor,BLOCKED,1,1,LOCAL_SCOUT
FR001423,V0427,2026-09-10 02:24:00,Mizoram,Lunglei,22.9511,92.8679,ROAD_DAMAGE,LOW,Field observation of road_damage event on Aizawl-Lunglei Road,OPEN,1,1,LOCAL_SCOUT
FR001424,V0388,2026-09-10 03:36:00,Tripura,West Tripura,23.9276,91.3841,HEAVY_RAIN,LOW,Field observation of heavy_rain event on Assam-Agartala National Hwy,OPEN,0,1,DRIVER
FR001425,V0154,2026-09-10 04:48:00,Tripura,Sipahijala,23.6113,91.3808,LANDSLIDE,CRITICAL,Field observation of landslide event on Agartala-Udaipur Hwy,BLOCKED,1,1,FIELD_OFFICER
FR001426,V0302,2026-09-10 06:00:00,Tripura,Dhalai,23.7082,91.7156,LANDSLIDE,HIGH,Field observation of landslide event on Ambassa Corridor,PARTIAL,0,1,LOCAL_SCOUT
FR001427,V0180,2026-09-10 07:12:00,Arunachal Pradesh,Tawang,27.6284,91.7103,HEAVY_RAIN,LOW,Field observation of heavy_rain event on Bhalukpong-Tawang Hwy,OPEN,1,1,BORDER_ROAD_CREW
FR001428,V0240,2026-09-10 08:24:00,Arunachal Pradesh,West Kameng,27.1392,92.3132,ROAD_DAMAGE,LOW,Field observation of road_damage event on Trans-Arunachal Hwy,OPEN,0,1,FIELD_OFFICER
FR001429,V0140,2026-09-10 09:36:00,Arunachal Pradesh,Papum Pare,27.1452,93.5056,ROAD_DAMAGE,MEDIUM,Field observation of road_damage event on Itanagar-Naharlagun Corridor,PARTIAL,0,1,FIELD_OFFICER
FR001430,V0149,2026-09-10 10:48:00,Arunachal Pradesh,East Siang,28.0118,95.3195,ROAD_DAMAGE,LOW,Field observation of road_damage event on Pasighat Corridor,OPEN,0,1,LOCAL_SCOUT
FR001431,V0163,2026-09-10 12:00:00,Arunachal Pradesh,Lower Subansiri,27.5779,93.7783,HEAVY_RAIN,HIGH,Field observation of heavy_rain event on Ziro-Yachuli Road,PARTIAL,0,1,LOCAL_SCOUT
FR001432,V0232,2026-09-10 13:12:00,Assam,Kamrup Metropolitan,26.0491,91.8491,LANDSLIDE,LOW,Field observation of landslide event on East-West Corridor,OPEN,1,0,BORDER_ROAD_CREW
FR001433,V0245,2026-09-10 14:24:00,Assam,Kamrup Rural,26.0412,91.4189,HEAVY_RAIN,LOW,Field observation of heavy_rain event on Amingaon-Rangia Hwy,OPEN,1,1,LOCAL_SCOUT
FR001434,V0262,2026-09-10 15:36:00,Assam,Darrang,26.5741,92.1732,ROCKFALL,HIGH,Field observation of rockfall event on North Bank Hwy,PARTIAL,0,1,LOCAL_SCOUT
FR001435,V0230,2026-09-10 16:48:00,Assam,Sonitpur,26.4987,92.828,ROAD_DAMAGE,CRITICAL,Field observation of road_damage event on Tezpur-Biswanath Hwy,BLOCKED,0,1,BORDER_ROAD_CREW
FR001436,V0404,2026-09-10 18:00:00,Assam,Dibrugarh,27.4332,95.0462,ROAD_DAMAGE,LOW,Field observation of road_damage event on Upper Assam Hwy,OPEN,1,1,LOCAL_SCOUT
FR001437,V0277,2026-09-10 19:12:00,Assam,Cachar,24.9153,92.9074,HEAVY_RAIN,HIGH,Field observation of heavy_rain event on Silchar-Badarpur Corridor,PARTIAL,1,1,FIELD_OFFICER
FR001438,V0369,2026-09-10 20:24:00,Assam,Nagaon,26.4093,92.5912,HEAVY_RAIN,LOW,Field observation of heavy_rain event on Kaziranga Bypass,OPEN,0,1,DRIVER
FR001439,V0304,2026-09-10 21:36:00,Meghalaya,East Khasi Hills,25.6527,91.8579,LANDSLIDE,HIGH,Field observation of landslide event on Shillong-Dawki Hwy,PARTIAL,0,1,BORDER_ROAD_CREW
FR001440,V0213,2026-09-10 22:48:00,Meghalaya,West Khasi Hills,25.6586,91.1949,ROCKFALL,HIGH,Field observation of rockfall event on Nongstoin Road,PARTIAL,1,1,DRIVER
FR001441,V0145,2026-09-11 00:00:00,Meghalaya,Ri-Bhoi,25.9877,91.7386,ROAD_DAMAGE,HIGH,Field observation of road_damage event on Guwahati-Shillong Expressway,PARTIAL,1,1,LOCAL_SCOUT
FR001442,V0350,2026-09-11 01:12:00,Meghalaya,West Jaintia Hills,25.3745,92.2249,ROAD_DAMAGE,LOW,Field observation of road_damage event on Jowai Bypass,OPEN,0,1,LOCAL_SCOUT
FR001443,V0438,2026-09-11 02:24:00,Sikkim,East Sikkim,27.2289,88.5535,FLOOD,LOW,Field observation of flood event on Sevoke-Gangtok Hwy,OPEN,1,1,FIELD_OFFICER
FR001444,V0194,2026-09-11 03:36:00,Sikkim,North Sikkim,27.465,88.527,ACCIDENT,CRITICAL,Field observation of accident event on Mangan-Chungthang Road,BLOCKED,0,1,LOCAL_SCOUT
FR001445,V0126,2026-09-11 04:48:00,Sikkim,South Sikkim,27.0376,88.2999,ROAD_DAMAGE,HIGH,Field observation of road_damage event on Namchi-Jorethang Rd,PARTIAL,1,0,FIELD_OFFICER
FR001446,V0164,2026-09-11 06:00:00,Nagaland,Kohima,25.707,94.1598,FLOOD,CRITICAL,Field observation of flood event on Dimapur-Kohima Corridor,BLOCKED,1,1,DRIVER
FR001447,V0148,2026-09-11 07:12:00,Nagaland,Dimapur,25.7705,93.6536,ROCKFALL,MEDIUM,Field observation of rockfall event on Dimapur Gateway,PARTIAL,0,1,LOCAL_SCOUT
FR001448,V0317,2026-09-11 08:24:00,Nagaland,Mokokchung,26.3764,94.4097,HEAVY_RAIN,LOW,Field observation of heavy_rain event on Mokokchung-Amguri Rd,OPEN,0,1,LOCAL_SCOUT
FR001449,V0279,2026-09-11 09:36:00,Manipur,Imphal West,24.7451,93.9379,ACCIDENT,HIGH,Field observation of accident event on Imphal Ring Road,PARTIAL,1,1,FIELD_OFFICER
FR001450,V0294,2026-09-11 10:48:00,Manipur,Bishnupur,24.5093,93.8276,LANDSLIDE,CRITICAL,Field observation of landslide event on Imphal-Churachandpur Hwy,BLOCKED,1,0,FIELD_OFFICER
FR001451,V0115,2026-09-11 12:00:00,Manipur,Senapati,25.1232,93.8984,LANDSLIDE,CRITICAL,Field observation of landslide event on Mao-Maram Highway,BLOCKED,1,1,BORDER_ROAD_CREW
FR001452,V0330,2026-09-11 13:12:00,Mizoram,Aizawl,23.6853,92.6966,ROAD_DAMAGE,HIGH,Field observation of road_damage event on Silchar-Aizawl Hwy,PARTIAL,0,1,DRIVER
FR001453,V0370,2026-09-11 14:24:00,Mizoram,Kolasib,24.2985,92.6091,HEAVY_RAIN,LOW,Field observation of heavy_rain event on Vairengte-Kolasib Corridor,OPEN,1,1,FIELD_OFFICER
FR001454,V0187,2026-09-11 15:36:00,Mizoram,Lunglei,22.9511,92.7374,ROAD_DAMAGE,LOW,Field observation of road_damage event on Aizawl-Lunglei Road,OPEN,1,1,FIELD_OFFICER
FR001455,V0383,2026-09-11 16:48:00,Tripura,West Tripura,23.8725,91.2688,HEAVY_RAIN,CRITICAL,Field observation of heavy_rain event on Assam-Agartala National Hwy,BLOCKED,0,1,BORDER_ROAD_CREW
FR001456,V0408,2026-09-11 18:00:00,Tripura,Sipahijala,23.4958,91.2401,ROCKFALL,LOW,Field observation of rockfall event on Agartala-Udaipur Hwy,OPEN,0,0,LOCAL_SCOUT
FR001457,V0131,2026-09-11 19:12:00,Tripura,Dhalai,23.9686,91.8485,ROCKFALL,CRITICAL,Field observation of rockfall event on Ambassa Corridor,BLOCKED,1,0,BORDER_ROAD_CREW
FR001458,V0361,2026-09-11 20:24:00,Arunachal Pradesh,Tawang,27.5817,91.8573,LANDSLIDE,CRITICAL,Field observation of landslide event on Bhalukpong-Tawang Hwy,BLOCKED,1,0,FIELD_OFFICER
FR001459,V0208,2026-09-11 21:36:00,Arunachal Pradesh,West Kameng,27.2194,92.327,LANDSLIDE,HIGH,Field observation of landslide event on Trans-Arunachal Hwy,PARTIAL,0,1,DRIVER
FR001460,V0371,2026-09-11 22:48:00,Arunachal Pradesh,Papum Pare,27.103,93.5484,ACCIDENT,HIGH,Field observation of accident event on Itanagar-Naharlagun Corridor,PARTIAL,1,1,DRIVER
FR001461,V0298,2026-09-12 00:00:00,Arunachal Pradesh,East Siang,28.2154,95.1772,HEAVY_RAIN,MEDIUM,Field observation of heavy_rain event on Pasighat Corridor,PARTIAL,0,1,BORDER_ROAD_CREW
FR001462,V0436,2026-09-12 01:12:00,Arunachal Pradesh,Lower Subansiri,27.4231,93.9105,ROAD_DAMAGE,HIGH,Field observation of road_damage event on Ziro-Yachuli Road,PARTIAL,0,1,DRIVER
FR001463,V0201,2026-09-12 02:24:00,Assam,Kamrup Metropolitan,26.0798,91.8806,ROAD_DAMAGE,MEDIUM,Field observation of road_damage event on East-West Corridor,PARTIAL,1,1,DRIVER
FR001464,V0371,2026-09-12 03:36:00,Assam,Kamrup Rural,26.3204,91.6631,ACCIDENT,HIGH,Field observation of accident event on Amingaon-Rangia Hwy,PARTIAL,1,1,BORDER_ROAD_CREW
FR001465,V0338,2026-09-12 04:48:00,Assam,Darrang,26.5143,92.025,ROAD_DAMAGE,LOW,Field observation of road_damage event on North Bank Hwy,OPEN,1,1,BORDER_ROAD_CREW
FR001466,V0204,2026-09-12 06:00:00,Assam,Sonitpur,26.4855,92.9335,ROAD_DAMAGE,HIGH,Field observation of road_damage event on Tezpur-Biswanath Hwy,PARTIAL,0,0,LOCAL_SCOUT
FR001467,V0200,2026-09-12 07:12:00,Assam,Dibrugarh,27.607,95.0619,FLOOD,HIGH,Field observation of flood event on Upper Assam Hwy,PARTIAL,1,1,FIELD_OFFICER
FR001468,V0428,2026-09-12 08:24:00,Assam,Cachar,24.7467,92.6435,ROCKFALL,LOW,Field observation of rockfall event on Silchar-Badarpur Corridor,OPEN,0,0,FIELD_OFFICER
FR001469,V0314,2026-09-12 09:36:00,Assam,Nagaon,26.4183,92.6981,ROCKFALL,LOW,Field observation of rockfall event on Kaziranga Bypass,OPEN,0,0,FIELD_OFFICER
FR001470,V0301,2026-09-12 10:48:00,Meghalaya,East Khasi Hills,25.4822,92.0328,HEAVY_RAIN,LOW,Field observation of heavy_rain event on Shillong-Dawki Hwy,OPEN,1,1,FIELD_OFFICER
FR001471,V0417,2026-09-12 12:00:00,Meghalaya,West Khasi Hills,25.4225,91.2266,ACCIDENT,CRITICAL,Field observation of accident event on Nongstoin Road,BLOCKED,0,0,BORDER_ROAD_CREW
FR001472,V0125,2026-09-12 13:12:00,Meghalaya,Ri-Bhoi,25.9462,91.7662,LANDSLIDE,LOW,Field observation of landslide event on Guwahati-Shillong Expressway,OPEN,1,1,BORDER_ROAD_CREW
FR001473,V0131,2026-09-12 14:24:00,Meghalaya,West Jaintia Hills,25.5765,92.3211,ROCKFALL,MEDIUM,Field observation of rockfall event on Jowai Bypass,PARTIAL,0,1,DRIVER
FR001474,V0348,2026-09-12 15:36:00,Sikkim,East Sikkim,27.4385,88.6103,LANDSLIDE,MEDIUM,Field observation of landslide event on Sevoke-Gangtok Hwy,PARTIAL,0,0,DRIVER
FR001475,V0353,2026-09-12 16:48:00,Sikkim,North Sikkim,27.4305,88.5801,ROCKFALL,MEDIUM,Field observation of rockfall event on Mangan-Chungthang Road,PARTIAL,1,0,BORDER_ROAD_CREW
FR001476,V0283,2026-09-12 18:00:00,Sikkim,South Sikkim,27.2042,88.3302,LANDSLIDE,CRITICAL,Field observation of landslide event on Namchi-Jorethang Rd,BLOCKED,1,1,BORDER_ROAD_CREW
FR001477,V0295,2026-09-12 19:12:00,Nagaland,Kohima,25.8171,94.1615,ROCKFALL,LOW,Field observation of rockfall event on Dimapur-Kohima Corridor,OPEN,1,0,LOCAL_SCOUT
FR001478,V0377,2026-09-12 20:24:00,Nagaland,Dimapur,25.9054,93.7664,ROAD_DAMAGE,CRITICAL,Field observation of road_damage event on Dimapur Gateway,BLOCKED,1,0,DRIVER
FR001479,V0212,2026-09-12 21:36:00,Nagaland,Mokokchung,26.1988,94.6105,FLOOD,MEDIUM,Field observation of flood event on Mokokchung-Amguri Rd,PARTIAL,0,1,DRIVER
FR001480,V0107,2026-09-12 22:48:00,Manipur,Imphal West,24.9379,94.0393,HEAVY_RAIN,HIGH,Field observation of heavy_rain event on Imphal Ring Road,PARTIAL,1,1,BORDER_ROAD_CREW
FR001481,V0405,2026-09-13 00:00:00,Manipur,Bishnupur,24.6477,93.8897,ACCIDENT,CRITICAL,Field observation of accident event on Imphal-Churachandpur Hwy,BLOCKED,0,1,BORDER_ROAD_CREW
FR001482,V0189,2026-09-13 01:12:00,Manipur,Senapati,25.1383,94.0583,LANDSLIDE,MEDIUM,Field observation of landslide event on Mao-Maram Highway,PARTIAL,0,0,FIELD_OFFICER
FR001483,V0402,2026-09-13 02:24:00,Mizoram,Aizawl,23.7528,92.7982,ROAD_DAMAGE,HIGH,Field observation of road_damage event on Silchar-Aizawl Hwy,PARTIAL,1,1,LOCAL_SCOUT
FR001484,V0308,2026-09-13 03:36:00,Mizoram,Kolasib,24.1239,92.5847,ROAD_DAMAGE,MEDIUM,Field observation of road_damage event on Vairengte-Kolasib Corridor,PARTIAL,0,0,LOCAL_SCOUT
FR001485,V0137,2026-09-13 04:48:00,Mizoram,Lunglei,22.9413,92.6842,ACCIDENT,CRITICAL,Field observation of accident event on Aizawl-Lunglei Road,BLOCKED,0,0,LOCAL_SCOUT
FR001486,V0354,2026-09-13 06:00:00,Tripura,West Tripura,23.8686,91.2163,ACCIDENT,MEDIUM,Field observation of accident event on Assam-Agartala National Hwy,PARTIAL,0,1,LOCAL_SCOUT
FR001487,V0168,2026-09-13 07:12:00,Tripura,Sipahijala,23.5405,91.3861,FLOOD,CRITICAL,Field observation of flood event on Agartala-Udaipur Hwy,BLOCKED,0,1,FIELD_OFFICER
FR001488,V0444,2026-09-13 08:24:00,Tripura,Dhalai,23.8301,91.7054,HEAVY_RAIN,MEDIUM,Field observation of heavy_rain event on Ambassa Corridor,PARTIAL,0,1,BORDER_ROAD_CREW
FR001489,V0410,2026-09-13 09:36:00,Arunachal Pradesh,Tawang,27.5792,91.9169,ROCKFALL,CRITICAL,Field observation of rockfall event on Bhalukpong-Tawang Hwy,BLOCKED,1,0,FIELD_OFFICER
FR001490,V0340,2026-09-13 10:48:00,Arunachal Pradesh,West Kameng,27.3323,92.3567,FLOOD,HIGH,Field observation of flood event on Trans-Arunachal Hwy,PARTIAL,1,1,BORDER_ROAD_CREW
FR001491,V0419,2026-09-13 12:00:00,Arunachal Pradesh,Papum Pare,27.1525,93.6737,HEAVY_RAIN,LOW,Field observation of heavy_rain event on Itanagar-Naharlagun Corridor,OPEN,1,1,FIELD_OFFICER
FR001492,V0217,2026-09-13 13:12:00,Arunachal Pradesh,East Siang,27.9565,95.2332,HEAVY_RAIN,LOW,Field observation of heavy_rain event on Pasighat Corridor,OPEN,1,0,DRIVER
FR001493,V0430,2026-09-13 14:24:00,Arunachal Pradesh,Lower Subansiri,27.6577,93.7428,FLOOD,HIGH,Field observation of flood event on Ziro-Yachuli Road,PARTIAL,1,1,FIELD_OFFICER
FR001494,V0326,2026-09-13 15:36:00,Assam,Kamrup Metropolitan,26.2471,91.8437,ROCKFALL,HIGH,Field observation of rockfall event on East-West Corridor,PARTIAL,0,1,FIELD_OFFICER
FR001495,V0397,2026-09-13 16:48:00,Assam,Kamrup Rural,26.174,91.5542,ROCKFALL,HIGH,Field observation of rockfall event on Amingaon-Rangia Hwy,PARTIAL,0,1,LOCAL_SCOUT
FR001496,V0321,2026-09-13 18:00:00,Assam,Darrang,26.5236,92.0146,ACCIDENT,MEDIUM,Field observation of accident event on North Bank Hwy,PARTIAL,1,1,BORDER_ROAD_CREW
FR001497,V0283,2026-09-13 19:12:00,Assam,Sonitpur,26.6594,92.703,ACCIDENT,LOW,Field observation of accident event on Tezpur-Biswanath Hwy,OPEN,0,1,FIELD_OFFICER
FR001498,V0251,2026-09-13 20:24:00,Assam,Dibrugarh,27.423,94.7928,LANDSLIDE,HIGH,Field observation of landslide event on Upper Assam Hwy,PARTIAL,1,0,FIELD_OFFICER
FR001499,V0235,2026-09-13 21:36:00,Assam,Cachar,24.9379,92.85,ROCKFALL,CRITICAL,Field observation of rockfall event on Silchar-Badarpur Corridor,BLOCKED,0,1,DRIVER
FR001500,V0387,2026-09-13 22:48:00,Assam,Nagaon,26.2063,92.6539,FLOOD,HIGH,Field observation of flood event on Kaziranga Bypass,PARTIAL,1,1,FIELD_OFFICER
FR001501,V0152,2026-09-14 00:00:00,Meghalaya,East Khasi Hills,25.6324,91.9883,ACCIDENT,MEDIUM,Field observation of accident event on Shillong-Dawki Hwy,PARTIAL,0,0,BORDER_ROAD_CREW
FR001502,V0351,2026-09-14 01:12:00,Meghalaya,West Khasi Hills,25.3657,91.2829,ROCKFALL,MEDIUM,Field observation of rockfall event on Nongstoin Road,PARTIAL,1,1,LOCAL_SCOUT
FR001503,V0264,2026-09-14 02:24:00,Meghalaya,Ri-Bhoi,25.8751,91.872,ACCIDENT,MEDIUM,Field observation of accident event on Guwahati-Shillong Expressway,PARTIAL,0,1,BORDER_ROAD_CREW
FR001504,V0375,2026-09-14 03:36:00,Meghalaya,West Jaintia Hills,25.4345,92.1809,HEAVY_RAIN,MEDIUM,Field observation of heavy_rain event on Jowai Bypass,PARTIAL,0,1,BORDER_ROAD_CREW
FR001505,V0251,2026-09-14 04:48:00,Sikkim,East Sikkim,27.2921,88.5261,FLOOD,LOW,Field observation of flood event on Sevoke-Gangtok Hwy,OPEN,1,1,BORDER_ROAD_CREW
FR001506,V0352,2026-09-14 06:00:00,Sikkim,North Sikkim,27.6265,88.656,ROAD_DAMAGE,CRITICAL,Field observation of road_damage event on Mangan-Chungthang Road,BLOCKED,1,0,BORDER_ROAD_CREW
FR001507,V0139,2026-09-14 07:12:00,Sikkim,South Sikkim,27.108,88.4134,ROCKFALL,LOW,Field observation of rockfall event on Namchi-Jorethang Rd,OPEN,1,1,FIELD_OFFICER
FR001508,V0262,2026-09-14 08:24:00,Nagaland,Kohima,25.7455,94.1974,FLOOD,LOW,Field observation of flood event on Dimapur-Kohima Corridor,OPEN,0,1,DRIVER
FR001509,V0184,2026-09-14 09:36:00,Nagaland,Dimapur,25.819,93.7847,FLOOD,CRITICAL,Field observation of flood event on Dimapur Gateway,BLOCKED,0,1,LOCAL_SCOUT
FR001510,V0252,2026-09-14 10:48:00,Nagaland,Mokokchung,26.2348,94.5517,HEAVY_RAIN,HIGH,Field observation of heavy_rain event on Mokokchung-Amguri Rd,PARTIAL,1,1,DRIVER
FR001511,V0385,2026-09-14 12:00:00,Manipur,Imphal West,24.8151,93.8572,ROCKFALL,CRITICAL,Field observation of rockfall event on Imphal Ring Road,BLOCKED,0,1,LOCAL_SCOUT
FR001512,V0343,2026-09-14 13:12:00,Manipur,Bishnupur,24.7467,93.7216,ACCIDENT,LOW,Field observation of accident event on Imphal-Churachandpur Hwy,OPEN,1,1,FIELD_OFFICER
FR001513,V0335,2026-09-14 14:24:00,Manipur,Senapati,25.261,94.102,HEAVY_RAIN,CRITICAL,Field observation of heavy_rain event on Mao-Maram Highway,BLOCKED,0,1,FIELD_OFFICER
FR001514,V0390,2026-09-14 15:36:00,Mizoram,Aizawl,23.6133,92.6348,FLOOD,MEDIUM,Field observation of flood event on Silchar-Aizawl Hwy,PARTIAL,1,1,FIELD_OFFICER
FR001515,V0372,2026-09-14 16:48:00,Mizoram,Kolasib,24.3008,92.761,ACCIDENT,LOW,Field observation of accident event on Vairengte-Kolasib Corridor,OPEN,1,1,BORDER_ROAD_CREW
FR001516,V0169,2026-09-14 18:00:00,Mizoram,Lunglei,22.937,92.7446,ACCIDENT,HIGH,Field observation of accident event on Aizawl-Lunglei Road,PARTIAL,1,1,BORDER_ROAD_CREW
FR001517,V0392,2026-09-14 19:12:00,Tripura,West Tripura,23.9654,91.3765,FLOOD,HIGH,Field observation of flood event on Assam-Agartala National Hwy,PARTIAL,1,1,LOCAL_SCOUT
FR001518,V0143,2026-09-14 20:24:00,Tripura,Sipahijala,23.7195,91.3449,ROCKFALL,LOW,Field observation of rockfall event on Agartala-Udaipur Hwy,OPEN,0,0,FIELD_OFFICER
FR001519,V0390,2026-09-14 21:36:00,Tripura,Dhalai,23.7126,91.7316,LANDSLIDE,MEDIUM,Field observation of landslide event on Ambassa Corridor,PARTIAL,1,0,DRIVER
FR001520,V0203,2026-09-14 22:48:00,Arunachal Pradesh,Tawang,27.5446,91.9279,ROAD_DAMAGE,CRITICAL,Field observation of road_damage event on Bhalukpong-Tawang Hwy,BLOCKED,1,0,LOCAL_SCOUT
FR001521,V0422,2026-09-15 00:00:00,Arunachal Pradesh,West Kameng,27.3343,92.2957,ROAD_DAMAGE,MEDIUM,Field observation of road_damage event on Trans-Arunachal Hwy,PARTIAL,1,1,DRIVER
FR001522,V0256,2026-09-15 01:12:00,Arunachal Pradesh,Papum Pare,26.9873,93.5272,ROCKFALL,HIGH,Field observation of rockfall event on Itanagar-Naharlagun Corridor,PARTIAL,1,1,FIELD_OFFICER
FR001523,V0449,2026-09-15 02:24:00,Arunachal Pradesh,East Siang,28.1664,95.3181,ACCIDENT,HIGH,Field observation of accident event on Pasighat Corridor,PARTIAL,1,1,FIELD_OFFICER
FR001524,V0101,2026-09-15 03:36:00,Arunachal Pradesh,Lower Subansiri,27.5117,93.9065,ROAD_DAMAGE,HIGH,Field observation of road_damage event on Ziro-Yachuli Road,PARTIAL,1,1,DRIVER
FR001525,V0110,2026-09-15 04:48:00,Assam,Kamrup Metropolitan,26.2205,91.7451,ROAD_DAMAGE,MEDIUM,Field observation of road_damage event on East-West Corridor,PARTIAL,1,1,LOCAL_SCOUT
FR001526,V0285,2026-09-15 06:00:00,Assam,Kamrup Rural,26.159,91.5348,ROCKFALL,LOW,Field observation of rockfall event on Amingaon-Rangia Hwy,OPEN,1,1,BORDER_ROAD_CREW
FR001527,V0127,2026-09-15 07:12:00,Assam,Darrang,26.5067,92.1641,FLOOD,MEDIUM,Field observation of flood event on North Bank Hwy,PARTIAL,1,1,DRIVER
FR001528,V0182,2026-09-15 08:24:00,Assam,Sonitpur,26.7257,92.9257,ACCIDENT,HIGH,Field observation of accident event on Tezpur-Biswanath Hwy,PARTIAL,1,1,FIELD_OFFICER
FR001529,V0119,2026-09-15 09:36:00,Assam,Dibrugarh,27.5545,94.8922,ROAD_DAMAGE,LOW,Field observation of road_damage event on Upper Assam Hwy,OPEN,1,1,LOCAL_SCOUT
FR001530,V0185,2026-09-15 10:48:00,Assam,Cachar,24.8757,92.8997,ROCKFALL,LOW,Field observation of rockfall event on Silchar-Badarpur Corridor,OPEN,1,0,LOCAL_SCOUT
FR001531,V0405,2026-09-15 12:00:00,Assam,Nagaon,26.4349,92.7967,HEAVY_RAIN,LOW,Field observation of heavy_rain event on Kaziranga Bypass,OPEN,0,1,FIELD_OFFICER
FR001532,V0402,2026-09-15 13:12:00,Meghalaya,East Khasi Hills,25.639,92.0054,HEAVY_RAIN,LOW,Field observation of heavy_rain event on Shillong-Dawki Hwy,OPEN,1,0,FIELD_OFFICER
FR001533,V0158,2026-09-15 14:24:00,Meghalaya,West Khasi Hills,25.3624,91.1939,ROAD_DAMAGE,HIGH,Field observation of road_damage event on Nongstoin Road,PARTIAL,0,1,DRIVER
FR001534,V0206,2026-09-15 15:36:00,Meghalaya,Ri-Bhoi,25.8712,91.9232,ROAD_DAMAGE,MEDIUM,Field observation of road_damage event on Guwahati-Shillong Expressway,PARTIAL,0,1,LOCAL_SCOUT
FR001535,V0366,2026-09-15 16:48:00,Meghalaya,West Jaintia Hills,25.4956,92.2592,LANDSLIDE,MEDIUM,Field observation of landslide event on Jowai Bypass,PARTIAL,1,1,FIELD_OFFICER
FR001536,V0154,2026-09-15 18:00:00,Sikkim,East Sikkim,27.4215,88.7208,LANDSLIDE,CRITICAL,Field observation of landslide event on Sevoke-Gangtok Hwy,BLOCKED,1,1,DRIVER
FR001537,V0206,2026-09-15 19:12:00,Sikkim,North Sikkim,27.5675,88.622,FLOOD,CRITICAL,Field observation of flood event on Mangan-Chungthang Road,BLOCKED,0,1,BORDER_ROAD_CREW
FR001538,V0154,2026-09-15 20:24:00,Sikkim,South Sikkim,27.0841,88.3535,ROAD_DAMAGE,MEDIUM,Field observation of road_damage event on Namchi-Jorethang Rd,PARTIAL,0,1,FIELD_OFFICER
FR001539,V0364,2026-09-15 21:36:00,Nagaland,Kohima,25.5731,93.967,ACCIDENT,MEDIUM,Field observation of accident event on Dimapur-Kohima Corridor,PARTIAL,0,1,DRIVER
FR001540,V0362,2026-09-15 22:48:00,Nagaland,Dimapur,26.0065,93.6687,ROAD_DAMAGE,LOW,Field observation of road_damage event on Dimapur Gateway,OPEN,1,1,LOCAL_SCOUT
FR001541,V0372,2026-09-16 00:00:00,Nagaland,Mokokchung,26.193,94.4819,LANDSLIDE,HIGH,Field observation of landslide event on Mokokchung-Amguri Rd,PARTIAL,0,0,DRIVER
FR001542,V0194,2026-09-16 01:12:00,Manipur,Imphal West,24.894,94.0692,ROCKFALL,MEDIUM,Field observation of rockfall event on Imphal Ring Road,PARTIAL,1,1,LOCAL_SCOUT
FR001543,V0445,2026-09-16 02:24:00,Manipur,Bishnupur,24.6183,93.9094,ACCIDENT,MEDIUM,Field observation of accident event on Imphal-Churachandpur Hwy,PARTIAL,1,1,FIELD_OFFICER
FR001544,V0323,2026-09-16 03:36:00,Manipur,Senapati,25.3244,94.1413,LANDSLIDE,LOW,Field observation of landslide event on Mao-Maram Highway,OPEN,1,1,DRIVER
FR001545,V0118,2026-09-16 04:48:00,Mizoram,Aizawl,23.6822,92.653,ROAD_DAMAGE,HIGH,Field observation of road_damage event on Silchar-Aizawl Hwy,PARTIAL,1,0,FIELD_OFFICER
FR001546,V0270,2026-09-16 06:00:00,Mizoram,Kolasib,24.112,92.6433,ACCIDENT,CRITICAL,Field observation of accident event on Vairengte-Kolasib Corridor,BLOCKED,0,1,FIELD_OFFICER
FR001547,V0205,2026-09-16 07:12:00,Mizoram,Lunglei,22.9047,92.8369,HEAVY_RAIN,LOW,Field observation of heavy_rain event on Aizawl-Lunglei Road,OPEN,1,1,LOCAL_SCOUT
FR001548,V0397,2026-09-16 08:24:00,Tripura,West Tripura,23.8092,91.2604,LANDSLIDE,LOW,Field observation of landslide event on Assam-Agartala National Hwy,OPEN,0,1,LOCAL_SCOUT
FR001549,V0428,2026-09-16 09:36:00,Tripura,Sipahijala,23.6279,91.2958,ROAD_DAMAGE,HIGH,Field observation of road_damage event on Agartala-Udaipur Hwy,PARTIAL,1,1,LOCAL_SCOUT
FR001550,V0267,2026-09-16 10:48:00,Tripura,Dhalai,23.8677,91.9336,FLOOD,HIGH,Field observation of flood event on Ambassa Corridor,PARTIAL,0,1,DRIVER
FR001551,V0415,2026-09-16 12:00:00,Arunachal Pradesh,Tawang,27.5631,91.8414,ACCIDENT,LOW,Field observation of accident event on Bhalukpong-Tawang Hwy,OPEN,1,1,BORDER_ROAD_CREW
FR001552,V0381,2026-09-16 13:12:00,Arunachal Pradesh,West Kameng,27.2396,92.3148,ROAD_DAMAGE,HIGH,Field observation of road_damage event on Trans-Arunachal Hwy,PARTIAL,1,0,LOCAL_SCOUT
FR001553,V0182,2026-09-16 14:24:00,Arunachal Pradesh,Papum Pare,26.9892,93.678,HEAVY_RAIN,CRITICAL,Field observation of heavy_rain event on Itanagar-Naharlagun Corridor,BLOCKED,1,0,BORDER_ROAD_CREW
FR001554,V0244,2026-09-16 15:36:00,Arunachal Pradesh,East Siang,28.0526,95.1858,HEAVY_RAIN,LOW,Field observation of heavy_rain event on Pasighat Corridor,OPEN,1,0,FIELD_OFFICER
FR001555,V0278,2026-09-16 16:48:00,Arunachal Pradesh,Lower Subansiri,27.6855,93.8605,FLOOD,HIGH,Field observation of flood event on Ziro-Yachuli Road,PARTIAL,1,1,FIELD_OFFICER
FR001556,V0305,2026-09-16 18:00:00,Assam,Kamrup Metropolitan,26.0814,91.743,ROAD_DAMAGE,HIGH,Field observation of road_damage event on East-West Corridor,PARTIAL,0,1,FIELD_OFFICER
FR001557,V0309,2026-09-16 19:12:00,Assam,Kamrup Rural,26.126,91.5578,ACCIDENT,LOW,Field observation of accident event on Amingaon-Rangia Hwy,OPEN,0,1,BORDER_ROAD_CREW
FR001558,V0328,2026-09-16 20:24:00,Assam,Darrang,26.4285,92.162,ROCKFALL,HIGH,Field observation of rockfall event on North Bank Hwy,PARTIAL,0,1,LOCAL_SCOUT
FR001559,V0331,2026-09-16 21:36:00,Assam,Sonitpur,26.7295,92.7892,HEAVY_RAIN,LOW,Field observation of heavy_rain event on Tezpur-Biswanath Hwy,OPEN,1,0,DRIVER
FR001560,V0240,2026-09-16 22:48:00,Assam,Dibrugarh,27.3362,94.9064,FLOOD,CRITICAL,Field observation of flood event on Upper Assam Hwy,BLOCKED,1,1,DRIVER
FR001561,V0393,2026-09-17 00:00:00,Assam,Cachar,24.9177,92.7715,HEAVY_RAIN,HIGH,Field observation of heavy_rain event on Silchar-Badarpur Corridor,PARTIAL,1,0,DRIVER
FR001562,V0271,2026-09-17 01:12:00,Assam,Nagaon,26.2368,92.7249,ROAD_DAMAGE,HIGH,Field observation of road_damage event on Kaziranga Bypass,PARTIAL,1,0,LOCAL_SCOUT
FR001563,V0373,2026-09-17 02:24:00,Meghalaya,East Khasi Hills,25.6887,91.8409,FLOOD,LOW,Field observation of flood event on Shillong-Dawki Hwy,OPEN,0,1,DRIVER
FR001564,V0405,2026-09-17 03:36:00,Meghalaya,West Khasi Hills,25.4762,91.3801,ACCIDENT,CRITICAL,Field observation of accident event on Nongstoin Road,BLOCKED,0,1,FIELD_OFFICER
FR001565,V0157,2026-09-17 04:48:00,Meghalaya,Ri-Bhoi,26.017,91.9508,FLOOD,HIGH,Field observation of flood event on Guwahati-Shillong Expressway,PARTIAL,1,0,DRIVER
FR001566,V0359,2026-09-17 06:00:00,Meghalaya,West Jaintia Hills,25.3074,92.239,HEAVY_RAIN,HIGH,Field observation of heavy_rain event on Jowai Bypass,PARTIAL,1,1,DRIVER
FR001567,V0358,2026-09-17 07:12:00,Sikkim,East Sikkim,27.226,88.6243,ROCKFALL,HIGH,Field observation of rockfall event on Sevoke-Gangtok Hwy,PARTIAL,1,1,DRIVER
FR001568,V0289,2026-09-17 08:24:00,Sikkim,North Sikkim,27.5773,88.6872,FLOOD,MEDIUM,Field observation of flood event on Mangan-Chungthang Road,PARTIAL,1,1,FIELD_OFFICER
FR001569,V0399,2026-09-17 09:36:00,Sikkim,South Sikkim,27.2891,88.2361,HEAVY_RAIN,LOW,Field observation of heavy_rain event on Namchi-Jorethang Rd,OPEN,1,0,BORDER_ROAD_CREW
FR001570,V0167,2026-09-17 10:48:00,Nagaland,Kohima,25.6076,94.0203,HEAVY_RAIN,LOW,Field observation of heavy_rain event on Dimapur-Kohima Corridor,OPEN,1,0,DRIVER
FR001571,V0155,2026-09-17 12:00:00,Nagaland,Dimapur,25.8901,93.8196,ROCKFALL,LOW,Field observation of rockfall event on Dimapur Gateway,OPEN,0,0,LOCAL_SCOUT
FR001572,V0400,2026-09-17 13:12:00,Nagaland,Mokokchung,26.3224,94.6502,HEAVY_RAIN,MEDIUM,Field observation of heavy_rain event on Mokokchung-Amguri Rd,PARTIAL,1,1,FIELD_OFFICER
FR001573,V0116,2026-09-17 14:24:00,Manipur,Imphal West,24.9249,93.882,ROCKFALL,HIGH,Field observation of rockfall event on Imphal Ring Road,PARTIAL,0,1,FIELD_OFFICER
FR001574,V0205,2026-09-17 15:36:00,Manipur,Bishnupur,24.6449,93.7001,FLOOD,CRITICAL,Field observation of flood event on Imphal-Churachandpur Hwy,BLOCKED,0,0,LOCAL_SCOUT
FR001575,V0360,2026-09-17 16:48:00,Manipur,Senapati,25.202,93.9822,LANDSLIDE,LOW,Field observation of landslide event on Mao-Maram Highway,OPEN,1,1,FIELD_OFFICER
FR001576,V0306,2026-09-17 18:00:00,Mizoram,Aizawl,23.6315,92.7816,FLOOD,HIGH,Field observation of flood event on Silchar-Aizawl Hwy,PARTIAL,0,1,BORDER_ROAD_CREW
FR001577,V0288,2026-09-17 19:12:00,Mizoram,Kolasib,24.1938,92.6273,ROAD_DAMAGE,CRITICAL,Field observation of road_damage event on Vairengte-Kolasib Corridor,BLOCKED,1,1,FIELD_OFFICER
FR001578,V0436,2026-09-17 20:24:00,Mizoram,Lunglei,22.7456,92.6619,LANDSLIDE,MEDIUM,Field observation of landslide event on Aizawl-Lunglei Road,PARTIAL,1,0,LOCAL_SCOUT
FR001579,V0365,2026-09-17 21:36:00,Tripura,West Tripura,23.9072,91.2523,HEAVY_RAIN,HIGH,Field observation of heavy_rain event on Assam-Agartala National Hwy,PARTIAL,1,1,BORDER_ROAD_CREW
FR001580,V0308,2026-09-17 22:48:00,Tripura,Sipahijala,23.6509,91.1816,HEAVY_RAIN,LOW,Field observation of heavy_rain event on Agartala-Udaipur Hwy,OPEN,1,1,BORDER_ROAD_CREW
FR001581,V0277,2026-09-18 00:00:00,Tripura,Dhalai,23.9658,91.7807,LANDSLIDE,CRITICAL,Field observation of landslide event on Ambassa Corridor,BLOCKED,0,1,DRIVER
FR001582,V0438,2026-09-18 01:12:00,Arunachal Pradesh,Tawang,27.6025,91.945,LANDSLIDE,CRITICAL,Field observation of landslide event on Bhalukpong-Tawang Hwy,BLOCKED,1,1,FIELD_OFFICER
FR001583,V0225,2026-09-18 02:24:00,Arunachal Pradesh,West Kameng,27.3684,92.416,LANDSLIDE,CRITICAL,Field observation of landslide event on Trans-Arunachal Hwy,BLOCKED,0,1,LOCAL_SCOUT
FR001584,V0419,2026-09-18 03:36:00,Arunachal Pradesh,Papum Pare,27.246,93.7012,HEAVY_RAIN,MEDIUM,Field observation of heavy_rain event on Itanagar-Naharlagun Corridor,PARTIAL,1,1,DRIVER
FR001585,V0279,2026-09-18 04:48:00,Arunachal Pradesh,East Siang,28.0825,95.1885,ROCKFALL,MEDIUM,Field observation of rockfall event on Pasighat Corridor,PARTIAL,0,0,DRIVER
FR001586,V0189,2026-09-18 06:00:00,Arunachal Pradesh,Lower Subansiri,27.4868,93.9716,HEAVY_RAIN,HIGH,Field observation of heavy_rain event on Ziro-Yachuli Road,PARTIAL,1,1,LOCAL_SCOUT
FR001587,V0315,2026-09-18 07:12:00,Assam,Kamrup Metropolitan,26.0765,91.6615,HEAVY_RAIN,HIGH,Field observation of heavy_rain event on East-West Corridor,PARTIAL,1,1,LOCAL_SCOUT
FR001588,V0259,2026-09-18 08:24:00,Assam,Kamrup Rural,26.2247,91.5875,ROCKFALL,LOW,Field observation of rockfall event on Amingaon-Rangia Hwy,OPEN,1,1,LOCAL_SCOUT
FR001589,V0286,2026-09-18 09:36:00,Assam,Darrang,26.4622,91.902,FLOOD,CRITICAL,Field observation of flood event on North Bank Hwy,BLOCKED,1,1,BORDER_ROAD_CREW
FR001590,V0249,2026-09-18 10:48:00,Assam,Sonitpur,26.5257,92.8095,ROCKFALL,MEDIUM,Field observation of rockfall event on Tezpur-Biswanath Hwy,PARTIAL,1,1,FIELD_OFFICER
FR001591,V0225,2026-09-18 12:00:00,Assam,Dibrugarh,27.4742,95.0026,ACCIDENT,LOW,Field observation of accident event on Upper Assam Hwy,OPEN,1,1,DRIVER
FR001592,V0315,2026-09-18 13:12:00,Assam,Cachar,24.7617,92.8547,FLOOD,HIGH,Field observation of flood event on Silchar-Badarpur Corridor,PARTIAL,1,1,FIELD_OFFICER
FR001593,V0193,2026-09-18 14:24:00,Assam,Nagaon,26.2917,92.5972,FLOOD,LOW,Field observation of flood event on Kaziranga Bypass,OPEN,1,1,FIELD_OFFICER
FR001594,V0435,2026-09-18 15:36:00,Meghalaya,East Khasi Hills,25.4689,92.02,ROCKFALL,MEDIUM,Field observation of rockfall event on Shillong-Dawki Hwy,PARTIAL,1,1,LOCAL_SCOUT
FR001595,V0137,2026-09-18 16:48:00,Meghalaya,West Khasi Hills,25.5618,91.2339,FLOOD,CRITICAL,Field observation of flood event on Nongstoin Road,BLOCKED,1,1,LOCAL_SCOUT
FR001596,V0432,2026-09-18 18:00:00,Meghalaya,Ri-Bhoi,25.8678,91.7543,ROCKFALL,CRITICAL,Field observation of rockfall event on Guwahati-Shillong Expressway,BLOCKED,1,0,BORDER_ROAD_CREW
FR001597,V0199,2026-09-18 19:12:00,Meghalaya,West Jaintia Hills,25.3093,92.2996,ROAD_DAMAGE,HIGH,Field observation of road_damage event on Jowai Bypass,PARTIAL,1,0,LOCAL_SCOUT
FR001598,V0374,2026-09-18 20:24:00,Sikkim,East Sikkim,27.4805,88.5694,ROCKFALL,CRITICAL,Field observation of rockfall event on Sevoke-Gangtok Hwy,BLOCKED,1,0,DRIVER
FR001599,V0318,2026-09-18 21:36:00,Sikkim,North Sikkim,27.5804,88.6091,ROCKFALL,MEDIUM,Field observation of rockfall event on Mangan-Chungthang Road,PARTIAL,0,0,LOCAL_SCOUT
FR001600,V0221,2026-09-18 22:48:00,Sikkim,South Sikkim,27.0779,88.2028,ROCKFALL,MEDIUM,Field observation of rockfall event on Namchi-Jorethang Rd,PARTIAL,1,1,DRIVER
FR001601,V0339,2026-09-19 00:00:00,Nagaland,Kohima,25.8015,94.0659,HEAVY_RAIN,LOW,Field observation of heavy_rain event on Dimapur-Kohima Corridor,OPEN,1,1,FIELD_OFFICER
FR001602,V0149,2026-09-19 01:12:00,Nagaland,Dimapur,25.9993,93.6438,ACCIDENT,MEDIUM,Field observation of accident event on Dimapur Gateway,PARTIAL,1,1,LOCAL_SCOUT
FR001603,V0307,2026-09-19 02:24:00,Nagaland,Mokokchung,26.3229,94.5812,LANDSLIDE,HIGH,Field observation of landslide event on Mokokchung-Amguri Rd,PARTIAL,1,1,BORDER_ROAD_CREW
FR001604,V0209,2026-09-19 03:36:00,Manipur,Imphal West,24.9133,93.9056,HEAVY_RAIN,MEDIUM,Field observation of heavy_rain event on Imphal Ring Road,PARTIAL,0,1,FIELD_OFFICER
FR001605,V0443,2026-09-19 04:48:00,Manipur,Bishnupur,24.5335,93.6726,LANDSLIDE,LOW,Field observation of landslide event on Imphal-Churachandpur Hwy,OPEN,0,0,LOCAL_SCOUT
FR001606,V0311,2026-09-19 06:00:00,Manipur,Senapati,25.2795,93.8796,ACCIDENT,LOW,Field observation of accident event on Mao-Maram Highway,OPEN,1,1,LOCAL_SCOUT
FR001607,V0439,2026-09-19 07:12:00,Mizoram,Aizawl,23.8572,92.8242,HEAVY_RAIN,LOW,Field observation of heavy_rain event on Silchar-Aizawl Hwy,OPEN,0,1,LOCAL_SCOUT
FR001608,V0222,2026-09-19 08:24:00,Mizoram,Kolasib,24.1276,92.7334,ACCIDENT,CRITICAL,Field observation of accident event on Vairengte-Kolasib Corridor,BLOCKED,0,0,LOCAL_SCOUT
FR001609,V0161,2026-09-19 09:36:00,Mizoram,Lunglei,22.9342,92.8549,HEAVY_RAIN,MEDIUM,Field observation of heavy_rain event on Aizawl-Lunglei Road,PARTIAL,1,0,DRIVER
FR001610,V0119,2026-09-19 10:48:00,Tripura,West Tripura,23.9644,91.1524,ACCIDENT,CRITICAL,Field observation of accident event on Assam-Agartala National Hwy,BLOCKED,1,1,BORDER_ROAD_CREW
FR001611,V0142,2026-09-19 12:00:00,Tripura,Sipahijala,23.6071,91.1985,FLOOD,HIGH,Field observation of flood event on Agartala-Udaipur Hwy,PARTIAL,1,1,LOCAL_SCOUT
FR001612,V0374,2026-09-19 13:12:00,Tripura,Dhalai,23.9277,91.9651,FLOOD,HIGH,Field observation of flood event on Ambassa Corridor,PARTIAL,1,1,FIELD_OFFICER
FR001613,V0331,2026-09-19 14:24:00,Arunachal Pradesh,Tawang,27.5958,91.8043,ACCIDENT,CRITICAL,Field observation of accident event on Bhalukpong-Tawang Hwy,BLOCKED,1,0,FIELD_OFFICER
FR001614,V0362,2026-09-19 15:36:00,Arunachal Pradesh,West Kameng,27.286,92.2735,ROCKFALL,HIGH,Field observation of rockfall event on Trans-Arunachal Hwy,PARTIAL,1,0,BORDER_ROAD_CREW
FR001615,V0183,2026-09-19 16:48:00,Arunachal Pradesh,Papum Pare,27.2377,93.7417,FLOOD,MEDIUM,Field observation of flood event on Itanagar-Naharlagun Corridor,PARTIAL,1,1,LOCAL_SCOUT
FR001616,V0379,2026-09-19 18:00:00,Arunachal Pradesh,East Siang,28.1038,95.205,ACCIDENT,HIGH,Field observation of accident event on Pasighat Corridor,PARTIAL,0,0,LOCAL_SCOUT
FR001617,V0122,2026-09-19 19:12:00,Arunachal Pradesh,Lower Subansiri,27.6392,93.9605,ROAD_DAMAGE,CRITICAL,Field observation of road_damage event on Ziro-Yachuli Road,BLOCKED,1,1,DRIVER
FR001618,V0243,2026-09-19 20:24:00,Assam,Kamrup Metropolitan,26.066,91.6884,FLOOD,HIGH,Field observation of flood event on East-West Corridor,PARTIAL,0,1,DRIVER
FR001619,V0351,2026-09-19 21:36:00,Assam,Kamrup Rural,26.106,91.4339,FLOOD,MEDIUM,Field observation of flood event on Amingaon-Rangia Hwy,PARTIAL,0,1,FIELD_OFFICER
FR001620,V0174,2026-09-19 22:48:00,Assam,Darrang,26.4896,92.0547,ROCKFALL,LOW,Field observation of rockfall event on North Bank Hwy,OPEN,0,0,DRIVER
FR001621,V0393,2026-09-20 00:00:00,Assam,Sonitpur,26.597,92.9096,HEAVY_RAIN,CRITICAL,Field observation of heavy_rain event on Tezpur-Biswanath Hwy,BLOCKED,1,1,FIELD_OFFICER
FR001622,V0385,2026-09-20 01:12:00,Assam,Dibrugarh,27.5985,94.8946,HEAVY_RAIN,CRITICAL,Field observation of heavy_rain event on Upper Assam Hwy,BLOCKED,0,1,DRIVER
FR001623,V0320,2026-09-20 02:24:00,Assam,Cachar,24.7138,92.6456,ROCKFALL,LOW,Field observation of rockfall event on Silchar-Badarpur Corridor,OPEN,1,1,DRIVER
FR001624,V0435,2026-09-20 03:36:00,Assam,Nagaon,26.2239,92.7596,LANDSLIDE,HIGH,Field observation of landslide event on Kaziranga Bypass,PARTIAL,1,1,BORDER_ROAD_CREW
FR001625,V0136,2026-09-20 04:48:00,Meghalaya,East Khasi Hills,25.616,91.8793,LANDSLIDE,LOW,Field observation of landslide event on Shillong-Dawki Hwy,OPEN,1,1,BORDER_ROAD_CREW
FR001626,V0284,2026-09-20 06:00:00,Meghalaya,West Khasi Hills,25.5458,91.2119,ACCIDENT,MEDIUM,Field observation of accident event on Nongstoin Road,PARTIAL,1,1,DRIVER
FR001627,V0348,2026-09-20 07:12:00,Meghalaya,Ri-Bhoi,25.9052,91.9063,ROCKFALL,LOW,Field observation of rockfall event on Guwahati-Shillong Expressway,OPEN,1,1,FIELD_OFFICER
FR001628,V0423,2026-09-20 08:24:00,Meghalaya,West Jaintia Hills,25.3203,92.2868,LANDSLIDE,LOW,Field observation of landslide event on Jowai Bypass,OPEN,1,1,FIELD_OFFICER
FR001629,V0300,2026-09-20 09:36:00,Sikkim,East Sikkim,27.3416,88.5631,LANDSLIDE,HIGH,Field observation of landslide event on Sevoke-Gangtok Hwy,PARTIAL,1,1,LOCAL_SCOUT
FR001630,V0327,2026-09-20 10:48:00,Sikkim,North Sikkim,27.4229,88.6391,ROCKFALL,LOW,Field observation of rockfall event on Mangan-Chungthang Road,OPEN,0,1,LOCAL_SCOUT
FR001631,V0126,2026-09-20 12:00:00,Sikkim,South Sikkim,27.1739,88.3955,ROCKFALL,LOW,Field observation of rockfall event on Namchi-Jorethang Rd,OPEN,1,1,FIELD_OFFICER
FR001632,V0275,2026-09-20 13:12:00,Nagaland,Kohima,25.7577,94.0028,ACCIDENT,MEDIUM,Field observation of accident event on Dimapur-Kohima Corridor,PARTIAL,0,0,BORDER_ROAD_CREW
FR001633,V0372,2026-09-20 14:24:00,Nagaland,Dimapur,26.0479,93.7328,ROAD_DAMAGE,MEDIUM,Field observation of road_damage event on Dimapur Gateway,PARTIAL,1,1,LOCAL_SCOUT
FR001634,V0158,2026-09-20 15:36:00,Nagaland,Mokokchung,26.3271,94.6206,LANDSLIDE,MEDIUM,Field observation of landslide event on Mokokchung-Amguri Rd,PARTIAL,1,1,BORDER_ROAD_CREW
FR001635,V0370,2026-09-20 16:48:00,Manipur,Imphal West,24.96,93.979,LANDSLIDE,HIGH,Field observation of landslide event on Imphal Ring Road,PARTIAL,1,1,LOCAL_SCOUT
FR001636,V0112,2026-09-20 18:00:00,Manipur,Bishnupur,24.6828,93.8229,ACCIDENT,HIGH,Field observation of accident event on Imphal-Churachandpur Hwy,PARTIAL,1,1,DRIVER
FR001637,V0136,2026-09-20 19:12:00,Manipur,Senapati,25.2835,94.1489,ROAD_DAMAGE,MEDIUM,Field observation of road_damage event on Mao-Maram Highway,PARTIAL,1,0,LOCAL_SCOUT
FR001638,V0351,2026-09-20 20:24:00,Mizoram,Aizawl,23.6086,92.8304,HEAVY_RAIN,CRITICAL,Field observation of heavy_rain event on Silchar-Aizawl Hwy,BLOCKED,1,1,FIELD_OFFICER
FR001639,V0295,2026-09-20 21:36:00,Mizoram,Kolasib,24.0711,92.5969,LANDSLIDE,LOW,Field observation of landslide event on Vairengte-Kolasib Corridor,OPEN,1,1,BORDER_ROAD_CREW
FR001640,V0288,2026-09-20 22:48:00,Mizoram,Lunglei,22.8742,92.8205,ROCKFALL,HIGH,Field observation of rockfall event on Aizawl-Lunglei Road,PARTIAL,0,1,LOCAL_SCOUT
FR001641,V0131,2026-09-21 00:00:00,Tripura,West Tripura,23.7431,91.1921,LANDSLIDE,MEDIUM,Field observation of landslide event on Assam-Agartala National Hwy,PARTIAL,1,1,LOCAL_SCOUT
FR001642,V0405,2026-09-21 01:12:00,Tripura,Sipahijala,23.494,91.1966,FLOOD,MEDIUM,Field observation of flood event on Agartala-Udaipur Hwy,PARTIAL,1,1,BORDER_ROAD_CREW
FR001643,V0158,2026-09-21 02:24:00,Tripura,Dhalai,23.9738,91.808,FLOOD,LOW,Field observation of flood event on Ambassa Corridor,OPEN,1,1,BORDER_ROAD_CREW
FR001644,V0246,2026-09-21 03:36:00,Arunachal Pradesh,Tawang,27.5018,91.788,HEAVY_RAIN,CRITICAL,Field observation of heavy_rain event on Bhalukpong-Tawang Hwy,BLOCKED,1,1,LOCAL_SCOUT
FR001645,V0267,2026-09-21 04:48:00,Arunachal Pradesh,West Kameng,27.1681,92.2723,ROCKFALL,MEDIUM,Field observation of rockfall event on Trans-Arunachal Hwy,PARTIAL,1,1,BORDER_ROAD_CREW
FR001646,V0109,2026-09-21 06:00:00,Arunachal Pradesh,Papum Pare,27.1998,93.5078,FLOOD,HIGH,Field observation of flood event on Itanagar-Naharlagun Corridor,PARTIAL,1,1,DRIVER
FR001647,V0237,2026-09-21 07:12:00,Arunachal Pradesh,East Siang,28.1968,95.2675,ROAD_DAMAGE,HIGH,Field observation of road_damage event on Pasighat Corridor,PARTIAL,1,1,FIELD_OFFICER
FR001648,V0218,2026-09-21 08:24:00,Arunachal Pradesh,Lower Subansiri,27.4514,93.8381,ROAD_DAMAGE,CRITICAL,Field observation of road_damage event on Ziro-Yachuli Road,BLOCKED,1,1,LOCAL_SCOUT
FR001649,V0262,2026-09-21 09:36:00,Assam,Kamrup Metropolitan,26.258,91.6058,FLOOD,MEDIUM,Field observation of flood event on East-West Corridor,PARTIAL,1,1,BORDER_ROAD_CREW
FR001650,V0448,2026-09-21 10:48:00,Assam,Kamrup Rural,26.0919,91.5718,FLOOD,HIGH,Field observation of flood event on Amingaon-Rangia Hwy,PARTIAL,0,1,FIELD_OFFICER
FR001651,V0230,2026-09-21 12:00:00,Assam,Darrang,26.5951,91.9544,HEAVY_RAIN,LOW,Field observation of heavy_rain event on North Bank Hwy,OPEN,1,0,DRIVER
FR001652,V0308,2026-09-21 13:12:00,Assam,Sonitpur,26.7401,92.7309,ROCKFALL,LOW,Field observation of rockfall event on Tezpur-Biswanath Hwy,OPEN,1,1,LOCAL_SCOUT
FR001653,V0325,2026-09-21 14:24:00,Assam,Dibrugarh,27.5615,95.0239,ACCIDENT,HIGH,Field observation of accident event on Upper Assam Hwy,PARTIAL,1,1,LOCAL_SCOUT
FR001654,V0156,2026-09-21 15:36:00,Assam,Cachar,24.83,92.8471,ROCKFALL,CRITICAL,Field observation of rockfall event on Silchar-Badarpur Corridor,BLOCKED,1,0,FIELD_OFFICER
FR001655,V0432,2026-09-21 16:48:00,Assam,Nagaon,26.2147,92.6866,ROCKFALL,HIGH,Field observation of rockfall event on Kaziranga Bypass,PARTIAL,1,0,LOCAL_SCOUT
FR001656,V0272,2026-09-21 18:00:00,Meghalaya,East Khasi Hills,25.5411,91.899,LANDSLIDE,LOW,Field observation of landslide event on Shillong-Dawki Hwy,OPEN,0,1,LOCAL_SCOUT
FR001657,V0419,2026-09-21 19:12:00,Meghalaya,West Khasi Hills,25.5684,91.3247,ROCKFALL,CRITICAL,Field observation of rockfall event on Nongstoin Road,BLOCKED,1,1,DRIVER
FR001658,V0288,2026-09-21 20:24:00,Meghalaya,Ri-Bhoi,25.9414,91.9672,ROAD_DAMAGE,MEDIUM,Field observation of road_damage event on Guwahati-Shillong Expressway,PARTIAL,1,1,LOCAL_SCOUT
FR001659,V0421,2026-09-21 21:36:00,Meghalaya,West Jaintia Hills,25.3609,92.309,HEAVY_RAIN,MEDIUM,Field observation of heavy_rain event on Jowai Bypass,PARTIAL,1,1,LOCAL_SCOUT
FR001660,V0249,2026-09-21 22:48:00,Sikkim,East Sikkim,27.302,88.5037,LANDSLIDE,MEDIUM,Field observation of landslide event on Sevoke-Gangtok Hwy,PARTIAL,1,0,DRIVER
FR001661,V0153,2026-09-22 00:00:00,Sikkim,North Sikkim,27.3903,88.4252,ROAD_DAMAGE,LOW,Field observation of road_damage event on Mangan-Chungthang Road,OPEN,1,1,FIELD_OFFICER
FR001662,V0275,2026-09-22 01:12:00,Sikkim,South Sikkim,27.0323,88.3537,ACCIDENT,CRITICAL,Field observation of accident event on Namchi-Jorethang Rd,BLOCKED,1,1,LOCAL_SCOUT
FR001663,V0252,2026-09-22 02:24:00,Nagaland,Kohima,25.6478,94.2,FLOOD,MEDIUM,Field observation of flood event on Dimapur-Kohima Corridor,PARTIAL,1,1,FIELD_OFFICER
FR001664,V0280,2026-09-22 03:36:00,Nagaland,Dimapur,25.8893,93.6572,ACCIDENT,LOW,Field observation of accident event on Dimapur Gateway,OPEN,1,1,LOCAL_SCOUT
FR001665,V0379,2026-09-22 04:48:00,Nagaland,Mokokchung,26.4278,94.5238,ROCKFALL,CRITICAL,Field observation of rockfall event on Mokokchung-Amguri Rd,BLOCKED,1,1,LOCAL_SCOUT
FR001666,V0152,2026-09-22 06:00:00,Manipur,Imphal West,24.7353,93.8224,FLOOD,CRITICAL,Field observation of flood event on Imphal Ring Road,BLOCKED,1,1,BORDER_ROAD_CREW
FR001667,V0217,2026-09-22 07:12:00,Manipur,Bishnupur,24.5414,93.7133,LANDSLIDE,LOW,Field observation of landslide event on Imphal-Churachandpur Hwy,OPEN,0,1,BORDER_ROAD_CREW
FR001668,V0220,2026-09-22 08:24:00,Manipur,Senapati,25.3636,93.9172,FLOOD,CRITICAL,Field observation of flood event on Mao-Maram Highway,BLOCKED,0,1,LOCAL_SCOUT
FR001669,V0126,2026-09-22 09:36:00,Mizoram,Aizawl,23.8028,92.7895,HEAVY_RAIN,HIGH,Field observation of heavy_rain event on Silchar-Aizawl Hwy,PARTIAL,1,1,BORDER_ROAD_CREW
FR001670,V0224,2026-09-22 10:48:00,Mizoram,Kolasib,24.1546,92.634,FLOOD,MEDIUM,Field observation of flood event on Vairengte-Kolasib Corridor,PARTIAL,1,0,BORDER_ROAD_CREW
FR001671,V0121,2026-09-22 12:00:00,Mizoram,Lunglei,22.9573,92.5936,HEAVY_RAIN,MEDIUM,Field observation of heavy_rain event on Aizawl-Lunglei Road,PARTIAL,1,1,BORDER_ROAD_CREW
FR001672,V0410,2026-09-22 13:12:00,Tripura,West Tripura,23.7263,91.2561,LANDSLIDE,LOW,Field observation of landslide event on Assam-Agartala National Hwy,OPEN,1,1,BORDER_ROAD_CREW
FR001673,V0444,2026-09-22 14:24:00,Tripura,Sipahijala,23.5551,91.3381,ROCKFALL,MEDIUM,Field observation of rockfall event on Agartala-Udaipur Hwy,PARTIAL,1,1,DRIVER
FR001674,V0180,2026-09-22 15:36:00,Tripura,Dhalai,23.8384,91.9376,ROCKFALL,MEDIUM,Field observation of rockfall event on Ambassa Corridor,PARTIAL,1,0,FIELD_OFFICER
FR001675,V0323,2026-09-22 16:48:00,Arunachal Pradesh,Tawang,27.7187,91.8347,ACCIDENT,HIGH,Field observation of accident event on Bhalukpong-Tawang Hwy,PARTIAL,0,1,DRIVER
FR001676,V0209,2026-09-22 18:00:00,Arunachal Pradesh,West Kameng,27.2269,92.4392,ROCKFALL,MEDIUM,Field observation of rockfall event on Trans-Arunachal Hwy,PARTIAL,1,1,BORDER_ROAD_CREW
FR001677,V0197,2026-09-22 19:12:00,Arunachal Pradesh,Papum Pare,27.1003,93.6643,ROCKFALL,LOW,Field observation of rockfall event on Itanagar-Naharlagun Corridor,OPEN,1,1,FIELD_OFFICER
FR001678,V0213,2026-09-22 20:24:00,Arunachal Pradesh,East Siang,28.1217,95.297,HEAVY_RAIN,HIGH,Field observation of heavy_rain event on Pasighat Corridor,PARTIAL,0,0,LOCAL_SCOUT
FR001679,V0138,2026-09-22 21:36:00,Arunachal Pradesh,Lower Subansiri,27.5761,93.8503,ROAD_DAMAGE,LOW,Field observation of road_damage event on Ziro-Yachuli Road,OPEN,1,1,BORDER_ROAD_CREW
FR001680,V0338,2026-09-22 22:48:00,Assam,Kamrup Metropolitan,26.2803,91.6853,ROCKFALL,CRITICAL,Field observation of rockfall event on East-West Corridor,BLOCKED,0,1,FIELD_OFFICER
FR001681,V0279,2026-09-23 00:00:00,Assam,Kamrup Rural,26.2072,91.5293,ACCIDENT,CRITICAL,Field observation of accident event on Amingaon-Rangia Hwy,BLOCKED,0,0,DRIVER
FR001682,V0158,2026-09-23 01:12:00,Assam,Darrang,26.4623,91.9375,LANDSLIDE,LOW,Field observation of landslide event on North Bank Hwy,OPEN,1,1,BORDER_ROAD_CREW
FR001683,V0187,2026-09-23 02:24:00,Assam,Sonitpur,26.6755,92.734,LANDSLIDE,HIGH,Field observation of landslide event on Tezpur-Biswanath Hwy,PARTIAL,1,0,FIELD_OFFICER
FR001684,V0373,2026-09-23 03:36:00,Assam,Dibrugarh,27.3324,94.9687,ACCIDENT,LOW,Field observation of accident event on Upper Assam Hwy,OPEN,1,1,DRIVER
FR001685,V0359,2026-09-23 04:48:00,Assam,Cachar,24.9567,92.7447,ACCIDENT,LOW,Field observation of accident event on Silchar-Badarpur Corridor,OPEN,0,0,LOCAL_SCOUT
FR001686,V0386,2026-09-23 06:00:00,Assam,Nagaon,26.2162,92.5512,HEAVY_RAIN,LOW,Field observation of heavy_rain event on Kaziranga Bypass,OPEN,0,1,LOCAL_SCOUT
FR001687,V0340,2026-09-23 07:12:00,Meghalaya,East Khasi Hills,25.7017,91.8606,FLOOD,HIGH,Field observation of flood event on Shillong-Dawki Hwy,PARTIAL,1,0,LOCAL_SCOUT
FR001688,V0131,2026-09-23 08:24:00,Meghalaya,West Khasi Hills,25.5829,91.2267,FLOOD,MEDIUM,Field observation of flood event on Nongstoin Road,PARTIAL,1,1,DRIVER
FR001689,V0217,2026-09-23 09:36:00,Meghalaya,Ri-Bhoi,25.8117,91.8597,ROAD_DAMAGE,MEDIUM,Field observation of road_damage event on Guwahati-Shillong Expressway,PARTIAL,1,0,DRIVER
FR001690,V0179,2026-09-23 10:48:00,Meghalaya,West Jaintia Hills,25.4725,92.1431,ROAD_DAMAGE,LOW,Field observation of road_damage event on Jowai Bypass,OPEN,1,1,BORDER_ROAD_CREW
FR001691,V0145,2026-09-23 12:00:00,Sikkim,East Sikkim,27.2715,88.4587,ACCIDENT,MEDIUM,Field observation of accident event on Sevoke-Gangtok Hwy,PARTIAL,1,0,FIELD_OFFICER
FR001692,V0326,2026-09-23 13:12:00,Sikkim,North Sikkim,27.5315,88.4741,ACCIDENT,CRITICAL,Field observation of accident event on Mangan-Chungthang Road,BLOCKED,0,0,BORDER_ROAD_CREW
FR001693,V0436,2026-09-23 14:24:00,Sikkim,South Sikkim,27.1581,88.3728,ACCIDENT,LOW,Field observation of accident event on Namchi-Jorethang Rd,OPEN,1,1,FIELD_OFFICER
FR001694,V0261,2026-09-23 15:36:00,Nagaland,Kohima,25.8008,94.0626,FLOOD,HIGH,Field observation of flood event on Dimapur-Kohima Corridor,PARTIAL,1,1,FIELD_OFFICER
FR001695,V0215,2026-09-23 16:48:00,Nagaland,Dimapur,25.9407,93.8205,LANDSLIDE,MEDIUM,Field observation of landslide event on Dimapur Gateway,PARTIAL,1,1,BORDER_ROAD_CREW
FR001696,V0188,2026-09-23 18:00:00,Nagaland,Mokokchung,26.3603,94.4996,ROAD_DAMAGE,MEDIUM,Field observation of road_damage event on Mokokchung-Amguri Rd,PARTIAL,1,1,BORDER_ROAD_CREW
FR001697,V0153,2026-09-23 19:12:00,Manipur,Imphal West,24.8376,93.9049,LANDSLIDE,LOW,Field observation of landslide event on Imphal Ring Road,OPEN,0,1,FIELD_OFFICER
FR001698,V0244,2026-09-23 20:24:00,Manipur,Bishnupur,24.5645,93.8029,ROCKFALL,LOW,Field observation of rockfall event on Imphal-Churachandpur Hwy,OPEN,0,0,FIELD_OFFICER
FR001699,V0213,2026-09-23 21:36:00,Manipur,Senapati,25.328,94.1307,HEAVY_RAIN,MEDIUM,Field observation of heavy_rain event on Mao-Maram Highway,PARTIAL,0,1,LOCAL_SCOUT
FR001700,V0318,2026-09-23 22:48:00,Mizoram,Aizawl,23.7429,92.8662,LANDSLIDE,CRITICAL,Field observation of landslide event on Silchar-Aizawl Hwy,BLOCKED,1,0,DRIVER
FR001701,V0308,2026-09-24 00:00:00,Mizoram,Kolasib,24.3039,92.653,ACCIDENT,HIGH,Field observation of accident event on Vairengte-Kolasib Corridor,PARTIAL,1,1,BORDER_ROAD_CREW
FR001702,V0105,2026-09-24 01:12:00,Mizoram,Lunglei,22.8687,92.612,ACCIDENT,HIGH,Field observation of accident event on Aizawl-Lunglei Road,PARTIAL,1,1,LOCAL_SCOUT
FR001703,V0109,2026-09-24 02:24:00,Tripura,West Tripura,23.7846,91.2566,ACCIDENT,LOW,Field observation of accident event on Assam-Agartala National Hwy,OPEN,1,1,LOCAL_SCOUT
FR001704,V0376,2026-09-24 03:36:00,Tripura,Sipahijala,23.5194,91.4371,HEAVY_RAIN,CRITICAL,Field observation of heavy_rain event on Agartala-Udaipur Hwy,BLOCKED,1,1,DRIVER
FR001705,V0243,2026-09-24 04:48:00,Tripura,Dhalai,23.8384,91.7248,LANDSLIDE,CRITICAL,Field observation of landslide event on Ambassa Corridor,BLOCKED,1,1,BORDER_ROAD_CREW
FR001706,V0360,2026-09-24 06:00:00,Arunachal Pradesh,Tawang,27.4782,91.9555,HEAVY_RAIN,MEDIUM,Field observation of heavy_rain event on Bhalukpong-Tawang Hwy,PARTIAL,0,1,LOCAL_SCOUT
FR001707,V0429,2026-09-24 07:12:00,Arunachal Pradesh,West Kameng,27.2966,92.3191,ROCKFALL,MEDIUM,Field observation of rockfall event on Trans-Arunachal Hwy,PARTIAL,1,1,LOCAL_SCOUT
FR001708,V0328,2026-09-24 08:24:00,Arunachal Pradesh,Papum Pare,26.9737,93.6957,FLOOD,LOW,Field observation of flood event on Itanagar-Naharlagun Corridor,OPEN,1,1,FIELD_OFFICER
FR001709,V0332,2026-09-24 09:36:00,Arunachal Pradesh,East Siang,27.9694,95.3903,ROAD_DAMAGE,HIGH,Field observation of road_damage event on Pasighat Corridor,PARTIAL,1,1,FIELD_OFFICER
FR001710,V0201,2026-09-24 10:48:00,Arunachal Pradesh,Lower Subansiri,27.609,93.931,ACCIDENT,LOW,Field observation of accident event on Ziro-Yachuli Road,OPEN,1,1,LOCAL_SCOUT
FR001711,V0391,2026-09-24 12:00:00,Assam,Kamrup Metropolitan,26.1925,91.617,LANDSLIDE,CRITICAL,Field observation of landslide event on East-West Corridor,BLOCKED,1,0,BORDER_ROAD_CREW
FR001712,V0181,2026-09-24 13:12:00,Assam,Kamrup Rural,26.0364,91.6437,ROAD_DAMAGE,MEDIUM,Field observation of road_damage event on Amingaon-Rangia Hwy,PARTIAL,0,1,BORDER_ROAD_CREW
FR001713,V0292,2026-09-24 14:24:00,Assam,Darrang,26.5746,91.941,ROCKFALL,HIGH,Field observation of rockfall event on North Bank Hwy,PARTIAL,0,1,FIELD_OFFICER
FR001714,V0436,2026-09-24 15:36:00,Assam,Sonitpur,26.5849,92.7002,HEAVY_RAIN,CRITICAL,Field observation of heavy_rain event on Tezpur-Biswanath Hwy,BLOCKED,1,0,FIELD_OFFICER
FR001715,V0389,2026-09-24 16:48:00,Assam,Dibrugarh,27.3518,95.0126,ROAD_DAMAGE,CRITICAL,Field observation of road_damage event on Upper Assam Hwy,BLOCKED,1,1,LOCAL_SCOUT
FR001716,V0101,2026-09-24 18:00:00,Assam,Cachar,24.808,92.6612,FLOOD,MEDIUM,Field observation of flood event on Silchar-Badarpur Corridor,PARTIAL,1,1,DRIVER
FR001717,V0238,2026-09-24 19:12:00,Assam,Nagaon,26.3826,92.8143,ROCKFALL,HIGH,Field observation of rockfall event on Kaziranga Bypass,PARTIAL,1,1,BORDER_ROAD_CREW
FR001718,V0331,2026-09-24 20:24:00,Meghalaya,East Khasi Hills,25.4929,91.8503,HEAVY_RAIN,HIGH,Field observation of heavy_rain event on Shillong-Dawki Hwy,PARTIAL,1,1,LOCAL_SCOUT
FR001719,V0298,2026-09-24 21:36:00,Meghalaya,West Khasi Hills,25.3636,91.1738,ROAD_DAMAGE,HIGH,Field observation of road_damage event on Nongstoin Road,PARTIAL,1,1,BORDER_ROAD_CREW
FR001720,V0256,2026-09-24 22:48:00,Meghalaya,Ri-Bhoi,25.945,91.8407,ACCIDENT,CRITICAL,Field observation of accident event on Guwahati-Shillong Expressway,BLOCKED,1,1,DRIVER
FR001721,V0381,2026-09-25 00:00:00,Meghalaya,West Jaintia Hills,25.5303,92.1999,HEAVY_RAIN,LOW,Field observation of heavy_rain event on Jowai Bypass,OPEN,1,1,LOCAL_SCOUT
FR001722,V0130,2026-09-25 01:12:00,Sikkim,East Sikkim,27.4656,88.6273,ACCIDENT,HIGH,Field observation of accident event on Sevoke-Gangtok Hwy,PARTIAL,0,1,BORDER_ROAD_CREW
FR001723,V0449,2026-09-25 02:24:00,Sikkim,North Sikkim,27.6444,88.6089,ACCIDENT,CRITICAL,Field observation of accident event on Mangan-Chungthang Road,BLOCKED,1,0,BORDER_ROAD_CREW
FR001724,V0372,2026-09-25 03:36:00,Sikkim,South Sikkim,27.0599,88.2526,ACCIDENT,LOW,Field observation of accident event on Namchi-Jorethang Rd,OPEN,1,0,BORDER_ROAD_CREW
FR001725,V0253,2026-09-25 04:48:00,Nagaland,Kohima,25.7806,94.1032,ROCKFALL,LOW,Field observation of rockfall event on Dimapur-Kohima Corridor,OPEN,0,1,LOCAL_SCOUT
FR001726,V0387,2026-09-25 06:00:00,Nagaland,Dimapur,25.8915,93.7308,FLOOD,MEDIUM,Field observation of flood event on Dimapur Gateway,PARTIAL,1,0,BORDER_ROAD_CREW
FR001727,V0123,2026-09-25 07:12:00,Nagaland,Mokokchung,26.4715,94.4398,HEAVY_RAIN,CRITICAL,Field observation of heavy_rain event on Mokokchung-Amguri Rd,BLOCKED,1,1,DRIVER
FR001728,V0334,2026-09-25 08:24:00,Manipur,Imphal West,24.7379,93.9153,ROAD_DAMAGE,CRITICAL,Field observation of road_damage event on Imphal Ring Road,BLOCKED,1,0,DRIVER
FR001729,V0299,2026-09-25 09:36:00,Manipur,Bishnupur,24.5948,93.7035,HEAVY_RAIN,CRITICAL,Field observation of heavy_rain event on Imphal-Churachandpur Hwy,BLOCKED,1,0,FIELD_OFFICER
FR001730,V0380,2026-09-25 10:48:00,Manipur,Senapati,25.1814,94.0776,LANDSLIDE,HIGH,Field observation of landslide event on Mao-Maram Highway,PARTIAL,1,1,LOCAL_SCOUT
FR001731,V0318,2026-09-25 12:00:00,Mizoram,Aizawl,23.6605,92.7607,HEAVY_RAIN,HIGH,Field observation of heavy_rain event on Silchar-Aizawl Hwy,PARTIAL,1,1,DRIVER
FR001732,V0123,2026-09-25 13:12:00,Mizoram,Kolasib,24.1945,92.7738,ACCIDENT,MEDIUM,Field observation of accident event on Vairengte-Kolasib Corridor,PARTIAL,1,1,BORDER_ROAD_CREW
FR001733,V0112,2026-09-25 14:24:00,Mizoram,Lunglei,22.8294,92.6627,ROAD_DAMAGE,MEDIUM,Field observation of road_damage event on Aizawl-Lunglei Road,PARTIAL,1,1,DRIVER
FR001734,V0279,2026-09-25 15:36:00,Tripura,West Tripura,23.978,91.3772,ACCIDENT,LOW,Field observation of accident event on Assam-Agartala National Hwy,OPEN,1,1,FIELD_OFFICER
FR001735,V0227,2026-09-25 16:48:00,Tripura,Sipahijala,23.5994,91.2585,HEAVY_RAIN,CRITICAL,Field observation of heavy_rain event on Agartala-Udaipur Hwy,BLOCKED,1,1,DRIVER
FR001736,V0293,2026-09-25 18:00:00,Tripura,Dhalai,23.8475,91.9861,ROCKFALL,MEDIUM,Field observation of rockfall event on Ambassa Corridor,PARTIAL,1,1,LOCAL_SCOUT
FR001737,V0367,2026-09-25 19:12:00,Arunachal Pradesh,Tawang,27.4974,91.7369,ROCKFALL,HIGH,Field observation of rockfall event on Bhalukpong-Tawang Hwy,PARTIAL,0,1,DRIVER
FR001738,V0345,2026-09-25 20:24:00,Arunachal Pradesh,West Kameng,27.1758,92.4181,LANDSLIDE,LOW,Field observation of landslide event on Trans-Arunachal Hwy,OPEN,1,0,FIELD_OFFICER
FR001739,V0154,2026-09-25 21:36:00,Arunachal Pradesh,Papum Pare,27.1669,93.5401,ACCIDENT,LOW,Field observation of accident event on Itanagar-Naharlagun Corridor,OPEN,0,1,FIELD_OFFICER
FR001740,V0116,2026-09-25 22:48:00,Arunachal Pradesh,East Siang,28.0889,95.4663,ACCIDENT,CRITICAL,Field observation of accident event on Pasighat Corridor,BLOCKED,1,1,BORDER_ROAD_CREW
FR001741,V0110,2026-09-26 00:00:00,Arunachal Pradesh,Lower Subansiri,27.424,93.9718,ROAD_DAMAGE,HIGH,Field observation of road_damage event on Ziro-Yachuli Road,PARTIAL,1,1,FIELD_OFFICER
FR001742,V0436,2026-09-26 01:12:00,Assam,Kamrup Metropolitan,26.1213,91.769,HEAVY_RAIN,CRITICAL,Field observation of heavy_rain event on East-West Corridor,BLOCKED,0,1,LOCAL_SCOUT
FR001743,V0169,2026-09-26 02:24:00,Assam,Kamrup Rural,26.2731,91.4179,LANDSLIDE,MEDIUM,Field observation of landslide event on Amingaon-Rangia Hwy,PARTIAL,0,1,LOCAL_SCOUT
FR001744,V0177,2026-09-26 03:36:00,Assam,Darrang,26.5739,91.9711,ROCKFALL,HIGH,Field observation of rockfall event on North Bank Hwy,PARTIAL,0,0,DRIVER
FR001745,V0302,2026-09-26 04:48:00,Assam,Sonitpur,26.561,92.7817,LANDSLIDE,HIGH,Field observation of landslide event on Tezpur-Biswanath Hwy,PARTIAL,1,1,FIELD_OFFICER
FR001746,V0440,2026-09-26 06:00:00,Assam,Dibrugarh,27.4671,94.862,ACCIDENT,HIGH,Field observation of accident event on Upper Assam Hwy,PARTIAL,1,1,BORDER_ROAD_CREW
FR001747,V0389,2026-09-26 07:12:00,Assam,Cachar,24.7402,92.6328,ROCKFALL,MEDIUM,Field observation of rockfall event on Silchar-Badarpur Corridor,PARTIAL,1,0,DRIVER
FR001748,V0265,2026-09-26 08:24:00,Assam,Nagaon,26.3166,92.6587,LANDSLIDE,CRITICAL,Field observation of landslide event on Kaziranga Bypass,BLOCKED,0,1,LOCAL_SCOUT
FR001749,V0127,2026-09-26 09:36:00,Meghalaya,East Khasi Hills,25.5757,91.9356,HEAVY_RAIN,CRITICAL,Field observation of heavy_rain event on Shillong-Dawki Hwy,BLOCKED,1,1,LOCAL_SCOUT
FR001750,V0419,2026-09-26 10:48:00,Meghalaya,West Khasi Hills,25.6577,91.1473,ROCKFALL,MEDIUM,Field observation of rockfall event on Nongstoin Road,PARTIAL,1,0,FIELD_OFFICER
FR001751,V0410,2026-09-26 12:00:00,Meghalaya,Ri-Bhoi,25.8809,91.8066,LANDSLIDE,HIGH,Field observation of landslide event on Guwahati-Shillong Expressway,PARTIAL,1,0,FIELD_OFFICER
FR001752,V0347,2026-09-26 13:12:00,Meghalaya,West Jaintia Hills,25.5127,92.2405,HEAVY_RAIN,MEDIUM,Field observation of heavy_rain event on Jowai Bypass,PARTIAL,1,1,LOCAL_SCOUT
FR001753,V0329,2026-09-26 14:24:00,Sikkim,East Sikkim,27.4669,88.6772,FLOOD,MEDIUM,Field observation of flood event on Sevoke-Gangtok Hwy,PARTIAL,0,0,FIELD_OFFICER
FR001754,V0314,2026-09-26 15:36:00,Sikkim,North Sikkim,27.4584,88.612,ROCKFALL,HIGH,Field observation of rockfall event on Mangan-Chungthang Road,PARTIAL,1,1,DRIVER
FR001755,V0443,2026-09-26 16:48:00,Sikkim,South Sikkim,27.0984,88.3366,ACCIDENT,LOW,Field observation of accident event on Namchi-Jorethang Rd,OPEN,1,1,FIELD_OFFICER
FR001756,V0329,2026-09-26 18:00:00,Nagaland,Kohima,25.6986,94.1574,ROAD_DAMAGE,HIGH,Field observation of road_damage event on Dimapur-Kohima Corridor,PARTIAL,0,1,DRIVER
FR001757,V0288,2026-09-26 19:12:00,Nagaland,Dimapur,25.9501,93.8526,ACCIDENT,HIGH,Field observation of accident event on Dimapur Gateway,PARTIAL,1,1,LOCAL_SCOUT
FR001758,V0249,2026-09-26 20:24:00,Nagaland,Mokokchung,26.1991,94.643,ROCKFALL,LOW,Field observation of rockfall event on Mokokchung-Amguri Rd,OPEN,0,0,BORDER_ROAD_CREW
FR001759,V0305,2026-09-26 21:36:00,Manipur,Imphal West,24.7429,93.8775,HEAVY_RAIN,HIGH,Field observation of heavy_rain event on Imphal Ring Road,PARTIAL,1,0,DRIVER
FR001760,V0327,2026-09-26 22:48:00,Manipur,Bishnupur,24.5748,93.738,ACCIDENT,LOW,Field observation of accident event on Imphal-Churachandpur Hwy,OPEN,0,1,FIELD_OFFICER
FR001761,V0193,2026-09-27 00:00:00,Manipur,Senapati,25.1428,94.0318,FLOOD,LOW,Field observation of flood event on Mao-Maram Highway,OPEN,0,1,FIELD_OFFICER
FR001762,V0208,2026-09-27 01:12:00,Mizoram,Aizawl,23.8017,92.8466,HEAVY_RAIN,LOW,Field observation of heavy_rain event on Silchar-Aizawl Hwy,OPEN,0,1,FIELD_OFFICER
FR001763,V0175,2026-09-27 02:24:00,Mizoram,Kolasib,24.1205,92.6775,ACCIDENT,CRITICAL,Field observation of accident event on Vairengte-Kolasib Corridor,BLOCKED,0,0,BORDER_ROAD_CREW
FR001764,V0184,2026-09-27 03:36:00,Mizoram,Lunglei,22.8875,92.7864,ROAD_DAMAGE,HIGH,Field observation of road_damage event on Aizawl-Lunglei Road,PARTIAL,1,0,BORDER_ROAD_CREW
FR001765,V0371,2026-09-27 04:48:00,Tripura,West Tripura,23.7374,91.1771,ROCKFALL,HIGH,Field observation of rockfall event on Assam-Agartala National Hwy,PARTIAL,1,1,FIELD_OFFICER
FR001766,V0391,2026-09-27 06:00:00,Tripura,Sipahijala,23.6202,91.4063,ACCIDENT,MEDIUM,Field observation of accident event on Agartala-Udaipur Hwy,PARTIAL,1,0,DRIVER
FR001767,V0407,2026-09-27 07:12:00,Tripura,Dhalai,23.9428,91.7576,LANDSLIDE,CRITICAL,Field observation of landslide event on Ambassa Corridor,BLOCKED,1,1,DRIVER
FR001768,V0130,2026-09-27 08:24:00,Arunachal Pradesh,Tawang,27.71,91.7422,ROCKFALL,HIGH,Field observation of rockfall event on Bhalukpong-Tawang Hwy,PARTIAL,0,1,BORDER_ROAD_CREW
FR001769,V0171,2026-09-27 09:36:00,Arunachal Pradesh,West Kameng,27.2278,92.3489,HEAVY_RAIN,LOW,Field observation of heavy_rain event on Trans-Arunachal Hwy,OPEN,0,1,LOCAL_SCOUT
FR001770,V0129,2026-09-27 10:48:00,Arunachal Pradesh,Papum Pare,27.096,93.6948,ROAD_DAMAGE,LOW,Field observation of road_damage event on Itanagar-Naharlagun Corridor,OPEN,1,0,FIELD_OFFICER
FR001771,V0208,2026-09-27 12:00:00,Arunachal Pradesh,East Siang,27.9182,95.3507,LANDSLIDE,HIGH,Field observation of landslide event on Pasighat Corridor,PARTIAL,1,1,DRIVER
FR001772,V0362,2026-09-27 13:12:00,Arunachal Pradesh,Lower Subansiri,27.4022,93.8609,ROCKFALL,MEDIUM,Field observation of rockfall event on Ziro-Yachuli Road,PARTIAL,0,1,DRIVER
FR001773,V0251,2026-09-27 14:24:00,Assam,Kamrup Metropolitan,26.2216,91.7675,ACCIDENT,HIGH,Field observation of accident event on East-West Corridor,PARTIAL,1,1,BORDER_ROAD_CREW
FR001774,V0145,2026-09-27 15:36:00,Assam,Kamrup Rural,26.3348,91.6571,FLOOD,LOW,Field observation of flood event on Amingaon-Rangia Hwy,OPEN,0,1,FIELD_OFFICER
FR001775,V0345,2026-09-27 16:48:00,Assam,Darrang,26.4852,92.1736,LANDSLIDE,CRITICAL,Field observation of landslide event on North Bank Hwy,BLOCKED,1,0,LOCAL_SCOUT
FR001776,V0418,2026-09-27 18:00:00,Assam,Sonitpur,26.6209,92.8521,ACCIDENT,MEDIUM,Field observation of accident event on Tezpur-Biswanath Hwy,PARTIAL,1,1,FIELD_OFFICER
FR001777,V0314,2026-09-27 19:12:00,Assam,Dibrugarh,27.3305,94.7989,ACCIDENT,HIGH,Field observation of accident event on Upper Assam Hwy,PARTIAL,1,1,FIELD_OFFICER
FR001778,V0299,2026-09-27 20:24:00,Assam,Cachar,24.9278,92.7394,HEAVY_RAIN,HIGH,Field observation of heavy_rain event on Silchar-Badarpur Corridor,PARTIAL,1,0,BORDER_ROAD_CREW
FR001779,V0402,2026-09-27 21:36:00,Assam,Nagaon,26.3497,92.7321,ROCKFALL,MEDIUM,Field observation of rockfall event on Kaziranga Bypass,PARTIAL,1,1,FIELD_OFFICER
FR001780,V0355,2026-09-27 22:48:00,Meghalaya,East Khasi Hills,25.6726,91.7483,FLOOD,HIGH,Field observation of flood event on Shillong-Dawki Hwy,PARTIAL,0,0,LOCAL_SCOUT
FR001781,V0193,2026-09-28 00:00:00,Meghalaya,West Khasi Hills,25.5807,91.3134,LANDSLIDE,CRITICAL,Field observation of landslide event on Nongstoin Road,BLOCKED,0,1,DRIVER
FR001782,V0223,2026-09-28 01:12:00,Meghalaya,Ri-Bhoi,25.9338,91.7544,HEAVY_RAIN,CRITICAL,Field observation of heavy_rain event on Guwahati-Shillong Expressway,BLOCKED,1,0,FIELD_OFFICER
FR001783,V0292,2026-09-28 02:24:00,Meghalaya,West Jaintia Hills,25.4428,92.2475,HEAVY_RAIN,LOW,Field observation of heavy_rain event on Jowai Bypass,OPEN,1,1,DRIVER
FR001784,V0363,2026-09-28 03:36:00,Sikkim,East Sikkim,27.2771,88.515,ROAD_DAMAGE,MEDIUM,Field observation of road_damage event on Sevoke-Gangtok Hwy,PARTIAL,1,0,BORDER_ROAD_CREW
FR001785,V0422,2026-09-28 04:48:00,Sikkim,North Sikkim,27.5855,88.615,ROCKFALL,LOW,Field observation of rockfall event on Mangan-Chungthang Road,OPEN,1,1,LOCAL_SCOUT
FR001786,V0429,2026-09-28 06:00:00,Sikkim,South Sikkim,27.1104,88.4019,ACCIDENT,CRITICAL,Field observation of accident event on Namchi-Jorethang Rd,BLOCKED,1,1,LOCAL_SCOUT
FR001787,V0226,2026-09-28 07:12:00,Nagaland,Kohima,25.794,94.2451,ROCKFALL,MEDIUM,Field observation of rockfall event on Dimapur-Kohima Corridor,PARTIAL,1,1,LOCAL_SCOUT
FR001788,V0131,2026-09-28 08:24:00,Nagaland,Dimapur,25.8203,93.8035,HEAVY_RAIN,CRITICAL,Field observation of heavy_rain event on Dimapur Gateway,BLOCKED,1,0,BORDER_ROAD_CREW
FR001789,V0417,2026-09-28 09:36:00,Nagaland,Mokokchung,26.473,94.3788,ROAD_DAMAGE,MEDIUM,Field observation of road_damage event on Mokokchung-Amguri Rd,PARTIAL,1,1,LOCAL_SCOUT
FR001790,V0145,2026-09-28 10:48:00,Manipur,Imphal West,24.8969,93.8529,ACCIDENT,CRITICAL,Field observation of accident event on Imphal Ring Road,BLOCKED,1,1,LOCAL_SCOUT
FR001791,V0166,2026-09-28 12:00:00,Manipur,Bishnupur,24.6836,93.8141,ACCIDENT,MEDIUM,Field observation of accident event on Imphal-Churachandpur Hwy,PARTIAL,0,1,BORDER_ROAD_CREW
FR001792,V0288,2026-09-28 13:12:00,Manipur,Senapati,25.1371,94.0675,LANDSLIDE,HIGH,Field observation of landslide event on Mao-Maram Highway,PARTIAL,1,1,FIELD_OFFICER
FR001793,V0101,2026-09-28 14:24:00,Mizoram,Aizawl,23.8543,92.587,ROCKFALL,HIGH,Field observation of rockfall event on Silchar-Aizawl Hwy,PARTIAL,1,0,BORDER_ROAD_CREW
FR001794,V0259,2026-09-28 15:36:00,Mizoram,Kolasib,24.2908,92.6445,ROCKFALL,HIGH,Field observation of rockfall event on Vairengte-Kolasib Corridor,PARTIAL,0,1,FIELD_OFFICER
FR001795,V0103,2026-09-28 16:48:00,Mizoram,Lunglei,22.8611,92.66,HEAVY_RAIN,CRITICAL,Field observation of heavy_rain event on Aizawl-Lunglei Road,BLOCKED,1,0,LOCAL_SCOUT
FR001796,V0173,2026-09-28 18:00:00,Tripura,West Tripura,23.7082,91.359,HEAVY_RAIN,LOW,Field observation of heavy_rain event on Assam-Agartala National Hwy,OPEN,0,1,BORDER_ROAD_CREW
FR001797,V0212,2026-09-28 19:12:00,Tripura,Sipahijala,23.6569,91.2002,HEAVY_RAIN,HIGH,Field observation of heavy_rain event on Agartala-Udaipur Hwy,PARTIAL,0,1,FIELD_OFFICER
FR001798,V0324,2026-09-28 20:24:00,Tripura,Dhalai,23.7005,91.7186,HEAVY_RAIN,HIGH,Field observation of heavy_rain event on Ambassa Corridor,PARTIAL,0,0,LOCAL_SCOUT
FR001799,V0109,2026-09-28 21:36:00,Arunachal Pradesh,Tawang,27.5632,91.9408,ACCIDENT,HIGH,Field observation of accident event on Bhalukpong-Tawang Hwy,PARTIAL,0,1,FIELD_OFFICER
FR001800,V0208,2026-09-28 22:48:00,Arunachal Pradesh,West Kameng,27.2704,92.4464,ROCKFALL,CRITICAL,Field observation of rockfall event on Trans-Arunachal Hwy,BLOCKED,1,1,DRIVER
FR001801,V0221,2026-09-29 00:00:00,Arunachal Pradesh,Papum Pare,27.2061,93.5614,LANDSLIDE,LOW,Field observation of landslide event on Itanagar-Naharlagun Corridor,OPEN,0,0,DRIVER
FR001802,V0156,2026-09-29 01:12:00,Arunachal Pradesh,East Siang,28.0659,95.3127,ROAD_DAMAGE,HIGH,Field observation of road_damage event on Pasighat Corridor,PARTIAL,1,1,DRIVER
FR001803,V0127,2026-09-29 02:24:00,Arunachal Pradesh,Lower Subansiri,27.6547,93.9283,LANDSLIDE,LOW,Field observation of landslide event on Ziro-Yachuli Road,OPEN,1,1,DRIVER
FR001804,V0404,2026-09-29 03:36:00,Assam,Kamrup Metropolitan,26.2916,91.6232,ROAD_DAMAGE,MEDIUM,Field observation of road_damage event on East-West Corridor,PARTIAL,0,1,BORDER_ROAD_CREW
FR001805,V0331,2026-09-29 04:48:00,Assam,Kamrup Rural,26.2836,91.5605,ACCIDENT,HIGH,Field observation of accident event on Amingaon-Rangia Hwy,PARTIAL,1,0,FIELD_OFFICER
FR001806,V0417,2026-09-29 06:00:00,Assam,Darrang,26.5451,91.9268,FLOOD,CRITICAL,Field observation of flood event on North Bank Hwy,BLOCKED,1,1,LOCAL_SCOUT
FR001807,V0214,2026-09-29 07:12:00,Assam,Sonitpur,26.7269,92.8527,FLOOD,CRITICAL,Field observation of flood event on Tezpur-Biswanath Hwy,BLOCKED,1,1,FIELD_OFFICER
FR001808,V0286,2026-09-29 08:24:00,Assam,Dibrugarh,27.5798,94.9802,ROCKFALL,HIGH,Field observation of rockfall event on Upper Assam Hwy,PARTIAL,1,1,LOCAL_SCOUT
FR001809,V0117,2026-09-29 09:36:00,Assam,Cachar,24.9379,92.9262,LANDSLIDE,CRITICAL,Field observation of landslide event on Silchar-Badarpur Corridor,BLOCKED,1,1,BORDER_ROAD_CREW
FR001810,V0326,2026-09-29 10:48:00,Assam,Nagaon,26.3372,92.6385,ROCKFALL,LOW,Field observation of rockfall event on Kaziranga Bypass,OPEN,1,1,LOCAL_SCOUT
FR001811,V0155,2026-09-29 12:00:00,Meghalaya,East Khasi Hills,25.5137,91.9522,HEAVY_RAIN,LOW,Field observation of heavy_rain event on Shillong-Dawki Hwy,OPEN,1,1,FIELD_OFFICER
FR001812,V0356,2026-09-29 13:12:00,Meghalaya,West Khasi Hills,25.3892,91.207,LANDSLIDE,HIGH,Field observation of landslide event on Nongstoin Road,PARTIAL,1,1,BORDER_ROAD_CREW
FR001813,V0437,2026-09-29 14:24:00,Meghalaya,Ri-Bhoi,26.0049,91.9429,ROCKFALL,LOW,Field observation of rockfall event on Guwahati-Shillong Expressway,OPEN,0,1,DRIVER
FR001814,V0207,2026-09-29 15:36:00,Meghalaya,West Jaintia Hills,25.4326,92.1947,ROCKFALL,MEDIUM,Field observation of rockfall event on Jowai Bypass,PARTIAL,0,1,BORDER_ROAD_CREW
FR001815,V0175,2026-09-29 16:48:00,Sikkim,East Sikkim,27.4134,88.6771,FLOOD,MEDIUM,Field observation of flood event on Sevoke-Gangtok Hwy,PARTIAL,1,1,DRIVER
FR001816,V0259,2026-09-29 18:00:00,Sikkim,North Sikkim,27.3806,88.6356,FLOOD,CRITICAL,Field observation of flood event on Mangan-Chungthang Road,BLOCKED,1,1,DRIVER
FR001817,V0103,2026-09-29 19:12:00,Sikkim,South Sikkim,27.1481,88.4525,HEAVY_RAIN,LOW,Field observation of heavy_rain event on Namchi-Jorethang Rd,OPEN,0,1,DRIVER
FR001818,V0362,2026-09-29 20:24:00,Nagaland,Kohima,25.6673,94.2421,LANDSLIDE,MEDIUM,Field observation of landslide event on Dimapur-Kohima Corridor,PARTIAL,1,1,DRIVER
FR001819,V0171,2026-09-29 21:36:00,Nagaland,Dimapur,25.9348,93.8684,ACCIDENT,CRITICAL,Field observation of accident event on Dimapur Gateway,BLOCKED,0,1,BORDER_ROAD_CREW
FR001820,V0349,2026-09-29 22:48:00,Nagaland,Mokokchung,26.2106,94.489,ROAD_DAMAGE,CRITICAL,Field observation of road_damage event on Mokokchung-Amguri Rd,BLOCKED,1,1,BORDER_ROAD_CREW
FR001821,V0381,2026-09-30 00:00:00,Manipur,Imphal West,24.8628,93.8994,FLOOD,CRITICAL,Field observation of flood event on Imphal Ring Road,BLOCKED,0,0,DRIVER
FR001822,V0306,2026-09-30 01:12:00,Manipur,Bishnupur,24.5093,93.7536,HEAVY_RAIN,MEDIUM,Field observation of heavy_rain event on Imphal-Churachandpur Hwy,PARTIAL,0,1,BORDER_ROAD_CREW
FR001823,V0221,2026-09-30 02:24:00,Manipur,Senapati,25.306,93.9702,ROCKFALL,MEDIUM,Field observation of rockfall event on Mao-Maram Highway,PARTIAL,1,1,LOCAL_SCOUT
FR001824,V0243,2026-09-30 03:36:00,Mizoram,Aizawl,23.7695,92.8401,HEAVY_RAIN,LOW,Field observation of heavy_rain event on Silchar-Aizawl Hwy,OPEN,1,1,DRIVER
FR001825,V0347,2026-09-30 04:48:00,Mizoram,Kolasib,24.2418,92.6121,HEAVY_RAIN,LOW,Field observation of heavy_rain event on Vairengte-Kolasib Corridor,OPEN,0,1,DRIVER
FR001826,V0409,2026-09-30 06:00:00,Mizoram,Lunglei,22.8452,92.89,LANDSLIDE,HIGH,Field observation of landslide event on Aizawl-Lunglei Road,PARTIAL,1,1,LOCAL_SCOUT
FR001827,V0330,2026-09-30 07:12:00,Tripura,West Tripura,23.7113,91.1558,ROAD_DAMAGE,LOW,Field observation of road_damage event on Assam-Agartala National Hwy,OPEN,1,1,BORDER_ROAD_CREW
FR001828,V0144,2026-09-30 08:24:00,Tripura,Sipahijala,23.6066,91.3722,ROAD_DAMAGE,MEDIUM,Field observation of road_damage event on Agartala-Udaipur Hwy,PARTIAL,0,0,FIELD_OFFICER
FR001829,V0245,2026-09-30 09:36:00,Tripura,Dhalai,23.9437,91.8466,HEAVY_RAIN,LOW,Field observation of heavy_rain event on Ambassa Corridor,OPEN,1,1,LOCAL_SCOUT
FR001830,V0428,2026-09-30 10:48:00,Arunachal Pradesh,Tawang,27.6817,91.9049,ACCIDENT,HIGH,Field observation of accident event on Bhalukpong-Tawang Hwy,PARTIAL,0,1,FIELD_OFFICER
FR001831,V0243,2026-09-30 12:00:00,Arunachal Pradesh,West Kameng,27.3838,92.3201,LANDSLIDE,MEDIUM,Field observation of landslide event on Trans-Arunachal Hwy,PARTIAL,1,1,FIELD_OFFICER
FR001832,V0397,2026-09-30 13:12:00,Arunachal Pradesh,Papum Pare,27.0846,93.5609,HEAVY_RAIN,HIGH,Field observation of heavy_rain event on Itanagar-Naharlagun Corridor,PARTIAL,0,1,BORDER_ROAD_CREW
FR001833,V0246,2026-09-30 14:24:00,Arunachal Pradesh,East Siang,27.9644,95.3447,FLOOD,MEDIUM,Field observation of flood event on Pasighat Corridor,PARTIAL,0,1,DRIVER
FR001834,V0439,2026-09-30 15:36:00,Arunachal Pradesh,Lower Subansiri,27.4374,93.7696,ROCKFALL,MEDIUM,Field observation of rockfall event on Ziro-Yachuli Road,PARTIAL,1,1,BORDER_ROAD_CREW
FR001835,V0426,2026-09-30 16:48:00,Assam,Kamrup Metropolitan,26.1919,91.6607,FLOOD,MEDIUM,Field observation of flood event on East-West Corridor,PARTIAL,1,1,LOCAL_SCOUT
FR001836,V0345,2026-09-30 18:00:00,Assam,Kamrup Rural,26.2698,91.6097,HEAVY_RAIN,LOW,Field observation of heavy_rain event on Amingaon-Rangia Hwy,OPEN,1,1,BORDER_ROAD_CREW
FR001837,V0304,2026-09-30 19:12:00,Assam,Darrang,26.3959,92.1542,LANDSLIDE,HIGH,Field observation of landslide event on North Bank Hwy,PARTIAL,0,1,LOCAL_SCOUT
FR001838,V0264,2026-09-30 20:24:00,Assam,Sonitpur,26.6902,92.8414,HEAVY_RAIN,HIGH,Field observation of heavy_rain event on Tezpur-Biswanath Hwy,PARTIAL,0,1,BORDER_ROAD_CREW
FR001839,V0413,2026-09-30 21:36:00,Assam,Dibrugarh,27.4127,95.0118,LANDSLIDE,CRITICAL,Field observation of landslide event on Upper Assam Hwy,BLOCKED,0,1,BORDER_ROAD_CREW
FR001840,V0177,2026-09-30 22:48:00,Assam,Cachar,24.791,92.6674,HEAVY_RAIN,HIGH,Field observation of heavy_rain event on Silchar-Badarpur Corridor,PARTIAL,0,1,FIELD_OFFICER
FR001841,V0290,2026-10-01 00:00:00,Assam,Nagaon,26.2734,92.7289,ROCKFALL,MEDIUM,Field observation of rockfall event on Kaziranga Bypass,PARTIAL,1,1,LOCAL_SCOUT
FR001842,V0122,2026-10-01 01:12:00,Meghalaya,East Khasi Hills,25.5051,91.8709,ROCKFALL,LOW,Field observation of rockfall event on Shillong-Dawki Hwy,OPEN,0,1,LOCAL_SCOUT
FR001843,V0414,2026-10-01 02:24:00,Meghalaya,West Khasi Hills,25.5489,91.1908,ROCKFALL,CRITICAL,Field observation of rockfall event on Nongstoin Road,BLOCKED,1,0,LOCAL_SCOUT
FR001844,V0440,2026-10-01 03:36:00,Meghalaya,Ri-Bhoi,25.8616,91.9272,ROCKFALL,HIGH,Field observation of rockfall event on Guwahati-Shillong Expressway,PARTIAL,1,1,LOCAL_SCOUT
FR001845,V0431,2026-10-01 04:48:00,Meghalaya,West Jaintia Hills,25.5465,92.1449,LANDSLIDE,LOW,Field observation of landslide event on Jowai Bypass,OPEN,1,1,BORDER_ROAD_CREW
FR001846,V0278,2026-10-01 06:00:00,Sikkim,East Sikkim,27.37,88.4798,LANDSLIDE,LOW,Field observation of landslide event on Sevoke-Gangtok Hwy,OPEN,0,1,LOCAL_SCOUT
FR001847,V0340,2026-10-01 07:12:00,Sikkim,North Sikkim,27.472,88.4988,ROAD_DAMAGE,HIGH,Field observation of road_damage event on Mangan-Chungthang Road,PARTIAL,0,1,LOCAL_SCOUT
FR001848,V0221,2026-10-01 08:24:00,Sikkim,South Sikkim,27.102,88.4607,LANDSLIDE,MEDIUM,Field observation of landslide event on Namchi-Jorethang Rd,PARTIAL,0,0,LOCAL_SCOUT
FR001849,V0181,2026-10-01 09:36:00,Nagaland,Kohima,25.8189,94.0253,ROAD_DAMAGE,CRITICAL,Field observation of road_damage event on Dimapur-Kohima Corridor,BLOCKED,1,1,DRIVER
FR001850,V0223,2026-10-01 10:48:00,Nagaland,Dimapur,25.9147,93.8402,LANDSLIDE,CRITICAL,Field observation of landslide event on Dimapur Gateway,BLOCKED,0,1,FIELD_OFFICER
FR001851,V0324,2026-10-01 12:00:00,Nagaland,Mokokchung,26.3337,94.5801,ROCKFALL,MEDIUM,Field observation of rockfall event on Mokokchung-Amguri Rd,PARTIAL,1,1,LOCAL_SCOUT
FR001852,V0422,2026-10-01 13:12:00,Manipur,Imphal West,24.6967,93.8012,LANDSLIDE,LOW,Field observation of landslide event on Imphal Ring Road,OPEN,1,0,DRIVER
FR001853,V0385,2026-10-01 14:24:00,Manipur,Bishnupur,24.586,93.8369,ACCIDENT,CRITICAL,Field observation of accident event on Imphal-Churachandpur Hwy,BLOCKED,1,1,DRIVER
FR001854,V0439,2026-10-01 15:36:00,Manipur,Senapati,25.3649,94.0031,FLOOD,MEDIUM,Field observation of flood event on Mao-Maram Highway,PARTIAL,0,1,DRIVER
FR001855,V0392,2026-10-01 16:48:00,Mizoram,Aizawl,23.7911,92.7649,ROAD_DAMAGE,HIGH,Field observation of road_damage event on Silchar-Aizawl Hwy,PARTIAL,0,1,BORDER_ROAD_CREW
FR001856,V0352,2026-10-01 18:00:00,Mizoram,Kolasib,24.0859,92.7476,HEAVY_RAIN,LOW,Field observation of heavy_rain event on Vairengte-Kolasib Corridor,OPEN,1,1,DRIVER
FR001857,V0347,2026-10-01 19:12:00,Mizoram,Lunglei,22.9126,92.802,FLOOD,LOW,Field observation of flood event on Aizawl-Lunglei Road,OPEN,0,1,LOCAL_SCOUT
FR001858,V0118,2026-10-01 20:24:00,Tripura,West Tripura,23.8221,91.2228,LANDSLIDE,LOW,Field observation of landslide event on Assam-Agartala National Hwy,OPEN,1,1,LOCAL_SCOUT
FR001859,V0251,2026-10-01 21:36:00,Tripura,Sipahijala,23.7621,91.2306,FLOOD,HIGH,Field observation of flood event on Agartala-Udaipur Hwy,PARTIAL,1,1,DRIVER
FR001860,V0218,2026-10-01 22:48:00,Tripura,Dhalai,23.822,91.7938,FLOOD,CRITICAL,Field observation of flood event on Ambassa Corridor,BLOCKED,1,0,FIELD_OFFICER
FR001861,V0289,2026-10-02 00:00:00,Arunachal Pradesh,Tawang,27.5081,91.7375,LANDSLIDE,LOW,Field observation of landslide event on Bhalukpong-Tawang Hwy,OPEN,0,0,LOCAL_SCOUT
FR001862,V0259,2026-10-02 01:12:00,Arunachal Pradesh,West Kameng,27.2807,92.4138,HEAVY_RAIN,LOW,Field observation of heavy_rain event on Trans-Arunachal Hwy,OPEN,0,1,DRIVER
FR001863,V0296,2026-10-02 02:24:00,Arunachal Pradesh,Papum Pare,27.1535,93.7463,LANDSLIDE,CRITICAL,Field observation of landslide event on Itanagar-Naharlagun Corridor,BLOCKED,1,0,FIELD_OFFICER
FR001864,V0153,2026-10-02 03:36:00,Arunachal Pradesh,East Siang,28.2154,95.4424,ROAD_DAMAGE,MEDIUM,Field observation of road_damage event on Pasighat Corridor,PARTIAL,1,1,FIELD_OFFICER
FR001865,V0231,2026-10-02 04:48:00,Arunachal Pradesh,Lower Subansiri,27.4571,93.9294,ACCIDENT,MEDIUM,Field observation of accident event on Ziro-Yachuli Road,PARTIAL,0,0,BORDER_ROAD_CREW
FR001866,V0223,2026-10-02 06:00:00,Assam,Kamrup Metropolitan,26.2194,91.6595,LANDSLIDE,HIGH,Field observation of landslide event on East-West Corridor,PARTIAL,1,1,FIELD_OFFICER
FR001867,V0407,2026-10-02 07:12:00,Assam,Kamrup Rural,26.3348,91.6955,ROCKFALL,LOW,Field observation of rockfall event on Amingaon-Rangia Hwy,OPEN,1,1,LOCAL_SCOUT
FR001868,V0310,2026-10-02 08:24:00,Assam,Darrang,26.5914,92.0834,LANDSLIDE,CRITICAL,Field observation of landslide event on North Bank Hwy,BLOCKED,0,1,FIELD_OFFICER
FR001869,V0214,2026-10-02 09:36:00,Assam,Sonitpur,26.5362,92.7527,LANDSLIDE,LOW,Field observation of landslide event on Tezpur-Biswanath Hwy,OPEN,1,1,LOCAL_SCOUT
FR001870,V0345,2026-10-02 10:48:00,Assam,Dibrugarh,27.4496,94.8757,FLOOD,CRITICAL,Field observation of flood event on Upper Assam Hwy,BLOCKED,1,1,DRIVER
FR001871,V0188,2026-10-02 12:00:00,Assam,Cachar,24.887,92.8784,HEAVY_RAIN,HIGH,Field observation of heavy_rain event on Silchar-Badarpur Corridor,PARTIAL,0,1,FIELD_OFFICER
FR001872,V0259,2026-10-02 13:12:00,Assam,Nagaon,26.285,92.6221,FLOOD,LOW,Field observation of flood event on Kaziranga Bypass,OPEN,0,1,DRIVER
FR001873,V0298,2026-10-02 14:24:00,Meghalaya,East Khasi Hills,25.5469,92.0202,ACCIDENT,LOW,Field observation of accident event on Shillong-Dawki Hwy,OPEN,0,1,BORDER_ROAD_CREW
FR001874,V0325,2026-10-02 15:36:00,Meghalaya,West Khasi Hills,25.6077,91.1206,LANDSLIDE,HIGH,Field observation of landslide event on Nongstoin Road,PARTIAL,1,0,LOCAL_SCOUT
FR001875,V0276,2026-10-02 16:48:00,Meghalaya,Ri-Bhoi,25.7672,91.7318,FLOOD,HIGH,Field observation of flood event on Guwahati-Shillong Expressway,PARTIAL,1,0,FIELD_OFFICER
FR001876,V0317,2026-10-02 18:00:00,Meghalaya,West Jaintia Hills,25.3015,92.3171,ACCIDENT,HIGH,Field observation of accident event on Jowai Bypass,PARTIAL,0,1,LOCAL_SCOUT
FR001877,V0416,2026-10-02 19:12:00,Sikkim,East Sikkim,27.3181,88.5158,ROAD_DAMAGE,HIGH,Field observation of road_damage event on Sevoke-Gangtok Hwy,PARTIAL,1,1,BORDER_ROAD_CREW
FR001878,V0418,2026-10-02 20:24:00,Sikkim,North Sikkim,27.3872,88.5462,ACCIDENT,LOW,Field observation of accident event on Mangan-Chungthang Road,OPEN,1,1,FIELD_OFFICER
FR001879,V0307,2026-10-02 21:36:00,Sikkim,South Sikkim,27.1612,88.3123,ROAD_DAMAGE,CRITICAL,Field observation of road_damage event on Namchi-Jorethang Rd,BLOCKED,1,1,FIELD_OFFICER
FR001880,V0181,2026-10-02 22:48:00,Nagaland,Kohima,25.7686,93.9912,ROAD_DAMAGE,CRITICAL,Field observation of road_damage event on Dimapur-Kohima Corridor,BLOCKED,1,1,BORDER_ROAD_CREW
FR001881,V0279,2026-10-03 00:00:00,Nagaland,Dimapur,25.7988,93.8016,ROCKFALL,LOW,Field observation of rockfall event on Dimapur Gateway,OPEN,1,1,LOCAL_SCOUT
FR001882,V0122,2026-10-03 01:12:00,Nagaland,Mokokchung,26.2345,94.4269,LANDSLIDE,CRITICAL,Field observation of landslide event on Mokokchung-Amguri Rd,BLOCKED,0,1,BORDER_ROAD_CREW
FR001883,V0386,2026-10-03 02:24:00,Manipur,Imphal West,24.7664,93.7963,LANDSLIDE,LOW,Field observation of landslide event on Imphal Ring Road,OPEN,1,0,BORDER_ROAD_CREW
FR001884,V0379,2026-10-03 03:36:00,Manipur,Bishnupur,24.682,93.6942,HEAVY_RAIN,CRITICAL,Field observation of heavy_rain event on Imphal-Churachandpur Hwy,BLOCKED,1,0,BORDER_ROAD_CREW
FR001885,V0144,2026-10-03 04:48:00,Manipur,Senapati,25.3145,93.8982,ROCKFALL,CRITICAL,Field observation of rockfall event on Mao-Maram Highway,BLOCKED,1,1,DRIVER
FR001886,V0246,2026-10-03 06:00:00,Mizoram,Aizawl,23.7277,92.8447,ACCIDENT,MEDIUM,Field observation of accident event on Silchar-Aizawl Hwy,PARTIAL,1,1,DRIVER
FR001887,V0341,2026-10-03 07:12:00,Mizoram,Kolasib,24.3573,92.7678,ACCIDENT,CRITICAL,Field observation of accident event on Vairengte-Kolasib Corridor,BLOCKED,1,1,FIELD_OFFICER
FR001888,V0100,2026-10-03 08:24:00,Mizoram,Lunglei,22.9602,92.661,ACCIDENT,LOW,Field observation of accident event on Aizawl-Lunglei Road,OPEN,1,1,FIELD_OFFICER
FR001889,V0293,2026-10-03 09:36:00,Tripura,West Tripura,23.8606,91.1392,HEAVY_RAIN,HIGH,Field observation of heavy_rain event on Assam-Agartala National Hwy,PARTIAL,1,1,LOCAL_SCOUT
FR001890,V0348,2026-10-03 10:48:00,Tripura,Sipahijala,23.7133,91.2363,FLOOD,CRITICAL,Field observation of flood event on Agartala-Udaipur Hwy,BLOCKED,1,1,DRIVER
FR001891,V0183,2026-10-03 12:00:00,Tripura,Dhalai,23.7843,91.7345,LANDSLIDE,CRITICAL,Field observation of landslide event on Ambassa Corridor,BLOCKED,1,1,FIELD_OFFICER
FR001892,V0439,2026-10-03 13:12:00,Arunachal Pradesh,Tawang,27.6823,91.7689,LANDSLIDE,LOW,Field observation of landslide event on Bhalukpong-Tawang Hwy,OPEN,0,1,BORDER_ROAD_CREW
FR001893,V0105,2026-10-03 14:24:00,Arunachal Pradesh,West Kameng,27.3336,92.4492,FLOOD,HIGH,Field observation of flood event on Trans-Arunachal Hwy,PARTIAL,1,1,BORDER_ROAD_CREW
FR001894,V0166,2026-10-03 15:36:00,Arunachal Pradesh,Papum Pare,27.1407,93.5354,LANDSLIDE,CRITICAL,Field observation of landslide event on Itanagar-Naharlagun Corridor,BLOCKED,0,0,DRIVER
FR001895,V0400,2026-10-03 16:48:00,Arunachal Pradesh,East Siang,27.9737,95.2199,FLOOD,HIGH,Field observation of flood event on Pasighat Corridor,PARTIAL,1,0,LOCAL_SCOUT
FR001896,V0310,2026-10-03 18:00:00,Arunachal Pradesh,Lower Subansiri,27.4153,93.8022,HEAVY_RAIN,HIGH,Field observation of heavy_rain event on Ziro-Yachuli Road,PARTIAL,1,1,FIELD_OFFICER
FR001897,V0222,2026-10-03 19:12:00,Assam,Kamrup Metropolitan,26.061,91.714,ACCIDENT,HIGH,Field observation of accident event on East-West Corridor,PARTIAL,1,1,LOCAL_SCOUT
FR001898,V0396,2026-10-03 20:24:00,Assam,Kamrup Rural,26.1263,91.4928,FLOOD,MEDIUM,Field observation of flood event on Amingaon-Rangia Hwy,PARTIAL,1,1,BORDER_ROAD_CREW
FR001899,V0357,2026-10-03 21:36:00,Assam,Darrang,26.3761,92.1495,ROAD_DAMAGE,CRITICAL,Field observation of road_damage event on North Bank Hwy,BLOCKED,1,1,LOCAL_SCOUT
FR001900,V0152,2026-10-03 22:48:00,Assam,Sonitpur,26.7072,92.7062,ACCIDENT,CRITICAL,Field observation of accident event on Tezpur-Biswanath Hwy,BLOCKED,1,0,LOCAL_SCOUT
FR001901,V0231,2026-10-04 00:00:00,Assam,Dibrugarh,27.4521,94.8377,ROCKFALL,LOW,Field observation of rockfall event on Upper Assam Hwy,OPEN,0,1,DRIVER
FR001902,V0394,2026-10-04 01:12:00,Assam,Cachar,24.7124,92.633,LANDSLIDE,LOW,Field observation of landslide event on Silchar-Badarpur Corridor,OPEN,1,1,BORDER_ROAD_CREW
FR001903,V0423,2026-10-04 02:24:00,Assam,Nagaon,26.3034,92.777,LANDSLIDE,LOW,Field observation of landslide event on Kaziranga Bypass,OPEN,1,1,FIELD_OFFICER
FR001904,V0297,2026-10-04 03:36:00,Meghalaya,East Khasi Hills,25.5403,91.9384,LANDSLIDE,CRITICAL,Field observation of landslide event on Shillong-Dawki Hwy,BLOCKED,0,1,FIELD_OFFICER
FR001905,V0147,2026-10-04 04:48:00,Meghalaya,West Khasi Hills,25.3919,91.2989,LANDSLIDE,LOW,Field observation of landslide event on Nongstoin Road,OPEN,0,1,DRIVER
FR001906,V0235,2026-10-04 06:00:00,Meghalaya,Ri-Bhoi,26.0237,91.9263,ACCIDENT,MEDIUM,Field observation of accident event on Guwahati-Shillong Expressway,PARTIAL,1,1,DRIVER
FR001907,V0115,2026-10-04 07:12:00,Meghalaya,West Jaintia Hills,25.3296,92.3325,LANDSLIDE,LOW,Field observation of landslide event on Jowai Bypass,OPEN,1,1,DRIVER
FR001908,V0399,2026-10-04 08:24:00,Sikkim,East Sikkim,27.4858,88.5171,ACCIDENT,HIGH,Field observation of accident event on Sevoke-Gangtok Hwy,PARTIAL,1,1,LOCAL_SCOUT
FR001909,V0242,2026-10-04 09:36:00,Sikkim,North Sikkim,27.4755,88.6135,LANDSLIDE,MEDIUM,Field observation of landslide event on Mangan-Chungthang Road,PARTIAL,1,1,BORDER_ROAD_CREW
FR001910,V0165,2026-10-04 10:48:00,Sikkim,South Sikkim,27.292,88.4925,LANDSLIDE,MEDIUM,Field observation of landslide event on Namchi-Jorethang Rd,PARTIAL,1,1,LOCAL_SCOUT
FR001911,V0408,2026-10-04 12:00:00,Nagaland,Kohima,25.5603,94.0894,ROCKFALL,LOW,Field observation of rockfall event on Dimapur-Kohima Corridor,OPEN,0,1,LOCAL_SCOUT
FR001912,V0420,2026-10-04 13:12:00,Nagaland,Dimapur,25.908,93.5841,ACCIDENT,LOW,Field observation of accident event on Dimapur Gateway,OPEN,0,1,BORDER_ROAD_CREW
FR001913,V0243,2026-10-04 14:24:00,Nagaland,Mokokchung,26.2619,94.6567,HEAVY_RAIN,LOW,Field observation of heavy_rain event on Mokokchung-Amguri Rd,OPEN,1,0,BORDER_ROAD_CREW
FR001914,V0232,2026-10-04 15:36:00,Manipur,Imphal West,24.8892,93.906,ROAD_DAMAGE,LOW,Field observation of road_damage event on Imphal Ring Road,OPEN,1,1,FIELD_OFFICER
FR001915,V0242,2026-10-04 16:48:00,Manipur,Bishnupur,24.5049,93.7458,LANDSLIDE,LOW,Field observation of landslide event on Imphal-Churachandpur Hwy,OPEN,0,1,DRIVER
FR001916,V0380,2026-10-04 18:00:00,Manipur,Senapati,25.2303,93.9414,ROCKFALL,MEDIUM,Field observation of rockfall event on Mao-Maram Highway,PARTIAL,1,0,BORDER_ROAD_CREW
FR001917,V0380,2026-10-04 19:12:00,Mizoram,Aizawl,23.7547,92.5703,ROAD_DAMAGE,HIGH,Field observation of road_damage event on Silchar-Aizawl Hwy,PARTIAL,0,1,LOCAL_SCOUT
FR001918,V0235,2026-10-04 20:24:00,Mizoram,Kolasib,24.2823,92.6875,ACCIDENT,HIGH,Field observation of accident event on Vairengte-Kolasib Corridor,PARTIAL,0,1,LOCAL_SCOUT
FR001919,V0139,2026-10-04 21:36:00,Mizoram,Lunglei,22.8106,92.6257,HEAVY_RAIN,LOW,Field observation of heavy_rain event on Aizawl-Lunglei Road,OPEN,1,0,BORDER_ROAD_CREW
FR001920,V0420,2026-10-04 22:48:00,Tripura,West Tripura,23.6932,91.1812,ROAD_DAMAGE,LOW,Field observation of road_damage event on Assam-Agartala National Hwy,OPEN,1,1,DRIVER
FR001921,V0119,2026-10-05 00:00:00,Tripura,Sipahijala,23.747,91.1775,ROCKFALL,HIGH,Field observation of rockfall event on Agartala-Udaipur Hwy,PARTIAL,1,1,BORDER_ROAD_CREW
FR001922,V0317,2026-10-05 01:12:00,Tripura,Dhalai,23.7349,91.8946,ROCKFALL,CRITICAL,Field observation of rockfall event on Ambassa Corridor,BLOCKED,0,1,FIELD_OFFICER
FR001923,V0134,2026-10-05 02:24:00,Arunachal Pradesh,Tawang,27.4611,91.921,ROCKFALL,HIGH,Field observation of rockfall event on Bhalukpong-Tawang Hwy,PARTIAL,1,0,FIELD_OFFICER
FR001924,V0449,2026-10-05 03:36:00,Arunachal Pradesh,West Kameng,27.384,92.3544,LANDSLIDE,HIGH,Field observation of landslide event on Trans-Arunachal Hwy,PARTIAL,1,0,LOCAL_SCOUT
FR001925,V0387,2026-10-05 04:48:00,Arunachal Pradesh,Papum Pare,27.057,93.6857,HEAVY_RAIN,LOW,Field observation of heavy_rain event on Itanagar-Naharlagun Corridor,OPEN,0,1,FIELD_OFFICER
FR001926,V0431,2026-10-05 06:00:00,Arunachal Pradesh,East Siang,28.0772,95.4696,HEAVY_RAIN,HIGH,Field observation of heavy_rain event on Pasighat Corridor,PARTIAL,1,1,BORDER_ROAD_CREW
FR001927,V0278,2026-10-05 07:12:00,Arunachal Pradesh,Lower Subansiri,27.6168,93.8864,ROAD_DAMAGE,CRITICAL,Field observation of road_damage event on Ziro-Yachuli Road,BLOCKED,1,1,LOCAL_SCOUT
FR001928,V0236,2026-10-05 08:24:00,Assam,Kamrup Metropolitan,26.1758,91.648,ROAD_DAMAGE,HIGH,Field observation of road_damage event on East-West Corridor,PARTIAL,0,1,FIELD_OFFICER
FR001929,V0345,2026-10-05 09:36:00,Assam,Kamrup Rural,26.2095,91.6543,HEAVY_RAIN,CRITICAL,Field observation of heavy_rain event on Amingaon-Rangia Hwy,BLOCKED,1,1,FIELD_OFFICER
FR001930,V0430,2026-10-05 10:48:00,Assam,Darrang,26.5209,92.0112,ACCIDENT,CRITICAL,Field observation of accident event on North Bank Hwy,BLOCKED,1,1,FIELD_OFFICER
FR001931,V0343,2026-10-05 12:00:00,Assam,Sonitpur,26.5383,92.6981,ACCIDENT,MEDIUM,Field observation of accident event on Tezpur-Biswanath Hwy,PARTIAL,0,1,DRIVER
FR001932,V0324,2026-10-05 13:12:00,Assam,Dibrugarh,27.6058,94.8161,ROAD_DAMAGE,LOW,Field observation of road_damage event on Upper Assam Hwy,OPEN,1,0,FIELD_OFFICER
FR001933,V0383,2026-10-05 14:24:00,Assam,Cachar,24.7366,92.7472,FLOOD,MEDIUM,Field observation of flood event on Silchar-Badarpur Corridor,PARTIAL,1,1,DRIVER
FR001934,V0108,2026-10-05 15:36:00,Assam,Nagaon,26.3231,92.6705,ROCKFALL,MEDIUM,Field observation of rockfall event on Kaziranga Bypass,PARTIAL,0,1,LOCAL_SCOUT
FR001935,V0245,2026-10-05 16:48:00,Meghalaya,East Khasi Hills,25.5868,91.9613,ACCIDENT,MEDIUM,Field observation of accident event on Shillong-Dawki Hwy,PARTIAL,0,0,LOCAL_SCOUT
FR001936,V0421,2026-10-05 18:00:00,Meghalaya,West Khasi Hills,25.4752,91.143,FLOOD,CRITICAL,Field observation of flood event on Nongstoin Road,BLOCKED,1,1,BORDER_ROAD_CREW
FR001937,V0250,2026-10-05 19:12:00,Meghalaya,Ri-Bhoi,25.7631,91.8045,FLOOD,MEDIUM,Field observation of flood event on Guwahati-Shillong Expressway,PARTIAL,1,1,LOCAL_SCOUT
FR001938,V0269,2026-10-05 20:24:00,Meghalaya,West Jaintia Hills,25.4799,92.2877,ROAD_DAMAGE,HIGH,Field observation of road_damage event on Jowai Bypass,PARTIAL,0,0,DRIVER
FR001939,V0316,2026-10-05 21:36:00,Sikkim,East Sikkim,27.4097,88.558,HEAVY_RAIN,MEDIUM,Field observation of heavy_rain event on Sevoke-Gangtok Hwy,PARTIAL,0,1,BORDER_ROAD_CREW
FR001940,V0328,2026-10-05 22:48:00,Sikkim,North Sikkim,27.5779,88.6677,HEAVY_RAIN,LOW,Field observation of heavy_rain event on Mangan-Chungthang Road,OPEN,0,1,DRIVER
FR001941,V0140,2026-10-06 00:00:00,Sikkim,South Sikkim,27.0664,88.2168,ROAD_DAMAGE,LOW,Field observation of road_damage event on Namchi-Jorethang Rd,OPEN,0,1,DRIVER
FR001942,V0127,2026-10-06 01:12:00,Nagaland,Kohima,25.5315,93.972,FLOOD,CRITICAL,Field observation of flood event on Dimapur-Kohima Corridor,BLOCKED,1,1,FIELD_OFFICER
FR001943,V0279,2026-10-06 02:24:00,Nagaland,Dimapur,26.0077,93.6201,ROAD_DAMAGE,LOW,Field observation of road_damage event on Dimapur Gateway,OPEN,0,1,BORDER_ROAD_CREW
FR001944,V0398,2026-10-06 03:36:00,Nagaland,Mokokchung,26.2906,94.476,ACCIDENT,HIGH,Field observation of accident event on Mokokchung-Amguri Rd,PARTIAL,1,1,BORDER_ROAD_CREW
FR001945,V0367,2026-10-06 04:48:00,Manipur,Imphal West,24.7824,94.0521,ACCIDENT,MEDIUM,Field observation of accident event on Imphal Ring Road,PARTIAL,0,0,FIELD_OFFICER
FR001946,V0362,2026-10-06 06:00:00,Manipur,Bishnupur,24.7796,93.6819,LANDSLIDE,MEDIUM,Field observation of landslide event on Imphal-Churachandpur Hwy,PARTIAL,1,1,BORDER_ROAD_CREW
FR001947,V0147,2026-10-06 07:12:00,Manipur,Senapati,25.1455,94.137,FLOOD,MEDIUM,Field observation of flood event on Mao-Maram Highway,PARTIAL,1,0,BORDER_ROAD_CREW
FR001948,V0190,2026-10-06 08:24:00,Mizoram,Aizawl,23.6224,92.6962,HEAVY_RAIN,CRITICAL,Field observation of heavy_rain event on Silchar-Aizawl Hwy,BLOCKED,1,0,DRIVER
FR001949,V0423,2026-10-06 09:36:00,Mizoram,Kolasib,24.1151,92.7302,FLOOD,HIGH,Field observation of flood event on Vairengte-Kolasib Corridor,PARTIAL,0,0,BORDER_ROAD_CREW
FR001950,V0434,2026-10-06 10:48:00,Mizoram,Lunglei,22.9926,92.6713,HEAVY_RAIN,CRITICAL,Field observation of heavy_rain event on Aizawl-Lunglei Road,BLOCKED,1,1,LOCAL_SCOUT
FR001951,V0175,2026-10-06 12:00:00,Tripura,West Tripura,23.9247,91.3502,ACCIDENT,MEDIUM,Field observation of accident event on Assam-Agartala National Hwy,PARTIAL,1,1,BORDER_ROAD_CREW
FR001952,V0153,2026-10-06 13:12:00,Tripura,Sipahijala,23.7784,91.3953,ACCIDENT,MEDIUM,Field observation of accident event on Agartala-Udaipur Hwy,PARTIAL,1,1,FIELD_OFFICER
FR001953,V0120,2026-10-06 14:24:00,Tripura,Dhalai,23.9164,91.9357,HEAVY_RAIN,CRITICAL,Field observation of heavy_rain event on Ambassa Corridor,BLOCKED,1,1,FIELD_OFFICER
FR001954,V0300,2026-10-06 15:36:00,Arunachal Pradesh,Tawang,27.5643,91.9274,ROCKFALL,CRITICAL,Field observation of rockfall event on Bhalukpong-Tawang Hwy,BLOCKED,1,1,FIELD_OFFICER
FR001955,V0164,2026-10-06 16:48:00,Arunachal Pradesh,West Kameng,27.1691,92.3814,LANDSLIDE,CRITICAL,Field observation of landslide event on Trans-Arunachal Hwy,BLOCKED,1,1,FIELD_OFFICER
FR001956,V0433,2026-10-06 18:00:00,Arunachal Pradesh,Papum Pare,27.2423,93.6471,ROCKFALL,MEDIUM,Field observation of rockfall event on Itanagar-Naharlagun Corridor,PARTIAL,1,1,LOCAL_SCOUT
FR001957,V0264,2026-10-06 19:12:00,Arunachal Pradesh,East Siang,28.1122,95.2498,LANDSLIDE,LOW,Field observation of landslide event on Pasighat Corridor,OPEN,1,1,FIELD_OFFICER
FR001958,V0146,2026-10-06 20:24:00,Arunachal Pradesh,Lower Subansiri,27.5478,93.8409,HEAVY_RAIN,HIGH,Field observation of heavy_rain event on Ziro-Yachuli Road,PARTIAL,0,1,FIELD_OFFICER
FR001959,V0292,2026-10-06 21:36:00,Assam,Kamrup Metropolitan,26.1211,91.7596,ROAD_DAMAGE,CRITICAL,Field observation of road_damage event on East-West Corridor,BLOCKED,1,1,FIELD_OFFICER
FR001960,V0179,2026-10-06 22:48:00,Assam,Kamrup Rural,26.0612,91.5205,ROCKFALL,MEDIUM,Field observation of rockfall event on Amingaon-Rangia Hwy,PARTIAL,0,0,FIELD_OFFICER
FR001961,V0327,2026-10-07 00:00:00,Assam,Darrang,26.4695,92.1683,ROCKFALL,HIGH,Field observation of rockfall event on North Bank Hwy,PARTIAL,1,1,LOCAL_SCOUT
FR001962,V0396,2026-10-07 01:12:00,Assam,Sonitpur,26.5921,92.8974,FLOOD,HIGH,Field observation of flood event on Tezpur-Biswanath Hwy,PARTIAL,1,1,LOCAL_SCOUT
FR001963,V0367,2026-10-07 02:24:00,Assam,Dibrugarh,27.366,95.018,ACCIDENT,LOW,Field observation of accident event on Upper Assam Hwy,OPEN,0,1,FIELD_OFFICER
FR001964,V0327,2026-10-07 03:36:00,Assam,Cachar,24.9316,92.6457,HEAVY_RAIN,LOW,Field observation of heavy_rain event on Silchar-Badarpur Corridor,OPEN,1,0,FIELD_OFFICER
FR001965,V0378,2026-10-07 04:48:00,Assam,Nagaon,26.2381,92.7539,ROCKFALL,HIGH,Field observation of rockfall event on Kaziranga Bypass,PARTIAL,1,1,BORDER_ROAD_CREW
FR001966,V0141,2026-10-07 06:00:00,Meghalaya,East Khasi Hills,25.6392,91.9421,ACCIDENT,MEDIUM,Field observation of accident event on Shillong-Dawki Hwy,PARTIAL,1,1,DRIVER
FR001967,V0383,2026-10-07 07:12:00,Meghalaya,West Khasi Hills,25.4075,91.1541,HEAVY_RAIN,MEDIUM,Field observation of heavy_rain event on Nongstoin Road,PARTIAL,1,1,LOCAL_SCOUT
FR001968,V0366,2026-10-07 08:24:00,Meghalaya,Ri-Bhoi,25.9208,91.9741,LANDSLIDE,LOW,Field observation of landslide event on Guwahati-Shillong Expressway,OPEN,1,0,LOCAL_SCOUT
FR001969,V0411,2026-10-07 09:36:00,Meghalaya,West Jaintia Hills,25.342,92.2082,ACCIDENT,HIGH,Field observation of accident event on Jowai Bypass,PARTIAL,1,1,LOCAL_SCOUT
FR001970,V0169,2026-10-07 10:48:00,Sikkim,East Sikkim,27.3221,88.65,ROAD_DAMAGE,HIGH,Field observation of road_damage event on Sevoke-Gangtok Hwy,PARTIAL,1,1,BORDER_ROAD_CREW
FR001971,V0436,2026-10-07 12:00:00,Sikkim,North Sikkim,27.6143,88.4096,ROCKFALL,CRITICAL,Field observation of rockfall event on Mangan-Chungthang Road,BLOCKED,1,1,BORDER_ROAD_CREW
FR001972,V0203,2026-10-07 13:12:00,Sikkim,South Sikkim,27.1389,88.3271,ROCKFALL,MEDIUM,Field observation of rockfall event on Namchi-Jorethang Rd,PARTIAL,1,1,LOCAL_SCOUT
FR001973,V0411,2026-10-07 14:24:00,Nagaland,Kohima,25.6025,94.1302,FLOOD,LOW,Field observation of flood event on Dimapur-Kohima Corridor,OPEN,1,1,DRIVER
FR001974,V0422,2026-10-07 15:36:00,Nagaland,Dimapur,25.8038,93.8694,ROCKFALL,HIGH,Field observation of rockfall event on Dimapur Gateway,PARTIAL,0,1,FIELD_OFFICER
FR001975,V0321,2026-10-07 16:48:00,Nagaland,Mokokchung,26.3979,94.4901,HEAVY_RAIN,HIGH,Field observation of heavy_rain event on Mokokchung-Amguri Rd,PARTIAL,1,1,FIELD_OFFICER
FR001976,V0337,2026-10-07 18:00:00,Manipur,Imphal West,24.8908,93.9546,HEAVY_RAIN,HIGH,Field observation of heavy_rain event on Imphal Ring Road,PARTIAL,0,1,BORDER_ROAD_CREW
FR001977,V0352,2026-10-07 19:12:00,Manipur,Bishnupur,24.6256,93.8103,HEAVY_RAIN,MEDIUM,Field observation of heavy_rain event on Imphal-Churachandpur Hwy,PARTIAL,0,1,DRIVER
FR001978,V0152,2026-10-07 20:24:00,Manipur,Senapati,25.351,94.054,LANDSLIDE,MEDIUM,Field observation of landslide event on Mao-Maram Highway,PARTIAL,0,1,DRIVER
FR001979,V0287,2026-10-07 21:36:00,Mizoram,Aizawl,23.6859,92.8012,ROCKFALL,CRITICAL,Field observation of rockfall event on Silchar-Aizawl Hwy,BLOCKED,0,1,BORDER_ROAD_CREW
FR001980,V0129,2026-10-07 22:48:00,Mizoram,Kolasib,24.2325,92.5496,ACCIDENT,CRITICAL,Field observation of accident event on Vairengte-Kolasib Corridor,BLOCKED,0,0,LOCAL_SCOUT
FR001981,V0121,2026-10-08 00:00:00,Mizoram,Lunglei,22.7863,92.6505,FLOOD,HIGH,Field observation of flood event on Aizawl-Lunglei Road,PARTIAL,0,1,LOCAL_SCOUT
FR001982,V0240,2026-10-08 01:12:00,Tripura,West Tripura,23.9745,91.3062,ROAD_DAMAGE,CRITICAL,Field observation of road_damage event on Assam-Agartala National Hwy,BLOCKED,0,1,BORDER_ROAD_CREW
FR001983,V0317,2026-10-08 02:24:00,Tripura,Sipahijala,23.4994,91.19,LANDSLIDE,HIGH,Field observation of landslide event on Agartala-Udaipur Hwy,PARTIAL,1,0,DRIVER
FR001984,V0368,2026-10-08 03:36:00,Tripura,Dhalai,23.7847,91.8194,ACCIDENT,LOW,Field observation of accident event on Ambassa Corridor,OPEN,1,1,BORDER_ROAD_CREW
FR001985,V0267,2026-10-08 04:48:00,Arunachal Pradesh,Tawang,27.5429,91.7483,ACCIDENT,CRITICAL,Field observation of accident event on Bhalukpong-Tawang Hwy,BLOCKED,0,1,DRIVER
FR001986,V0362,2026-10-08 06:00:00,Arunachal Pradesh,West Kameng,27.3369,92.2962,ROCKFALL,MEDIUM,Field observation of rockfall event on Trans-Arunachal Hwy,PARTIAL,1,1,BORDER_ROAD_CREW
FR001987,V0114,2026-10-08 07:12:00,Arunachal Pradesh,Papum Pare,27.1892,93.6097,ROAD_DAMAGE,HIGH,Field observation of road_damage event on Itanagar-Naharlagun Corridor,PARTIAL,0,0,FIELD_OFFICER
FR001988,V0205,2026-10-08 08:24:00,Arunachal Pradesh,East Siang,27.9615,95.3149,ROCKFALL,LOW,Field observation of rockfall event on Pasighat Corridor,OPEN,1,0,FIELD_OFFICER
FR001989,V0429,2026-10-08 09:36:00,Arunachal Pradesh,Lower Subansiri,27.4695,93.7447,LANDSLIDE,HIGH,Field observation of landslide event on Ziro-Yachuli Road,PARTIAL,1,1,FIELD_OFFICER
FR001990,V0365,2026-10-08 10:48:00,Assam,Kamrup Metropolitan,26.0428,91.8753,ACCIDENT,HIGH,Field observation of accident event on East-West Corridor,PARTIAL,1,1,LOCAL_SCOUT
FR001991,V0221,2026-10-08 12:00:00,Assam,Kamrup Rural,26.192,91.6426,ACCIDENT,CRITICAL,Field observation of accident event on Amingaon-Rangia Hwy,BLOCKED,1,1,LOCAL_SCOUT
FR001992,V0421,2026-10-08 13:12:00,Assam,Darrang,26.4101,92.1378,LANDSLIDE,CRITICAL,Field observation of landslide event on North Bank Hwy,BLOCKED,0,1,LOCAL_SCOUT
FR001993,V0350,2026-10-08 14:24:00,Assam,Sonitpur,26.6887,92.7143,ROCKFALL,HIGH,Field observation of rockfall event on Tezpur-Biswanath Hwy,PARTIAL,1,1,DRIVER
FR001994,V0428,2026-10-08 15:36:00,Assam,Dibrugarh,27.4929,95.0603,LANDSLIDE,LOW,Field observation of landslide event on Upper Assam Hwy,OPEN,1,1,FIELD_OFFICER
FR001995,V0143,2026-10-08 16:48:00,Assam,Cachar,24.9444,92.793,HEAVY_RAIN,LOW,Field observation of heavy_rain event on Silchar-Badarpur Corridor,OPEN,1,0,FIELD_OFFICER
FR001996,V0280,2026-10-08 18:00:00,Assam,Nagaon,26.2234,92.6281,ROCKFALL,CRITICAL,Field observation of rockfall event on Kaziranga Bypass,BLOCKED,1,1,DRIVER
FR001997,V0203,2026-10-08 19:12:00,Meghalaya,East Khasi Hills,25.6018,91.8493,FLOOD,HIGH,Field observation of flood event on Shillong-Dawki Hwy,PARTIAL,1,1,BORDER_ROAD_CREW
FR001998,V0120,2026-10-08 20:24:00,Meghalaya,West Khasi Hills,25.4374,91.252,ACCIDENT,HIGH,Field observation of accident event on Nongstoin Road,PARTIAL,1,1,BORDER_ROAD_CREW
FR001999,V0391,2026-10-08 21:36:00,Meghalaya,Ri-Bhoi,26.0272,92.0119,HEAVY_RAIN,LOW,Field observation of heavy_rain event on Guwahati-Shillong Expressway,OPEN,1,0,BORDER_ROAD_CREW
FR002000,V0331,2026-10-08 22:48:00,Meghalaya,West Jaintia Hills,25.386,92.1727,LANDSLIDE,LOW,Field observation of landslide event on Jowai Bypass,OPEN,1,0,BORDER_ROAD_CREW
FR002001,V0261,2026-10-09 00:00:00,Sikkim,East Sikkim,27.2989,88.71,LANDSLIDE,MEDIUM,Field observation of landslide event on Sevoke-Gangtok Hwy,PARTIAL,1,1,FIELD_OFFICER
FR002002,V0127,2026-10-09 01:12:00,Sikkim,North Sikkim,27.5018,88.4788,ROCKFALL,MEDIUM,Field observation of rockfall event on Mangan-Chungthang Road,PARTIAL,1,1,DRIVER
FR002003,V0288,2026-10-09 02:24:00,Sikkim,South Sikkim,27.3132,88.2171,FLOOD,HIGH,Field observation of flood event on Namchi-Jorethang Rd,PARTIAL,1,1,LOCAL_SCOUT
FR002004,V0103,2026-10-09 03:36:00,Nagaland,Kohima,25.5275,94.2145,ACCIDENT,HIGH,Field observation of accident event on Dimapur-Kohima Corridor,PARTIAL,1,1,FIELD_OFFICER
FR002005,V0279,2026-10-09 04:48:00,Nagaland,Dimapur,26.0129,93.6444,HEAVY_RAIN,CRITICAL,Field observation of heavy_rain event on Dimapur Gateway,BLOCKED,1,0,LOCAL_SCOUT
FR002006,V0301,2026-10-09 06:00:00,Nagaland,Mokokchung,26.3148,94.5627,HEAVY_RAIN,LOW,Field observation of heavy_rain event on Mokokchung-Amguri Rd,OPEN,0,1,BORDER_ROAD_CREW
FR002007,V0316,2026-10-09 07:12:00,Manipur,Imphal West,24.7211,93.8193,FLOOD,LOW,Field observation of flood event on Imphal Ring Road,OPEN,1,1,BORDER_ROAD_CREW
FR002008,V0344,2026-10-09 08:24:00,Manipur,Bishnupur,24.6029,93.6338,LANDSLIDE,MEDIUM,Field observation of landslide event on Imphal-Churachandpur Hwy,PARTIAL,0,1,FIELD_OFFICER
FR002009,V0148,2026-10-09 09:36:00,Manipur,Senapati,25.3207,94.0029,ROAD_DAMAGE,MEDIUM,Field observation of road_damage event on Mao-Maram Highway,PARTIAL,1,1,LOCAL_SCOUT
FR002010,V0270,2026-10-09 10:48:00,Mizoram,Aizawl,23.8617,92.6113,ROAD_DAMAGE,HIGH,Field observation of road_damage event on Silchar-Aizawl Hwy,PARTIAL,1,1,DRIVER
FR002011,V0293,2026-10-09 12:00:00,Mizoram,Kolasib,24.2503,92.6441,LANDSLIDE,CRITICAL,Field observation of landslide event on Vairengte-Kolasib Corridor,BLOCKED,1,1,BORDER_ROAD_CREW
FR002012,V0249,2026-10-09 13:12:00,Mizoram,Lunglei,23.0236,92.654,ACCIDENT,CRITICAL,Field observation of accident event on Aizawl-Lunglei Road,BLOCKED,1,0,DRIVER
FR002013,V0150,2026-10-09 14:24:00,Tripura,West Tripura,23.8866,91.2178,ROCKFALL,MEDIUM,Field observation of rockfall event on Assam-Agartala National Hwy,PARTIAL,1,0,LOCAL_SCOUT
FR002014,V0155,2026-10-09 15:36:00,Tripura,Sipahijala,23.5672,91.1865,LANDSLIDE,CRITICAL,Field observation of landslide event on Agartala-Udaipur Hwy,BLOCKED,1,1,DRIVER
FR002015,V0245,2026-10-09 16:48:00,Tripura,Dhalai,23.8574,91.9009,FLOOD,MEDIUM,Field observation of flood event on Ambassa Corridor,PARTIAL,1,1,LOCAL_SCOUT
FR002016,V0109,2026-10-09 18:00:00,Arunachal Pradesh,Tawang,27.7046,91.838,LANDSLIDE,MEDIUM,Field observation of landslide event on Bhalukpong-Tawang Hwy,PARTIAL,1,1,LOCAL_SCOUT
FR002017,V0387,2026-10-09 19:12:00,Arunachal Pradesh,West Kameng,27.3971,92.4104,FLOOD,LOW,Field observation of flood event on Trans-Arunachal Hwy,OPEN,1,1,FIELD_OFFICER
FR002018,V0121,2026-10-09 20:24:00,Arunachal Pradesh,Papum Pare,27.1594,93.573,FLOOD,HIGH,Field observation of flood event on Itanagar-Naharlagun Corridor,PARTIAL,0,0,FIELD_OFFICER
FR002019,V0138,2026-10-09 21:36:00,Arunachal Pradesh,East Siang,28.0843,95.4441,ROAD_DAMAGE,MEDIUM,Field observation of road_damage event on Pasighat Corridor,PARTIAL,0,1,BORDER_ROAD_CREW
FR002020,V0130,2026-10-09 22:48:00,Arunachal Pradesh,Lower Subansiri,27.585,93.7771,LANDSLIDE,LOW,Field observation of landslide event on Ziro-Yachuli Road,OPEN,1,1,FIELD_OFFICER
FR002021,V0400,2026-10-10 00:00:00,Assam,Kamrup Metropolitan,26.2155,91.6812,FLOOD,HIGH,Field observation of flood event on East-West Corridor,PARTIAL,0,1,FIELD_OFFICER
FR002022,V0272,2026-10-10 01:12:00,Assam,Kamrup Rural,26.1848,91.5069,ACCIDENT,HIGH,Field observation of accident event on Amingaon-Rangia Hwy,PARTIAL,1,0,FIELD_OFFICER
FR002023,V0109,2026-10-10 02:24:00,Assam,Darrang,26.4582,91.8821,ACCIDENT,LOW,Field observation of accident event on North Bank Hwy,OPEN,1,1,DRIVER
FR002024,V0162,2026-10-10 03:36:00,Assam,Sonitpur,26.6741,92.8343,LANDSLIDE,MEDIUM,Field observation of landslide event on Tezpur-Biswanath Hwy,PARTIAL,1,0,FIELD_OFFICER
FR002025,V0176,2026-10-10 04:48:00,Assam,Dibrugarh,27.6165,94.8881,LANDSLIDE,HIGH,Field observation of landslide event on Upper Assam Hwy,PARTIAL,0,1,BORDER_ROAD_CREW
FR002026,V0373,2026-10-10 06:00:00,Assam,Cachar,24.7481,92.6918,ROCKFALL,LOW,Field observation of rockfall event on Silchar-Badarpur Corridor,OPEN,1,1,DRIVER
FR002027,V0207,2026-10-10 07:12:00,Assam,Nagaon,26.1995,92.7781,ACCIDENT,HIGH,Field observation of accident event on Kaziranga Bypass,PARTIAL,1,1,BORDER_ROAD_CREW
FR002028,V0118,2026-10-10 08:24:00,Meghalaya,East Khasi Hills,25.6745,91.7807,ROCKFALL,HIGH,Field observation of rockfall event on Shillong-Dawki Hwy,PARTIAL,1,1,BORDER_ROAD_CREW
FR002029,V0385,2026-10-10 09:36:00,Meghalaya,West Khasi Hills,25.4831,91.2157,ACCIDENT,HIGH,Field observation of accident event on Nongstoin Road,PARTIAL,1,1,BORDER_ROAD_CREW
FR002030,V0246,2026-10-10 10:48:00,Meghalaya,Ri-Bhoi,25.8507,92.0079,FLOOD,CRITICAL,Field observation of flood event on Guwahati-Shillong Expressway,BLOCKED,1,1,FIELD_OFFICER
FR002031,V0146,2026-10-10 12:00:00,Meghalaya,West Jaintia Hills,25.4785,92.2128,ACCIDENT,MEDIUM,Field observation of accident event on Jowai Bypass,PARTIAL,0,1,BORDER_ROAD_CREW
FR002032,V0435,2026-10-10 13:12:00,Sikkim,East Sikkim,27.393,88.6467,LANDSLIDE,LOW,Field observation of landslide event on Sevoke-Gangtok Hwy,OPEN,1,0,BORDER_ROAD_CREW
FR002033,V0290,2026-10-10 14:24:00,Sikkim,North Sikkim,27.6071,88.6986,ROCKFALL,MEDIUM,Field observation of rockfall event on Mangan-Chungthang Road,PARTIAL,0,1,BORDER_ROAD_CREW
FR002034,V0253,2026-10-10 15:36:00,Sikkim,South Sikkim,27.0249,88.4797,FLOOD,LOW,Field observation of flood event on Namchi-Jorethang Rd,OPEN,1,0,DRIVER
FR002035,V0125,2026-10-10 16:48:00,Nagaland,Kohima,25.8033,93.9885,HEAVY_RAIN,LOW,Field observation of heavy_rain event on Dimapur-Kohima Corridor,OPEN,0,0,FIELD_OFFICER
FR002036,V0206,2026-10-10 18:00:00,Nagaland,Dimapur,25.9571,93.833,FLOOD,MEDIUM,Field observation of flood event on Dimapur Gateway,PARTIAL,1,0,DRIVER
FR002037,V0110,2026-10-10 19:12:00,Nagaland,Mokokchung,26.2893,94.4287,HEAVY_RAIN,MEDIUM,Field observation of heavy_rain event on Mokokchung-Amguri Rd,PARTIAL,1,1,DRIVER
FR002038,V0328,2026-10-10 20:24:00,Manipur,Imphal West,24.9051,93.926,ROAD_DAMAGE,HIGH,Field observation of road_damage event on Imphal Ring Road,PARTIAL,1,1,BORDER_ROAD_CREW
FR002039,V0111,2026-10-10 21:36:00,Manipur,Bishnupur,24.7047,93.6168,ACCIDENT,LOW,Field observation of accident event on Imphal-Churachandpur Hwy,OPEN,0,1,DRIVER
FR002040,V0235,2026-10-10 22:48:00,Manipur,Senapati,25.1903,94.0576,ACCIDENT,CRITICAL,Field observation of accident event on Mao-Maram Highway,BLOCKED,1,1,LOCAL_SCOUT
FR002041,V0180,2026-10-11 00:00:00,Mizoram,Aizawl,23.7015,92.6401,LANDSLIDE,CRITICAL,Field observation of landslide event on Silchar-Aizawl Hwy,BLOCKED,0,0,BORDER_ROAD_CREW
FR002042,V0323,2026-10-11 01:12:00,Mizoram,Kolasib,24.0779,92.7672,ROAD_DAMAGE,CRITICAL,Field observation of road_damage event on Vairengte-Kolasib Corridor,BLOCKED,1,1,LOCAL_SCOUT
FR002043,V0277,2026-10-11 02:24:00,Mizoram,Lunglei,22.91,92.6905,HEAVY_RAIN,MEDIUM,Field observation of heavy_rain event on Aizawl-Lunglei Road,PARTIAL,1,1,FIELD_OFFICER
FR002044,V0340,2026-10-11 03:36:00,Tripura,West Tripura,23.9735,91.1946,ROCKFALL,LOW,Field observation of rockfall event on Assam-Agartala National Hwy,OPEN,1,1,FIELD_OFFICER
FR002045,V0184,2026-10-11 04:48:00,Tripura,Sipahijala,23.7646,91.2907,ROAD_DAMAGE,LOW,Field observation of road_damage event on Agartala-Udaipur Hwy,OPEN,1,1,DRIVER
FR002046,V0179,2026-10-11 06:00:00,Tripura,Dhalai,23.7521,91.9713,ROCKFALL,LOW,Field observation of rockfall event on Ambassa Corridor,OPEN,1,1,DRIVER
FR002047,V0235,2026-10-11 07:12:00,Arunachal Pradesh,Tawang,27.6491,91.7473,LANDSLIDE,HIGH,Field observation of landslide event on Bhalukpong-Tawang Hwy,PARTIAL,0,1,FIELD_OFFICER
FR002048,V0318,2026-10-11 08:24:00,Arunachal Pradesh,West Kameng,27.3674,92.4541,ROCKFALL,MEDIUM,Field observation of rockfall event on Trans-Arunachal Hwy,PARTIAL,1,1,FIELD_OFFICER
FR002049,V0121,2026-10-11 09:36:00,Arunachal Pradesh,Papum Pare,27.0471,93.4946,LANDSLIDE,HIGH,Field observation of landslide event on Itanagar-Naharlagun Corridor,PARTIAL,1,1,BORDER_ROAD_CREW
FR002050,V0388,2026-10-11 10:48:00,Arunachal Pradesh,East Siang,28.094,95.1843,ACCIDENT,MEDIUM,Field observation of accident event on Pasighat Corridor,PARTIAL,1,1,DRIVER
FR002051,V0288,2026-10-11 12:00:00,Arunachal Pradesh,Lower Subansiri,27.5715,93.6876,LANDSLIDE,MEDIUM,Field observation of landslide event on Ziro-Yachuli Road,PARTIAL,1,1,DRIVER
FR002052,V0250,2026-10-11 13:12:00,Assam,Kamrup Metropolitan,26.184,91.6936,ROCKFALL,HIGH,Field observation of rockfall event on East-West Corridor,PARTIAL,1,1,BORDER_ROAD_CREW
FR002053,V0377,2026-10-11 14:24:00,Assam,Kamrup Rural,26.0931,91.6641,HEAVY_RAIN,LOW,Field observation of heavy_rain event on Amingaon-Rangia Hwy,OPEN,1,1,DRIVER
FR002054,V0110,2026-10-11 15:36:00,Assam,Darrang,26.5331,92.0788,LANDSLIDE,MEDIUM,Field observation of landslide event on North Bank Hwy,PARTIAL,1,1,FIELD_OFFICER
FR002055,V0310,2026-10-11 16:48:00,Assam,Sonitpur,26.4907,92.938,LANDSLIDE,LOW,Field observation of landslide event on Tezpur-Biswanath Hwy,OPEN,0,1,DRIVER
FR002056,V0286,2026-10-11 18:00:00,Assam,Dibrugarh,27.5016,94.7941,LANDSLIDE,CRITICAL,Field observation of landslide event on Upper Assam Hwy,BLOCKED,1,1,BORDER_ROAD_CREW
FR002057,V0421,2026-10-11 19:12:00,Assam,Cachar,24.7065,92.8823,FLOOD,MEDIUM,Field observation of flood event on Silchar-Badarpur Corridor,PARTIAL,1,1,DRIVER
FR002058,V0431,2026-10-11 20:24:00,Assam,Nagaon,26.3425,92.5406,ROAD_DAMAGE,CRITICAL,Field observation of road_damage event on Kaziranga Bypass,BLOCKED,0,1,LOCAL_SCOUT
FR002059,V0157,2026-10-11 21:36:00,Meghalaya,East Khasi Hills,25.4919,91.8693,FLOOD,LOW,Field observation of flood event on Shillong-Dawki Hwy,OPEN,1,1,DRIVER
FR002060,V0443,2026-10-11 22:48:00,Meghalaya,West Khasi Hills,25.6026,91.1639,LANDSLIDE,HIGH,Field observation of landslide event on Nongstoin Road,PARTIAL,0,1,DRIVER
FR002061,V0310,2026-10-12 00:00:00,Meghalaya,Ri-Bhoi,25.9394,91.9864,ACCIDENT,HIGH,Field observation of accident event on Guwahati-Shillong Expressway,PARTIAL,1,0,BORDER_ROAD_CREW
FR002062,V0232,2026-10-12 01:12:00,Meghalaya,West Jaintia Hills,25.4452,92.2342,HEAVY_RAIN,CRITICAL,Field observation of heavy_rain event on Jowai Bypass,BLOCKED,0,1,LOCAL_SCOUT
FR002063,V0160,2026-10-12 02:24:00,Sikkim,East Sikkim,27.2653,88.493,HEAVY_RAIN,CRITICAL,Field observation of heavy_rain event on Sevoke-Gangtok Hwy,BLOCKED,1,1,DRIVER
FR002064,V0431,2026-10-12 03:36:00,Sikkim,North Sikkim,27.5035,88.4457,ROCKFALL,MEDIUM,Field observation of rockfall event on Mangan-Chungthang Road,PARTIAL,1,1,FIELD_OFFICER
FR002065,V0438,2026-10-12 04:48:00,Sikkim,South Sikkim,27.0288,88.2416,FLOOD,HIGH,Field observation of flood event on Namchi-Jorethang Rd,PARTIAL,1,1,FIELD_OFFICER
FR002066,V0217,2026-10-12 06:00:00,Nagaland,Kohima,25.6054,94.1031,FLOOD,LOW,Field observation of flood event on Dimapur-Kohima Corridor,OPEN,1,1,LOCAL_SCOUT
FR002067,V0138,2026-10-12 07:12:00,Nagaland,Dimapur,25.8451,93.8011,FLOOD,CRITICAL,Field observation of flood event on Dimapur Gateway,BLOCKED,1,1,BORDER_ROAD_CREW
FR002068,V0290,2026-10-12 08:24:00,Nagaland,Mokokchung,26.4517,94.445,ROCKFALL,MEDIUM,Field observation of rockfall event on Mokokchung-Amguri Rd,PARTIAL,1,1,BORDER_ROAD_CREW
FR002069,V0202,2026-10-12 09:36:00,Manipur,Imphal West,24.7513,93.9046,HEAVY_RAIN,HIGH,Field observation of heavy_rain event on Imphal Ring Road,PARTIAL,1,1,DRIVER
FR002070,V0417,2026-10-12 10:48:00,Manipur,Bishnupur,24.5321,93.6762,ROAD_DAMAGE,HIGH,Field observation of road_damage event on Imphal-Churachandpur Hwy,PARTIAL,0,1,LOCAL_SCOUT
FR002071,V0427,2026-10-12 12:00:00,Manipur,Senapati,25.2371,94.0841,ROCKFALL,CRITICAL,Field observation of rockfall event on Mao-Maram Highway,BLOCKED,1,1,BORDER_ROAD_CREW
FR002072,V0127,2026-10-12 13:12:00,Mizoram,Aizawl,23.692,92.6275,ACCIDENT,LOW,Field observation of accident event on Silchar-Aizawl Hwy,OPEN,1,1,DRIVER
FR002073,V0349,2026-10-12 14:24:00,Mizoram,Kolasib,24.0893,92.5802,FLOOD,MEDIUM,Field observation of flood event on Vairengte-Kolasib Corridor,PARTIAL,1,1,LOCAL_SCOUT
FR002074,V0171,2026-10-12 15:36:00,Mizoram,Lunglei,22.8529,92.7712,FLOOD,CRITICAL,Field observation of flood event on Aizawl-Lunglei Road,BLOCKED,1,1,FIELD_OFFICER
FR002075,V0339,2026-10-12 16:48:00,Tripura,West Tripura,23.7872,91.1458,LANDSLIDE,HIGH,Field observation of landslide event on Assam-Agartala National Hwy,PARTIAL,1,1,BORDER_ROAD_CREW
FR002076,V0213,2026-10-12 18:00:00,Tripura,Sipahijala,23.5408,91.2356,ROAD_DAMAGE,HIGH,Field observation of road_damage event on Agartala-Udaipur Hwy,PARTIAL,1,1,FIELD_OFFICER
FR002077,V0406,2026-10-12 19:12:00,Tripura,Dhalai,23.9339,91.7367,ROAD_DAMAGE,HIGH,Field observation of road_damage event on Ambassa Corridor,PARTIAL,1,1,DRIVER
FR002078,V0290,2026-10-12 20:24:00,Arunachal Pradesh,Tawang,27.5002,91.8796,ROAD_DAMAGE,HIGH,Field observation of road_damage event on Bhalukpong-Tawang Hwy,PARTIAL,0,1,LOCAL_SCOUT
FR002079,V0258,2026-10-12 21:36:00,Arunachal Pradesh,West Kameng,27.2302,92.4464,ROAD_DAMAGE,MEDIUM,Field observation of road_damage event on Trans-Arunachal Hwy,PARTIAL,1,1,LOCAL_SCOUT
FR002080,V0258,2026-10-12 22:48:00,Arunachal Pradesh,Papum Pare,27.1653,93.7505,LANDSLIDE,LOW,Field observation of landslide event on Itanagar-Naharlagun Corridor,OPEN,1,1,DRIVER
FR002081,V0292,2026-10-13 00:00:00,Arunachal Pradesh,East Siang,28.1838,95.3025,LANDSLIDE,MEDIUM,Field observation of landslide event on Pasighat Corridor,PARTIAL,1,0,BORDER_ROAD_CREW
FR002082,V0359,2026-10-13 01:12:00,Arunachal Pradesh,Lower Subansiri,27.4594,93.6949,ACCIDENT,MEDIUM,Field observation of accident event on Ziro-Yachuli Road,PARTIAL,1,1,LOCAL_SCOUT
FR002083,V0239,2026-10-13 02:24:00,Assam,Kamrup Metropolitan,26.1209,91.6234,HEAVY_RAIN,LOW,Field observation of heavy_rain event on East-West Corridor,OPEN,1,0,LOCAL_SCOUT
FR002084,V0131,2026-10-13 03:36:00,Assam,Kamrup Rural,26.1059,91.4184,ROCKFALL,MEDIUM,Field observation of rockfall event on Amingaon-Rangia Hwy,PARTIAL,1,1,LOCAL_SCOUT
FR002085,V0433,2026-10-13 04:48:00,Assam,Darrang,26.5984,92.1545,HEAVY_RAIN,CRITICAL,Field observation of heavy_rain event on North Bank Hwy,BLOCKED,1,0,LOCAL_SCOUT
FR002086,V0261,2026-10-13 06:00:00,Assam,Sonitpur,26.4949,92.8026,ACCIDENT,LOW,Field observation of accident event on Tezpur-Biswanath Hwy,OPEN,1,1,LOCAL_SCOUT
FR002087,V0109,2026-10-13 07:12:00,Assam,Dibrugarh,27.3436,94.7905,ACCIDENT,LOW,Field observation of accident event on Upper Assam Hwy,OPEN,0,0,FIELD_OFFICER
FR002088,V0111,2026-10-13 08:24:00,Assam,Cachar,24.7785,92.7326,ACCIDENT,LOW,Field observation of accident event on Silchar-Badarpur Corridor,OPEN,1,1,DRIVER
FR002089,V0413,2026-10-13 09:36:00,Assam,Nagaon,26.3789,92.652,LANDSLIDE,LOW,Field observation of landslide event on Kaziranga Bypass,OPEN,1,1,BORDER_ROAD_CREW
FR002090,V0209,2026-10-13 10:48:00,Meghalaya,East Khasi Hills,25.6211,92.0164,ACCIDENT,MEDIUM,Field observation of accident event on Shillong-Dawki Hwy,PARTIAL,1,1,BORDER_ROAD_CREW
FR002091,V0191,2026-10-13 12:00:00,Meghalaya,West Khasi Hills,25.3688,91.1244,ROAD_DAMAGE,LOW,Field observation of road_damage event on Nongstoin Road,OPEN,1,1,FIELD_OFFICER
FR002092,V0296,2026-10-13 13:12:00,Meghalaya,Ri-Bhoi,26.0084,91.9473,ACCIDENT,MEDIUM,Field observation of accident event on Guwahati-Shillong Expressway,PARTIAL,1,1,BORDER_ROAD_CREW
FR002093,V0419,2026-10-13 14:24:00,Meghalaya,West Jaintia Hills,25.5707,92.1607,ROAD_DAMAGE,CRITICAL,Field observation of road_damage event on Jowai Bypass,BLOCKED,1,1,BORDER_ROAD_CREW
FR002094,V0362,2026-10-13 15:36:00,Sikkim,East Sikkim,27.3954,88.4722,ACCIDENT,CRITICAL,Field observation of accident event on Sevoke-Gangtok Hwy,BLOCKED,0,1,LOCAL_SCOUT
FR002095,V0272,2026-10-13 16:48:00,Sikkim,North Sikkim,27.6341,88.4225,ROCKFALL,HIGH,Field observation of rockfall event on Mangan-Chungthang Road,PARTIAL,1,1,FIELD_OFFICER
FR002096,V0379,2026-10-13 18:00:00,Sikkim,South Sikkim,27.1339,88.4096,ROCKFALL,LOW,Field observation of rockfall event on Namchi-Jorethang Rd,OPEN,0,0,FIELD_OFFICER
FR002097,V0338,2026-10-13 19:12:00,Nagaland,Kohima,25.563,94.2172,ACCIDENT,CRITICAL,Field observation of accident event on Dimapur-Kohima Corridor,BLOCKED,1,1,FIELD_OFFICER
FR002098,V0198,2026-10-13 20:24:00,Nagaland,Dimapur,26.0254,93.7686,FLOOD,CRITICAL,Field observation of flood event on Dimapur Gateway,BLOCKED,1,1,LOCAL_SCOUT
FR002099,V0417,2026-10-13 21:36:00,Nagaland,Mokokchung,26.3484,94.5684,ROAD_DAMAGE,MEDIUM,Field observation of road_damage event on Mokokchung-Amguri Rd,PARTIAL,1,1,LOCAL_SCOUT
FR002100,V0310,2026-10-13 22:48:00,Manipur,Imphal West,24.7347,93.8659,FLOOD,HIGH,Field observation of flood event on Imphal Ring Road,PARTIAL,1,0,FIELD_OFFICER
FR002101,V0255,2026-10-14 00:00:00,Manipur,Bishnupur,24.7331,93.6872,ACCIDENT,CRITICAL,Field observation of accident event on Imphal-Churachandpur Hwy,BLOCKED,1,1,FIELD_OFFICER
FR002102,V0424,2026-10-14 01:12:00,Manipur,Senapati,25.1334,94.1515,HEAVY_RAIN,HIGH,Field observation of heavy_rain event on Mao-Maram Highway,PARTIAL,1,1,LOCAL_SCOUT
FR002103,V0369,2026-10-14 02:24:00,Mizoram,Aizawl,23.7175,92.6831,FLOOD,HIGH,Field observation of flood event on Silchar-Aizawl Hwy,PARTIAL,1,1,DRIVER
FR002104,V0100,2026-10-14 03:36:00,Mizoram,Kolasib,24.2472,92.6883,FLOOD,HIGH,Field observation of flood event on Vairengte-Kolasib Corridor,PARTIAL,1,0,LOCAL_SCOUT
FR002105,V0441,2026-10-14 04:48:00,Mizoram,Lunglei,22.9426,92.7866,LANDSLIDE,CRITICAL,Field observation of landslide event on Aizawl-Lunglei Road,BLOCKED,1,1,DRIVER
FR002106,V0299,2026-10-14 06:00:00,Tripura,West Tripura,23.7471,91.2459,ROCKFALL,LOW,Field observation of rockfall event on Assam-Agartala National Hwy,OPEN,1,1,DRIVER
FR002107,V0405,2026-10-14 07:12:00,Tripura,Sipahijala,23.719,91.2184,ROAD_DAMAGE,HIGH,Field observation of road_damage event on Agartala-Udaipur Hwy,PARTIAL,1,1,FIELD_OFFICER
FR002108,V0352,2026-10-14 08:24:00,Tripura,Dhalai,23.9854,91.8732,HEAVY_RAIN,LOW,Field observation of heavy_rain event on Ambassa Corridor,OPEN,1,1,DRIVER
FR002109,V0248,2026-10-14 09:36:00,Arunachal Pradesh,Tawang,27.6596,91.7816,ROCKFALL,LOW,Field observation of rockfall event on Bhalukpong-Tawang Hwy,OPEN,1,1,DRIVER
FR002110,V0178,2026-10-14 10:48:00,Arunachal Pradesh,West Kameng,27.2574,92.4252,ROAD_DAMAGE,LOW,Field observation of road_damage event on Trans-Arunachal Hwy,OPEN,1,1,FIELD_OFFICER
FR002111,V0216,2026-10-14 12:00:00,Arunachal Pradesh,Papum Pare,26.9756,93.596,HEAVY_RAIN,MEDIUM,Field observation of heavy_rain event on Itanagar-Naharlagun Corridor,PARTIAL,0,1,LOCAL_SCOUT
FR002112,V0230,2026-10-14 13:12:00,Arunachal Pradesh,East Siang,28.0161,95.3084,ROCKFALL,CRITICAL,Field observation of rockfall event on Pasighat Corridor,BLOCKED,0,1,FIELD_OFFICER
FR002113,V0237,2026-10-14 14:24:00,Arunachal Pradesh,Lower Subansiri,27.6196,93.8068,ROCKFALL,CRITICAL,Field observation of rockfall event on Ziro-Yachuli Road,BLOCKED,1,1,LOCAL_SCOUT
FR002114,V0233,2026-10-14 15:36:00,Assam,Kamrup Metropolitan,26.0773,91.7684,FLOOD,LOW,Field observation of flood event on East-West Corridor,OPEN,0,1,BORDER_ROAD_CREW
FR002115,V0108,2026-10-14 16:48:00,Assam,Kamrup Rural,26.2289,91.6997,ROCKFALL,MEDIUM,Field observation of rockfall event on Amingaon-Rangia Hwy,PARTIAL,1,1,DRIVER
FR002116,V0299,2026-10-14 18:00:00,Assam,Darrang,26.4746,91.9526,HEAVY_RAIN,HIGH,Field observation of heavy_rain event on North Bank Hwy,PARTIAL,0,1,LOCAL_SCOUT
FR002117,V0223,2026-10-14 19:12:00,Assam,Sonitpur,26.6699,92.8573,ACCIDENT,LOW,Field observation of accident event on Tezpur-Biswanath Hwy,OPEN,1,0,FIELD_OFFICER
FR002118,V0237,2026-10-14 20:24:00,Assam,Dibrugarh,27.57,94.9695,ACCIDENT,HIGH,Field observation of accident event on Upper Assam Hwy,PARTIAL,1,1,BORDER_ROAD_CREW
FR002119,V0412,2026-10-14 21:36:00,Assam,Cachar,24.7876,92.7153,HEAVY_RAIN,LOW,Field observation of heavy_rain event on Silchar-Badarpur Corridor,OPEN,0,1,DRIVER
FR002120,V0321,2026-10-14 22:48:00,Assam,Nagaon,26.2507,92.8063,HEAVY_RAIN,CRITICAL,Field observation of heavy_rain event on Kaziranga Bypass,BLOCKED,1,1,DRIVER
FR002121,V0260,2026-10-15 00:00:00,Meghalaya,East Khasi Hills,25.7008,91.8149,ROAD_DAMAGE,MEDIUM,Field observation of road_damage event on Shillong-Dawki Hwy,PARTIAL,0,0,BORDER_ROAD_CREW
FR002122,V0207,2026-10-15 01:12:00,Meghalaya,West Khasi Hills,25.4596,91.2466,ROAD_DAMAGE,HIGH,Field observation of road_damage event on Nongstoin Road,PARTIAL,1,1,BORDER_ROAD_CREW
FR002123,V0360,2026-10-15 02:24:00,Meghalaya,Ri-Bhoi,25.7562,92.0223,LANDSLIDE,LOW,Field observation of landslide event on Guwahati-Shillong Expressway,OPEN,0,1,BORDER_ROAD_CREW
FR002124,V0177,2026-10-15 03:36:00,Meghalaya,West Jaintia Hills,25.5559,92.2282,ACCIDENT,CRITICAL,Field observation of accident event on Jowai Bypass,BLOCKED,1,1,FIELD_OFFICER
FR002125,V0302,2026-10-15 04:48:00,Sikkim,East Sikkim,27.2632,88.4893,HEAVY_RAIN,HIGH,Field observation of heavy_rain event on Sevoke-Gangtok Hwy,PARTIAL,0,1,LOCAL_SCOUT
FR002126,V0216,2026-10-15 06:00:00,Sikkim,North Sikkim,27.4372,88.4685,ROCKFALL,HIGH,Field observation of rockfall event on Mangan-Chungthang Road,PARTIAL,1,1,BORDER_ROAD_CREW
FR002127,V0319,2026-10-15 07:12:00,Sikkim,South Sikkim,27.0482,88.2914,LANDSLIDE,LOW,Field observation of landslide event on Namchi-Jorethang Rd,OPEN,1,0,LOCAL_SCOUT
FR002128,V0225,2026-10-15 08:24:00,Nagaland,Kohima,25.6303,94.1223,ACCIDENT,CRITICAL,Field observation of accident event on Dimapur-Kohima Corridor,BLOCKED,1,0,FIELD_OFFICER
FR002129,V0270,2026-10-15 09:36:00,Nagaland,Dimapur,25.7609,93.6833,FLOOD,CRITICAL,Field observation of flood event on Dimapur Gateway,BLOCKED,1,1,FIELD_OFFICER
FR002130,V0168,2026-10-15 10:48:00,Nagaland,Mokokchung,26.3742,94.6295,FLOOD,LOW,Field observation of flood event on Mokokchung-Amguri Rd,OPEN,1,1,FIELD_OFFICER
FR002131,V0191,2026-10-15 12:00:00,Manipur,Imphal West,24.8727,94.0053,LANDSLIDE,HIGH,Field observation of landslide event on Imphal Ring Road,PARTIAL,1,1,DRIVER
FR002132,V0272,2026-10-15 13:12:00,Manipur,Bishnupur,24.5485,93.9127,ACCIDENT,LOW,Field observation of accident event on Imphal-Churachandpur Hwy,OPEN,0,1,LOCAL_SCOUT
FR002133,V0173,2026-10-15 14:24:00,Manipur,Senapati,25.3323,94.152,ACCIDENT,HIGH,Field observation of accident event on Mao-Maram Highway,PARTIAL,0,0,FIELD_OFFICER
FR002134,V0293,2026-10-15 15:36:00,Mizoram,Aizawl,23.8533,92.6809,LANDSLIDE,HIGH,Field observation of landslide event on Silchar-Aizawl Hwy,PARTIAL,1,0,BORDER_ROAD_CREW
FR002135,V0314,2026-10-15 16:48:00,Mizoram,Kolasib,24.2736,92.7998,HEAVY_RAIN,LOW,Field observation of heavy_rain event on Vairengte-Kolasib Corridor,OPEN,0,1,BORDER_ROAD_CREW
FR002136,V0237,2026-10-15 18:00:00,Mizoram,Lunglei,22.7825,92.8631,ROAD_DAMAGE,MEDIUM,Field observation of road_damage event on Aizawl-Lunglei Road,PARTIAL,0,1,DRIVER
FR002137,V0269,2026-10-15 19:12:00,Tripura,West Tripura,23.8067,91.435,ROCKFALL,MEDIUM,Field observation of rockfall event on Assam-Agartala National Hwy,PARTIAL,1,1,DRIVER
FR002138,V0319,2026-10-15 20:24:00,Tripura,Sipahijala,23.6956,91.4123,LANDSLIDE,HIGH,Field observation of landslide event on Agartala-Udaipur Hwy,PARTIAL,1,0,BORDER_ROAD_CREW
FR002139,V0176,2026-10-15 21:36:00,Tripura,Dhalai,23.9904,91.9377,ROCKFALL,LOW,Field observation of rockfall event on Ambassa Corridor,OPEN,0,1,BORDER_ROAD_CREW
FR002140,V0104,2026-10-15 22:48:00,Arunachal Pradesh,Tawang,27.7143,91.7535,HEAVY_RAIN,MEDIUM,Field observation of heavy_rain event on Bhalukpong-Tawang Hwy,PARTIAL,1,1,FIELD_OFFICER
FR002141,V0432,2026-10-16 00:00:00,Arunachal Pradesh,West Kameng,27.3016,92.4652,ROCKFALL,LOW,Field observation of rockfall event on Trans-Arunachal Hwy,OPEN,1,1,LOCAL_SCOUT
FR002142,V0240,2026-10-16 01:12:00,Arunachal Pradesh,Papum Pare,27.0388,93.6028,ROCKFALL,LOW,Field observation of rockfall event on Itanagar-Naharlagun Corridor,OPEN,1,1,LOCAL_SCOUT
FR002143,V0213,2026-10-16 02:24:00,Arunachal Pradesh,East Siang,27.932,95.2677,ROCKFALL,MEDIUM,Field observation of rockfall event on Pasighat Corridor,PARTIAL,1,1,BORDER_ROAD_CREW
FR002144,V0238,2026-10-16 03:36:00,Arunachal Pradesh,Lower Subansiri,27.415,93.7213,ACCIDENT,CRITICAL,Field observation of accident event on Ziro-Yachuli Road,BLOCKED,0,1,LOCAL_SCOUT
FR002145,V0377,2026-10-16 04:48:00,Assam,Kamrup Metropolitan,26.1941,91.8169,HEAVY_RAIN,LOW,Field observation of heavy_rain event on East-West Corridor,OPEN,1,1,LOCAL_SCOUT
FR002146,V0201,2026-10-16 06:00:00,Assam,Kamrup Rural,26.0778,91.6319,ACCIDENT,HIGH,Field observation of accident event on Amingaon-Rangia Hwy,PARTIAL,0,1,FIELD_OFFICER
FR002147,V0400,2026-10-16 07:12:00,Assam,Darrang,26.3677,92.023,ACCIDENT,MEDIUM,Field observation of accident event on North Bank Hwy,PARTIAL,0,0,BORDER_ROAD_CREW
FR002148,V0260,2026-10-16 08:24:00,Assam,Sonitpur,26.5997,92.7623,FLOOD,LOW,Field observation of flood event on Tezpur-Biswanath Hwy,OPEN,1,1,FIELD_OFFICER
FR002149,V0385,2026-10-16 09:36:00,Assam,Dibrugarh,27.4134,94.8552,LANDSLIDE,HIGH,Field observation of landslide event on Upper Assam Hwy,PARTIAL,1,0,BORDER_ROAD_CREW
FR002150,V0391,2026-10-16 10:48:00,Assam,Cachar,24.9246,92.6707,ROCKFALL,HIGH,Field observation of rockfall event on Silchar-Badarpur Corridor,PARTIAL,1,1,DRIVER
FR002151,V0369,2026-10-16 12:00:00,Assam,Nagaon,26.3615,92.6243,FLOOD,MEDIUM,Field observation of flood event on Kaziranga Bypass,PARTIAL,1,1,LOCAL_SCOUT
FR002152,V0383,2026-10-16 13:12:00,Meghalaya,East Khasi Hills,25.5671,91.7983,HEAVY_RAIN,LOW,Field observation of heavy_rain event on Shillong-Dawki Hwy,OPEN,0,0,LOCAL_SCOUT
FR002153,V0125,2026-10-16 14:24:00,Meghalaya,West Khasi Hills,25.4016,91.2426,HEAVY_RAIN,MEDIUM,Field observation of heavy_rain event on Nongstoin Road,PARTIAL,0,1,FIELD_OFFICER
FR002154,V0359,2026-10-16 15:36:00,Meghalaya,Ri-Bhoi,25.8573,91.8363,ROCKFALL,MEDIUM,Field observation of rockfall event on Guwahati-Shillong Expressway,PARTIAL,1,0,LOCAL_SCOUT
FR002155,V0321,2026-10-16 16:48:00,Meghalaya,West Jaintia Hills,25.3083,92.2177,ROCKFALL,CRITICAL,Field observation of rockfall event on Jowai Bypass,BLOCKED,1,1,BORDER_ROAD_CREW
FR002156,V0163,2026-10-16 18:00:00,Sikkim,East Sikkim,27.3735,88.5472,ACCIDENT,HIGH,Field observation of accident event on Sevoke-Gangtok Hwy,PARTIAL,1,0,LOCAL_SCOUT
FR002157,V0385,2026-10-16 19:12:00,Sikkim,North Sikkim,27.5363,88.67,HEAVY_RAIN,CRITICAL,Field observation of heavy_rain event on Mangan-Chungthang Road,BLOCKED,1,1,DRIVER
FR002158,V0284,2026-10-16 20:24:00,Sikkim,South Sikkim,27.1378,88.3209,ROAD_DAMAGE,CRITICAL,Field observation of road_damage event on Namchi-Jorethang Rd,BLOCKED,1,0,FIELD_OFFICER
FR002159,V0268,2026-10-16 21:36:00,Nagaland,Kohima,25.6805,94.2104,LANDSLIDE,MEDIUM,Field observation of landslide event on Dimapur-Kohima Corridor,PARTIAL,1,1,LOCAL_SCOUT
FR002160,V0114,2026-10-16 22:48:00,Nagaland,Dimapur,25.9518,93.6775,HEAVY_RAIN,CRITICAL,Field observation of heavy_rain event on Dimapur Gateway,BLOCKED,1,0,BORDER_ROAD_CREW
FR002161,V0233,2026-10-17 00:00:00,Nagaland,Mokokchung,26.3822,94.6293,ROCKFALL,CRITICAL,Field observation of rockfall event on Mokokchung-Amguri Rd,BLOCKED,1,0,BORDER_ROAD_CREW
FR002162,V0436,2026-10-17 01:12:00,Manipur,Imphal West,24.8888,93.8027,ACCIDENT,MEDIUM,Field observation of accident event on Imphal Ring Road,PARTIAL,1,1,LOCAL_SCOUT
FR002163,V0144,2026-10-17 02:24:00,Manipur,Bishnupur,24.7726,93.6554,HEAVY_RAIN,MEDIUM,Field observation of heavy_rain event on Imphal-Churachandpur Hwy,PARTIAL,1,1,FIELD_OFFICER
FR002164,V0115,2026-10-17 03:36:00,Manipur,Senapati,25.2003,93.9533,ROCKFALL,HIGH,Field observation of rockfall event on Mao-Maram Highway,PARTIAL,1,1,LOCAL_SCOUT
FR002165,V0394,2026-10-17 04:48:00,Mizoram,Aizawl,23.7834,92.602,ROCKFALL,HIGH,Field observation of rockfall event on Silchar-Aizawl Hwy,PARTIAL,0,1,DRIVER
FR002166,V0150,2026-10-17 06:00:00,Mizoram,Kolasib,24.2259,92.6042,ROCKFALL,HIGH,Field observation of rockfall event on Vairengte-Kolasib Corridor,PARTIAL,1,1,BORDER_ROAD_CREW
FR002167,V0126,2026-10-17 07:12:00,Mizoram,Lunglei,22.8631,92.6067,FLOOD,HIGH,Field observation of flood event on Aizawl-Lunglei Road,PARTIAL,1,1,DRIVER
FR002168,V0312,2026-10-17 08:24:00,Tripura,West Tripura,23.7367,91.2073,FLOOD,LOW,Field observation of flood event on Assam-Agartala National Hwy,OPEN,0,0,FIELD_OFFICER
FR002169,V0256,2026-10-17 09:36:00,Tripura,Sipahijala,23.6894,91.4198,FLOOD,MEDIUM,Field observation of flood event on Agartala-Udaipur Hwy,PARTIAL,0,1,FIELD_OFFICER
FR002170,V0287,2026-10-17 10:48:00,Tripura,Dhalai,23.7065,91.7425,ROCKFALL,LOW,Field observation of rockfall event on Ambassa Corridor,OPEN,0,0,DRIVER
FR002171,V0345,2026-10-17 12:00:00,Arunachal Pradesh,Tawang,27.6586,91.8734,FLOOD,CRITICAL,Field observation of flood event on Bhalukpong-Tawang Hwy,BLOCKED,1,1,LOCAL_SCOUT
FR002172,V0255,2026-10-17 13:12:00,Arunachal Pradesh,West Kameng,27.1445,92.4425,LANDSLIDE,HIGH,Field observation of landslide event on Trans-Arunachal Hwy,PARTIAL,1,1,DRIVER
FR002173,V0225,2026-10-17 14:24:00,Arunachal Pradesh,Papum Pare,27.1597,93.4988,ROAD_DAMAGE,LOW,Field observation of road_damage event on Itanagar-Naharlagun Corridor,OPEN,0,1,LOCAL_SCOUT
FR002174,V0284,2026-10-17 15:36:00,Arunachal Pradesh,East Siang,28.001,95.212,HEAVY_RAIN,HIGH,Field observation of heavy_rain event on Pasighat Corridor,PARTIAL,1,1,FIELD_OFFICER
FR002175,V0212,2026-10-17 16:48:00,Arunachal Pradesh,Lower Subansiri,27.5935,93.948,ROCKFALL,HIGH,Field observation of rockfall event on Ziro-Yachuli Road,PARTIAL,0,0,FIELD_OFFICER
FR002176,V0121,2026-10-17 18:00:00,Assam,Kamrup Metropolitan,26.1009,91.628,ACCIDENT,MEDIUM,Field observation of accident event on East-West Corridor,PARTIAL,0,0,BORDER_ROAD_CREW
FR002177,V0367,2026-10-17 19:12:00,Assam,Kamrup Rural,26.3295,91.5193,ROCKFALL,LOW,Field observation of rockfall event on Amingaon-Rangia Hwy,OPEN,0,0,DRIVER
FR002178,V0426,2026-10-17 20:24:00,Assam,Darrang,26.5728,92.0385,FLOOD,MEDIUM,Field observation of flood event on North Bank Hwy,PARTIAL,1,1,LOCAL_SCOUT
FR002179,V0403,2026-10-17 21:36:00,Assam,Sonitpur,26.5894,92.8584,ROAD_DAMAGE,MEDIUM,Field observation of road_damage event on Tezpur-Biswanath Hwy,PARTIAL,1,1,DRIVER
FR002180,V0100,2026-10-17 22:48:00,Assam,Dibrugarh,27.3648,94.9975,HEAVY_RAIN,CRITICAL,Field observation of heavy_rain event on Upper Assam Hwy,BLOCKED,0,1,BORDER_ROAD_CREW
FR002181,V0211,2026-10-18 00:00:00,Assam,Cachar,24.9581,92.8224,HEAVY_RAIN,LOW,Field observation of heavy_rain event on Silchar-Badarpur Corridor,OPEN,1,1,LOCAL_SCOUT
FR002182,V0191,2026-10-18 01:12:00,Assam,Nagaon,26.2493,92.7466,FLOOD,LOW,Field observation of flood event on Kaziranga Bypass,OPEN,0,1,BORDER_ROAD_CREW
FR002183,V0441,2026-10-18 02:24:00,Meghalaya,East Khasi Hills,25.4676,91.8405,ACCIDENT,LOW,Field observation of accident event on Shillong-Dawki Hwy,OPEN,0,1,FIELD_OFFICER
FR002184,V0342,2026-10-18 03:36:00,Meghalaya,West Khasi Hills,25.4811,91.1235,ACCIDENT,CRITICAL,Field observation of accident event on Nongstoin Road,BLOCKED,0,0,FIELD_OFFICER
FR002185,V0383,2026-10-18 04:48:00,Meghalaya,Ri-Bhoi,25.9496,91.8798,HEAVY_RAIN,LOW,Field observation of heavy_rain event on Guwahati-Shillong Expressway,OPEN,1,0,DRIVER
FR002186,V0231,2026-10-18 06:00:00,Meghalaya,West Jaintia Hills,25.5944,92.2926,HEAVY_RAIN,HIGH,Field observation of heavy_rain event on Jowai Bypass,PARTIAL,1,1,FIELD_OFFICER
FR002187,V0346,2026-10-18 07:12:00,Sikkim,East Sikkim,27.4531,88.6749,HEAVY_RAIN,MEDIUM,Field observation of heavy_rain event on Sevoke-Gangtok Hwy,PARTIAL,1,1,FIELD_OFFICER
FR002188,V0282,2026-10-18 08:24:00,Sikkim,North Sikkim,27.3693,88.5836,LANDSLIDE,MEDIUM,Field observation of landslide event on Mangan-Chungthang Road,PARTIAL,1,1,LOCAL_SCOUT
FR002189,V0126,2026-10-18 09:36:00,Sikkim,South Sikkim,27.1525,88.3123,ROCKFALL,CRITICAL,Field observation of rockfall event on Namchi-Jorethang Rd,BLOCKED,1,0,BORDER_ROAD_CREW
FR002190,V0176,2026-10-18 10:48:00,Nagaland,Kohima,25.6214,94.1682,ROCKFALL,HIGH,Field observation of rockfall event on Dimapur-Kohima Corridor,PARTIAL,1,1,DRIVER
FR002191,V0382,2026-10-18 12:00:00,Nagaland,Dimapur,25.9237,93.6362,ROCKFALL,LOW,Field observation of rockfall event on Dimapur Gateway,OPEN,0,1,DRIVER
FR002192,V0105,2026-10-18 13:12:00,Nagaland,Mokokchung,26.2354,94.4186,ACCIDENT,HIGH,Field observation of accident event on Mokokchung-Amguri Rd,PARTIAL,1,1,BORDER_ROAD_CREW
FR002193,V0357,2026-10-18 14:24:00,Manipur,Imphal West,24.6928,93.7941,LANDSLIDE,CRITICAL,Field observation of landslide event on Imphal Ring Road,BLOCKED,1,1,FIELD_OFFICER
FR002194,V0163,2026-10-18 15:36:00,Manipur,Bishnupur,24.5246,93.6161,ROCKFALL,HIGH,Field observation of rockfall event on Imphal-Churachandpur Hwy,PARTIAL,1,0,FIELD_OFFICER
FR002195,V0127,2026-10-18 16:48:00,Manipur,Senapati,25.1316,93.9156,ROAD_DAMAGE,MEDIUM,Field observation of road_damage event on Mao-Maram Highway,PARTIAL,1,1,FIELD_OFFICER
FR002196,V0235,2026-10-18 18:00:00,Mizoram,Aizawl,23.7355,92.6246,ROCKFALL,CRITICAL,Field observation of rockfall event on Silchar-Aizawl Hwy,BLOCKED,1,1,BORDER_ROAD_CREW
FR002197,V0368,2026-10-18 19:12:00,Mizoram,Kolasib,24.1756,92.7155,ACCIDENT,HIGH,Field observation of accident event on Vairengte-Kolasib Corridor,PARTIAL,1,1,BORDER_ROAD_CREW
FR002198,V0362,2026-10-18 20:24:00,Mizoram,Lunglei,22.8617,92.7776,ROCKFALL,CRITICAL,Field observation of rockfall event on Aizawl-Lunglei Road,BLOCKED,1,1,DRIVER
FR002199,V0192,2026-10-18 21:36:00,Tripura,West Tripura,23.9162,91.2263,ROAD_DAMAGE,LOW,Field observation of road_damage event on Assam-Agartala National Hwy,OPEN,1,0,LOCAL_SCOUT
FR002200,V0436,2026-10-18 22:48:00,Tripura,Sipahijala,23.6472,91.1688,ACCIDENT,MEDIUM,Field observation of accident event on Agartala-Udaipur Hwy,PARTIAL,1,1,DRIVER
FR002201,V0248,2026-10-19 00:00:00,Tripura,Dhalai,23.7754,91.911,FLOOD,LOW,Field observation of flood event on Ambassa Corridor,OPEN,1,1,LOCAL_SCOUT
FR002202,V0422,2026-10-19 01:12:00,Arunachal Pradesh,Tawang,27.5225,91.8697,LANDSLIDE,CRITICAL,Field observation of landslide event on Bhalukpong-Tawang Hwy,BLOCKED,1,1,DRIVER
FR002203,V0244,2026-10-19 02:24:00,Arunachal Pradesh,West Kameng,27.2645,92.3857,ROCKFALL,HIGH,Field observation of rockfall event on Trans-Arunachal Hwy,PARTIAL,1,1,BORDER_ROAD_CREW
FR002204,V0228,2026-10-19 03:36:00,Arunachal Pradesh,Papum Pare,27.1252,93.7477,HEAVY_RAIN,CRITICAL,Field observation of heavy_rain event on Itanagar-Naharlagun Corridor,BLOCKED,1,1,BORDER_ROAD_CREW
FR002205,V0443,2026-10-19 04:48:00,Arunachal Pradesh,East Siang,28.0424,95.2362,ACCIDENT,CRITICAL,Field observation of accident event on Pasighat Corridor,BLOCKED,1,1,BORDER_ROAD_CREW
FR002206,V0265,2026-10-19 06:00:00,Arunachal Pradesh,Lower Subansiri,27.5641,93.9002,HEAVY_RAIN,CRITICAL,Field observation of heavy_rain event on Ziro-Yachuli Road,BLOCKED,1,1,DRIVER
FR002207,V0350,2026-10-19 07:12:00,Assam,Kamrup Metropolitan,26.0132,91.7343,LANDSLIDE,LOW,Field observation of landslide event on East-West Corridor,OPEN,1,1,DRIVER
FR002208,V0241,2026-10-19 08:24:00,Assam,Kamrup Rural,26.2459,91.6417,ROCKFALL,MEDIUM,Field observation of rockfall event on Amingaon-Rangia Hwy,PARTIAL,1,1,DRIVER
FR002209,V0368,2026-10-19 09:36:00,Assam,Darrang,26.4269,92.1028,ROCKFALL,CRITICAL,Field observation of rockfall event on North Bank Hwy,BLOCKED,1,1,DRIVER
FR002210,V0336,2026-10-19 10:48:00,Assam,Sonitpur,26.7678,92.7238,HEAVY_RAIN,LOW,Field observation of heavy_rain event on Tezpur-Biswanath Hwy,OPEN,1,1,DRIVER
FR002211,V0447,2026-10-19 12:00:00,Assam,Dibrugarh,27.3904,94.8671,FLOOD,LOW,Field observation of flood event on Upper Assam Hwy,OPEN,1,0,FIELD_OFFICER
FR002212,V0411,2026-10-19 13:12:00,Assam,Cachar,24.9747,92.6353,ROAD_DAMAGE,LOW,Field observation of road_damage event on Silchar-Badarpur Corridor,OPEN,1,0,DRIVER
FR002213,V0337,2026-10-19 14:24:00,Assam,Nagaon,26.2541,92.7164,ROCKFALL,MEDIUM,Field observation of rockfall event on Kaziranga Bypass,PARTIAL,1,0,BORDER_ROAD_CREW
FR002214,V0136,2026-10-19 15:36:00,Meghalaya,East Khasi Hills,25.5945,91.7589,ROAD_DAMAGE,CRITICAL,Field observation of road_damage event on Shillong-Dawki Hwy,BLOCKED,1,1,BORDER_ROAD_CREW
FR002215,V0381,2026-10-19 16:48:00,Meghalaya,West Khasi Hills,25.5704,91.2749,ROCKFALL,CRITICAL,Field observation of rockfall event on Nongstoin Road,BLOCKED,1,1,DRIVER
FR002216,V0374,2026-10-19 18:00:00,Meghalaya,Ri-Bhoi,26.0448,91.8403,ROAD_DAMAGE,LOW,Field observation of road_damage event on Guwahati-Shillong Expressway,OPEN,1,0,DRIVER
FR002217,V0263,2026-10-19 19:12:00,Meghalaya,West Jaintia Hills,25.3715,92.0776,FLOOD,CRITICAL,Field observation of flood event on Jowai Bypass,BLOCKED,1,1,LOCAL_SCOUT
FR002218,V0200,2026-10-19 20:24:00,Sikkim,East Sikkim,27.4554,88.6945,ROAD_DAMAGE,MEDIUM,Field observation of road_damage event on Sevoke-Gangtok Hwy,PARTIAL,0,0,LOCAL_SCOUT
FR002219,V0212,2026-10-19 21:36:00,Sikkim,North Sikkim,27.612,88.475,ROAD_DAMAGE,HIGH,Field observation of road_damage event on Mangan-Chungthang Road,PARTIAL,0,1,LOCAL_SCOUT
FR002220,V0390,2026-10-19 22:48:00,Sikkim,South Sikkim,27.0742,88.2131,HEAVY_RAIN,MEDIUM,Field observation of heavy_rain event on Namchi-Jorethang Rd,PARTIAL,1,1,BORDER_ROAD_CREW
FR002221,V0334,2026-10-20 00:00:00,Nagaland,Kohima,25.8245,93.9975,ROAD_DAMAGE,MEDIUM,Field observation of road_damage event on Dimapur-Kohima Corridor,PARTIAL,1,0,DRIVER
FR002222,V0288,2026-10-20 01:12:00,Nagaland,Dimapur,25.7798,93.6526,FLOOD,HIGH,Field observation of flood event on Dimapur Gateway,PARTIAL,0,1,DRIVER
FR002223,V0230,2026-10-20 02:24:00,Nagaland,Mokokchung,26.419,94.6393,LANDSLIDE,MEDIUM,Field observation of landslide event on Mokokchung-Amguri Rd,PARTIAL,0,1,DRIVER
FR002224,V0273,2026-10-20 03:36:00,Manipur,Imphal West,24.9494,94.0209,FLOOD,MEDIUM,Field observation of flood event on Imphal Ring Road,PARTIAL,0,1,BORDER_ROAD_CREW
FR002225,V0158,2026-10-20 04:48:00,Manipur,Bishnupur,24.7503,93.7102,HEAVY_RAIN,HIGH,Field observation of heavy_rain event on Imphal-Churachandpur Hwy,PARTIAL,1,1,LOCAL_SCOUT
FR002226,V0365,2026-10-20 06:00:00,Manipur,Senapati,25.3801,94.0717,ROAD_DAMAGE,MEDIUM,Field observation of road_damage event on Mao-Maram Highway,PARTIAL,1,1,BORDER_ROAD_CREW
FR002227,V0449,2026-10-20 07:12:00,Mizoram,Aizawl,23.8507,92.82,ROAD_DAMAGE,CRITICAL,Field observation of road_damage event on Silchar-Aizawl Hwy,BLOCKED,0,1,FIELD_OFFICER
FR002228,V0298,2026-10-20 08:24:00,Mizoram,Kolasib,24.1332,92.6417,FLOOD,LOW,Field observation of flood event on Vairengte-Kolasib Corridor,OPEN,1,1,LOCAL_SCOUT
FR002229,V0194,2026-10-20 09:36:00,Mizoram,Lunglei,22.8005,92.7221,ROCKFALL,CRITICAL,Field observation of rockfall event on Aizawl-Lunglei Road,BLOCKED,0,0,BORDER_ROAD_CREW
FR002230,V0360,2026-10-20 10:48:00,Tripura,West Tripura,23.8312,91.1469,ROCKFALL,MEDIUM,Field observation of rockfall event on Assam-Agartala National Hwy,PARTIAL,1,1,BORDER_ROAD_CREW
FR002231,V0142,2026-10-20 12:00:00,Tripura,Sipahijala,23.7745,91.1799,ROCKFALL,MEDIUM,Field observation of rockfall event on Agartala-Udaipur Hwy,PARTIAL,1,1,DRIVER
FR002232,V0409,2026-10-20 13:12:00,Tripura,Dhalai,23.9588,91.8154,ROCKFALL,CRITICAL,Field observation of rockfall event on Ambassa Corridor,BLOCKED,1,0,LOCAL_SCOUT
FR002233,V0244,2026-10-20 14:24:00,Arunachal Pradesh,Tawang,27.6341,91.8691,ACCIDENT,CRITICAL,Field observation of accident event on Bhalukpong-Tawang Hwy,BLOCKED,1,1,DRIVER
FR002234,V0416,2026-10-20 15:36:00,Arunachal Pradesh,West Kameng,27.2188,92.2737,ACCIDENT,CRITICAL,Field observation of accident event on Trans-Arunachal Hwy,BLOCKED,0,0,BORDER_ROAD_CREW
FR002235,V0323,2026-10-20 16:48:00,Arunachal Pradesh,Papum Pare,27.1988,93.5454,FLOOD,MEDIUM,Field observation of flood event on Itanagar-Naharlagun Corridor,PARTIAL,0,1,FIELD_OFFICER
FR002236,V0384,2026-10-20 18:00:00,Arunachal Pradesh,East Siang,28.0183,95.4248,ROCKFALL,MEDIUM,Field observation of rockfall event on Pasighat Corridor,PARTIAL,1,1,BORDER_ROAD_CREW
FR002237,V0184,2026-10-20 19:12:00,Arunachal Pradesh,Lower Subansiri,27.6786,93.9057,ROCKFALL,HIGH,Field observation of rockfall event on Ziro-Yachuli Road,PARTIAL,1,1,LOCAL_SCOUT
FR002238,V0221,2026-10-20 20:24:00,Assam,Kamrup Metropolitan,26.2109,91.7896,HEAVY_RAIN,CRITICAL,Field observation of heavy_rain event on East-West Corridor,BLOCKED,1,1,LOCAL_SCOUT
FR002239,V0201,2026-10-20 21:36:00,Assam,Kamrup Rural,26.1622,91.6278,LANDSLIDE,LOW,Field observation of landslide event on Amingaon-Rangia Hwy,OPEN,1,1,DRIVER
FR002240,V0102,2026-10-20 22:48:00,Assam,Darrang,26.4164,92.1047,ACCIDENT,MEDIUM,Field observation of accident event on North Bank Hwy,PARTIAL,0,1,DRIVER
FR002241,V0204,2026-10-21 00:00:00,Assam,Sonitpur,26.568,92.8474,FLOOD,LOW,Field observation of flood event on Tezpur-Biswanath Hwy,OPEN,0,1,LOCAL_SCOUT
FR002242,V0411,2026-10-21 01:12:00,Assam,Dibrugarh,27.4856,94.8633,FLOOD,LOW,Field observation of flood event on Upper Assam Hwy,OPEN,1,0,BORDER_ROAD_CREW
FR002243,V0354,2026-10-21 02:24:00,Assam,Cachar,24.7639,92.7041,LANDSLIDE,HIGH,Field observation of landslide event on Silchar-Badarpur Corridor,PARTIAL,0,1,DRIVER
FR002244,V0232,2026-10-21 03:36:00,Assam,Nagaon,26.2325,92.7045,ROCKFALL,CRITICAL,Field observation of rockfall event on Kaziranga Bypass,BLOCKED,0,0,DRIVER
FR002245,V0439,2026-10-21 04:48:00,Meghalaya,East Khasi Hills,25.5619,91.7485,LANDSLIDE,CRITICAL,Field observation of landslide event on Shillong-Dawki Hwy,BLOCKED,0,1,LOCAL_SCOUT
FR002246,V0324,2026-10-21 06:00:00,Meghalaya,West Khasi Hills,25.5041,91.3633,ROAD_DAMAGE,MEDIUM,Field observation of road_damage event on Nongstoin Road,PARTIAL,0,1,LOCAL_SCOUT
FR002247,V0321,2026-10-21 07:12:00,Meghalaya,Ri-Bhoi,25.7739,91.9991,ROAD_DAMAGE,LOW,Field observation of road_damage event on Guwahati-Shillong Expressway,OPEN,0,1,DRIVER
FR002248,V0177,2026-10-21 08:24:00,Meghalaya,West Jaintia Hills,25.3539,92.2798,ACCIDENT,MEDIUM,Field observation of accident event on Jowai Bypass,PARTIAL,0,0,BORDER_ROAD_CREW
FR002249,V0164,2026-10-21 09:36:00,Sikkim,East Sikkim,27.2571,88.5088,HEAVY_RAIN,HIGH,Field observation of heavy_rain event on Sevoke-Gangtok Hwy,PARTIAL,1,0,BORDER_ROAD_CREW
FR002250,V0246,2026-10-21 10:48:00,Sikkim,North Sikkim,27.3843,88.4116,LANDSLIDE,CRITICAL,Field observation of landslide event on Mangan-Chungthang Road,BLOCKED,1,1,BORDER_ROAD_CREW
FR002251,V0114,2026-10-21 12:00:00,Sikkim,South Sikkim,27.1152,88.366,ROAD_DAMAGE,HIGH,Field observation of road_damage event on Namchi-Jorethang Rd,PARTIAL,1,1,LOCAL_SCOUT
FR002252,V0217,2026-10-21 13:12:00,Nagaland,Kohima,25.6028,94.0358,HEAVY_RAIN,LOW,Field observation of heavy_rain event on Dimapur-Kohima Corridor,OPEN,1,1,DRIVER
FR002253,V0299,2026-10-21 14:24:00,Nagaland,Dimapur,25.9189,93.5909,FLOOD,HIGH,Field observation of flood event on Dimapur Gateway,PARTIAL,0,1,BORDER_ROAD_CREW
FR002254,V0197,2026-10-21 15:36:00,Nagaland,Mokokchung,26.3081,94.5233,ACCIDENT,MEDIUM,Field observation of accident event on Mokokchung-Amguri Rd,PARTIAL,0,1,LOCAL_SCOUT
FR002255,V0233,2026-10-21 16:48:00,Manipur,Imphal West,24.9157,93.9911,ROAD_DAMAGE,CRITICAL,Field observation of road_damage event on Imphal Ring Road,BLOCKED,1,0,FIELD_OFFICER
FR002256,V0427,2026-10-21 18:00:00,Manipur,Bishnupur,24.5253,93.7125,LANDSLIDE,MEDIUM,Field observation of landslide event on Imphal-Churachandpur Hwy,PARTIAL,1,1,DRIVER
FR002257,V0123,2026-10-21 19:12:00,Manipur,Senapati,25.3792,93.9724,LANDSLIDE,CRITICAL,Field observation of landslide event on Mao-Maram Highway,BLOCKED,1,1,FIELD_OFFICER
FR002258,V0392,2026-10-21 20:24:00,Mizoram,Aizawl,23.6252,92.581,ROCKFALL,HIGH,Field observation of rockfall event on Silchar-Aizawl Hwy,PARTIAL,1,1,LOCAL_SCOUT
FR002259,V0133,2026-10-21 21:36:00,Mizoram,Kolasib,24.1019,92.5934,HEAVY_RAIN,CRITICAL,Field observation of heavy_rain event on Vairengte-Kolasib Corridor,BLOCKED,1,1,DRIVER
FR002260,V0358,2026-10-21 22:48:00,Mizoram,Lunglei,22.8825,92.7644,FLOOD,HIGH,Field observation of flood event on Aizawl-Lunglei Road,PARTIAL,1,1,FIELD_OFFICER
FR002261,V0443,2026-10-22 00:00:00,Tripura,West Tripura,23.8563,91.3339,LANDSLIDE,CRITICAL,Field observation of landslide event on Assam-Agartala National Hwy,BLOCKED,1,1,FIELD_OFFICER
FR002262,V0332,2026-10-22 01:12:00,Tripura,Sipahijala,23.5085,91.1852,HEAVY_RAIN,MEDIUM,Field observation of heavy_rain event on Agartala-Udaipur Hwy,PARTIAL,0,1,BORDER_ROAD_CREW
FR002263,V0198,2026-10-22 02:24:00,Tripura,Dhalai,23.9993,91.8891,FLOOD,MEDIUM,Field observation of flood event on Ambassa Corridor,PARTIAL,0,1,BORDER_ROAD_CREW
FR002264,V0261,2026-10-22 03:36:00,Arunachal Pradesh,Tawang,27.6904,91.8677,ROCKFALL,LOW,Field observation of rockfall event on Bhalukpong-Tawang Hwy,OPEN,0,1,FIELD_OFFICER
FR002265,V0243,2026-10-22 04:48:00,Arunachal Pradesh,West Kameng,27.2706,92.361,ROAD_DAMAGE,HIGH,Field observation of road_damage event on Trans-Arunachal Hwy,PARTIAL,1,1,LOCAL_SCOUT
FR002266,V0365,2026-10-22 06:00:00,Arunachal Pradesh,Papum Pare,27.0236,93.5395,ROCKFALL,HIGH,Field observation of rockfall event on Itanagar-Naharlagun Corridor,PARTIAL,0,1,FIELD_OFFICER
FR002267,V0175,2026-10-22 07:12:00,Arunachal Pradesh,East Siang,28.0104,95.4677,ROCKFALL,CRITICAL,Field observation of rockfall event on Pasighat Corridor,BLOCKED,0,1,DRIVER
FR002268,V0398,2026-10-22 08:24:00,Arunachal Pradesh,Lower Subansiri,27.6641,93.7886,ROCKFALL,LOW,Field observation of rockfall event on Ziro-Yachuli Road,OPEN,0,1,DRIVER
FR002269,V0193,2026-10-22 09:36:00,Assam,Kamrup Metropolitan,26.1032,91.7314,ROAD_DAMAGE,LOW,Field observation of road_damage event on East-West Corridor,OPEN,0,1,BORDER_ROAD_CREW
FR002270,V0237,2026-10-22 10:48:00,Assam,Kamrup Rural,26.2058,91.66,HEAVY_RAIN,HIGH,Field observation of heavy_rain event on Amingaon-Rangia Hwy,PARTIAL,1,1,FIELD_OFFICER
FR002271,V0168,2026-10-22 12:00:00,Assam,Darrang,26.5748,92.0832,ROCKFALL,HIGH,Field observation of rockfall event on North Bank Hwy,PARTIAL,1,1,BORDER_ROAD_CREW
FR002272,V0247,2026-10-22 13:12:00,Assam,Sonitpur,26.5699,92.7368,ROAD_DAMAGE,LOW,Field observation of road_damage event on Tezpur-Biswanath Hwy,OPEN,0,1,DRIVER
FR002273,V0231,2026-10-22 14:24:00,Assam,Dibrugarh,27.3673,94.9103,HEAVY_RAIN,LOW,Field observation of heavy_rain event on Upper Assam Hwy,OPEN,0,1,LOCAL_SCOUT
FR002274,V0202,2026-10-22 15:36:00,Assam,Cachar,24.9462,92.6336,HEAVY_RAIN,HIGH,Field observation of heavy_rain event on Silchar-Badarpur Corridor,PARTIAL,1,0,DRIVER
FR002275,V0316,2026-10-22 16:48:00,Assam,Nagaon,26.4086,92.675,ROAD_DAMAGE,CRITICAL,Field observation of road_damage event on Kaziranga Bypass,BLOCKED,1,1,FIELD_OFFICER
FR002276,V0394,2026-10-22 18:00:00,Meghalaya,East Khasi Hills,25.5582,91.9503,FLOOD,CRITICAL,Field observation of flood event on Shillong-Dawki Hwy,BLOCKED,1,0,FIELD_OFFICER
FR002277,V0290,2026-10-22 19:12:00,Meghalaya,West Khasi Hills,25.6356,91.3813,FLOOD,LOW,Field observation of flood event on Nongstoin Road,OPEN,1,1,DRIVER
FR002278,V0319,2026-10-22 20:24:00,Meghalaya,Ri-Bhoi,25.8224,91.818,FLOOD,HIGH,Field observation of flood event on Guwahati-Shillong Expressway,PARTIAL,0,1,FIELD_OFFICER
FR002279,V0218,2026-10-22 21:36:00,Meghalaya,West Jaintia Hills,25.4774,92.235,LANDSLIDE,HIGH,Field observation of landslide event on Jowai Bypass,PARTIAL,1,0,BORDER_ROAD_CREW
FR002280,V0316,2026-10-22 22:48:00,Sikkim,East Sikkim,27.2954,88.5912,LANDSLIDE,CRITICAL,Field observation of landslide event on Sevoke-Gangtok Hwy,BLOCKED,1,1,LOCAL_SCOUT
FR002281,V0242,2026-10-23 00:00:00,Sikkim,North Sikkim,27.4807,88.6273,ROCKFALL,CRITICAL,Field observation of rockfall event on Mangan-Chungthang Road,BLOCKED,0,1,FIELD_OFFICER
FR002282,V0227,2026-10-23 01:12:00,Sikkim,South Sikkim,27.2498,88.4749,ROCKFALL,MEDIUM,Field observation of rockfall event on Namchi-Jorethang Rd,PARTIAL,1,1,DRIVER
FR002283,V0431,2026-10-23 02:24:00,Nagaland,Kohima,25.5274,94.1365,FLOOD,LOW,Field observation of flood event on Dimapur-Kohima Corridor,OPEN,1,1,LOCAL_SCOUT
FR002284,V0151,2026-10-23 03:36:00,Nagaland,Dimapur,25.8884,93.7301,LANDSLIDE,LOW,Field observation of landslide event on Dimapur Gateway,OPEN,1,1,FIELD_OFFICER
FR002285,V0221,2026-10-23 04:48:00,Nagaland,Mokokchung,26.2447,94.518,ROCKFALL,CRITICAL,Field observation of rockfall event on Mokokchung-Amguri Rd,BLOCKED,1,1,FIELD_OFFICER
FR002286,V0195,2026-10-23 06:00:00,Manipur,Imphal West,24.8409,94.04,HEAVY_RAIN,MEDIUM,Field observation of heavy_rain event on Imphal Ring Road,PARTIAL,1,1,DRIVER
FR002287,V0180,2026-10-23 07:12:00,Manipur,Bishnupur,24.7096,93.9006,HEAVY_RAIN,MEDIUM,Field observation of heavy_rain event on Imphal-Churachandpur Hwy,PARTIAL,1,0,LOCAL_SCOUT
FR002288,V0430,2026-10-23 08:24:00,Manipur,Senapati,25.4068,93.9232,ACCIDENT,CRITICAL,Field observation of accident event on Mao-Maram Highway,BLOCKED,0,1,DRIVER
FR002289,V0203,2026-10-23 09:36:00,Mizoram,Aizawl,23.6714,92.6718,LANDSLIDE,HIGH,Field observation of landslide event on Silchar-Aizawl Hwy,PARTIAL,0,1,DRIVER
FR002290,V0110,2026-10-23 10:48:00,Mizoram,Kolasib,24.2017,92.7956,HEAVY_RAIN,MEDIUM,Field observation of heavy_rain event on Vairengte-Kolasib Corridor,PARTIAL,0,0,FIELD_OFFICER
FR002291,V0334,2026-10-23 12:00:00,Mizoram,Lunglei,22.9119,92.6218,ACCIDENT,MEDIUM,Field observation of accident event on Aizawl-Lunglei Road,PARTIAL,0,0,BORDER_ROAD_CREW
FR002292,V0179,2026-10-23 13:12:00,Tripura,West Tripura,23.7436,91.3884,FLOOD,LOW,Field observation of flood event on Assam-Agartala National Hwy,OPEN,1,0,BORDER_ROAD_CREW
FR002293,V0142,2026-10-23 14:24:00,Tripura,Sipahijala,23.4969,91.4292,FLOOD,MEDIUM,Field observation of flood event on Agartala-Udaipur Hwy,PARTIAL,1,1,DRIVER
FR002294,V0231,2026-10-23 15:36:00,Tripura,Dhalai,23.9498,91.7077,ROAD_DAMAGE,CRITICAL,Field observation of road_damage event on Ambassa Corridor,BLOCKED,0,1,BORDER_ROAD_CREW
FR002295,V0426,2026-10-23 16:48:00,Arunachal Pradesh,Tawang,27.5641,91.8428,ACCIDENT,LOW,Field observation of accident event on Bhalukpong-Tawang Hwy,OPEN,1,1,DRIVER
FR002296,V0365,2026-10-23 18:00:00,Arunachal Pradesh,West Kameng,27.1474,92.4778,ROAD_DAMAGE,CRITICAL,Field observation of road_damage event on Trans-Arunachal Hwy,BLOCKED,0,1,BORDER_ROAD_CREW
FR002297,V0187,2026-10-23 19:12:00,Arunachal Pradesh,Papum Pare,27.0984,93.4927,ROAD_DAMAGE,HIGH,Field observation of road_damage event on Itanagar-Naharlagun Corridor,PARTIAL,0,1,FIELD_OFFICER
FR002298,V0409,2026-10-23 20:24:00,Arunachal Pradesh,East Siang,27.9509,95.2821,ROAD_DAMAGE,HIGH,Field observation of road_damage event on Pasighat Corridor,PARTIAL,0,1,LOCAL_SCOUT
FR002299,V0104,2026-10-23 21:36:00,Arunachal Pradesh,Lower Subansiri,27.4223,93.727,ROAD_DAMAGE,LOW,Field observation of road_damage event on Ziro-Yachuli Road,OPEN,0,1,DRIVER
FR002300,V0448,2026-10-23 22:48:00,Assam,Kamrup Metropolitan,26.1484,91.8193,LANDSLIDE,CRITICAL,Field observation of landslide event on East-West Corridor,BLOCKED,0,1,FIELD_OFFICER
FR002301,V0226,2026-10-24 00:00:00,Assam,Kamrup Rural,26.0465,91.4421,ROAD_DAMAGE,HIGH,Field observation of road_damage event on Amingaon-Rangia Hwy,PARTIAL,0,1,FIELD_OFFICER
FR002302,V0159,2026-10-24 01:12:00,Assam,Darrang,26.5544,92.0793,HEAVY_RAIN,MEDIUM,Field observation of heavy_rain event on North Bank Hwy,PARTIAL,0,1,LOCAL_SCOUT
FR002303,V0416,2026-10-24 02:24:00,Assam,Sonitpur,26.672,92.7164,ROCKFALL,MEDIUM,Field observation of rockfall event on Tezpur-Biswanath Hwy,PARTIAL,0,1,FIELD_OFFICER
FR002304,V0235,2026-10-24 03:36:00,Assam,Dibrugarh,27.5248,94.8416,FLOOD,LOW,Field observation of flood event on Upper Assam Hwy,OPEN,1,1,BORDER_ROAD_CREW
FR002305,V0159,2026-10-24 04:48:00,Assam,Cachar,24.8323,92.6684,ROCKFALL,HIGH,Field observation of rockfall event on Silchar-Badarpur Corridor,PARTIAL,1,1,BORDER_ROAD_CREW
FR002306,V0349,2026-10-24 06:00:00,Assam,Nagaon,26.4523,92.7588,HEAVY_RAIN,CRITICAL,Field observation of heavy_rain event on Kaziranga Bypass,BLOCKED,0,0,LOCAL_SCOUT
FR002307,V0393,2026-10-24 07:12:00,Meghalaya,East Khasi Hills,25.6122,91.9563,ACCIDENT,CRITICAL,Field observation of accident event on Shillong-Dawki Hwy,BLOCKED,1,1,LOCAL_SCOUT
FR002308,V0287,2026-10-24 08:24:00,Meghalaya,West Khasi Hills,25.4741,91.2852,LANDSLIDE,MEDIUM,Field observation of landslide event on Nongstoin Road,PARTIAL,1,1,LOCAL_SCOUT
FR002309,V0142,2026-10-24 09:36:00,Meghalaya,Ri-Bhoi,26.0363,91.9934,FLOOD,MEDIUM,Field observation of flood event on Guwahati-Shillong Expressway,PARTIAL,1,0,LOCAL_SCOUT
FR002310,V0328,2026-10-24 10:48:00,Meghalaya,West Jaintia Hills,25.4455,92.289,LANDSLIDE,CRITICAL,Field observation of landslide event on Jowai Bypass,BLOCKED,0,0,FIELD_OFFICER
FR002311,V0442,2026-10-24 12:00:00,Sikkim,East Sikkim,27.2775,88.5222,ACCIDENT,LOW,Field observation of accident event on Sevoke-Gangtok Hwy,OPEN,0,1,LOCAL_SCOUT
FR002312,V0154,2026-10-24 13:12:00,Sikkim,North Sikkim,27.4759,88.5342,ROAD_DAMAGE,HIGH,Field observation of road_damage event on Mangan-Chungthang Road,PARTIAL,1,1,FIELD_OFFICER
FR002313,V0397,2026-10-24 14:24:00,Sikkim,South Sikkim,27.1594,88.2957,LANDSLIDE,HIGH,Field observation of landslide event on Namchi-Jorethang Rd,PARTIAL,1,0,FIELD_OFFICER
FR002314,V0196,2026-10-24 15:36:00,Nagaland,Kohima,25.5635,94.2233,LANDSLIDE,HIGH,Field observation of landslide event on Dimapur-Kohima Corridor,PARTIAL,1,1,DRIVER
FR002315,V0285,2026-10-24 16:48:00,Nagaland,Dimapur,25.8804,93.648,ROAD_DAMAGE,LOW,Field observation of road_damage event on Dimapur Gateway,OPEN,1,1,FIELD_OFFICER
FR002316,V0364,2026-10-24 18:00:00,Nagaland,Mokokchung,26.4303,94.4927,ROCKFALL,LOW,Field observation of rockfall event on Mokokchung-Amguri Rd,OPEN,0,1,LOCAL_SCOUT
FR002317,V0442,2026-10-24 19:12:00,Manipur,Imphal West,24.7623,93.9042,LANDSLIDE,HIGH,Field observation of landslide event on Imphal Ring Road,PARTIAL,0,1,DRIVER
FR002318,V0184,2026-10-24 20:24:00,Manipur,Bishnupur,24.4988,93.7602,HEAVY_RAIN,MEDIUM,Field observation of heavy_rain event on Imphal-Churachandpur Hwy,PARTIAL,0,1,FIELD_OFFICER
FR002319,V0105,2026-10-24 21:36:00,Manipur,Senapati,25.2026,93.9829,FLOOD,LOW,Field observation of flood event on Mao-Maram Highway,OPEN,1,1,BORDER_ROAD_CREW
FR002320,V0263,2026-10-24 22:48:00,Mizoram,Aizawl,23.811,92.6007,FLOOD,HIGH,Field observation of flood event on Silchar-Aizawl Hwy,PARTIAL,0,0,DRIVER
FR002321,V0181,2026-10-25 00:00:00,Mizoram,Kolasib,24.2319,92.8151,HEAVY_RAIN,CRITICAL,Field observation of heavy_rain event on Vairengte-Kolasib Corridor,BLOCKED,0,1,DRIVER
FR002322,V0185,2026-10-25 01:12:00,Mizoram,Lunglei,22.9414,92.8637,FLOOD,HIGH,Field observation of flood event on Aizawl-Lunglei Road,PARTIAL,0,1,FIELD_OFFICER
FR002323,V0304,2026-10-25 02:24:00,Tripura,West Tripura,23.6963,91.1999,ROAD_DAMAGE,LOW,Field observation of road_damage event on Assam-Agartala National Hwy,OPEN,1,1,LOCAL_SCOUT
FR002324,V0199,2026-10-25 03:36:00,Tripura,Sipahijala,23.6457,91.4199,LANDSLIDE,HIGH,Field observation of landslide event on Agartala-Udaipur Hwy,PARTIAL,1,0,BORDER_ROAD_CREW
FR002325,V0185,2026-10-25 04:48:00,Tripura,Dhalai,23.8122,91.824,ROCKFALL,HIGH,Field observation of rockfall event on Ambassa Corridor,PARTIAL,0,1,DRIVER
FR002326,V0249,2026-10-25 06:00:00,Arunachal Pradesh,Tawang,27.4469,91.7154,ACCIDENT,HIGH,Field observation of accident event on Bhalukpong-Tawang Hwy,PARTIAL,0,0,FIELD_OFFICER
FR002327,V0330,2026-10-25 07:12:00,Arunachal Pradesh,West Kameng,27.3519,92.2786,FLOOD,MEDIUM,Field observation of flood event on Trans-Arunachal Hwy,PARTIAL,1,1,LOCAL_SCOUT
FR002328,V0217,2026-10-25 08:24:00,Arunachal Pradesh,Papum Pare,27.1821,93.5408,HEAVY_RAIN,HIGH,Field observation of heavy_rain event on Itanagar-Naharlagun Corridor,PARTIAL,1,1,BORDER_ROAD_CREW
FR002329,V0409,2026-10-25 09:36:00,Arunachal Pradesh,East Siang,28.0294,95.2962,ACCIDENT,HIGH,Field observation of accident event on Pasighat Corridor,PARTIAL,0,1,DRIVER
FR002330,V0420,2026-10-25 10:48:00,Arunachal Pradesh,Lower Subansiri,27.4255,93.7022,ACCIDENT,HIGH,Field observation of accident event on Ziro-Yachuli Road,PARTIAL,0,0,BORDER_ROAD_CREW
FR002331,V0223,2026-10-25 12:00:00,Assam,Kamrup Metropolitan,26.0005,91.809,ROCKFALL,CRITICAL,Field observation of rockfall event on East-West Corridor,BLOCKED,1,1,DRIVER
FR002332,V0200,2026-10-25 13:12:00,Assam,Kamrup Rural,26.2558,91.6498,HEAVY_RAIN,MEDIUM,Field observation of heavy_rain event on Amingaon-Rangia Hwy,PARTIAL,1,1,DRIVER
FR002333,V0239,2026-10-25 14:24:00,Assam,Darrang,26.5374,92.0085,FLOOD,HIGH,Field observation of flood event on North Bank Hwy,PARTIAL,1,1,DRIVER
FR002334,V0220,2026-10-25 15:36:00,Assam,Sonitpur,26.5446,92.7219,ROCKFALL,HIGH,Field observation of rockfall event on Tezpur-Biswanath Hwy,PARTIAL,1,1,FIELD_OFFICER
FR002335,V0289,2026-10-25 16:48:00,Assam,Dibrugarh,27.4517,94.8287,FLOOD,MEDIUM,Field observation of flood event on Upper Assam Hwy,PARTIAL,1,1,DRIVER
FR002336,V0130,2026-10-25 18:00:00,Assam,Cachar,24.9556,92.7889,LANDSLIDE,LOW,Field observation of landslide event on Silchar-Badarpur Corridor,OPEN,1,1,BORDER_ROAD_CREW
FR002337,V0319,2026-10-25 19:12:00,Assam,Nagaon,26.4135,92.8194,ROAD_DAMAGE,MEDIUM,Field observation of road_damage event on Kaziranga Bypass,PARTIAL,0,0,LOCAL_SCOUT
FR002338,V0444,2026-10-25 20:24:00,Meghalaya,East Khasi Hills,25.496,92.0359,ROCKFALL,MEDIUM,Field observation of rockfall event on Shillong-Dawki Hwy,PARTIAL,1,1,FIELD_OFFICER
FR002339,V0149,2026-10-25 21:36:00,Meghalaya,West Khasi Hills,25.503,91.1427,HEAVY_RAIN,CRITICAL,Field observation of heavy_rain event on Nongstoin Road,BLOCKED,1,1,DRIVER
FR002340,V0201,2026-10-25 22:48:00,Meghalaya,Ri-Bhoi,26.0427,91.7586,HEAVY_RAIN,CRITICAL,Field observation of heavy_rain event on Guwahati-Shillong Expressway,BLOCKED,1,1,DRIVER
FR002341,V0324,2026-10-26 00:00:00,Meghalaya,West Jaintia Hills,25.478,92.0752,FLOOD,HIGH,Field observation of flood event on Jowai Bypass,PARTIAL,1,1,DRIVER
FR002342,V0231,2026-10-26 01:12:00,Sikkim,East Sikkim,27.4058,88.6265,ACCIDENT,MEDIUM,Field observation of accident event on Sevoke-Gangtok Hwy,PARTIAL,0,1,DRIVER
FR002343,V0417,2026-10-26 02:24:00,Sikkim,North Sikkim,27.4736,88.6222,ROCKFALL,LOW,Field observation of rockfall event on Mangan-Chungthang Road,OPEN,1,1,FIELD_OFFICER
FR002344,V0147,2026-10-26 03:36:00,Sikkim,South Sikkim,27.1896,88.322,LANDSLIDE,HIGH,Field observation of landslide event on Namchi-Jorethang Rd,PARTIAL,0,1,DRIVER
FR002345,V0263,2026-10-26 04:48:00,Nagaland,Kohima,25.6938,94.1052,HEAVY_RAIN,LOW,Field observation of heavy_rain event on Dimapur-Kohima Corridor,OPEN,1,1,FIELD_OFFICER
FR002346,V0312,2026-10-26 06:00:00,Nagaland,Dimapur,25.8534,93.7902,ROCKFALL,LOW,Field observation of rockfall event on Dimapur Gateway,OPEN,1,1,LOCAL_SCOUT
FR002347,V0441,2026-10-26 07:12:00,Nagaland,Mokokchung,26.3949,94.6464,FLOOD,MEDIUM,Field observation of flood event on Mokokchung-Amguri Rd,PARTIAL,1,1,FIELD_OFFICER
FR002348,V0400,2026-10-26 08:24:00,Manipur,Imphal West,24.8941,93.8354,ROAD_DAMAGE,MEDIUM,Field observation of road_damage event on Imphal Ring Road,PARTIAL,1,1,LOCAL_SCOUT
FR002349,V0389,2026-10-26 09:36:00,Manipur,Bishnupur,24.7433,93.6486,FLOOD,HIGH,Field observation of flood event on Imphal-Churachandpur Hwy,PARTIAL,1,1,DRIVER
FR002350,V0224,2026-10-26 10:48:00,Manipur,Senapati,25.3509,94.0062,LANDSLIDE,LOW,Field observation of landslide event on Mao-Maram Highway,OPEN,0,0,DRIVER
FR002351,V0120,2026-10-26 12:00:00,Mizoram,Aizawl,23.5799,92.6029,LANDSLIDE,HIGH,Field observation of landslide event on Silchar-Aizawl Hwy,PARTIAL,0,1,LOCAL_SCOUT
FR002352,V0281,2026-10-26 13:12:00,Mizoram,Kolasib,24.1513,92.6267,ROCKFALL,CRITICAL,Field observation of rockfall event on Vairengte-Kolasib Corridor,BLOCKED,1,1,DRIVER
FR002353,V0136,2026-10-26 14:24:00,Mizoram,Lunglei,22.7725,92.747,FLOOD,CRITICAL,Field observation of flood event on Aizawl-Lunglei Road,BLOCKED,1,1,LOCAL_SCOUT
FR002354,V0332,2026-10-26 15:36:00,Tripura,West Tripura,23.7929,91.3182,ACCIDENT,HIGH,Field observation of accident event on Assam-Agartala National Hwy,PARTIAL,1,1,FIELD_OFFICER
FR002355,V0446,2026-10-26 16:48:00,Tripura,Sipahijala,23.7631,91.378,ROAD_DAMAGE,LOW,Field observation of road_damage event on Agartala-Udaipur Hwy,OPEN,1,1,DRIVER
FR002356,V0239,2026-10-26 18:00:00,Tripura,Dhalai,23.9145,91.8422,ROCKFALL,HIGH,Field observation of rockfall event on Ambassa Corridor,PARTIAL,1,0,DRIVER
FR002357,V0135,2026-10-26 19:12:00,Arunachal Pradesh,Tawang,27.4562,92.0025,HEAVY_RAIN,LOW,Field observation of heavy_rain event on Bhalukpong-Tawang Hwy,OPEN,1,1,BORDER_ROAD_CREW
FR002358,V0166,2026-10-26 20:24:00,Arunachal Pradesh,West Kameng,27.1427,92.4035,LANDSLIDE,MEDIUM,Field observation of landslide event on Trans-Arunachal Hwy,PARTIAL,0,0,LOCAL_SCOUT
FR002359,V0307,2026-10-26 21:36:00,Arunachal Pradesh,Papum Pare,26.9973,93.5717,ROAD_DAMAGE,MEDIUM,Field observation of road_damage event on Itanagar-Naharlagun Corridor,PARTIAL,0,1,LOCAL_SCOUT
FR002360,V0414,2026-10-26 22:48:00,Arunachal Pradesh,East Siang,27.9202,95.2338,HEAVY_RAIN,HIGH,Field observation of heavy_rain event on Pasighat Corridor,PARTIAL,1,1,BORDER_ROAD_CREW
FR002361,V0368,2026-10-27 00:00:00,Arunachal Pradesh,Lower Subansiri,27.5753,93.7717,ROAD_DAMAGE,CRITICAL,Field observation of road_damage event on Ziro-Yachuli Road,BLOCKED,0,1,FIELD_OFFICER
FR002362,V0249,2026-10-27 01:12:00,Assam,Kamrup Metropolitan,26.1628,91.7787,HEAVY_RAIN,MEDIUM,Field observation of heavy_rain event on East-West Corridor,PARTIAL,1,0,FIELD_OFFICER
FR002363,V0136,2026-10-27 02:24:00,Assam,Kamrup Rural,26.2542,91.496,ACCIDENT,LOW,Field observation of accident event on Amingaon-Rangia Hwy,OPEN,1,1,BORDER_ROAD_CREW
FR002364,V0182,2026-10-27 03:36:00,Assam,Darrang,26.4587,92.0744,ROCKFALL,LOW,Field observation of rockfall event on North Bank Hwy,OPEN,1,1,BORDER_ROAD_CREW
FR002365,V0177,2026-10-27 04:48:00,Assam,Sonitpur,26.6615,92.7258,FLOOD,LOW,Field observation of flood event on Tezpur-Biswanath Hwy,OPEN,0,1,BORDER_ROAD_CREW
FR002366,V0216,2026-10-27 06:00:00,Assam,Dibrugarh,27.5956,94.8248,FLOOD,LOW,Field observation of flood event on Upper Assam Hwy,OPEN,0,1,FIELD_OFFICER
FR002367,V0403,2026-10-27 07:12:00,Assam,Cachar,24.7107,92.8699,ROCKFALL,MEDIUM,Field observation of rockfall event on Silchar-Badarpur Corridor,PARTIAL,0,1,FIELD_OFFICER
FR002368,V0394,2026-10-27 08:24:00,Assam,Nagaon,26.1953,92.5573,ACCIDENT,MEDIUM,Field observation of accident event on Kaziranga Bypass,PARTIAL,1,1,LOCAL_SCOUT
FR002369,V0362,2026-10-27 09:36:00,Meghalaya,East Khasi Hills,25.5564,91.8848,ROAD_DAMAGE,MEDIUM,Field observation of road_damage event on Shillong-Dawki Hwy,PARTIAL,0,1,BORDER_ROAD_CREW
FR002370,V0231,2026-10-27 10:48:00,Meghalaya,West Khasi Hills,25.528,91.2232,FLOOD,HIGH,Field observation of flood event on Nongstoin Road,PARTIAL,1,0,FIELD_OFFICER
FR002371,V0432,2026-10-27 12:00:00,Meghalaya,Ri-Bhoi,26.0016,91.8251,ACCIDENT,LOW,Field observation of accident event on Guwahati-Shillong Expressway,OPEN,1,1,LOCAL_SCOUT
FR002372,V0171,2026-10-27 13:12:00,Meghalaya,West Jaintia Hills,25.5866,92.3336,FLOOD,HIGH,Field observation of flood event on Jowai Bypass,PARTIAL,1,1,LOCAL_SCOUT
FR002373,V0126,2026-10-27 14:24:00,Sikkim,East Sikkim,27.3201,88.589,HEAVY_RAIN,CRITICAL,Field observation of heavy_rain event on Sevoke-Gangtok Hwy,BLOCKED,0,0,BORDER_ROAD_CREW
FR002374,V0171,2026-10-27 15:36:00,Sikkim,North Sikkim,27.5174,88.5306,ROCKFALL,MEDIUM,Field observation of rockfall event on Mangan-Chungthang Road,PARTIAL,1,1,LOCAL_SCOUT
FR002375,V0443,2026-10-27 16:48:00,Sikkim,South Sikkim,27.2766,88.4312,HEAVY_RAIN,HIGH,Field observation of heavy_rain event on Namchi-Jorethang Rd,PARTIAL,0,1,BORDER_ROAD_CREW
FR002376,V0212,2026-10-27 18:00:00,Nagaland,Kohima,25.693,94.258,FLOOD,CRITICAL,Field observation of flood event on Dimapur-Kohima Corridor,BLOCKED,1,1,LOCAL_SCOUT
FR002377,V0359,2026-10-27 19:12:00,Nagaland,Dimapur,26.0368,93.8761,FLOOD,LOW,Field observation of flood event on Dimapur Gateway,OPEN,0,1,FIELD_OFFICER
FR002378,V0282,2026-10-27 20:24:00,Nagaland,Mokokchung,26.1767,94.4631,FLOOD,LOW,Field observation of flood event on Mokokchung-Amguri Rd,OPEN,1,1,LOCAL_SCOUT
FR002379,V0440,2026-10-27 21:36:00,Manipur,Imphal West,24.8178,93.7907,ROAD_DAMAGE,CRITICAL,Field observation of road_damage event on Imphal Ring Road,BLOCKED,0,1,LOCAL_SCOUT
FR002380,V0274,2026-10-27 22:48:00,Manipur,Bishnupur,24.626,93.6277,ROAD_DAMAGE,LOW,Field observation of road_damage event on Imphal-Churachandpur Hwy,OPEN,1,1,LOCAL_SCOUT
FR002381,V0170,2026-10-28 00:00:00,Manipur,Senapati,25.1272,94.0317,HEAVY_RAIN,CRITICAL,Field observation of heavy_rain event on Mao-Maram Highway,BLOCKED,1,1,LOCAL_SCOUT
FR002382,V0384,2026-10-28 01:12:00,Mizoram,Aizawl,23.8763,92.7573,FLOOD,HIGH,Field observation of flood event on Silchar-Aizawl Hwy,PARTIAL,0,1,FIELD_OFFICER
FR002383,V0130,2026-10-28 02:24:00,Mizoram,Kolasib,24.2643,92.6937,FLOOD,LOW,Field observation of flood event on Vairengte-Kolasib Corridor,OPEN,1,1,BORDER_ROAD_CREW
FR002384,V0346,2026-10-28 03:36:00,Mizoram,Lunglei,22.9983,92.636,ROAD_DAMAGE,HIGH,Field observation of road_damage event on Aizawl-Lunglei Road,PARTIAL,1,1,LOCAL_SCOUT
FR002385,V0406,2026-10-28 04:48:00,Tripura,West Tripura,23.7063,91.387,HEAVY_RAIN,MEDIUM,Field observation of heavy_rain event on Assam-Agartala National Hwy,PARTIAL,1,1,BORDER_ROAD_CREW
FR002386,V0276,2026-10-28 06:00:00,Tripura,Sipahijala,23.5037,91.1912,LANDSLIDE,HIGH,Field observation of landslide event on Agartala-Udaipur Hwy,PARTIAL,1,1,BORDER_ROAD_CREW
FR002387,V0309,2026-10-28 07:12:00,Tripura,Dhalai,23.8965,91.9212,ROAD_DAMAGE,LOW,Field observation of road_damage event on Ambassa Corridor,OPEN,1,1,LOCAL_SCOUT
FR002388,V0159,2026-10-28 08:24:00,Arunachal Pradesh,Tawang,27.531,91.9222,FLOOD,MEDIUM,Field observation of flood event on Bhalukpong-Tawang Hwy,PARTIAL,1,1,DRIVER
FR002389,V0279,2026-10-28 09:36:00,Arunachal Pradesh,West Kameng,27.2244,92.2702,ROCKFALL,MEDIUM,Field observation of rockfall event on Trans-Arunachal Hwy,PARTIAL,1,1,FIELD_OFFICER
FR002390,V0192,2026-10-28 10:48:00,Arunachal Pradesh,Papum Pare,27.1513,93.4861,ROAD_DAMAGE,LOW,Field observation of road_damage event on Itanagar-Naharlagun Corridor,OPEN,1,0,FIELD_OFFICER
FR002391,V0273,2026-10-28 12:00:00,Arunachal Pradesh,East Siang,27.996,95.2278,LANDSLIDE,LOW,Field observation of landslide event on Pasighat Corridor,OPEN,1,1,FIELD_OFFICER
FR002392,V0249,2026-10-28 13:12:00,Arunachal Pradesh,Lower Subansiri,27.5516,93.7319,ROCKFALL,CRITICAL,Field observation of rockfall event on Ziro-Yachuli Road,BLOCKED,0,1,DRIVER
FR002393,V0246,2026-10-28 14:24:00,Assam,Kamrup Metropolitan,26.0878,91.7544,HEAVY_RAIN,LOW,Field observation of heavy_rain event on East-West Corridor,OPEN,0,0,BORDER_ROAD_CREW
FR002394,V0343,2026-10-28 15:36:00,Assam,Kamrup Rural,26.2439,91.5819,ACCIDENT,LOW,Field observation of accident event on Amingaon-Rangia Hwy,OPEN,0,1,DRIVER
FR002395,V0230,2026-10-28 16:48:00,Assam,Darrang,26.3568,91.9069,ROCKFALL,LOW,Field observation of rockfall event on North Bank Hwy,OPEN,1,1,DRIVER
FR002396,V0175,2026-10-28 18:00:00,Assam,Sonitpur,26.7138,92.8792,LANDSLIDE,CRITICAL,Field observation of landslide event on Tezpur-Biswanath Hwy,BLOCKED,1,1,BORDER_ROAD_CREW
FR002397,V0418,2026-10-28 19:12:00,Assam,Dibrugarh,27.586,95.045,FLOOD,HIGH,Field observation of flood event on Upper Assam Hwy,PARTIAL,1,1,DRIVER
FR002398,V0295,2026-10-28 20:24:00,Assam,Cachar,24.9537,92.6862,FLOOD,HIGH,Field observation of flood event on Silchar-Badarpur Corridor,PARTIAL,1,1,LOCAL_SCOUT
FR002399,V0353,2026-10-28 21:36:00,Assam,Nagaon,26.309,92.6201,LANDSLIDE,CRITICAL,Field observation of landslide event on Kaziranga Bypass,BLOCKED,1,0,BORDER_ROAD_CREW
FR002400,V0156,2026-10-28 22:48:00,Meghalaya,East Khasi Hills,25.4966,91.7998,LANDSLIDE,MEDIUM,Field observation of landslide event on Shillong-Dawki Hwy,PARTIAL,0,0,BORDER_ROAD_CREW
FR002401,V0224,2026-10-29 00:00:00,Meghalaya,West Khasi Hills,25.4378,91.2419,ACCIDENT,HIGH,Field observation of accident event on Nongstoin Road,PARTIAL,1,1,DRIVER
FR002402,V0367,2026-10-29 01:12:00,Meghalaya,Ri-Bhoi,25.8547,91.9225,HEAVY_RAIN,HIGH,Field observation of heavy_rain event on Guwahati-Shillong Expressway,PARTIAL,1,1,LOCAL_SCOUT
FR002403,V0320,2026-10-29 02:24:00,Meghalaya,West Jaintia Hills,25.3511,92.3349,ROAD_DAMAGE,MEDIUM,Field observation of road_damage event on Jowai Bypass,PARTIAL,1,1,FIELD_OFFICER
FR002404,V0403,2026-10-29 03:36:00,Sikkim,East Sikkim,27.2521,88.6672,ACCIDENT,HIGH,Field observation of accident event on Sevoke-Gangtok Hwy,PARTIAL,0,0,LOCAL_SCOUT
FR002405,V0419,2026-10-29 04:48:00,Sikkim,North Sikkim,27.4366,88.5027,ROCKFALL,CRITICAL,Field observation of rockfall event on Mangan-Chungthang Road,BLOCKED,1,1,LOCAL_SCOUT
FR002406,V0228,2026-10-29 06:00:00,Sikkim,South Sikkim,27.1007,88.354,HEAVY_RAIN,MEDIUM,Field observation of heavy_rain event on Namchi-Jorethang Rd,PARTIAL,1,1,BORDER_ROAD_CREW
FR002407,V0269,2026-10-29 07:12:00,Nagaland,Kohima,25.5345,93.9932,LANDSLIDE,MEDIUM,Field observation of landslide event on Dimapur-Kohima Corridor,PARTIAL,1,1,FIELD_OFFICER
FR002408,V0106,2026-10-29 08:24:00,Nagaland,Dimapur,25.897,93.6744,LANDSLIDE,HIGH,Field observation of landslide event on Dimapur Gateway,PARTIAL,1,1,FIELD_OFFICER
FR002409,V0124,2026-10-29 09:36:00,Nagaland,Mokokchung,26.1852,94.5804,ROAD_DAMAGE,LOW,Field observation of road_damage event on Mokokchung-Amguri Rd,OPEN,1,1,BORDER_ROAD_CREW
FR002410,V0177,2026-10-29 10:48:00,Manipur,Imphal West,24.7146,93.9294,FLOOD,LOW,Field observation of flood event on Imphal Ring Road,OPEN,1,0,BORDER_ROAD_CREW
FR002411,V0307,2026-10-29 12:00:00,Manipur,Bishnupur,24.7563,93.7064,LANDSLIDE,LOW,Field observation of landslide event on Imphal-Churachandpur Hwy,OPEN,1,1,FIELD_OFFICER
FR002412,V0358,2026-10-29 13:12:00,Manipur,Senapati,25.2417,94.045,LANDSLIDE,HIGH,Field observation of landslide event on Mao-Maram Highway,PARTIAL,1,0,DRIVER
FR002413,V0142,2026-10-29 14:24:00,Mizoram,Aizawl,23.6969,92.8178,ROCKFALL,HIGH,Field observation of rockfall event on Silchar-Aizawl Hwy,PARTIAL,1,1,DRIVER
FR002414,V0332,2026-10-29 15:36:00,Mizoram,Kolasib,24.2148,92.6503,LANDSLIDE,MEDIUM,Field observation of landslide event on Vairengte-Kolasib Corridor,PARTIAL,1,1,BORDER_ROAD_CREW
FR002415,V0118,2026-10-29 16:48:00,Mizoram,Lunglei,22.959,92.8603,HEAVY_RAIN,MEDIUM,Field observation of heavy_rain event on Aizawl-Lunglei Road,PARTIAL,1,1,FIELD_OFFICER
FR002416,V0154,2026-10-29 18:00:00,Tripura,West Tripura,23.7623,91.31,ROAD_DAMAGE,LOW,Field observation of road_damage event on Assam-Agartala National Hwy,OPEN,1,1,LOCAL_SCOUT
FR002417,V0408,2026-10-29 19:12:00,Tripura,Sipahijala,23.7617,91.428,LANDSLIDE,CRITICAL,Field observation of landslide event on Agartala-Udaipur Hwy,BLOCKED,1,1,FIELD_OFFICER
FR002418,V0232,2026-10-29 20:24:00,Tripura,Dhalai,23.9917,91.9256,HEAVY_RAIN,MEDIUM,Field observation of heavy_rain event on Ambassa Corridor,PARTIAL,1,1,BORDER_ROAD_CREW
FR002419,V0372,2026-10-29 21:36:00,Arunachal Pradesh,Tawang,27.4522,91.7365,ROCKFALL,CRITICAL,Field observation of rockfall event on Bhalukpong-Tawang Hwy,BLOCKED,1,1,DRIVER
FR002420,V0141,2026-10-29 22:48:00,Arunachal Pradesh,West Kameng,27.2521,92.3155,ROCKFALL,LOW,Field observation of rockfall event on Trans-Arunachal Hwy,OPEN,0,1,LOCAL_SCOUT
FR002421,V0405,2026-10-30 00:00:00,Arunachal Pradesh,Papum Pare,27.002,93.5589,HEAVY_RAIN,HIGH,Field observation of heavy_rain event on Itanagar-Naharlagun Corridor,PARTIAL,1,1,DRIVER
FR002422,V0279,2026-10-30 01:12:00,Arunachal Pradesh,East Siang,27.9431,95.2494,ACCIDENT,CRITICAL,Field observation of accident event on Pasighat Corridor,BLOCKED,1,1,BORDER_ROAD_CREW
FR002423,V0347,2026-10-30 02:24:00,Arunachal Pradesh,Lower Subansiri,27.4015,93.7278,ROAD_DAMAGE,HIGH,Field observation of road_damage event on Ziro-Yachuli Road,PARTIAL,1,1,FIELD_OFFICER
FR002424,V0126,2026-10-30 03:36:00,Assam,Kamrup Metropolitan,26.2041,91.86,HEAVY_RAIN,CRITICAL,Field observation of heavy_rain event on East-West Corridor,BLOCKED,1,1,FIELD_OFFICER
FR002425,V0348,2026-10-30 04:48:00,Assam,Kamrup Rural,26.1078,91.6871,LANDSLIDE,LOW,Field observation of landslide event on Amingaon-Rangia Hwy,OPEN,1,1,FIELD_OFFICER
FR002426,V0335,2026-10-30 06:00:00,Assam,Darrang,26.3421,92.113,FLOOD,HIGH,Field observation of flood event on North Bank Hwy,PARTIAL,1,1,DRIVER
FR002427,V0253,2026-10-30 07:12:00,Assam,Sonitpur,26.7456,92.8217,FLOOD,MEDIUM,Field observation of flood event on Tezpur-Biswanath Hwy,PARTIAL,1,0,BORDER_ROAD_CREW
FR002428,V0143,2026-10-30 08:24:00,Assam,Dibrugarh,27.5449,94.9379,HEAVY_RAIN,HIGH,Field observation of heavy_rain event on Upper Assam Hwy,PARTIAL,1,1,LOCAL_SCOUT
FR002429,V0261,2026-10-30 09:36:00,Assam,Cachar,24.7538,92.7376,HEAVY_RAIN,MEDIUM,Field observation of heavy_rain event on Silchar-Badarpur Corridor,PARTIAL,1,1,BORDER_ROAD_CREW
FR002430,V0233,2026-10-30 10:48:00,Assam,Nagaon,26.4207,92.8084,LANDSLIDE,LOW,Field observation of landslide event on Kaziranga Bypass,OPEN,1,1,LOCAL_SCOUT
FR002431,V0204,2026-10-30 12:00:00,Meghalaya,East Khasi Hills,25.4421,91.8339,FLOOD,HIGH,Field observation of flood event on Shillong-Dawki Hwy,PARTIAL,0,0,LOCAL_SCOUT
FR002432,V0320,2026-10-30 13:12:00,Meghalaya,West Khasi Hills,25.4877,91.1955,ACCIDENT,CRITICAL,Field observation of accident event on Nongstoin Road,BLOCKED,0,1,LOCAL_SCOUT
FR002433,V0421,2026-10-30 14:24:00,Meghalaya,Ri-Bhoi,25.8283,92.0165,LANDSLIDE,CRITICAL,Field observation of landslide event on Guwahati-Shillong Expressway,BLOCKED,1,0,LOCAL_SCOUT
FR002434,V0144,2026-10-30 15:36:00,Meghalaya,West Jaintia Hills,25.5503,92.1895,ROCKFALL,LOW,Field observation of rockfall event on Jowai Bypass,OPEN,1,1,BORDER_ROAD_CREW
FR002435,V0261,2026-10-30 16:48:00,Sikkim,East Sikkim,27.3857,88.5778,HEAVY_RAIN,MEDIUM,Field observation of heavy_rain event on Sevoke-Gangtok Hwy,PARTIAL,1,1,LOCAL_SCOUT
FR002436,V0153,2026-10-30 18:00:00,Sikkim,North Sikkim,27.5224,88.5152,ROAD_DAMAGE,LOW,Field observation of road_damage event on Mangan-Chungthang Road,OPEN,1,1,LOCAL_SCOUT
FR002437,V0288,2026-10-30 19:12:00,Sikkim,South Sikkim,27.2211,88.3267,ROCKFALL,CRITICAL,Field observation of rockfall event on Namchi-Jorethang Rd,BLOCKED,1,1,BORDER_ROAD_CREW
FR002438,V0305,2026-10-30 20:24:00,Nagaland,Kohima,25.7153,94.1397,HEAVY_RAIN,HIGH,Field observation of heavy_rain event on Dimapur-Kohima Corridor,PARTIAL,1,0,BORDER_ROAD_CREW
FR002439,V0154,2026-10-30 21:36:00,Nagaland,Dimapur,25.9911,93.7911,FLOOD,MEDIUM,Field observation of flood event on Dimapur Gateway,PARTIAL,1,1,BORDER_ROAD_CREW
FR002440,V0339,2026-10-30 22:48:00,Nagaland,Mokokchung,26.4106,94.6642,ROCKFALL,LOW,Field observation of rockfall event on Mokokchung-Amguri Rd,OPEN,1,1,DRIVER
FR002441,V0271,2026-10-31 00:00:00,Manipur,Imphal West,24.691,93.7889,ROAD_DAMAGE,HIGH,Field observation of road_damage event on Imphal Ring Road,PARTIAL,1,1,FIELD_OFFICER
FR002442,V0178,2026-10-31 01:12:00,Manipur,Bishnupur,24.6369,93.7989,ROCKFALL,CRITICAL,Field observation of rockfall event on Imphal-Churachandpur Hwy,BLOCKED,0,1,LOCAL_SCOUT
FR002443,V0284,2026-10-31 02:24:00,Manipur,Senapati,25.1945,93.8965,ROAD_DAMAGE,LOW,Field observation of road_damage event on Mao-Maram Highway,OPEN,1,0,BORDER_ROAD_CREW
FR002444,V0262,2026-10-31 03:36:00,Mizoram,Aizawl,23.7569,92.6784,ROAD_DAMAGE,MEDIUM,Field observation of road_damage event on Silchar-Aizawl Hwy,PARTIAL,0,1,BORDER_ROAD_CREW
FR002445,V0347,2026-10-31 04:48:00,Mizoram,Kolasib,24.3158,92.6928,HEAVY_RAIN,CRITICAL,Field observation of heavy_rain event on Vairengte-Kolasib Corridor,BLOCKED,0,1,FIELD_OFFICER
FR002446,V0214,2026-10-31 06:00:00,Mizoram,Lunglei,22.864,92.6793,ROAD_DAMAGE,HIGH,Field observation of road_damage event on Aizawl-Lunglei Road,PARTIAL,1,1,DRIVER
FR002447,V0116,2026-10-31 07:12:00,Tripura,West Tripura,23.6925,91.3584,ACCIDENT,LOW,Field observation of accident event on Assam-Agartala National Hwy,OPEN,1,0,LOCAL_SCOUT
FR002448,V0322,2026-10-31 08:24:00,Tripura,Sipahijala,23.5228,91.2054,ROAD_DAMAGE,MEDIUM,Field observation of road_damage event on Agartala-Udaipur Hwy,PARTIAL,1,1,DRIVER
FR002449,V0245,2026-10-31 09:36:00,Tripura,Dhalai,23.9916,91.9067,FLOOD,CRITICAL,Field observation of flood event on Ambassa Corridor,BLOCKED,1,1,FIELD_OFFICER
FR002450,V0231,2026-10-31 10:48:00,Arunachal Pradesh,Tawang,27.7158,91.9555,FLOOD,CRITICAL,Field observation of flood event on Bhalukpong-Tawang Hwy,BLOCKED,0,1,BORDER_ROAD_CREW
FR002451,V0252,2026-10-31 12:00:00,Arunachal Pradesh,West Kameng,27.2263,92.3099,LANDSLIDE,MEDIUM,Field observation of landslide event on Trans-Arunachal Hwy,PARTIAL,1,1,FIELD_OFFICER
FR002452,V0277,2026-10-31 13:12:00,Arunachal Pradesh,Papum Pare,27.065,93.7607,ACCIDENT,HIGH,Field observation of accident event on Itanagar-Naharlagun Corridor,PARTIAL,1,1,FIELD_OFFICER
FR002453,V0366,2026-10-31 14:24:00,Arunachal Pradesh,East Siang,28.0066,95.2962,FLOOD,LOW,Field observation of flood event on Pasighat Corridor,OPEN,0,0,BORDER_ROAD_CREW
FR002454,V0296,2026-10-31 15:36:00,Arunachal Pradesh,Lower Subansiri,27.5959,93.9449,FLOOD,HIGH,Field observation of flood event on Ziro-Yachuli Road,PARTIAL,1,1,FIELD_OFFICER
FR002455,V0224,2026-10-31 16:48:00,Assam,Kamrup Metropolitan,26.2326,91.7575,ROAD_DAMAGE,MEDIUM,Field observation of road_damage event on East-West Corridor,PARTIAL,1,1,BORDER_ROAD_CREW
FR002456,V0111,2026-10-31 18:00:00,Assam,Kamrup Rural,26.2731,91.6203,ACCIDENT,CRITICAL,Field observation of accident event on Amingaon-Rangia Hwy,BLOCKED,0,1,BORDER_ROAD_CREW
FR002457,V0241,2026-10-31 19:12:00,Assam,Darrang,26.5302,92.0121,ACCIDENT,LOW,Field observation of accident event on North Bank Hwy,OPEN,1,1,LOCAL_SCOUT
FR002458,V0401,2026-10-31 20:24:00,Assam,Sonitpur,26.6343,92.6563,ROCKFALL,MEDIUM,Field observation of rockfall event on Tezpur-Biswanath Hwy,PARTIAL,1,0,FIELD_OFFICER
FR002459,V0358,2026-10-31 21:36:00,Assam,Dibrugarh,27.4046,94.8842,ACCIDENT,LOW,Field observation of accident event on Upper Assam Hwy,OPEN,0,1,BORDER_ROAD_CREW
FR002460,V0242,2026-10-31 22:48:00,Assam,Cachar,24.7657,92.7676,LANDSLIDE,CRITICAL,Field observation of landslide event on Silchar-Badarpur Corridor,BLOCKED,1,1,BORDER_ROAD_CREW
FR002461,V0136,2026-11-01 00:00:00,Assam,Nagaon,26.2616,92.5394,HEAVY_RAIN,HIGH,Field observation of heavy_rain event on Kaziranga Bypass,PARTIAL,1,0,LOCAL_SCOUT
FR002462,V0211,2026-11-01 01:12:00,Meghalaya,East Khasi Hills,25.6472,91.9261,ROCKFALL,HIGH,Field observation of rockfall event on Shillong-Dawki Hwy,PARTIAL,0,0,DRIVER
FR002463,V0329,2026-11-01 02:24:00,Meghalaya,West Khasi Hills,25.4586,91.2267,ROCKFALL,LOW,Field observation of rockfall event on Nongstoin Road,OPEN,1,1,BORDER_ROAD_CREW
FR002464,V0400,2026-11-01 03:36:00,Meghalaya,Ri-Bhoi,25.8459,91.9768,ROAD_DAMAGE,HIGH,Field observation of road_damage event on Guwahati-Shillong Expressway,PARTIAL,1,0,LOCAL_SCOUT
FR002465,V0335,2026-11-01 04:48:00,Meghalaya,West Jaintia Hills,25.3632,92.2593,ACCIDENT,HIGH,Field observation of accident event on Jowai Bypass,PARTIAL,1,1,LOCAL_SCOUT
FR002466,V0138,2026-11-01 06:00:00,Sikkim,East Sikkim,27.3871,88.6279,ROAD_DAMAGE,LOW,Field observation of road_damage event on Sevoke-Gangtok Hwy,OPEN,1,1,LOCAL_SCOUT
FR002467,V0328,2026-11-01 07:12:00,Sikkim,North Sikkim,27.4536,88.4623,LANDSLIDE,MEDIUM,Field observation of landslide event on Mangan-Chungthang Road,PARTIAL,1,1,DRIVER
FR002468,V0136,2026-11-01 08:24:00,Sikkim,South Sikkim,27.1146,88.4024,ROCKFALL,CRITICAL,Field observation of rockfall event on Namchi-Jorethang Rd,BLOCKED,1,1,BORDER_ROAD_CREW
FR002469,V0230,2026-11-01 09:36:00,Nagaland,Kohima,25.7124,94.1281,ROAD_DAMAGE,LOW,Field observation of road_damage event on Dimapur-Kohima Corridor,OPEN,0,1,BORDER_ROAD_CREW
FR002470,V0419,2026-11-01 10:48:00,Nagaland,Dimapur,26.0488,93.7444,ROAD_DAMAGE,LOW,Field observation of road_damage event on Dimapur Gateway,OPEN,0,1,DRIVER
FR002471,V0171,2026-11-01 12:00:00,Nagaland,Mokokchung,26.3363,94.4835,LANDSLIDE,LOW,Field observation of landslide event on Mokokchung-Amguri Rd,OPEN,1,1,BORDER_ROAD_CREW
FR002472,V0368,2026-11-01 13:12:00,Manipur,Imphal West,24.7304,93.82,ROCKFALL,HIGH,Field observation of rockfall event on Imphal Ring Road,PARTIAL,0,1,LOCAL_SCOUT
FR002473,V0344,2026-11-01 14:24:00,Manipur,Bishnupur,24.7157,93.8348,FLOOD,CRITICAL,Field observation of flood event on Imphal-Churachandpur Hwy,BLOCKED,0,0,FIELD_OFFICER
FR002474,V0392,2026-11-01 15:36:00,Manipur,Senapati,25.1753,94.1301,LANDSLIDE,MEDIUM,Field observation of landslide event on Mao-Maram Highway,PARTIAL,1,1,LOCAL_SCOUT
FR002475,V0137,2026-11-01 16:48:00,Mizoram,Aizawl,23.6088,92.833,FLOOD,LOW,Field observation of flood event on Silchar-Aizawl Hwy,OPEN,1,1,LOCAL_SCOUT
FR002476,V0312,2026-11-01 18:00:00,Mizoram,Kolasib,24.2307,92.6477,LANDSLIDE,MEDIUM,Field observation of landslide event on Vairengte-Kolasib Corridor,PARTIAL,0,0,BORDER_ROAD_CREW
FR002477,V0176,2026-11-01 19:12:00,Mizoram,Lunglei,22.8159,92.8674,LANDSLIDE,CRITICAL,Field observation of landslide event on Aizawl-Lunglei Road,BLOCKED,1,0,LOCAL_SCOUT
FR002478,V0132,2026-11-01 20:24:00,Tripura,West Tripura,23.768,91.2966,ACCIDENT,MEDIUM,Field observation of accident event on Assam-Agartala National Hwy,PARTIAL,0,1,LOCAL_SCOUT
FR002479,V0149,2026-11-01 21:36:00,Tripura,Sipahijala,23.69,91.1915,ROCKFALL,CRITICAL,Field observation of rockfall event on Agartala-Udaipur Hwy,BLOCKED,0,0,FIELD_OFFICER
FR002480,V0311,2026-11-01 22:48:00,Tripura,Dhalai,23.8231,91.8909,HEAVY_RAIN,CRITICAL,Field observation of heavy_rain event on Ambassa Corridor,BLOCKED,0,1,DRIVER
FR002481,V0395,2026-11-02 00:00:00,Arunachal Pradesh,Tawang,27.5871,91.7336,ACCIDENT,LOW,Field observation of accident event on Bhalukpong-Tawang Hwy,OPEN,0,1,DRIVER
FR002482,V0115,2026-11-02 01:12:00,Arunachal Pradesh,West Kameng,27.212,92.3409,ACCIDENT,LOW,Field observation of accident event on Trans-Arunachal Hwy,OPEN,0,0,FIELD_OFFICER
FR002483,V0197,2026-11-02 02:24:00,Arunachal Pradesh,Papum Pare,27.236,93.4734,FLOOD,LOW,Field observation of flood event on Itanagar-Naharlagun Corridor,OPEN,1,1,FIELD_OFFICER
FR002484,V0272,2026-11-02 03:36:00,Arunachal Pradesh,East Siang,28.0816,95.435,ROCKFALL,CRITICAL,Field observation of rockfall event on Pasighat Corridor,BLOCKED,0,1,DRIVER
FR002485,V0411,2026-11-02 04:48:00,Arunachal Pradesh,Lower Subansiri,27.6169,93.7518,HEAVY_RAIN,MEDIUM,Field observation of heavy_rain event on Ziro-Yachuli Road,PARTIAL,0,0,DRIVER
FR002486,V0256,2026-11-02 06:00:00,Assam,Kamrup Metropolitan,26.0913,91.6741,ACCIDENT,HIGH,Field observation of accident event on East-West Corridor,PARTIAL,0,1,LOCAL_SCOUT
FR002487,V0389,2026-11-02 07:12:00,Assam,Kamrup Rural,26.1728,91.6171,FLOOD,CRITICAL,Field observation of flood event on Amingaon-Rangia Hwy,BLOCKED,0,1,DRIVER
FR002488,V0267,2026-11-02 08:24:00,Assam,Darrang,26.5938,92.0311,HEAVY_RAIN,CRITICAL,Field observation of heavy_rain event on North Bank Hwy,BLOCKED,1,0,BORDER_ROAD_CREW
FR002489,V0314,2026-11-02 09:36:00,Assam,Sonitpur,26.7454,92.9153,ROCKFALL,CRITICAL,Field observation of rockfall event on Tezpur-Biswanath Hwy,BLOCKED,1,0,BORDER_ROAD_CREW
FR002490,V0365,2026-11-02 10:48:00,Assam,Dibrugarh,27.3249,94.7717,LANDSLIDE,HIGH,Field observation of landslide event on Upper Assam Hwy,PARTIAL,1,1,BORDER_ROAD_CREW
FR002491,V0225,2026-11-02 12:00:00,Assam,Cachar,24.8244,92.7445,HEAVY_RAIN,LOW,Field observation of heavy_rain event on Silchar-Badarpur Corridor,OPEN,1,1,DRIVER
FR002492,V0439,2026-11-02 13:12:00,Assam,Nagaon,26.41,92.5703,ROAD_DAMAGE,MEDIUM,Field observation of road_damage event on Kaziranga Bypass,PARTIAL,1,1,DRIVER
FR002493,V0400,2026-11-02 14:24:00,Meghalaya,East Khasi Hills,25.6432,91.8749,FLOOD,MEDIUM,Field observation of flood event on Shillong-Dawki Hwy,PARTIAL,0,1,FIELD_OFFICER
FR002494,V0165,2026-11-02 15:36:00,Meghalaya,West Khasi Hills,25.4795,91.3567,ACCIDENT,CRITICAL,Field observation of accident event on Nongstoin Road,BLOCKED,0,1,DRIVER
FR002495,V0253,2026-11-02 16:48:00,Meghalaya,Ri-Bhoi,26.0282,91.9188,ACCIDENT,LOW,Field observation of accident event on Guwahati-Shillong Expressway,OPEN,1,0,DRIVER
FR002496,V0435,2026-11-02 18:00:00,Meghalaya,West Jaintia Hills,25.3438,92.1287,LANDSLIDE,CRITICAL,Field observation of landslide event on Jowai Bypass,BLOCKED,0,1,DRIVER
FR002497,V0184,2026-11-02 19:12:00,Sikkim,East Sikkim,27.4055,88.5664,ROAD_DAMAGE,HIGH,Field observation of road_damage event on Sevoke-Gangtok Hwy,PARTIAL,1,1,LOCAL_SCOUT
FR002498,V0394,2026-11-02 20:24:00,Sikkim,North Sikkim,27.5887,88.463,ROAD_DAMAGE,MEDIUM,Field observation of road_damage event on Mangan-Chungthang Road,PARTIAL,0,1,DRIVER
FR002499,V0447,2026-11-02 21:36:00,Sikkim,South Sikkim,27.1575,88.4127,LANDSLIDE,HIGH,Field observation of landslide event on Namchi-Jorethang Rd,PARTIAL,1,1,DRIVER
FR002500,V0167,2026-11-02 22:48:00,Nagaland,Kohima,25.6137,94.092,LANDSLIDE,CRITICAL,Field observation of landslide event on Dimapur-Kohima Corridor,BLOCKED,1,1,LOCAL_SCOUT
