landslide_id,date,state,district,latitude,longitude,rainfall_mm,elevation_m,slope_percent,soil_type,landslide_occurred,severity,road_blocked,duration_hours
LS000001,2025-04-01,Arunachal Pradesh,Tawang,27.6279,91.7169,12.0,2875,43.2,Gneissic_Debris,0,NONE,0,0.0
LS000002,2025-04-01,Arunachal Pradesh,West Kameng,27.1452,92.4881,1.9,2209,35.9,Schist_Shale,0,NONE,0,0.0
LS000003,2025-04-01,Arunachal Pradesh,Papum Pare,26.9593,93.5322,5.2,324,19.0,Colluvial_Soil,0,NONE,0,0.0
LS000004,2025-04-01,Arunachal Pradesh,East Siang,28.1308,95.3864,0.6,148,7.8,Alluvial_Gravel,0,NONE,0,0.0
LS000005,2025-04-01,Arunachal Pradesh,Lower Subansiri,27.6428,93.6819,4.1,1603,30.7,Schist_Shale,0,NONE,0,0.0
LS000006,2025-04-01,Assam,Kamrup Metropolitan,26.0779,91.6508,0.5,92,0.4,Alluvial_Clay,0,NONE,0,0.0
LS000007,2025-04-01,Assam,Kamrup Rural,26.064,91.6662,5.4,75,0.4,Alluvial_Silt,0,NONE,0,0.0
LS000008,2025-04-01,Assam,Darrang,26.4398,91.9184,0.9,110,0.5,Brahmaputra_Sand_Silt,0,NONE,0,0.0
LS000009,2025-04-02,Assam,Sonitpur,26.7326,92.8282,4.2,128,1.4,Alluvial_Silt,0,NONE,0,0.0
LS000010,2025-04-02,Assam,Dibrugarh,27.3437,94.9604,2.3,146,0.4,Alluvial_Clay,0,NONE,0,0.0
LS000011,2025-04-02,Assam,Cachar,24.7531,92.6592,6.3,20,1.6,Barak_Valley_Alluvium,0,NONE,0,0.0
LS000012,2025-04-02,Assam,Nagaon,26.244,92.6406,6.2,89,0.4,Alluvial_Clay,0,NONE,0,0.0
LS000013,2025-04-02,Meghalaya,East Khasi Hills,25.6232,91.926,13.2,1451,30.7,Sandstone_Silt,0,NONE,0,0.0
LS000014,2025-04-02,Meghalaya,West Khasi Hills,25.4987,91.191,1.8,1338,28.7,Red_Loam,0,NONE,0,0.0
LS000015,2025-04-02,Meghalaya,Ri-Bhoi,25.9554,91.9829,9.7,589,14.3,Laterite_Clay,0,NONE,0,0.0
LS000016,2025-04-02,Meghalaya,West Jaintia Hills,25.5415,92.1703,0.8,1278,24.6,Limestone_Clay,0,NONE,0,0.0
LS000017,2025-04-02,Sikkim,East Sikkim,27.4518,88.5509,13.2,1673,42.0,Loose_Phyllite,0,NONE,0,0.0
LS000018,2025-04-02,Sikkim,North Sikkim,27.5429,88.4429,8.3,2407,47.2,Schist_Shale,0,NONE,0,0.0
LS000019,2025-04-03,Sikkim,South Sikkim,27.0988,88.3754,5.8,1354,36.6,Loose_Phyllite,0,NONE,0,0.0
LS000020,2025-04-03,Nagaland,Kohima,25.8243,94.0001,2.2,1443,33.8,Disang_Shale,0,NONE,0,0.0
LS000021,2025-04-03,Nagaland,Dimapur,25.7897,93.7657,11.8,236,4.7,Alluvial_Sandy_Loam,0,NONE,0,0.0
LS000022,2025-04-03,Nagaland,Mokokchung,26.2904,94.5488,9.9,1319,31.1,Disang_Shale,0,NONE,0,0.0
LS000023,2025-04-03,Manipur,Imphal West,24.9252,93.7902,5.2,817,0.4,Lacustrine_Alluvium,0,NONE,0,0.0
LS000024,2025-04-03,Manipur,Bishnupur,24.7077,93.8451,4.1,753,1.6,Lacustrine_Alluvium,0,NONE,0,0.0
LS000025,2025-04-03,Manipur,Senapati,25.2461,94.1461,3.3,1302,30.6,Clayey_Loam,0,NONE,0,0.0
LS000026,2025-04-03,Mizoram,Aizawl,23.8057,92.7199,11.3,1083,34.9,Siltstone_Shale,0,NONE,0,0.0
LS000027,2025-04-03,Mizoram,Kolasib,24.2617,92.7127,0.2,569,23.9,Red_Loam,0,NONE,0,0.0
LS000028,2025-04-03,Mizoram,Lunglei,23.016,92.8667,5.9,1077,29.0,Siltstone_Shale,0,NONE,0,0.0
LS000029,2025-04-04,Tripura,West Tripura,23.6873,91.4155,14.0,87,4.5,Sandy_Clay,0,NONE,0,0.0
LS000030,2025-04-04,Tripura,Sipahijala,23.5568,91.2343,0.5,44,5.2,Sandy_Clay,0,NONE,0,0.0
LS000031,2025-04-04,Tripura,Dhalai,23.8458,91.7208,8.1,177,12.2,Red_Laterite,0,NONE,0,0.0
LS000032,2025-04-04,Arunachal Pradesh,Tawang,27.634,91.9935,3.4,2861,43.3,Gneissic_Debris,0,NONE,0,0.0
LS000033,2025-04-04,Arunachal Pradesh,West Kameng,27.2414,92.3294,3.6,2209,39.3,Schist_Shale,0,NONE,0,0.0
LS000034,2025-04-04,Arunachal Pradesh,Papum Pare,27.1643,93.5863,8.5,345,19.2,Colluvial_Soil,0,NONE,0,0.0
LS000035,2025-04-04,Arunachal Pradesh,East Siang,28.0713,95.2123,12.1,123,7.0,Alluvial_Gravel,0,NONE,0,0.0
LS000036,2025-04-04,Arunachal Pradesh,Lower Subansiri,27.5662,93.8565,10.8,1500,30.3,Schist_Shale,0,NONE,0,0.0
LS000037,2025-04-04,Assam,Kamrup Metropolitan,26.0632,91.8578,11.5,105,0.4,Alluvial_Clay,0,NONE,0,0.0
LS000038,2025-04-04,Assam,Kamrup Rural,26.1185,91.5576,8.7,67,0.4,Alluvial_Silt,0,NONE,0,0.0
LS000039,2025-04-05,Assam,Darrang,26.4733,92.0228,11.4,92,1.0,Brahmaputra_Sand_Silt,0,NONE,0,0.0
LS000040,2025-04-05,Assam,Sonitpur,26.5121,92.8403,7.6,63,1.7,Alluvial_Silt,0,NONE,0,0.0
LS000041,2025-04-05,Assam,Dibrugarh,27.5415,94.964,2.6,130,0.4,Alluvial_Clay,0,NONE,0,0.0
LS000042,2025-04-05,Assam,Cachar,24.7851,92.8874,3.9,20,0.4,Barak_Valley_Alluvium,0,NONE,0,0.0
LS000043,2025-04-05,Assam,Nagaon,26.2373,92.589,3.5,63,0.4,Alluvial_Clay,0,NONE,0,0.0
LS000044,2025-04-05,Meghalaya,East Khasi Hills,25.5617,92.0017,9.1,1500,28.5,Sandstone_Silt,0,NONE,0,0.0
LS000045,2025-04-05,Meghalaya,West Khasi Hills,25.5222,91.1144,4.0,1231,30.1,Red_Loam,0,NONE,0,0.0
LS000046,2025-04-05,Meghalaya,Ri-Bhoi,25.7999,91.8757,11.3,517,18.3,Laterite_Clay,0,NONE,0,0.0
LS000047,2025-04-05,Meghalaya,West Jaintia Hills,25.3494,92.0506,4.1,1319,24.8,Limestone_Clay,0,NONE,0,0.0
LS000048,2025-04-05,Sikkim,East Sikkim,27.3254,88.5834,7.9,1683,44.5,Loose_Phyllite,0,NONE,0,0.0
LS000049,2025-04-06,Sikkim,North Sikkim,27.5655,88.4464,3.8,2427,47.1,Schist_Shale,0,NONE,0,0.0
LS000050,2025-04-06,Sikkim,South Sikkim,27.2407,88.2183,12.2,1280,34.0,Loose_Phyllite,0,NONE,0,0.0
LS000051,2025-04-06,Nagaland,Kohima,25.676,94.2144,1.1,1400,33.6,Disang_Shale,0,NONE,0,0.0
LS000052,2025-04-06,Nagaland,Dimapur,26.0122,93.5981,10.8,143,4.7,Alluvial_Sandy_Loam,0,NONE,0,0.0
LS000053,2025-04-06,Nagaland,Mokokchung,26.211,94.6371,8.2,1291,31.4,Disang_Shale,0,NONE,0,0.0
LS000054,2025-04-06,Manipur,Imphal West,24.6916,93.984,1.8,797,2.3,Lacustrine_Alluvium,0,NONE,0,0.0
LS000055,2025-04-06,Manipur,Bishnupur,24.5437,93.8294,5.6,740,2.3,Lacustrine_Alluvium,0,NONE,0,0.0
LS000056,2025-04-06,Manipur,Senapati,25.3037,93.9972,11.3,1308,30.8,Clayey_Loam,0,NONE,0,0.0
LS000057,2025-04-06,Mizoram,Aizawl,23.7146,92.8671,4.4,1082,30.9,Siltstone_Shale,0,NONE,0,0.0
LS000058,2025-04-06,Mizoram,Kolasib,24.1496,92.81,4.6,662,22.3,Red_Loam,0,NONE,0,0.0
LS000059,2025-04-07,Mizoram,Lunglei,22.8155,92.7215,4.2,1029,32.5,Siltstone_Shale,0,NONE,0,0.0
LS000060,2025-04-07,Tripura,West Tripura,23.9777,91.333,3.7,20,2.9,Sandy_Clay,0,NONE,0,0.0
LS000061,2025-04-07,Tripura,Sipahijala,23.7645,91.1931,7.0,84,1.2,Sandy_Clay,0,NONE,0,0.0
LS000062,2025-04-07,Tripura,Dhalai,23.7321,91.866,1.5,114,10.9,Red_Laterite,0,NONE,0,0.0
LS000063,2025-04-07,Arunachal Pradesh,Tawang,27.539,91.9156,6.9,2949,43.3,Gneissic_Debris,0,NONE,0,0.0
LS000064,2025-04-07,Arunachal Pradesh,West Kameng,27.3861,92.5197,13.8,2151,38.7,Schist_Shale,0,NONE,0,0.0
LS000065,2025-04-07,Arunachal Pradesh,Papum Pare,26.9636,93.5667,7.6,276,19.2,Colluvial_Soil,0,NONE,0,0.0
LS000066,2025-04-07,Arunachal Pradesh,East Siang,28.1384,95.3415,5.0,149,9.5,Alluvial_Gravel,0,NONE,0,0.0
LS000067,2025-04-07,Arunachal Pradesh,Lower Subansiri,27.6835,93.8873,9.9,1519,32.6,Schist_Shale,0,NONE,0,0.0
LS000068,2025-04-07,Assam,Kamrup Metropolitan,26.1693,91.6306,9.2,20,0.4,Alluvial_Clay,0,NONE,0,0.0
LS000069,2025-04-08,Assam,Kamrup Rural,26.3149,91.7037,5.2,20,2.9,Alluvial_Silt,0,NONE,0,0.0
LS000070,2025-04-08,Assam,Darrang,26.3769,91.9118,1.5,91,1.4,Brahmaputra_Sand_Silt,0,NONE,0,0.0
LS000071,2025-04-08,Assam,Sonitpur,26.776,92.8674,4.2,136,4.2,Alluvial_Silt,0,NONE,0,0.0
LS000072,2025-04-08,Assam,Dibrugarh,27.6157,95.0052,11.9,160,0.4,Alluvial_Clay,0,NONE,0,0.0
LS000073,2025-04-08,Assam,Cachar,24.9606,92.8636,0.2,20,3.3,Barak_Valley_Alluvium,0,NONE,0,0.0
LS000074,2025-04-08,Assam,Nagaon,26.4384,92.614,5.7,104,2.0,Alluvial_Clay,0,NONE,0,0.0
LS000075,2025-04-08,Meghalaya,East Khasi Hills,25.4404,91.8845,6.0,1455,32.1,Sandstone_Silt,0,NONE,0,0.0
LS000076,2025-04-08,Meghalaya,West Khasi Hills,25.4516,91.3486,0.7,1249,26.6,Red_Loam,0,NONE,0,0.0
LS000077,2025-04-08,Meghalaya,Ri-Bhoi,25.8695,91.8136,2.2,498,18.8,Laterite_Clay,0,NONE,0,0.0
LS000078,2025-04-08,Meghalaya,West Jaintia Hills,25.4924,92.1699,5.9,1377,26.2,Limestone_Clay,0,NONE,0,0.0
LS000079,2025-04-09,Sikkim,East Sikkim,27.2235,88.7476,1.6,1612,42.4,Loose_Phyllite,0,NONE,0,0.0
LS000080,2025-04-09,Sikkim,North Sikkim,27.3615,88.579,3.9,2434,49.6,Schist_Shale,0,NONE,0,0.0
LS000081,2025-04-09,Sikkim,South Sikkim,27.2019,88.3534,2.8,1289,38.2,Loose_Phyllite,0,NONE,0,0.0
LS000082,2025-04-09,Nagaland,Kohima,25.5384,94.0894,13.8,1446,37.9,Disang_Shale,0,NONE,0,0.0
LS000083,2025-04-09,Nagaland,Dimapur,25.9726,93.8001,10.0,220,2.3,Alluvial_Sandy_Loam,0,NONE,0,0.0
LS000084,2025-04-09,Nagaland,Mokokchung,26.4597,94.6462,11.4,1339,30.1,Disang_Shale,0,NONE,0,0.0
LS000085,2025-04-09,Manipur,Imphal West,24.8829,93.8769,5.1,764,3.0,Lacustrine_Alluvium,0,NONE,0,0.0
LS000086,2025-04-09,Manipur,Bishnupur,24.6916,93.7808,8.5,734,3.1,Lacustrine_Alluvium,0,NONE,0,0.0
LS000087,2025-04-09,Manipur,Senapati,25.3132,94.1308,12.0,1268,29.8,Clayey_Loam,0,NONE,0,0.0
LS000088,2025-04-09,Mizoram,Aizawl,23.8272,92.6588,7.9,1096,32.6,Siltstone_Shale,0,NONE,0,0.0
LS000089,2025-04-10,Mizoram,Kolasib,24.2664,92.6695,3.7,606,25.4,Red_Loam,0,NONE,0,0.0
LS000090,2025-04-10,Mizoram,Lunglei,22.9681,92.8779,2.7,1054,29.8,Siltstone_Shale,0,NONE,0,0.0
LS000091,2025-04-10,Tripura,West Tripura,23.8361,91.3267,4.1,20,0.4,Sandy_Clay,0,NONE,0,0.0
LS000092,2025-04-10,Tripura,Sipahijala,23.5555,91.2551,3.9,75,1.5,Sandy_Clay,0,NONE,0,0.0
LS000093,2025-04-10,Tripura,Dhalai,23.7735,91.8425,13.4,188,13.3,Red_Laterite,0,NONE,0,0.0
LS000094,2025-04-10,Arunachal Pradesh,Tawang,27.7019,91.8821,3.8,2931,45.5,Gneissic_Debris,0,NONE,0,0.0
LS000095,2025-04-10,Arunachal Pradesh,West Kameng,27.1877,92.4627,0.5,2140,40.0,Schist_Shale,0,NONE,0,0.0
LS000096,2025-04-10,Arunachal Pradesh,Papum Pare,27.216,93.7001,9.1,288,16.9,Colluvial_Soil,0,NONE,0,0.0
LS000097,2025-04-10,Arunachal Pradesh,East Siang,28.0714,95.1911,3.0,126,11.3,Alluvial_Gravel,0,NONE,0,0.0
LS000098,2025-04-10,Arunachal Pradesh,Lower Subansiri,27.44,93.8194,4.9,1567,34.8,Schist_Shale,0,NONE,0,0.0
LS000099,2025-04-11,Assam,Kamrup Metropolitan,26.2795,91.8536,5.7,73,2.8,Alluvial_Clay,0,NONE,0,0.0
LS000100,2025-04-11,Assam,Kamrup Rural,26.163,91.6841,7.3,55,2.9,Alluvial_Silt,0,NONE,0,0.0
LS000101,2025-04-11,Assam,Darrang,26.4444,91.9588,9.7,23,2.8,Brahmaputra_Sand_Silt,0,NONE,0,0.0
LS000102,2025-04-11,Assam,Sonitpur,26.7171,92.788,11.8,48,1.0,Alluvial_Silt,0,NONE,0,0.0
LS000103,2025-04-11,Assam,Dibrugarh,27.4085,94.8435,4.7,88,2.8,Alluvial_Clay,0,NONE,0,0.0
LS000104,2025-04-11,Assam,Cachar,24.7285,92.7438,0.4,20,2.8,Barak_Valley_Alluvium,0,NONE,0,0.0
LS000105,2025-04-11,Assam,Nagaon,26.3175,92.6968,12.7,57,0.4,Alluvial_Clay,0,NONE,0,0.0
LS000106,2025-04-11,Meghalaya,East Khasi Hills,25.5456,91.9742,8.0,1519,28.1,Sandstone_Silt,0,NONE,0,0.0
LS000107,2025-04-11,Meghalaya,West Khasi Hills,25.5327,91.2531,4.6,1340,27.3,Red_Loam,0,NONE,0,0.0
LS000108,2025-04-11,Meghalaya,Ri-Bhoi,26.006,92.016,8.0,543,16.7,Laterite_Clay,0,NONE,0,0.0
LS000109,2025-04-12,Meghalaya,West Jaintia Hills,25.54,92.3193,10.6,1332,24.6,Limestone_Clay,0,NONE,0,0.0
LS000110,2025-04-12,Sikkim,East Sikkim,27.1976,88.5573,11.8,1676,43.5,Loose_Phyllite,0,NONE,0,0.0
LS000111,2025-04-12,Sikkim,North Sikkim,27.6022,88.6759,12.0,2469,48.7,Schist_Shale,0,NONE,0,0.0
LS000112,2025-04-12,Sikkim,South Sikkim,27.1976,88.3989,5.7,1250,36.9,Loose_Phyllite,0,NONE,0,0.0
LS000113,2025-04-12,Nagaland,Kohima,25.6636,93.9737,9.5,1428,34.9,Disang_Shale,0,NONE,0,0.0
LS000114,2025-04-12,Nagaland,Dimapur,25.8581,93.8414,11.8,170,5.1,Alluvial_Sandy_Loam,0,NONE,0,0.0
LS000115,2025-04-12,Nagaland,Mokokchung,26.2507,94.3946,5.9,1262,32.2,Disang_Shale,0,NONE,0,0.0
LS000116,2025-04-12,Manipur,Imphal West,24.9526,93.8541,12.8,733,3.6,Lacustrine_Alluvium,0,NONE,0,0.0
LS000117,2025-04-12,Manipur,Bishnupur,24.7087,93.8994,2.2,735,5.2,Lacustrine_Alluvium,0,NONE,0,0.0
LS000118,2025-04-12,Manipur,Senapati,25.1816,94.0021,9.4,1204,29.8,Clayey_Loam,0,NONE,0,0.0
LS000119,2025-04-13,Mizoram,Aizawl,23.7869,92.7977,5.0,1091,33.5,Siltstone_Shale,0,NONE,0,0.0
LS000120,2025-04-13,Mizoram,Kolasib,24.2855,92.7633,4.8,570,26.8,Red_Loam,0,NONE,0,0.0
LS000121,2025-04-13,Mizoram,Lunglei,22.7377,92.6836,3.8,1046,33.5,Siltstone_Shale,0,NONE,0,0.0
LS000122,2025-04-13,Tripura,West Tripura,23.9639,91.1963,2.1,50,3.1,Sandy_Clay,0,NONE,0,0.0
LS000123,2025-04-13,Tripura,Sipahijala,23.5156,91.3937,7.0,80,3.9,Sandy_Clay,0,NONE,0,0.0
LS000124,2025-04-13,Tripura,Dhalai,23.9389,91.8698,4.8,85,11.2,Red_Laterite,0,NONE,0,0.0
LS000125,2025-04-13,Arunachal Pradesh,Tawang,27.5473,91.8612,11.9,2883,42.1,Gneissic_Debris,0,NONE,0,0.0
LS000126,2025-04-13,Arunachal Pradesh,West Kameng,27.2616,92.396,4.6,2186,38.7,Schist_Shale,0,NONE,0,0.0
LS000127,2025-04-13,Arunachal Pradesh,Papum Pare,27.1626,93.5972,5.8,353,18.6,Colluvial_Soil,0,NONE,0,0.0
LS000128,2025-04-13,Arunachal Pradesh,East Siang,28.1008,95.4519,9.0,194,9.1,Alluvial_Gravel,0,NONE,0,0.0
LS000129,2025-04-14,Arunachal Pradesh,Lower Subansiri,27.6193,93.7605,5.8,1609,31.1,Schist_Shale,0,NONE,0,0.0
LS000130,2025-04-14,Assam,Kamrup Metropolitan,26.0782,91.7214,0.4,91,1.0,Alluvial_Clay,0,NONE,0,0.0
LS000131,2025-04-14,Assam,Kamrup Rural,26.1487,91.4206,2.6,106,0.4,Alluvial_Silt,0,NONE,0,0.0
LS000132,2025-04-14,Assam,Darrang,26.4084,91.9585,9.6,27,3.0,Brahmaputra_Sand_Silt,0,NONE,0,0.0
LS000133,2025-04-14,Assam,Sonitpur,26.5667,92.6456,1.9,42,0.4,Alluvial_Silt,0,NONE,0,0.0
LS000134,2025-04-14,Assam,Dibrugarh,27.4694,94.9894,10.6,136,0.7,Alluvial_Clay,0,NONE,0,0.0
LS000135,2025-04-14,Assam,Cachar,24.8178,92.6341,4.6,20,0.4,Barak_Valley_Alluvium,0,NONE,0,0.0
LS000136,2025-04-14,Assam,Nagaon,26.2871,92.7085,12.3,64,1.3,Alluvial_Clay,0,NONE,0,0.0
LS000137,2025-04-14,Meghalaya,East Khasi Hills,25.7278,91.9084,2.0,1475,31.5,Sandstone_Silt,0,NONE,0,0.0
LS000138,2025-04-14,Meghalaya,West Khasi Hills,25.4354,91.1462,2.2,1244,27.1,Red_Loam,0,NONE,0,0.0
LS000139,2025-04-15,Meghalaya,Ri-Bhoi,26.0353,91.937,11.5,514,15.1,Laterite_Clay,0,NONE,0,0.0
LS000140,2025-04-15,Meghalaya,West Jaintia Hills,25.5174,92.343,10.6,1337,26.5,Limestone_Clay,0,NONE,0,0.0
LS000141,2025-04-15,Sikkim,East Sikkim,27.4387,88.5454,3.1,1636,40.4,Loose_Phyllite,0,NONE,0,0.0
LS000142,2025-04-15,Sikkim,North Sikkim,27.5102,88.4823,10.9,2396,48.8,Schist_Shale,0,NONE,0,0.0
LS000143,2025-04-15,Sikkim,South Sikkim,27.0579,88.4605,12.6,1302,34.2,Loose_Phyllite,0,NONE,0,0.0
LS000144,2025-04-15,Nagaland,Kohima,25.6104,94.1022,5.2,1423,34.2,Disang_Shale,0,NONE,0,0.0
LS000145,2025-04-15,Nagaland,Dimapur,26.0391,93.7208,5.3,240,1.6,Alluvial_Sandy_Loam,0,NONE,0,0.0
LS000146,2025-04-15,Nagaland,Mokokchung,26.3481,94.5759,5.2,1279,29.2,Disang_Shale,0,NONE,0,0.0
LS000147,2025-04-15,Manipur,Imphal West,24.7582,94.085,10.5,740,2.5,Lacustrine_Alluvium,0,NONE,0,0.0
LS000148,2025-04-15,Manipur,Bishnupur,24.6612,93.8,1.8,809,3.6,Lacustrine_Alluvium,0,NONE,0,0.0
LS000149,2025-04-16,Manipur,Senapati,25.2428,94.118,2.6,1244,28.5,Clayey_Loam,0,NONE,0,0.0
LS000150,2025-04-16,Mizoram,Aizawl,23.76,92.7896,8.2,1167,31.5,Siltstone_Shale,0,NONE,0,0.0
LS000151,2025-04-16,Mizoram,Kolasib,24.2681,92.5771,6.7,572,24.8,Red_Loam,0,NONE,0,0.0
LS000152,2025-04-16,Mizoram,Lunglei,22.8526,92.7968,10.9,1020,30.5,Siltstone_Shale,0,NONE,0,0.0
LS000153,2025-04-16,Tripura,West Tripura,23.8936,91.3477,3.5,33,0.4,Sandy_Clay,0,NONE,0,0.0
LS000154,2025-04-16,Tripura,Sipahijala,23.5644,91.3994,8.4,47,3.8,Sandy_Clay,0,NONE,0,0.0
LS000155,2025-04-16,Tripura,Dhalai,23.8275,91.8634,9.1,162,10.2,Red_Laterite,0,NONE,0,0.0
LS000156,2025-04-16,Arunachal Pradesh,Tawang,27.4788,91.7273,13.4,2941,43.5,Gneissic_Debris,0,NONE,0,0.0
LS000157,2025-04-16,Arunachal Pradesh,West Kameng,27.2853,92.3525,1.0,2155,37.8,Schist_Shale,0,NONE,0,0.0
LS000158,2025-04-16,Arunachal Pradesh,Papum Pare,27.0712,93.5483,11.8,329,18.5,Colluvial_Soil,0,NONE,0,0.0
LS000159,2025-04-17,Arunachal Pradesh,East Siang,27.928,95.3056,4.2,136,9.7,Alluvial_Gravel,0,NONE,0,0.0
LS000160,2025-04-17,Arunachal Pradesh,Lower Subansiri,27.4687,93.8823,9.9,1610,32.8,Schist_Shale,0,NONE,0,0.0
LS000161,2025-04-17,Assam,Kamrup Metropolitan,26.2944,91.7879,13.9,29,1.6,Alluvial_Clay,0,NONE,0,0.0
LS000162,2025-04-17,Assam,Kamrup Rural,26.0876,91.5677,1.8,54,3.0,Alluvial_Silt,0,NONE,0,0.0
LS000163,2025-04-17,Assam,Darrang,26.4776,92.0714,9.1,54,3.4,Brahmaputra_Sand_Silt,0,NONE,0,0.0
LS000164,2025-04-17,Assam,Sonitpur,26.6063,92.7389,8.8,31,3.9,Alluvial_Silt,0,NONE,0,0.0
LS000165,2025-04-17,Assam,Dibrugarh,27.5309,94.8485,6.7,168,0.4,Alluvial_Clay,0,NONE,0,0.0
LS000166,2025-04-17,Assam,Cachar,24.6943,92.6553,4.3,20,0.9,Barak_Valley_Alluvium,0,NONE,0,0.0
LS000167,2025-04-17,Assam,Nagaon,26.3165,92.6884,9.2,20,1.8,Alluvial_Clay,0,NONE,0,0.0
LS000168,2025-04-17,Meghalaya,East Khasi Hills,25.5528,91.7996,2.8,1476,31.1,Sandstone_Silt,0,NONE,0,0.0
LS000169,2025-04-18,Meghalaya,West Khasi Hills,25.4926,91.1255,10.7,1254,28.2,Red_Loam,0,NONE,0,0.0
LS000170,2025-04-18,Meghalaya,Ri-Bhoi,25.8814,91.9395,10.1,505,14.1,Laterite_Clay,0,NONE,0,0.0
LS000171,2025-04-18,Meghalaya,West Jaintia Hills,25.5398,92.2629,11.3,1309,26.3,Limestone_Clay,0,NONE,0,0.0
LS000172,2025-04-18,Sikkim,East Sikkim,27.2169,88.7542,6.9,1706,40.1,Loose_Phyllite,0,NONE,0,0.0
LS000173,2025-04-18,Sikkim,North Sikkim,27.5443,88.4462,0.9,2509,49.6,Schist_Shale,0,NONE,0,0.0
LS000174,2025-04-18,Sikkim,South Sikkim,27.102,88.4504,1.0,1300,34.9,Loose_Phyllite,0,NONE,0,0.0
LS000175,2025-04-18,Nagaland,Kohima,25.6402,94.2352,6.8,1445,37.0,Disang_Shale,0,NONE,0,0.0
LS000176,2025-04-18,Nagaland,Dimapur,25.7777,93.8093,2.7,244,3.4,Alluvial_Sandy_Loam,0,NONE,0,0.0
LS000177,2025-04-18,Nagaland,Mokokchung,26.3273,94.6162,7.6,1296,32.1,Disang_Shale,0,NONE,0,0.0
LS000178,2025-04-18,Manipur,Imphal West,24.841,93.9848,11.2,835,0.4,Lacustrine_Alluvium,0,NONE,0,0.0
LS000179,2025-04-19,Manipur,Bishnupur,24.5859,93.7801,11.5,779,2.9,Lacustrine_Alluvium,0,NONE,0,0.0
LS000180,2025-04-19,Manipur,Senapati,25.3709,94.1542,4.5,1220,29.9,Clayey_Loam,0,NONE,0,0.0
LS000181,2025-04-19,Mizoram,Aizawl,23.8098,92.5807,10.0,1165,32.9,Siltstone_Shale,0,NONE,0,0.0
LS000182,2025-04-19,Mizoram,Kolasib,24.1844,92.8265,2.2,651,26.1,Red_Loam,0,NONE,0,0.0
LS000183,2025-04-19,Mizoram,Lunglei,22.8786,92.6011,9.6,1024,33.8,Siltstone_Shale,0,NONE,0,0.0
LS000184,2025-04-19,Tripura,West Tripura,23.7116,91.3903,5.5,20,2.2,Sandy_Clay,0,NONE,0,0.0
LS000185,2025-04-19,Tripura,Sipahijala,23.7017,91.285,8.4,55,5.3,Sandy_Clay,0,NONE,0,0.0
LS000186,2025-04-19,Tripura,Dhalai,23.9345,91.7795,8.5,159,13.0,Red_Laterite,0,NONE,0,0.0
LS000187,2025-04-19,Arunachal Pradesh,Tawang,27.6916,91.9651,11.8,2949,44.7,Gneissic_Debris,0,NONE,0,0.0
LS000188,2025-04-19,Arunachal Pradesh,West Kameng,27.3025,92.5321,2.4,2202,39.9,Schist_Shale,0,NONE,0,0.0
LS000189,2025-04-20,Arunachal Pradesh,Papum Pare,26.9709,93.6559,9.7,377,17.4,Colluvial_Soil,0,NONE,0,0.0
LS000190,2025-04-20,Arunachal Pradesh,East Siang,27.9431,95.4695,11.4,192,9.9,Alluvial_Gravel,0,NONE,0,0.0
LS000191,2025-04-20,Arunachal Pradesh,Lower Subansiri,27.5331,93.8882,11.2,1615,30.0,Schist_Shale,0,NONE,0,0.0
LS000192,2025-04-20,Assam,Kamrup Metropolitan,26.0113,91.6937,11.2,50,0.4,Alluvial_Clay,0,NONE,0,0.0
LS000193,2025-04-20,Assam,Kamrup Rural,26.2048,91.6498,6.7,20,0.4,Alluvial_Silt,0,NONE,0,0.0
LS000194,2025-04-20,Assam,Darrang,26.4168,92.0859,12.1,55,3.2,Brahmaputra_Sand_Silt,0,NONE,0,0.0
LS000195,2025-04-20,Assam,Sonitpur,26.6221,92.7188,0.9,50,2.9,Alluvial_Silt,0,NONE,0,0.0
LS000196,2025-04-20,Assam,Dibrugarh,27.4624,94.8483,12.3,117,0.4,Alluvial_Clay,0,NONE,0,0.0
LS000197,2025-04-20,Assam,Cachar,24.787,92.8052,10.6,46,4.1,Barak_Valley_Alluvium,0,NONE,0,0.0
LS000198,2025-04-20,Assam,Nagaon,26.3323,92.6246,7.5,53,2.8,Alluvial_Clay,0,NONE,0,0.0
LS000199,2025-04-21,Meghalaya,East Khasi Hills,25.5432,91.851,7.2,1467,33.0,Sandstone_Silt,0,NONE,0,0.0
LS000200,2025-04-21,Meghalaya,West Khasi Hills,25.6534,91.3075,11.6,1255,25.5,Red_Loam,0,NONE,0,0.0
LS000201,2025-04-21,Meghalaya,Ri-Bhoi,25.9835,92.0221,11.7,606,17.0,Laterite_Clay,0,NONE,0,0.0
LS000202,2025-04-21,Meghalaya,West Jaintia Hills,25.5712,92.1359,2.3,1372,24.7,Limestone_Clay,0,NONE,0,0.0
LS000203,2025-04-21,Sikkim,East Sikkim,27.2546,88.5135,2.2,1622,42.9,Loose_Phyllite,0,NONE,0,0.0
LS000204,2025-04-21,Sikkim,North Sikkim,27.5478,88.6515,12.0,2470,46.5,Schist_Shale,0,NONE,0,0.0
LS000205,2025-04-21,Sikkim,South Sikkim,27.0318,88.4366,0.6,1244,36.6,Loose_Phyllite,0,NONE,0,0.0
LS000206,2025-04-21,Nagaland,Kohima,25.5521,94.0471,3.6,1475,35.4,Disang_Shale,0,NONE,0,0.0
LS000207,2025-04-21,Nagaland,Dimapur,25.9928,93.8404,8.5,181,4.0,Alluvial_Sandy_Loam,0,NONE,0,0.0
LS000208,2025-04-21,Nagaland,Mokokchung,26.4241,94.4471,1.7,1365,33.2,Disang_Shale,0,NONE,0,0.0
LS000209,2025-04-22,Manipur,Imphal West,24.7555,94.0479,4.0,827,0.4,Lacustrine_Alluvium,0,NONE,0,0.0
LS000210,2025-04-22,Manipur,Bishnupur,24.5246,93.9045,1.7,820,4.4,Lacustrine_Alluvium,0,NONE,0,0.0
LS000211,2025-04-22,Manipur,Senapati,25.2292,94.1137,1.4,1261,28.8,Clayey_Loam,0,NONE,0,0.0
LS000212,2025-04-22,Mizoram,Aizawl,23.5813,92.7286,9.0,1128,32.3,Siltstone_Shale,0,NONE,0,0.0
LS000213,2025-04-22,Mizoram,Kolasib,24.1486,92.6443,5.1,631,26.7,Red_Loam,0,NONE,0,0.0
LS000214,2025-04-22,Mizoram,Lunglei,22.8001,92.5975,10.2,1073,33.7,Siltstone_Shale,0,NONE,0,0.0
LS000215,2025-04-22,Tripura,West Tripura,23.8645,91.3311,8.0,56,3.7,Sandy_Clay,0,NONE,0,0.0
LS000216,2025-04-22,Tripura,Sipahijala,23.5757,91.2845,7.9,20,0.7,Sandy_Clay,0,NONE,0,0.0
LS000217,2025-04-22,Tripura,Dhalai,23.9988,91.7348,4.5,110,13.9,Red_Laterite,0,NONE,0,0.0
LS000218,2025-04-22,Arunachal Pradesh,Tawang,27.5722,91.9105,10.3,2935,45.5,Gneissic_Debris,0,NONE,0,0.0
LS000219,2025-04-23,Arunachal Pradesh,West Kameng,27.2907,92.4839,4.2,2253,37.6,Schist_Shale,0,NONE,0,0.0
LS000220,2025-04-23,Arunachal Pradesh,Papum Pare,27.0972,93.589,12.3,295,16.2,Colluvial_Soil,0,NONE,0,0.0
LS000221,2025-04-23,Arunachal Pradesh,East Siang,28.049,95.4612,5.2,204,8.5,Alluvial_Gravel,0,NONE,0,0.0
LS000222,2025-04-23,Arunachal Pradesh,Lower Subansiri,27.5102,93.9505,11.2,1582,31.7,Schist_Shale,0,NONE,0,0.0
LS000223,2025-04-23,Assam,Kamrup Metropolitan,26.0514,91.6228,0.4,103,2.8,Alluvial_Clay,0,NONE,0,0.0
LS000224,2025-04-23,Assam,Kamrup Rural,26.0986,91.6038,9.8,20,0.4,Alluvial_Silt,0,NONE,0,0.0
LS000225,2025-04-23,Assam,Darrang,26.5986,92.1171,2.6,20,0.4,Brahmaputra_Sand_Silt,0,NONE,0,0.0
LS000226,2025-04-23,Assam,Sonitpur,26.5459,92.7074,13.5,129,0.8,Alluvial_Silt,0,NONE,0,0.0
LS000227,2025-04-23,Assam,Dibrugarh,27.5594,94.9408,8.7,83,2.6,Alluvial_Clay,0,NONE,0,0.0
LS000228,2025-04-23,Assam,Cachar,24.7223,92.7041,9.6,20,0.4,Barak_Valley_Alluvium,0,NONE,0,0.0
LS000229,2025-04-24,Assam,Nagaon,26.2347,92.6415,10.7,104,0.4,Alluvial_Clay,0,NONE,0,0.0
LS000230,2025-04-24,Meghalaya,East Khasi Hills,25.4811,91.759,8.3,1524,30.1,Sandstone_Silt,0,NONE,0,0.0
LS000231,2025-04-24,Meghalaya,West Khasi Hills,25.3791,91.2445,4.6,1266,28.1,Red_Loam,0,NONE,0,0.0
LS000232,2025-04-24,Meghalaya,Ri-Bhoi,25.9012,92.0136,8.0,495,17.6,Laterite_Clay,0,NONE,0,0.0
LS000233,2025-04-24,Meghalaya,West Jaintia Hills,25.4977,92.1405,5.5,1352,28.3,Limestone_Clay,0,NONE,0,0.0
LS000234,2025-04-24,Sikkim,East Sikkim,27.3326,88.577,10.1,1677,40.0,Loose_Phyllite,0,NONE,0,0.0
LS000235,2025-04-24,Sikkim,North Sikkim,27.4831,88.6698,12.4,2431,49.0,Schist_Shale,0,NONE,0,0.0
LS000236,2025-04-24,Sikkim,South Sikkim,27.1025,88.3899,13.0,1310,37.3,Loose_Phyllite,0,NONE,0,0.0
LS000237,2025-04-24,Nagaland,Kohima,25.7043,94.0471,4.4,1444,36.3,Disang_Shale,0,NONE,0,0.0
LS000238,2025-04-24,Nagaland,Dimapur,25.9673,93.8333,6.6,218,5.7,Alluvial_Sandy_Loam,0,NONE,0,0.0
LS000239,2025-04-25,Nagaland,Mokokchung,26.4346,94.499,6.1,1373,29.6,Disang_Shale,0,NONE,0,0.0
LS000240,2025-04-25,Manipur,Imphal West,24.803,93.9116,0.0,737,1.3,Lacustrine_Alluvium,0,NONE,0,0.0
LS000241,2025-04-25,Manipur,Bishnupur,24.5589,93.9006,7.1,797,5.6,Lacustrine_Alluvium,0,NONE,0,0.0
LS000242,2025-04-25,Manipur,Senapati,25.3595,93.888,13.2,1202,30.7,Clayey_Loam,0,NONE,0,0.0
LS000243,2025-04-25,Mizoram,Aizawl,23.6161,92.5856,1.5,1141,33.3,Siltstone_Shale,0,NONE,0,0.0
LS000244,2025-04-25,Mizoram,Kolasib,24.1932,92.7921,7.6,670,25.8,Red_Loam,0,NONE,0,0.0
LS000245,2025-04-25,Mizoram,Lunglei,22.9463,92.8805,0.5,1036,30.6,Siltstone_Shale,0,NONE,0,0.0
LS000246,2025-04-25,Tripura,West Tripura,23.8337,91.1832,9.3,36,0.7,Sandy_Clay,0,NONE,0,0.0
LS000247,2025-04-25,Tripura,Sipahijala,23.7386,91.2723,13.7,69,1.9,Sandy_Clay,0,NONE,0,0.0
LS000248,2025-04-25,Tripura,Dhalai,23.8287,91.8683,12.3,178,13.6,Red_Laterite,0,NONE,0,0.0
LS000249,2025-04-26,Arunachal Pradesh,Tawang,27.6289,91.7173,4.8,2958,45.3,Gneissic_Debris,0,NONE,0,0.0
LS000250,2025-04-26,Arunachal Pradesh,West Kameng,27.1232,92.3479,12.9,2237,37.0,Schist_Shale,0,NONE,0,0.0
LS000251,2025-04-26,Arunachal Pradesh,Papum Pare,26.9522,93.7276,7.0,332,19.3,Colluvial_Soil,0,NONE,0,0.0
LS000252,2025-04-26,Arunachal Pradesh,East Siang,28.1383,95.4675,9.7,106,10.4,Alluvial_Gravel,0,NONE,0,0.0
LS000253,2025-04-26,Arunachal Pradesh,Lower Subansiri,27.5259,93.7823,7.4,1547,31.5,Schist_Shale,0,NONE,0,0.0
LS000254,2025-04-26,Assam,Kamrup Metropolitan,26.2769,91.7651,7.3,108,0.4,Alluvial_Clay,0,NONE,0,0.0
LS000255,2025-04-26,Assam,Kamrup Rural,26.2204,91.6142,5.6,32,0.6,Alluvial_Silt,0,NONE,0,0.0
LS000256,2025-04-26,Assam,Darrang,26.4841,92.0053,10.5,20,2.4,Brahmaputra_Sand_Silt,0,NONE,0,0.0
LS000257,2025-04-26,Assam,Sonitpur,26.6128,92.7276,12.4,104,2.6,Alluvial_Silt,0,NONE,0,0.0
LS000258,2025-04-26,Assam,Dibrugarh,27.4153,94.8282,11.3,124,0.4,Alluvial_Clay,0,NONE,0,0.0
LS000259,2025-04-27,Assam,Cachar,24.9669,92.8591,0.1,62,0.6,Barak_Valley_Alluvium,0,NONE,0,0.0
LS000260,2025-04-27,Assam,Nagaon,26.1975,92.7581,4.6,26,0.4,Alluvial_Clay,0,NONE,0,0.0
LS000261,2025-04-27,Meghalaya,East Khasi Hills,25.4978,91.9109,4.9,1515,32.0,Sandstone_Silt,0,NONE,0,0.0
LS000262,2025-04-27,Meghalaya,West Khasi Hills,25.6185,91.1227,6.2,1222,27.8,Red_Loam,0,NONE,0,0.0
LS000263,2025-04-27,Meghalaya,Ri-Bhoi,25.8439,91.8588,1.0,541,17.5,Laterite_Clay,0,NONE,0,0.0
LS000264,2025-04-27,Meghalaya,West Jaintia Hills,25.3346,92.0563,1.0,1311,24.4,Limestone_Clay,0,NONE,0,0.0
LS000265,2025-04-27,Sikkim,East Sikkim,27.3269,88.6634,2.8,1636,39.9,Loose_Phyllite,0,NONE,0,0.0
LS000266,2025-04-27,Sikkim,North Sikkim,27.423,88.5767,6.6,2457,46.4,Schist_Shale,0,NONE,0,0.0
LS000267,2025-04-27,Sikkim,South Sikkim,27.2437,88.2665,4.2,1339,34.5,Loose_Phyllite,0,NONE,0,0.0
LS000268,2025-04-27,Nagaland,Kohima,25.5593,94.1116,9.7,1495,37.2,Disang_Shale,0,NONE,0,0.0
LS000269,2025-04-28,Nagaland,Dimapur,26.0443,93.7711,3.9,153,2.5,Alluvial_Sandy_Loam,0,NONE,0,0.0
LS000270,2025-04-28,Nagaland,Mokokchung,26.2342,94.5507,8.5,1357,32.3,Disang_Shale,0,NONE,0,0.0
LS000271,2025-04-28,Manipur,Imphal West,24.9524,93.9752,3.8,784,3.5,Lacustrine_Alluvium,0,NONE,0,0.0
LS000272,2025-04-28,Manipur,Bishnupur,24.6171,93.8917,4.2,782,4.2,Lacustrine_Alluvium,0,NONE,0,0.0
LS000273,2025-04-28,Manipur,Senapati,25.207,94.1513,13.8,1230,27.8,Clayey_Loam,0,NONE,0,0.0
LS000274,2025-04-28,Mizoram,Aizawl,23.7098,92.6584,9.5,1105,33.5,Siltstone_Shale,0,NONE,0,0.0
LS000275,2025-04-28,Mizoram,Kolasib,24.0923,92.6685,0.0,554,22.3,Red_Loam,0,NONE,0,0.0
LS000276,2025-04-28,Mizoram,Lunglei,22.753,92.8493,13.6,1069,29.5,Siltstone_Shale,0,NONE,0,0.0
LS000277,2025-04-28,Tripura,West Tripura,23.7968,91.3109,12.2,76,3.3,Sandy_Clay,0,NONE,0,0.0
LS000278,2025-04-28,Tripura,Sipahijala,23.7577,91.3335,6.4,20,2.1,Sandy_Clay,0,NONE,0,0.0
LS000279,2025-04-29,Tripura,Dhalai,23.7453,91.7186,0.9,93,13.6,Red_Laterite,0,NONE,0,0.0
LS000280,2025-04-29,Arunachal Pradesh,Tawang,27.7308,91.7347,7.0,2922,42.9,Gneissic_Debris,0,NONE,0,0.0
LS000281,2025-04-29,Arunachal Pradesh,West Kameng,27.2458,92.3977,7.2,2206,38.5,Schist_Shale,0,NONE,0,0.0
LS000282,2025-04-29,Arunachal Pradesh,Papum Pare,27.2258,93.5828,12.5,359,17.7,Colluvial_Soil,0,NONE,0,0.0
LS000283,2025-04-29,Arunachal Pradesh,East Siang,28.1528,95.3702,6.4,103,8.3,Alluvial_Gravel,0,NONE,0,0.0
LS000284,2025-04-29,Arunachal Pradesh,Lower Subansiri,27.516,93.7556,0.0,1609,33.2,Schist_Shale,0,NONE,0,0.0
LS000285,2025-04-29,Assam,Kamrup Metropolitan,26.2565,91.6862,1.3,69,2.0,Alluvial_Clay,0,NONE,0,0.0
LS000286,2025-04-29,Assam,Kamrup Rural,26.1281,91.6088,10.9,82,0.4,Alluvial_Silt,0,NONE,0,0.0
LS000287,2025-04-29,Assam,Darrang,26.5834,91.9739,11.7,40,1.8,Brahmaputra_Sand_Silt,0,NONE,0,0.0
LS000288,2025-04-29,Assam,Sonitpur,26.5221,92.8534,1.7,112,4.6,Alluvial_Silt,0,NONE,0,0.0
LS000289,2025-04-30,Assam,Dibrugarh,27.3508,94.9631,11.6,113,0.4,Alluvial_Clay,0,NONE,0,0.0
LS000290,2025-04-30,Assam,Cachar,24.7374,92.6932,11.2,63,1.7,Barak_Valley_Alluvium,0,NONE,0,0.0
LS000291,2025-04-30,Assam,Nagaon,26.2365,92.5571,6.3,112,2.4,Alluvial_Clay,0,NONE,0,0.0
LS000292,2025-04-30,Meghalaya,East Khasi Hills,25.5907,91.9649,8.3,1497,28.2,Sandstone_Silt,0,NONE,0,0.0
LS000293,2025-04-30,Meghalaya,West Khasi Hills,25.5899,91.1493,10.5,1268,26.3,Red_Loam,0,NONE,0,0.0
LS000294,2025-04-30,Meghalaya,Ri-Bhoi,25.9579,91.9174,4.2,605,14.8,Laterite_Clay,0,NONE,0,0.0
LS000295,2025-04-30,Meghalaya,West Jaintia Hills,25.4233,92.2529,7.1,1300,28.3,Limestone_Clay,0,NONE,0,0.0
LS000296,2025-04-30,Sikkim,East Sikkim,27.4146,88.6916,6.7,1619,42.2,Loose_Phyllite,0,NONE,0,0.0
LS000297,2025-04-30,Sikkim,North Sikkim,27.5926,88.5407,9.4,2496,47.0,Schist_Shale,0,NONE,0,0.0
LS000298,2025-04-30,Sikkim,South Sikkim,27.1911,88.3322,13.0,1338,35.1,Loose_Phyllite,0,NONE,0,0.0
LS000299,2025-05-01,Nagaland,Kohima,25.6833,94.2485,10.7,1484,34.3,Disang_Shale,0,NONE,0,0.0
LS000300,2025-05-01,Nagaland,Dimapur,26.0187,93.5932,11.9,196,5.7,Alluvial_Sandy_Loam,0,NONE,0,0.0
LS000301,2025-05-01,Nagaland,Mokokchung,26.2058,94.6238,8.3,1368,29.1,Disang_Shale,0,NONE,0,0.0
LS000302,2025-05-01,Manipur,Imphal West,24.7151,93.9216,13.0,790,0.4,Lacustrine_Alluvium,0,NONE,0,0.0
LS000303,2025-05-01,Manipur,Bishnupur,24.7663,93.6811,5.9,767,5.4,Lacustrine_Alluvium,0,NONE,0,0.0
LS000304,2025-05-01,Manipur,Senapati,25.2345,93.9789,13.6,1237,28.2,Clayey_Loam,0,NONE,0,0.0
LS000305,2025-05-01,Mizoram,Aizawl,23.6896,92.5761,2.4,1189,31.0,Siltstone_Shale,0,NONE,0,0.0
LS000306,2025-05-01,Mizoram,Kolasib,24.1706,92.5738,11.8,554,23.4,Red_Loam,0,NONE,0,0.0
LS000307,2025-05-01,Mizoram,Lunglei,22.9388,92.6316,8.4,1050,31.3,Siltstone_Shale,0,NONE,0,0.0
LS000308,2025-05-01,Tripura,West Tripura,23.9533,91.1425,13.7,20,3.8,Sandy_Clay,0,NONE,0,0.0
LS000309,2025-05-02,Tripura,Sipahijala,23.7032,91.3203,9.1,20,4.4,Sandy_Clay,0,NONE,0,0.0
LS000310,2025-05-02,Tripura,Dhalai,23.7366,91.7715,2.8,161,13.5,Red_Laterite,0,NONE,0,0.0
LS000311,2025-05-02,Arunachal Pradesh,Tawang,27.4694,91.9809,8.4,2916,44.7,Gneissic_Debris,0,NONE,0,0.0
LS000312,2025-05-02,Arunachal Pradesh,West Kameng,27.287,92.4815,12.2,2177,37.6,Schist_Shale,0,NONE,0,0.0
LS000313,2025-05-02,Arunachal Pradesh,Papum Pare,27.0226,93.5916,4.1,345,19.3,Colluvial_Soil,0,NONE,0,0.0
LS000314,2025-05-02,Arunachal Pradesh,East Siang,28.0242,95.462,10.8,164,9.2,Alluvial_Gravel,0,NONE,0,0.0
LS000315,2025-05-02,Arunachal Pradesh,Lower Subansiri,27.5662,93.7971,8.6,1560,30.1,Schist_Shale,0,NONE,0,0.0
LS000316,2025-05-02,Assam,Kamrup Metropolitan,26.1065,91.8104,7.0,40,2.6,Alluvial_Clay,0,NONE,0,0.0
LS000317,2025-05-02,Assam,Kamrup Rural,26.2549,91.6005,1.5,96,1.3,Alluvial_Silt,0,NONE,0,0.0
LS000318,2025-05-02,Assam,Darrang,26.342,91.9867,4.6,35,2.7,Brahmaputra_Sand_Silt,0,NONE,0,0.0
LS000319,2025-05-03,Assam,Sonitpur,26.7175,92.782,4.2,107,2.0,Alluvial_Silt,0,NONE,0,0.0
LS000320,2025-05-03,Assam,Dibrugarh,27.3633,94.9768,3.5,168,0.6,Alluvial_Clay,0,NONE,0,0.0
LS000321,2025-05-03,Assam,Cachar,24.6964,92.6887,11.9,20,0.9,Barak_Valley_Alluvium,0,NONE,0,0.0
LS000322,2025-05-03,Assam,Nagaon,26.3147,92.7786,4.0,64,0.4,Alluvial_Clay,0,NONE,0,0.0
LS000323,2025-05-03,Meghalaya,East Khasi Hills,25.4861,91.8504,0.9,1529,28.2,Sandstone_Silt,0,NONE,0,0.0
LS000324,2025-05-03,Meghalaya,West Khasi Hills,25.442,91.3498,7.9,1275,29.9,Red_Loam,0,NONE,0,0.0
LS000325,2025-05-03,Meghalaya,Ri-Bhoi,26.0184,91.846,11.7,513,16.5,Laterite_Clay,0,NONE,0,0.0
LS000326,2025-05-03,Meghalaya,West Jaintia Hills,25.5773,92.2058,9.7,1372,23.9,Limestone_Clay,0,NONE,0,0.0
LS000327,2025-05-03,Sikkim,East Sikkim,27.3181,88.755,7.5,1613,42.2,Loose_Phyllite,0,NONE,0,0.0
LS000328,2025-05-03,Sikkim,North Sikkim,27.374,88.5983,5.9,2429,48.2,Schist_Shale,0,NONE,0,0.0
LS000329,2025-05-04,Sikkim,South Sikkim,27.07,88.3332,9.9,1297,33.9,Loose_Phyllite,0,NONE,0,0.0
LS000330,2025-05-04,Nagaland,Kohima,25.6309,94.258,5.3,1415,36.5,Disang_Shale,0,NONE,0,0.0
LS000331,2025-05-04,Nagaland,Dimapur,25.774,93.7789,3.4,186,3.1,Alluvial_Sandy_Loam,0,NONE,0,0.0
LS000332,2025-05-04,Nagaland,Mokokchung,26.3788,94.6558,9.8,1278,32.7,Disang_Shale,0,NONE,0,0.0
LS000333,2025-05-04,Manipur,Imphal West,24.7985,93.8247,13.6,755,3.6,Lacustrine_Alluvium,0,NONE,0,0.0
LS000334,2025-05-04,Manipur,Bishnupur,24.5973,93.7847,6.3,787,1.8,Lacustrine_Alluvium,0,NONE,0,0.0
LS000335,2025-05-04,Manipur,Senapati,25.2213,93.9932,8.6,1199,29.9,Clayey_Loam,0,NONE,0,0.0
LS000336,2025-05-04,Mizoram,Aizawl,23.6965,92.7625,6.1,1101,35.3,Siltstone_Shale,0,NONE,0,0.0
LS000337,2025-05-04,Mizoram,Kolasib,24.1258,92.6853,10.5,666,24.8,Red_Loam,0,NONE,0,0.0
LS000338,2025-05-04,Mizoram,Lunglei,22.8081,92.7239,12.5,1038,30.4,Siltstone_Shale,0,NONE,0,0.0
LS000339,2025-05-05,Tripura,West Tripura,23.8289,91.1736,11.9,84,0.4,Sandy_Clay,0,NONE,0,0.0
LS000340,2025-05-05,Tripura,Sipahijala,23.699,91.4612,12.9,75,3.9,Sandy_Clay,0,NONE,0,0.0
LS000341,2025-05-05,Tripura,Dhalai,23.7959,91.8042,13.7,88,12.2,Red_Laterite,0,NONE,0,0.0
LS000342,2025-05-05,Arunachal Pradesh,Tawang,27.5261,91.7567,5.6,2930,46.6,Gneissic_Debris,0,NONE,0,0.0
LS000343,2025-05-05,Arunachal Pradesh,West Kameng,27.3526,92.4185,13.4,2155,40.4,Schist_Shale,0,NONE,0,0.0
LS000344,2025-05-05,Arunachal Pradesh,Papum Pare,27.0214,93.6148,6.8,306,18.8,Colluvial_Soil,0,NONE,0,0.0
LS000345,2025-05-05,Arunachal Pradesh,East Siang,28.1571,95.3415,7.4,173,11.1,Alluvial_Gravel,0,NONE,0,0.0
LS000346,2025-05-05,Arunachal Pradesh,Lower Subansiri,27.5194,93.8951,8.2,1561,32.5,Schist_Shale,0,NONE,0,0.0
LS000347,2025-05-05,Assam,Kamrup Metropolitan,26.2415,91.6083,7.4,35,1.9,Alluvial_Clay,0,NONE,0,0.0
LS000348,2025-05-05,Assam,Kamrup Rural,26.239,91.5154,4.4,110,2.5,Alluvial_Silt,0,NONE,0,0.0
LS000349,2025-05-06,Assam,Darrang,26.4783,92.1113,2.4,20,0.8,Brahmaputra_Sand_Silt,0,NONE,0,0.0
LS000350,2025-05-06,Assam,Sonitpur,26.5004,92.6798,8.6,37,1.1,Alluvial_Silt,0,NONE,0,0.0
LS000351,2025-05-06,Assam,Dibrugarh,27.6032,94.8296,5.7,168,0.9,Alluvial_Clay,0,NONE,0,0.0
LS000352,2025-05-06,Assam,Cachar,24.707,92.6878,12.9,35,0.7,Barak_Valley_Alluvium,0,NONE,0,0.0
LS000353,2025-05-06,Assam,Nagaon,26.3795,92.562,0.7,86,0.4,Alluvial_Clay,0,NONE,0,0.0
LS000354,2025-05-06,Meghalaya,East Khasi Hills,25.4751,91.9409,4.7,1522,32.5,Sandstone_Silt,0,NONE,0,0.0
LS000355,2025-05-06,Meghalaya,West Khasi Hills,25.6372,91.1224,4.0,1330,25.6,Red_Loam,0,NONE,0,0.0
LS000356,2025-05-06,Meghalaya,Ri-Bhoi,25.9424,91.903,8.2,573,15.1,Laterite_Clay,0,NONE,0,0.0
LS000357,2025-05-06,Meghalaya,West Jaintia Hills,25.4854,92.0591,7.3,1383,26.6,Limestone_Clay,0,NONE,0,0.0
LS000358,2025-05-06,Sikkim,East Sikkim,27.4759,88.6014,8.2,1693,43.5,Loose_Phyllite,0,NONE,0,0.0
LS000359,2025-05-07,Sikkim,North Sikkim,27.4861,88.6066,10.3,2410,48.2,Schist_Shale,0,NONE,0,0.0
LS000360,2025-05-07,Sikkim,South Sikkim,27.0812,88.382,8.1,1280,38.0,Loose_Phyllite,0,NONE,0,0.0
LS000361,2025-05-07,Nagaland,Kohima,25.8215,94.0622,3.0,1431,34.0,Disang_Shale,0,NONE,0,0.0
LS000362,2025-05-07,Nagaland,Dimapur,25.9253,93.6732,3.0,194,1.9,Alluvial_Sandy_Loam,0,NONE,0,0.0
LS000363,2025-05-07,Nagaland,Mokokchung,26.2173,94.3852,2.4,1309,32.8,Disang_Shale,0,NONE,0,0.0
LS000364,2025-05-07,Manipur,Imphal West,24.9558,94.0575,13.3,829,1.3,Lacustrine_Alluvium,0,NONE,0,0.0
LS000365,2025-05-07,Manipur,Bishnupur,24.5762,93.8434,3.9,773,6.0,Lacustrine_Alluvium,0,NONE,0,0.0
LS000366,2025-05-07,Manipur,Senapati,25.3737,94.0092,11.7,1201,31.7,Clayey_Loam,0,NONE,0,0.0
LS000367,2025-05-07,Mizoram,Aizawl,23.8671,92.6321,7.9,1115,30.7,Siltstone_Shale,0,NONE,0,0.0
LS000368,2025-05-07,Mizoram,Kolasib,24.2493,92.7829,9.0,636,24.4,Red_Loam,0,NONE,0,0.0
LS000369,2025-05-08,Mizoram,Lunglei,22.9842,92.7193,3.1,1072,30.3,Siltstone_Shale,0,NONE,0,0.0
LS000370,2025-05-08,Tripura,West Tripura,23.8025,91.1504,3.8,20,2.5,Sandy_Clay,0,NONE,0,0.0
LS000371,2025-05-08,Tripura,Sipahijala,23.651,91.1841,9.7,36,2.8,Sandy_Clay,0,NONE,0,0.0
LS000372,2025-05-08,Tripura,Dhalai,23.9476,91.887,3.5,158,10.1,Red_Laterite,0,NONE,0,0.0
LS000373,2025-05-08,Arunachal Pradesh,Tawang,27.5543,91.9479,4.2,2883,44.8,Gneissic_Debris,0,NONE,0,0.0
LS000374,2025-05-08,Arunachal Pradesh,West Kameng,27.1578,92.4466,2.8,2191,38.0,Schist_Shale,0,NONE,0,0.0
LS000375,2025-05-08,Arunachal Pradesh,Papum Pare,26.9915,93.5665,4.6,320,18.6,Colluvial_Soil,0,NONE,0,0.0
LS000376,2025-05-08,Arunachal Pradesh,East Siang,28.1839,95.2179,2.1,214,9.8,Alluvial_Gravel,0,NONE,0,0.0
LS000377,2025-05-08,Arunachal Pradesh,Lower Subansiri,27.6972,93.9018,9.2,1538,32.9,Schist_Shale,0,NONE,0,0.0
LS000378,2025-05-08,Assam,Kamrup Metropolitan,26.1474,91.7332,10.9,67,0.4,Alluvial_Clay,0,NONE,0,0.0
LS000379,2025-05-09,Assam,Kamrup Rural,26.1455,91.6141,1.8,51,1.3,Alluvial_Silt,0,NONE,0,0.0
LS000380,2025-05-09,Assam,Darrang,26.5196,92.0874,8.6,20,1.6,Brahmaputra_Sand_Silt,0,NONE,0,0.0
LS000381,2025-05-09,Assam,Sonitpur,26.6805,92.9342,3.9,92,2.5,Alluvial_Silt,0,NONE,0,0.0
LS000382,2025-05-09,Assam,Dibrugarh,27.4979,94.8132,4.2,128,1.9,Alluvial_Clay,0,NONE,0,0.0
LS000383,2025-05-09,Assam,Cachar,24.7974,92.8754,11.6,20,0.4,Barak_Valley_Alluvium,0,NONE,0,0.0
LS000384,2025-05-09,Assam,Nagaon,26.2282,92.5397,8.4,44,0.6,Alluvial_Clay,0,NONE,0,0.0
LS000385,2025-05-09,Meghalaya,East Khasi Hills,25.49,91.8938,3.0,1508,32.6,Sandstone_Silt,0,NONE,0,0.0
LS000386,2025-05-09,Meghalaya,West Khasi Hills,25.5808,91.1287,5.8,1237,28.1,Red_Loam,0,NONE,0,0.0
LS000387,2025-05-09,Meghalaya,Ri-Bhoi,26.0494,91.8735,0.4,538,15.6,Laterite_Clay,0,NONE,0,0.0
LS000388,2025-05-09,Meghalaya,West Jaintia Hills,25.5736,92.1527,5.5,1315,26.9,Limestone_Clay,0,NONE,0,0.0
LS000389,2025-05-10,Sikkim,East Sikkim,27.3931,88.6976,8.4,1623,42.6,Loose_Phyllite,0,NONE,0,0.0
LS000390,2025-05-10,Sikkim,North Sikkim,27.424,88.5674,3.0,2418,50.7,Schist_Shale,0,NONE,0,0.0
LS000391,2025-05-10,Sikkim,South Sikkim,27.2514,88.4115,11.1,1328,37.2,Loose_Phyllite,0,NONE,0,0.0
LS000392,2025-05-10,Nagaland,Kohima,25.6297,94.2387,1.0,1481,36.9,Disang_Shale,0,NONE,0,0.0
LS000393,2025-05-10,Nagaland,Dimapur,25.9288,93.7405,5.6,249,6.2,Alluvial_Sandy_Loam,0,NONE,0,0.0
LS000394,2025-05-10,Nagaland,Mokokchung,26.4614,94.6114,11.9,1297,28.7,Disang_Shale,0,NONE,0,0.0
LS000395,2025-05-10,Manipur,Imphal West,24.6907,94.064,5.8,808,1.0,Lacustrine_Alluvium,0,NONE,0,0.0
LS000396,2025-05-10,Manipur,Bishnupur,24.543,93.7761,8.7,829,3.8,Lacustrine_Alluvium,0,NONE,0,0.0
LS000397,2025-05-10,Manipur,Senapati,25.1428,94.0823,10.4,1220,28.2,Clayey_Loam,0,NONE,0,0.0
LS000398,2025-05-10,Mizoram,Aizawl,23.7364,92.759,6.0,1076,31.0,Siltstone_Shale,0,NONE,0,0.0
LS000399,2025-05-11,Mizoram,Kolasib,24.2117,92.7344,2.9,567,22.0,Red_Loam,0,NONE,0,0.0
LS000400,2025-05-11,Mizoram,Lunglei,23.0087,92.7121,11.1,1079,33.4,Siltstone_Shale,0,NONE,0,0.0
LS000401,2025-05-11,Tripura,West Tripura,23.8767,91.3636,11.4,20,1.2,Sandy_Clay,0,NONE,0,0.0
LS000402,2025-05-11,Tripura,Sipahijala,23.7574,91.1888,7.8,45,1.7,Sandy_Clay,0,NONE,0,0.0
LS000403,2025-05-11,Tripura,Dhalai,23.9551,91.7112,4.4,197,10.4,Red_Laterite,0,NONE,0,0.0
LS000404,2025-05-11,Arunachal Pradesh,Tawang,27.4888,91.9853,11.9,2947,44.0,Gneissic_Debris,0,NONE,0,0.0
LS000405,2025-05-11,Arunachal Pradesh,West Kameng,27.3955,92.5545,13.5,2258,36.9,Schist_Shale,0,NONE,0,0.0
LS000406,2025-05-11,Arunachal Pradesh,Papum Pare,27.0399,93.6474,11.0,378,20.9,Colluvial_Soil,0,NONE,0,0.0
LS000407,2025-05-11,Arunachal Pradesh,East Siang,28.2127,95.339,9.9,158,11.1,Alluvial_Gravel,0,NONE,0,0.0
LS000408,2025-05-11,Arunachal Pradesh,Lower Subansiri,27.5513,93.7619,2.6,1603,30.5,Schist_Shale,0,NONE,0,0.0
LS000409,2025-05-12,Assam,Kamrup Metropolitan,26.1322,91.6634,9.2,20,0.4,Alluvial_Clay,0,NONE,0,0.0
LS000410,2025-05-12,Assam,Kamrup Rural,26.1235,91.6143,0.9,22,0.4,Alluvial_Silt,0,NONE,0,0.0
LS000411,2025-05-12,Assam,Darrang,26.5711,92.1291,5.0,57,0.4,Brahmaputra_Sand_Silt,0,NONE,0,0.0
LS000412,2025-05-12,Assam,Sonitpur,26.5124,92.9371,5.2,79,1.2,Alluvial_Silt,0,NONE,0,0.0
LS000413,2025-05-12,Assam,Dibrugarh,27.401,94.8327,5.6,144,0.4,Alluvial_Clay,0,NONE,0,0.0
LS000414,2025-05-12,Assam,Cachar,24.858,92.8008,10.1,20,2.6,Barak_Valley_Alluvium,0,NONE,0,0.0
LS000415,2025-05-12,Assam,Nagaon,26.2138,92.5695,5.4,43,0.4,Alluvial_Clay,0,NONE,0,0.0
LS000416,2025-05-12,Meghalaya,East Khasi Hills,25.7057,92.0096,1.6,1528,29.6,Sandstone_Silt,0,NONE,0,0.0
LS000417,2025-05-12,Meghalaya,West Khasi Hills,25.6348,91.1985,3.6,1298,26.6,Red_Loam,0,NONE,0,0.0
LS000418,2025-05-12,Meghalaya,Ri-Bhoi,25.8935,91.8665,13.7,567,15.9,Laterite_Clay,0,NONE,0,0.0
LS000419,2025-05-13,Meghalaya,West Jaintia Hills,25.5738,92.2772,6.8,1372,26.8,Limestone_Clay,0,NONE,0,0.0
LS000420,2025-05-13,Sikkim,East Sikkim,27.2631,88.6829,12.2,1701,43.4,Loose_Phyllite,0,NONE,0,0.0
LS000421,2025-05-13,Sikkim,North Sikkim,27.5085,88.5085,0.2,2507,48.8,Schist_Shale,0,NONE,0,0.0
LS000422,2025-05-13,Sikkim,South Sikkim,27.1843,88.3516,4.2,1313,36.4,Loose_Phyllite,0,NONE,0,0.0
LS000423,2025-05-13,Nagaland,Kohima,25.7814,94.0912,3.2,1467,34.3,Disang_Shale,0,NONE,0,0.0
LS000424,2025-05-13,Nagaland,Dimapur,25.7841,93.7306,13.2,238,1.6,Alluvial_Sandy_Loam,0,NONE,0,0.0
LS000425,2025-05-13,Nagaland,Mokokchung,26.2996,94.5392,7.4,1331,30.8,Disang_Shale,0,NONE,0,0.0
LS000426,2025-05-13,Manipur,Imphal West,24.884,93.9056,9.3,829,0.4,Lacustrine_Alluvium,0,NONE,0,0.0
LS000427,2025-05-13,Manipur,Bishnupur,24.5043,93.7416,13.0,799,1.3,Lacustrine_Alluvium,0,NONE,0,0.0
LS000428,2025-05-13,Manipur,Senapati,25.3904,93.8807,13.2,1309,29.4,Clayey_Loam,0,NONE,0,0.0
LS000429,2025-05-14,Mizoram,Aizawl,23.6311,92.6082,12.7,1152,35.4,Siltstone_Shale,0,NONE,0,0.0
LS000430,2025-05-14,Mizoram,Kolasib,24.1961,92.8279,8.8,598,24.2,Red_Loam,0,NONE,0,0.0
LS000431,2025-05-14,Mizoram,Lunglei,22.8432,92.6141,5.4,1044,33.4,Siltstone_Shale,0,NONE,0,0.0
LS000432,2025-05-14,Tripura,West Tripura,23.9396,91.1724,3.2,43,1.6,Sandy_Clay,0,NONE,0,0.0
LS000433,2025-05-14,Tripura,Sipahijala,23.7786,91.4124,12.7,68,0.6,Sandy_Clay,0,NONE,0,0.0
LS000434,2025-05-14,Tripura,Dhalai,23.902,91.8633,4.5,148,11.4,Red_Laterite,0,NONE,0,0.0
LS000435,2025-05-14,Arunachal Pradesh,Tawang,27.5743,91.7559,9.8,2864,46.7,Gneissic_Debris,0,NONE,0,0.0
LS000436,2025-05-14,Arunachal Pradesh,West Kameng,27.1484,92.5087,13.5,2193,38.6,Schist_Shale,0,NONE,0,0.0
LS000437,2025-05-14,Arunachal Pradesh,Papum Pare,27.2171,93.5388,6.0,268,16.5,Colluvial_Soil,0,NONE,0,0.0
LS000438,2025-05-14,Arunachal Pradesh,East Siang,28.0953,95.387,3.8,101,7.9,Alluvial_Gravel,0,NONE,0,0.0
LS000439,2025-05-15,Arunachal Pradesh,Lower Subansiri,27.5317,93.8419,5.9,1596,34.2,Schist_Shale,0,NONE,0,0.0
LS000440,2025-05-15,Assam,Kamrup Metropolitan,26.1457,91.673,7.2,99,3.3,Alluvial_Clay,0,NONE,0,0.0
LS000441,2025-05-15,Assam,Kamrup Rural,26.2082,91.6438,3.8,102,0.4,Alluvial_Silt,0,NONE,0,0.0
LS000442,2025-05-15,Assam,Darrang,26.345,92.0791,7.4,20,0.7,Brahmaputra_Sand_Silt,0,NONE,0,0.0
LS000443,2025-05-15,Assam,Sonitpur,26.6508,92.8201,10.7,112,4.2,Alluvial_Silt,0,NONE,0,0.0
LS000444,2025-05-15,Assam,Dibrugarh,27.451,94.9107,12.2,92,3.0,Alluvial_Clay,0,NONE,0,0.0
LS000445,2025-05-15,Assam,Cachar,24.919,92.7245,0.4,20,1.3,Barak_Valley_Alluvium,0,NONE,0,0.0
LS000446,2025-05-15,Assam,Nagaon,26.2504,92.6954,0.9,34,2.7,Alluvial_Clay,0,NONE,0,0.0
LS000447,2025-05-15,Meghalaya,East Khasi Hills,25.6411,91.985,5.0,1547,28.3,Sandstone_Silt,0,NONE,0,0.0
LS000448,2025-05-15,Meghalaya,West Khasi Hills,25.485,91.269,3.2,1269,26.7,Red_Loam,0,NONE,0,0.0
LS000449,2025-05-16,Meghalaya,Ri-Bhoi,25.944,92.0067,8.6,598,15.9,Laterite_Clay,0,NONE,0,0.0
LS000450,2025-05-16,Meghalaya,West Jaintia Hills,25.5488,92.0655,0.4,1318,26.9,Limestone_Clay,0,NONE,0,0.0
LS000451,2025-05-16,Sikkim,East Sikkim,27.451,88.5129,8.3,1687,42.4,Loose_Phyllite,0,NONE,0,0.0
LS000452,2025-05-16,Sikkim,North Sikkim,27.4151,88.4627,13.8,2506,47.7,Schist_Shale,0,NONE,0,0.0
LS000453,2025-05-16,Sikkim,South Sikkim,27.0246,88.4811,0.6,1334,34.3,Loose_Phyllite,0,NONE,0,0.0
LS000454,2025-05-16,Nagaland,Kohima,25.6688,94.0314,8.2,1457,36.8,Disang_Shale,0,NONE,0,0.0
LS000455,2025-05-16,Nagaland,Dimapur,25.8286,93.674,1.2,171,3.2,Alluvial_Sandy_Loam,0,NONE,0,0.0
LS000456,2025-05-16,Nagaland,Mokokchung,26.2828,94.4485,5.3,1325,32.9,Disang_Shale,0,NONE,0,0.0
LS000457,2025-05-16,Manipur,Imphal West,24.9078,94.0035,10.4,822,3.9,Lacustrine_Alluvium,0,NONE,0,0.0
LS000458,2025-05-16,Manipur,Bishnupur,24.5936,93.7387,2.0,782,5.3,Lacustrine_Alluvium,0,NONE,0,0.0
LS000459,2025-05-17,Manipur,Senapati,25.1149,94.026,1.2,1264,29.9,Clayey_Loam,0,NONE,0,0.0
LS000460,2025-05-17,Mizoram,Aizawl,23.6228,92.6666,5.3,1118,33.3,Siltstone_Shale,0,NONE,0,0.0
LS000461,2025-05-17,Mizoram,Kolasib,24.2352,92.813,13.2,593,23.3,Red_Loam,0,NONE,0,0.0
LS000462,2025-05-17,Mizoram,Lunglei,23.02,92.7825,7.0,1022,31.3,Siltstone_Shale,0,NONE,0,0.0
LS000463,2025-05-17,Tripura,West Tripura,23.7872,91.1788,10.6,44,2.0,Sandy_Clay,0,NONE,0,0.0
LS000464,2025-05-17,Tripura,Sipahijala,23.6476,91.3545,6.7,20,3.1,Sandy_Clay,0,NONE,0,0.0
LS000465,2025-05-17,Tripura,Dhalai,23.7223,91.9454,9.5,86,13.3,Red_Laterite,0,NONE,0,0.0
LS000466,2025-05-17,Arunachal Pradesh,Tawang,27.6889,91.7788,8.9,2930,42.8,Gneissic_Debris,0,NONE,0,0.0
LS000467,2025-05-17,Arunachal Pradesh,West Kameng,27.2513,92.284,2.2,2221,38.8,Schist_Shale,0,NONE,0,0.0
LS000468,2025-05-17,Arunachal Pradesh,Papum Pare,27.0954,93.613,3.1,260,18.7,Colluvial_Soil,0,NONE,0,0.0
LS000469,2025-05-18,Arunachal Pradesh,East Siang,27.921,95.3927,13.1,163,11.6,Alluvial_Gravel,0,NONE,0,0.0
LS000470,2025-05-18,Arunachal Pradesh,Lower Subansiri,27.6439,93.8822,9.8,1603,34.6,Schist_Shale,0,NONE,0,0.0
LS000471,2025-05-18,Assam,Kamrup Metropolitan,26.2699,91.7435,8.8,25,0.4,Alluvial_Clay,0,NONE,0,0.0
LS000472,2025-05-18,Assam,Kamrup Rural,26.2796,91.4922,3.6,48,0.4,Alluvial_Silt,0,NONE,0,0.0
LS000473,2025-05-18,Assam,Darrang,26.4397,91.954,13.8,81,0.4,Brahmaputra_Sand_Silt,0,NONE,0,0.0
LS000474,2025-05-18,Assam,Sonitpur,26.7382,92.8387,0.4,127,2.8,Alluvial_Silt,0,NONE,0,0.0
LS000475,2025-05-18,Assam,Dibrugarh,27.4444,94.8752,11.1,108,0.4,Alluvial_Clay,0,NONE,0,0.0
LS000476,2025-05-18,Assam,Cachar,24.7347,92.7789,13.2,20,2.5,Barak_Valley_Alluvium,0,NONE,0,0.0
LS000477,2025-05-18,Assam,Nagaon,26.4884,92.8262,13.0,118,1.1,Alluvial_Clay,0,NONE,0,0.0
LS000478,2025-05-18,Meghalaya,East Khasi Hills,25.4922,92.0037,2.2,1543,30.8,Sandstone_Silt,0,NONE,0,0.0
LS000479,2025-05-19,Meghalaya,West Khasi Hills,25.6372,91.3153,8.8,1255,30.0,Red_Loam,0,NONE,0,0.0
LS000480,2025-05-19,Meghalaya,Ri-Bhoi,25.7599,92.0086,13.0,530,14.1,Laterite_Clay,0,NONE,0,0.0
LS000481,2025-05-19,Meghalaya,West Jaintia Hills,25.3433,92.2962,12.3,1375,25.5,Limestone_Clay,0,NONE,0,0.0
LS000482,2025-05-19,Sikkim,East Sikkim,27.2376,88.5286,8.2,1696,43.7,Loose_Phyllite,0,NONE,0,0.0
LS000483,2025-05-19,Sikkim,North Sikkim,27.5122,88.5152,6.1,2484,46.7,Schist_Shale,0,NONE,0,0.0
LS000484,2025-05-19,Sikkim,South Sikkim,27.2372,88.3502,6.5,1284,34.0,Loose_Phyllite,0,NONE,0,0.0
LS000485,2025-05-19,Nagaland,Kohima,25.7767,94.0608,4.8,1478,36.4,Disang_Shale,0,NONE,0,0.0
LS000486,2025-05-19,Nagaland,Dimapur,26.0475,93.6754,9.8,216,2.7,Alluvial_Sandy_Loam,0,NONE,0,0.0
LS000487,2025-05-19,Nagaland,Mokokchung,26.3222,94.4767,7.8,1380,30.4,Disang_Shale,0,NONE,0,0.0
LS000488,2025-05-19,Manipur,Imphal West,24.8428,93.9008,12.3,823,2.8,Lacustrine_Alluvium,0,NONE,0,0.0
LS000489,2025-05-20,Manipur,Bishnupur,24.6963,93.6391,6.8,729,2.9,Lacustrine_Alluvium,0,NONE,0,0.0
LS000490,2025-05-20,Manipur,Senapati,25.1563,93.9769,12.1,1236,27.5,Clayey_Loam,0,NONE,0,0.0
LS000491,2025-05-20,Mizoram,Aizawl,23.6696,92.6756,11.6,1104,31.0,Siltstone_Shale,0,NONE,0,0.0
LS000492,2025-05-20,Mizoram,Kolasib,24.1993,92.6971,12.9,615,24.0,Red_Loam,0,NONE,0,0.0
LS000493,2025-05-20,Mizoram,Lunglei,22.8362,92.6179,3.0,1036,32.9,Siltstone_Shale,0,NONE,0,0.0
LS000494,2025-05-20,Tripura,West Tripura,23.6852,91.2609,9.7,74,0.4,Sandy_Clay,0,NONE,0,0.0
LS000495,2025-05-20,Tripura,Sipahijala,23.7566,91.4555,4.7,45,3.1,Sandy_Clay,0,NONE,0,0.0
LS000496,2025-05-20,Tripura,Dhalai,23.7509,91.7807,7.9,114,12.0,Red_Laterite,0,NONE,0,0.0
LS000497,2025-05-20,Arunachal Pradesh,Tawang,27.5665,91.8357,3.7,2901,45.9,Gneissic_Debris,0,NONE,0,0.0
LS000498,2025-05-20,Arunachal Pradesh,West Kameng,27.3978,92.4822,13.6,2203,38.5,Schist_Shale,0,NONE,0,0.0
LS000499,2025-05-21,Arunachal Pradesh,Papum Pare,26.9825,93.558,12.6,310,17.7,Colluvial_Soil,0,NONE,0,0.0
LS000500,2025-05-21,Arunachal Pradesh,East Siang,28.1572,95.2749,10.3,137,8.9,Alluvial_Gravel,0,NONE,0,0.0
LS000501,2025-05-21,Arunachal Pradesh,Lower Subansiri,27.5953,93.8583,0.9,1538,31.5,Schist_Shale,0,NONE,0,0.0
LS000502,2025-05-21,Assam,Kamrup Metropolitan,26.0548,91.6805,4.6,45,3.5,Alluvial_Clay,0,NONE,0,0.0
LS000503,2025-05-21,Assam,Kamrup Rural,26.2435,91.5593,4.9,71,2.3,Alluvial_Silt,0,NONE,0,0.0
LS000504,2025-05-21,Assam,Darrang,26.3861,92.1168,5.3,38,0.4,Brahmaputra_Sand_Silt,0,NONE,0,0.0
LS000505,2025-05-21,Assam,Sonitpur,26.6615,92.8063,8.5,105,3.4,Alluvial_Silt,0,NONE,0,0.0
LS000506,2025-05-21,Assam,Dibrugarh,27.541,95.0449,7.8,74,0.5,Alluvial_Clay,0,NONE,0,0.0
LS000507,2025-05-21,Assam,Cachar,24.8912,92.8746,5.9,66,3.3,Barak_Valley_Alluvium,0,NONE,0,0.0
LS000508,2025-05-21,Assam,Nagaon,26.237,92.6248,6.1,36,1.8,Alluvial_Clay,0,NONE,0,0.0
LS000509,2025-05-22,Meghalaya,East Khasi Hills,25.6655,91.7655,0.6,1506,30.4,Sandstone_Silt,0,NONE,0,0.0
LS000510,2025-05-22,Meghalaya,West Khasi Hills,25.512,91.3861,9.0,1308,27.6,Red_Loam,0,NONE,0,0.0
LS000511,2025-05-22,Meghalaya,Ri-Bhoi,26.0405,91.9405,13.3,593,16.7,Laterite_Clay,0,NONE,0,0.0
LS000512,2025-05-22,Meghalaya,West Jaintia Hills,25.3255,92.2807,5.6,1354,26.8,Limestone_Clay,0,NONE,0,0.0
LS000513,2025-05-22,Sikkim,East Sikkim,27.3727,88.6255,4.6,1672,42.9,Loose_Phyllite,0,NONE,0,0.0
LS000514,2025-05-22,Sikkim,North Sikkim,27.5758,88.6897,12.2,2445,46.5,Schist_Shale,0,NONE,0,0.0
LS000515,2025-05-22,Sikkim,South Sikkim,27.0866,88.4241,6.7,1311,36.6,Loose_Phyllite,0,NONE,0,0.0
LS000516,2025-05-22,Nagaland,Kohima,25.6588,94.0759,11.4,1478,36.7,Disang_Shale,0,NONE,0,0.0
LS000517,2025-05-22,Nagaland,Dimapur,25.802,93.8768,13.6,196,1.8,Alluvial_Sandy_Loam,0,NONE,0,0.0
LS000518,2025-05-22,Nagaland,Mokokchung,26.4635,94.4048,12.9,1380,32.2,Disang_Shale,0,NONE,0,0.0
LS000519,2025-05-23,Manipur,Imphal West,24.7699,94.0221,10.0,791,2.1,Lacustrine_Alluvium,0,NONE,0,0.0
LS000520,2025-05-23,Manipur,Bishnupur,24.6138,93.8235,1.7,750,1.3,Lacustrine_Alluvium,0,NONE,0,0.0
LS000521,2025-05-23,Manipur,Senapati,25.3232,93.8668,5.5,1233,30.2,Clayey_Loam,0,NONE,0,0.0
LS000522,2025-05-23,Mizoram,Aizawl,23.6264,92.8628,2.0,1101,33.1,Siltstone_Shale,0,NONE,0,0.0
LS000523,2025-05-23,Mizoram,Kolasib,24.1693,92.6579,0.7,609,23.2,Red_Loam,0,NONE,0,0.0
LS000524,2025-05-23,Mizoram,Lunglei,22.7853,92.7821,8.7,1015,31.0,Siltstone_Shale,0,NONE,0,0.0
LS000525,2025-05-23,Tripura,West Tripura,23.9464,91.2717,1.5,29,1.5,Sandy_Clay,0,NONE,0,0.0
LS000526,2025-05-23,Tripura,Sipahijala,23.5467,91.3877,0.6,75,4.5,Sandy_Clay,0,NONE,0,0.0
LS000527,2025-05-23,Tripura,Dhalai,23.9399,91.8611,0.2,126,11.1,Red_Laterite,0,NONE,0,0.0
LS000528,2025-05-23,Arunachal Pradesh,Tawang,27.5148,91.9682,5.3,2907,46.8,Gneissic_Debris,0,NONE,0,0.0
LS000529,2025-05-24,Arunachal Pradesh,West Kameng,27.2311,92.3837,1.2,2154,37.2,Schist_Shale,0,NONE,0,0.0
LS000530,2025-05-24,Arunachal Pradesh,Papum Pare,27.1356,93.7107,4.0,350,20.0,Colluvial_Soil,0,NONE,0,0.0
LS000531,2025-05-24,Arunachal Pradesh,East Siang,28.0931,95.3776,1.2,135,7.3,Alluvial_Gravel,0,NONE,0,0.0
LS000532,2025-05-24,Arunachal Pradesh,Lower Subansiri,27.4549,93.888,2.1,1565,31.8,Schist_Shale,0,NONE,0,0.0
LS000533,2025-05-24,Assam,Kamrup Metropolitan,26.1669,91.7131,3.7,57,1.9,Alluvial_Clay,0,NONE,0,0.0
LS000534,2025-05-24,Assam,Kamrup Rural,26.2286,91.712,4.0,69,0.4,Alluvial_Silt,0,NONE,0,0.0
LS000535,2025-05-24,Assam,Darrang,26.3581,92.1336,5.6,71,0.4,Brahmaputra_Sand_Silt,0,NONE,0,0.0
LS000536,2025-05-24,Assam,Sonitpur,26.4867,92.6836,13.8,122,1.5,Alluvial_Silt,0,NONE,0,0.0
LS000537,2025-05-24,Assam,Dibrugarh,27.5187,94.8847,13.2,110,0.4,Alluvial_Clay,0,NONE,0,0.0
LS000538,2025-05-24,Assam,Cachar,24.8299,92.6537,2.0,20,3.3,Barak_Valley_Alluvium,0,NONE,0,0.0
LS000539,2025-05-25,Assam,Nagaon,26.205,92.6015,9.4,40,0.4,Alluvial_Clay,0,NONE,0,0.0
LS000540,2025-05-25,Meghalaya,East Khasi Hills,25.6516,91.9731,7.6,1500,30.6,Sandstone_Silt,0,NONE,0,0.0
LS000541,2025-05-25,Meghalaya,West Khasi Hills,25.4404,91.2729,0.3,1266,28.2,Red_Loam,0,NONE,0,0.0
LS000542,2025-05-25,Meghalaya,Ri-Bhoi,25.978,91.8624,2.8,517,18.9,Laterite_Clay,0,NONE,0,0.0
LS000543,2025-05-25,Meghalaya,West Jaintia Hills,25.549,92.2754,9.2,1308,27.9,Limestone_Clay,0,NONE,0,0.0
LS000544,2025-05-25,Sikkim,East Sikkim,27.2677,88.7152,0.8,1601,41.7,Loose_Phyllite,0,NONE,0,0.0
LS000545,2025-05-25,Sikkim,North Sikkim,27.5827,88.4711,7.3,2493,49.7,Schist_Shale,0,NONE,0,0.0
LS000546,2025-05-25,Sikkim,South Sikkim,27.2783,88.3831,9.0,1294,34.5,Loose_Phyllite,0,NONE,0,0.0
LS000547,2025-05-25,Nagaland,Kohima,25.5871,94.0207,10.6,1387,36.2,Disang_Shale,0,NONE,0,0.0
LS000548,2025-05-25,Nagaland,Dimapur,25.9359,93.628,6.2,225,2.8,Alluvial_Sandy_Loam,0,NONE,0,0.0
LS000549,2025-05-26,Nagaland,Mokokchung,26.4607,94.5243,11.0,1375,31.9,Disang_Shale,0,NONE,0,0.0
LS000550,2025-05-26,Manipur,Imphal West,24.9558,94.0225,12.1,842,0.4,Lacustrine_Alluvium,0,NONE,0,0.0
LS000551,2025-05-26,Manipur,Bishnupur,24.6792,93.8249,12.2,726,2.2,Lacustrine_Alluvium,0,NONE,0,0.0
LS000552,2025-05-26,Manipur,Senapati,25.3585,94.0884,9.5,1276,29.0,Clayey_Loam,0,NONE,0,0.0
LS000553,2025-05-26,Mizoram,Aizawl,23.7668,92.7559,2.8,1118,32.8,Siltstone_Shale,0,NONE,0,0.0
LS000554,2025-05-26,Mizoram,Kolasib,24.334,92.5579,4.3,615,25.7,Red_Loam,0,NONE,0,0.0
LS000555,2025-05-26,Mizoram,Lunglei,22.9932,92.7264,10.6,1022,30.6,Siltstone_Shale,0,NONE,0,0.0
LS000556,2025-05-26,Tripura,West Tripura,23.9137,91.3566,5.6,68,4.5,Sandy_Clay,0,NONE,0,0.0
LS000557,2025-05-26,Tripura,Sipahijala,23.6942,91.417,7.6,73,3.2,Sandy_Clay,0,NONE,0,0.0
LS000558,2025-05-26,Tripura,Dhalai,23.8289,91.7636,9.0,114,11.1,Red_Laterite,0,NONE,0,0.0
LS000559,2025-05-27,Arunachal Pradesh,Tawang,27.6003,91.7486,11.6,2949,44.4,Gneissic_Debris,0,NONE,0,0.0
LS000560,2025-05-27,Arunachal Pradesh,West Kameng,27.3193,92.2804,13.9,2152,38.6,Schist_Shale,0,NONE,0,0.0
LS000561,2025-05-27,Arunachal Pradesh,Papum Pare,26.9553,93.7454,8.5,280,18.2,Colluvial_Soil,0,NONE,0,0.0
LS000562,2025-05-27,Arunachal Pradesh,East Siang,28.2034,95.2367,4.8,183,11.2,Alluvial_Gravel,0,NONE,0,0.0
LS000563,2025-05-27,Arunachal Pradesh,Lower Subansiri,27.4906,93.9423,0.3,1612,31.3,Schist_Shale,0,NONE,0,0.0
LS000564,2025-05-27,Assam,Kamrup Metropolitan,26.0696,91.6978,1.0,110,1.9,Alluvial_Clay,0,NONE,0,0.0
LS000565,2025-05-27,Assam,Kamrup Rural,26.2227,91.6298,4.6,94,0.4,Alluvial_Silt,0,NONE,0,0.0
LS000566,2025-05-27,Assam,Darrang,26.5131,91.8813,4.9,53,0.4,Brahmaputra_Sand_Silt,0,NONE,0,0.0
LS000567,2025-05-27,Assam,Sonitpur,26.6396,92.7761,4.3,20,3.1,Alluvial_Silt,0,NONE,0,0.0
LS000568,2025-05-27,Assam,Dibrugarh,27.6192,94.8887,3.7,64,0.7,Alluvial_Clay,0,NONE,0,0.0
LS000569,2025-05-28,Assam,Cachar,24.7101,92.8707,9.0,20,0.9,Barak_Valley_Alluvium,0,NONE,0,0.0
LS000570,2025-05-28,Assam,Nagaon,26.2363,92.766,1.4,100,2.9,Alluvial_Clay,0,NONE,0,0.0
LS000571,2025-05-28,Meghalaya,East Khasi Hills,25.6319,91.7638,6.9,1502,28.0,Sandstone_Silt,0,NONE,0,0.0
LS000572,2025-05-28,Meghalaya,West Khasi Hills,25.492,91.3267,2.5,1300,29.2,Red_Loam,0,NONE,0,0.0
LS000573,2025-05-28,Meghalaya,Ri-Bhoi,25.9348,91.8627,2.4,517,14.4,Laterite_Clay,0,NONE,0,0.0
LS000574,2025-05-28,Meghalaya,West Jaintia Hills,25.5257,92.2269,11.0,1319,25.3,Limestone_Clay,0,NONE,0,0.0
LS000575,2025-05-28,Sikkim,East Sikkim,27.4262,88.5308,3.3,1672,39.9,Loose_Phyllite,0,NONE,0,0.0
LS000576,2025-05-28,Sikkim,North Sikkim,27.53,88.5823,10.9,2489,50.7,Schist_Shale,0,NONE,0,0.0
LS000577,2025-05-28,Sikkim,South Sikkim,27.2741,88.4627,12.6,1266,36.3,Loose_Phyllite,0,NONE,0,0.0
LS000578,2025-05-28,Nagaland,Kohima,25.7495,94.0473,2.9,1386,37.2,Disang_Shale,0,NONE,0,0.0
LS000579,2025-05-29,Nagaland,Dimapur,25.8286,93.6933,9.2,165,3.8,Alluvial_Sandy_Loam,0,NONE,0,0.0
LS000580,2025-05-29,Nagaland,Mokokchung,26.3335,94.6633,9.3,1306,33.2,Disang_Shale,0,NONE,0,0.0
LS000581,2025-05-29,Manipur,Imphal West,24.9252,93.9573,13.0,771,2.4,Lacustrine_Alluvium,0,NONE,0,0.0
LS000582,2025-05-29,Manipur,Bishnupur,24.6237,93.9107,13.7,719,1.1,Lacustrine_Alluvium,0,NONE,0,0.0
LS000583,2025-05-29,Manipur,Senapati,25.1887,93.8719,5.1,1197,31.7,Clayey_Loam,0,NONE,0,0.0
LS000584,2025-05-29,Mizoram,Aizawl,23.663,92.7814,5.7,1168,32.6,Siltstone_Shale,0,NONE,0,0.0
LS000585,2025-05-29,Mizoram,Kolasib,24.0947,92.691,10.2,628,22.8,Red_Loam,0,NONE,0,0.0
LS000586,2025-05-29,Mizoram,Lunglei,22.7537,92.8663,4.3,1063,29.8,Siltstone_Shale,0,NONE,0,0.0
LS000587,2025-05-29,Tripura,West Tripura,23.8574,91.3658,2.3,58,3.0,Sandy_Clay,0,NONE,0,0.0
LS000588,2025-05-29,Tripura,Sipahijala,23.6946,91.381,2.7,80,1.7,Sandy_Clay,0,NONE,0,0.0
LS000589,2025-05-30,Tripura,Dhalai,23.9774,91.7348,8.3,158,12.5,Red_Laterite,0,NONE,0,0.0
LS000590,2025-05-30,Arunachal Pradesh,Tawang,27.6586,91.9316,13.0,2855,42.1,Gneissic_Debris,0,NONE,0,0.0
LS000591,2025-05-30,Arunachal Pradesh,West Kameng,27.1179,92.4148,9.6,2184,38.1,Schist_Shale,0,NONE,0,0.0
LS000592,2025-05-30,Arunachal Pradesh,Papum Pare,27.1666,93.5167,2.9,276,19.7,Colluvial_Soil,0,NONE,0,0.0
LS000593,2025-05-30,Arunachal Pradesh,East Siang,28.1359,95.2114,9.6,210,6.8,Alluvial_Gravel,0,NONE,0,0.0
LS000594,2025-05-30,Arunachal Pradesh,Lower Subansiri,27.4816,93.6992,10.1,1591,34.8,Schist_Shale,0,NONE,0,0.0
LS000595,2025-05-30,Assam,Kamrup Metropolitan,26.1433,91.7394,2.3,20,1.2,Alluvial_Clay,0,NONE,0,0.0
LS000596,2025-05-30,Assam,Kamrup Rural,26.1453,91.4885,12.7,20,2.9,Alluvial_Silt,0,NONE,0,0.0
LS000597,2025-05-30,Assam,Darrang,26.3366,92.1032,7.8,20,0.4,Brahmaputra_Sand_Silt,0,NONE,0,0.0
LS000598,2025-05-30,Assam,Sonitpur,26.5572,92.7841,0.6,67,4.2,Alluvial_Silt,0,NONE,0,0.0
LS000599,2025-05-31,Assam,Dibrugarh,27.6109,94.7726,12.6,150,2.9,Alluvial_Clay,0,NONE,0,0.0
LS000600,2025-05-31,Assam,Cachar,24.8091,92.7254,12.9,20,3.9,Barak_Valley_Alluvium,0,NONE,0,0.0
LS000601,2025-05-31,Assam,Nagaon,26.443,92.7055,3.5,20,1.0,Alluvial_Clay,0,NONE,0,0.0
LS000602,2025-05-31,Meghalaya,East Khasi Hills,25.4826,91.9846,5.9,1435,32.8,Sandstone_Silt,0,NONE,0,0.0
LS000603,2025-05-31,Meghalaya,West Khasi Hills,25.4995,91.1947,5.9,1328,27.1,Red_Loam,0,NONE,0,0.0
LS000604,2025-05-31,Meghalaya,Ri-Bhoi,25.887,91.8407,8.2,527,16.8,Laterite_Clay,0,NONE,0,0.0
LS000605,2025-05-31,Meghalaya,West Jaintia Hills,25.4868,92.1892,11.8,1345,28.4,Limestone_Clay,0,NONE,0,0.0
LS000606,2025-05-31,Sikkim,East Sikkim,27.4217,88.6762,4.7,1659,43.3,Loose_Phyllite,0,NONE,0,0.0
LS000607,2025-05-31,Sikkim,North Sikkim,27.3519,88.523,9.5,2419,48.7,Schist_Shale,0,NONE,0,0.0
LS000608,2025-05-31,Sikkim,South Sikkim,27.228,88.2029,3.9,1282,33.7,Loose_Phyllite,0,NONE,0,0.0
LS000609,2025-06-01,Nagaland,Kohima,25.7798,94.1768,144.8,1393,34.3,Disang_Shale,0,NONE,0,0.0
LS000610,2025-06-01,Nagaland,Dimapur,25.8827,93.8659,70.2,153,4.9,Alluvial_Sandy_Loam,0,NONE,0,0.0
LS000611,2025-06-01,Nagaland,Mokokchung,26.4514,94.6392,47.9,1326,30.6,Disang_Shale,0,NONE,0,0.0
LS000612,2025-06-01,Manipur,Imphal West,24.8045,94.0112,74.7,799,0.4,Lacustrine_Alluvium,0,NONE,0,0.0
LS000613,2025-06-01,Manipur,Bishnupur,24.7284,93.6369,57.4,782,1.3,Lacustrine_Alluvium,0,NONE,0,0.0
LS000614,2025-06-01,Manipur,Senapati,25.1492,93.9475,122.6,1298,28.6,Clayey_Loam,1,CRITICAL,1,20.5
LS000615,2025-06-01,Mizoram,Aizawl,23.7873,92.7882,32.1,1110,32.8,Siltstone_Shale,0,NONE,0,0.0
LS000616,2025-06-01,Mizoram,Kolasib,24.3531,92.5708,135.6,648,24.9,Red_Loam,0,NONE,0,0.0
LS000617,2025-06-01,Mizoram,Lunglei,22.7793,92.7298,49.1,1012,29.6,Siltstone_Shale,0,NONE,0,0.0
LS000618,2025-06-01,Tripura,West Tripura,23.9126,91.2724,43.2,34,0.9,Sandy_Clay,0,NONE,0,0.0
LS000619,2025-06-02,Tripura,Sipahijala,23.5323,91.3678,88.7,77,4.0,Sandy_Clay,0,NONE,0,0.0
LS000620,2025-06-02,Tripura,Dhalai,23.7645,91.957,89.7,98,10.0,Red_Laterite,0,NONE,0,0.0
LS000621,2025-06-02,Arunachal Pradesh,Tawang,27.5428,91.8634,48.9,2926,43.5,Gneissic_Debris,0,NONE,0,0.0
LS000622,2025-06-02,Arunachal Pradesh,West Kameng,27.1667,92.5515,169.3,2249,37.8,Schist_Shale,1,CRITICAL,1,33.8
LS000623,2025-06-02,Arunachal Pradesh,Papum Pare,27.0254,93.6052,151.0,362,20.0,Colluvial_Soil,0,NONE,0,0.0
LS000624,2025-06-02,Arunachal Pradesh,East Siang,27.9345,95.4103,152.8,123,7.4,Alluvial_Gravel,0,NONE,0,0.0
LS000625,2025-06-02,Arunachal Pradesh,Lower Subansiri,27.5117,93.8691,119.6,1582,30.3,Schist_Shale,0,NONE,0,0.0
LS000626,2025-06-02,Assam,Kamrup Metropolitan,26.2697,91.6087,98.2,20,0.4,Alluvial_Clay,0,NONE,0,0.0
LS000627,2025-06-02,Assam,Kamrup Rural,26.2778,91.4396,147.6,106,2.5,Alluvial_Silt,0,NONE,0,0.0
LS000628,2025-06-02,Assam,Darrang,26.3148,92.0193,30.4,20,3.2,Brahmaputra_Sand_Silt,0,NONE,0,0.0
LS000629,2025-06-03,Assam,Sonitpur,26.7011,92.7914,129.9,66,3.0,Alluvial_Silt,0,NONE,0,0.0
LS000630,2025-06-03,Assam,Dibrugarh,27.3872,94.8181,85.5,83,0.5,Alluvial_Clay,0,NONE,0,0.0
LS000631,2025-06-03,Assam,Cachar,24.8675,92.814,124.7,47,0.8,Barak_Valley_Alluvium,0,NONE,0,0.0
LS000632,2025-06-03,Assam,Nagaon,26.3604,92.5523,117.5,39,0.4,Alluvial_Clay,0,NONE,0,0.0
LS000633,2025-06-03,Meghalaya,East Khasi Hills,25.6216,91.9825,67.4,1461,31.2,Sandstone_Silt,0,NONE,0,0.0
LS000634,2025-06-03,Meghalaya,West Khasi Hills,25.5985,91.4068,228.8,1320,29.1,Red_Loam,1,CRITICAL,1,23.1
LS000635,2025-06-03,Meghalaya,Ri-Bhoi,25.9844,91.8332,47.8,562,16.5,Laterite_Clay,0,NONE,0,0.0
LS000636,2025-06-03,Meghalaya,West Jaintia Hills,25.3539,92.1457,181.0,1298,23.6,Limestone_Clay,0,NONE,0,0.0
LS000637,2025-06-03,Sikkim,East Sikkim,27.2732,88.6991,82.6,1650,42.1,Loose_Phyllite,1,HIGH,1,40.0
LS000638,2025-06-03,Sikkim,North Sikkim,27.6499,88.6922,139.5,2402,47.2,Schist_Shale,1,CRITICAL,1,23.4
LS000639,2025-06-04,Sikkim,South Sikkim,27.1801,88.4374,77.8,1334,34.0,Loose_Phyllite,0,NONE,0,0.0
LS000640,2025-06-04,Nagaland,Kohima,25.5909,94.2126,156.9,1482,35.2,Disang_Shale,1,CRITICAL,1,41.6
LS000641,2025-06-04,Nagaland,Dimapur,26.0543,93.6296,130.9,165,4.3,Alluvial_Sandy_Loam,0,NONE,0,0.0
LS000642,2025-06-04,Nagaland,Mokokchung,26.3843,94.6442,159.0,1263,32.0,Disang_Shale,0,NONE,0,0.0
LS000643,2025-06-04,Manipur,Imphal West,24.8373,93.8294,87.3,749,3.9,Lacustrine_Alluvium,0,NONE,0,0.0
LS000644,2025-06-04,Manipur,Bishnupur,24.7735,93.7771,43.1,732,3.5,Lacustrine_Alluvium,0,NONE,0,0.0
LS000645,2025-06-04,Manipur,Senapati,25.1798,93.9256,83.6,1257,29.4,Clayey_Loam,1,HIGH,1,35.4
LS000646,2025-06-04,Mizoram,Aizawl,23.7613,92.8095,82.4,1113,34.1,Siltstone_Shale,1,HIGH,1,50.7
LS000647,2025-06-04,Mizoram,Kolasib,24.3233,92.6271,80.9,552,22.7,Red_Loam,0,NONE,0,0.0
LS000648,2025-06-04,Mizoram,Lunglei,22.7725,92.6233,154.3,1027,33.3,Siltstone_Shale,0,NONE,0,0.0
LS000649,2025-06-05,Tripura,West Tripura,23.7936,91.4194,130.8,25,2.5,Sandy_Clay,0,NONE,0,0.0
LS000650,2025-06-05,Tripura,Sipahijala,23.5818,91.4548,156.2,65,5.2,Sandy_Clay,0,NONE,0,0.0
LS000651,2025-06-05,Tripura,Dhalai,23.9882,91.8948,156.4,102,13.0,Red_Laterite,0,NONE,0,0.0
LS000652,2025-06-05,Arunachal Pradesh,Tawang,27.703,91.8935,60.8,2885,43.1,Gneissic_Debris,0,NONE,0,0.0
LS000653,2025-06-05,Arunachal Pradesh,West Kameng,27.1671,92.3579,153.4,2228,37.0,Schist_Shale,1,CRITICAL,1,46.5
LS000654,2025-06-05,Arunachal Pradesh,Papum Pare,26.9509,93.6772,130.4,333,18.0,Colluvial_Soil,0,NONE,0,0.0
LS000655,2025-06-05,Arunachal Pradesh,East Siang,28.2056,95.1857,94.4,172,8.3,Alluvial_Gravel,0,NONE,0,0.0
LS000656,2025-06-05,Arunachal Pradesh,Lower Subansiri,27.5834,93.8719,97.9,1513,34.6,Schist_Shale,1,HIGH,1,27.3
LS000657,2025-06-05,Assam,Kamrup Metropolitan,26.2181,91.6576,150.3,35,0.4,Alluvial_Clay,0,NONE,0,0.0
LS000658,2025-06-05,Assam,Kamrup Rural,26.0616,91.6247,72.3,79,2.0,Alluvial_Silt,0,NONE,0,0.0
LS000659,2025-06-06,Assam,Darrang,26.3054,91.9439,158.9,80,0.4,Brahmaputra_Sand_Silt,0,NONE,0,0.0
LS000660,2025-06-06,Assam,Sonitpur,26.5162,92.643,71.2,67,1.8,Alluvial_Silt,0,NONE,0,0.0
LS000661,2025-06-06,Assam,Dibrugarh,27.3727,94.8862,101.0,160,0.4,Alluvial_Clay,0,NONE,0,0.0
LS000662,2025-06-06,Assam,Cachar,24.7137,92.7727,52.5,75,2.2,Barak_Valley_Alluvium,0,NONE,0,0.0
LS000663,2025-06-06,Assam,Nagaon,26.2629,92.6694,77.0,106,2.7,Alluvial_Clay,0,NONE,0,0.0
LS000664,2025-06-06,Meghalaya,East Khasi Hills,25.5244,92.0288,239.2,1439,29.7,Sandstone_Silt,1,CRITICAL,1,21.8
LS000665,2025-06-06,Meghalaya,West Khasi Hills,25.4083,91.1325,204.3,1340,30.0,Red_Loam,1,CRITICAL,1,52.0
LS000666,2025-06-06,Meghalaya,Ri-Bhoi,25.9282,91.9141,203.4,551,17.5,Laterite_Clay,0,NONE,0,0.0
LS000667,2025-06-06,Meghalaya,West Jaintia Hills,25.4961,92.2322,228.0,1325,24.3,Limestone_Clay,1,CRITICAL,1,46.7
LS000668,2025-06-06,Sikkim,East Sikkim,27.2506,88.5135,164.9,1679,42.3,Loose_Phyllite,1,CRITICAL,1,50.9
LS000669,2025-06-07,Sikkim,North Sikkim,27.512,88.5982,89.1,2428,47.2,Schist_Shale,1,HIGH,1,47.8
LS000670,2025-06-07,Sikkim,South Sikkim,27.1915,88.452,115.0,1259,34.0,Loose_Phyllite,0,NONE,0,0.0
LS000671,2025-06-07,Nagaland,Kohima,25.5514,94.2058,152.1,1460,36.3,Disang_Shale,1,CRITICAL,1,44.9
LS000672,2025-06-07,Nagaland,Dimapur,25.7645,93.6287,103.2,172,6.2,Alluvial_Sandy_Loam,0,NONE,0,0.0
LS000673,2025-06-07,Nagaland,Mokokchung,26.2097,94.6055,64.0,1320,30.9,Disang_Shale,0,NONE,0,0.0
LS000674,2025-06-07,Manipur,Imphal West,24.6943,93.95,138.1,748,1.6,Lacustrine_Alluvium,0,NONE,0,0.0
LS000675,2025-06-07,Manipur,Bishnupur,24.5384,93.6279,87.9,766,3.3,Lacustrine_Alluvium,0,NONE,0,0.0
LS000676,2025-06-07,Manipur,Senapati,25.1906,93.8785,128.5,1286,30.5,Clayey_Loam,1,CRITICAL,1,48.2
LS000677,2025-06-07,Mizoram,Aizawl,23.7775,92.8101,134.8,1122,35.4,Siltstone_Shale,1,CRITICAL,1,18.0
LS000678,2025-06-07,Mizoram,Kolasib,24.2361,92.7822,148.4,654,24.6,Red_Loam,0,NONE,0,0.0
LS000679,2025-06-08,Mizoram,Lunglei,22.9361,92.8709,46.3,1033,33.4,Siltstone_Shale,0,NONE,0,0.0
LS000680,2025-06-08,Tripura,West Tripura,23.7052,91.4076,53.2,66,0.4,Sandy_Clay,0,NONE,0,0.0
LS000681,2025-06-08,Tripura,Sipahijala,23.64,91.3334,127.4,51,1.2,Sandy_Clay,0,NONE,0,0.0
LS000682,2025-06-08,Tripura,Dhalai,23.8347,91.9847,71.7,101,14.4,Red_Laterite,0,NONE,0,0.0
LS000683,2025-06-08,Arunachal Pradesh,Tawang,27.474,91.8364,172.5,2927,44.2,Gneissic_Debris,1,CRITICAL,1,44.1
LS000684,2025-06-08,Arunachal Pradesh,West Kameng,27.3027,92.5161,81.9,2173,37.1,Schist_Shale,1,HIGH,1,40.5
LS000685,2025-06-08,Arunachal Pradesh,Papum Pare,27.1926,93.4927,203.6,331,18.0,Colluvial_Soil,0,NONE,0,0.0
LS000686,2025-06-08,Arunachal Pradesh,East Siang,27.9989,95.3134,40.4,206,6.8,Alluvial_Gravel,0,NONE,0,0.0
LS000687,2025-06-08,Arunachal Pradesh,Lower Subansiri,27.5763,93.9145,50.4,1514,32.0,Schist_Shale,0,NONE,0,0.0
LS000688,2025-06-08,Assam,Kamrup Metropolitan,26.1709,91.8137,42.6,115,0.4,Alluvial_Clay,0,NONE,0,0.0
LS000689,2025-06-09,Assam,Kamrup Rural,26.2689,91.6477,140.9,109,1.1,Alluvial_Silt,0,NONE,0,0.0
LS000690,2025-06-09,Assam,Darrang,26.4253,91.9959,110.1,54,1.5,Brahmaputra_Sand_Silt,0,NONE,0,0.0
LS000691,2025-06-09,Assam,Sonitpur,26.5355,92.7635,119.6,97,2.6,Alluvial_Silt,0,NONE,0,0.0
LS000692,2025-06-09,Assam,Dibrugarh,27.3344,95.0289,42.6,90,1.8,Alluvial_Clay,0,NONE,0,0.0
LS000693,2025-06-09,Assam,Cachar,24.8259,92.7095,32.2,20,0.4,Barak_Valley_Alluvium,0,NONE,0,0.0
LS000694,2025-06-09,Assam,Nagaon,26.2861,92.6181,69.7,66,2.8,Alluvial_Clay,0,NONE,0,0.0
LS000695,2025-06-09,Meghalaya,East Khasi Hills,25.7205,91.8117,109.3,1468,32.9,Sandstone_Silt,0,NONE,0,0.0
LS000696,2025-06-09,Meghalaya,West Khasi Hills,25.6077,91.1908,246.8,1273,28.5,Red_Loam,1,CRITICAL,1,38.6
LS000697,2025-06-09,Meghalaya,Ri-Bhoi,25.8825,92.004,122.2,542,17.7,Laterite_Clay,0,NONE,0,0.0
LS000698,2025-06-09,Meghalaya,West Jaintia Hills,25.5602,92.2963,162.5,1335,27.5,Limestone_Clay,0,NONE,0,0.0
LS000699,2025-06-10,Sikkim,East Sikkim,27.4018,88.5775,52.0,1689,43.8,Loose_Phyllite,0,NONE,0,0.0
LS000700,2025-06-10,Sikkim,North Sikkim,27.3587,88.4578,66.7,2496,47.0,Schist_Shale,0,NONE,0,0.0
LS000701,2025-06-10,Sikkim,South Sikkim,27.0299,88.2152,111.7,1286,37.2,Loose_Phyllite,1,HIGH,1,46.1
LS000702,2025-06-10,Nagaland,Kohima,25.7722,94.1101,74.3,1461,37.9,Disang_Shale,0,NONE,0,0.0
LS000703,2025-06-10,Nagaland,Dimapur,25.8294,93.7241,109.5,192,2.2,Alluvial_Sandy_Loam,0,NONE,0,0.0
LS000704,2025-06-10,Nagaland,Mokokchung,26.3511,94.4749,128.5,1280,32.7,Disang_Shale,0,NONE,0,0.0
LS000705,2025-06-10,Manipur,Imphal West,24.9163,93.8139,108.2,728,1.6,Lacustrine_Alluvium,0,NONE,0,0.0
LS000706,2025-06-10,Manipur,Bishnupur,24.6541,93.904,146.5,819,2.1,Lacustrine_Alluvium,0,NONE,0,0.0
LS000707,2025-06-10,Manipur,Senapati,25.172,94.0555,33.6,1255,27.1,Clayey_Loam,0,NONE,0,0.0
LS000708,2025-06-10,Mizoram,Aizawl,23.8074,92.5703,43.9,1186,31.2,Siltstone_Shale,0,NONE,0,0.0
LS000709,2025-06-11,Mizoram,Kolasib,24.3103,92.5971,103.3,627,26.0,Red_Loam,0,NONE,0,0.0
LS000710,2025-06-11,Mizoram,Lunglei,23.0201,92.7828,149.7,1014,33.5,Siltstone_Shale,1,CRITICAL,1,15.3
LS000711,2025-06-11,Tripura,West Tripura,23.8192,91.2023,162.8,20,3.0,Sandy_Clay,0,NONE,0,0.0
LS000712,2025-06-11,Tripura,Sipahijala,23.6041,91.1927,32.2,37,5.5,Sandy_Clay,0,NONE,0,0.0
LS000713,2025-06-11,Tripura,Dhalai,23.9518,91.8684,72.0,156,12.5,Red_Laterite,0,NONE,0,0.0
LS000714,2025-06-11,Arunachal Pradesh,Tawang,27.4685,91.7286,121.8,2875,45.2,Gneissic_Debris,1,CRITICAL,1,32.4
LS000715,2025-06-11,Arunachal Pradesh,West Kameng,27.1928,92.4792,187.2,2254,38.8,Schist_Shale,0,NONE,0,0.0
LS000716,2025-06-11,Arunachal Pradesh,Papum Pare,27.1056,93.5387,125.1,267,20.0,Colluvial_Soil,0,NONE,0,0.0
LS000717,2025-06-11,Arunachal Pradesh,East Siang,28.096,95.3742,111.2,182,7.4,Alluvial_Gravel,0,NONE,0,0.0
LS000718,2025-06-11,Arunachal Pradesh,Lower Subansiri,27.5492,93.7687,191.4,1616,32.0,Schist_Shale,1,CRITICAL,1,40.9
LS000719,2025-06-12,Assam,Kamrup Metropolitan,26.0051,91.7986,133.9,68,2.8,Alluvial_Clay,0,NONE,0,0.0
LS000720,2025-06-12,Assam,Kamrup Rural,26.249,91.6179,112.4,79,2.3,Alluvial_Silt,0,NONE,0,0.0
LS000721,2025-06-12,Assam,Darrang,26.5036,92.0332,152.0,100,0.4,Brahmaputra_Sand_Silt,0,NONE,0,0.0
LS000722,2025-06-12,Assam,Sonitpur,26.6513,92.7307,86.0,78,0.4,Alluvial_Silt,0,NONE,0,0.0
LS000723,2025-06-12,Assam,Dibrugarh,27.5653,94.9909,110.3,71,3.0,Alluvial_Clay,0,NONE,0,0.0
LS000724,2025-06-12,Assam,Cachar,24.8796,92.6956,39.7,20,3.0,Barak_Valley_Alluvium,0,NONE,0,0.0
LS000725,2025-06-12,Assam,Nagaon,26.4316,92.6334,130.3,37,1.4,Alluvial_Clay,0,NONE,0,0.0
LS000726,2025-06-12,Meghalaya,East Khasi Hills,25.4641,91.7594,143.0,1511,30.9,Sandstone_Silt,1,CRITICAL,1,30.6
LS000727,2025-06-12,Meghalaya,West Khasi Hills,25.3814,91.3768,159.1,1284,26.1,Red_Loam,0,NONE,0,0.0
LS000728,2025-06-12,Meghalaya,Ri-Bhoi,25.909,91.8539,150.3,601,18.3,Laterite_Clay,0,NONE,0,0.0
LS000729,2025-06-13,Meghalaya,West Jaintia Hills,25.3601,92.1728,243.4,1342,28.0,Limestone_Clay,0,NONE,0,0.0
LS000730,2025-06-13,Sikkim,East Sikkim,27.2319,88.7152,136.3,1613,43.4,Loose_Phyllite,0,NONE,0,0.0
LS000731,2025-06-13,Sikkim,North Sikkim,27.5393,88.453,105.3,2471,46.3,Schist_Shale,1,HIGH,1,31.3
LS000732,2025-06-13,Sikkim,South Sikkim,27.0828,88.4321,40.9,1313,37.5,Loose_Phyllite,0,NONE,0,0.0
LS000733,2025-06-13,Nagaland,Kohima,25.7542,93.985,118.0,1458,35.5,Disang_Shale,1,HIGH,1,21.9
LS000734,2025-06-13,Nagaland,Dimapur,25.8855,93.7207,67.5,135,1.5,Alluvial_Sandy_Loam,0,NONE,0,0.0
LS000735,2025-06-13,Nagaland,Mokokchung,26.2869,94.3742,127.5,1301,32.3,Disang_Shale,1,CRITICAL,1,23.3
LS000736,2025-06-13,Manipur,Imphal West,24.6724,93.788,76.2,818,0.9,Lacustrine_Alluvium,0,NONE,0,0.0
LS000737,2025-06-13,Manipur,Bishnupur,24.5857,93.6532,122.3,759,3.5,Lacustrine_Alluvium,0,NONE,0,0.0
LS000738,2025-06-13,Manipur,Senapati,25.1296,93.8737,107.0,1227,29.3,Clayey_Loam,0,NONE,0,0.0
LS000739,2025-06-14,Mizoram,Aizawl,23.7343,92.6977,141.3,1157,35.5,Siltstone_Shale,0,NONE,0,0.0
LS000740,2025-06-14,Mizoram,Kolasib,24.3404,92.6378,72.4,574,22.8,Red_Loam,0,NONE,0,0.0
LS000741,2025-06-14,Mizoram,Lunglei,22.9736,92.5957,136.3,988,32.6,Siltstone_Shale,1,CRITICAL,1,44.4
LS000742,2025-06-14,Tripura,West Tripura,23.9017,91.3137,98.9,20,0.4,Sandy_Clay,0,NONE,0,0.0
LS000743,2025-06-14,Tripura,Sipahijala,23.7226,91.2746,85.6,53,1.8,Sandy_Clay,0,NONE,0,0.0
LS000744,2025-06-14,Tripura,Dhalai,23.7146,91.9984,130.0,164,10.0,Red_Laterite,0,NONE,0,0.0
LS000745,2025-06-14,Arunachal Pradesh,Tawang,27.4506,91.7441,147.6,2896,43.9,Gneissic_Debris,1,CRITICAL,1,30.1
LS000746,2025-06-14,Arunachal Pradesh,West Kameng,27.2568,92.3118,71.6,2228,38.9,Schist_Shale,0,NONE,0,0.0
LS000747,2025-06-14,Arunachal Pradesh,Papum Pare,27.0767,93.4969,132.9,326,17.3,Colluvial_Soil,0,NONE,0,0.0
LS000748,2025-06-14,Arunachal Pradesh,East Siang,27.9571,95.4252,107.2,108,9.3,Alluvial_Gravel,0,NONE,0,0.0
LS000749,2025-06-15,Arunachal Pradesh,Lower Subansiri,27.4848,93.9154,83.5,1563,30.9,Schist_Shale,1,HIGH,1,48.8
LS000750,2025-06-15,Assam,Kamrup Metropolitan,26.0734,91.7431,30.4,20,0.5,Alluvial_Clay,0,NONE,0,0.0
LS000751,2025-06-15,Assam,Kamrup Rural,26.0831,91.5764,153.7,114,0.4,Alluvial_Silt,0,NONE,0,0.0
LS000752,2025-06-15,Assam,Darrang,26.4012,91.8818,130.9,77,0.4,Brahmaputra_Sand_Silt,0,NONE,0,0.0
LS000753,2025-06-15,Assam,Sonitpur,26.656,92.7908,42.9,29,3.5,Alluvial_Silt,0,NONE,0,0.0
LS000754,2025-06-15,Assam,Dibrugarh,27.5399,95.0334,99.4,130,0.4,Alluvial_Clay,0,NONE,0,0.0
LS000755,2025-06-15,Assam,Cachar,24.7721,92.7682,58.4,20,3.4,Barak_Valley_Alluvium,0,NONE,0,0.0
LS000756,2025-06-15,Assam,Nagaon,26.4509,92.6421,111.3,90,0.4,Alluvial_Clay,0,NONE,0,0.0
LS000757,2025-06-15,Meghalaya,East Khasi Hills,25.4573,91.9708,188.2,1435,28.0,Sandstone_Silt,1,CRITICAL,1,35.4
LS000758,2025-06-15,Meghalaya,West Khasi Hills,25.5542,91.2086,155.1,1334,27.7,Red_Loam,1,CRITICAL,1,29.5
LS000759,2025-06-16,Meghalaya,Ri-Bhoi,26.0135,91.7579,89.5,594,15.7,Laterite_Clay,0,NONE,0,0.0
LS000760,2025-06-16,Meghalaya,West Jaintia Hills,25.4201,92.187,196.4,1376,25.4,Limestone_Clay,1,CRITICAL,1,32.1
LS000761,2025-06-16,Sikkim,East Sikkim,27.4289,88.6512,55.5,1692,40.3,Loose_Phyllite,0,NONE,0,0.0
LS000762,2025-06-16,Sikkim,North Sikkim,27.5679,88.6945,148.3,2498,46.8,Schist_Shale,1,CRITICAL,1,24.0
LS000763,2025-06-16,Sikkim,South Sikkim,27.1972,88.4407,154.7,1326,35.9,Loose_Phyllite,1,CRITICAL,1,42.7
LS000764,2025-06-16,Nagaland,Kohima,25.7588,94.142,69.9,1490,36.7,Disang_Shale,0,NONE,0,0.0
LS000765,2025-06-16,Nagaland,Dimapur,26.0488,93.6167,37.3,252,3.7,Alluvial_Sandy_Loam,0,NONE,0,0.0
LS000766,2025-06-16,Nagaland,Mokokchung,26.3072,94.389,101.9,1343,30.1,Disang_Shale,1,HIGH,1,46.7
LS000767,2025-06-16,Manipur,Imphal West,24.8704,94.0171,104.1,798,3.3,Lacustrine_Alluvium,0,NONE,0,0.0
LS000768,2025-06-16,Manipur,Bishnupur,24.7691,93.8764,138.0,776,3.6,Lacustrine_Alluvium,0,NONE,0,0.0
LS000769,2025-06-17,Manipur,Senapati,25.1386,94.0585,43.3,1221,29.4,Clayey_Loam,0,NONE,0,0.0
LS000770,2025-06-17,Mizoram,Aizawl,23.7695,92.6122,122.4,1175,33.3,Siltstone_Shale,1,CRITICAL,1,35.7
LS000771,2025-06-17,Mizoram,Kolasib,24.0864,92.723,131.0,570,24.5,Red_Loam,0,NONE,0,0.0
LS000772,2025-06-17,Mizoram,Lunglei,22.8788,92.6396,144.7,1056,31.5,Siltstone_Shale,1,CRITICAL,1,29.4
LS000773,2025-06-17,Tripura,West Tripura,23.9725,91.1519,102.3,20,2.4,Sandy_Clay,0,NONE,0,0.0
LS000774,2025-06-17,Tripura,Sipahijala,23.7301,91.1856,155.3,28,4.5,Sandy_Clay,0,NONE,0,0.0
LS000775,2025-06-17,Tripura,Dhalai,23.957,91.8341,34.1,95,14.4,Red_Laterite,0,NONE,0,0.0
LS000776,2025-06-17,Arunachal Pradesh,Tawang,27.4414,91.8304,99.6,2844,44.8,Gneissic_Debris,1,HIGH,1,44.6
LS000777,2025-06-17,Arunachal Pradesh,West Kameng,27.1418,92.4472,61.7,2219,38.7,Schist_Shale,0,NONE,0,0.0
LS000778,2025-06-17,Arunachal Pradesh,Papum Pare,27.1191,93.663,152.3,318,20.8,Colluvial_Soil,1,CRITICAL,1,49.6
LS000779,2025-06-18,Arunachal Pradesh,East Siang,27.9323,95.2429,72.6,153,8.4,Alluvial_Gravel,0,NONE,0,0.0
LS000780,2025-06-18,Arunachal Pradesh,Lower Subansiri,27.58,93.895,181.4,1546,33.5,Schist_Shale,1,CRITICAL,1,22.9
LS000781,2025-06-18,Assam,Kamrup Metropolitan,26.2223,91.6527,153.3,38,0.5,Alluvial_Clay,0,NONE,0,0.0
LS000782,2025-06-18,Assam,Kamrup Rural,26.275,91.5763,156.3,45,1.9,Alluvial_Silt,0,NONE,0,0.0
LS000783,2025-06-18,Assam,Darrang,26.3512,91.9231,158.9,83,2.3,Brahmaputra_Sand_Silt,0,NONE,0,0.0
LS000784,2025-06-18,Assam,Sonitpur,26.5601,92.7014,41.3,33,4.3,Alluvial_Silt,0,NONE,0,0.0
LS000785,2025-06-18,Assam,Dibrugarh,27.4599,94.9964,34.8,139,0.4,Alluvial_Clay,0,NONE,0,0.0
LS000786,2025-06-18,Assam,Cachar,24.6973,92.8189,96.4,51,2.2,Barak_Valley_Alluvium,0,NONE,0,0.0
LS000787,2025-06-18,Assam,Nagaon,26.3304,92.7315,161.8,68,0.4,Alluvial_Clay,0,NONE,0,0.0
LS000788,2025-06-18,Meghalaya,East Khasi Hills,25.5879,91.7579,231.7,1549,30.2,Sandstone_Silt,1,CRITICAL,1,47.9
LS000789,2025-06-19,Meghalaya,West Khasi Hills,25.6373,91.3443,162.8,1336,26.4,Red_Loam,0,NONE,0,0.0
LS000790,2025-06-19,Meghalaya,Ri-Bhoi,25.9691,91.7685,63.2,539,17.3,Laterite_Clay,0,NONE,0,0.0
LS000791,2025-06-19,Meghalaya,West Jaintia Hills,25.3966,92.3144,100.1,1323,28.4,Limestone_Clay,1,HIGH,1,22.8
LS000792,2025-06-19,Sikkim,East Sikkim,27.4176,88.5386,127.0,1633,44.4,Loose_Phyllite,0,NONE,0,0.0
LS000793,2025-06-19,Sikkim,North Sikkim,27.39,88.5238,36.5,2479,50.4,Schist_Shale,0,NONE,0,0.0
LS000794,2025-06-19,Sikkim,South Sikkim,27.2729,88.3643,129.3,1280,37.3,Loose_Phyllite,0,NONE,0,0.0
LS000795,2025-06-19,Nagaland,Kohima,25.7149,94.0189,83.2,1459,36.9,Disang_Shale,1,HIGH,1,44.8
LS000796,2025-06-19,Nagaland,Dimapur,26.0332,93.6173,131.0,225,4.6,Alluvial_Sandy_Loam,0,NONE,0,0.0
LS000797,2025-06-19,Nagaland,Mokokchung,26.3262,94.5783,134.5,1301,32.1,Disang_Shale,1,CRITICAL,1,38.4
LS000798,2025-06-19,Manipur,Imphal West,24.8357,93.9616,102.4,845,3.0,Lacustrine_Alluvium,0,NONE,0,0.0
LS000799,2025-06-20,Manipur,Bishnupur,24.7068,93.8669,151.3,746,5.4,Lacustrine_Alluvium,0,NONE,0,0.0
LS000800,2025-06-20,Manipur,Senapati,25.1138,93.8919,85.3,1238,27.7,Clayey_Loam,0,NONE,0,0.0
LS000801,2025-06-20,Mizoram,Aizawl,23.6371,92.7927,161.4,1090,35.4,Siltstone_Shale,0,NONE,0,0.0
LS000802,2025-06-20,Mizoram,Kolasib,24.1139,92.5486,115.9,650,23.5,Red_Loam,1,HIGH,1,27.5
LS000803,2025-06-20,Mizoram,Lunglei,22.7397,92.8342,51.4,973,32.1,Siltstone_Shale,0,NONE,0,0.0
LS000804,2025-06-20,Tripura,West Tripura,23.8501,91.2041,122.6,57,2.4,Sandy_Clay,0,NONE,0,0.0
LS000805,2025-06-20,Tripura,Sipahijala,23.7203,91.4016,89.9,20,4.0,Sandy_Clay,0,NONE,0,0.0
LS000806,2025-06-20,Tripura,Dhalai,23.8145,91.825,75.2,180,14.4,Red_Laterite,0,NONE,0,0.0
LS000807,2025-06-20,Arunachal Pradesh,Tawang,27.6017,91.7133,93.5,2872,43.0,Gneissic_Debris,0,NONE,0,0.0
LS000808,2025-06-20,Arunachal Pradesh,West Kameng,27.3726,92.3988,181.0,2168,40.1,Schist_Shale,1,CRITICAL,1,17.9
LS000809,2025-06-21,Arunachal Pradesh,Papum Pare,27.1447,93.6931,176.6,329,19.7,Colluvial_Soil,0,NONE,0,0.0
LS000810,2025-06-21,Arunachal Pradesh,East Siang,28.1335,95.234,200.8,152,7.6,Alluvial_Gravel,0,NONE,0,0.0
LS000811,2025-06-21,Arunachal Pradesh,Lower Subansiri,27.4561,93.7321,144.3,1565,30.5,Schist_Shale,0,NONE,0,0.0
LS000812,2025-06-21,Assam,Kamrup Metropolitan,26.0782,91.6655,123.7,20,1.6,Alluvial_Clay,0,NONE,0,0.0
LS000813,2025-06-21,Assam,Kamrup Rural,26.1342,91.6249,56.5,20,0.4,Alluvial_Silt,0,NONE,0,0.0
LS000814,2025-06-21,Assam,Darrang,26.4811,92.1131,80.6,72,1.7,Brahmaputra_Sand_Silt,0,NONE,0,0.0
LS000815,2025-06-21,Assam,Sonitpur,26.631,92.8144,66.8,63,0.4,Alluvial_Silt,0,NONE,0,0.0
LS000816,2025-06-21,Assam,Dibrugarh,27.4804,95.0491,95.4,114,0.4,Alluvial_Clay,0,NONE,0,0.0
LS000817,2025-06-21,Assam,Cachar,24.8081,92.79,114.9,20,1.0,Barak_Valley_Alluvium,0,NONE,0,0.0
LS000818,2025-06-21,Assam,Nagaon,26.3942,92.6333,110.9,41,0.4,Alluvial_Clay,0,NONE,0,0.0
LS000819,2025-06-22,Meghalaya,East Khasi Hills,25.5879,92.0423,78.6,1535,31.8,Sandstone_Silt,1,HIGH,1,24.2
LS000820,2025-06-22,Meghalaya,West Khasi Hills,25.3944,91.2138,113.7,1250,30.0,Red_Loam,0,NONE,0,0.0
LS000821,2025-06-22,Meghalaya,Ri-Bhoi,25.9363,92.0177,150.5,577,18.4,Laterite_Clay,0,NONE,0,0.0
LS000822,2025-06-22,Meghalaya,West Jaintia Hills,25.5389,92.084,92.0,1302,26.2,Limestone_Clay,0,NONE,0,0.0
LS000823,2025-06-22,Sikkim,East Sikkim,27.4623,88.7031,105.8,1637,42.1,Loose_Phyllite,1,HIGH,1,23.1
LS000824,2025-06-22,Sikkim,North Sikkim,27.496,88.4889,124.1,2473,47.0,Schist_Shale,1,CRITICAL,1,39.1
LS000825,2025-06-22,Sikkim,South Sikkim,27.3045,88.2502,121.5,1338,36.4,Loose_Phyllite,1,CRITICAL,1,34.3
LS000826,2025-06-22,Nagaland,Kohima,25.5447,94.1597,88.0,1479,34.4,Disang_Shale,1,HIGH,1,50.9
LS000827,2025-06-22,Nagaland,Dimapur,26.0075,93.6392,75.4,241,4.8,Alluvial_Sandy_Loam,0,NONE,0,0.0
LS000828,2025-06-22,Nagaland,Mokokchung,26.4076,94.564,35.0,1380,28.9,Disang_Shale,0,NONE,0,0.0
LS000829,2025-06-23,Manipur,Imphal West,24.6741,94.0019,142.8,729,0.4,Lacustrine_Alluvium,0,NONE,0,0.0
LS000830,2025-06-23,Manipur,Bishnupur,24.7207,93.7819,138.1,783,5.1,Lacustrine_Alluvium,0,NONE,0,0.0
LS000831,2025-06-23,Manipur,Senapati,25.2323,93.9953,37.3,1241,29.2,Clayey_Loam,0,NONE,0,0.0
LS000832,2025-06-23,Mizoram,Aizawl,23.7791,92.7281,92.6,1152,34.1,Siltstone_Shale,1,HIGH,1,24.0
LS000833,2025-06-23,Mizoram,Kolasib,24.2938,92.5437,91.4,658,22.4,Red_Loam,0,NONE,0,0.0
LS000834,2025-06-23,Mizoram,Lunglei,22.7618,92.8261,65.4,998,32.0,Siltstone_Shale,0,NONE,0,0.0
LS000835,2025-06-23,Tripura,West Tripura,23.9595,91.2512,64.4,80,2.9,Sandy_Clay,0,NONE,0,0.0
LS000836,2025-06-23,Tripura,Sipahijala,23.645,91.2029,74.4,22,4.5,Sandy_Clay,0,NONE,0,0.0
LS000837,2025-06-23,Tripura,Dhalai,23.7885,91.8902,79.5,118,12.9,Red_Laterite,0,NONE,0,0.0
LS000838,2025-06-23,Arunachal Pradesh,Tawang,27.6746,91.9282,99.4,2887,46.8,Gneissic_Debris,1,HIGH,1,21.2
LS000839,2025-06-24,Arunachal Pradesh,West Kameng,27.3769,92.3083,46.8,2145,35.5,Schist_Shale,0,NONE,0,0.0
LS000840,2025-06-24,Arunachal Pradesh,Papum Pare,27.1115,93.7507,111.1,299,17.1,Colluvial_Soil,0,NONE,0,0.0
LS000841,2025-06-24,Arunachal Pradesh,East Siang,28.1338,95.2395,42.2,210,9.9,Alluvial_Gravel,0,NONE,0,0.0
LS000842,2025-06-24,Arunachal Pradesh,Lower Subansiri,27.4483,93.7462,167.0,1606,31.2,Schist_Shale,0,NONE,0,0.0
LS000843,2025-06-24,Assam,Kamrup Metropolitan,26.1958,91.7564,46.8,20,3.0,Alluvial_Clay,0,NONE,0,0.0
LS000844,2025-06-24,Assam,Kamrup Rural,26.3333,91.5504,68.3,68,0.4,Alluvial_Silt,0,NONE,0,0.0
LS000845,2025-06-24,Assam,Darrang,26.3772,91.9402,32.6,66,1.0,Brahmaputra_Sand_Silt,0,NONE,0,0.0
LS000846,2025-06-24,Assam,Sonitpur,26.5223,92.8392,34.8,30,1.0,Alluvial_Silt,0,NONE,0,0.0
LS000847,2025-06-24,Assam,Dibrugarh,27.3808,94.9078,110.6,90,1.4,Alluvial_Clay,0,NONE,0,0.0
LS000848,2025-06-24,Assam,Cachar,24.8586,92.7986,137.7,20,3.3,Barak_Valley_Alluvium,0,NONE,0,0.0
LS000849,2025-06-25,Assam,Nagaon,26.2458,92.628,84.2,104,0.4,Alluvial_Clay,0,NONE,0,0.0
LS000850,2025-06-25,Meghalaya,East Khasi Hills,25.5596,91.9953,213.0,1447,31.4,Sandstone_Silt,1,CRITICAL,1,18.5
LS000851,2025-06-25,Meghalaya,West Khasi Hills,25.504,91.2436,91.4,1319,27.0,Red_Loam,0,NONE,0,0.0
LS000852,2025-06-25,Meghalaya,Ri-Bhoi,25.8027,91.912,48.0,597,15.4,Laterite_Clay,0,NONE,0,0.0
LS000853,2025-06-25,Meghalaya,West Jaintia Hills,25.5674,92.1089,250.6,1363,27.9,Limestone_Clay,0,NONE,0,0.0
LS000854,2025-06-25,Sikkim,East Sikkim,27.2115,88.4621,106.6,1654,42.7,Loose_Phyllite,1,HIGH,1,29.7
LS000855,2025-06-25,Sikkim,North Sikkim,27.5237,88.6308,125.0,2417,50.5,Schist_Shale,1,CRITICAL,1,42.1
LS000856,2025-06-25,Sikkim,South Sikkim,27.183,88.4996,138.6,1300,37.0,Loose_Phyllite,1,CRITICAL,1,28.5
LS000857,2025-06-25,Nagaland,Kohima,25.6428,94.226,53.5,1455,37.0,Disang_Shale,0,NONE,0,0.0
LS000858,2025-06-25,Nagaland,Dimapur,25.8962,93.7306,109.8,185,3.1,Alluvial_Sandy_Loam,0,NONE,0,0.0
LS000859,2025-06-26,Nagaland,Mokokchung,26.2467,94.6592,87.9,1338,31.9,Disang_Shale,0,NONE,0,0.0
LS000860,2025-06-26,Manipur,Imphal West,24.7091,93.8346,40.2,797,4.4,Lacustrine_Alluvium,0,NONE,0,0.0
LS000861,2025-06-26,Manipur,Bishnupur,24.7727,93.8353,96.0,771,5.7,Lacustrine_Alluvium,0,NONE,0,0.0
LS000862,2025-06-26,Manipur,Senapati,25.3384,93.9295,83.2,1223,28.8,Clayey_Loam,1,HIGH,1,21.8
LS000863,2025-06-26,Mizoram,Aizawl,23.6391,92.8399,124.5,1116,32.4,Siltstone_Shale,1,CRITICAL,1,32.3
LS000864,2025-06-26,Mizoram,Kolasib,24.3345,92.542,137.6,633,23.6,Red_Loam,0,NONE,0,0.0
LS000865,2025-06-26,Mizoram,Lunglei,22.8864,92.8389,90.8,1066,32.7,Siltstone_Shale,1,HIGH,1,27.1
LS000866,2025-06-26,Tripura,West Tripura,23.8525,91.2498,102.9,23,1.4,Sandy_Clay,0,NONE,0,0.0
LS000867,2025-06-26,Tripura,Sipahijala,23.7356,91.317,102.5,20,5.4,Sandy_Clay,0,NONE,0,0.0
LS000868,2025-06-26,Tripura,Dhalai,23.8218,91.9452,157.7,124,11.9,Red_Laterite,0,NONE,0,0.0
LS000869,2025-06-27,Arunachal Pradesh,Tawang,27.6174,91.86,58.5,2857,44.2,Gneissic_Debris,0,NONE,0,0.0
LS000870,2025-06-27,Arunachal Pradesh,West Kameng,27.2689,92.3501,175.5,2159,36.4,Schist_Shale,1,CRITICAL,1,45.3
LS000871,2025-06-27,Arunachal Pradesh,Papum Pare,27.1656,93.5021,155.7,289,18.1,Colluvial_Soil,0,NONE,0,0.0
LS000872,2025-06-27,Arunachal Pradesh,East Siang,27.95,95.3786,39.5,156,7.8,Alluvial_Gravel,0,NONE,0,0.0
LS000873,2025-06-27,Arunachal Pradesh,Lower Subansiri,27.65,93.6867,64.8,1505,30.5,Schist_Shale,0,NONE,0,0.0
LS000874,2025-06-27,Assam,Kamrup Metropolitan,26.0349,91.74,82.6,109,1.6,Alluvial_Clay,0,NONE,0,0.0
LS000875,2025-06-27,Assam,Kamrup Rural,26.1125,91.466,74.3,49,1.4,Alluvial_Silt,0,NONE,0,0.0
LS000876,2025-06-27,Assam,Darrang,26.3076,92.0969,73.6,76,2.7,Brahmaputra_Sand_Silt,0,NONE,0,0.0
LS000877,2025-06-27,Assam,Sonitpur,26.5488,92.8246,137.7,78,3.9,Alluvial_Silt,0,NONE,0,0.0
LS000878,2025-06-27,Assam,Dibrugarh,27.5719,94.9423,75.4,149,1.2,Alluvial_Clay,0,NONE,0,0.0
LS000879,2025-06-28,Assam,Cachar,24.8703,92.7821,129.5,20,2.9,Barak_Valley_Alluvium,0,NONE,0,0.0
LS000880,2025-06-28,Assam,Nagaon,26.3312,92.7112,158.9,33,0.4,Alluvial_Clay,0,NONE,0,0.0
LS000881,2025-06-28,Meghalaya,East Khasi Hills,25.4338,91.9001,235.1,1546,30.5,Sandstone_Silt,1,CRITICAL,1,27.3
LS000882,2025-06-28,Meghalaya,West Khasi Hills,25.4049,91.1389,70.2,1280,30.0,Red_Loam,0,NONE,0,0.0
LS000883,2025-06-28,Meghalaya,Ri-Bhoi,26.0133,91.8894,154.1,586,14.6,Laterite_Clay,0,NONE,0,0.0
LS000884,2025-06-28,Meghalaya,West Jaintia Hills,25.3391,92.231,204.7,1375,23.5,Limestone_Clay,0,NONE,0,0.0
LS000885,2025-06-28,Sikkim,East Sikkim,27.3925,88.5859,62.3,1643,41.4,Loose_Phyllite,0,NONE,0,0.0
LS000886,2025-06-28,Sikkim,North Sikkim,27.5089,88.4688,134.2,2492,48.4,Schist_Shale,0,NONE,0,0.0
LS000887,2025-06-28,Sikkim,South Sikkim,27.1252,88.4414,133.3,1356,37.5,Loose_Phyllite,1,CRITICAL,1,49.6
LS000888,2025-06-28,Nagaland,Kohima,25.5544,93.9988,108.7,1441,37.1,Disang_Shale,1,HIGH,1,38.8
LS000889,2025-06-29,Nagaland,Dimapur,25.7819,93.757,43.5,204,3.3,Alluvial_Sandy_Loam,0,NONE,0,0.0
LS000890,2025-06-29,Nagaland,Mokokchung,26.3877,94.6068,91.0,1333,31.1,Disang_Shale,0,NONE,0,0.0
LS000891,2025-06-29,Manipur,Imphal West,24.7795,93.8484,74.5,827,1.3,Lacustrine_Alluvium,0,NONE,0,0.0
LS000892,2025-06-29,Manipur,Bishnupur,24.5288,93.81,58.2,742,2.3,Lacustrine_Alluvium,0,NONE,0,0.0
LS000893,2025-06-29,Manipur,Senapati,25.2794,94.0436,92.7,1277,29.0,Clayey_Loam,1,HIGH,1,26.4
LS000894,2025-06-29,Mizoram,Aizawl,23.7427,92.7349,118.6,1092,32.4,Siltstone_Shale,1,HIGH,1,29.3
LS000895,2025-06-29,Mizoram,Kolasib,24.1461,92.622,40.8,594,25.9,Red_Loam,0,NONE,0,0.0
LS000896,2025-06-29,Mizoram,Lunglei,22.7714,92.8491,131.0,975,32.7,Siltstone_Shale,1,CRITICAL,1,41.6
LS000897,2025-06-29,Tripura,West Tripura,23.8913,91.1853,147.2,20,2.1,Sandy_Clay,0,NONE,0,0.0
LS000898,2025-06-29,Tripura,Sipahijala,23.7253,91.3462,124.6,59,4.0,Sandy_Clay,0,NONE,0,0.0
LS000899,2025-06-30,Tripura,Dhalai,23.9894,91.7016,32.6,91,13.6,Red_Laterite,0,NONE,0,0.0
LS000900,2025-06-30,Arunachal Pradesh,Tawang,27.6162,91.7358,203.8,2873,43.1,Gneissic_Debris,1,CRITICAL,1,47.0
LS000901,2025-06-30,Arunachal Pradesh,West Kameng,27.1258,92.3812,48.0,2191,38.6,Schist_Shale,0,NONE,0,0.0
LS000902,2025-06-30,Arunachal Pradesh,Papum Pare,27.1639,93.6458,100.6,359,20.1,Colluvial_Soil,0,NONE,0,0.0
LS000903,2025-06-30,Arunachal Pradesh,East Siang,28.0477,95.2365,75.9,179,11.4,Alluvial_Gravel,0,NONE,0,0.0
LS000904,2025-06-30,Arunachal Pradesh,Lower Subansiri,27.4584,93.9152,128.1,1565,32.5,Schist_Shale,1,CRITICAL,1,37.0
LS000905,2025-06-30,Assam,Kamrup Metropolitan,26.0453,91.597,127.7,25,2.0,Alluvial_Clay,0,NONE,0,0.0
LS000906,2025-06-30,Assam,Kamrup Rural,26.0611,91.4948,100.1,49,0.4,Alluvial_Silt,0,NONE,0,0.0
LS000907,2025-06-30,Assam,Darrang,26.4778,92.0363,150.2,86,2.1,Brahmaputra_Sand_Silt,0,NONE,0,0.0
LS000908,2025-06-30,Assam,Sonitpur,26.6487,92.8604,84.8,89,4.2,Alluvial_Silt,0,NONE,0,0.0
LS000909,2025-07-01,Assam,Dibrugarh,27.6118,94.845,39.4,125,3.1,Alluvial_Clay,0,NONE,0,0.0
LS000910,2025-07-01,Assam,Cachar,24.8045,92.6303,110.6,20,1.3,Barak_Valley_Alluvium,0,NONE,0,0.0
LS000911,2025-07-01,Assam,Nagaon,26.2169,92.6223,68.8,20,2.5,Alluvial_Clay,0,NONE,0,0.0
LS000912,2025-07-01,Meghalaya,East Khasi Hills,25.6916,91.9872,169.8,1503,29.3,Sandstone_Silt,1,CRITICAL,1,21.4
LS000913,2025-07-01,Meghalaya,West Khasi Hills,25.4731,91.2551,224.0,1251,29.3,Red_Loam,1,CRITICAL,1,34.8
LS000914,2025-07-01,Meghalaya,Ri-Bhoi,25.8877,91.8682,174.6,565,18.3,Laterite_Clay,0,NONE,0,0.0
LS000915,2025-07-01,Meghalaya,West Jaintia Hills,25.3773,92.1648,110.4,1370,28.5,Limestone_Clay,1,HIGH,1,33.3
LS000916,2025-07-01,Sikkim,East Sikkim,27.2579,88.5512,156.9,1635,42.1,Loose_Phyllite,0,NONE,0,0.0
LS000917,2025-07-01,Sikkim,North Sikkim,27.5997,88.4745,63.1,2401,48.0,Schist_Shale,0,NONE,0,0.0
LS000918,2025-07-01,Sikkim,South Sikkim,27.1226,88.3664,78.9,1262,36.1,Loose_Phyllite,1,HIGH,1,28.2
LS000919,2025-07-02,Nagaland,Kohima,25.7934,94.0393,132.6,1475,36.7,Disang_Shale,1,CRITICAL,1,33.7
LS000920,2025-07-02,Nagaland,Dimapur,25.9065,93.6374,87.3,229,2.5,Alluvial_Sandy_Loam,0,NONE,0,0.0
LS000921,2025-07-02,Nagaland,Mokokchung,26.2438,94.6205,109.7,1367,31.6,Disang_Shale,0,NONE,0,0.0
LS000922,2025-07-02,Manipur,Imphal West,24.699,94.0629,113.9,811,4.5,Lacustrine_Alluvium,0,NONE,0,0.0
LS000923,2025-07-02,Manipur,Bishnupur,24.4844,93.8716,107.9,715,5.2,Lacustrine_Alluvium,0,NONE,0,0.0
LS000924,2025-07-02,Manipur,Senapati,25.2046,94.1294,97.1,1302,31.5,Clayey_Loam,0,NONE,0,0.0
LS000925,2025-07-02,Mizoram,Aizawl,23.7243,92.8629,85.2,1187,33.1,Siltstone_Shale,0,NONE,0,0.0
LS000926,2025-07-02,Mizoram,Kolasib,24.2951,92.5685,31.1,617,26.0,Red_Loam,0,NONE,0,0.0
LS000927,2025-07-02,Mizoram,Lunglei,22.8922,92.7407,124.7,1010,33.3,Siltstone_Shale,1,CRITICAL,1,16.6
LS000928,2025-07-02,Tripura,West Tripura,23.8187,91.1729,51.5,41,1.9,Sandy_Clay,0,NONE,0,0.0
LS000929,2025-07-03,Tripura,Sipahijala,23.4885,91.2252,66.7,46,1.0,Sandy_Clay,0,NONE,0,0.0
LS000930,2025-07-03,Tripura,Dhalai,23.9586,91.7561,149.9,113,10.7,Red_Laterite,0,NONE,0,0.0
LS000931,2025-07-03,Arunachal Pradesh,Tawang,27.62,91.8192,69.0,2903,44.1,Gneissic_Debris,0,NONE,0,0.0
LS000932,2025-07-03,Arunachal Pradesh,West Kameng,27.3402,92.3754,108.9,2191,36.9,Schist_Shale,1,HIGH,1,15.4
LS000933,2025-07-03,Arunachal Pradesh,Papum Pare,26.9897,93.6394,74.4,289,20.1,Colluvial_Soil,0,NONE,0,0.0
LS000934,2025-07-03,Arunachal Pradesh,East Siang,28.1572,95.3426,108.8,204,8.6,Alluvial_Gravel,0,NONE,0,0.0
LS000935,2025-07-03,Arunachal Pradesh,Lower Subansiri,27.6877,93.7249,143.3,1603,29.9,Schist_Shale,0,NONE,0,0.0
LS000936,2025-07-03,Assam,Kamrup Metropolitan,26.0348,91.8542,43.5,75,1.3,Alluvial_Clay,0,NONE,0,0.0
LS000937,2025-07-03,Assam,Kamrup Rural,26.2706,91.502,162.5,69,2.7,Alluvial_Silt,0,NONE,0,0.0
LS000938,2025-07-03,Assam,Darrang,26.3317,91.93,46.1,20,2.7,Brahmaputra_Sand_Silt,0,NONE,0,0.0
LS000939,2025-07-04,Assam,Sonitpur,26.6728,92.7776,106.3,60,0.9,Alluvial_Silt,0,NONE,0,0.0
LS000940,2025-07-04,Assam,Dibrugarh,27.49,95.005,98.2,92,0.4,Alluvial_Clay,0,NONE,0,0.0
LS000941,2025-07-04,Assam,Cachar,24.9435,92.9178,139.4,20,2.2,Barak_Valley_Alluvium,0,NONE,0,0.0
LS000942,2025-07-04,Assam,Nagaon,26.3567,92.8278,161.4,40,0.4,Alluvial_Clay,0,NONE,0,0.0
LS000943,2025-07-04,Meghalaya,East Khasi Hills,25.575,91.9643,212.2,1543,28.4,Sandstone_Silt,1,CRITICAL,1,24.8
LS000944,2025-07-04,Meghalaya,West Khasi Hills,25.4991,91.397,127.2,1331,26.3,Red_Loam,0,NONE,0,0.0
LS000945,2025-07-04,Meghalaya,Ri-Bhoi,25.8512,91.9194,166.8,563,16.0,Laterite_Clay,0,NONE,0,0.0
LS000946,2025-07-04,Meghalaya,West Jaintia Hills,25.3237,92.1531,194.7,1310,25.1,Limestone_Clay,0,NONE,0,0.0
LS000947,2025-07-04,Sikkim,East Sikkim,27.2691,88.6499,149.3,1624,43.9,Loose_Phyllite,1,CRITICAL,1,43.7
LS000948,2025-07-04,Sikkim,North Sikkim,27.6316,88.6244,78.9,2456,50.8,Schist_Shale,1,HIGH,1,31.8
LS000949,2025-07-05,Sikkim,South Sikkim,27.0752,88.2069,121.3,1333,34.9,Loose_Phyllite,1,CRITICAL,1,28.3
LS000950,2025-07-05,Nagaland,Kohima,25.7483,94.1835,102.1,1406,34.1,Disang_Shale,0,NONE,0,0.0
LS000951,2025-07-05,Nagaland,Dimapur,25.7759,93.8411,34.1,205,1.6,Alluvial_Sandy_Loam,0,NONE,0,0.0
LS000952,2025-07-05,Nagaland,Mokokchung,26.3322,94.6688,86.1,1273,29.8,Disang_Shale,0,NONE,0,0.0
LS000953,2025-07-05,Manipur,Imphal West,24.8634,94.0524,79.4,764,0.8,Lacustrine_Alluvium,0,NONE,0,0.0
LS000954,2025-07-05,Manipur,Bishnupur,24.6153,93.6524,41.4,777,5.2,Lacustrine_Alluvium,0,NONE,0,0.0
LS000955,2025-07-05,Manipur,Senapati,25.3091,94.1181,93.0,1231,31.3,Clayey_Loam,1,HIGH,1,43.0
LS000956,2025-07-05,Mizoram,Aizawl,23.8384,92.8481,38.9,1140,32.7,Siltstone_Shale,0,NONE,0,0.0
LS000957,2025-07-05,Mizoram,Kolasib,24.2793,92.5831,38.9,626,24.3,Red_Loam,0,NONE,0,0.0
LS000958,2025-07-05,Mizoram,Lunglei,22.9932,92.7205,129.5,1041,32.2,Siltstone_Shale,1,CRITICAL,1,21.7
LS000959,2025-07-06,Tripura,West Tripura,23.7857,91.2987,132.8,78,0.4,Sandy_Clay,0,NONE,0,0.0
LS000960,2025-07-06,Tripura,Sipahijala,23.6087,91.2087,156.1,20,0.5,Sandy_Clay,0,NONE,0,0.0
LS000961,2025-07-06,Tripura,Dhalai,23.9544,91.8032,52.1,140,12.2,Red_Laterite,0,NONE,0,0.0
LS000962,2025-07-06,Arunachal Pradesh,Tawang,27.5837,91.936,145.2,2878,42.0,Gneissic_Debris,1,CRITICAL,1,21.4
LS000963,2025-07-06,Arunachal Pradesh,West Kameng,27.2024,92.3353,50.9,2140,38.2,Schist_Shale,0,NONE,0,0.0
LS000964,2025-07-06,Arunachal Pradesh,Papum Pare,27.215,93.5977,96.0,291,16.8,Colluvial_Soil,0,NONE,0,0.0
LS000965,2025-07-06,Arunachal Pradesh,East Siang,28.0329,95.2895,147.7,128,7.1,Alluvial_Gravel,0,NONE,0,0.0
LS000966,2025-07-06,Arunachal Pradesh,Lower Subansiri,27.555,93.92,190.5,1578,33.9,Schist_Shale,1,CRITICAL,1,17.2
LS000967,2025-07-06,Assam,Kamrup Metropolitan,26.0799,91.8091,32.6,98,0.4,Alluvial_Clay,0,NONE,0,0.0
LS000968,2025-07-06,Assam,Kamrup Rural,26.0555,91.453,76.8,20,1.6,Alluvial_Silt,0,NONE,0,0.0
LS000969,2025-07-07,Assam,Darrang,26.3836,92.0678,99.0,20,0.4,Brahmaputra_Sand_Silt,0,NONE,0,0.0
LS000970,2025-07-07,Assam,Sonitpur,26.7747,92.6492,143.2,31,1.0,Alluvial_Silt,0,NONE,0,0.0
LS000971,2025-07-07,Assam,Dibrugarh,27.4543,94.7645,132.4,59,0.4,Alluvial_Clay,0,NONE,0,0.0
LS000972,2025-07-07,Assam,Cachar,24.7859,92.7224,37.4,67,1.8,Barak_Valley_Alluvium,0,NONE,0,0.0
LS000973,2025-07-07,Assam,Nagaon,26.4043,92.5435,74.1,20,2.7,Alluvial_Clay,0,NONE,0,0.0
LS000974,2025-07-07,Meghalaya,East Khasi Hills,25.4456,91.976,57.8,1439,30.7,Sandstone_Silt,0,NONE,0,0.0
LS000975,2025-07-07,Meghalaya,West Khasi Hills,25.6287,91.185,182.0,1268,29.6,Red_Loam,1,CRITICAL,1,19.1
LS000976,2025-07-07,Meghalaya,Ri-Bhoi,25.9804,91.8047,124.2,588,18.9,Laterite_Clay,0,NONE,0,0.0
LS000977,2025-07-07,Meghalaya,West Jaintia Hills,25.5984,92.1098,207.8,1364,27.4,Limestone_Clay,1,CRITICAL,1,42.0
LS000978,2025-07-07,Sikkim,East Sikkim,27.4835,88.5983,32.9,1677,44.3,Loose_Phyllite,0,NONE,0,0.0
LS000979,2025-07-08,Sikkim,North Sikkim,27.3976,88.6185,39.2,2485,50.7,Schist_Shale,0,NONE,0,0.0
LS000980,2025-07-08,Sikkim,South Sikkim,27.096,88.3916,158.2,1265,35.5,Loose_Phyllite,1,CRITICAL,1,51.8
LS000981,2025-07-08,Nagaland,Kohima,25.7251,94.2506,162.4,1410,36.5,Disang_Shale,1,CRITICAL,1,14.3
LS000982,2025-07-08,Nagaland,Dimapur,25.807,93.6603,40.0,150,3.3,Alluvial_Sandy_Loam,0,NONE,0,0.0
LS000983,2025-07-08,Nagaland,Mokokchung,26.4657,94.5443,31.2,1348,30.9,Disang_Shale,0,NONE,0,0.0
LS000984,2025-07-08,Manipur,Imphal West,24.7784,93.8136,112.0,745,2.2,Lacustrine_Alluvium,0,NONE,0,0.0
LS000985,2025-07-08,Manipur,Bishnupur,24.5839,93.9054,40.4,807,4.1,Lacustrine_Alluvium,0,NONE,0,0.0
LS000986,2025-07-08,Manipur,Senapati,25.3034,94.0704,133.3,1291,27.5,Clayey_Loam,1,CRITICAL,1,43.5
LS000987,2025-07-08,Mizoram,Aizawl,23.6721,92.7351,36.8,1152,34.3,Siltstone_Shale,0,NONE,0,0.0
LS000988,2025-07-08,Mizoram,Kolasib,24.2016,92.5879,58.0,638,23.9,Red_Loam,0,NONE,0,0.0
LS000989,2025-07-09,Mizoram,Lunglei,22.8052,92.6018,45.4,1050,31.2,Siltstone_Shale,0,NONE,0,0.0
LS000990,2025-07-09,Tripura,West Tripura,23.8906,91.1937,155.9,20,2.3,Sandy_Clay,0,NONE,0,0.0
LS000991,2025-07-09,Tripura,Sipahijala,23.6255,91.4223,84.0,48,5.1,Sandy_Clay,0,NONE,0,0.0
LS000992,2025-07-09,Tripura,Dhalai,23.7207,91.7465,51.1,117,13.6,Red_Laterite,0,NONE,0,0.0
LS000993,2025-07-09,Arunachal Pradesh,Tawang,27.5723,91.9422,190.8,2904,43.9,Gneissic_Debris,1,CRITICAL,1,43.9
LS000994,2025-07-09,Arunachal Pradesh,West Kameng,27.1201,92.5229,78.2,2239,38.6,Schist_Shale,1,HIGH,1,35.6
LS000995,2025-07-09,Arunachal Pradesh,Papum Pare,26.9694,93.7567,206.1,364,17.9,Colluvial_Soil,0,NONE,0,0.0
LS000996,2025-07-09,Arunachal Pradesh,East Siang,28.0653,95.3414,210.5,173,8.1,Alluvial_Gravel,0,NONE,0,0.0
LS000997,2025-07-09,Arunachal Pradesh,Lower Subansiri,27.4966,93.7089,45.2,1584,30.2,Schist_Shale,0,NONE,0,0.0
LS000998,2025-07-09,Assam,Kamrup Metropolitan,26.0334,91.8482,133.0,20,0.4,Alluvial_Clay,0,NONE,0,0.0
LS000999,2025-07-10,Assam,Kamrup Rural,26.0445,91.6045,79.3,47,1.7,Alluvial_Silt,0,NONE,0,0.0
LS001000,2025-07-10,Assam,Darrang,26.5124,91.9578,118.5,38,0.4,Brahmaputra_Sand_Silt,0,NONE,0,0.0
LS001001,2025-07-10,Assam,Sonitpur,26.4877,92.9189,76.7,101,2.1,Alluvial_Silt,0,NONE,0,0.0
LS001002,2025-07-10,Assam,Dibrugarh,27.3468,95.0023,32.5,55,0.4,Alluvial_Clay,0,NONE,0,0.0
LS001003,2025-07-10,Assam,Cachar,24.9504,92.8755,86.1,66,2.8,Barak_Valley_Alluvium,0,NONE,0,0.0
LS001004,2025-07-10,Assam,Nagaon,26.2749,92.5462,37.8,20,2.7,Alluvial_Clay,0,NONE,0,0.0
LS001005,2025-07-10,Meghalaya,East Khasi Hills,25.4936,91.8991,108.4,1442,31.6,Sandstone_Silt,1,HIGH,1,29.3
LS001006,2025-07-10,Meghalaya,West Khasi Hills,25.4168,91.2679,222.9,1251,28.4,Red_Loam,1,CRITICAL,1,23.7
LS001007,2025-07-10,Meghalaya,Ri-Bhoi,25.9175,91.8974,125.5,585,14.5,Laterite_Clay,0,NONE,0,0.0
LS001008,2025-07-10,Meghalaya,West Jaintia Hills,25.4074,92.1876,187.0,1355,25.6,Limestone_Clay,1,CRITICAL,1,32.1
LS001009,2025-07-11,Sikkim,East Sikkim,27.4266,88.6215,60.5,1654,41.2,Loose_Phyllite,0,NONE,0,0.0
LS001010,2025-07-11,Sikkim,North Sikkim,27.6495,88.5329,116.9,2435,50.5,Schist_Shale,1,HIGH,1,51.0
LS001011,2025-07-11,Sikkim,South Sikkim,27.3191,88.4535,78.5,1292,37.5,Loose_Phyllite,1,HIGH,1,17.6
LS001012,2025-07-11,Nagaland,Kohima,25.7429,94.1411,84.6,1452,36.0,Disang_Shale,0,NONE,0,0.0
LS001013,2025-07-11,Nagaland,Dimapur,25.9219,93.8009,81.6,181,6.1,Alluvial_Sandy_Loam,0,NONE,0,0.0
LS001014,2025-07-11,Nagaland,Mokokchung,26.2941,94.5879,100.0,1296,31.5,Disang_Shale,0,NONE,0,0.0
LS001015,2025-07-11,Manipur,Imphal West,24.965,93.8774,98.4,763,4.6,Lacustrine_Alluvium,0,NONE,0,0.0
LS001016,2025-07-11,Manipur,Bishnupur,24.5769,93.846,144.7,830,4.4,Lacustrine_Alluvium,0,NONE,0,0.0
LS001017,2025-07-11,Manipur,Senapati,25.2761,94.0269,34.5,1308,29.9,Clayey_Loam,0,NONE,0,0.0
LS001018,2025-07-11,Mizoram,Aizawl,23.7152,92.6144,141.9,1103,32.3,Siltstone_Shale,1,CRITICAL,1,19.0
LS001019,2025-07-12,Mizoram,Kolasib,24.1399,92.7733,161.9,561,24.9,Red_Loam,0,NONE,0,0.0
LS001020,2025-07-12,Mizoram,Lunglei,22.7952,92.6132,147.2,1001,33.0,Siltstone_Shale,1,CRITICAL,1,44.8
LS001021,2025-07-12,Tripura,West Tripura,23.9292,91.3437,44.8,48,3.7,Sandy_Clay,0,NONE,0,0.0
LS001022,2025-07-12,Tripura,Sipahijala,23.6777,91.1732,65.6,75,3.4,Sandy_Clay,0,NONE,0,0.0
LS001023,2025-07-12,Tripura,Dhalai,23.7168,91.9313,91.3,124,13.9,Red_Laterite,0,NONE,0,0.0
LS001024,2025-07-12,Arunachal Pradesh,Tawang,27.7152,91.7456,140.8,2938,43.1,Gneissic_Debris,0,NONE,0,0.0
LS001025,2025-07-12,Arunachal Pradesh,West Kameng,27.2952,92.2693,64.1,2239,38.7,Schist_Shale,0,NONE,0,0.0
LS001026,2025-07-12,Arunachal Pradesh,Papum Pare,27.1077,93.5624,46.9,332,16.7,Colluvial_Soil,0,NONE,0,0.0
LS001027,2025-07-12,Arunachal Pradesh,East Siang,27.9822,95.1912,214.4,188,11.7,Alluvial_Gravel,0,NONE,0,0.0
LS001028,2025-07-12,Arunachal Pradesh,Lower Subansiri,27.6259,93.8526,79.6,1511,31.0,Schist_Shale,1,HIGH,1,16.9
LS001029,2025-07-13,Assam,Kamrup Metropolitan,26.1128,91.6259,97.8,20,1.1,Alluvial_Clay,0,NONE,0,0.0
LS001030,2025-07-13,Assam,Kamrup Rural,26.1994,91.4908,43.5,49,0.9,Alluvial_Silt,0,NONE,0,0.0
LS001031,2025-07-13,Assam,Darrang,26.3411,91.9215,139.0,63,0.4,Brahmaputra_Sand_Silt,0,NONE,0,0.0
LS001032,2025-07-13,Assam,Sonitpur,26.6552,92.811,119.3,112,2.2,Alluvial_Silt,0,NONE,0,0.0
LS001033,2025-07-13,Assam,Dibrugarh,27.4027,94.891,164.1,135,2.9,Alluvial_Clay,0,NONE,0,0.0
LS001034,2025-07-13,Assam,Cachar,24.8848,92.756,111.6,20,0.4,Barak_Valley_Alluvium,0,NONE,0,0.0
LS001035,2025-07-13,Assam,Nagaon,26.3918,92.7649,42.0,25,3.4,Alluvial_Clay,0,NONE,0,0.0
LS001036,2025-07-13,Meghalaya,East Khasi Hills,25.7258,91.876,135.8,1448,30.2,Sandstone_Silt,1,CRITICAL,1,21.9
LS001037,2025-07-13,Meghalaya,West Khasi Hills,25.43,91.3156,240.2,1239,29.3,Red_Loam,1,CRITICAL,1,27.9
LS001038,2025-07-13,Meghalaya,Ri-Bhoi,25.7837,91.7464,181.3,569,18.6,Laterite_Clay,0,NONE,0,0.0
LS001039,2025-07-14,Meghalaya,West Jaintia Hills,25.546,92.0541,51.0,1358,27.5,Limestone_Clay,0,NONE,0,0.0
LS001040,2025-07-14,Sikkim,East Sikkim,27.3303,88.5561,134.6,1684,42.2,Loose_Phyllite,1,CRITICAL,1,23.5
LS001041,2025-07-14,Sikkim,North Sikkim,27.507,88.4776,151.3,2451,49.1,Schist_Shale,0,NONE,0,0.0
LS001042,2025-07-14,Sikkim,South Sikkim,27.2285,88.4005,30.5,1288,36.6,Loose_Phyllite,0,NONE,0,0.0
LS001043,2025-07-14,Nagaland,Kohima,25.5381,94.0097,152.5,1416,34.3,Disang_Shale,1,CRITICAL,1,29.1
LS001044,2025-07-14,Nagaland,Dimapur,25.8382,93.717,155.8,255,1.3,Alluvial_Sandy_Loam,0,NONE,0,0.0
LS001045,2025-07-14,Nagaland,Mokokchung,26.2564,94.6256,113.2,1344,30.3,Disang_Shale,1,HIGH,1,16.0
LS001046,2025-07-14,Manipur,Imphal West,24.7547,94.0518,144.6,774,0.9,Lacustrine_Alluvium,0,NONE,0,0.0
LS001047,2025-07-14,Manipur,Bishnupur,24.7754,93.6444,128.6,750,3.4,Lacustrine_Alluvium,0,NONE,0,0.0
LS001048,2025-07-14,Manipur,Senapati,25.1364,93.9197,134.8,1248,29.8,Clayey_Loam,1,CRITICAL,1,33.1
LS001049,2025-07-15,Mizoram,Aizawl,23.589,92.8443,37.5,1109,32.2,Siltstone_Shale,0,NONE,0,0.0
LS001050,2025-07-15,Mizoram,Kolasib,24.1171,92.634,127.1,595,23.8,Red_Loam,1,CRITICAL,1,41.6
LS001051,2025-07-15,Mizoram,Lunglei,23.0288,92.8836,91.3,995,33.1,Siltstone_Shale,0,NONE,0,0.0
LS001052,2025-07-15,Tripura,West Tripura,23.9451,91.4039,126.9,79,4.6,Sandy_Clay,0,NONE,0,0.0
LS001053,2025-07-15,Tripura,Sipahijala,23.7697,91.2297,80.8,20,5.0,Sandy_Clay,0,NONE,0,0.0
LS001054,2025-07-15,Tripura,Dhalai,23.7263,91.8147,104.7,166,12.6,Red_Laterite,0,NONE,0,0.0
LS001055,2025-07-15,Arunachal Pradesh,Tawang,27.5043,91.7815,177.8,2859,44.1,Gneissic_Debris,1,CRITICAL,1,14.5
LS001056,2025-07-15,Arunachal Pradesh,West Kameng,27.2961,92.4007,102.9,2156,36.5,Schist_Shale,1,HIGH,1,25.8
LS001057,2025-07-15,Arunachal Pradesh,Papum Pare,27.1128,93.7066,164.9,370,16.7,Colluvial_Soil,0,NONE,0,0.0
LS001058,2025-07-15,Arunachal Pradesh,East Siang,28.1856,95.4489,192.9,150,11.7,Alluvial_Gravel,0,NONE,0,0.0
LS001059,2025-07-16,Arunachal Pradesh,Lower Subansiri,27.4435,93.9599,41.7,1617,30.7,Schist_Shale,0,NONE,0,0.0
LS001060,2025-07-16,Assam,Kamrup Metropolitan,26.1544,91.802,61.2,20,0.4,Alluvial_Clay,0,NONE,0,0.0
LS001061,2025-07-16,Assam,Kamrup Rural,26.2531,91.6416,163.1,110,3.3,Alluvial_Silt,0,NONE,0,0.0
LS001062,2025-07-16,Assam,Darrang,26.393,92.1047,117.5,97,3.1,Brahmaputra_Sand_Silt,0,NONE,0,0.0
LS001063,2025-07-16,Assam,Sonitpur,26.5659,92.8763,135.8,31,0.4,Alluvial_Silt,0,NONE,0,0.0
LS001064,2025-07-16,Assam,Dibrugarh,27.6186,94.9471,86.1,125,1.1,Alluvial_Clay,0,NONE,0,0.0
LS001065,2025-07-16,Assam,Cachar,24.753,92.8351,114.6,20,0.4,Barak_Valley_Alluvium,0,NONE,0,0.0
LS001066,2025-07-16,Assam,Nagaon,26.2354,92.7878,48.9,64,2.1,Alluvial_Clay,0,NONE,0,0.0
LS001067,2025-07-16,Meghalaya,East Khasi Hills,25.6844,91.8907,206.4,1447,28.8,Sandstone_Silt,0,NONE,0,0.0
LS001068,2025-07-16,Meghalaya,West Khasi Hills,25.4826,91.4006,187.5,1338,26.8,Red_Loam,0,NONE,0,0.0
LS001069,2025-07-17,Meghalaya,Ri-Bhoi,25.9727,92.0265,251.4,586,15.0,Laterite_Clay,0,NONE,0,0.0
LS001070,2025-07-17,Meghalaya,West Jaintia Hills,25.5864,92.1818,198.1,1348,25.9,Limestone_Clay,0,NONE,0,0.0
LS001071,2025-07-17,Sikkim,East Sikkim,27.3262,88.5305,48.9,1641,43.4,Loose_Phyllite,0,NONE,0,0.0
LS001072,2025-07-17,Sikkim,North Sikkim,27.5973,88.6161,81.9,2440,49.1,Schist_Shale,1,HIGH,1,23.5
LS001073,2025-07-17,Sikkim,South Sikkim,27.1981,88.3576,133.2,1352,37.2,Loose_Phyllite,1,CRITICAL,1,14.1
LS001074,2025-07-17,Nagaland,Kohima,25.5579,94.0957,109.8,1492,33.5,Disang_Shale,1,HIGH,1,23.4
LS001075,2025-07-17,Nagaland,Dimapur,25.9124,93.6962,120.0,229,1.5,Alluvial_Sandy_Loam,0,NONE,0,0.0
LS001076,2025-07-17,Nagaland,Mokokchung,26.4045,94.6588,50.1,1284,30.0,Disang_Shale,0,NONE,0,0.0
LS001077,2025-07-17,Manipur,Imphal West,24.7584,94.0351,62.5,784,0.5,Lacustrine_Alluvium,0,NONE,0,0.0
LS001078,2025-07-17,Manipur,Bishnupur,24.7581,93.8215,72.3,825,1.7,Lacustrine_Alluvium,0,NONE,0,0.0
LS001079,2025-07-18,Manipur,Senapati,25.2455,94.0768,63.5,1204,27.9,Clayey_Loam,0,NONE,0,0.0
LS001080,2025-07-18,Mizoram,Aizawl,23.8454,92.7315,161.2,1120,32.6,Siltstone_Shale,1,CRITICAL,1,32.3
LS001081,2025-07-18,Mizoram,Kolasib,24.1237,92.7071,125.5,641,26.5,Red_Loam,1,CRITICAL,1,34.2
LS001082,2025-07-18,Mizoram,Lunglei,22.7571,92.6872,121.1,1043,33.5,Siltstone_Shale,1,CRITICAL,1,30.9
LS001083,2025-07-18,Tripura,West Tripura,23.897,91.1739,101.6,20,3.1,Sandy_Clay,0,NONE,0,0.0
LS001084,2025-07-18,Tripura,Sipahijala,23.5106,91.3742,128.5,65,4.5,Sandy_Clay,0,NONE,0,0.0
LS001085,2025-07-18,Tripura,Dhalai,23.9849,91.8136,83.6,128,9.7,Red_Laterite,0,NONE,0,0.0
LS001086,2025-07-18,Arunachal Pradesh,Tawang,27.5367,91.9708,69.7,2950,42.8,Gneissic_Debris,0,NONE,0,0.0
LS001087,2025-07-18,Arunachal Pradesh,West Kameng,27.1682,92.4795,118.9,2193,37.0,Schist_Shale,1,HIGH,1,36.9
LS001088,2025-07-18,Arunachal Pradesh,Papum Pare,27.2387,93.5532,173.0,283,16.6,Colluvial_Soil,0,NONE,0,0.0
LS001089,2025-07-19,Arunachal Pradesh,East Siang,27.9769,95.3628,51.9,127,6.8,Alluvial_Gravel,0,NONE,0,0.0
LS001090,2025-07-19,Arunachal Pradesh,Lower Subansiri,27.5496,93.9222,113.7,1577,34.3,Schist_Shale,1,HIGH,1,48.4
LS001091,2025-07-19,Assam,Kamrup Metropolitan,26.1712,91.7289,158.0,47,0.9,Alluvial_Clay,0,NONE,0,0.0
LS001092,2025-07-19,Assam,Kamrup Rural,26.037,91.6767,83.7,33,1.5,Alluvial_Silt,0,NONE,0,0.0
LS001093,2025-07-19,Assam,Darrang,26.5496,91.8957,164.2,20,0.4,Brahmaputra_Sand_Silt,0,NONE,0,0.0
LS001094,2025-07-19,Assam,Sonitpur,26.5274,92.6523,35.3,91,3.8,Alluvial_Silt,0,NONE,0,0.0
LS001095,2025-07-19,Assam,Dibrugarh,27.5989,94.7767,87.6,101,3.3,Alluvial_Clay,0,NONE,0,0.0
LS001096,2025-07-19,Assam,Cachar,24.7686,92.8272,38.6,54,2.3,Barak_Valley_Alluvium,0,NONE,0,0.0
LS001097,2025-07-19,Assam,Nagaon,26.2484,92.6706,89.0,78,0.4,Alluvial_Clay,0,NONE,0,0.0
LS001098,2025-07-19,Meghalaya,East Khasi Hills,25.6594,91.8401,60.4,1544,29.9,Sandstone_Silt,0,NONE,0,0.0
LS001099,2025-07-20,Meghalaya,West Khasi Hills,25.4882,91.2751,122.5,1257,27.9,Red_Loam,0,NONE,0,0.0
LS001100,2025-07-20,Meghalaya,Ri-Bhoi,26.0078,91.8288,73.5,542,16.6,Laterite_Clay,0,NONE,0,0.0
LS001101,2025-07-20,Meghalaya,West Jaintia Hills,25.4836,92.0828,73.5,1363,28.4,Limestone_Clay,0,NONE,0,0.0
LS001102,2025-07-20,Sikkim,East Sikkim,27.2152,88.6737,66.7,1667,44.2,Loose_Phyllite,0,NONE,0,0.0
LS001103,2025-07-20,Sikkim,North Sikkim,27.4362,88.5827,45.5,2430,47.3,Schist_Shale,0,NONE,0,0.0
LS001104,2025-07-20,Sikkim,South Sikkim,27.207,88.4781,86.1,1318,36.5,Loose_Phyllite,0,NONE,0,0.0
LS001105,2025-07-20,Nagaland,Kohima,25.7147,94.1064,93.6,1403,37.7,Disang_Shale,0,NONE,0,0.0
LS001106,2025-07-20,Nagaland,Dimapur,25.8439,93.6356,38.7,150,1.4,Alluvial_Sandy_Loam,0,NONE,0,0.0
LS001107,2025-07-20,Nagaland,Mokokchung,26.2104,94.6244,68.8,1362,31.6,Disang_Shale,0,NONE,0,0.0
LS001108,2025-07-20,Manipur,Imphal West,24.6806,93.8917,70.4,828,2.9,Lacustrine_Alluvium,0,NONE,0,0.0
LS001109,2025-07-21,Manipur,Bishnupur,24.5428,93.699,46.1,811,1.3,Lacustrine_Alluvium,0,NONE,0,0.0
LS001110,2025-07-21,Manipur,Senapati,25.275,94.0901,125.2,1204,30.4,Clayey_Loam,0,NONE,0,0.0
LS001111,2025-07-21,Mizoram,Aizawl,23.7944,92.7524,51.6,1073,34.7,Siltstone_Shale,0,NONE,0,0.0
LS001112,2025-07-21,Mizoram,Kolasib,24.3201,92.8067,143.1,611,26.6,Red_Loam,0,NONE,0,0.0
LS001113,2025-07-21,Mizoram,Lunglei,22.9237,92.7344,37.7,1040,31.3,Siltstone_Shale,0,NONE,0,0.0
LS001114,2025-07-21,Tripura,West Tripura,23.9503,91.2755,121.3,79,1.7,Sandy_Clay,0,NONE,0,0.0
LS001115,2025-07-21,Tripura,Sipahijala,23.7355,91.2518,73.8,64,3.9,Sandy_Clay,0,NONE,0,0.0
LS001116,2025-07-21,Tripura,Dhalai,23.7056,91.8732,84.3,122,13.5,Red_Laterite,0,NONE,0,0.0
LS001117,2025-07-21,Arunachal Pradesh,Tawang,27.5422,92.0003,198.4,2875,46.2,Gneissic_Debris,0,NONE,0,0.0
LS001118,2025-07-21,Arunachal Pradesh,West Kameng,27.2271,92.4262,59.7,2161,38.4,Schist_Shale,0,NONE,0,0.0
LS001119,2025-07-22,Arunachal Pradesh,Papum Pare,27.129,93.726,145.9,356,17.5,Colluvial_Soil,0,NONE,0,0.0
LS001120,2025-07-22,Arunachal Pradesh,East Siang,28.129,95.2574,103.0,106,9.2,Alluvial_Gravel,0,NONE,0,0.0
LS001121,2025-07-22,Arunachal Pradesh,Lower Subansiri,27.5356,93.9652,126.0,1527,32.5,Schist_Shale,0,NONE,0,0.0
LS001122,2025-07-22,Assam,Kamrup Metropolitan,26.1068,91.5974,104.0,20,3.3,Alluvial_Clay,0,NONE,0,0.0
LS001123,2025-07-22,Assam,Kamrup Rural,26.0425,91.5568,73.9,62,0.4,Alluvial_Silt,0,NONE,0,0.0
LS001124,2025-07-22,Assam,Darrang,26.447,92.1432,78.1,31,2.5,Brahmaputra_Sand_Silt,0,NONE,0,0.0
LS001125,2025-07-22,Assam,Sonitpur,26.7453,92.8892,155.3,138,2.2,Alluvial_Silt,0,NONE,0,0.0
LS001126,2025-07-22,Assam,Dibrugarh,27.3844,94.773,38.2,97,1.9,Alluvial_Clay,0,NONE,0,0.0
LS001127,2025-07-22,Assam,Cachar,24.6845,92.9086,115.8,52,3.5,Barak_Valley_Alluvium,0,NONE,0,0.0
LS001128,2025-07-22,Assam,Nagaon,26.2952,92.8008,82.7,20,1.1,Alluvial_Clay,0,NONE,0,0.0
LS001129,2025-07-23,Meghalaya,East Khasi Hills,25.5225,91.9166,167.3,1469,31.2,Sandstone_Silt,1,CRITICAL,1,33.6
LS001130,2025-07-23,Meghalaya,West Khasi Hills,25.4202,91.196,242.2,1288,27.1,Red_Loam,1,CRITICAL,1,35.7
LS001131,2025-07-23,Meghalaya,Ri-Bhoi,25.7853,91.7748,155.1,525,14.6,Laterite_Clay,0,NONE,0,0.0
LS001132,2025-07-23,Meghalaya,West Jaintia Hills,25.4679,92.0807,175.1,1339,25.3,Limestone_Clay,1,CRITICAL,1,26.0
LS001133,2025-07-23,Sikkim,East Sikkim,27.2314,88.6678,93.1,1626,42.4,Loose_Phyllite,0,NONE,0,0.0
LS001134,2025-07-23,Sikkim,North Sikkim,27.4434,88.6677,97.0,2459,48.2,Schist_Shale,1,HIGH,1,33.6
LS001135,2025-07-23,Sikkim,South Sikkim,27.1612,88.4026,135.5,1253,35.6,Loose_Phyllite,1,CRITICAL,1,50.0
LS001136,2025-07-23,Nagaland,Kohima,25.6427,94.17,144.7,1494,36.3,Disang_Shale,0,NONE,0,0.0
LS001137,2025-07-23,Nagaland,Dimapur,25.9666,93.7624,134.1,174,3.0,Alluvial_Sandy_Loam,0,NONE,0,0.0
LS001138,2025-07-23,Nagaland,Mokokchung,26.4025,94.6128,123.1,1270,33.4,Disang_Shale,1,CRITICAL,1,20.4
LS001139,2025-07-24,Manipur,Imphal West,24.8067,93.8263,154.3,829,3.7,Lacustrine_Alluvium,0,NONE,0,0.0
LS001140,2025-07-24,Manipur,Bishnupur,24.5116,93.7076,111.8,792,4.6,Lacustrine_Alluvium,0,NONE,0,0.0
LS001141,2025-07-24,Manipur,Senapati,25.1795,93.9271,154.5,1300,31.5,Clayey_Loam,1,CRITICAL,1,33.4
LS001142,2025-07-24,Mizoram,Aizawl,23.6861,92.6226,164.5,1187,33.8,Siltstone_Shale,1,CRITICAL,1,39.8
LS001143,2025-07-24,Mizoram,Kolasib,24.3347,92.666,89.8,553,22.3,Red_Loam,0,NONE,0,0.0
LS001144,2025-07-24,Mizoram,Lunglei,22.8736,92.8437,122.6,996,32.8,Siltstone_Shale,1,CRITICAL,1,44.4
LS001145,2025-07-24,Tripura,West Tripura,23.7197,91.1677,82.4,79,3.2,Sandy_Clay,0,NONE,0,0.0
LS001146,2025-07-24,Tripura,Sipahijala,23.6518,91.1833,55.5,20,3.2,Sandy_Clay,0,NONE,0,0.0
LS001147,2025-07-24,Tripura,Dhalai,23.824,91.8863,55.3,150,10.3,Red_Laterite,0,NONE,0,0.0
LS001148,2025-07-24,Arunachal Pradesh,Tawang,27.4559,91.7719,66.8,2928,45.0,Gneissic_Debris,0,NONE,0,0.0
LS001149,2025-07-25,Arunachal Pradesh,West Kameng,27.2451,92.5021,85.1,2209,39.0,Schist_Shale,1,HIGH,1,43.9
LS001150,2025-07-25,Arunachal Pradesh,Papum Pare,27.1513,93.6884,113.4,351,18.9,Colluvial_Soil,0,NONE,0,0.0
LS001151,2025-07-25,Arunachal Pradesh,East Siang,28.0936,95.3149,118.2,166,7.2,Alluvial_Gravel,0,NONE,0,0.0
LS001152,2025-07-25,Arunachal Pradesh,Lower Subansiri,27.4924,93.8017,73.1,1576,30.4,Schist_Shale,0,NONE,0,0.0
LS001153,2025-07-25,Assam,Kamrup Metropolitan,26.2259,91.6999,82.9,58,1.9,Alluvial_Clay,0,NONE,0,0.0
LS001154,2025-07-25,Assam,Kamrup Rural,26.1003,91.4537,49.9,72,2.9,Alluvial_Silt,0,NONE,0,0.0
LS001155,2025-07-25,Assam,Darrang,26.3021,91.925,44.0,20,0.9,Brahmaputra_Sand_Silt,0,NONE,0,0.0
LS001156,2025-07-25,Assam,Sonitpur,26.6685,92.7767,33.6,44,3.0,Alluvial_Silt,0,NONE,0,0.0
LS001157,2025-07-25,Assam,Dibrugarh,27.4939,95.036,80.1,86,2.9,Alluvial_Clay,0,NONE,0,0.0
LS001158,2025-07-25,Assam,Cachar,24.8986,92.9034,74.9,20,2.2,Barak_Valley_Alluvium,0,NONE,0,0.0
LS001159,2025-07-26,Assam,Nagaon,26.3483,92.7883,59.2,113,0.4,Alluvial_Clay,0,NONE,0,0.0
LS001160,2025-07-26,Meghalaya,East Khasi Hills,25.5935,91.7592,188.4,1520,30.8,Sandstone_Silt,1,CRITICAL,1,16.0
LS001161,2025-07-26,Meghalaya,West Khasi Hills,25.3929,91.1947,197.3,1223,26.7,Red_Loam,0,NONE,0,0.0
LS001162,2025-07-26,Meghalaya,Ri-Bhoi,25.8683,91.8254,244.6,538,16.0,Laterite_Clay,0,NONE,0,0.0
LS001163,2025-07-26,Meghalaya,West Jaintia Hills,25.3634,92.102,142.3,1287,24.4,Limestone_Clay,0,NONE,0,0.0
LS001164,2025-07-26,Sikkim,East Sikkim,27.4662,88.7085,76.0,1609,40.9,Loose_Phyllite,1,HIGH,1,39.8
LS001165,2025-07-26,Sikkim,North Sikkim,27.3877,88.4035,91.7,2472,46.1,Schist_Shale,1,HIGH,1,32.7
LS001166,2025-07-26,Sikkim,South Sikkim,27.166,88.331,56.1,1257,34.1,Loose_Phyllite,0,NONE,0,0.0
LS001167,2025-07-26,Nagaland,Kohima,25.6499,94.0954,110.5,1480,36.8,Disang_Shale,0,NONE,0,0.0
LS001168,2025-07-26,Nagaland,Dimapur,25.9438,93.7138,33.4,189,4.1,Alluvial_Sandy_Loam,0,NONE,0,0.0
LS001169,2025-07-27,Nagaland,Mokokchung,26.2816,94.4257,49.6,1337,28.5,Disang_Shale,0,NONE,0,0.0
LS001170,2025-07-27,Manipur,Imphal West,24.8863,94.0004,113.8,759,1.8,Lacustrine_Alluvium,0,NONE,0,0.0
LS001171,2025-07-27,Manipur,Bishnupur,24.5925,93.908,49.6,782,3.4,Lacustrine_Alluvium,0,NONE,0,0.0
LS001172,2025-07-27,Manipur,Senapati,25.2841,94.1485,159.6,1200,27.7,Clayey_Loam,1,CRITICAL,1,51.4
LS001173,2025-07-27,Mizoram,Aizawl,23.8722,92.8627,125.0,1169,31.9,Siltstone_Shale,0,NONE,0,0.0
LS001174,2025-07-27,Mizoram,Kolasib,24.227,92.713,106.7,581,24.4,Red_Loam,0,NONE,0,0.0
LS001175,2025-07-27,Mizoram,Lunglei,23.0181,92.6134,123.8,1041,31.7,Siltstone_Shale,1,CRITICAL,1,51.8
LS001176,2025-07-27,Tripura,West Tripura,23.8654,91.4079,123.8,43,3.5,Sandy_Clay,0,NONE,0,0.0
LS001177,2025-07-27,Tripura,Sipahijala,23.6388,91.3028,111.8,65,2.2,Sandy_Clay,0,NONE,0,0.0
LS001178,2025-07-27,Tripura,Dhalai,23.9933,91.7884,152.2,101,9.7,Red_Laterite,0,NONE,0,0.0
LS001179,2025-07-28,Arunachal Pradesh,Tawang,27.6609,91.9275,49.8,2912,43.3,Gneissic_Debris,0,NONE,0,0.0
LS001180,2025-07-28,Arunachal Pradesh,West Kameng,27.2879,92.4378,152.0,2224,40.5,Schist_Shale,1,CRITICAL,1,30.6
LS001181,2025-07-28,Arunachal Pradesh,Papum Pare,27.1377,93.5526,129.5,270,16.6,Colluvial_Soil,0,NONE,0,0.0
LS001182,2025-07-28,Arunachal Pradesh,East Siang,28.1511,95.2516,52.0,173,8.1,Alluvial_Gravel,0,NONE,0,0.0
LS001183,2025-07-28,Arunachal Pradesh,Lower Subansiri,27.4043,93.7135,103.5,1522,34.5,Schist_Shale,0,NONE,0,0.0
LS001184,2025-07-28,Assam,Kamrup Metropolitan,26.1922,91.6971,164.6,20,0.4,Alluvial_Clay,0,NONE,0,0.0
LS001185,2025-07-28,Assam,Kamrup Rural,26.1805,91.6518,83.9,108,0.4,Alluvial_Silt,0,NONE,0,0.0
LS001186,2025-07-28,Assam,Darrang,26.5922,92.0597,100.5,97,0.4,Brahmaputra_Sand_Silt,0,NONE,0,0.0
LS001187,2025-07-28,Assam,Sonitpur,26.7819,92.8737,95.6,48,2.9,Alluvial_Silt,0,NONE,0,0.0
LS001188,2025-07-28,Assam,Dibrugarh,27.373,94.9353,93.6,155,0.4,Alluvial_Clay,0,NONE,0,0.0
LS001189,2025-07-29,Assam,Cachar,24.9099,92.6637,110.6,20,1.6,Barak_Valley_Alluvium,0,NONE,0,0.0
LS001190,2025-07-29,Assam,Nagaon,26.3381,92.8185,39.1,122,1.2,Alluvial_Clay,0,NONE,0,0.0
LS001191,2025-07-29,Meghalaya,East Khasi Hills,25.6405,91.8857,150.4,1448,30.7,Sandstone_Silt,0,NONE,0,0.0
LS001192,2025-07-29,Meghalaya,West Khasi Hills,25.4466,91.3492,164.8,1268,28.9,Red_Loam,1,CRITICAL,1,51.5
LS001193,2025-07-29,Meghalaya,Ri-Bhoi,25.9549,91.7423,49.0,607,16.7,Laterite_Clay,0,NONE,0,0.0
LS001194,2025-07-29,Meghalaya,West Jaintia Hills,25.5533,92.2331,102.8,1353,27.8,Limestone_Clay,0,NONE,0,0.0
LS001195,2025-07-29,Sikkim,East Sikkim,27.269,88.486,87.0,1673,42.4,Loose_Phyllite,1,HIGH,1,30.0
LS001196,2025-07-29,Sikkim,North Sikkim,27.5526,88.4725,50.4,2476,48.9,Schist_Shale,0,NONE,0,0.0
LS001197,2025-07-29,Sikkim,South Sikkim,27.1212,88.4071,41.3,1263,35.3,Loose_Phyllite,0,NONE,0,0.0
LS001198,2025-07-29,Nagaland,Kohima,25.5276,93.979,121.8,1432,33.8,Disang_Shale,1,CRITICAL,1,31.0
LS001199,2025-07-30,Nagaland,Dimapur,25.8906,93.6433,133.6,171,2.6,Alluvial_Sandy_Loam,0,NONE,0,0.0
LS001200,2025-07-30,Nagaland,Mokokchung,26.3608,94.3871,112.1,1336,31.8,Disang_Shale,1,HIGH,1,29.3
LS001201,2025-07-30,Manipur,Imphal West,24.9521,93.9782,73.2,815,4.5,Lacustrine_Alluvium,0,NONE,0,0.0
LS001202,2025-07-30,Manipur,Bishnupur,24.6638,93.7273,100.3,807,5.5,Lacustrine_Alluvium,0,NONE,0,0.0
LS001203,2025-07-30,Manipur,Senapati,25.4001,94.1288,37.9,1279,27.9,Clayey_Loam,0,NONE,0,0.0
LS001204,2025-07-30,Mizoram,Aizawl,23.7752,92.5903,90.0,1128,35.1,Siltstone_Shale,1,HIGH,1,31.0
LS001205,2025-07-30,Mizoram,Kolasib,24.1981,92.801,133.3,648,25.9,Red_Loam,0,NONE,0,0.0
LS001206,2025-07-30,Mizoram,Lunglei,22.9642,92.6732,160.0,967,30.9,Siltstone_Shale,1,CRITICAL,1,40.7
LS001207,2025-07-30,Tripura,West Tripura,23.6995,91.4235,121.5,20,0.5,Sandy_Clay,0,NONE,0,0.0
LS001208,2025-07-30,Tripura,Sipahijala,23.7788,91.2222,40.3,22,1.4,Sandy_Clay,0,NONE,0,0.0
LS001209,2025-07-31,Tripura,Dhalai,23.7432,91.9306,127.6,107,12.6,Red_Laterite,0,NONE,0,0.0
LS001210,2025-07-31,Arunachal Pradesh,Tawang,27.5686,91.7871,66.4,2844,42.4,Gneissic_Debris,0,NONE,0,0.0
LS001211,2025-07-31,Arunachal Pradesh,West Kameng,27.1897,92.3997,62.6,2254,38.0,Schist_Shale,0,NONE,0,0.0
LS001212,2025-07-31,Arunachal Pradesh,Papum Pare,26.9507,93.478,201.7,309,17.3,Colluvial_Soil,0,NONE,0,0.0
LS001213,2025-07-31,Arunachal Pradesh,East Siang,28.1874,95.3484,180.2,160,10.2,Alluvial_Gravel,0,NONE,0,0.0
LS001214,2025-07-31,Arunachal Pradesh,Lower Subansiri,27.5434,93.8012,90.7,1593,33.8,Schist_Shale,1,HIGH,1,22.4
LS001215,2025-07-31,Assam,Kamrup Metropolitan,26.1565,91.5872,94.0,83,2.8,Alluvial_Clay,0,NONE,0,0.0
LS001216,2025-07-31,Assam,Kamrup Rural,26.2052,91.6925,36.4,43,0.4,Alluvial_Silt,0,NONE,0,0.0
LS001217,2025-07-31,Assam,Darrang,26.3186,92.1801,143.3,74,0.4,Brahmaputra_Sand_Silt,0,NONE,0,0.0
LS001218,2025-07-31,Assam,Sonitpur,26.7721,92.6667,157.0,76,3.4,Alluvial_Silt,0,NONE,0,0.0
LS001219,2025-08-01,Assam,Dibrugarh,27.3837,94.9283,61.8,97,1.6,Alluvial_Clay,0,NONE,0,0.0
LS001220,2025-08-01,Assam,Cachar,24.8003,92.6609,162.8,53,1.1,Barak_Valley_Alluvium,0,NONE,0,0.0
LS001221,2025-08-01,Assam,Nagaon,26.385,92.7546,91.2,21,0.4,Alluvial_Clay,0,NONE,0,0.0
LS001222,2025-08-01,Meghalaya,East Khasi Hills,25.7277,91.8148,172.6,1479,28.3,Sandstone_Silt,0,NONE,0,0.0
LS001223,2025-08-01,Meghalaya,West Khasi Hills,25.4523,91.2702,97.2,1326,29.6,Red_Loam,0,NONE,0,0.0
LS001224,2025-08-01,Meghalaya,Ri-Bhoi,25.7549,91.8318,162.5,533,17.9,Laterite_Clay,0,NONE,0,0.0
LS001225,2025-08-01,Meghalaya,West Jaintia Hills,25.3355,92.2921,216.3,1355,26.1,Limestone_Clay,0,NONE,0,0.0
LS001226,2025-08-01,Sikkim,East Sikkim,27.45,88.6175,43.8,1684,42.4,Loose_Phyllite,0,NONE,0,0.0
LS001227,2025-08-01,Sikkim,North Sikkim,27.3611,88.4425,143.0,2473,46.1,Schist_Shale,1,CRITICAL,1,40.7
LS001228,2025-08-01,Sikkim,South Sikkim,27.2055,88.2728,102.5,1323,34.4,Loose_Phyllite,0,NONE,0,0.0
LS001229,2025-08-02,Nagaland,Kohima,25.5401,94.0508,38.5,1481,33.8,Disang_Shale,0,NONE,0,0.0
LS001230,2025-08-02,Nagaland,Dimapur,26.0074,93.5967,55.1,239,1.8,Alluvial_Sandy_Loam,0,NONE,0,0.0
LS001231,2025-08-02,Nagaland,Mokokchung,26.4148,94.4362,149.1,1362,29.5,Disang_Shale,1,CRITICAL,1,47.3
LS001232,2025-08-02,Manipur,Imphal West,24.9178,94.0082,125.7,776,1.3,Lacustrine_Alluvium,0,NONE,0,0.0
LS001233,2025-08-02,Manipur,Bishnupur,24.6552,93.6557,75.7,817,5.8,Lacustrine_Alluvium,0,NONE,0,0.0
LS001234,2025-08-02,Manipur,Senapati,25.1237,93.912,153.0,1198,27.6,Clayey_Loam,0,NONE,0,0.0
LS001235,2025-08-02,Mizoram,Aizawl,23.7016,92.7765,71.9,1140,31.3,Siltstone_Shale,1,MEDIUM,0,0.0
LS001236,2025-08-02,Mizoram,Kolasib,24.2446,92.57,34.9,651,26.2,Red_Loam,0,NONE,0,0.0
LS001237,2025-08-02,Mizoram,Lunglei,22.9633,92.5947,105.0,1022,29.4,Siltstone_Shale,1,HIGH,1,29.5
LS001238,2025-08-02,Tripura,West Tripura,23.9593,91.3488,32.3,50,4.0,Sandy_Clay,0,NONE,0,0.0
LS001239,2025-08-03,Tripura,Sipahijala,23.7272,91.3938,147.8,60,1.1,Sandy_Clay,0,NONE,0,0.0
LS001240,2025-08-03,Tripura,Dhalai,23.7813,91.8351,93.6,110,14.2,Red_Laterite,0,NONE,0,0.0
LS001241,2025-08-03,Arunachal Pradesh,Tawang,27.4474,91.7634,199.2,2903,45.1,Gneissic_Debris,1,CRITICAL,1,36.1
LS001242,2025-08-03,Arunachal Pradesh,West Kameng,27.3624,92.3563,70.9,2193,35.5,Schist_Shale,0,NONE,0,0.0
LS001243,2025-08-03,Arunachal Pradesh,Papum Pare,26.9857,93.6257,210.7,272,19.1,Colluvial_Soil,0,NONE,0,0.0
LS001244,2025-08-03,Arunachal Pradesh,East Siang,28.212,95.3283,61.7,154,10.6,Alluvial_Gravel,0,NONE,0,0.0
LS001245,2025-08-03,Arunachal Pradesh,Lower Subansiri,27.4829,93.7381,76.4,1601,30.6,Schist_Shale,1,HIGH,1,43.4
LS001246,2025-08-03,Assam,Kamrup Metropolitan,26.2679,91.7355,130.6,20,2.1,Alluvial_Clay,0,NONE,0,0.0
LS001247,2025-08-03,Assam,Kamrup Rural,26.2285,91.4975,33.1,53,0.4,Alluvial_Silt,0,NONE,0,0.0
LS001248,2025-08-03,Assam,Darrang,26.569,92.0169,69.2,20,2.3,Brahmaputra_Sand_Silt,0,NONE,0,0.0
LS001249,2025-08-04,Assam,Sonitpur,26.5366,92.8782,150.5,80,2.2,Alluvial_Silt,0,NONE,0,0.0
LS001250,2025-08-04,Assam,Dibrugarh,27.3934,94.8954,145.3,122,0.4,Alluvial_Clay,0,NONE,0,0.0
LS001251,2025-08-04,Assam,Cachar,24.8864,92.7266,92.1,64,0.4,Barak_Valley_Alluvium,0,NONE,0,0.0
LS001252,2025-08-04,Assam,Nagaon,26.2663,92.6578,160.3,29,0.4,Alluvial_Clay,0,NONE,0,0.0
LS001253,2025-08-04,Meghalaya,East Khasi Hills,25.5701,91.8886,85.7,1543,30.2,Sandstone_Silt,1,HIGH,1,40.5
LS001254,2025-08-04,Meghalaya,West Khasi Hills,25.5428,91.1634,158.4,1267,26.2,Red_Loam,0,NONE,0,0.0
LS001255,2025-08-04,Meghalaya,Ri-Bhoi,25.9396,92.0227,175.2,515,15.7,Laterite_Clay,0,NONE,0,0.0
LS001256,2025-08-04,Meghalaya,West Jaintia Hills,25.4706,92.1342,53.1,1284,27.8,Limestone_Clay,0,NONE,0,0.0
LS001257,2025-08-04,Sikkim,East Sikkim,27.2403,88.5596,36.4,1703,41.0,Loose_Phyllite,0,NONE,0,0.0
LS001258,2025-08-04,Sikkim,North Sikkim,27.5884,88.6858,97.3,2505,46.8,Schist_Shale,1,HIGH,1,22.3
LS001259,2025-08-05,Sikkim,South Sikkim,27.2765,88.2259,73.3,1349,36.3,Loose_Phyllite,0,NONE,0,0.0
LS001260,2025-08-05,Nagaland,Kohima,25.59,94.1006,140.5,1439,34.7,Disang_Shale,0,NONE,0,0.0
LS001261,2025-08-05,Nagaland,Dimapur,25.9777,93.6515,118.6,176,3.5,Alluvial_Sandy_Loam,0,NONE,0,0.0
LS001262,2025-08-05,Nagaland,Mokokchung,26.4532,94.6539,88.3,1376,31.4,Disang_Shale,1,HIGH,1,40.9
LS001263,2025-08-05,Manipur,Imphal West,24.9611,93.7988,76.0,785,3.4,Lacustrine_Alluvium,0,NONE,0,0.0
LS001264,2025-08-05,Manipur,Bishnupur,24.6101,93.7328,62.4,813,5.0,Lacustrine_Alluvium,0,NONE,0,0.0
LS001265,2025-08-05,Manipur,Senapati,25.2457,93.9322,148.2,1261,30.8,Clayey_Loam,1,CRITICAL,1,32.1
LS001266,2025-08-05,Mizoram,Aizawl,23.6991,92.633,72.2,1115,32.0,Siltstone_Shale,0,NONE,0,0.0
LS001267,2025-08-05,Mizoram,Kolasib,24.0972,92.6739,120.3,589,22.8,Red_Loam,0,NONE,0,0.0
LS001268,2025-08-05,Mizoram,Lunglei,22.9011,92.7651,147.9,1018,31.3,Siltstone_Shale,1,CRITICAL,1,43.7
LS001269,2025-08-06,Tripura,West Tripura,23.8924,91.1923,69.9,86,1.5,Sandy_Clay,0,NONE,0,0.0
LS001270,2025-08-06,Tripura,Sipahijala,23.675,91.4201,133.3,20,2.4,Sandy_Clay,0,NONE,0,0.0
LS001271,2025-08-06,Tripura,Dhalai,23.8593,91.789,37.7,176,10.8,Red_Laterite,0,NONE,0,0.0
LS001272,2025-08-06,Arunachal Pradesh,Tawang,27.5988,91.9477,168.5,2940,45.4,Gneissic_Debris,0,NONE,0,0.0
LS001273,2025-08-06,Arunachal Pradesh,West Kameng,27.2152,92.5456,115.6,2205,40.2,Schist_Shale,1,HIGH,1,27.4
LS001274,2025-08-06,Arunachal Pradesh,Papum Pare,27.2168,93.4999,54.5,306,18.3,Colluvial_Soil,0,NONE,0,0.0
LS001275,2025-08-06,Arunachal Pradesh,East Siang,28.0259,95.3705,141.3,185,7.0,Alluvial_Gravel,0,NONE,0,0.0
LS001276,2025-08-06,Arunachal Pradesh,Lower Subansiri,27.4614,93.9744,179.5,1530,32.6,Schist_Shale,1,CRITICAL,1,31.2
LS001277,2025-08-06,Assam,Kamrup Metropolitan,26.2157,91.8119,41.7,106,3.5,Alluvial_Clay,0,NONE,0,0.0
LS001278,2025-08-06,Assam,Kamrup Rural,26.2585,91.4796,138.1,43,2.9,Alluvial_Silt,0,NONE,0,0.0
LS001279,2025-08-07,Assam,Darrang,26.4289,91.8973,53.7,39,0.4,Brahmaputra_Sand_Silt,0,NONE,0,0.0
LS001280,2025-08-07,Assam,Sonitpur,26.6418,92.6794,133.7,108,2.3,Alluvial_Silt,0,NONE,0,0.0
LS001281,2025-08-07,Assam,Dibrugarh,27.5926,94.8976,164.2,95,2.3,Alluvial_Clay,0,NONE,0,0.0
LS001282,2025-08-07,Assam,Cachar,24.9259,92.9112,111.3,20,0.4,Barak_Valley_Alluvium,0,NONE,0,0.0
LS001283,2025-08-07,Assam,Nagaon,26.2214,92.6512,78.7,26,0.4,Alluvial_Clay,0,NONE,0,0.0
LS001284,2025-08-07,Meghalaya,East Khasi Hills,25.4616,91.8261,61.2,1519,28.7,Sandstone_Silt,0,NONE,0,0.0
LS001285,2025-08-07,Meghalaya,West Khasi Hills,25.4213,91.3956,247.2,1222,27.0,Red_Loam,0,NONE,0,0.0
LS001286,2025-08-07,Meghalaya,Ri-Bhoi,25.9124,91.7696,240.2,534,16.1,Laterite_Clay,0,NONE,0,0.0
LS001287,2025-08-07,Meghalaya,West Jaintia Hills,25.3064,92.1067,161.1,1272,27.9,Limestone_Clay,0,NONE,0,0.0
LS001288,2025-08-07,Sikkim,East Sikkim,27.4731,88.6499,139.8,1642,42.4,Loose_Phyllite,1,CRITICAL,1,19.2
LS001289,2025-08-08,Sikkim,North Sikkim,27.586,88.5458,66.8,2475,49.5,Schist_Shale,0,NONE,0,0.0
LS001290,2025-08-08,Sikkim,South Sikkim,27.1536,88.2912,94.1,1256,38.2,Loose_Phyllite,1,HIGH,1,50.7
LS001291,2025-08-08,Nagaland,Kohima,25.7619,94.0266,125.5,1427,38.2,Disang_Shale,1,CRITICAL,1,29.7
LS001292,2025-08-08,Nagaland,Dimapur,25.771,93.6834,33.5,193,6.1,Alluvial_Sandy_Loam,0,NONE,0,0.0
LS001293,2025-08-08,Nagaland,Mokokchung,26.2232,94.5306,120.7,1283,33.4,Disang_Shale,1,CRITICAL,1,39.9
LS001294,2025-08-08,Manipur,Imphal West,24.8749,93.9867,34.2,744,0.5,Lacustrine_Alluvium,0,NONE,0,0.0
LS001295,2025-08-08,Manipur,Bishnupur,24.7805,93.7869,147.4,766,2.3,Lacustrine_Alluvium,0,NONE,0,0.0
LS001296,2025-08-08,Manipur,Senapati,25.2787,93.8704,83.6,1230,31.9,Clayey_Loam,0,NONE,0,0.0
LS001297,2025-08-08,Mizoram,Aizawl,23.7116,92.8602,38.0,1138,32.0,Siltstone_Shale,0,NONE,0,0.0
LS001298,2025-08-08,Mizoram,Kolasib,24.1914,92.6798,147.0,568,26.7,Red_Loam,0,NONE,0,0.0
LS001299,2025-08-09,Mizoram,Lunglei,22.7768,92.881,144.0,1029,33.9,Siltstone_Shale,1,CRITICAL,1,25.1
LS001300,2025-08-09,Tripura,West Tripura,23.8931,91.279,103.1,20,4.4,Sandy_Clay,0,NONE,0,0.0
LS001301,2025-08-09,Tripura,Sipahijala,23.7832,91.3621,30.7,74,3.3,Sandy_Clay,0,NONE,0,0.0
LS001302,2025-08-09,Tripura,Dhalai,23.8326,91.9067,49.1,173,11.9,Red_Laterite,0,NONE,0,0.0
LS001303,2025-08-09,Arunachal Pradesh,Tawang,27.6395,91.7445,147.8,2843,44.0,Gneissic_Debris,1,CRITICAL,1,35.5
LS001304,2025-08-09,Arunachal Pradesh,West Kameng,27.2483,92.2936,190.3,2147,38.5,Schist_Shale,1,CRITICAL,1,42.8
LS001305,2025-08-09,Arunachal Pradesh,Papum Pare,27.1083,93.701,73.3,358,17.4,Colluvial_Soil,0,NONE,0,0.0
LS001306,2025-08-09,Arunachal Pradesh,East Siang,28.0775,95.3096,160.9,180,11.5,Alluvial_Gravel,0,NONE,0,0.0
LS001307,2025-08-09,Arunachal Pradesh,Lower Subansiri,27.5183,93.8271,114.6,1577,32.9,Schist_Shale,0,NONE,0,0.0
LS001308,2025-08-09,Assam,Kamrup Metropolitan,26.267,91.6945,84.0,20,2.3,Alluvial_Clay,0,NONE,0,0.0
LS001309,2025-08-10,Assam,Kamrup Rural,26.1508,91.4157,65.1,42,0.4,Alluvial_Silt,0,NONE,0,0.0
LS001310,2025-08-10,Assam,Darrang,26.5643,91.9073,79.9,85,3.0,Brahmaputra_Sand_Silt,0,NONE,0,0.0
LS001311,2025-08-10,Assam,Sonitpur,26.6085,92.7754,85.9,38,3.6,Alluvial_Silt,0,NONE,0,0.0
LS001312,2025-08-10,Assam,Dibrugarh,27.4499,95.0309,42.1,65,2.5,Alluvial_Clay,0,NONE,0,0.0
LS001313,2025-08-10,Assam,Cachar,24.7264,92.7199,66.4,76,1.9,Barak_Valley_Alluvium,0,NONE,0,0.0
LS001314,2025-08-10,Assam,Nagaon,26.4751,92.7112,131.7,52,0.4,Alluvial_Clay,0,NONE,0,0.0
LS001315,2025-08-10,Meghalaya,East Khasi Hills,25.7031,91.8677,102.4,1501,30.3,Sandstone_Silt,1,HIGH,1,24.7
LS001316,2025-08-10,Meghalaya,West Khasi Hills,25.6345,91.1698,117.2,1326,27.4,Red_Loam,1,HIGH,1,26.3
LS001317,2025-08-10,Meghalaya,Ri-Bhoi,25.7627,91.9779,64.5,596,16.9,Laterite_Clay,0,NONE,0,0.0
LS001318,2025-08-10,Meghalaya,West Jaintia Hills,25.522,92.1174,249.2,1371,23.5,Limestone_Clay,1,CRITICAL,1,45.6
LS001319,2025-08-11,Sikkim,East Sikkim,27.4757,88.7068,128.1,1650,40.1,Loose_Phyllite,1,CRITICAL,1,38.3
LS001320,2025-08-11,Sikkim,North Sikkim,27.4363,88.4538,118.8,2506,49.4,Schist_Shale,1,HIGH,1,51.5
LS001321,2025-08-11,Sikkim,South Sikkim,27.0558,88.2832,109.0,1248,36.7,Loose_Phyllite,0,NONE,0,0.0
LS001322,2025-08-11,Nagaland,Kohima,25.6692,94.0894,34.5,1413,36.4,Disang_Shale,0,NONE,0,0.0
LS001323,2025-08-11,Nagaland,Dimapur,25.9651,93.6134,157.9,200,5.0,Alluvial_Sandy_Loam,0,NONE,0,0.0
LS001324,2025-08-11,Nagaland,Mokokchung,26.2529,94.5445,94.0,1278,30.1,Disang_Shale,1,HIGH,1,26.6
LS001325,2025-08-11,Manipur,Imphal West,24.7076,93.8358,119.2,759,1.5,Lacustrine_Alluvium,0,NONE,0,0.0
LS001326,2025-08-11,Manipur,Bishnupur,24.7689,93.6291,112.8,747,3.6,Lacustrine_Alluvium,0,NONE,0,0.0
LS001327,2025-08-11,Manipur,Senapati,25.2642,94.0899,94.3,1213,30.8,Clayey_Loam,0,NONE,0,0.0
LS001328,2025-08-11,Mizoram,Aizawl,23.6272,92.6644,160.6,1110,34.6,Siltstone_Shale,1,CRITICAL,1,48.7
LS001329,2025-08-12,Mizoram,Kolasib,24.1603,92.7356,117.5,638,23.8,Red_Loam,0,NONE,0,0.0
LS001330,2025-08-12,Mizoram,Lunglei,22.8355,92.6331,109.0,977,31.6,Siltstone_Shale,0,NONE,0,0.0
LS001331,2025-08-12,Tripura,West Tripura,23.827,91.2389,87.0,91,0.4,Sandy_Clay,0,NONE,0,0.0
LS001332,2025-08-12,Tripura,Sipahijala,23.636,91.4115,37.2,73,5.0,Sandy_Clay,0,NONE,0,0.0
LS001333,2025-08-12,Tripura,Dhalai,23.9494,91.8577,115.9,148,13.1,Red_Laterite,0,NONE,0,0.0
LS001334,2025-08-12,Arunachal Pradesh,Tawang,27.6769,91.8346,214.3,2957,42.4,Gneissic_Debris,0,NONE,0,0.0
LS001335,2025-08-12,Arunachal Pradesh,West Kameng,27.3915,92.4098,148.8,2179,39.0,Schist_Shale,0,NONE,0,0.0
LS001336,2025-08-12,Arunachal Pradesh,Papum Pare,27.083,93.7629,213.9,326,19.8,Colluvial_Soil,0,NONE,0,0.0
LS001337,2025-08-12,Arunachal Pradesh,East Siang,28.129,95.1846,164.1,199,7.3,Alluvial_Gravel,0,NONE,0,0.0
LS001338,2025-08-12,Arunachal Pradesh,Lower Subansiri,27.6083,93.8864,63.3,1539,30.5,Schist_Shale,0,NONE,0,0.0
LS001339,2025-08-13,Assam,Kamrup Metropolitan,26.0181,91.7934,76.1,95,0.4,Alluvial_Clay,0,NONE,0,0.0
LS001340,2025-08-13,Assam,Kamrup Rural,26.1803,91.5414,93.3,23,0.4,Alluvial_Silt,0,NONE,0,0.0
LS001341,2025-08-13,Assam,Darrang,26.456,91.8988,95.8,20,3.1,Brahmaputra_Sand_Silt,0,NONE,0,0.0
LS001342,2025-08-13,Assam,Sonitpur,26.5743,92.6457,81.5,30,3.5,Alluvial_Silt,0,NONE,0,0.0
LS001343,2025-08-13,Assam,Dibrugarh,27.3844,95.0324,91.8,71,1.7,Alluvial_Clay,0,NONE,0,0.0
LS001344,2025-08-13,Assam,Cachar,24.727,92.8528,139.8,20,4.0,Barak_Valley_Alluvium,0,NONE,0,0.0
LS001345,2025-08-13,Assam,Nagaon,26.2434,92.6842,97.1,97,1.6,Alluvial_Clay,0,NONE,0,0.0
LS001346,2025-08-13,Meghalaya,East Khasi Hills,25.4493,91.9892,47.5,1527,28.1,Sandstone_Silt,0,NONE,0,0.0
LS001347,2025-08-13,Meghalaya,West Khasi Hills,25.4175,91.1946,66.3,1335,29.3,Red_Loam,0,NONE,0,0.0
LS001348,2025-08-13,Meghalaya,Ri-Bhoi,25.9676,92.0073,81.2,607,16.5,Laterite_Clay,0,NONE,0,0.0
LS001349,2025-08-14,Meghalaya,West Jaintia Hills,25.4099,92.2268,77.6,1326,26.9,Limestone_Clay,0,NONE,0,0.0
LS001350,2025-08-14,Sikkim,East Sikkim,27.4393,88.7509,164.7,1644,40.6,Loose_Phyllite,1,CRITICAL,1,29.6
LS001351,2025-08-14,Sikkim,North Sikkim,27.3839,88.6954,133.8,2405,48.3,Schist_Shale,0,NONE,0,0.0
LS001352,2025-08-14,Sikkim,South Sikkim,27.1687,88.3084,110.2,1276,36.5,Loose_Phyllite,1,HIGH,1,14.1
LS001353,2025-08-14,Nagaland,Kohima,25.6235,93.9933,99.1,1416,35.6,Disang_Shale,0,NONE,0,0.0
LS001354,2025-08-14,Nagaland,Dimapur,25.9629,93.8298,52.2,163,4.1,Alluvial_Sandy_Loam,0,NONE,0,0.0
LS001355,2025-08-14,Nagaland,Mokokchung,26.4316,94.4266,61.7,1268,33.0,Disang_Shale,0,NONE,0,0.0
LS001356,2025-08-14,Manipur,Imphal West,24.9487,93.897,89.4,726,4.7,Lacustrine_Alluvium,0,NONE,0,0.0
LS001357,2025-08-14,Manipur,Bishnupur,24.514,93.7459,120.9,794,4.4,Lacustrine_Alluvium,0,NONE,0,0.0
LS001358,2025-08-14,Manipur,Senapati,25.2284,94.0685,67.3,1203,30.7,Clayey_Loam,0,NONE,0,0.0
LS001359,2025-08-15,Mizoram,Aizawl,23.6277,92.6767,107.9,1095,32.2,Siltstone_Shale,1,HIGH,1,45.1
LS001360,2025-08-15,Mizoram,Kolasib,24.3672,92.5668,38.2,657,24.1,Red_Loam,0,NONE,0,0.0
LS001361,2025-08-15,Mizoram,Lunglei,22.9594,92.8198,130.3,1035,30.4,Siltstone_Shale,0,NONE,0,0.0
LS001362,2025-08-15,Tripura,West Tripura,23.8746,91.2569,62.6,35,2.9,Sandy_Clay,0,NONE,0,0.0
LS001363,2025-08-15,Tripura,Sipahijala,23.7813,91.3154,134.7,20,4.3,Sandy_Clay,0,NONE,0,0.0
LS001364,2025-08-15,Tripura,Dhalai,23.7752,91.8492,66.7,160,14.2,Red_Laterite,0,NONE,0,0.0
LS001365,2025-08-15,Arunachal Pradesh,Tawang,27.6574,91.9585,150.1,2903,45.4,Gneissic_Debris,1,CRITICAL,1,32.7
LS001366,2025-08-15,Arunachal Pradesh,West Kameng,27.2293,92.4697,165.9,2159,37.0,Schist_Shale,1,CRITICAL,1,20.0
LS001367,2025-08-15,Arunachal Pradesh,Papum Pare,27.1785,93.6649,84.3,326,19.8,Colluvial_Soil,0,NONE,0,0.0
LS001368,2025-08-15,Arunachal Pradesh,East Siang,27.9766,95.3746,120.7,157,9.2,Alluvial_Gravel,0,NONE,0,0.0
LS001369,2025-08-16,Arunachal Pradesh,Lower Subansiri,27.6428,93.8422,140.7,1502,34.7,Schist_Shale,1,CRITICAL,1,45.2
LS001370,2025-08-16,Assam,Kamrup Metropolitan,26.1236,91.8607,149.5,44,1.0,Alluvial_Clay,0,NONE,0,0.0
LS001371,2025-08-16,Assam,Kamrup Rural,26.1678,91.4228,57.6,20,1.2,Alluvial_Silt,0,NONE,0,0.0
LS001372,2025-08-16,Assam,Darrang,26.3929,92.0928,114.6,54,0.8,Brahmaputra_Sand_Silt,0,NONE,0,0.0
LS001373,2025-08-16,Assam,Sonitpur,26.6005,92.8718,47.3,90,3.0,Alluvial_Silt,0,NONE,0,0.0
LS001374,2025-08-16,Assam,Dibrugarh,27.5284,94.9337,110.0,108,1.1,Alluvial_Clay,0,NONE,0,0.0
LS001375,2025-08-16,Assam,Cachar,24.7,92.7079,86.8,40,4.2,Barak_Valley_Alluvium,0,NONE,0,0.0
LS001376,2025-08-16,Assam,Nagaon,26.301,92.8273,125.3,45,0.4,Alluvial_Clay,0,NONE,0,0.0
LS001377,2025-08-16,Meghalaya,East Khasi Hills,25.4673,91.8532,212.1,1533,31.7,Sandstone_Silt,0,NONE,0,0.0
LS001378,2025-08-16,Meghalaya,West Khasi Hills,25.6274,91.2124,218.9,1232,27.6,Red_Loam,0,NONE,0,0.0
LS001379,2025-08-17,Meghalaya,Ri-Bhoi,25.8736,91.7469,101.5,521,15.2,Laterite_Clay,0,NONE,0,0.0
LS001380,2025-08-17,Meghalaya,West Jaintia Hills,25.4778,92.3231,142.1,1278,27.8,Limestone_Clay,1,CRITICAL,1,26.1
LS001381,2025-08-17,Sikkim,East Sikkim,27.2398,88.618,40.8,1594,41.8,Loose_Phyllite,0,NONE,0,0.0
LS001382,2025-08-17,Sikkim,North Sikkim,27.5204,88.6704,86.8,2424,46.1,Schist_Shale,1,HIGH,1,33.9
LS001383,2025-08-17,Sikkim,South Sikkim,27.0267,88.295,83.5,1313,35.7,Loose_Phyllite,0,NONE,0,0.0
LS001384,2025-08-17,Nagaland,Kohima,25.7676,93.9886,117.2,1466,34.3,Disang_Shale,1,HIGH,1,45.4
LS001385,2025-08-17,Nagaland,Dimapur,26.0002,93.7777,121.6,156,4.4,Alluvial_Sandy_Loam,0,NONE,0,0.0
LS001386,2025-08-17,Nagaland,Mokokchung,26.3058,94.5191,61.2,1368,33.4,Disang_Shale,0,NONE,0,0.0
LS001387,2025-08-17,Manipur,Imphal West,24.9221,93.851,106.4,758,0.4,Lacustrine_Alluvium,0,NONE,0,0.0
LS001388,2025-08-17,Manipur,Bishnupur,24.603,93.6823,110.5,805,5.8,Lacustrine_Alluvium,0,NONE,0,0.0
LS001389,2025-08-18,Manipur,Senapati,25.2835,94.0376,136.4,1224,27.3,Clayey_Loam,0,NONE,0,0.0
LS001390,2025-08-18,Mizoram,Aizawl,23.7197,92.6305,99.3,1171,30.9,Siltstone_Shale,0,NONE,0,0.0
LS001391,2025-08-18,Mizoram,Kolasib,24.2214,92.62,157.6,634,24.7,Red_Loam,0,NONE,0,0.0
LS001392,2025-08-18,Mizoram,Lunglei,22.8507,92.7775,82.7,1018,32.4,Siltstone_Shale,0,NONE,0,0.0
LS001393,2025-08-18,Tripura,West Tripura,23.9458,91.3252,153.9,41,3.9,Sandy_Clay,0,NONE,0,0.0
LS001394,2025-08-18,Tripura,Sipahijala,23.5489,91.4506,43.0,67,5.2,Sandy_Clay,0,NONE,0,0.0
LS001395,2025-08-18,Tripura,Dhalai,23.8914,91.9427,33.1,189,13.3,Red_Laterite,0,NONE,0,0.0
LS001396,2025-08-18,Arunachal Pradesh,Tawang,27.6059,91.8974,174.8,2906,43.0,Gneissic_Debris,0,NONE,0,0.0
LS001397,2025-08-18,Arunachal Pradesh,West Kameng,27.1866,92.4898,149.6,2237,37.0,Schist_Shale,1,CRITICAL,1,44.0
LS001398,2025-08-18,Arunachal Pradesh,Papum Pare,27.046,93.7157,144.2,268,19.2,Colluvial_Soil,0,NONE,0,0.0
LS001399,2025-08-19,Arunachal Pradesh,East Siang,27.9961,95.2621,151.1,115,8.0,Alluvial_Gravel,0,NONE,0,0.0
LS001400,2025-08-19,Arunachal Pradesh,Lower Subansiri,27.5218,93.7141,115.4,1524,30.0,Schist_Shale,1,HIGH,1,22.9
LS001401,2025-08-19,Assam,Kamrup Metropolitan,26.0877,91.7318,102.8,50,0.8,Alluvial_Clay,0,NONE,0,0.0
LS001402,2025-08-19,Assam,Kamrup Rural,26.0956,91.4938,97.7,20,0.4,Alluvial_Silt,0,NONE,0,0.0
LS001403,2025-08-19,Assam,Darrang,26.4996,91.9338,89.7,101,0.4,Brahmaputra_Sand_Silt,0,NONE,0,0.0
LS001404,2025-08-19,Assam,Sonitpur,26.7185,92.6592,97.8,132,0.4,Alluvial_Silt,0,NONE,0,0.0
LS001405,2025-08-19,Assam,Dibrugarh,27.583,95.0322,73.1,100,2.8,Alluvial_Clay,0,NONE,0,0.0
LS001406,2025-08-19,Assam,Cachar,24.949,92.748,146.2,72,2.9,Barak_Valley_Alluvium,0,NONE,0,0.0
LS001407,2025-08-19,Assam,Nagaon,26.2288,92.7543,65.8,123,0.4,Alluvial_Clay,0,NONE,0,0.0
LS001408,2025-08-19,Meghalaya,East Khasi Hills,25.6029,91.9758,255.1,1497,29.3,Sandstone_Silt,1,CRITICAL,1,15.2
LS001409,2025-08-20,Meghalaya,West Khasi Hills,25.4314,91.1467,47.6,1323,27.1,Red_Loam,0,NONE,0,0.0
LS001410,2025-08-20,Meghalaya,Ri-Bhoi,25.9712,91.9718,235.8,585,15.2,Laterite_Clay,0,NONE,0,0.0
LS001411,2025-08-20,Meghalaya,West Jaintia Hills,25.3433,92.1025,237.8,1305,25.7,Limestone_Clay,0,NONE,0,0.0
LS001412,2025-08-20,Sikkim,East Sikkim,27.3657,88.6036,36.0,1637,43.0,Loose_Phyllite,0,NONE,0,0.0
LS001413,2025-08-20,Sikkim,North Sikkim,27.5137,88.5425,136.5,2421,50.8,Schist_Shale,0,NONE,0,0.0
LS001414,2025-08-20,Sikkim,South Sikkim,27.3011,88.3089,136.4,1331,35.5,Loose_Phyllite,1,CRITICAL,1,20.9
LS001415,2025-08-20,Nagaland,Kohima,25.7187,94.2302,86.2,1384,37.5,Disang_Shale,0,NONE,0,0.0
LS001416,2025-08-20,Nagaland,Dimapur,26.0391,93.7847,133.5,235,4.7,Alluvial_Sandy_Loam,0,NONE,0,0.0
LS001417,2025-08-20,Nagaland,Mokokchung,26.2904,94.5617,163.9,1349,30.3,Disang_Shale,1,CRITICAL,1,49.7
LS001418,2025-08-20,Manipur,Imphal West,24.7036,94.0469,103.2,834,1.9,Lacustrine_Alluvium,0,NONE,0,0.0
LS001419,2025-08-21,Manipur,Bishnupur,24.7706,93.8928,112.0,827,2.3,Lacustrine_Alluvium,0,NONE,0,0.0
LS001420,2025-08-21,Manipur,Senapati,25.3568,93.9306,78.1,1216,31.3,Clayey_Loam,1,HIGH,1,27.8
LS001421,2025-08-21,Mizoram,Aizawl,23.7088,92.6628,85.6,1173,34.3,Siltstone_Shale,1,HIGH,1,25.4
LS001422,2025-08-21,Mizoram,Kolasib,24.0802,92.7899,116.7,655,25.9,Red_Loam,1,HIGH,1,38.1
LS001423,2025-08-21,Mizoram,Lunglei,22.9511,92.8679,144.7,1002,32.6,Siltstone_Shale,1,CRITICAL,1,51.0
LS001424,2025-08-21,Tripura,West Tripura,23.9276,91.3841,124.8,64,0.9,Sandy_Clay,0,NONE,0,0.0
LS001425,2025-08-21,Tripura,Sipahijala,23.6113,91.3808,56.3,42,4.2,Sandy_Clay,0,NONE,0,0.0
LS001426,2025-08-21,Tripura,Dhalai,23.7082,91.7156,65.8,162,10.4,Red_Laterite,0,NONE,0,0.0
LS001427,2025-08-21,Arunachal Pradesh,Tawang,27.6284,91.7103,121.7,2865,45.1,Gneissic_Debris,1,CRITICAL,1,39.3
LS001428,2025-08-21,Arunachal Pradesh,West Kameng,27.1392,92.3132,109.1,2206,39.1,Schist_Shale,1,HIGH,1,42.7
LS001429,2025-08-22,Arunachal Pradesh,Papum Pare,27.1452,93.5056,62.0,336,19.4,Colluvial_Soil,0,NONE,0,0.0
LS001430,2025-08-22,Arunachal Pradesh,East Siang,28.0118,95.3195,51.9,189,7.4,Alluvial_Gravel,0,NONE,0,0.0
LS001431,2025-08-22,Arunachal Pradesh,Lower Subansiri,27.5779,93.7783,50.1,1536,30.9,Schist_Shale,0,NONE,0,0.0
LS001432,2025-08-22,Assam,Kamrup Metropolitan,26.0491,91.8491,148.1,115,2.9,Alluvial_Clay,0,NONE,0,0.0
LS001433,2025-08-22,Assam,Kamrup Rural,26.0412,91.4189,130.6,69,1.6,Alluvial_Silt,0,NONE,0,0.0
LS001434,2025-08-22,Assam,Darrang,26.5741,92.1732,136.7,20,0.4,Brahmaputra_Sand_Silt,0,NONE,0,0.0
LS001435,2025-08-22,Assam,Sonitpur,26.4987,92.828,144.3,94,0.9,Alluvial_Silt,0,NONE,0,0.0
LS001436,2025-08-22,Assam,Dibrugarh,27.4332,95.0462,146.1,63,0.4,Alluvial_Clay,0,NONE,0,0.0
LS001437,2025-08-22,Assam,Cachar,24.9153,92.9074,143.7,70,2.7,Barak_Valley_Alluvium,0,NONE,0,0.0
LS001438,2025-08-22,Assam,Nagaon,26.4093,92.5912,150.1,114,2.6,Alluvial_Clay,0,NONE,0,0.0
LS001439,2025-08-23,Meghalaya,East Khasi Hills,25.6527,91.8579,193.3,1485,32.3,Sandstone_Silt,0,NONE,0,0.0
LS001440,2025-08-23,Meghalaya,West Khasi Hills,25.6586,91.1949,103.7,1306,26.4,Red_Loam,0,NONE,0,0.0
LS001441,2025-08-23,Meghalaya,Ri-Bhoi,25.9877,91.7386,188.8,523,15.2,Laterite_Clay,0,NONE,0,0.0
LS001442,2025-08-23,Meghalaya,West Jaintia Hills,25.3745,92.2249,244.2,1352,25.8,Limestone_Clay,0,NONE,0,0.0
LS001443,2025-08-23,Sikkim,East Sikkim,27.2289,88.5535,142.5,1678,41.5,Loose_Phyllite,0,NONE,0,0.0
LS001444,2025-08-23,Sikkim,North Sikkim,27.465,88.527,119.8,2466,47.3,Schist_Shale,1,HIGH,1,26.0
LS001445,2025-08-23,Sikkim,South Sikkim,27.0376,88.2999,88.2,1270,36.1,Loose_Phyllite,1,HIGH,1,41.2
LS001446,2025-08-23,Nagaland,Kohima,25.707,94.1598,111.7,1482,36.3,Disang_Shale,0,NONE,0,0.0
LS001447,2025-08-23,Nagaland,Dimapur,25.7705,93.6536,96.9,214,3.2,Alluvial_Sandy_Loam,0,NONE,0,0.0
LS001448,2025-08-23,Nagaland,Mokokchung,26.3764,94.4097,100.0,1374,31.3,Disang_Shale,0,NONE,0,0.0
LS001449,2025-08-24,Manipur,Imphal West,24.7451,93.9379,90.2,844,1.4,Lacustrine_Alluvium,0,NONE,0,0.0
LS001450,2025-08-24,Manipur,Bishnupur,24.5093,93.8276,31.1,765,1.7,Lacustrine_Alluvium,0,NONE,0,0.0
LS001451,2025-08-24,Manipur,Senapati,25.1232,93.8984,153.9,1301,31.9,Clayey_Loam,1,CRITICAL,1,35.7
LS001452,2025-08-24,Mizoram,Aizawl,23.6853,92.6966,143.3,1185,34.9,Siltstone_Shale,1,CRITICAL,1,15.1
LS001453,2025-08-24,Mizoram,Kolasib,24.2985,92.6091,97.1,590,24.2,Red_Loam,0,NONE,0,0.0
LS001454,2025-08-24,Mizoram,Lunglei,22.9511,92.7374,75.9,979,31.8,Siltstone_Shale,1,HIGH,1,28.4
LS001455,2025-08-24,Tripura,West Tripura,23.8725,91.2688,143.1,20,0.4,Sandy_Clay,0,NONE,0,0.0
LS001456,2025-08-24,Tripura,Sipahijala,23.4958,91.2401,75.8,62,2.8,Sandy_Clay,0,NONE,0,0.0
LS001457,2025-08-24,Tripura,Dhalai,23.9686,91.8485,55.4,136,11.3,Red_Laterite,0,NONE,0,0.0
LS001458,2025-08-24,Arunachal Pradesh,Tawang,27.5817,91.8573,79.4,2948,45.6,Gneissic_Debris,1,HIGH,1,47.4
LS001459,2025-08-25,Arunachal Pradesh,West Kameng,27.2194,92.327,194.0,2176,36.4,Schist_Shale,0,NONE,0,0.0
LS001460,2025-08-25,Arunachal Pradesh,Papum Pare,27.103,93.5484,181.9,374,19.3,Colluvial_Soil,0,NONE,0,0.0
LS001461,2025-08-25,Arunachal Pradesh,East Siang,28.2154,95.1772,177.6,193,9.6,Alluvial_Gravel,0,NONE,0,0.0
LS001462,2025-08-25,Arunachal Pradesh,Lower Subansiri,27.4231,93.9105,192.7,1586,30.4,Schist_Shale,0,NONE,0,0.0
LS001463,2025-08-25,Assam,Kamrup Metropolitan,26.0798,91.8806,155.3,20,0.7,Alluvial_Clay,0,NONE,0,0.0
LS001464,2025-08-25,Assam,Kamrup Rural,26.3204,91.6631,122.0,20,0.4,Alluvial_Silt,0,NONE,0,0.0
LS001465,2025-08-25,Assam,Darrang,26.5143,92.025,81.7,72,3.4,Brahmaputra_Sand_Silt,0,NONE,0,0.0
LS001466,2025-08-25,Assam,Sonitpur,26.4855,92.9335,138.7,101,2.7,Alluvial_Silt,0,NONE,0,0.0
LS001467,2025-08-25,Assam,Dibrugarh,27.607,95.0619,147.6,164,3.1,Alluvial_Clay,0,NONE,0,0.0
LS001468,2025-08-25,Assam,Cachar,24.7467,92.6435,56.4,47,0.7,Barak_Valley_Alluvium,0,NONE,0,0.0
LS001469,2025-08-26,Assam,Nagaon,26.4183,92.6981,116.3,81,0.4,Alluvial_Clay,0,NONE,0,0.0
LS001470,2025-08-26,Meghalaya,East Khasi Hills,25.4822,92.0328,162.3,1540,30.0,Sandstone_Silt,1,CRITICAL,1,21.4
LS001471,2025-08-26,Meghalaya,West Khasi Hills,25.4225,91.2266,153.4,1271,26.9,Red_Loam,1,CRITICAL,1,28.4
LS001472,2025-08-26,Meghalaya,Ri-Bhoi,25.9462,91.7662,194.8,552,18.0,Laterite_Clay,0,NONE,0,0.0
LS001473,2025-08-26,Meghalaya,West Jaintia Hills,25.5765,92.3211,140.0,1347,24.2,Limestone_Clay,1,CRITICAL,1,40.3
LS001474,2025-08-26,Sikkim,East Sikkim,27.4385,88.6103,59.0,1652,41.7,Loose_Phyllite,0,NONE,0,0.0
LS001475,2025-08-26,Sikkim,North Sikkim,27.4305,88.5801,83.5,2401,49.8,Schist_Shale,1,HIGH,1,40.4
LS001476,2025-08-26,Sikkim,South Sikkim,27.2042,88.3302,136.7,1294,34.2,Loose_Phyllite,1,CRITICAL,1,31.6
LS001477,2025-08-26,Nagaland,Kohima,25.8171,94.1615,68.6,1462,36.7,Disang_Shale,0,NONE,0,0.0
LS001478,2025-08-26,Nagaland,Dimapur,25.9054,93.7664,66.6,202,1.7,Alluvial_Sandy_Loam,0,NONE,0,0.0
LS001479,2025-08-27,Nagaland,Mokokchung,26.1988,94.6105,144.9,1298,29.2,Disang_Shale,1,CRITICAL,1,33.4
LS001480,2025-08-27,Manipur,Imphal West,24.9379,94.0393,88.3,791,1.8,Lacustrine_Alluvium,0,NONE,0,0.0
LS001481,2025-08-27,Manipur,Bishnupur,24.6477,93.8897,60.5,775,1.5,Lacustrine_Alluvium,0,NONE,0,0.0
LS001482,2025-08-27,Manipur,Senapati,25.1383,94.0583,126.8,1262,31.1,Clayey_Loam,1,CRITICAL,1,22.7
LS001483,2025-08-27,Mizoram,Aizawl,23.7528,92.7982,37.2,1072,31.1,Siltstone_Shale,0,NONE,0,0.0
LS001484,2025-08-27,Mizoram,Kolasib,24.1239,92.5847,111.9,600,22.2,Red_Loam,0,NONE,0,0.0
LS001485,2025-08-27,Mizoram,Lunglei,22.9413,92.6842,147.1,1052,31.3,Siltstone_Shale,0,NONE,0,0.0
LS001486,2025-08-27,Tripura,West Tripura,23.8686,91.2163,65.6,92,4.0,Sandy_Clay,0,NONE,0,0.0
LS001487,2025-08-27,Tripura,Sipahijala,23.5405,91.3861,128.8,49,1.8,Sandy_Clay,0,NONE,0,0.0
LS001488,2025-08-27,Tripura,Dhalai,23.8301,91.7054,93.7,130,10.1,Red_Laterite,0,NONE,0,0.0
LS001489,2025-08-28,Arunachal Pradesh,Tawang,27.5792,91.9169,211.3,2951,45.3,Gneissic_Debris,1,CRITICAL,1,37.6
LS001490,2025-08-28,Arunachal Pradesh,West Kameng,27.3323,92.3567,189.0,2244,40.4,Schist_Shale,1,CRITICAL,1,31.4
LS001491,2025-08-28,Arunachal Pradesh,Papum Pare,27.1525,93.6737,60.2,310,20.0,Colluvial_Soil,0,NONE,0,0.0
LS001492,2025-08-28,Arunachal Pradesh,East Siang,27.9565,95.2332,136.5,199,6.8,Alluvial_Gravel,0,NONE,0,0.0
LS001493,2025-08-28,Arunachal Pradesh,Lower Subansiri,27.6577,93.7428,188.3,1583,30.6,Schist_Shale,0,NONE,0,0.0
LS001494,2025-08-28,Assam,Kamrup Metropolitan,26.2471,91.8437,119.4,63,0.4,Alluvial_Clay,0,NONE,0,0.0
LS001495,2025-08-28,Assam,Kamrup Rural,26.174,91.5542,163.5,20,0.4,Alluvial_Silt,0,NONE,0,0.0
LS001496,2025-08-28,Assam,Darrang,26.5236,92.0146,128.1,54,1.0,Brahmaputra_Sand_Silt,0,NONE,0,0.0
LS001497,2025-08-28,Assam,Sonitpur,26.6594,92.703,137.8,90,3.7,Alluvial_Silt,0,NONE,0,0.0
LS001498,2025-08-28,Assam,Dibrugarh,27.423,94.7928,93.1,156,1.9,Alluvial_Clay,0,NONE,0,0.0
LS001499,2025-08-29,Assam,Cachar,24.9379,92.85,136.6,41,3.0,Barak_Valley_Alluvium,0,NONE,0,0.0
LS001500,2025-08-29,Assam,Nagaon,26.2063,92.6539,155.0,69,1.5,Alluvial_Clay,0,NONE,0,0.0
LS001501,2025-08-29,Meghalaya,East Khasi Hills,25.6324,91.9883,61.8,1492,29.2,Sandstone_Silt,0,NONE,0,0.0
LS001502,2025-08-29,Meghalaya,West Khasi Hills,25.3657,91.2829,236.8,1290,25.8,Red_Loam,1,CRITICAL,1,28.9
LS001503,2025-08-29,Meghalaya,Ri-Bhoi,25.8751,91.872,148.6,553,17.1,Laterite_Clay,0,NONE,0,0.0
LS001504,2025-08-29,Meghalaya,West Jaintia Hills,25.4345,92.1809,148.1,1290,24.9,Limestone_Clay,1,CRITICAL,1,35.2
LS001505,2025-08-29,Sikkim,East Sikkim,27.2921,88.5261,103.9,1618,42.4,Loose_Phyllite,1,HIGH,1,52.0
LS001506,2025-08-29,Sikkim,North Sikkim,27.6265,88.656,111.9,2481,49.3,Schist_Shale,1,HIGH,1,28.2
LS001507,2025-08-29,Sikkim,South Sikkim,27.108,88.4134,41.1,1293,37.9,Loose_Phyllite,0,NONE,0,0.0
LS001508,2025-08-29,Nagaland,Kohima,25.7455,94.1974,85.7,1482,38.2,Disang_Shale,1,HIGH,1,33.9
LS001509,2025-08-30,Nagaland,Dimapur,25.819,93.7847,30.3,146,4.6,Alluvial_Sandy_Loam,0,NONE,0,0.0
LS001510,2025-08-30,Nagaland,Mokokchung,26.2348,94.5517,63.8,1272,32.5,Disang_Shale,0,NONE,0,0.0
LS001511,2025-08-30,Manipur,Imphal West,24.8151,93.8572,159.0,796,0.4,Lacustrine_Alluvium,0,NONE,0,0.0
LS001512,2025-08-30,Manipur,Bishnupur,24.7467,93.7216,156.7,730,1.9,Lacustrine_Alluvium,0,NONE,0,0.0
LS001513,2025-08-30,Manipur,Senapati,25.261,94.102,46.0,1233,29.2,Clayey_Loam,0,NONE,0,0.0
LS001514,2025-08-30,Mizoram,Aizawl,23.6133,92.6348,79.1,1103,35.5,Siltstone_Shale,1,HIGH,1,37.9
LS001515,2025-08-30,Mizoram,Kolasib,24.3008,92.761,162.9,621,23.3,Red_Loam,0,NONE,0,0.0
LS001516,2025-08-30,Mizoram,Lunglei,22.937,92.7446,51.2,1045,29.5,Siltstone_Shale,0,NONE,0,0.0
LS001517,2025-08-30,Tripura,West Tripura,23.9654,91.3765,142.5,82,3.4,Sandy_Clay,0,NONE,0,0.0
LS001518,2025-08-30,Tripura,Sipahijala,23.7195,91.3449,140.3,81,5.2,Sandy_Clay,0,NONE,0,0.0
LS001519,2025-08-31,Tripura,Dhalai,23.7126,91.7316,104.3,160,10.1,Red_Laterite,0,NONE,0,0.0
LS001520,2025-08-31,Arunachal Pradesh,Tawang,27.5446,91.9279,99.9,2930,44.2,Gneissic_Debris,1,HIGH,1,30.5
LS001521,2025-08-31,Arunachal Pradesh,West Kameng,27.3343,92.2957,76.3,2222,37.3,Schist_Shale,1,HIGH,1,41.6
LS001522,2025-08-31,Arunachal Pradesh,Papum Pare,26.9873,93.5272,106.2,313,19.8,Colluvial_Soil,0,NONE,0,0.0
LS001523,2025-08-31,Arunachal Pradesh,East Siang,28.1664,95.3181,143.3,131,9.2,Alluvial_Gravel,0,NONE,0,0.0
LS001524,2025-08-31,Arunachal Pradesh,Lower Subansiri,27.5117,93.9065,147.6,1546,33.0,Schist_Shale,1,CRITICAL,1,43.7
LS001525,2025-08-31,Assam,Kamrup Metropolitan,26.2205,91.7451,139.2,95,0.4,Alluvial_Clay,0,NONE,0,0.0
LS001526,2025-08-31,Assam,Kamrup Rural,26.159,91.5348,47.5,56,3.2,Alluvial_Silt,0,NONE,0,0.0
LS001527,2025-08-31,Assam,Darrang,26.5067,92.1641,66.8,48,0.4,Brahmaputra_Sand_Silt,0,NONE,0,0.0
LS001528,2025-08-31,Assam,Sonitpur,26.7257,92.9257,148.5,28,1.3,Alluvial_Silt,0,NONE,0,0.0
LS001529,2025-09-01,Assam,Dibrugarh,27.5545,94.8922,95.1,98,2.1,Alluvial_Clay,0,NONE,0,0.0
LS001530,2025-09-01,Assam,Cachar,24.8757,92.8997,55.4,20,4.2,Barak_Valley_Alluvium,0,NONE,0,0.0
LS001531,2025-09-01,Assam,Nagaon,26.4349,92.7967,124.0,41,0.6,Alluvial_Clay,0,NONE,0,0.0
LS001532,2025-09-01,Meghalaya,East Khasi Hills,25.639,92.0054,104.0,1522,31.7,Sandstone_Silt,0,NONE,0,0.0
LS001533,2025-09-01,Meghalaya,West Khasi Hills,25.3624,91.1939,52.6,1287,28.6,Red_Loam,0,NONE,0,0.0
LS001534,2025-09-01,Meghalaya,Ri-Bhoi,25.8712,91.9232,141.1,603,16.7,Laterite_Clay,0,NONE,0,0.0
LS001535,2025-09-01,Meghalaya,West Jaintia Hills,25.4956,92.2592,102.3,1383,27.6,Limestone_Clay,0,NONE,0,0.0
LS001536,2025-09-01,Sikkim,East Sikkim,27.4215,88.7208,144.9,1600,39.7,Loose_Phyllite,0,NONE,0,0.0
LS001537,2025-09-01,Sikkim,North Sikkim,27.5675,88.622,75.3,2406,48.6,Schist_Shale,1,HIGH,1,31.7
LS001538,2025-09-01,Sikkim,South Sikkim,27.0841,88.3535,148.4,1279,36.3,Loose_Phyllite,1,CRITICAL,1,35.1
LS001539,2025-09-02,Nagaland,Kohima,25.5731,93.967,110.5,1481,36.0,Disang_Shale,1,HIGH,1,25.0
LS001540,2025-09-02,Nagaland,Dimapur,26.0065,93.6687,93.4,189,6.2,Alluvial_Sandy_Loam,0,NONE,0,0.0
LS001541,2025-09-02,Nagaland,Mokokchung,26.193,94.4819,150.1,1340,31.0,Disang_Shale,1,CRITICAL,1,29.9
LS001542,2025-09-02,Manipur,Imphal West,24.894,94.0692,76.1,782,1.2,Lacustrine_Alluvium,0,NONE,0,0.0
LS001543,2025-09-02,Manipur,Bishnupur,24.6183,93.9094,55.1,813,4.7,Lacustrine_Alluvium,0,NONE,0,0.0
LS001544,2025-09-02,Manipur,Senapati,25.3244,94.1413,94.9,1275,29.7,Clayey_Loam,1,HIGH,1,25.6
LS001545,2025-09-02,Mizoram,Aizawl,23.6822,92.653,62.3,1170,34.6,Siltstone_Shale,0,NONE,0,0.0
LS001546,2025-09-02,Mizoram,Kolasib,24.112,92.6433,64.2,644,23.2,Red_Loam,0,NONE,0,0.0
LS001547,2025-09-02,Mizoram,Lunglei,22.9047,92.8369,58.0,1006,31.3,Siltstone_Shale,0,NONE,0,0.0
LS001548,2025-09-02,Tripura,West Tripura,23.8092,91.2604,135.1,20,0.4,Sandy_Clay,0,NONE,0,0.0
LS001549,2025-09-03,Tripura,Sipahijala,23.6279,91.2958,79.1,20,3.9,Sandy_Clay,0,NONE,0,0.0
LS001550,2025-09-03,Tripura,Dhalai,23.8677,91.9336,132.8,191,10.8,Red_Laterite,0,NONE,0,0.0
LS001551,2025-09-03,Arunachal Pradesh,Tawang,27.5631,91.8414,79.0,2959,46.7,Gneissic_Debris,1,HIGH,1,26.7
LS001552,2025-09-03,Arunachal Pradesh,West Kameng,27.2396,92.3148,160.1,2204,36.1,Schist_Shale,1,CRITICAL,1,42.2
LS001553,2025-09-03,Arunachal Pradesh,Papum Pare,26.9892,93.678,40.7,370,18.6,Colluvial_Soil,0,NONE,0,0.0
LS001554,2025-09-03,Arunachal Pradesh,East Siang,28.0526,95.1858,180.0,115,11.4,Alluvial_Gravel,0,NONE,0,0.0
LS001555,2025-09-03,Arunachal Pradesh,Lower Subansiri,27.6855,93.8605,127.2,1552,30.5,Schist_Shale,1,CRITICAL,1,35.4
LS001556,2025-09-03,Assam,Kamrup Metropolitan,26.0814,91.743,72.6,20,0.6,Alluvial_Clay,0,NONE,0,0.0
LS001557,2025-09-03,Assam,Kamrup Rural,26.126,91.5578,149.8,99,0.4,Alluvial_Silt,0,NONE,0,0.0
LS001558,2025-09-03,Assam,Darrang,26.4285,92.162,46.8,31,3.0,Brahmaputra_Sand_Silt,0,NONE,0,0.0
LS001559,2025-09-04,Assam,Sonitpur,26.7295,92.7892,118.9,33,2.3,Alluvial_Silt,0,NONE,0,0.0
LS001560,2025-09-04,Assam,Dibrugarh,27.3362,94.9064,78.4,87,1.1,Alluvial_Clay,0,NONE,0,0.0
LS001561,2025-09-04,Assam,Cachar,24.9177,92.7715,110.1,57,3.5,Barak_Valley_Alluvium,0,NONE,0,0.0
LS001562,2025-09-04,Assam,Nagaon,26.2368,92.7249,154.8,101,0.7,Alluvial_Clay,0,NONE,0,0.0
LS001563,2025-09-04,Meghalaya,East Khasi Hills,25.6887,91.8409,239.3,1532,31.1,Sandstone_Silt,1,CRITICAL,1,31.1
LS001564,2025-09-04,Meghalaya,West Khasi Hills,25.4762,91.3801,205.1,1263,28.2,Red_Loam,1,CRITICAL,1,20.3
LS001565,2025-09-04,Meghalaya,Ri-Bhoi,26.017,91.9508,72.5,572,14.4,Laterite_Clay,0,NONE,0,0.0
LS001566,2025-09-04,Meghalaya,West Jaintia Hills,25.3074,92.239,106.7,1368,27.0,Limestone_Clay,0,NONE,0,0.0
LS001567,2025-09-04,Sikkim,East Sikkim,27.226,88.6243,57.6,1614,44.3,Loose_Phyllite,0,NONE,0,0.0
LS001568,2025-09-04,Sikkim,North Sikkim,27.5773,88.6872,62.0,2456,46.9,Schist_Shale,0,NONE,0,0.0
LS001569,2025-09-05,Sikkim,South Sikkim,27.2891,88.2361,133.2,1359,36.4,Loose_Phyllite,1,CRITICAL,1,48.0
LS001570,2025-09-05,Nagaland,Kohima,25.6076,94.0203,98.1,1486,36.8,Disang_Shale,1,HIGH,1,14.8
LS001571,2025-09-05,Nagaland,Dimapur,25.8901,93.8196,119.3,212,2.9,Alluvial_Sandy_Loam,0,NONE,0,0.0
LS001572,2025-09-05,Nagaland,Mokokchung,26.3224,94.6502,87.1,1303,30.7,Disang_Shale,1,HIGH,1,25.1
LS001573,2025-09-05,Manipur,Imphal West,24.9249,93.882,43.9,757,0.4,Lacustrine_Alluvium,0,NONE,0,0.0
LS001574,2025-09-05,Manipur,Bishnupur,24.6449,93.7001,45.5,733,2.3,Lacustrine_Alluvium,0,NONE,0,0.0
LS001575,2025-09-05,Manipur,Senapati,25.202,93.9822,126.1,1211,27.3,Clayey_Loam,1,CRITICAL,1,49.7
LS001576,2025-09-05,Mizoram,Aizawl,23.6315,92.7816,76.8,1108,32.4,Siltstone_Shale,1,HIGH,1,17.2
LS001577,2025-09-05,Mizoram,Kolasib,24.1938,92.6273,40.5,598,26.7,Red_Loam,0,NONE,0,0.0
LS001578,2025-09-05,Mizoram,Lunglei,22.7456,92.6619,90.3,1036,31.9,Siltstone_Shale,1,HIGH,1,51.8
LS001579,2025-09-06,Tripura,West Tripura,23.9072,91.2523,68.3,20,0.9,Sandy_Clay,0,NONE,0,0.0
LS001580,2025-09-06,Tripura,Sipahijala,23.6509,91.1816,139.5,20,2.5,Sandy_Clay,0,NONE,0,0.0
LS001581,2025-09-06,Tripura,Dhalai,23.9658,91.7807,150.5,155,12.9,Red_Laterite,0,NONE,0,0.0
LS001582,2025-09-06,Arunachal Pradesh,Tawang,27.6025,91.945,85.5,2878,44.8,Gneissic_Debris,1,HIGH,1,26.6
LS001583,2025-09-06,Arunachal Pradesh,West Kameng,27.3684,92.416,113.0,2240,40.3,Schist_Shale,1,HIGH,1,37.2
LS001584,2025-09-06,Arunachal Pradesh,Papum Pare,27.246,93.7012,68.6,328,20.8,Colluvial_Soil,0,NONE,0,0.0
LS001585,2025-09-06,Arunachal Pradesh,East Siang,28.0825,95.1885,66.2,199,9.0,Alluvial_Gravel,0,NONE,0,0.0
LS001586,2025-09-06,Arunachal Pradesh,Lower Subansiri,27.4868,93.9716,204.3,1500,30.2,Schist_Shale,1,CRITICAL,1,15.6
LS001587,2025-09-06,Assam,Kamrup Metropolitan,26.0765,91.6615,116.0,82,0.6,Alluvial_Clay,0,NONE,0,0.0
LS001588,2025-09-06,Assam,Kamrup Rural,26.2247,91.5875,78.0,63,0.4,Alluvial_Silt,0,NONE,0,0.0
LS001589,2025-09-07,Assam,Darrang,26.4622,91.902,163.9,20,0.6,Brahmaputra_Sand_Silt,0,NONE,0,0.0
LS001590,2025-09-07,Assam,Sonitpur,26.5257,92.8095,161.0,53,4.0,Alluvial_Silt,0,NONE,0,0.0
LS001591,2025-09-07,Assam,Dibrugarh,27.4742,95.0026,70.7,161,1.7,Alluvial_Clay,0,NONE,0,0.0
LS001592,2025-09-07,Assam,Cachar,24.7617,92.8547,40.7,22,0.7,Barak_Valley_Alluvium,0,NONE,0,0.0
LS001593,2025-09-07,Assam,Nagaon,26.2917,92.5972,127.0,80,0.4,Alluvial_Clay,0,NONE,0,0.0
LS001594,2025-09-07,Meghalaya,East Khasi Hills,25.4689,92.02,189.1,1507,30.4,Sandstone_Silt,1,CRITICAL,1,29.2
LS001595,2025-09-07,Meghalaya,West Khasi Hills,25.5618,91.2339,154.8,1334,29.0,Red_Loam,0,NONE,0,0.0
LS001596,2025-09-07,Meghalaya,Ri-Bhoi,25.8678,91.7543,206.0,602,17.2,Laterite_Clay,0,NONE,0,0.0
LS001597,2025-09-07,Meghalaya,West Jaintia Hills,25.3093,92.2996,106.1,1355,25.7,Limestone_Clay,0,NONE,0,0.0
LS001598,2025-09-07,Sikkim,East Sikkim,27.4805,88.5694,88.5,1666,41.3,Loose_Phyllite,0,NONE,0,0.0
LS001599,2025-09-08,Sikkim,North Sikkim,27.5804,88.6091,115.9,2391,46.6,Schist_Shale,1,HIGH,1,19.0
LS001600,2025-09-08,Sikkim,South Sikkim,27.0779,88.2028,70.1,1335,33.8,Loose_Phyllite,0,NONE,0,0.0
LS001601,2025-09-08,Nagaland,Kohima,25.8015,94.0659,63.5,1391,37.4,Disang_Shale,0,NONE,0,0.0
LS001602,2025-09-08,Nagaland,Dimapur,25.9993,93.6438,124.4,198,6.1,Alluvial_Sandy_Loam,0,NONE,0,0.0
LS001603,2025-09-08,Nagaland,Mokokchung,26.3229,94.5812,140.2,1337,29.5,Disang_Shale,1,CRITICAL,1,28.5
LS001604,2025-09-08,Manipur,Imphal West,24.9133,93.9056,52.5,836,1.1,Lacustrine_Alluvium,0,NONE,0,0.0
LS001605,2025-09-08,Manipur,Bishnupur,24.5335,93.6726,42.5,804,3.8,Lacustrine_Alluvium,0,NONE,0,0.0
LS001606,2025-09-08,Manipur,Senapati,25.2795,93.8796,82.4,1206,30.7,Clayey_Loam,1,HIGH,1,29.9
LS001607,2025-09-08,Mizoram,Aizawl,23.8572,92.8242,137.1,1182,33.1,Siltstone_Shale,1,CRITICAL,1,34.0
LS001608,2025-09-08,Mizoram,Kolasib,24.1276,92.7334,118.2,638,25.4,Red_Loam,1,HIGH,1,40.5
LS001609,2025-09-09,Mizoram,Lunglei,22.9342,92.8549,31.5,960,33.7,Siltstone_Shale,0,NONE,0,0.0
LS001610,2025-09-09,Tripura,West Tripura,23.9644,91.1524,120.1,95,1.2,Sandy_Clay,0,NONE,0,0.0
LS001611,2025-09-09,Tripura,Sipahijala,23.6071,91.1985,107.8,38,2.8,Sandy_Clay,0,NONE,0,0.0
LS001612,2025-09-09,Tripura,Dhalai,23.9277,91.9651,81.8,108,9.7,Red_Laterite,0,NONE,0,0.0
LS001613,2025-09-09,Arunachal Pradesh,Tawang,27.5958,91.8043,174.8,2890,43.0,Gneissic_Debris,1,CRITICAL,1,28.1
LS001614,2025-09-09,Arunachal Pradesh,West Kameng,27.286,92.2735,163.1,2234,36.6,Schist_Shale,0,NONE,0,0.0
LS001615,2025-09-09,Arunachal Pradesh,Papum Pare,27.2377,93.7417,96.5,285,16.8,Colluvial_Soil,0,NONE,0,0.0
LS001616,2025-09-09,Arunachal Pradesh,East Siang,28.1038,95.205,182.8,156,8.9,Alluvial_Gravel,0,NONE,0,0.0
LS001617,2025-09-09,Arunachal Pradesh,Lower Subansiri,27.6392,93.9605,48.5,1607,31.2,Schist_Shale,0,NONE,0,0.0
LS001618,2025-09-09,Assam,Kamrup Metropolitan,26.066,91.6884,87.3,20,2.8,Alluvial_Clay,0,NONE,0,0.0
LS001619,2025-09-10,Assam,Kamrup Rural,26.106,91.4339,34.9,74,1.5,Alluvial_Silt,0,NONE,0,0.0
LS001620,2025-09-10,Assam,Darrang,26.4896,92.0547,35.7,20,3.5,Brahmaputra_Sand_Silt,0,NONE,0,0.0
LS001621,2025-09-10,Assam,Sonitpur,26.597,92.9096,146.8,106,0.4,Alluvial_Silt,0,NONE,0,0.0
LS001622,2025-09-10,Assam,Dibrugarh,27.5985,94.8946,120.5,86,1.4,Alluvial_Clay,0,NONE,0,0.0
LS001623,2025-09-10,Assam,Cachar,24.7138,92.6456,145.0,20,0.8,Barak_Valley_Alluvium,0,NONE,0,0.0
LS001624,2025-09-10,Assam,Nagaon,26.2239,92.7596,125.8,33,2.8,Alluvial_Clay,0,NONE,0,0.0
LS001625,2025-09-10,Meghalaya,East Khasi Hills,25.616,91.8793,149.0,1489,32.0,Sandstone_Silt,1,CRITICAL,1,17.8
LS001626,2025-09-10,Meghalaya,West Khasi Hills,25.5458,91.2119,130.7,1340,28.9,Red_Loam,1,CRITICAL,1,31.3
LS001627,2025-09-10,Meghalaya,Ri-Bhoi,25.9052,91.9063,54.5,503,14.5,Laterite_Clay,0,NONE,0,0.0
LS001628,2025-09-10,Meghalaya,West Jaintia Hills,25.3203,92.2868,220.9,1294,28.0,Limestone_Clay,0,NONE,0,0.0
LS001629,2025-09-11,Sikkim,East Sikkim,27.3416,88.5631,93.9,1651,43.1,Loose_Phyllite,0,NONE,0,0.0
LS001630,2025-09-11,Sikkim,North Sikkim,27.4229,88.6391,72.7,2397,46.6,Schist_Shale,0,NONE,0,0.0
LS001631,2025-09-11,Sikkim,South Sikkim,27.1739,88.3955,128.8,1285,35.3,Loose_Phyllite,1,CRITICAL,1,44.6
LS001632,2025-09-11,Nagaland,Kohima,25.7577,94.0028,151.1,1419,36.3,Disang_Shale,1,CRITICAL,1,38.5
LS001633,2025-09-11,Nagaland,Dimapur,26.0479,93.7328,141.1,219,4.7,Alluvial_Sandy_Loam,0,NONE,0,0.0
LS001634,2025-09-11,Nagaland,Mokokchung,26.3271,94.6206,112.3,1369,28.8,Disang_Shale,0,NONE,0,0.0
LS001635,2025-09-11,Manipur,Imphal West,24.96,93.979,35.8,750,3.6,Lacustrine_Alluvium,0,NONE,0,0.0
LS001636,2025-09-11,Manipur,Bishnupur,24.6828,93.8229,133.0,769,4.0,Lacustrine_Alluvium,0,NONE,0,0.0
LS001637,2025-09-11,Manipur,Senapati,25.2835,94.1489,121.1,1268,28.5,Clayey_Loam,1,CRITICAL,1,19.0
LS001638,2025-09-11,Mizoram,Aizawl,23.6086,92.8304,31.0,1186,30.7,Siltstone_Shale,0,NONE,0,0.0
LS001639,2025-09-12,Mizoram,Kolasib,24.0711,92.5969,35.6,579,24.3,Red_Loam,0,NONE,0,0.0
LS001640,2025-09-12,Mizoram,Lunglei,22.8742,92.8205,100.5,1064,30.7,Siltstone_Shale,0,NONE,0,0.0
LS001641,2025-09-12,Tripura,West Tripura,23.7431,91.1921,137.9,20,1.4,Sandy_Clay,0,NONE,0,0.0
LS001642,2025-09-12,Tripura,Sipahijala,23.494,91.1966,66.8,20,2.7,Sandy_Clay,0,NONE,0,0.0
LS001643,2025-09-12,Tripura,Dhalai,23.9738,91.808,140.4,83,10.5,Red_Laterite,0,NONE,0,0.0
LS001644,2025-09-12,Arunachal Pradesh,Tawang,27.5018,91.788,65.0,2862,43.7,Gneissic_Debris,0,NONE,0,0.0
LS001645,2025-09-12,Arunachal Pradesh,West Kameng,27.1681,92.2723,97.1,2247,36.8,Schist_Shale,1,HIGH,1,22.3
LS001646,2025-09-12,Arunachal Pradesh,Papum Pare,27.1998,93.5078,50.4,343,19.9,Colluvial_Soil,0,NONE,0,0.0
LS001647,2025-09-12,Arunachal Pradesh,East Siang,28.1968,95.2675,88.9,125,8.5,Alluvial_Gravel,0,NONE,0,0.0
LS001648,2025-09-12,Arunachal Pradesh,Lower Subansiri,27.4514,93.8381,123.6,1602,34.9,Schist_Shale,1,CRITICAL,1,30.0
LS001649,2025-09-13,Assam,Kamrup Metropolitan,26.258,91.6058,102.9,20,3.1,Alluvial_Clay,0,NONE,0,0.0
LS001650,2025-09-13,Assam,Kamrup Rural,26.0919,91.5718,117.3,86,0.4,Alluvial_Silt,0,NONE,0,0.0
LS001651,2025-09-13,Assam,Darrang,26.5951,91.9544,54.8,20,2.4,Brahmaputra_Sand_Silt,0,NONE,0,0.0
LS001652,2025-09-13,Assam,Sonitpur,26.7401,92.7309,58.6,37,1.2,Alluvial_Silt,0,NONE,0,0.0
LS001653,2025-09-13,Assam,Dibrugarh,27.5615,95.0239,80.5,156,0.8,Alluvial_Clay,0,NONE,0,0.0
LS001654,2025-09-13,Assam,Cachar,24.83,92.8471,158.5,65,1.7,Barak_Valley_Alluvium,0,NONE,0,0.0
LS001655,2025-09-13,Assam,Nagaon,26.2147,92.6866,122.6,100,2.9,Alluvial_Clay,0,NONE,0,0.0
LS001656,2025-09-13,Meghalaya,East Khasi Hills,25.5411,91.899,98.3,1452,29.6,Sandstone_Silt,1,HIGH,1,43.6
LS001657,2025-09-13,Meghalaya,West Khasi Hills,25.5684,91.3247,155.1,1283,27.9,Red_Loam,0,NONE,0,0.0
LS001658,2025-09-13,Meghalaya,Ri-Bhoi,25.9414,91.9672,108.4,573,14.2,Laterite_Clay,0,NONE,0,0.0
LS001659,2025-09-14,Meghalaya,West Jaintia Hills,25.3609,92.309,123.6,1320,24.6,Limestone_Clay,1,CRITICAL,1,19.0
LS001660,2025-09-14,Sikkim,East Sikkim,27.302,88.5037,82.9,1697,41.4,Loose_Phyllite,0,NONE,0,0.0
LS001661,2025-09-14,Sikkim,North Sikkim,27.3903,88.4252,54.6,2446,48.6,Schist_Shale,0,NONE,0,0.0
LS001662,2025-09-14,Sikkim,South Sikkim,27.0323,88.3537,115.3,1283,35.8,Loose_Phyllite,1,HIGH,1,24.0
LS001663,2025-09-14,Nagaland,Kohima,25.6478,94.2,32.7,1420,34.7,Disang_Shale,0,NONE,0,0.0
LS001664,2025-09-14,Nagaland,Dimapur,25.8893,93.6572,117.7,144,3.1,Alluvial_Sandy_Loam,0,NONE,0,0.0
LS001665,2025-09-14,Nagaland,Mokokchung,26.4278,94.5238,147.8,1342,28.9,Disang_Shale,1,CRITICAL,1,20.2
LS001666,2025-09-14,Manipur,Imphal West,24.7353,93.8224,138.3,771,0.4,Lacustrine_Alluvium,0,NONE,0,0.0
LS001667,2025-09-14,Manipur,Bishnupur,24.5414,93.7133,67.5,748,4.7,Lacustrine_Alluvium,0,NONE,0,0.0
LS001668,2025-09-14,Manipur,Senapati,25.3636,93.9172,75.3,1267,32.0,Clayey_Loam,1,HIGH,1,47.6
LS001669,2025-09-15,Mizoram,Aizawl,23.8028,92.7895,90.7,1186,31.8,Siltstone_Shale,1,HIGH,1,25.3
LS001670,2025-09-15,Mizoram,Kolasib,24.1546,92.634,110.0,601,26.7,Red_Loam,0,NONE,0,0.0
LS001671,2025-09-15,Mizoram,Lunglei,22.9573,92.5936,84.2,1043,31.6,Siltstone_Shale,1,HIGH,1,42.0
LS001672,2025-09-15,Tripura,West Tripura,23.7263,91.2561,101.6,20,3.2,Sandy_Clay,0,NONE,0,0.0
LS001673,2025-09-15,Tripura,Sipahijala,23.5551,91.3381,65.9,42,4.3,Sandy_Clay,0,NONE,0,0.0
LS001674,2025-09-15,Tripura,Dhalai,23.8384,91.9376,128.7,120,13.7,Red_Laterite,0,NONE,0,0.0
LS001675,2025-09-15,Arunachal Pradesh,Tawang,27.7187,91.8347,80.9,2896,44.2,Gneissic_Debris,1,HIGH,1,45.9
LS001676,2025-09-15,Arunachal Pradesh,West Kameng,27.2269,92.4392,76.9,2156,37.0,Schist_Shale,1,HIGH,1,35.7
LS001677,2025-09-15,Arunachal Pradesh,Papum Pare,27.1003,93.6643,174.7,305,17.7,Colluvial_Soil,0,NONE,0,0.0
LS001678,2025-09-15,Arunachal Pradesh,East Siang,28.1217,95.297,60.6,194,10.2,Alluvial_Gravel,0,NONE,0,0.0
LS001679,2025-09-16,Arunachal Pradesh,Lower Subansiri,27.5761,93.8503,76.0,1504,34.5,Schist_Shale,0,NONE,0,0.0
LS001680,2025-09-16,Assam,Kamrup Metropolitan,26.2803,91.6853,35.3,75,2.7,Alluvial_Clay,0,NONE,0,0.0
LS001681,2025-09-16,Assam,Kamrup Rural,26.2072,91.5293,61.8,46,0.4,Alluvial_Silt,0,NONE,0,0.0
LS001682,2025-09-16,Assam,Darrang,26.4623,91.9375,104.1,20,0.4,Brahmaputra_Sand_Silt,0,NONE,0,0.0
LS001683,2025-09-16,Assam,Sonitpur,26.6755,92.734,119.7,39,0.4,Alluvial_Silt,0,NONE,0,0.0
LS001684,2025-09-16,Assam,Dibrugarh,27.3324,94.9687,48.6,110,0.4,Alluvial_Clay,0,NONE,0,0.0
LS001685,2025-09-16,Assam,Cachar,24.9567,92.7447,63.0,20,0.5,Barak_Valley_Alluvium,0,NONE,0,0.0
LS001686,2025-09-16,Assam,Nagaon,26.2162,92.5512,37.5,70,0.4,Alluvial_Clay,0,NONE,0,0.0
LS001687,2025-09-16,Meghalaya,East Khasi Hills,25.7017,91.8606,142.5,1444,28.6,Sandstone_Silt,1,CRITICAL,1,28.8
LS001688,2025-09-16,Meghalaya,West Khasi Hills,25.5829,91.2267,98.3,1335,29.8,Red_Loam,1,HIGH,1,43.1
LS001689,2025-09-17,Meghalaya,Ri-Bhoi,25.8117,91.8597,234.8,580,17.3,Laterite_Clay,0,NONE,0,0.0
LS001690,2025-09-17,Meghalaya,West Jaintia Hills,25.4725,92.1431,193.4,1295,26.0,Limestone_Clay,0,NONE,0,0.0
LS001691,2025-09-17,Sikkim,East Sikkim,27.2715,88.4587,107.8,1608,41.7,Loose_Phyllite,0,NONE,0,0.0
LS001692,2025-09-17,Sikkim,North Sikkim,27.5315,88.4741,72.6,2432,50.6,Schist_Shale,0,NONE,0,0.0
LS001693,2025-09-17,Sikkim,South Sikkim,27.1581,88.3728,65.9,1334,34.2,Loose_Phyllite,0,NONE,0,0.0
LS001694,2025-09-17,Nagaland,Kohima,25.8008,94.0626,110.1,1487,36.9,Disang_Shale,1,HIGH,1,36.2
LS001695,2025-09-17,Nagaland,Dimapur,25.9407,93.8205,44.4,157,3.4,Alluvial_Sandy_Loam,0,NONE,0,0.0
LS001696,2025-09-17,Nagaland,Mokokchung,26.3603,94.4996,114.0,1309,33.1,Disang_Shale,1,HIGH,1,14.3
LS001697,2025-09-17,Manipur,Imphal West,24.8376,93.9049,161.1,730,0.9,Lacustrine_Alluvium,0,NONE,0,0.0
LS001698,2025-09-17,Manipur,Bishnupur,24.5645,93.8029,126.7,747,4.3,Lacustrine_Alluvium,0,NONE,0,0.0
LS001699,2025-09-18,Manipur,Senapati,25.328,94.1307,143.0,1306,29.5,Clayey_Loam,0,NONE,0,0.0
LS001700,2025-09-18,Mizoram,Aizawl,23.7429,92.8662,152.7,1079,34.3,Siltstone_Shale,1,CRITICAL,1,22.8
LS001701,2025-09-18,Mizoram,Kolasib,24.3039,92.653,125.7,571,23.3,Red_Loam,0,NONE,0,0.0
LS001702,2025-09-18,Mizoram,Lunglei,22.8687,92.612,96.2,1048,32.4,Siltstone_Shale,0,NONE,0,0.0
LS001703,2025-09-18,Tripura,West Tripura,23.7846,91.2566,38.4,20,1.6,Sandy_Clay,0,NONE,0,0.0
LS001704,2025-09-18,Tripura,Sipahijala,23.5194,91.4371,119.4,20,3.9,Sandy_Clay,0,NONE,0,0.0
LS001705,2025-09-18,Tripura,Dhalai,23.8384,91.7248,89.6,164,10.7,Red_Laterite,0,NONE,0,0.0
LS001706,2025-09-18,Arunachal Pradesh,Tawang,27.4782,91.9555,168.5,2947,42.8,Gneissic_Debris,1,CRITICAL,1,34.5
LS001707,2025-09-18,Arunachal Pradesh,West Kameng,27.2966,92.3191,50.8,2155,38.2,Schist_Shale,0,NONE,0,0.0
LS001708,2025-09-18,Arunachal Pradesh,Papum Pare,26.9737,93.6957,206.5,346,17.4,Colluvial_Soil,0,NONE,0,0.0
LS001709,2025-09-19,Arunachal Pradesh,East Siang,27.9694,95.3903,41.2,209,10.1,Alluvial_Gravel,0,NONE,0,0.0
LS001710,2025-09-19,Arunachal Pradesh,Lower Subansiri,27.609,93.931,172.2,1603,32.5,Schist_Shale,1,CRITICAL,1,36.2
LS001711,2025-09-19,Assam,Kamrup Metropolitan,26.1925,91.617,53.0,83,0.4,Alluvial_Clay,0,NONE,0,0.0
LS001712,2025-09-19,Assam,Kamrup Rural,26.0364,91.6437,109.0,96,0.4,Alluvial_Silt,0,NONE,0,0.0
LS001713,2025-09-19,Assam,Darrang,26.5746,91.941,98.0,20,0.7,Brahmaputra_Sand_Silt,0,NONE,0,0.0
LS001714,2025-09-19,Assam,Sonitpur,26.5849,92.7002,124.9,103,0.4,Alluvial_Silt,0,NONE,0,0.0
LS001715,2025-09-19,Assam,Dibrugarh,27.3518,95.0126,30.8,133,0.4,Alluvial_Clay,0,NONE,0,0.0
LS001716,2025-09-19,Assam,Cachar,24.808,92.6612,37.0,20,0.9,Barak_Valley_Alluvium,0,NONE,0,0.0
LS001717,2025-09-19,Assam,Nagaon,26.3826,92.8143,100.3,54,3.2,Alluvial_Clay,0,NONE,0,0.0
LS001718,2025-09-19,Meghalaya,East Khasi Hills,25.4929,91.8503,213.8,1452,28.1,Sandstone_Silt,0,NONE,0,0.0
LS001719,2025-09-20,Meghalaya,West Khasi Hills,25.3636,91.1738,237.6,1248,25.8,Red_Loam,0,NONE,0,0.0
LS001720,2025-09-20,Meghalaya,Ri-Bhoi,25.945,91.8407,213.0,498,18.4,Laterite_Clay,0,NONE,0,0.0
LS001721,2025-09-20,Meghalaya,West Jaintia Hills,25.5303,92.1999,231.2,1283,27.1,Limestone_Clay,1,CRITICAL,1,16.0
LS001722,2025-09-20,Sikkim,East Sikkim,27.4656,88.6273,69.1,1622,44.3,Loose_Phyllite,1,MEDIUM,0,0.0
LS001723,2025-09-20,Sikkim,North Sikkim,27.6444,88.6089,129.2,2476,50.6,Schist_Shale,1,CRITICAL,1,31.7
LS001724,2025-09-20,Sikkim,South Sikkim,27.0599,88.2526,51.3,1337,38.1,Loose_Phyllite,0,NONE,0,0.0
LS001725,2025-09-20,Nagaland,Kohima,25.7806,94.1032,102.5,1422,33.4,Disang_Shale,1,HIGH,1,16.0
LS001726,2025-09-20,Nagaland,Dimapur,25.8915,93.7308,154.0,229,2.5,Alluvial_Sandy_Loam,0,NONE,0,0.0
LS001727,2025-09-20,Nagaland,Mokokchung,26.4715,94.4398,125.3,1338,32.3,Disang_Shale,1,CRITICAL,1,25.4
LS001728,2025-09-20,Manipur,Imphal West,24.7379,93.9153,150.9,756,2.8,Lacustrine_Alluvium,0,NONE,0,0.0
LS001729,2025-09-21,Manipur,Bishnupur,24.5948,93.7035,143.8,729,2.9,Lacustrine_Alluvium,0,NONE,0,0.0
LS001730,2025-09-21,Manipur,Senapati,25.1814,94.0776,32.5,1246,30.7,Clayey_Loam,0,NONE,0,0.0
LS001731,2025-09-21,Mizoram,Aizawl,23.6605,92.7607,137.8,1167,30.7,Siltstone_Shale,1,CRITICAL,1,19.7
LS001732,2025-09-21,Mizoram,Kolasib,24.1945,92.7738,130.6,646,22.1,Red_Loam,0,NONE,0,0.0
LS001733,2025-09-21,Mizoram,Lunglei,22.8294,92.6627,131.6,1029,29.3,Siltstone_Shale,1,CRITICAL,1,36.9
LS001734,2025-09-21,Tripura,West Tripura,23.978,91.3772,118.8,64,3.2,Sandy_Clay,0,NONE,0,0.0
LS001735,2025-09-21,Tripura,Sipahijala,23.5994,91.2585,161.0,28,3.6,Sandy_Clay,0,NONE,0,0.0
LS001736,2025-09-21,Tripura,Dhalai,23.8475,91.9861,162.8,86,12.7,Red_Laterite,0,NONE,0,0.0
LS001737,2025-09-21,Arunachal Pradesh,Tawang,27.4974,91.7369,153.2,2915,44.7,Gneissic_Debris,1,CRITICAL,1,45.4
LS001738,2025-09-21,Arunachal Pradesh,West Kameng,27.1758,92.4181,158.6,2194,39.1,Schist_Shale,1,CRITICAL,1,32.1
LS001739,2025-09-22,Arunachal Pradesh,Papum Pare,27.1669,93.5401,49.0,282,19.0,Colluvial_Soil,0,NONE,0,0.0
LS001740,2025-09-22,Arunachal Pradesh,East Siang,28.0889,95.4663,165.9,120,8.1,Alluvial_Gravel,0,NONE,0,0.0
LS001741,2025-09-22,Arunachal Pradesh,Lower Subansiri,27.424,93.9718,199.2,1550,31.8,Schist_Shale,0,NONE,0,0.0
LS001742,2025-09-22,Assam,Kamrup Metropolitan,26.1213,91.769,39.5,50,2.5,Alluvial_Clay,0,NONE,0,0.0
LS001743,2025-09-22,Assam,Kamrup Rural,26.2731,91.4179,64.7,46,0.5,Alluvial_Silt,0,NONE,0,0.0
LS001744,2025-09-22,Assam,Darrang,26.5739,91.9711,43.6,60,0.4,Brahmaputra_Sand_Silt,0,NONE,0,0.0
LS001745,2025-09-22,Assam,Sonitpur,26.561,92.7817,43.0,76,1.0,Alluvial_Silt,0,NONE,0,0.0
LS001746,2025-09-22,Assam,Dibrugarh,27.4671,94.862,33.5,139,0.6,Alluvial_Clay,0,NONE,0,0.0
LS001747,2025-09-22,Assam,Cachar,24.7402,92.6328,61.0,29,3.0,Barak_Valley_Alluvium,0,NONE,0,0.0
LS001748,2025-09-22,Assam,Nagaon,26.3166,92.6587,96.3,54,3.4,Alluvial_Clay,0,NONE,0,0.0
LS001749,2025-09-23,Meghalaya,East Khasi Hills,25.5757,91.9356,148.4,1505,28.4,Sandstone_Silt,1,CRITICAL,1,51.2
LS001750,2025-09-23,Meghalaya,West Khasi Hills,25.6577,91.1473,246.5,1339,28.3,Red_Loam,0,NONE,0,0.0
LS001751,2025-09-23,Meghalaya,Ri-Bhoi,25.8809,91.8066,232.1,606,17.8,Laterite_Clay,0,NONE,0,0.0
LS001752,2025-09-23,Meghalaya,West Jaintia Hills,25.5127,92.2405,110.8,1317,27.0,Limestone_Clay,1,HIGH,1,18.7
LS001753,2025-09-23,Sikkim,East Sikkim,27.4669,88.6772,151.9,1621,41.9,Loose_Phyllite,1,CRITICAL,1,44.3
LS001754,2025-09-23,Sikkim,North Sikkim,27.4584,88.612,59.4,2393,49.5,Schist_Shale,0,NONE,0,0.0
LS001755,2025-09-23,Sikkim,South Sikkim,27.0984,88.3366,164.5,1327,34.4,Loose_Phyllite,1,CRITICAL,1,34.8
LS001756,2025-09-23,Nagaland,Kohima,25.6986,94.1574,161.1,1400,33.4,Disang_Shale,0,NONE,0,0.0
LS001757,2025-09-23,Nagaland,Dimapur,25.9501,93.8526,138.2,185,4.8,Alluvial_Sandy_Loam,0,NONE,0,0.0
LS001758,2025-09-23,Nagaland,Mokokchung,26.1991,94.643,36.0,1372,30.6,Disang_Shale,0,NONE,0,0.0
LS001759,2025-09-24,Manipur,Imphal West,24.7429,93.8775,48.2,793,3.0,Lacustrine_Alluvium,0,NONE,0,0.0
LS001760,2025-09-24,Manipur,Bishnupur,24.5748,93.738,115.4,822,5.6,Lacustrine_Alluvium,0,NONE,0,0.0
LS001761,2025-09-24,Manipur,Senapati,25.1428,94.0318,58.3,1292,28.7,Clayey_Loam,0,NONE,0,0.0
LS001762,2025-09-24,Mizoram,Aizawl,23.8017,92.8466,57.7,1120,34.0,Siltstone_Shale,0,NONE,0,0.0
LS001763,2025-09-24,Mizoram,Kolasib,24.1205,92.6775,143.9,562,22.3,Red_Loam,0,NONE,0,0.0
LS001764,2025-09-24,Mizoram,Lunglei,22.8875,92.7864,159.6,1053,31.2,Siltstone_Shale,1,CRITICAL,1,25.9
LS001765,2025-09-24,Tripura,West Tripura,23.7374,91.1771,121.9,37,0.5,Sandy_Clay,0,NONE,0,0.0
LS001766,2025-09-24,Tripura,Sipahijala,23.6202,91.4063,118.7,20,1.5,Sandy_Clay,0,NONE,0,0.0
LS001767,2025-09-24,Tripura,Dhalai,23.9428,91.7576,105.5,195,13.9,Red_Laterite,0,NONE,0,0.0
LS001768,2025-09-24,Arunachal Pradesh,Tawang,27.71,91.7422,168.1,2921,42.8,Gneissic_Debris,1,CRITICAL,1,36.7
LS001769,2025-09-25,Arunachal Pradesh,West Kameng,27.2278,92.3489,76.4,2183,35.6,Schist_Shale,1,HIGH,1,39.7
LS001770,2025-09-25,Arunachal Pradesh,Papum Pare,27.096,93.6948,46.3,261,16.3,Colluvial_Soil,0,NONE,0,0.0
LS001771,2025-09-25,Arunachal Pradesh,East Siang,27.9182,95.3507,127.0,100,7.2,Alluvial_Gravel,0,NONE,0,0.0
LS001772,2025-09-25,Arunachal Pradesh,Lower Subansiri,27.4022,93.8609,88.2,1597,31.2,Schist_Shale,1,HIGH,1,38.8
LS001773,2025-09-25,Assam,Kamrup Metropolitan,26.2216,91.7675,72.1,38,0.6,Alluvial_Clay,0,NONE,0,0.0
LS001774,2025-09-25,Assam,Kamrup Rural,26.3348,91.6571,98.8,118,0.4,Alluvial_Silt,0,NONE,0,0.0
LS001775,2025-09-25,Assam,Darrang,26.4852,92.1736,82.8,103,0.4,Brahmaputra_Sand_Silt,0,NONE,0,0.0
LS001776,2025-09-25,Assam,Sonitpur,26.6209,92.8521,54.7,110,3.8,Alluvial_Silt,0,NONE,0,0.0
LS001777,2025-09-25,Assam,Dibrugarh,27.3305,94.7989,86.8,115,0.4,Alluvial_Clay,0,NONE,0,0.0
LS001778,2025-09-25,Assam,Cachar,24.9278,92.7394,56.6,44,2.7,Barak_Valley_Alluvium,0,NONE,0,0.0
LS001779,2025-09-26,Assam,Nagaon,26.3497,92.7321,127.1,20,3.4,Alluvial_Clay,0,NONE,0,0.0
LS001780,2025-09-26,Meghalaya,East Khasi Hills,25.6726,91.7483,243.0,1476,32.4,Sandstone_Silt,1,CRITICAL,1,32.8
LS001781,2025-09-26,Meghalaya,West Khasi Hills,25.5807,91.3134,159.1,1249,28.5,Red_Loam,1,CRITICAL,1,47.8
LS001782,2025-09-26,Meghalaya,Ri-Bhoi,25.9338,91.7544,213.7,544,18.7,Laterite_Clay,0,NONE,0,0.0
LS001783,2025-09-26,Meghalaya,West Jaintia Hills,25.4428,92.2475,104.5,1359,28.0,Limestone_Clay,1,HIGH,1,15.1
LS001784,2025-09-26,Sikkim,East Sikkim,27.2771,88.515,69.8,1608,43.8,Loose_Phyllite,0,NONE,0,0.0
LS001785,2025-09-26,Sikkim,North Sikkim,27.5855,88.615,42.8,2394,46.6,Schist_Shale,0,NONE,0,0.0
LS001786,2025-09-26,Sikkim,South Sikkim,27.1104,88.4019,86.5,1310,38.6,Loose_Phyllite,1,HIGH,1,38.9
LS001787,2025-09-26,Nagaland,Kohima,25.794,94.2451,97.2,1441,36.6,Disang_Shale,1,HIGH,1,45.8
LS001788,2025-09-26,Nagaland,Dimapur,25.8203,93.8035,97.8,219,4.8,Alluvial_Sandy_Loam,0,NONE,0,0.0
LS001789,2025-09-27,Nagaland,Mokokchung,26.473,94.3788,119.0,1378,33.1,Disang_Shale,1,HIGH,1,20.6
LS001790,2025-09-27,Manipur,Imphal West,24.8969,93.8529,134.3,757,3.0,Lacustrine_Alluvium,0,NONE,0,0.0
LS001791,2025-09-27,Manipur,Bishnupur,24.6836,93.8141,38.1,828,3.7,Lacustrine_Alluvium,0,NONE,0,0.0
LS001792,2025-09-27,Manipur,Senapati,25.1371,94.0675,92.6,1301,28.1,Clayey_Loam,1,HIGH,1,50.8
LS001793,2025-09-27,Mizoram,Aizawl,23.8543,92.587,107.4,1113,32.4,Siltstone_Shale,1,HIGH,1,37.3
LS001794,2025-09-27,Mizoram,Kolasib,24.2908,92.6445,38.0,632,25.9,Red_Loam,0,NONE,0,0.0
LS001795,2025-09-27,Mizoram,Lunglei,22.8611,92.66,78.2,993,29.6,Siltstone_Shale,0,NONE,0,0.0
LS001796,2025-09-27,Tripura,West Tripura,23.7082,91.359,151.2,94,0.5,Sandy_Clay,0,NONE,0,0.0
LS001797,2025-09-27,Tripura,Sipahijala,23.6569,91.2002,143.8,20,5.3,Sandy_Clay,0,NONE,0,0.0
LS001798,2025-09-27,Tripura,Dhalai,23.7005,91.7186,135.6,148,10.4,Red_Laterite,0,NONE,0,0.0
LS001799,2025-09-28,Arunachal Pradesh,Tawang,27.5632,91.9408,51.8,2942,45.4,Gneissic_Debris,0,NONE,0,0.0
LS001800,2025-09-28,Arunachal Pradesh,West Kameng,27.2704,92.4464,63.1,2168,36.0,Schist_Shale,0,NONE,0,0.0
LS001801,2025-09-28,Arunachal Pradesh,Papum Pare,27.2061,93.5614,44.8,364,20.7,Colluvial_Soil,0,NONE,0,0.0
LS001802,2025-09-28,Arunachal Pradesh,East Siang,28.0659,95.3127,176.6,171,8.1,Alluvial_Gravel,0,NONE,0,0.0
LS001803,2025-09-28,Arunachal Pradesh,Lower Subansiri,27.6547,93.9283,156.5,1504,32.9,Schist_Shale,0,NONE,0,0.0
LS001804,2025-09-28,Assam,Kamrup Metropolitan,26.2916,91.6232,133.2,103,2.2,Alluvial_Clay,0,NONE,0,0.0
LS001805,2025-09-28,Assam,Kamrup Rural,26.2836,91.5605,67.2,88,3.2,Alluvial_Silt,0,NONE,0,0.0
LS001806,2025-09-28,Assam,Darrang,26.5451,91.9268,50.8,83,0.4,Brahmaputra_Sand_Silt,0,NONE,0,0.0
LS001807,2025-09-28,Assam,Sonitpur,26.7269,92.8527,108.4,24,4.2,Alluvial_Silt,0,NONE,0,0.0
LS001808,2025-09-28,Assam,Dibrugarh,27.5798,94.9802,80.0,86,3.2,Alluvial_Clay,0,NONE,0,0.0
LS001809,2025-09-29,Assam,Cachar,24.9379,92.9262,75.0,35,1.3,Barak_Valley_Alluvium,0,NONE,0,0.0
LS001810,2025-09-29,Assam,Nagaon,26.3372,92.6385,147.8,54,0.5,Alluvial_Clay,0,NONE,0,0.0
LS001811,2025-09-29,Meghalaya,East Khasi Hills,25.5137,91.9522,90.8,1454,31.5,Sandstone_Silt,1,HIGH,1,25.6
LS001812,2025-09-29,Meghalaya,West Khasi Hills,25.3892,91.207,145.6,1321,28.4,Red_Loam,1,CRITICAL,1,29.0
LS001813,2025-09-29,Meghalaya,Ri-Bhoi,26.0049,91.9429,97.8,548,17.3,Laterite_Clay,0,NONE,0,0.0
LS001814,2025-09-29,Meghalaya,West Jaintia Hills,25.4326,92.1947,153.4,1384,24.2,Limestone_Clay,1,CRITICAL,1,43.0
LS001815,2025-09-29,Sikkim,East Sikkim,27.4134,88.6771,79.3,1591,41.3,Loose_Phyllite,1,HIGH,1,32.3
LS001816,2025-09-29,Sikkim,North Sikkim,27.3806,88.6356,118.0,2499,46.7,Schist_Shale,1,HIGH,1,20.9
LS001817,2025-09-29,Sikkim,South Sikkim,27.1481,88.4525,64.3,1358,34.0,Loose_Phyllite,0,NONE,0,0.0
LS001818,2025-09-29,Nagaland,Kohima,25.6673,94.2421,35.9,1395,38.2,Disang_Shale,0,NONE,0,0.0
LS001819,2025-09-30,Nagaland,Dimapur,25.9348,93.8684,143.7,215,4.9,Alluvial_Sandy_Loam,0,NONE,0,0.0
LS001820,2025-09-30,Nagaland,Mokokchung,26.2106,94.489,156.6,1298,31.9,Disang_Shale,1,CRITICAL,1,30.7
LS001821,2025-09-30,Manipur,Imphal West,24.8628,93.8994,47.8,813,4.7,Lacustrine_Alluvium,0,NONE,0,0.0
LS001822,2025-09-30,Manipur,Bishnupur,24.5093,93.7536,121.0,814,4.3,Lacustrine_Alluvium,0,NONE,0,0.0
LS001823,2025-09-30,Manipur,Senapati,25.306,93.9702,78.3,1205,27.6,Clayey_Loam,0,NONE,0,0.0
LS001824,2025-09-30,Mizoram,Aizawl,23.7695,92.8401,85.9,1098,30.6,Siltstone_Shale,0,NONE,0,0.0
LS001825,2025-09-30,Mizoram,Kolasib,24.2418,92.6121,77.8,645,22.5,Red_Loam,0,NONE,0,0.0
LS001826,2025-09-30,Mizoram,Lunglei,22.8452,92.89,125.8,1049,31.2,Siltstone_Shale,1,CRITICAL,1,16.7
LS001827,2025-09-30,Tripura,West Tripura,23.7113,91.1558,47.9,91,3.9,Sandy_Clay,0,NONE,0,0.0
LS001828,2025-09-30,Tripura,Sipahijala,23.6066,91.3722,146.4,22,3.3,Sandy_Clay,0,NONE,0,0.0
LS001829,2025-10-01,Tripura,Dhalai,23.9437,91.8466,10.7,146,13.7,Red_Laterite,0,NONE,0,0.0
LS001830,2025-10-01,Arunachal Pradesh,Tawang,27.6817,91.9049,2.3,2936,45.8,Gneissic_Debris,0,NONE,0,0.0
LS001831,2025-10-01,Arunachal Pradesh,West Kameng,27.3838,92.3201,9.9,2216,39.0,Schist_Shale,0,NONE,0,0.0
LS001832,2025-10-01,Arunachal Pradesh,Papum Pare,27.0846,93.5609,8.9,265,16.6,Colluvial_Soil,0,NONE,0,0.0
LS001833,2025-10-01,Arunachal Pradesh,East Siang,27.9644,95.3447,10.9,203,10.5,Alluvial_Gravel,0,NONE,0,0.0
LS001834,2025-10-01,Arunachal Pradesh,Lower Subansiri,27.4374,93.7696,3.7,1569,30.8,Schist_Shale,0,NONE,0,0.0
LS001835,2025-10-01,Assam,Kamrup Metropolitan,26.1919,91.6607,10.0,20,3.4,Alluvial_Clay,0,NONE,0,0.0
LS001836,2025-10-01,Assam,Kamrup Rural,26.2698,91.6097,4.8,54,0.4,Alluvial_Silt,0,NONE,0,0.0
LS001837,2025-10-01,Assam,Darrang,26.3959,92.1542,12.5,37,1.6,Brahmaputra_Sand_Silt,0,NONE,0,0.0
LS001838,2025-10-01,Assam,Sonitpur,26.6902,92.8414,5.4,23,0.8,Alluvial_Silt,0,NONE,0,0.0
LS001839,2025-10-02,Assam,Dibrugarh,27.4127,95.0118,3.5,65,1.3,Alluvial_Clay,0,NONE,0,0.0
LS001840,2025-10-02,Assam,Cachar,24.791,92.6674,3.1,44,1.4,Barak_Valley_Alluvium,0,NONE,0,0.0
LS001841,2025-10-02,Assam,Nagaon,26.2734,92.7289,6.3,24,0.5,Alluvial_Clay,0,NONE,0,0.0
LS001842,2025-10-02,Meghalaya,East Khasi Hills,25.5051,91.8709,3.9,1518,28.7,Sandstone_Silt,0,NONE,0,0.0
LS001843,2025-10-02,Meghalaya,West Khasi Hills,25.5489,91.1908,6.4,1301,29.0,Red_Loam,0,NONE,0,0.0
LS001844,2025-10-02,Meghalaya,Ri-Bhoi,25.8616,91.9272,7.6,595,16.6,Laterite_Clay,0,NONE,0,0.0
LS001845,2025-10-02,Meghalaya,West Jaintia Hills,25.5465,92.1449,1.2,1370,25.7,Limestone_Clay,0,NONE,0,0.0
LS001846,2025-10-02,Sikkim,East Sikkim,27.37,88.4798,3.4,1605,42.2,Loose_Phyllite,0,NONE,0,0.0
LS001847,2025-10-02,Sikkim,North Sikkim,27.472,88.4988,11.4,2401,47.8,Schist_Shale,0,NONE,0,0.0
LS001848,2025-10-02,Sikkim,South Sikkim,27.102,88.4607,6.4,1268,35.1,Loose_Phyllite,0,NONE,0,0.0
LS001849,2025-10-03,Nagaland,Kohima,25.8189,94.0253,7.5,1393,37.2,Disang_Shale,0,NONE,0,0.0
LS001850,2025-10-03,Nagaland,Dimapur,25.9147,93.8402,2.4,210,5.4,Alluvial_Sandy_Loam,0,NONE,0,0.0
LS001851,2025-10-03,Nagaland,Mokokchung,26.3337,94.5801,7.6,1370,29.9,Disang_Shale,0,NONE,0,0.0
LS001852,2025-10-03,Manipur,Imphal West,24.6967,93.8012,13.3,765,4.4,Lacustrine_Alluvium,0,NONE,0,0.0
LS001853,2025-10-03,Manipur,Bishnupur,24.586,93.8369,12.7,810,3.7,Lacustrine_Alluvium,0,NONE,0,0.0
LS001854,2025-10-03,Manipur,Senapati,25.3649,94.0031,7.0,1206,28.3,Clayey_Loam,0,NONE,0,0.0
LS001855,2025-10-03,Mizoram,Aizawl,23.7911,92.7649,11.1,1088,32.4,Siltstone_Shale,0,NONE,0,0.0
LS001856,2025-10-03,Mizoram,Kolasib,24.0859,92.7476,9.6,597,25.5,Red_Loam,0,NONE,0,0.0
LS001857,2025-10-03,Mizoram,Lunglei,22.9126,92.802,8.5,983,31.2,Siltstone_Shale,0,NONE,0,0.0
LS001858,2025-10-03,Tripura,West Tripura,23.8221,91.2228,10.5,29,2.2,Sandy_Clay,0,NONE,0,0.0
LS001859,2025-10-04,Tripura,Sipahijala,23.7621,91.2306,9.7,53,4.8,Sandy_Clay,0,NONE,0,0.0
LS001860,2025-10-04,Tripura,Dhalai,23.822,91.7938,4.4,91,12.7,Red_Laterite,0,NONE,0,0.0
LS001861,2025-10-04,Arunachal Pradesh,Tawang,27.5081,91.7375,6.4,2913,42.3,Gneissic_Debris,0,NONE,0,0.0
LS001862,2025-10-04,Arunachal Pradesh,West Kameng,27.2807,92.4138,6.3,2251,35.6,Schist_Shale,0,NONE,0,0.0
LS001863,2025-10-04,Arunachal Pradesh,Papum Pare,27.1535,93.7463,3.0,277,18.4,Colluvial_Soil,0,NONE,0,0.0
LS001864,2025-10-04,Arunachal Pradesh,East Siang,28.2154,95.4424,13.0,184,7.3,Alluvial_Gravel,0,NONE,0,0.0
LS001865,2025-10-04,Arunachal Pradesh,Lower Subansiri,27.4571,93.9294,0.5,1500,33.5,Schist_Shale,0,NONE,0,0.0
LS001866,2025-10-04,Assam,Kamrup Metropolitan,26.2194,91.6595,11.0,89,2.0,Alluvial_Clay,0,NONE,0,0.0
LS001867,2025-10-04,Assam,Kamrup Rural,26.3348,91.6955,10.8,85,1.4,Alluvial_Silt,0,NONE,0,0.0
LS001868,2025-10-04,Assam,Darrang,26.5914,92.0834,4.8,104,2.4,Brahmaputra_Sand_Silt,0,NONE,0,0.0
LS001869,2025-10-05,Assam,Sonitpur,26.5362,92.7527,11.9,35,2.2,Alluvial_Silt,0,NONE,0,0.0
LS001870,2025-10-05,Assam,Dibrugarh,27.4496,94.8757,8.2,95,3.1,Alluvial_Clay,0,NONE,0,0.0
LS001871,2025-10-05,Assam,Cachar,24.887,92.8784,8.1,73,3.1,Barak_Valley_Alluvium,0,NONE,0,0.0
LS001872,2025-10-05,Assam,Nagaon,26.285,92.6221,5.7,31,0.4,Alluvial_Clay,0,NONE,0,0.0
LS001873,2025-10-05,Meghalaya,East Khasi Hills,25.5469,92.0202,12.7,1548,32.7,Sandstone_Silt,0,NONE,0,0.0
LS001874,2025-10-05,Meghalaya,West Khasi Hills,25.6077,91.1206,10.3,1279,30.0,Red_Loam,0,NONE,0,0.0
LS001875,2025-10-05,Meghalaya,Ri-Bhoi,25.7672,91.7318,6.2,548,15.6,Laterite_Clay,0,NONE,0,0.0
LS001876,2025-10-05,Meghalaya,West Jaintia Hills,25.3015,92.3171,5.3,1293,25.5,Limestone_Clay,0,NONE,0,0.0
LS001877,2025-10-05,Sikkim,East Sikkim,27.3181,88.5158,10.3,1657,42.1,Loose_Phyllite,0,NONE,0,0.0
LS001878,2025-10-05,Sikkim,North Sikkim,27.3872,88.5462,7.8,2409,49.8,Schist_Shale,0,NONE,0,0.0
LS001879,2025-10-06,Sikkim,South Sikkim,27.1612,88.3123,6.4,1286,35.8,Loose_Phyllite,0,NONE,0,0.0
LS001880,2025-10-06,Nagaland,Kohima,25.7686,93.9912,0.1,1436,36.6,Disang_Shale,0,NONE,0,0.0
LS001881,2025-10-06,Nagaland,Dimapur,25.7988,93.8016,10.6,135,3.1,Alluvial_Sandy_Loam,0,NONE,0,0.0
LS001882,2025-10-06,Nagaland,Mokokchung,26.2345,94.4269,0.9,1265,29.2,Disang_Shale,0,NONE,0,0.0
LS001883,2025-10-06,Manipur,Imphal West,24.7664,93.7963,9.6,810,0.7,Lacustrine_Alluvium,0,NONE,0,0.0
LS001884,2025-10-06,Manipur,Bishnupur,24.682,93.6942,11.2,763,3.4,Lacustrine_Alluvium,0,NONE,0,0.0
LS001885,2025-10-06,Manipur,Senapati,25.3145,93.8982,9.8,1286,30.8,Clayey_Loam,0,NONE,0,0.0
LS001886,2025-10-06,Mizoram,Aizawl,23.7277,92.8447,7.2,1177,34.6,Siltstone_Shale,0,NONE,0,0.0
LS001887,2025-10-06,Mizoram,Kolasib,24.3573,92.7678,9.3,566,22.8,Red_Loam,0,NONE,0,0.0
LS001888,2025-10-06,Mizoram,Lunglei,22.9602,92.661,7.7,1046,33.1,Siltstone_Shale,0,NONE,0,0.0
LS001889,2025-10-07,Tripura,West Tripura,23.8606,91.1392,6.2,36,1.0,Sandy_Clay,0,NONE,0,0.0
LS001890,2025-10-07,Tripura,Sipahijala,23.7133,91.2363,5.2,20,4.1,Sandy_Clay,0,NONE,0,0.0
LS001891,2025-10-07,Tripura,Dhalai,23.7843,91.7345,4.9,113,14.5,Red_Laterite,0,NONE,0,0.0
LS001892,2025-10-07,Arunachal Pradesh,Tawang,27.6823,91.7689,4.6,2930,45.9,Gneissic_Debris,0,NONE,0,0.0
LS001893,2025-10-07,Arunachal Pradesh,West Kameng,27.3336,92.4492,6.9,2164,40.5,Schist_Shale,0,NONE,0,0.0
LS001894,2025-10-07,Arunachal Pradesh,Papum Pare,27.1407,93.5354,2.0,276,18.0,Colluvial_Soil,0,NONE,0,0.0
LS001895,2025-10-07,Arunachal Pradesh,East Siang,27.9737,95.2199,2.4,97,9.8,Alluvial_Gravel,0,NONE,0,0.0
LS001896,2025-10-07,Arunachal Pradesh,Lower Subansiri,27.4153,93.8022,0.5,1539,33.4,Schist_Shale,0,NONE,0,0.0
LS001897,2025-10-07,Assam,Kamrup Metropolitan,26.061,91.714,3.4,20,1.2,Alluvial_Clay,0,NONE,0,0.0
LS001898,2025-10-07,Assam,Kamrup Rural,26.1263,91.4928,7.9,33,3.1,Alluvial_Silt,0,NONE,0,0.0
LS001899,2025-10-08,Assam,Darrang,26.3761,92.1495,7.1,20,0.4,Brahmaputra_Sand_Silt,0,NONE,0,0.0
LS001900,2025-10-08,Assam,Sonitpur,26.7072,92.7062,5.2,78,1.0,Alluvial_Silt,0,NONE,0,0.0
LS001901,2025-10-08,Assam,Dibrugarh,27.4521,94.8377,8.5,110,0.4,Alluvial_Clay,0,NONE,0,0.0
LS001902,2025-10-08,Assam,Cachar,24.7124,92.633,13.4,35,3.2,Barak_Valley_Alluvium,0,NONE,0,0.0
LS001903,2025-10-08,Assam,Nagaon,26.3034,92.777,4.9,99,2.4,Alluvial_Clay,0,NONE,0,0.0
LS001904,2025-10-08,Meghalaya,East Khasi Hills,25.5403,91.9384,11.3,1456,30.9,Sandstone_Silt,0,NONE,0,0.0
LS001905,2025-10-08,Meghalaya,West Khasi Hills,25.3919,91.2989,1.0,1297,26.1,Red_Loam,0,NONE,0,0.0
LS001906,2025-10-08,Meghalaya,Ri-Bhoi,26.0237,91.9263,8.4,514,15.0,Laterite_Clay,0,NONE,0,0.0
LS001907,2025-10-08,Meghalaya,West Jaintia Hills,25.3296,92.3325,5.9,1349,25.2,Limestone_Clay,0,NONE,0,0.0
LS001908,2025-10-08,Sikkim,East Sikkim,27.4858,88.5171,12.4,1682,40.3,Loose_Phyllite,0,NONE,0,0.0
LS001909,2025-10-09,Sikkim,North Sikkim,27.4755,88.6135,8.3,2504,50.4,Schist_Shale,0,NONE,0,0.0
LS001910,2025-10-09,Sikkim,South Sikkim,27.292,88.4925,12.3,1354,35.5,Loose_Phyllite,0,NONE,0,0.0
LS001911,2025-10-09,Nagaland,Kohima,25.5603,94.0894,9.5,1441,35.4,Disang_Shale,0,NONE,0,0.0
LS001912,2025-10-09,Nagaland,Dimapur,25.908,93.5841,7.6,211,2.7,Alluvial_Sandy_Loam,0,NONE,0,0.0
LS001913,2025-10-09,Nagaland,Mokokchung,26.2619,94.6567,1.1,1267,32.5,Disang_Shale,0,NONE,0,0.0
LS001914,2025-10-09,Manipur,Imphal West,24.8892,93.906,13.8,812,2.4,Lacustrine_Alluvium,0,NONE,0,0.0
LS001915,2025-10-09,Manipur,Bishnupur,24.5049,93.7458,8.9,775,2.9,Lacustrine_Alluvium,0,NONE,0,0.0
LS001916,2025-10-09,Manipur,Senapati,25.2303,93.9414,1.8,1213,27.0,Clayey_Loam,0,NONE,0,0.0
LS001917,2025-10-09,Mizoram,Aizawl,23.7547,92.5703,6.9,1188,34.5,Siltstone_Shale,0,NONE,0,0.0
LS001918,2025-10-09,Mizoram,Kolasib,24.2823,92.6875,2.2,588,26.3,Red_Loam,0,NONE,0,0.0
LS001919,2025-10-10,Mizoram,Lunglei,22.8106,92.6257,5.2,988,29.2,Siltstone_Shale,0,NONE,0,0.0
LS001920,2025-10-10,Tripura,West Tripura,23.6932,91.1812,12.0,88,1.0,Sandy_Clay,0,NONE,0,0.0
LS001921,2025-10-10,Tripura,Sipahijala,23.747,91.1775,4.2,20,5.4,Sandy_Clay,0,NONE,0,0.0
LS001922,2025-10-10,Tripura,Dhalai,23.7349,91.8946,2.4,160,12.5,Red_Laterite,0,NONE,0,0.0
LS001923,2025-10-10,Arunachal Pradesh,Tawang,27.4611,91.921,8.8,2910,43.3,Gneissic_Debris,0,NONE,0,0.0
LS001924,2025-10-10,Arunachal Pradesh,West Kameng,27.384,92.3544,5.0,2147,38.6,Schist_Shale,0,NONE,0,0.0
LS001925,2025-10-10,Arunachal Pradesh,Papum Pare,27.057,93.6857,2.5,295,16.9,Colluvial_Soil,0,NONE,0,0.0
LS001926,2025-10-10,Arunachal Pradesh,East Siang,28.0772,95.4696,8.1,194,11.4,Alluvial_Gravel,0,NONE,0,0.0
LS001927,2025-10-10,Arunachal Pradesh,Lower Subansiri,27.6168,93.8864,4.8,1583,31.2,Schist_Shale,0,NONE,0,0.0
LS001928,2025-10-10,Assam,Kamrup Metropolitan,26.1758,91.648,0.7,51,0.4,Alluvial_Clay,0,NONE,0,0.0
LS001929,2025-10-11,Assam,Kamrup Rural,26.2095,91.6543,2.5,94,0.4,Alluvial_Silt,0,NONE,0,0.0
LS001930,2025-10-11,Assam,Darrang,26.5209,92.0112,1.8,20,3.1,Brahmaputra_Sand_Silt,0,NONE,0,0.0
LS001931,2025-10-11,Assam,Sonitpur,26.5383,92.6981,13.8,128,0.5,Alluvial_Silt,0,NONE,0,0.0
LS001932,2025-10-11,Assam,Dibrugarh,27.6058,94.8161,13.3,84,0.4,Alluvial_Clay,0,NONE,0,0.0
LS001933,2025-10-11,Assam,Cachar,24.7366,92.7472,0.5,42,0.4,Barak_Valley_Alluvium,0,NONE,0,0.0
LS001934,2025-10-11,Assam,Nagaon,26.3231,92.6705,10.0,86,3.4,Alluvial_Clay,0,NONE,0,0.0
LS001935,2025-10-11,Meghalaya,East Khasi Hills,25.5868,91.9613,11.5,1533,28.1,Sandstone_Silt,0,NONE,0,0.0
LS001936,2025-10-11,Meghalaya,West Khasi Hills,25.4752,91.143,10.6,1221,29.3,Red_Loam,0,NONE,0,0.0
LS001937,2025-10-11,Meghalaya,Ri-Bhoi,25.7631,91.8045,6.2,500,15.3,Laterite_Clay,0,NONE,0,0.0
LS001938,2025-10-11,Meghalaya,West Jaintia Hills,25.4799,92.2877,12.4,1271,28.3,Limestone_Clay,0,NONE,0,0.0
LS001939,2025-10-12,Sikkim,East Sikkim,27.4097,88.558,7.6,1680,39.9,Loose_Phyllite,0,NONE,0,0.0
LS001940,2025-10-12,Sikkim,North Sikkim,27.5779,88.6677,8.9,2494,46.8,Schist_Shale,0,NONE,0,0.0
LS001941,2025-10-12,Sikkim,South Sikkim,27.0664,88.2168,4.6,1328,35.0,Loose_Phyllite,0,NONE,0,0.0
LS001942,2025-10-12,Nagaland,Kohima,25.5315,93.972,9.2,1449,34.8,Disang_Shale,0,NONE,0,0.0
LS001943,2025-10-12,Nagaland,Dimapur,26.0077,93.6201,5.3,251,2.4,Alluvial_Sandy_Loam,0,NONE,0,0.0
LS001944,2025-10-12,Nagaland,Mokokchung,26.2906,94.476,10.8,1296,29.6,Disang_Shale,0,NONE,0,0.0
LS001945,2025-10-12,Manipur,Imphal West,24.7824,94.0521,4.4,830,4.2,Lacustrine_Alluvium,0,NONE,0,0.0
LS001946,2025-10-12,Manipur,Bishnupur,24.7796,93.6819,7.0,746,2.8,Lacustrine_Alluvium,0,NONE,0,0.0
LS001947,2025-10-12,Manipur,Senapati,25.1455,94.137,11.0,1307,27.4,Clayey_Loam,0,NONE,0,0.0
LS001948,2025-10-12,Mizoram,Aizawl,23.6224,92.6962,6.3,1112,33.5,Siltstone_Shale,0,NONE,0,0.0
LS001949,2025-10-13,Mizoram,Kolasib,24.1151,92.7302,1.2,588,25.1,Red_Loam,0,NONE,0,0.0
LS001950,2025-10-13,Mizoram,Lunglei,22.9926,92.6713,6.7,1023,32.3,Siltstone_Shale,0,NONE,0,0.0
LS001951,2025-10-13,Tripura,West Tripura,23.9247,91.3502,5.8,20,3.5,Sandy_Clay,0,NONE,0,0.0
LS001952,2025-10-13,Tripura,Sipahijala,23.7784,91.3953,6.6,20,2.1,Sandy_Clay,0,NONE,0,0.0
LS001953,2025-10-13,Tripura,Dhalai,23.9164,91.9357,8.7,141,13.6,Red_Laterite,0,NONE,0,0.0
LS001954,2025-10-13,Arunachal Pradesh,Tawang,27.5643,91.9274,2.3,2858,42.5,Gneissic_Debris,0,NONE,0,0.0
LS001955,2025-10-13,Arunachal Pradesh,West Kameng,27.1691,92.3814,5.5,2180,38.0,Schist_Shale,0,NONE,0,0.0
LS001956,2025-10-13,Arunachal Pradesh,Papum Pare,27.2423,93.6471,4.6,341,17.7,Colluvial_Soil,0,NONE,0,0.0
LS001957,2025-10-13,Arunachal Pradesh,East Siang,28.1122,95.2498,10.5,148,9.4,Alluvial_Gravel,0,NONE,0,0.0
LS001958,2025-10-13,Arunachal Pradesh,Lower Subansiri,27.5478,93.8409,4.2,1529,31.8,Schist_Shale,0,NONE,0,0.0
LS001959,2025-10-14,Assam,Kamrup Metropolitan,26.1211,91.7596,11.5,83,2.8,Alluvial_Clay,0,NONE,0,0.0
LS001960,2025-10-14,Assam,Kamrup Rural,26.0612,91.5205,10.4,24,3.4,Alluvial_Silt,0,NONE,0,0.0
LS001961,2025-10-14,Assam,Darrang,26.4695,92.1683,2.3,109,0.4,Brahmaputra_Sand_Silt,0,NONE,0,0.0
LS001962,2025-10-14,Assam,Sonitpur,26.5921,92.8974,10.9,117,3.7,Alluvial_Silt,0,NONE,0,0.0
LS001963,2025-10-14,Assam,Dibrugarh,27.366,95.018,12.3,167,2.9,Alluvial_Clay,0,NONE,0,0.0
LS001964,2025-10-14,Assam,Cachar,24.9316,92.6457,3.8,20,0.4,Barak_Valley_Alluvium,0,NONE,0,0.0
LS001965,2025-10-14,Assam,Nagaon,26.2381,92.7539,6.0,93,3.3,Alluvial_Clay,0,NONE,0,0.0
LS001966,2025-10-14,Meghalaya,East Khasi Hills,25.6392,91.9421,1.2,1439,30.4,Sandstone_Silt,0,NONE,0,0.0
LS001967,2025-10-14,Meghalaya,West Khasi Hills,25.4075,91.1541,10.3,1238,25.9,Red_Loam,0,NONE,0,0.0
LS001968,2025-10-14,Meghalaya,Ri-Bhoi,25.9208,91.9741,3.5,509,17.8,Laterite_Clay,0,NONE,0,0.0
LS001969,2025-10-15,Meghalaya,West Jaintia Hills,25.342,92.2082,9.5,1308,25.9,Limestone_Clay,0,NONE,0,0.0
LS001970,2025-10-15,Sikkim,East Sikkim,27.3221,88.65,3.2,1591,40.9,Loose_Phyllite,0,NONE,0,0.0
LS001971,2025-10-15,Sikkim,North Sikkim,27.6143,88.4096,1.4,2486,46.9,Schist_Shale,0,NONE,0,0.0
LS001972,2025-10-15,Sikkim,South Sikkim,27.1389,88.3271,1.0,1352,36.0,Loose_Phyllite,0,NONE,0,0.0
LS001973,2025-10-15,Nagaland,Kohima,25.6025,94.1302,3.5,1419,36.8,Disang_Shale,0,NONE,0,0.0
LS001974,2025-10-15,Nagaland,Dimapur,25.8038,93.8694,11.2,201,3.2,Alluvial_Sandy_Loam,0,NONE,0,0.0
LS001975,2025-10-15,Nagaland,Mokokchung,26.3979,94.4901,3.4,1267,29.6,Disang_Shale,0,NONE,0,0.0
LS001976,2025-10-15,Manipur,Imphal West,24.8908,93.9546,10.6,832,0.4,Lacustrine_Alluvium,0,NONE,0,0.0
LS001977,2025-10-15,Manipur,Bishnupur,24.6256,93.8103,0.6,761,5.1,Lacustrine_Alluvium,0,NONE,0,0.0
LS001978,2025-10-15,Manipur,Senapati,25.351,94.054,8.7,1214,28.3,Clayey_Loam,0,NONE,0,0.0
LS001979,2025-10-16,Mizoram,Aizawl,23.6859,92.8012,4.5,1112,30.6,Siltstone_Shale,0,NONE,0,0.0
LS001980,2025-10-16,Mizoram,Kolasib,24.2325,92.5496,8.9,626,22.1,Red_Loam,0,NONE,0,0.0
LS001981,2025-10-16,Mizoram,Lunglei,22.7863,92.6505,11.5,1078,29.2,Siltstone_Shale,0,NONE,0,0.0
LS001982,2025-10-16,Tripura,West Tripura,23.9745,91.3062,7.1,47,4.5,Sandy_Clay,0,NONE,0,0.0
LS001983,2025-10-16,Tripura,Sipahijala,23.4994,91.19,8.7,20,0.5,Sandy_Clay,0,NONE,0,0.0
LS001984,2025-10-16,Tripura,Dhalai,23.7847,91.8194,6.8,104,11.1,Red_Laterite,0,NONE,0,0.0
LS001985,2025-10-16,Arunachal Pradesh,Tawang,27.5429,91.7483,13.9,2926,42.5,Gneissic_Debris,0,NONE,0,0.0
LS001986,2025-10-16,Arunachal Pradesh,West Kameng,27.3369,92.2962,8.0,2243,39.4,Schist_Shale,0,NONE,0,0.0
LS001987,2025-10-16,Arunachal Pradesh,Papum Pare,27.1892,93.6097,12.1,371,20.3,Colluvial_Soil,0,NONE,0,0.0
LS001988,2025-10-16,Arunachal Pradesh,East Siang,27.9615,95.3149,10.6,208,9.8,Alluvial_Gravel,0,NONE,0,0.0
LS001989,2025-10-17,Arunachal Pradesh,Lower Subansiri,27.4695,93.7447,1.2,1587,33.2,Schist_Shale,0,NONE,0,0.0
LS001990,2025-10-17,Assam,Kamrup Metropolitan,26.0428,91.8753,10.4,61,3.7,Alluvial_Clay,0,NONE,0,0.0
LS001991,2025-10-17,Assam,Kamrup Rural,26.192,91.6426,7.1,55,2.3,Alluvial_Silt,0,NONE,0,0.0
LS001992,2025-10-17,Assam,Darrang,26.4101,92.1378,1.9,47,0.4,Brahmaputra_Sand_Silt,0,NONE,0,0.0
LS001993,2025-10-17,Assam,Sonitpur,26.6887,92.7143,2.4,96,2.6,Alluvial_Silt,0,NONE,0,0.0
LS001994,2025-10-17,Assam,Dibrugarh,27.4929,95.0603,9.6,60,2.3,Alluvial_Clay,0,NONE,0,0.0
LS001995,2025-10-17,Assam,Cachar,24.9444,92.793,11.1,67,3.2,Barak_Valley_Alluvium,0,NONE,0,0.0
LS001996,2025-10-17,Assam,Nagaon,26.2234,92.6281,11.1,123,0.4,Alluvial_Clay,0,NONE,0,0.0
LS001997,2025-10-17,Meghalaya,East Khasi Hills,25.6018,91.8493,0.9,1439,28.9,Sandstone_Silt,0,NONE,0,0.0
LS001998,2025-10-17,Meghalaya,West Khasi Hills,25.4374,91.252,9.2,1252,29.3,Red_Loam,0,NONE,0,0.0
LS001999,2025-10-18,Meghalaya,Ri-Bhoi,26.0272,92.0119,13.1,562,16.4,Laterite_Clay,0,NONE,0,0.0
LS002000,2025-10-18,Meghalaya,West Jaintia Hills,25.386,92.1727,6.4,1349,28.1,Limestone_Clay,0,NONE,0,0.0
LS002001,2025-10-18,Sikkim,East Sikkim,27.2989,88.71,11.9,1630,41.4,Loose_Phyllite,0,NONE,0,0.0
LS002002,2025-10-18,Sikkim,North Sikkim,27.5018,88.4788,2.7,2502,51.0,Schist_Shale,0,NONE,0,0.0
LS002003,2025-10-18,Sikkim,South Sikkim,27.3132,88.2171,0.6,1341,34.9,Loose_Phyllite,0,NONE,0,0.0
LS002004,2025-10-18,Nagaland,Kohima,25.5275,94.2145,11.6,1417,35.2,Disang_Shale,0,NONE,0,0.0
LS002005,2025-10-18,Nagaland,Dimapur,26.0129,93.6444,7.6,246,3.6,Alluvial_Sandy_Loam,0,NONE,0,0.0
LS002006,2025-10-18,Nagaland,Mokokchung,26.3148,94.5627,8.8,1375,32.6,Disang_Shale,0,NONE,0,0.0
LS002007,2025-10-18,Manipur,Imphal West,24.7211,93.8193,8.5,843,1.7,Lacustrine_Alluvium,0,NONE,0,0.0
LS002008,2025-10-18,Manipur,Bishnupur,24.6029,93.6338,1.7,753,6.0,Lacustrine_Alluvium,0,NONE,0,0.0
LS002009,2025-10-19,Manipur,Senapati,25.3207,94.0029,9.8,1225,29.3,Clayey_Loam,0,NONE,0,0.0
LS002010,2025-10-19,Mizoram,Aizawl,23.8617,92.6113,1.8,1097,32.1,Siltstone_Shale,0,NONE,0,0.0
LS002011,2025-10-19,Mizoram,Kolasib,24.2503,92.6441,5.9,669,26.0,Red_Loam,0,NONE,0,0.0
LS002012,2025-10-19,Mizoram,Lunglei,23.0236,92.654,12.4,987,33.3,Siltstone_Shale,0,NONE,0,0.0
LS002013,2025-10-19,Tripura,West Tripura,23.8866,91.2178,7.1,56,0.5,Sandy_Clay,0,NONE,0,0.0
LS002014,2025-10-19,Tripura,Sipahijala,23.5672,91.1865,12.8,83,4.1,Sandy_Clay,0,NONE,0,0.0
LS002015,2025-10-19,Tripura,Dhalai,23.8574,91.9009,3.3,113,10.4,Red_Laterite,0,NONE,0,0.0
LS002016,2025-10-19,Arunachal Pradesh,Tawang,27.7046,91.838,2.7,2936,43.5,Gneissic_Debris,0,NONE,0,0.0
LS002017,2025-10-19,Arunachal Pradesh,West Kameng,27.3971,92.4104,3.6,2208,38.9,Schist_Shale,0,NONE,0,0.0
LS002018,2025-10-19,Arunachal Pradesh,Papum Pare,27.1594,93.573,11.2,348,18.9,Colluvial_Soil,0,NONE,0,0.0
LS002019,2025-10-20,Arunachal Pradesh,East Siang,28.0843,95.4441,7.8,120,7.1,Alluvial_Gravel,0,NONE,0,0.0
LS002020,2025-10-20,Arunachal Pradesh,Lower Subansiri,27.585,93.7771,7.7,1605,34.6,Schist_Shale,0,NONE,0,0.0
LS002021,2025-10-20,Assam,Kamrup Metropolitan,26.2155,91.6812,13.6,20,3.2,Alluvial_Clay,0,NONE,0,0.0
LS002022,2025-10-20,Assam,Kamrup Rural,26.1848,91.5069,0.8,99,3.2,Alluvial_Silt,0,NONE,0,0.0
LS002023,2025-10-20,Assam,Darrang,26.4582,91.8821,1.9,49,3.3,Brahmaputra_Sand_Silt,0,NONE,0,0.0
LS002024,2025-10-20,Assam,Sonitpur,26.6741,92.8343,5.8,92,0.4,Alluvial_Silt,0,NONE,0,0.0
LS002025,2025-10-20,Assam,Dibrugarh,27.6165,94.8881,6.4,117,2.2,Alluvial_Clay,0,NONE,0,0.0
LS002026,2025-10-20,Assam,Cachar,24.7481,92.6918,13.2,20,4.2,Barak_Valley_Alluvium,0,NONE,0,0.0
LS002027,2025-10-20,Assam,Nagaon,26.1995,92.7781,12.5,20,0.4,Alluvial_Clay,0,NONE,0,0.0
LS002028,2025-10-20,Meghalaya,East Khasi Hills,25.6745,91.7807,8.8,1493,31.2,Sandstone_Silt,0,NONE,0,0.0
LS002029,2025-10-21,Meghalaya,West Khasi Hills,25.4831,91.2157,12.6,1289,27.6,Red_Loam,0,NONE,0,0.0
LS002030,2025-10-21,Meghalaya,Ri-Bhoi,25.8507,92.0079,8.5,548,16.1,Laterite_Clay,0,NONE,0,0.0
LS002031,2025-10-21,Meghalaya,West Jaintia Hills,25.4785,92.2128,2.4,1318,24.9,Limestone_Clay,0,NONE,0,0.0
LS002032,2025-10-21,Sikkim,East Sikkim,27.393,88.6467,5.2,1679,42.6,Loose_Phyllite,0,NONE,0,0.0
LS002033,2025-10-21,Sikkim,North Sikkim,27.6071,88.6986,1.7,2493,50.2,Schist_Shale,0,NONE,0,0.0
LS002034,2025-10-21,Sikkim,South Sikkim,27.0249,88.4797,8.0,1253,36.2,Loose_Phyllite,0,NONE,0,0.0
LS002035,2025-10-21,Nagaland,Kohima,25.8033,93.9885,3.6,1436,35.8,Disang_Shale,0,NONE,0,0.0
LS002036,2025-10-21,Nagaland,Dimapur,25.9571,93.833,4.2,162,2.4,Alluvial_Sandy_Loam,0,NONE,0,0.0
LS002037,2025-10-21,Nagaland,Mokokchung,26.2893,94.4287,4.3,1320,33.3,Disang_Shale,0,NONE,0,0.0
LS002038,2025-10-21,Manipur,Imphal West,24.9051,93.926,5.9,841,3.8,Lacustrine_Alluvium,0,NONE,0,0.0
LS002039,2025-10-22,Manipur,Bishnupur,24.7047,93.6168,3.4,757,4.9,Lacustrine_Alluvium,0,NONE,0,0.0
LS002040,2025-10-22,Manipur,Senapati,25.1903,94.0576,7.3,1229,31.2,Clayey_Loam,0,NONE,0,0.0
LS002041,2025-10-22,Mizoram,Aizawl,23.7015,92.6401,10.8,1185,35.0,Siltstone_Shale,0,NONE,0,0.0
LS002042,2025-10-22,Mizoram,Kolasib,24.0779,92.7672,10.2,657,26.1,Red_Loam,0,NONE,0,0.0
LS002043,2025-10-22,Mizoram,Lunglei,22.91,92.6905,6.7,1033,34.0,Siltstone_Shale,0,NONE,0,0.0
LS002044,2025-10-22,Tripura,West Tripura,23.9735,91.1946,3.2,57,1.6,Sandy_Clay,0,NONE,0,0.0
LS002045,2025-10-22,Tripura,Sipahijala,23.7646,91.2907,8.6,92,3.7,Sandy_Clay,0,NONE,0,0.0
LS002046,2025-10-22,Tripura,Dhalai,23.7521,91.9713,11.4,146,10.3,Red_Laterite,0,NONE,0,0.0
LS002047,2025-10-22,Arunachal Pradesh,Tawang,27.6491,91.7473,4.0,2855,45.2,Gneissic_Debris,0,NONE,0,0.0
LS002048,2025-10-22,Arunachal Pradesh,West Kameng,27.3674,92.4541,2.4,2173,39.7,Schist_Shale,0,NONE,0,0.0
LS002049,2025-10-23,Arunachal Pradesh,Papum Pare,27.0471,93.4946,7.3,263,18.2,Colluvial_Soil,0,NONE,0,0.0
LS002050,2025-10-23,Arunachal Pradesh,East Siang,28.094,95.1843,9.2,185,9.4,Alluvial_Gravel,0,NONE,0,0.0
LS002051,2025-10-23,Arunachal Pradesh,Lower Subansiri,27.5715,93.6876,8.3,1593,30.6,Schist_Shale,0,NONE,0,0.0
LS002052,2025-10-23,Assam,Kamrup Metropolitan,26.184,91.6936,11.9,25,2.0,Alluvial_Clay,0,NONE,0,0.0
LS002053,2025-10-23,Assam,Kamrup Rural,26.0931,91.6641,8.2,90,2.3,Alluvial_Silt,0,NONE,0,0.0
LS002054,2025-10-23,Assam,Darrang,26.5331,92.0788,3.2,27,0.4,Brahmaputra_Sand_Silt,0,NONE,0,0.0
LS002055,2025-10-23,Assam,Sonitpur,26.4907,92.938,5.0,128,0.4,Alluvial_Silt,0,NONE,0,0.0
LS002056,2025-10-23,Assam,Dibrugarh,27.5016,94.7941,5.9,84,0.4,Alluvial_Clay,0,NONE,0,0.0
LS002057,2025-10-23,Assam,Cachar,24.7065,92.8823,1.1,81,3.5,Barak_Valley_Alluvium,0,NONE,0,0.0
LS002058,2025-10-23,Assam,Nagaon,26.3425,92.5406,4.4,20,0.9,Alluvial_Clay,0,NONE,0,0.0
LS002059,2025-10-24,Meghalaya,East Khasi Hills,25.4919,91.8693,8.2,1543,29.6,Sandstone_Silt,0,NONE,0,0.0
LS002060,2025-10-24,Meghalaya,West Khasi Hills,25.6026,91.1639,4.7,1221,30.0,Red_Loam,0,NONE,0,0.0
LS002061,2025-10-24,Meghalaya,Ri-Bhoi,25.9394,91.9864,0.5,505,18.9,Laterite_Clay,0,NONE,0,0.0
LS002062,2025-10-24,Meghalaya,West Jaintia Hills,25.4452,92.2342,12.5,1339,23.5,Limestone_Clay,0,NONE,0,0.0
LS002063,2025-10-24,Sikkim,East Sikkim,27.2653,88.493,10.5,1667,39.6,Loose_Phyllite,0,NONE,0,0.0
LS002064,2025-10-24,Sikkim,North Sikkim,27.5035,88.4457,5.9,2500,47.8,Schist_Shale,0,NONE,0,0.0
LS002065,2025-10-24,Sikkim,South Sikkim,27.0288,88.2416,11.9,1250,37.3,Loose_Phyllite,0,NONE,0,0.0
LS002066,2025-10-24,Nagaland,Kohima,25.6054,94.1031,11.9,1391,35.0,Disang_Shale,0,NONE,0,0.0
LS002067,2025-10-24,Nagaland,Dimapur,25.8451,93.8011,8.2,198,3.5,Alluvial_Sandy_Loam,0,NONE,0,0.0
LS002068,2025-10-24,Nagaland,Mokokchung,26.4517,94.445,0.5,1285,31.9,Disang_Shale,0,NONE,0,0.0
LS002069,2025-10-25,Manipur,Imphal West,24.7513,93.9046,4.0,799,3.7,Lacustrine_Alluvium,0,NONE,0,0.0
LS002070,2025-10-25,Manipur,Bishnupur,24.5321,93.6762,1.0,802,3.4,Lacustrine_Alluvium,0,NONE,0,0.0
LS002071,2025-10-25,Manipur,Senapati,25.2371,94.0841,8.6,1294,28.6,Clayey_Loam,0,NONE,0,0.0
LS002072,2025-10-25,Mizoram,Aizawl,23.692,92.6275,5.0,1115,32.4,Siltstone_Shale,0,NONE,0,0.0
LS002073,2025-10-25,Mizoram,Kolasib,24.0893,92.5802,7.0,554,26.8,Red_Loam,0,NONE,0,0.0
LS002074,2025-10-25,Mizoram,Lunglei,22.8529,92.7712,12.5,1072,32.2,Siltstone_Shale,0,NONE,0,0.0
LS002075,2025-10-25,Tripura,West Tripura,23.7872,91.1458,6.7,20,3.6,Sandy_Clay,0,NONE,0,0.0
LS002076,2025-10-25,Tripura,Sipahijala,23.5408,91.2356,9.5,20,3.8,Sandy_Clay,0,NONE,0,0.0
LS002077,2025-10-25,Tripura,Dhalai,23.9339,91.7367,9.1,120,12.9,Red_Laterite,0,NONE,0,0.0
LS002078,2025-10-25,Arunachal Pradesh,Tawang,27.5002,91.8796,3.1,2881,46.5,Gneissic_Debris,0,NONE,0,0.0
LS002079,2025-10-26,Arunachal Pradesh,West Kameng,27.2302,92.4464,13.0,2207,36.6,Schist_Shale,0,NONE,0,0.0
LS002080,2025-10-26,Arunachal Pradesh,Papum Pare,27.1653,93.7505,3.4,363,20.3,Colluvial_Soil,0,NONE,0,0.0
LS002081,2025-10-26,Arunachal Pradesh,East Siang,28.1838,95.3025,12.4,191,8.9,Alluvial_Gravel,0,NONE,0,0.0
LS002082,2025-10-26,Arunachal Pradesh,Lower Subansiri,27.4594,93.6949,2.8,1563,32.4,Schist_Shale,0,NONE,0,0.0
LS002083,2025-10-26,Assam,Kamrup Metropolitan,26.1209,91.6234,4.4,20,1.7,Alluvial_Clay,0,NONE,0,0.0
LS002084,2025-10-26,Assam,Kamrup Rural,26.1059,91.4184,2.6,20,1.6,Alluvial_Silt,0,NONE,0,0.0
LS002085,2025-10-26,Assam,Darrang,26.5984,92.1545,7.3,28,0.4,Brahmaputra_Sand_Silt,0,NONE,0,0.0
LS002086,2025-10-26,Assam,Sonitpur,26.4949,92.8026,11.2,85,0.4,Alluvial_Silt,0,NONE,0,0.0
LS002087,2025-10-26,Assam,Dibrugarh,27.3436,94.7905,11.5,150,0.4,Alluvial_Clay,0,NONE,0,0.0
LS002088,2025-10-26,Assam,Cachar,24.7785,92.7326,13.4,20,2.1,Barak_Valley_Alluvium,0,NONE,0,0.0
LS002089,2025-10-27,Assam,Nagaon,26.3789,92.652,12.5,93,3.4,Alluvial_Clay,0,NONE,0,0.0
LS002090,2025-10-27,Meghalaya,East Khasi Hills,25.6211,92.0164,12.9,1537,29.9,Sandstone_Silt,0,NONE,0,0.0
LS002091,2025-10-27,Meghalaya,West Khasi Hills,25.3688,91.1244,8.7,1221,26.2,Red_Loam,0,NONE,0,0.0
LS002092,2025-10-27,Meghalaya,Ri-Bhoi,26.0084,91.9473,10.7,518,14.9,Laterite_Clay,0,NONE,0,0.0
LS002093,2025-10-27,Meghalaya,West Jaintia Hills,25.5707,92.1607,11.6,1385,26.2,Limestone_Clay,0,NONE,0,0.0
LS002094,2025-10-27,Sikkim,East Sikkim,27.3954,88.4722,9.8,1703,43.4,Loose_Phyllite,0,NONE,0,0.0
LS002095,2025-10-27,Sikkim,North Sikkim,27.6341,88.4225,10.7,2432,49.4,Schist_Shale,0,NONE,0,0.0
LS002096,2025-10-27,Sikkim,South Sikkim,27.1339,88.4096,12.2,1358,34.4,Loose_Phyllite,0,NONE,0,0.0
LS002097,2025-10-27,Nagaland,Kohima,25.563,94.2172,6.9,1476,36.2,Disang_Shale,0,NONE,0,0.0
LS002098,2025-10-27,Nagaland,Dimapur,26.0254,93.7686,0.6,220,1.9,Alluvial_Sandy_Loam,0,NONE,0,0.0
LS002099,2025-10-28,Nagaland,Mokokchung,26.3484,94.5684,3.2,1295,30.1,Disang_Shale,0,NONE,0,0.0
LS002100,2025-10-28,Manipur,Imphal West,24.7347,93.8659,9.8,762,3.3,Lacustrine_Alluvium,0,NONE,0,0.0
LS002101,2025-10-28,Manipur,Bishnupur,24.7331,93.6872,8.9,792,4.7,Lacustrine_Alluvium,0,NONE,0,0.0
LS002102,2025-10-28,Manipur,Senapati,25.1334,94.1515,9.3,1197,28.1,Clayey_Loam,0,NONE,0,0.0
LS002103,2025-10-28,Mizoram,Aizawl,23.7175,92.6831,3.8,1132,31.0,Siltstone_Shale,0,NONE,0,0.0
LS002104,2025-10-28,Mizoram,Kolasib,24.2472,92.6883,12.9,659,23.6,Red_Loam,0,NONE,0,0.0
LS002105,2025-10-28,Mizoram,Lunglei,22.9426,92.7866,4.7,1068,31.5,Siltstone_Shale,0,NONE,0,0.0
LS002106,2025-10-28,Tripura,West Tripura,23.7471,91.2459,1.0,32,3.9,Sandy_Clay,0,NONE,0,0.0
LS002107,2025-10-28,Tripura,Sipahijala,23.719,91.2184,12.0,20,2.6,Sandy_Clay,0,NONE,0,0.0
LS002108,2025-10-28,Tripura,Dhalai,23.9854,91.8732,10.4,93,10.2,Red_Laterite,0,NONE,0,0.0
LS002109,2025-10-29,Arunachal Pradesh,Tawang,27.6596,91.7816,5.8,2954,44.3,Gneissic_Debris,0,NONE,0,0.0
LS002110,2025-10-29,Arunachal Pradesh,West Kameng,27.2574,92.4252,3.7,2185,36.8,Schist_Shale,0,NONE,0,0.0
LS002111,2025-10-29,Arunachal Pradesh,Papum Pare,26.9756,93.596,1.1,279,18.0,Colluvial_Soil,0,NONE,0,0.0
LS002112,2025-10-29,Arunachal Pradesh,East Siang,28.0161,95.3084,11.8,142,7.2,Alluvial_Gravel,0,NONE,0,0.0
LS002113,2025-10-29,Arunachal Pradesh,Lower Subansiri,27.6196,93.8068,7.1,1537,30.8,Schist_Shale,0,NONE,0,0.0
LS002114,2025-10-29,Assam,Kamrup Metropolitan,26.0773,91.7684,2.3,61,0.9,Alluvial_Clay,0,NONE,0,0.0
LS002115,2025-10-29,Assam,Kamrup Rural,26.2289,91.6997,10.7,26,0.4,Alluvial_Silt,0,NONE,0,0.0
LS002116,2025-10-29,Assam,Darrang,26.4746,91.9526,6.8,60,0.4,Brahmaputra_Sand_Silt,0,NONE,0,0.0
LS002117,2025-10-29,Assam,Sonitpur,26.6699,92.8573,10.5,68,1.6,Alluvial_Silt,0,NONE,0,0.0
LS002118,2025-10-29,Assam,Dibrugarh,27.57,94.9695,11.7,111,0.4,Alluvial_Clay,0,NONE,0,0.0
LS002119,2025-10-30,Assam,Cachar,24.7876,92.7153,0.2,41,0.7,Barak_Valley_Alluvium,0,NONE,0,0.0
LS002120,2025-10-30,Assam,Nagaon,26.2507,92.8063,8.7,83,0.9,Alluvial_Clay,0,NONE,0,0.0
LS002121,2025-10-30,Meghalaya,East Khasi Hills,25.7008,91.8149,0.1,1470,31.4,Sandstone_Silt,0,NONE,0,0.0
LS002122,2025-10-30,Meghalaya,West Khasi Hills,25.4596,91.2466,1.8,1221,28.8,Red_Loam,0,NONE,0,0.0
LS002123,2025-10-30,Meghalaya,Ri-Bhoi,25.7562,92.0223,11.1,602,14.4,Laterite_Clay,0,NONE,0,0.0
LS002124,2025-10-30,Meghalaya,West Jaintia Hills,25.5559,92.2282,9.7,1330,26.4,Limestone_Clay,0,NONE,0,0.0
LS002125,2025-10-30,Sikkim,East Sikkim,27.2632,88.4893,11.5,1694,39.6,Loose_Phyllite,0,NONE,0,0.0
LS002126,2025-10-30,Sikkim,North Sikkim,27.4372,88.4685,7.9,2454,46.8,Schist_Shale,0,NONE,0,0.0
LS002127,2025-10-30,Sikkim,South Sikkim,27.0482,88.2914,2.3,1334,35.4,Loose_Phyllite,0,NONE,0,0.0
LS002128,2025-10-30,Nagaland,Kohima,25.6303,94.1223,5.9,1464,35.7,Disang_Shale,0,NONE,0,0.0
LS002129,2025-10-31,Nagaland,Dimapur,25.7609,93.6833,9.1,225,3.0,Alluvial_Sandy_Loam,0,NONE,0,0.0
LS002130,2025-10-31,Nagaland,Mokokchung,26.3742,94.6295,13.7,1367,31.5,Disang_Shale,0,NONE,0,0.0
LS002131,2025-10-31,Manipur,Imphal West,24.8727,94.0053,11.7,727,0.4,Lacustrine_Alluvium,0,NONE,0,0.0
LS002132,2025-10-31,Manipur,Bishnupur,24.5485,93.9127,2.2,755,3.5,Lacustrine_Alluvium,0,NONE,0,0.0
LS002133,2025-10-31,Manipur,Senapati,25.3323,94.152,11.6,1236,28.0,Clayey_Loam,0,NONE,0,0.0
LS002134,2025-10-31,Mizoram,Aizawl,23.8533,92.6809,5.6,1083,35.3,Siltstone_Shale,0,NONE,0,0.0
LS002135,2025-10-31,Mizoram,Kolasib,24.2736,92.7998,2.1,607,26.9,Red_Loam,0,NONE,0,0.0
LS002136,2025-10-31,Mizoram,Lunglei,22.7825,92.8631,10.1,1004,33.4,Siltstone_Shale,0,NONE,0,0.0
LS002137,2025-10-31,Tripura,West Tripura,23.8067,91.435,4.6,20,0.6,Sandy_Clay,0,NONE,0,0.0
LS002138,2025-10-31,Tripura,Sipahijala,23.6956,91.4123,1.2,20,2.7,Sandy_Clay,0,NONE,0,0.0
LS002139,2025-11-01,Tripura,Dhalai,23.9904,91.9377,1.9,116,10.1,Red_Laterite,0,NONE,0,0.0
LS002140,2025-11-01,Arunachal Pradesh,Tawang,27.7143,91.7535,13.0,2927,42.8,Gneissic_Debris,0,NONE,0,0.0
LS002141,2025-11-01,Arunachal Pradesh,West Kameng,27.3016,92.4652,8.1,2178,37.9,Schist_Shale,0,NONE,0,0.0
LS002142,2025-11-01,Arunachal Pradesh,Papum Pare,27.0388,93.6028,11.7,287,17.4,Colluvial_Soil,0,NONE,0,0.0
LS002143,2025-11-01,Arunachal Pradesh,East Siang,27.932,95.2677,6.1,150,8.5,Alluvial_Gravel,0,NONE,0,0.0
LS002144,2025-11-01,Arunachal Pradesh,Lower Subansiri,27.415,93.7213,11.9,1612,31.3,Schist_Shale,0,NONE,0,0.0
LS002145,2025-11-01,Assam,Kamrup Metropolitan,26.1941,91.8169,2.9,20,3.5,Alluvial_Clay,0,NONE,0,0.0
LS002146,2025-11-01,Assam,Kamrup Rural,26.0778,91.6319,2.6,53,1.3,Alluvial_Silt,0,NONE,0,0.0
LS002147,2025-11-01,Assam,Darrang,26.3677,92.023,5.8,37,0.4,Brahmaputra_Sand_Silt,0,NONE,0,0.0
LS002148,2025-11-01,Assam,Sonitpur,26.5997,92.7623,0.6,133,0.4,Alluvial_Silt,0,NONE,0,0.0
LS002149,2025-11-02,Assam,Dibrugarh,27.4134,94.8552,8.9,120,0.5,Alluvial_Clay,0,NONE,0,0.0
LS002150,2025-11-02,Assam,Cachar,24.9246,92.6707,8.6,63,0.4,Barak_Valley_Alluvium,0,NONE,0,0.0
LS002151,2025-11-02,Assam,Nagaon,26.3615,92.6243,6.2,20,0.4,Alluvial_Clay,0,NONE,0,0.0
LS002152,2025-11-02,Meghalaya,East Khasi Hills,25.5671,91.7983,6.4,1530,32.4,Sandstone_Silt,0,NONE,0,0.0
LS002153,2025-11-02,Meghalaya,West Khasi Hills,25.4016,91.2426,4.0,1260,28.0,Red_Loam,0,NONE,0,0.0
LS002154,2025-11-02,Meghalaya,Ri-Bhoi,25.8573,91.8363,6.3,549,16.1,Laterite_Clay,0,NONE,0,0.0
LS002155,2025-11-02,Meghalaya,West Jaintia Hills,25.3083,92.2177,4.8,1368,25.6,Limestone_Clay,0,NONE,0,0.0
LS002156,2025-11-02,Sikkim,East Sikkim,27.3735,88.5472,0.7,1621,42.4,Loose_Phyllite,0,NONE,0,0.0
LS002157,2025-11-02,Sikkim,North Sikkim,27.5363,88.67,13.7,2502,47.5,Schist_Shale,0,NONE,0,0.0
LS002158,2025-11-02,Sikkim,South Sikkim,27.1378,88.3209,13.8,1240,36.0,Loose_Phyllite,0,NONE,0,0.0
LS002159,2025-11-03,Nagaland,Kohima,25.6805,94.2104,11.9,1390,33.6,Disang_Shale,0,NONE,0,0.0
LS002160,2025-11-03,Nagaland,Dimapur,25.9518,93.6775,0.6,147,5.4,Alluvial_Sandy_Loam,0,NONE,0,0.0
LS002161,2025-11-03,Nagaland,Mokokchung,26.3822,94.6293,7.1,1275,32.2,Disang_Shale,0,NONE,0,0.0
LS002162,2025-11-03,Manipur,Imphal West,24.8888,93.8027,4.0,751,2.3,Lacustrine_Alluvium,0,NONE,0,0.0
LS002163,2025-11-03,Manipur,Bishnupur,24.7726,93.6554,3.9,824,4.4,Lacustrine_Alluvium,0,NONE,0,0.0
LS002164,2025-11-03,Manipur,Senapati,25.2003,93.9533,2.0,1309,27.0,Clayey_Loam,0,NONE,0,0.0
LS002165,2025-11-03,Mizoram,Aizawl,23.7834,92.602,11.1,1070,31.3,Siltstone_Shale,0,NONE,0,0.0
LS002166,2025-11-03,Mizoram,Kolasib,24.2259,92.6042,10.6,563,24.4,Red_Loam,0,NONE,0,0.0
LS002167,2025-11-03,Mizoram,Lunglei,22.8631,92.6067,11.6,975,30.5,Siltstone_Shale,0,NONE,0,0.0
LS002168,2025-11-03,Tripura,West Tripura,23.7367,91.2073,10.6,83,2.3,Sandy_Clay,0,NONE,0,0.0
LS002169,2025-11-04,Tripura,Sipahijala,23.6894,91.4198,6.0,50,1.1,Sandy_Clay,0,NONE,0,0.0
LS002170,2025-11-04,Tripura,Dhalai,23.7065,91.7425,13.9,175,12.8,Red_Laterite,0,NONE,0,0.0
LS002171,2025-11-04,Arunachal Pradesh,Tawang,27.6586,91.8734,11.5,2900,44.4,Gneissic_Debris,0,NONE,0,0.0
LS002172,2025-11-04,Arunachal Pradesh,West Kameng,27.1445,92.4425,7.4,2187,38.8,Schist_Shale,0,NONE,0,0.0
LS002173,2025-11-04,Arunachal Pradesh,Papum Pare,27.1597,93.4988,12.2,313,20.1,Colluvial_Soil,0,NONE,0,0.0
LS002174,2025-11-04,Arunachal Pradesh,East Siang,28.001,95.212,0.1,144,6.8,Alluvial_Gravel,0,NONE,0,0.0
LS002175,2025-11-04,Arunachal Pradesh,Lower Subansiri,27.5935,93.948,12.1,1579,32.1,Schist_Shale,0,NONE,0,0.0
LS002176,2025-11-04,Assam,Kamrup Metropolitan,26.1009,91.628,6.3,107,2.3,Alluvial_Clay,0,NONE,0,0.0
LS002177,2025-11-04,Assam,Kamrup Rural,26.3295,91.5193,1.9,107,2.7,Alluvial_Silt,0,NONE,0,0.0
LS002178,2025-11-04,Assam,Darrang,26.5728,92.0385,11.3,57,0.4,Brahmaputra_Sand_Silt,0,NONE,0,0.0
LS002179,2025-11-05,Assam,Sonitpur,26.5894,92.8584,2.9,61,1.9,Alluvial_Silt,0,NONE,0,0.0
LS002180,2025-11-05,Assam,Dibrugarh,27.3648,94.9975,10.6,132,0.4,Alluvial_Clay,0,NONE,0,0.0
LS002181,2025-11-05,Assam,Cachar,24.9581,92.8224,12.9,20,4.1,Barak_Valley_Alluvium,0,NONE,0,0.0
LS002182,2025-11-05,Assam,Nagaon,26.2493,92.7466,4.3,68,2.4,Alluvial_Clay,0,NONE,0,0.0
LS002183,2025-11-05,Meghalaya,East Khasi Hills,25.4676,91.8405,9.5,1504,29.7,Sandstone_Silt,0,NONE,0,0.0
LS002184,2025-11-05,Meghalaya,West Khasi Hills,25.4811,91.1235,11.8,1329,29.2,Red_Loam,0,NONE,0,0.0
LS002185,2025-11-05,Meghalaya,Ri-Bhoi,25.9496,91.8798,13.0,576,16.4,Laterite_Clay,0,NONE,0,0.0
LS002186,2025-11-05,Meghalaya,West Jaintia Hills,25.5944,92.2926,4.8,1363,27.5,Limestone_Clay,0,NONE,0,0.0
LS002187,2025-11-05,Sikkim,East Sikkim,27.4531,88.6749,9.3,1639,43.3,Loose_Phyllite,0,NONE,0,0.0
LS002188,2025-11-05,Sikkim,North Sikkim,27.3693,88.5836,2.9,2404,46.2,Schist_Shale,0,NONE,0,0.0
LS002189,2025-11-06,Sikkim,South Sikkim,27.1525,88.3123,4.5,1320,37.9,Loose_Phyllite,0,NONE,0,0.0
LS002190,2025-11-06,Nagaland,Kohima,25.6214,94.1682,2.8,1428,34.0,Disang_Shale,0,NONE,0,0.0
LS002191,2025-11-06,Nagaland,Dimapur,25.9237,93.6362,5.0,197,3.5,Alluvial_Sandy_Loam,0,NONE,0,0.0
LS002192,2025-11-06,Nagaland,Mokokchung,26.2354,94.4186,10.1,1364,31.1,Disang_Shale,0,NONE,0,0.0
LS002193,2025-11-06,Manipur,Imphal West,24.6928,93.7941,9.0,810,0.4,Lacustrine_Alluvium,0,NONE,0,0.0
LS002194,2025-11-06,Manipur,Bishnupur,24.5246,93.6161,5.3,809,3.0,Lacustrine_Alluvium,0,NONE,0,0.0
LS002195,2025-11-06,Manipur,Senapati,25.1316,93.9156,8.8,1283,31.8,Clayey_Loam,0,NONE,0,0.0
LS002196,2025-11-06,Mizoram,Aizawl,23.7355,92.6246,12.5,1096,33.4,Siltstone_Shale,0,NONE,0,0.0
LS002197,2025-11-06,Mizoram,Kolasib,24.1756,92.7155,7.8,621,26.3,Red_Loam,0,NONE,0,0.0
LS002198,2025-11-06,Mizoram,Lunglei,22.8617,92.7776,12.9,1071,29.4,Siltstone_Shale,0,NONE,0,0.0
LS002199,2025-11-07,Tripura,West Tripura,23.9162,91.2263,13.5,20,2.1,Sandy_Clay,0,NONE,0,0.0
LS002200,2025-11-07,Tripura,Sipahijala,23.6472,91.1688,14.0,77,5.2,Sandy_Clay,0,NONE,0,0.0
LS002201,2025-11-07,Tripura,Dhalai,23.7754,91.911,5.0,88,13.9,Red_Laterite,0,NONE,0,0.0
LS002202,2025-11-07,Arunachal Pradesh,Tawang,27.5225,91.8697,12.4,2870,46.3,Gneissic_Debris,0,NONE,0,0.0
LS002203,2025-11-07,Arunachal Pradesh,West Kameng,27.2645,92.3857,0.4,2147,38.2,Schist_Shale,0,NONE,0,0.0
LS002204,2025-11-07,Arunachal Pradesh,Papum Pare,27.1252,93.7477,8.6,293,19.3,Colluvial_Soil,0,NONE,0,0.0
LS002205,2025-11-07,Arunachal Pradesh,East Siang,28.0424,95.2362,6.0,208,10.5,Alluvial_Gravel,0,NONE,0,0.0
LS002206,2025-11-07,Arunachal Pradesh,Lower Subansiri,27.5641,93.9002,11.1,1618,33.7,Schist_Shale,0,NONE,0,0.0
LS002207,2025-11-07,Assam,Kamrup Metropolitan,26.0132,91.7343,13.4,98,3.4,Alluvial_Clay,0,NONE,0,0.0
LS002208,2025-11-07,Assam,Kamrup Rural,26.2459,91.6417,2.4,20,0.4,Alluvial_Silt,0,NONE,0,0.0
LS002209,2025-11-08,Assam,Darrang,26.4269,92.1028,9.0,110,0.4,Brahmaputra_Sand_Silt,0,NONE,0,0.0
LS002210,2025-11-08,Assam,Sonitpur,26.7678,92.7238,0.2,23,0.4,Alluvial_Silt,0,NONE,0,0.0
LS002211,2025-11-08,Assam,Dibrugarh,27.3904,94.8671,7.2,109,0.4,Alluvial_Clay,0,NONE,0,0.0
LS002212,2025-11-08,Assam,Cachar,24.9747,92.6353,11.3,20,0.4,Barak_Valley_Alluvium,0,NONE,0,0.0
LS002213,2025-11-08,Assam,Nagaon,26.2541,92.7164,3.4,52,1.9,Alluvial_Clay,0,NONE,0,0.0
LS002214,2025-11-08,Meghalaya,East Khasi Hills,25.5945,91.7589,10.0,1528,29.9,Sandstone_Silt,0,NONE,0,0.0
LS002215,2025-11-08,Meghalaya,West Khasi Hills,25.5704,91.2749,2.0,1234,27.7,Red_Loam,0,NONE,0,0.0
LS002216,2025-11-08,Meghalaya,Ri-Bhoi,26.0448,91.8403,6.4,514,15.7,Laterite_Clay,0,NONE,0,0.0
LS002217,2025-11-08,Meghalaya,West Jaintia Hills,25.3715,92.0776,11.7,1271,24.6,Limestone_Clay,0,NONE,0,0.0
LS002218,2025-11-08,Sikkim,East Sikkim,27.4554,88.6945,5.8,1662,39.7,Loose_Phyllite,0,NONE,0,0.0
LS002219,2025-11-09,Sikkim,North Sikkim,27.612,88.475,8.3,2397,46.4,Schist_Shale,0,NONE,0,0.0
LS002220,2025-11-09,Sikkim,South Sikkim,27.0742,88.2131,1.5,1284,36.7,Loose_Phyllite,0,NONE,0,0.0
LS002221,2025-11-09,Nagaland,Kohima,25.8245,93.9975,5.8,1430,35.7,Disang_Shale,0,NONE,0,0.0
LS002222,2025-11-09,Nagaland,Dimapur,25.7798,93.6526,11.6,204,2.3,Alluvial_Sandy_Loam,0,NONE,0,0.0
LS002223,2025-11-09,Nagaland,Mokokchung,26.419,94.6393,3.0,1369,29.6,Disang_Shale,0,NONE,0,0.0
LS002224,2025-11-09,Manipur,Imphal West,24.9494,94.0209,11.2,762,4.0,Lacustrine_Alluvium,0,NONE,0,0.0
LS002225,2025-11-09,Manipur,Bishnupur,24.7503,93.7102,3.4,779,3.5,Lacustrine_Alluvium,0,NONE,0,0.0
LS002226,2025-11-09,Manipur,Senapati,25.3801,94.0717,1.3,1269,29.4,Clayey_Loam,0,NONE,0,0.0
LS002227,2025-11-09,Mizoram,Aizawl,23.8507,92.82,3.6,1136,31.7,Siltstone_Shale,0,NONE,0,0.0
LS002228,2025-11-09,Mizoram,Kolasib,24.1332,92.6417,12.1,654,25.9,Red_Loam,0,NONE,0,0.0
LS002229,2025-11-10,Mizoram,Lunglei,22.8005,92.7221,7.1,1057,31.3,Siltstone_Shale,0,NONE,0,0.0
LS002230,2025-11-10,Tripura,West Tripura,23.8312,91.1469,14.0,20,2.5,Sandy_Clay,0,NONE,0,0.0
LS002231,2025-11-10,Tripura,Sipahijala,23.7745,91.1799,2.2,81,3.5,Sandy_Clay,0,NONE,0,0.0
LS002232,2025-11-10,Tripura,Dhalai,23.9588,91.8154,3.2,85,10.6,Red_Laterite,0,NONE,0,0.0
LS002233,2025-11-10,Arunachal Pradesh,Tawang,27.6341,91.8691,0.8,2924,43.5,Gneissic_Debris,0,NONE,0,0.0
LS002234,2025-11-10,Arunachal Pradesh,West Kameng,27.2188,92.2737,8.4,2217,39.3,Schist_Shale,0,NONE,0,0.0
LS002235,2025-11-10,Arunachal Pradesh,Papum Pare,27.1988,93.5454,10.6,356,19.0,Colluvial_Soil,0,NONE,0,0.0
LS002236,2025-11-10,Arunachal Pradesh,East Siang,28.0183,95.4248,2.9,150,11.0,Alluvial_Gravel,0,NONE,0,0.0
LS002237,2025-11-10,Arunachal Pradesh,Lower Subansiri,27.6786,93.9057,2.7,1603,30.4,Schist_Shale,0,NONE,0,0.0
LS002238,2025-11-10,Assam,Kamrup Metropolitan,26.2109,91.7896,3.4,104,3.7,Alluvial_Clay,0,NONE,0,0.0
LS002239,2025-11-11,Assam,Kamrup Rural,26.1622,91.6278,11.6,96,1.0,Alluvial_Silt,0,NONE,0,0.0
LS002240,2025-11-11,Assam,Darrang,26.4164,92.1047,1.7,110,0.4,Brahmaputra_Sand_Silt,0,NONE,0,0.0
LS002241,2025-11-11,Assam,Sonitpur,26.568,92.8474,4.0,53,0.4,Alluvial_Silt,0,NONE,0,0.0
LS002242,2025-11-11,Assam,Dibrugarh,27.4856,94.8633,3.5,98,0.4,Alluvial_Clay,0,NONE,0,0.0
LS002243,2025-11-11,Assam,Cachar,24.7639,92.7041,9.6,48,3.4,Barak_Valley_Alluvium,0,NONE,0,0.0
LS002244,2025-11-11,Assam,Nagaon,26.2325,92.7045,10.9,45,2.7,Alluvial_Clay,0,NONE,0,0.0
LS002245,2025-11-11,Meghalaya,East Khasi Hills,25.5619,91.7485,0.8,1431,30.3,Sandstone_Silt,0,NONE,0,0.0
LS002246,2025-11-11,Meghalaya,West Khasi Hills,25.5041,91.3633,0.0,1247,27.5,Red_Loam,0,NONE,0,0.0
LS002247,2025-11-11,Meghalaya,Ri-Bhoi,25.7739,91.9991,7.5,560,15.6,Laterite_Clay,0,NONE,0,0.0
LS002248,2025-11-11,Meghalaya,West Jaintia Hills,25.3539,92.2798,5.6,1305,24.8,Limestone_Clay,0,NONE,0,0.0
LS002249,2025-11-12,Sikkim,East Sikkim,27.2571,88.5088,12.9,1701,42.6,Loose_Phyllite,0,NONE,0,0.0
LS002250,2025-11-12,Sikkim,North Sikkim,27.3843,88.4116,2.7,2477,48.5,Schist_Shale,0,NONE,0,0.0
LS002251,2025-11-12,Sikkim,South Sikkim,27.1152,88.366,4.7,1269,34.0,Loose_Phyllite,0,NONE,0,0.0
LS002252,2025-11-12,Nagaland,Kohima,25.6028,94.0358,8.6,1466,37.5,Disang_Shale,0,NONE,0,0.0
LS002253,2025-11-12,Nagaland,Dimapur,25.9189,93.5909,9.8,165,3.0,Alluvial_Sandy_Loam,0,NONE,0,0.0
LS002254,2025-11-12,Nagaland,Mokokchung,26.3081,94.5233,7.8,1290,29.5,Disang_Shale,0,NONE,0,0.0
LS002255,2025-11-12,Manipur,Imphal West,24.9157,93.9911,8.4,734,2.9,Lacustrine_Alluvium,0,NONE,0,0.0
LS002256,2025-11-12,Manipur,Bishnupur,24.5253,93.7125,9.2,810,2.8,Lacustrine_Alluvium,0,NONE,0,0.0
LS002257,2025-11-12,Manipur,Senapati,25.3792,93.9724,6.4,1310,31.9,Clayey_Loam,0,NONE,0,0.0
LS002258,2025-11-12,Mizoram,Aizawl,23.6252,92.581,13.2,1189,31.3,Siltstone_Shale,0,NONE,0,0.0
LS002259,2025-11-13,Mizoram,Kolasib,24.1019,92.5934,0.3,590,24.6,Red_Loam,0,NONE,0,0.0
LS002260,2025-11-13,Mizoram,Lunglei,22.8825,92.7644,0.7,1004,33.7,Siltstone_Shale,0,NONE,0,0.0
LS002261,2025-11-13,Tripura,West Tripura,23.8563,91.3339,6.0,20,1.5,Sandy_Clay,0,NONE,0,0.0
LS002262,2025-11-13,Tripura,Sipahijala,23.5085,91.1852,12.6,91,5.5,Sandy_Clay,0,NONE,0,0.0
LS002263,2025-11-13,Tripura,Dhalai,23.9993,91.8891,13.3,173,11.6,Red_Laterite,0,NONE,0,0.0
LS002264,2025-11-13,Arunachal Pradesh,Tawang,27.6904,91.8677,10.7,2846,45.0,Gneissic_Debris,0,NONE,0,0.0
LS002265,2025-11-13,Arunachal Pradesh,West Kameng,27.2706,92.361,6.3,2164,39.7,Schist_Shale,0,NONE,0,0.0
LS002266,2025-11-13,Arunachal Pradesh,Papum Pare,27.0236,93.5395,0.9,358,20.9,Colluvial_Soil,0,NONE,0,0.0
LS002267,2025-11-13,Arunachal Pradesh,East Siang,28.0104,95.4677,8.7,183,7.9,Alluvial_Gravel,0,NONE,0,0.0
LS002268,2025-11-13,Arunachal Pradesh,Lower Subansiri,27.6641,93.7886,0.9,1545,32.7,Schist_Shale,0,NONE,0,0.0
LS002269,2025-11-14,Assam,Kamrup Metropolitan,26.1032,91.7314,7.8,24,0.9,Alluvial_Clay,0,NONE,0,0.0
LS002270,2025-11-14,Assam,Kamrup Rural,26.2058,91.66,6.4,20,3.0,Alluvial_Silt,0,NONE,0,0.0
LS002271,2025-11-14,Assam,Darrang,26.5748,92.0832,11.5,77,0.4,Brahmaputra_Sand_Silt,0,NONE,0,0.0
LS002272,2025-11-14,Assam,Sonitpur,26.5699,92.7368,10.5,28,1.6,Alluvial_Silt,0,NONE,0,0.0
LS002273,2025-11-14,Assam,Dibrugarh,27.3673,94.9103,2.1,160,2.2,Alluvial_Clay,0,NONE,0,0.0
LS002274,2025-11-14,Assam,Cachar,24.9462,92.6336,10.8,20,1.4,Barak_Valley_Alluvium,0,NONE,0,0.0
LS002275,2025-11-14,Assam,Nagaon,26.4086,92.675,9.3,20,0.4,Alluvial_Clay,0,NONE,0,0.0
LS002276,2025-11-14,Meghalaya,East Khasi Hills,25.5582,91.9503,8.2,1439,28.7,Sandstone_Silt,0,NONE,0,0.0
LS002277,2025-11-14,Meghalaya,West Khasi Hills,25.6356,91.3813,9.0,1265,26.1,Red_Loam,0,NONE,0,0.0
LS002278,2025-11-14,Meghalaya,Ri-Bhoi,25.8224,91.818,3.9,533,18.5,Laterite_Clay,0,NONE,0,0.0
LS002279,2025-11-15,Meghalaya,West Jaintia Hills,25.4774,92.235,9.3,1362,23.7,Limestone_Clay,0,NONE,0,0.0
LS002280,2025-11-15,Sikkim,East Sikkim,27.2954,88.5912,2.6,1642,42.7,Loose_Phyllite,0,NONE,0,0.0
LS002281,2025-11-15,Sikkim,North Sikkim,27.4807,88.6273,11.3,2479,46.7,Schist_Shale,0,NONE,0,0.0
LS002282,2025-11-15,Sikkim,South Sikkim,27.2498,88.4749,4.1,1359,36.2,Loose_Phyllite,0,NONE,0,0.0
LS002283,2025-11-15,Nagaland,Kohima,25.5274,94.1365,0.8,1466,36.5,Disang_Shale,0,NONE,0,0.0
LS002284,2025-11-15,Nagaland,Dimapur,25.8884,93.7301,2.1,210,2.7,Alluvial_Sandy_Loam,0,NONE,0,0.0
LS002285,2025-11-15,Nagaland,Mokokchung,26.2447,94.518,10.3,1266,31.3,Disang_Shale,0,NONE,0,0.0
LS002286,2025-11-15,Manipur,Imphal West,24.8409,94.04,10.7,779,1.1,Lacustrine_Alluvium,0,NONE,0,0.0
LS002287,2025-11-15,Manipur,Bishnupur,24.7096,93.9006,2.9,715,5.1,Lacustrine_Alluvium,0,NONE,0,0.0
LS002288,2025-11-15,Manipur,Senapati,25.4068,93.9232,2.4,1256,28.4,Clayey_Loam,0,NONE,0,0.0
LS002289,2025-11-16,Mizoram,Aizawl,23.6714,92.6718,13.8,1091,31.1,Siltstone_Shale,0,NONE,0,0.0
LS002290,2025-11-16,Mizoram,Kolasib,24.2017,92.7956,4.7,586,26.7,Red_Loam,0,NONE,0,0.0
LS002291,2025-11-16,Mizoram,Lunglei,22.9119,92.6218,0.6,989,32.3,Siltstone_Shale,0,NONE,0,0.0
LS002292,2025-11-16,Tripura,West Tripura,23.7436,91.3884,4.9,71,0.4,Sandy_Clay,0,NONE,0,0.0
LS002293,2025-11-16,Tripura,Sipahijala,23.4969,91.4292,13.9,40,4.5,Sandy_Clay,0,NONE,0,0.0
LS002294,2025-11-16,Tripura,Dhalai,23.9498,91.7077,6.0,106,10.9,Red_Laterite,0,NONE,0,0.0
LS002295,2025-11-16,Arunachal Pradesh,Tawang,27.5641,91.8428,2.5,2856,46.2,Gneissic_Debris,0,NONE,0,0.0
LS002296,2025-11-16,Arunachal Pradesh,West Kameng,27.1474,92.4778,4.7,2248,36.1,Schist_Shale,0,NONE,0,0.0
LS002297,2025-11-16,Arunachal Pradesh,Papum Pare,27.0984,93.4927,0.2,277,21.0,Colluvial_Soil,0,NONE,0,0.0
LS002298,2025-11-16,Arunachal Pradesh,East Siang,27.9509,95.2821,2.6,105,10.4,Alluvial_Gravel,0,NONE,0,0.0
LS002299,2025-11-17,Arunachal Pradesh,Lower Subansiri,27.4223,93.727,5.4,1542,31.3,Schist_Shale,0,NONE,0,0.0
LS002300,2025-11-17,Assam,Kamrup Metropolitan,26.1484,91.8193,13.9,85,2.1,Alluvial_Clay,0,NONE,0,0.0
LS002301,2025-11-17,Assam,Kamrup Rural,26.0465,91.4421,5.2,88,2.4,Alluvial_Silt,0,NONE,0,0.0
LS002302,2025-11-17,Assam,Darrang,26.5544,92.0793,4.8,104,1.7,Brahmaputra_Sand_Silt,0,NONE,0,0.0
LS002303,2025-11-17,Assam,Sonitpur,26.672,92.7164,13.1,93,1.5,Alluvial_Silt,0,NONE,0,0.0
LS002304,2025-11-17,Assam,Dibrugarh,27.5248,94.8416,5.4,67,0.7,Alluvial_Clay,0,NONE,0,0.0
LS002305,2025-11-17,Assam,Cachar,24.8323,92.6684,12.2,46,3.7,Barak_Valley_Alluvium,0,NONE,0,0.0
LS002306,2025-11-17,Assam,Nagaon,26.4523,92.7588,8.2,20,0.7,Alluvial_Clay,0,NONE,0,0.0
LS002307,2025-11-17,Meghalaya,East Khasi Hills,25.6122,91.9563,11.3,1434,30.1,Sandstone_Silt,0,NONE,0,0.0
LS002308,2025-11-17,Meghalaya,West Khasi Hills,25.4741,91.2852,1.6,1301,27.2,Red_Loam,0,NONE,0,0.0
LS002309,2025-11-18,Meghalaya,Ri-Bhoi,26.0363,91.9934,13.1,597,15.2,Laterite_Clay,0,NONE,0,0.0
LS002310,2025-11-18,Meghalaya,West Jaintia Hills,25.4455,92.289,11.1,1320,26.5,Limestone_Clay,0,NONE,0,0.0
LS002311,2025-11-18,Sikkim,East Sikkim,27.2775,88.5222,1.5,1702,44.0,Loose_Phyllite,0,NONE,0,0.0
LS002312,2025-11-18,Sikkim,North Sikkim,27.4759,88.5342,0.6,2421,49.3,Schist_Shale,0,NONE,0,0.0
LS002313,2025-11-18,Sikkim,South Sikkim,27.1594,88.2957,4.2,1254,35.4,Loose_Phyllite,0,NONE,0,0.0
LS002314,2025-11-18,Nagaland,Kohima,25.5635,94.2233,12.5,1487,37.3,Disang_Shale,0,NONE,0,0.0
LS002315,2025-11-18,Nagaland,Dimapur,25.8804,93.648,0.3,172,2.6,Alluvial_Sandy_Loam,0,NONE,0,0.0
LS002316,2025-11-18,Nagaland,Mokokchung,26.4303,94.4927,7.1,1331,32.4,Disang_Shale,0,NONE,0,0.0
LS002317,2025-11-18,Manipur,Imphal West,24.7623,93.9042,0.5,781,1.8,Lacustrine_Alluvium,0,NONE,0,0.0
LS002318,2025-11-18,Manipur,Bishnupur,24.4988,93.7602,3.1,738,2.7,Lacustrine_Alluvium,0,NONE,0,0.0
LS002319,2025-11-19,Manipur,Senapati,25.2026,93.9829,8.9,1263,31.4,Clayey_Loam,0,NONE,0,0.0
LS002320,2025-11-19,Mizoram,Aizawl,23.811,92.6007,5.9,1148,33.6,Siltstone_Shale,0,NONE,0,0.0
LS002321,2025-11-19,Mizoram,Kolasib,24.2319,92.8151,13.5,552,26.0,Red_Loam,0,NONE,0,0.0
LS002322,2025-11-19,Mizoram,Lunglei,22.9414,92.8637,4.9,1058,32.8,Siltstone_Shale,0,NONE,0,0.0
LS002323,2025-11-19,Tripura,West Tripura,23.6963,91.1999,7.1,43,0.6,Sandy_Clay,0,NONE,0,0.0
LS002324,2025-11-19,Tripura,Sipahijala,23.6457,91.4199,2.4,20,2.0,Sandy_Clay,0,NONE,0,0.0
LS002325,2025-11-19,Tripura,Dhalai,23.8122,91.824,6.1,150,13.2,Red_Laterite,0,NONE,0,0.0
LS002326,2025-11-19,Arunachal Pradesh,Tawang,27.4469,91.7154,5.0,2960,44.6,Gneissic_Debris,0,NONE,0,0.0
LS002327,2025-11-19,Arunachal Pradesh,West Kameng,27.3519,92.2786,4.8,2176,37.0,Schist_Shale,0,NONE,0,0.0
LS002328,2025-11-19,Arunachal Pradesh,Papum Pare,27.1821,93.5408,5.6,294,19.7,Colluvial_Soil,0,NONE,0,0.0
LS002329,2025-11-20,Arunachal Pradesh,East Siang,28.0294,95.2962,2.7,199,10.4,Alluvial_Gravel,0,NONE,0,0.0
LS002330,2025-11-20,Arunachal Pradesh,Lower Subansiri,27.4255,93.7022,12.5,1592,33.4,Schist_Shale,0,NONE,0,0.0
LS002331,2025-11-20,Assam,Kamrup Metropolitan,26.0005,91.809,12.5,64,1.7,Alluvial_Clay,0,NONE,0,0.0
LS002332,2025-11-20,Assam,Kamrup Rural,26.2558,91.6498,7.6,22,2.6,Alluvial_Silt,0,NONE,0,0.0
LS002333,2025-11-20,Assam,Darrang,26.5374,92.0085,12.4,87,0.4,Brahmaputra_Sand_Silt,0,NONE,0,0.0
LS002334,2025-11-20,Assam,Sonitpur,26.5446,92.7219,8.9,101,2.5,Alluvial_Silt,0,NONE,0,0.0
LS002335,2025-11-20,Assam,Dibrugarh,27.4517,94.8287,8.6,100,1.1,Alluvial_Clay,0,NONE,0,0.0
LS002336,2025-11-20,Assam,Cachar,24.9556,92.7889,13.3,20,1.2,Barak_Valley_Alluvium,0,NONE,0,0.0
LS002337,2025-11-20,Assam,Nagaon,26.4135,92.8194,4.8,101,1.2,Alluvial_Clay,0,NONE,0,0.0
LS002338,2025-11-20,Meghalaya,East Khasi Hills,25.496,92.0359,13.5,1480,31.9,Sandstone_Silt,0,NONE,0,0.0
LS002339,2025-11-21,Meghalaya,West Khasi Hills,25.503,91.1427,13.5,1259,27.2,Red_Loam,0,NONE,0,0.0
LS002340,2025-11-21,Meghalaya,Ri-Bhoi,26.0427,91.7586,1.1,511,15.0,Laterite_Clay,0,NONE,0,0.0
LS002341,2025-11-21,Meghalaya,West Jaintia Hills,25.478,92.0752,5.4,1321,26.6,Limestone_Clay,0,NONE,0,0.0
LS002342,2025-11-21,Sikkim,East Sikkim,27.4058,88.6265,13.9,1619,39.8,Loose_Phyllite,0,NONE,0,0.0
LS002343,2025-11-21,Sikkim,North Sikkim,27.4736,88.6222,3.3,2496,46.8,Schist_Shale,0,NONE,0,0.0
LS002344,2025-11-21,Sikkim,South Sikkim,27.1896,88.322,8.0,1240,35.0,Loose_Phyllite,0,NONE,0,0.0
LS002345,2025-11-21,Nagaland,Kohima,25.6938,94.1052,8.9,1443,34.9,Disang_Shale,0,NONE,0,0.0
LS002346,2025-11-21,Nagaland,Dimapur,25.8534,93.7902,3.2,200,4.1,Alluvial_Sandy_Loam,0,NONE,0,0.0
LS002347,2025-11-21,Nagaland,Mokokchung,26.3949,94.6464,7.6,1314,32.0,Disang_Shale,0,NONE,0,0.0
LS002348,2025-11-21,Manipur,Imphal West,24.8941,93.8354,10.5,820,0.4,Lacustrine_Alluvium,0,NONE,0,0.0
LS002349,2025-11-22,Manipur,Bishnupur,24.7433,93.6486,1.8,823,3.1,Lacustrine_Alluvium,0,NONE,0,0.0
LS002350,2025-11-22,Manipur,Senapati,25.3509,94.0062,9.4,1285,31.4,Clayey_Loam,0,NONE,0,0.0
LS002351,2025-11-22,Mizoram,Aizawl,23.5799,92.6029,1.4,1107,34.1,Siltstone_Shale,0,NONE,0,0.0
LS002352,2025-11-22,Mizoram,Kolasib,24.1513,92.6267,3.2,663,23.9,Red_Loam,0,NONE,0,0.0
LS002353,2025-11-22,Mizoram,Lunglei,22.7725,92.747,11.4,986,33.0,Siltstone_Shale,0,NONE,0,0.0
LS002354,2025-11-22,Tripura,West Tripura,23.7929,91.3182,12.4,35,1.9,Sandy_Clay,0,NONE,0,0.0
LS002355,2025-11-22,Tripura,Sipahijala,23.7631,91.378,0.8,81,5.1,Sandy_Clay,0,NONE,0,0.0
LS002356,2025-11-22,Tripura,Dhalai,23.9145,91.8422,3.4,120,11.6,Red_Laterite,0,NONE,0,0.0
LS002357,2025-11-22,Arunachal Pradesh,Tawang,27.4562,92.0025,5.9,2879,45.5,Gneissic_Debris,0,NONE,0,0.0
LS002358,2025-11-22,Arunachal Pradesh,West Kameng,27.1427,92.4035,6.3,2152,35.8,Schist_Shale,0,NONE,0,0.0
LS002359,2025-11-23,Arunachal Pradesh,Papum Pare,26.9973,93.5717,5.8,331,20.4,Colluvial_Soil,0,NONE,0,0.0
LS002360,2025-11-23,Arunachal Pradesh,East Siang,27.9202,95.2338,4.6,131,10.8,Alluvial_Gravel,0,NONE,0,0.0
LS002361,2025-11-23,Arunachal Pradesh,Lower Subansiri,27.5753,93.7717,2.4,1579,33.7,Schist_Shale,0,NONE,0,0.0
LS002362,2025-11-23,Assam,Kamrup Metropolitan,26.1628,91.7787,6.8,20,0.4,Alluvial_Clay,0,NONE,0,0.0
LS002363,2025-11-23,Assam,Kamrup Rural,26.2542,91.496,4.9,31,1.2,Alluvial_Silt,0,NONE,0,0.0
LS002364,2025-11-23,Assam,Darrang,26.4587,92.0744,6.7,41,0.4,Brahmaputra_Sand_Silt,0,NONE,0,0.0
LS002365,2025-11-23,Assam,Sonitpur,26.6615,92.7258,1.7,121,3.3,Alluvial_Silt,0,NONE,0,0.0
LS002366,2025-11-23,Assam,Dibrugarh,27.5956,94.8248,0.8,48,2.2,Alluvial_Clay,0,NONE,0,0.0
LS002367,2025-11-23,Assam,Cachar,24.7107,92.8699,10.7,20,0.4,Barak_Valley_Alluvium,0,NONE,0,0.0
LS002368,2025-11-23,Assam,Nagaon,26.1953,92.5573,11.3,20,0.4,Alluvial_Clay,0,NONE,0,0.0
LS002369,2025-11-24,Meghalaya,East Khasi Hills,25.5564,91.8848,12.6,1468,30.5,Sandstone_Silt,0,NONE,0,0.0
LS002370,2025-11-24,Meghalaya,West Khasi Hills,25.528,91.2232,10.1,1269,29.0,Red_Loam,0,NONE,0,0.0
LS002371,2025-11-24,Meghalaya,Ri-Bhoi,26.0016,91.8251,2.8,500,18.4,Laterite_Clay,0,NONE,0,0.0
LS002372,2025-11-24,Meghalaya,West Jaintia Hills,25.5866,92.3336,0.9,1376,24.9,Limestone_Clay,0,NONE,0,0.0
LS002373,2025-11-24,Sikkim,East Sikkim,27.3201,88.589,6.0,1678,43.4,Loose_Phyllite,0,NONE,0,0.0
LS002374,2025-11-24,Sikkim,North Sikkim,27.5174,88.5306,11.5,2434,46.9,Schist_Shale,0,NONE,0,0.0
LS002375,2025-11-24,Sikkim,South Sikkim,27.2766,88.4312,1.0,1284,37.3,Loose_Phyllite,0,NONE,0,0.0
LS002376,2025-11-24,Nagaland,Kohima,25.693,94.258,1.1,1500,34.3,Disang_Shale,0,NONE,0,0.0
LS002377,2025-11-24,Nagaland,Dimapur,26.0368,93.8761,9.2,160,3.5,Alluvial_Sandy_Loam,0,NONE,0,0.0
LS002378,2025-11-24,Nagaland,Mokokchung,26.1767,94.4631,5.8,1272,33.1,Disang_Shale,0,NONE,0,0.0
LS002379,2025-11-25,Manipur,Imphal West,24.8178,93.7907,1.3,759,0.4,Lacustrine_Alluvium,0,NONE,0,0.0
LS002380,2025-11-25,Manipur,Bishnupur,24.626,93.6277,11.3,799,4.5,Lacustrine_Alluvium,0,NONE,0,0.0
LS002381,2025-11-25,Manipur,Senapati,25.1272,94.0317,11.9,1193,31.3,Clayey_Loam,0,NONE,0,0.0
LS002382,2025-11-25,Mizoram,Aizawl,23.8763,92.7573,5.3,1132,31.4,Siltstone_Shale,0,NONE,0,0.0
LS002383,2025-11-25,Mizoram,Kolasib,24.2643,92.6937,7.0,563,22.2,Red_Loam,0,NONE,0,0.0
LS002384,2025-11-25,Mizoram,Lunglei,22.9983,92.636,10.2,1054,29.9,Siltstone_Shale,0,NONE,0,0.0
LS002385,2025-11-25,Tripura,West Tripura,23.7063,91.387,8.9,20,0.4,Sandy_Clay,0,NONE,0,0.0
LS002386,2025-11-25,Tripura,Sipahijala,23.5037,91.1912,12.0,41,1.9,Sandy_Clay,0,NONE,0,0.0
LS002387,2025-11-25,Tripura,Dhalai,23.8965,91.9212,8.2,122,13.7,Red_Laterite,0,NONE,0,0.0
LS002388,2025-11-25,Arunachal Pradesh,Tawang,27.531,91.9222,0.9,2955,46.9,Gneissic_Debris,0,NONE,0,0.0
LS002389,2025-11-26,Arunachal Pradesh,West Kameng,27.2244,92.2702,1.1,2225,37.5,Schist_Shale,0,NONE,0,0.0
LS002390,2025-11-26,Arunachal Pradesh,Papum Pare,27.1513,93.4861,9.1,365,19.8,Colluvial_Soil,0,NONE,0,0.0
LS002391,2025-11-26,Arunachal Pradesh,East Siang,27.996,95.2278,12.1,100,8.1,Alluvial_Gravel,0,NONE,0,0.0
LS002392,2025-11-26,Arunachal Pradesh,Lower Subansiri,27.5516,93.7319,3.4,1595,34.1,Schist_Shale,0,NONE,0,0.0
LS002393,2025-11-26,Assam,Kamrup Metropolitan,26.0878,91.7544,4.4,20,0.4,Alluvial_Clay,0,NONE,0,0.0
LS002394,2025-11-26,Assam,Kamrup Rural,26.2439,91.5819,8.3,57,0.4,Alluvial_Silt,0,NONE,0,0.0
LS002395,2025-11-26,Assam,Darrang,26.3568,91.9069,8.5,32,1.6,Brahmaputra_Sand_Silt,0,NONE,0,0.0
LS002396,2025-11-26,Assam,Sonitpur,26.7138,92.8792,0.1,45,2.8,Alluvial_Silt,0,NONE,0,0.0
LS002397,2025-11-26,Assam,Dibrugarh,27.586,95.045,5.5,87,2.5,Alluvial_Clay,0,NONE,0,0.0
LS002398,2025-11-26,Assam,Cachar,24.9537,92.6862,7.6,61,3.0,Barak_Valley_Alluvium,0,NONE,0,0.0
LS002399,2025-11-27,Assam,Nagaon,26.309,92.6201,0.9,39,0.4,Alluvial_Clay,0,NONE,0,0.0
LS002400,2025-11-27,Meghalaya,East Khasi Hills,25.4966,91.7998,10.5,1543,29.0,Sandstone_Silt,0,NONE,0,0.0
LS002401,2025-11-27,Meghalaya,West Khasi Hills,25.4378,91.2419,9.7,1231,27.9,Red_Loam,0,NONE,0,0.0
LS002402,2025-11-27,Meghalaya,Ri-Bhoi,25.8547,91.9225,12.6,547,18.1,Laterite_Clay,0,NONE,0,0.0
LS002403,2025-11-27,Meghalaya,West Jaintia Hills,25.3511,92.3349,8.5,1344,25.4,Limestone_Clay,0,NONE,0,0.0
LS002404,2025-11-27,Sikkim,East Sikkim,27.2521,88.6672,1.5,1634,42.7,Loose_Phyllite,0,NONE,0,0.0
LS002405,2025-11-27,Sikkim,North Sikkim,27.4366,88.5027,2.2,2454,48.8,Schist_Shale,0,NONE,0,0.0
LS002406,2025-11-27,Sikkim,South Sikkim,27.1007,88.354,0.5,1266,35.0,Loose_Phyllite,0,NONE,0,0.0
LS002407,2025-11-27,Nagaland,Kohima,25.5345,93.9932,7.7,1464,36.5,Disang_Shale,0,NONE,0,0.0
LS002408,2025-11-27,Nagaland,Dimapur,25.897,93.6744,10.4,207,3.2,Alluvial_Sandy_Loam,0,NONE,0,0.0
LS002409,2025-11-28,Nagaland,Mokokchung,26.1852,94.5804,0.2,1340,30.3,Disang_Shale,0,NONE,0,0.0
LS002410,2025-11-28,Manipur,Imphal West,24.7146,93.9294,6.8,768,2.9,Lacustrine_Alluvium,0,NONE,0,0.0
LS002411,2025-11-28,Manipur,Bishnupur,24.7563,93.7064,11.4,769,3.7,Lacustrine_Alluvium,0,NONE,0,0.0
LS002412,2025-11-28,Manipur,Senapati,25.2417,94.045,10.7,1265,29.9,Clayey_Loam,0,NONE,0,0.0
LS002413,2025-11-28,Mizoram,Aizawl,23.6969,92.8178,13.6,1102,34.1,Siltstone_Shale,0,NONE,0,0.0
LS002414,2025-11-28,Mizoram,Kolasib,24.2148,92.6503,6.0,555,26.9,Red_Loam,0,NONE,0,0.0
LS002415,2025-11-28,Mizoram,Lunglei,22.959,92.8603,4.1,1024,29.5,Siltstone_Shale,0,NONE,0,0.0
LS002416,2025-11-28,Tripura,West Tripura,23.7623,91.31,1.6,50,0.4,Sandy_Clay,0,NONE,0,0.0
LS002417,2025-11-28,Tripura,Sipahijala,23.7617,91.428,8.7,61,5.2,Sandy_Clay,0,NONE,0,0.0
LS002418,2025-11-28,Tripura,Dhalai,23.9917,91.9256,6.8,96,12.8,Red_Laterite,0,NONE,0,0.0
LS002419,2025-11-29,Arunachal Pradesh,Tawang,27.4522,91.7365,8.1,2941,45.8,Gneissic_Debris,0,NONE,0,0.0
LS002420,2025-11-29,Arunachal Pradesh,West Kameng,27.2521,92.3155,5.1,2140,38.8,Schist_Shale,0,NONE,0,0.0
LS002421,2025-11-29,Arunachal Pradesh,Papum Pare,27.002,93.5589,8.3,283,17.2,Colluvial_Soil,0,NONE,0,0.0
LS002422,2025-11-29,Arunachal Pradesh,East Siang,27.9431,95.2494,8.6,182,9.5,Alluvial_Gravel,0,NONE,0,0.0
LS002423,2025-11-29,Arunachal Pradesh,Lower Subansiri,27.4015,93.7278,6.1,1512,32.3,Schist_Shale,0,NONE,0,0.0
LS002424,2025-11-29,Assam,Kamrup Metropolitan,26.2041,91.86,6.1,80,0.6,Alluvial_Clay,0,NONE,0,0.0
LS002425,2025-11-29,Assam,Kamrup Rural,26.1078,91.6871,11.4,47,0.4,Alluvial_Silt,0,NONE,0,0.0
LS002426,2025-11-29,Assam,Darrang,26.3421,92.113,4.6,106,0.4,Brahmaputra_Sand_Silt,0,NONE,0,0.0
LS002427,2025-11-29,Assam,Sonitpur,26.7456,92.8217,8.3,86,0.4,Alluvial_Silt,0,NONE,0,0.0
LS002428,2025-11-29,Assam,Dibrugarh,27.5449,94.9379,1.6,76,2.7,Alluvial_Clay,0,NONE,0,0.0
LS002429,2025-11-30,Assam,Cachar,24.7538,92.7376,3.1,29,3.4,Barak_Valley_Alluvium,0,NONE,0,0.0
LS002430,2025-11-30,Assam,Nagaon,26.4207,92.8084,13.7,86,0.4,Alluvial_Clay,0,NONE,0,0.0
LS002431,2025-11-30,Meghalaya,East Khasi Hills,25.4421,91.8339,4.7,1441,29.7,Sandstone_Silt,0,NONE,0,0.0
LS002432,2025-11-30,Meghalaya,West Khasi Hills,25.4877,91.1955,13.1,1269,28.9,Red_Loam,0,NONE,0,0.0
LS002433,2025-11-30,Meghalaya,Ri-Bhoi,25.8283,92.0165,10.2,512,14.8,Laterite_Clay,0,NONE,0,0.0
LS002434,2025-11-30,Meghalaya,West Jaintia Hills,25.5503,92.1895,8.9,1280,25.2,Limestone_Clay,0,NONE,0,0.0
LS002435,2025-11-30,Sikkim,East Sikkim,27.3857,88.5778,11.9,1693,39.6,Loose_Phyllite,0,NONE,0,0.0
LS002436,2025-11-30,Sikkim,North Sikkim,27.5224,88.5152,10.1,2448,46.1,Schist_Shale,0,NONE,0,0.0
LS002437,2025-11-30,Sikkim,South Sikkim,27.2211,88.3267,7.0,1246,35.2,Loose_Phyllite,0,NONE,0,0.0
LS002438,2025-11-30,Nagaland,Kohima,25.7153,94.1397,3.9,1482,37.8,Disang_Shale,0,NONE,0,0.0
LS002439,2025-12-01,Nagaland,Dimapur,25.9911,93.7911,13.6,243,4.0,Alluvial_Sandy_Loam,0,NONE,0,0.0
LS002440,2025-12-01,Nagaland,Mokokchung,26.4106,94.6642,9.9,1328,32.3,Disang_Shale,0,NONE,0,0.0
LS002441,2025-12-01,Manipur,Imphal West,24.691,93.7889,3.3,844,3.2,Lacustrine_Alluvium,0,NONE,0,0.0
LS002442,2025-12-01,Manipur,Bishnupur,24.6369,93.7989,6.2,821,3.3,Lacustrine_Alluvium,0,NONE,0,0.0
LS002443,2025-12-01,Manipur,Senapati,25.1945,93.8965,11.2,1252,29.3,Clayey_Loam,0,NONE,0,0.0
LS002444,2025-12-01,Mizoram,Aizawl,23.7569,92.6784,0.5,1124,32.2,Siltstone_Shale,0,NONE,0,0.0
LS002445,2025-12-01,Mizoram,Kolasib,24.3158,92.6928,7.7,572,23.5,Red_Loam,0,NONE,0,0.0
LS002446,2025-12-01,Mizoram,Lunglei,22.864,92.6793,3.0,964,32.0,Siltstone_Shale,0,NONE,0,0.0
LS002447,2025-12-01,Tripura,West Tripura,23.6925,91.3584,11.2,20,0.5,Sandy_Clay,0,NONE,0,0.0
LS002448,2025-12-01,Tripura,Sipahijala,23.5228,91.2054,4.4,35,2.7,Sandy_Clay,0,NONE,0,0.0
LS002449,2025-12-02,Tripura,Dhalai,23.9916,91.9067,7.3,111,14.1,Red_Laterite,0,NONE,0,0.0
LS002450,2025-12-02,Arunachal Pradesh,Tawang,27.7158,91.9555,13.4,2912,44.3,Gneissic_Debris,0,NONE,0,0.0
LS002451,2025-12-02,Arunachal Pradesh,West Kameng,27.2263,92.3099,6.0,2232,38.7,Schist_Shale,0,NONE,0,0.0
LS002452,2025-12-02,Arunachal Pradesh,Papum Pare,27.065,93.7607,3.7,270,17.7,Colluvial_Soil,0,NONE,0,0.0
LS002453,2025-12-02,Arunachal Pradesh,East Siang,28.0066,95.2962,5.9,118,11.5,Alluvial_Gravel,0,NONE,0,0.0
LS002454,2025-12-02,Arunachal Pradesh,Lower Subansiri,27.5959,93.9449,6.7,1607,34.5,Schist_Shale,0,NONE,0,0.0
LS002455,2025-12-02,Assam,Kamrup Metropolitan,26.2326,91.7575,4.6,33,1.8,Alluvial_Clay,0,NONE,0,0.0
LS002456,2025-12-02,Assam,Kamrup Rural,26.2731,91.6203,12.6,20,0.4,Alluvial_Silt,0,NONE,0,0.0
LS002457,2025-12-02,Assam,Darrang,26.5302,92.0121,7.5,87,2.0,Brahmaputra_Sand_Silt,0,NONE,0,0.0
LS002458,2025-12-02,Assam,Sonitpur,26.6343,92.6563,7.4,69,4.1,Alluvial_Silt,0,NONE,0,0.0
LS002459,2025-12-03,Assam,Dibrugarh,27.4046,94.8842,0.7,50,2.2,Alluvial_Clay,0,NONE,0,0.0
LS002460,2025-12-03,Assam,Cachar,24.7657,92.7676,6.5,66,4.2,Barak_Valley_Alluvium,0,NONE,0,0.0
LS002461,2025-12-03,Assam,Nagaon,26.2616,92.5394,1.7,45,0.4,Alluvial_Clay,0,NONE,0,0.0
LS002462,2025-12-03,Meghalaya,East Khasi Hills,25.6472,91.9261,1.3,1488,30.9,Sandstone_Silt,0,NONE,0,0.0
LS002463,2025-12-03,Meghalaya,West Khasi Hills,25.4586,91.2267,12.2,1339,28.3,Red_Loam,0,NONE,0,0.0
LS002464,2025-12-03,Meghalaya,Ri-Bhoi,25.8459,91.9768,6.7,509,16.3,Laterite_Clay,0,NONE,0,0.0
LS002465,2025-12-03,Meghalaya,West Jaintia Hills,25.3632,92.2593,11.1,1356,25.5,Limestone_Clay,0,NONE,0,0.0
LS002466,2025-12-03,Sikkim,East Sikkim,27.3871,88.6279,7.1,1600,42.7,Loose_Phyllite,0,NONE,0,0.0
LS002467,2025-12-03,Sikkim,North Sikkim,27.4536,88.4623,6.8,2457,47.8,Schist_Shale,0,NONE,0,0.0
LS002468,2025-12-03,Sikkim,South Sikkim,27.1146,88.4024,7.3,1243,34.5,Loose_Phyllite,0,NONE,0,0.0
LS002469,2025-12-04,Nagaland,Kohima,25.7124,94.1281,3.6,1433,38.3,Disang_Shale,0,NONE,0,0.0
LS002470,2025-12-04,Nagaland,Dimapur,26.0488,93.7444,9.4,197,6.2,Alluvial_Sandy_Loam,0,NONE,0,0.0
LS002471,2025-12-04,Nagaland,Mokokchung,26.3363,94.4835,7.7,1368,29.1,Disang_Shale,0,NONE,0,0.0
LS002472,2025-12-04,Manipur,Imphal West,24.7304,93.82,5.8,762,0.6,Lacustrine_Alluvium,0,NONE,0,0.0
LS002473,2025-12-04,Manipur,Bishnupur,24.7157,93.8348,6.1,761,3.8,Lacustrine_Alluvium,0,NONE,0,0.0
LS002474,2025-12-04,Manipur,Senapati,25.1753,94.1301,7.0,1225,28.6,Clayey_Loam,0,NONE,0,0.0
LS002475,2025-12-04,Mizoram,Aizawl,23.6088,92.833,0.2,1151,34.3,Siltstone_Shale,0,NONE,0,0.0
LS002476,2025-12-04,Mizoram,Kolasib,24.2307,92.6477,0.8,659,24.0,Red_Loam,0,NONE,0,0.0
LS002477,2025-12-04,Mizoram,Lunglei,22.8159,92.8674,1.6,980,33.6,Siltstone_Shale,0,NONE,0,0.0
LS002478,2025-12-04,Tripura,West Tripura,23.768,91.2966,2.4,20,3.4,Sandy_Clay,0,NONE,0,0.0
LS002479,2025-12-05,Tripura,Sipahijala,23.69,91.1915,8.9,46,3.8,Sandy_Clay,0,NONE,0,0.0
LS002480,2025-12-05,Tripura,Dhalai,23.8231,91.8909,8.6,159,10.6,Red_Laterite,0,NONE,0,0.0
LS002481,2025-12-05,Arunachal Pradesh,Tawang,27.5871,91.7336,1.3,2913,45.7,Gneissic_Debris,0,NONE,0,0.0
LS002482,2025-12-05,Arunachal Pradesh,West Kameng,27.212,92.3409,12.7,2212,38.6,Schist_Shale,0,NONE,0,0.0
LS002483,2025-12-05,Arunachal Pradesh,Papum Pare,27.236,93.4734,5.2,336,20.4,Colluvial_Soil,0,NONE,0,0.0
LS002484,2025-12-05,Arunachal Pradesh,East Siang,28.0816,95.435,12.6,203,11.3,Alluvial_Gravel,0,NONE,0,0.0
LS002485,2025-12-05,Arunachal Pradesh,Lower Subansiri,27.6169,93.7518,8.0,1560,34.6,Schist_Shale,0,NONE,0,0.0
LS002486,2025-12-05,Assam,Kamrup Metropolitan,26.0913,91.6741,7.1,109,0.4,Alluvial_Clay,0,NONE,0,0.0
LS002487,2025-12-05,Assam,Kamrup Rural,26.1728,91.6171,8.3,54,3.3,Alluvial_Silt,0,NONE,0,0.0
LS002488,2025-12-05,Assam,Darrang,26.5938,92.0311,9.9,20,2.6,Brahmaputra_Sand_Silt,0,NONE,0,0.0
LS002489,2025-12-06,Assam,Sonitpur,26.7454,92.9153,0.0,49,1.9,Alluvial_Silt,0,NONE,0,0.0
LS002490,2025-12-06,Assam,Dibrugarh,27.3249,94.7717,5.4,134,0.4,Alluvial_Clay,0,NONE,0,0.0
LS002491,2025-12-06,Assam,Cachar,24.8244,92.7445,3.6,65,1.4,Barak_Valley_Alluvium,0,NONE,0,0.0
LS002492,2025-12-06,Assam,Nagaon,26.41,92.5703,13.0,103,1.5,Alluvial_Clay,0,NONE,0,0.0
LS002493,2025-12-06,Meghalaya,East Khasi Hills,25.6432,91.8749,12.6,1535,31.6,Sandstone_Silt,0,NONE,0,0.0
LS002494,2025-12-06,Meghalaya,West Khasi Hills,25.4795,91.3567,0.2,1318,25.7,Red_Loam,0,NONE,0,0.0
LS002495,2025-12-06,Meghalaya,Ri-Bhoi,26.0282,91.9188,9.2,546,16.1,Laterite_Clay,0,NONE,0,0.0
LS002496,2025-12-06,Meghalaya,West Jaintia Hills,25.3438,92.1287,6.3,1375,26.4,Limestone_Clay,0,NONE,0,0.0
LS002497,2025-12-06,Sikkim,East Sikkim,27.4055,88.5664,6.1,1674,41.2,Loose_Phyllite,0,NONE,0,0.0
LS002498,2025-12-06,Sikkim,North Sikkim,27.5887,88.463,10.7,2402,47.7,Schist_Shale,0,NONE,0,0.0
LS002499,2025-12-07,Sikkim,South Sikkim,27.1575,88.4127,8.1,1336,34.9,Loose_Phyllite,0,NONE,0,0.0
LS002500,2025-12-07,Nagaland,Kohima,25.6137,94.092,6.9,1480,35.6,Disang_Shale,0,NONE,0,0.0
LS002501,2025-12-07,Arunachal Pradesh,Tawang,27.6279,91.7169,8.4,2875,43.2,Gneissic_Debris,0,NONE,0,0.0
LS002502,2025-12-07,Arunachal Pradesh,West Kameng,27.1452,92.4881,7.0,2209,35.9,Schist_Shale,0,NONE,0,0.0
LS002503,2025-12-07,Arunachal Pradesh,Papum Pare,26.9593,93.5322,12.2,324,19.0,Colluvial_Soil,0,NONE,0,0.0
LS002504,2025-12-07,Arunachal Pradesh,East Siang,28.1308,95.3864,7.5,148,7.8,Alluvial_Gravel,0,NONE,0,0.0
LS002505,2025-12-07,Arunachal Pradesh,Lower Subansiri,27.6428,93.6819,7.2,1603,30.7,Schist_Shale,0,NONE,0,0.0
LS002506,2025-12-07,Assam,Kamrup Metropolitan,26.0779,91.6508,0.8,92,0.4,Alluvial_Clay,0,NONE,0,0.0
LS002507,2025-12-07,Assam,Kamrup Rural,26.064,91.6662,12.2,75,0.4,Alluvial_Silt,0,NONE,0,0.0
LS002508,2025-12-07,Assam,Darrang,26.4398,91.9184,6.8,110,0.5,Brahmaputra_Sand_Silt,0,NONE,0,0.0
LS002509,2025-12-08,Assam,Sonitpur,26.7326,92.8282,1.2,128,1.4,Alluvial_Silt,0,NONE,0,0.0
LS002510,2025-12-08,Assam,Dibrugarh,27.3437,94.9604,4.9,146,0.4,Alluvial_Clay,0,NONE,0,0.0
LS002511,2025-12-08,Assam,Cachar,24.7531,92.6592,4.4,20,1.6,Barak_Valley_Alluvium,0,NONE,0,0.0
LS002512,2025-12-08,Assam,Nagaon,26.244,92.6406,8.9,89,0.4,Alluvial_Clay,0,NONE,0,0.0
LS002513,2025-12-08,Meghalaya,East Khasi Hills,25.6232,91.926,11.1,1451,30.7,Sandstone_Silt,0,NONE,0,0.0
LS002514,2025-12-08,Meghalaya,West Khasi Hills,25.4987,91.191,4.5,1338,28.7,Red_Loam,0,NONE,0,0.0
LS002515,2025-12-08,Meghalaya,Ri-Bhoi,25.9554,91.9829,8.6,589,14.3,Laterite_Clay,0,NONE,0,0.0
LS002516,2025-12-08,Meghalaya,West Jaintia Hills,25.5415,92.1703,5.9,1278,24.6,Limestone_Clay,0,NONE,0,0.0
LS002517,2025-12-08,Sikkim,East Sikkim,27.4518,88.5509,5.5,1673,42.0,Loose_Phyllite,0,NONE,0,0.0
LS002518,2025-12-08,Sikkim,North Sikkim,27.5429,88.4429,13.8,2407,47.2,Schist_Shale,0,NONE,0,0.0
LS002519,2025-12-09,Sikkim,South Sikkim,27.0988,88.3754,2.7,1354,36.6,Loose_Phyllite,0,NONE,0,0.0
LS002520,2025-12-09,Nagaland,Kohima,25.8243,94.0001,9.3,1443,33.8,Disang_Shale,0,NONE,0,0.0
LS002521,2025-12-09,Nagaland,Dimapur,25.7897,93.7657,6.9,236,4.7,Alluvial_Sandy_Loam,0,NONE,0,0.0
LS002522,2025-12-09,Nagaland,Mokokchung,26.2904,94.5488,8.6,1319,31.1,Disang_Shale,0,NONE,0,0.0
LS002523,2025-12-09,Manipur,Imphal West,24.9252,93.7902,8.3,817,0.4,Lacustrine_Alluvium,0,NONE,0,0.0
LS002524,2025-12-09,Manipur,Bishnupur,24.7077,93.8451,3.6,753,1.6,Lacustrine_Alluvium,0,NONE,0,0.0
LS002525,2025-12-09,Manipur,Senapati,25.2461,94.1461,4.1,1302,30.6,Clayey_Loam,0,NONE,0,0.0
LS002526,2025-12-09,Mizoram,Aizawl,23.8057,92.7199,5.1,1083,34.9,Siltstone_Shale,0,NONE,0,0.0
LS002527,2025-12-09,Mizoram,Kolasib,24.2617,92.7127,10.3,569,23.9,Red_Loam,0,NONE,0,0.0
LS002528,2025-12-09,Mizoram,Lunglei,23.016,92.8667,11.8,1077,29.0,Siltstone_Shale,0,NONE,0,0.0
LS002529,2025-12-10,Tripura,West Tripura,23.6873,91.4155,3.4,87,4.5,Sandy_Clay,0,NONE,0,0.0
LS002530,2025-12-10,Tripura,Sipahijala,23.5568,91.2343,8.1,44,5.2,Sandy_Clay,0,NONE,0,0.0
LS002531,2025-12-10,Tripura,Dhalai,23.8458,91.7208,10.7,177,12.2,Red_Laterite,0,NONE,0,0.0
LS002532,2025-12-10,Arunachal Pradesh,Tawang,27.634,91.9935,5.2,2861,43.3,Gneissic_Debris,0,NONE,0,0.0
LS002533,2025-12-10,Arunachal Pradesh,West Kameng,27.2414,92.3294,12.4,2209,39.3,Schist_Shale,0,NONE,0,0.0
LS002534,2025-12-10,Arunachal Pradesh,Papum Pare,27.1643,93.5863,2.3,345,19.2,Colluvial_Soil,0,NONE,0,0.0
LS002535,2025-12-10,Arunachal Pradesh,East Siang,28.0713,95.2123,3.9,123,7.0,Alluvial_Gravel,0,NONE,0,0.0
LS002536,2025-12-10,Arunachal Pradesh,Lower Subansiri,27.5662,93.8565,12.7,1500,30.3,Schist_Shale,0,NONE,0,0.0
LS002537,2025-12-10,Assam,Kamrup Metropolitan,26.0632,91.8578,11.1,105,0.4,Alluvial_Clay,0,NONE,0,0.0
LS002538,2025-12-10,Assam,Kamrup Rural,26.1185,91.5576,8.9,67,0.4,Alluvial_Silt,0,NONE,0,0.0
LS002539,2025-12-11,Assam,Darrang,26.4733,92.0228,11.4,92,1.0,Brahmaputra_Sand_Silt,0,NONE,0,0.0
LS002540,2025-12-11,Assam,Sonitpur,26.5121,92.8403,3.2,63,1.7,Alluvial_Silt,0,NONE,0,0.0
LS002541,2025-12-11,Assam,Dibrugarh,27.5415,94.964,9.1,130,0.4,Alluvial_Clay,0,NONE,0,0.0
LS002542,2025-12-11,Assam,Cachar,24.7851,92.8874,13.9,20,0.4,Barak_Valley_Alluvium,0,NONE,0,0.0
LS002543,2025-12-11,Assam,Nagaon,26.2373,92.589,2.7,63,0.4,Alluvial_Clay,0,NONE,0,0.0
LS002544,2025-12-11,Meghalaya,East Khasi Hills,25.5617,92.0017,1.2,1500,28.5,Sandstone_Silt,0,NONE,0,0.0
LS002545,2025-12-11,Meghalaya,West Khasi Hills,25.5222,91.1144,11.7,1231,30.1,Red_Loam,0,NONE,0,0.0
LS002546,2025-12-11,Meghalaya,Ri-Bhoi,25.7999,91.8757,13.2,517,18.3,Laterite_Clay,0,NONE,0,0.0
LS002547,2025-12-11,Meghalaya,West Jaintia Hills,25.3494,92.0506,11.4,1319,24.8,Limestone_Clay,0,NONE,0,0.0
LS002548,2025-12-11,Sikkim,East Sikkim,27.3254,88.5834,0.9,1683,44.5,Loose_Phyllite,0,NONE,0,0.0
LS002549,2025-12-12,Sikkim,North Sikkim,27.5655,88.4464,12.4,2427,47.1,Schist_Shale,0,NONE,0,0.0
LS002550,2025-12-12,Sikkim,South Sikkim,27.2407,88.2183,10.4,1280,34.0,Loose_Phyllite,0,NONE,0,0.0
LS002551,2025-12-12,Nagaland,Kohima,25.676,94.2144,5.6,1400,33.6,Disang_Shale,0,NONE,0,0.0
LS002552,2025-12-12,Nagaland,Dimapur,26.0122,93.5981,0.1,143,4.7,Alluvial_Sandy_Loam,0,NONE,0,0.0
LS002553,2025-12-12,Nagaland,Mokokchung,26.211,94.6371,12.7,1291,31.4,Disang_Shale,0,NONE,0,0.0
LS002554,2025-12-12,Manipur,Imphal West,24.6916,93.984,6.3,797,2.3,Lacustrine_Alluvium,0,NONE,0,0.0
LS002555,2025-12-12,Manipur,Bishnupur,24.5437,93.8294,2.3,740,2.3,Lacustrine_Alluvium,0,NONE,0,0.0
LS002556,2025-12-12,Manipur,Senapati,25.3037,93.9972,0.2,1308,30.8,Clayey_Loam,0,NONE,0,0.0
LS002557,2025-12-12,Mizoram,Aizawl,23.7146,92.8671,12.0,1082,30.9,Siltstone_Shale,0,NONE,0,0.0
LS002558,2025-12-12,Mizoram,Kolasib,24.1496,92.81,11.9,662,22.3,Red_Loam,0,NONE,0,0.0
LS002559,2025-12-13,Mizoram,Lunglei,22.8155,92.7215,9.3,1029,32.5,Siltstone_Shale,0,NONE,0,0.0
LS002560,2025-12-13,Tripura,West Tripura,23.9777,91.333,9.2,20,2.9,Sandy_Clay,0,NONE,0,0.0
LS002561,2025-12-13,Tripura,Sipahijala,23.7645,91.1931,0.9,84,1.2,Sandy_Clay,0,NONE,0,0.0
LS002562,2025-12-13,Tripura,Dhalai,23.7321,91.866,7.2,114,10.9,Red_Laterite,0,NONE,0,0.0
LS002563,2025-12-13,Arunachal Pradesh,Tawang,27.539,91.9156,9.8,2949,43.3,Gneissic_Debris,0,NONE,0,0.0
LS002564,2025-12-13,Arunachal Pradesh,West Kameng,27.3861,92.5197,10.5,2151,38.7,Schist_Shale,0,NONE,0,0.0
LS002565,2025-12-13,Arunachal Pradesh,Papum Pare,26.9636,93.5667,12.1,276,19.2,Colluvial_Soil,0,NONE,0,0.0
LS002566,2025-12-13,Arunachal Pradesh,East Siang,28.1384,95.3415,1.3,149,9.5,Alluvial_Gravel,0,NONE,0,0.0
LS002567,2025-12-13,Arunachal Pradesh,Lower Subansiri,27.6835,93.8873,4.1,1519,32.6,Schist_Shale,0,NONE,0,0.0
LS002568,2025-12-13,Assam,Kamrup Metropolitan,26.1693,91.6306,7.6,20,0.4,Alluvial_Clay,0,NONE,0,0.0
LS002569,2025-12-14,Assam,Kamrup Rural,26.3149,91.7037,6.3,20,2.9,Alluvial_Silt,0,NONE,0,0.0
LS002570,2025-12-14,Assam,Darrang,26.3769,91.9118,9.7,91,1.4,Brahmaputra_Sand_Silt,0,NONE,0,0.0
LS002571,2025-12-14,Assam,Sonitpur,26.776,92.8674,3.3,136,4.2,Alluvial_Silt,0,NONE,0,0.0
LS002572,2025-12-14,Assam,Dibrugarh,27.6157,95.0052,10.6,160,0.4,Alluvial_Clay,0,NONE,0,0.0
LS002573,2025-12-14,Assam,Cachar,24.9606,92.8636,11.7,20,3.3,Barak_Valley_Alluvium,0,NONE,0,0.0
LS002574,2025-12-14,Assam,Nagaon,26.4384,92.614,0.1,104,2.0,Alluvial_Clay,0,NONE,0,0.0
LS002575,2025-12-14,Meghalaya,East Khasi Hills,25.4404,91.8845,7.8,1455,32.1,Sandstone_Silt,0,NONE,0,0.0
LS002576,2025-12-14,Meghalaya,West Khasi Hills,25.4516,91.3486,10.1,1249,26.6,Red_Loam,0,NONE,0,0.0
LS002577,2025-12-14,Meghalaya,Ri-Bhoi,25.8695,91.8136,7.4,498,18.8,Laterite_Clay,0,NONE,0,0.0
LS002578,2025-12-14,Meghalaya,West Jaintia Hills,25.4924,92.1699,8.5,1377,26.2,Limestone_Clay,0,NONE,0,0.0
LS002579,2025-12-15,Sikkim,East Sikkim,27.2235,88.7476,12.1,1612,42.4,Loose_Phyllite,0,NONE,0,0.0
LS002580,2025-12-15,Sikkim,North Sikkim,27.3615,88.579,2.5,2434,49.6,Schist_Shale,0,NONE,0,0.0
LS002581,2025-12-15,Sikkim,South Sikkim,27.2019,88.3534,10.4,1289,38.2,Loose_Phyllite,0,NONE,0,0.0
LS002582,2025-12-15,Nagaland,Kohima,25.5384,94.0894,1.6,1446,37.9,Disang_Shale,0,NONE,0,0.0
LS002583,2025-12-15,Nagaland,Dimapur,25.9726,93.8001,2.9,220,2.3,Alluvial_Sandy_Loam,0,NONE,0,0.0
LS002584,2025-12-15,Nagaland,Mokokchung,26.4597,94.6462,9.9,1339,30.1,Disang_Shale,0,NONE,0,0.0
LS002585,2025-12-15,Manipur,Imphal West,24.8829,93.8769,6.4,764,3.0,Lacustrine_Alluvium,0,NONE,0,0.0
LS002586,2025-12-15,Manipur,Bishnupur,24.6916,93.7808,6.9,734,3.1,Lacustrine_Alluvium,0,NONE,0,0.0
LS002587,2025-12-15,Manipur,Senapati,25.3132,94.1308,11.0,1268,29.8,Clayey_Loam,0,NONE,0,0.0
LS002588,2025-12-15,Mizoram,Aizawl,23.8272,92.6588,3.3,1096,32.6,Siltstone_Shale,0,NONE,0,0.0
LS002589,2025-12-16,Mizoram,Kolasib,24.2664,92.6695,2.0,606,25.4,Red_Loam,0,NONE,0,0.0
LS002590,2025-12-16,Mizoram,Lunglei,22.9681,92.8779,4.6,1054,29.8,Siltstone_Shale,0,NONE,0,0.0
LS002591,2025-12-16,Tripura,West Tripura,23.8361,91.3267,9.6,20,0.4,Sandy_Clay,0,NONE,0,0.0
LS002592,2025-12-16,Tripura,Sipahijala,23.5555,91.2551,4.1,75,1.5,Sandy_Clay,0,NONE,0,0.0
LS002593,2025-12-16,Tripura,Dhalai,23.7735,91.8425,8.8,188,13.3,Red_Laterite,0,NONE,0,0.0
LS002594,2025-12-16,Arunachal Pradesh,Tawang,27.7019,91.8821,1.5,2931,45.5,Gneissic_Debris,0,NONE,0,0.0
LS002595,2025-12-16,Arunachal Pradesh,West Kameng,27.1877,92.4627,2.6,2140,40.0,Schist_Shale,0,NONE,0,0.0
LS002596,2025-12-16,Arunachal Pradesh,Papum Pare,27.216,93.7001,7.4,288,16.9,Colluvial_Soil,0,NONE,0,0.0
LS002597,2025-12-16,Arunachal Pradesh,East Siang,28.0714,95.1911,1.8,126,11.3,Alluvial_Gravel,0,NONE,0,0.0
LS002598,2025-12-16,Arunachal Pradesh,Lower Subansiri,27.44,93.8194,12.4,1567,34.8,Schist_Shale,0,NONE,0,0.0
LS002599,2025-12-17,Assam,Kamrup Metropolitan,26.2795,91.8536,8.2,73,2.8,Alluvial_Clay,0,NONE,0,0.0
LS002600,2025-12-17,Assam,Kamrup Rural,26.163,91.6841,13.4,55,2.9,Alluvial_Silt,0,NONE,0,0.0
