network_id,timestamp,state,district,latitude,longitude,operator,network_type,availability_percent,signal_dbm,download_mbps,upload_mbps,latency_ms,packet_loss_percent,call_drop_percent,status,confidence
N000001,2026-06-18 08:00:00,Arunachal Pradesh,Tawang,27.6279,91.7169,Jio,3G,29,-99,0.49,0.0,547,28.2,15.5,POOR,0.95
N000002,2026-06-18 08:03:00,Arunachal Pradesh,West Kameng,27.1452,92.4881,BSNL,NO_SERVICE,18,-95,0.18,0.02,432,28.0,15.4,NO_NETWORK,0.96
N000003,2026-06-18 08:06:00,Arunachal Pradesh,Papum Pare,26.9593,93.5322,Jio,5G,98,-67,48.7,12.1,29,0.4,0.2,GOOD,0.95
N000004,2026-06-18 08:09:00,Arunachal Pradesh,East Siang,28.1308,95.3864,BSNL,4G,95,-66,38.4,41.4,22,1.2,0.7,GOOD,0.97
N000005,2026-06-18 08:12:00,Arunachal Pradesh,Lower Subansiri,27.6428,93.6819,BSNL,3G,70,-95,15.2,1.8,67,6.0,3.3,POOR,0.93
N000006,2026-06-18 08:15:00,Assam,Kamrup Metropolitan,26.0779,91.6508,Airtel,5G,97,-72,86.5,25.3,40,0.5,0.3,GOOD,0.92
N000007,2026-06-18 08:18:00,Assam,Kamrup Rural,26.064,91.6662,BSNL,5G,92,-66,93.2,15.1,35,0.7,0.4,GOOD,0.95
N000008,2026-06-18 08:21:00,Assam,Darrang,26.4398,91.9184,Airtel,4G,99,-65,128.2,26.1,26,1.2,0.7,GOOD,0.97
N000009,2026-06-18 08:24:00,Assam,Sonitpur,26.7326,92.8282,Jio,5G,100,-56,123.6,10.3,44,0.3,0.2,GOOD,0.91
N000010,2026-06-18 08:27:00,Assam,Dibrugarh,27.3437,94.9604,Airtel,5G,96,-56,87.7,37.8,40,0.8,0.4,GOOD,0.86
N000011,2026-06-18 08:30:00,Assam,Cachar,24.7531,92.6592,BSNL,5G,96,-54,117.3,25.2,38,0.9,0.5,GOOD,0.87
N000012,2026-06-18 08:33:00,Assam,Nagaon,26.244,92.6406,BSNL,4G,95,-57,91.0,37.3,22,0.1,0.1,GOOD,0.9
N000013,2026-06-18 08:36:00,Meghalaya,East Khasi Hills,25.6232,91.926,Airtel,3G,79,-78,4.1,2.2,110,5.9,3.2,POOR,0.87
N000014,2026-06-18 08:39:00,Meghalaya,West Khasi Hills,25.4987,91.191,BSNL,4G,74,-98,6.6,3.6,136,2.3,1.3,OK,0.97
N000015,2026-06-18 08:42:00,Meghalaya,Ri-Bhoi,25.9554,91.9829,BSNL,5G,98,-54,80.7,18.7,25,0.4,0.2,GOOD,0.91
N000016,2026-06-18 08:45:00,Meghalaya,West Jaintia Hills,25.5415,92.1703,Airtel,4G,85,-90,15.1,1.7,67,2.9,1.6,OK,0.85
N000017,2026-06-18 08:48:00,Sikkim,East Sikkim,27.4518,88.5509,BSNL,4G,72,-98,11.3,1.5,103,1.9,1.0,OK,0.89
N000018,2026-06-18 08:51:00,Sikkim,North Sikkim,27.5429,88.4429,BSNL,NO_SERVICE,42,-98,0.3,0.51,430,18.5,10.2,NO_NETWORK,0.89
N000019,2026-06-18 08:54:00,Sikkim,South Sikkim,27.0988,88.3754,BSNL,3G,66,-91,8.0,2.3,98,6.2,3.4,POOR,0.93
N000020,2026-06-18 08:57:00,Nagaland,Kohima,25.8243,94.0001,Jio,3G,65,-87,13.5,1.8,94,4.4,2.4,POOR,0.92
N000021,2026-06-18 09:00:00,Nagaland,Dimapur,25.7897,93.7657,BSNL,5G,93,-64,51.8,24.1,20,0.9,0.5,GOOD,0.89
N000022,2026-06-18 09:03:00,Nagaland,Mokokchung,26.2904,94.5488,BSNL,2G,80,-98,6.7,4.4,83,6.1,3.4,POOR,0.87
N000023,2026-06-18 09:06:00,Manipur,Imphal West,24.9252,93.7902,Jio,4G,75,-87,7.5,3.2,120,5.6,3.1,OK,0.96
N000024,2026-06-18 09:09:00,Manipur,Bishnupur,24.7077,93.8451,Airtel,4G,92,-71,49.3,37.6,24,0.8,0.4,GOOD,0.95
N000025,2026-06-18 09:12:00,Manipur,Senapati,25.2461,94.1461,Airtel,3G,74,-97,11.3,2.1,82,4.0,2.2,POOR,0.94
N000026,2026-06-18 09:15:00,Mizoram,Aizawl,23.8057,92.7199,Airtel,4G,76,-86,8.1,2.4,88,3.0,1.7,OK,0.92
N000027,2026-06-18 09:18:00,Mizoram,Kolasib,24.2617,92.7127,Airtel,5G,95,-69,40.3,25.8,34,0.6,0.3,GOOD,0.89
N000028,2026-06-18 09:21:00,Mizoram,Lunglei,23.016,92.8667,BSNL,2G,75,-98,13.0,4.2,97,2.9,1.6,POOR,0.92
N000029,2026-06-18 09:24:00,Tripura,West Tripura,23.6873,91.4155,BSNL,5G,95,-61,77.8,34.5,26,1.3,0.7,GOOD,0.86
N000030,2026-06-18 09:27:00,Tripura,Sipahijala,23.5568,91.2343,BSNL,4G,96,-55,78.7,12.0,45,1.3,0.7,GOOD,0.93
N000031,2026-06-18 09:30:00,Tripura,Dhalai,23.8458,91.7208,Airtel,5G,96,-72,105.5,22.4,46,0.2,0.1,GOOD,0.89
N000032,2026-06-18 09:33:00,Arunachal Pradesh,Tawang,27.634,91.9935,Jio,2G,28,-108,0.63,0.26,446,22.5,12.4,POOR,0.87
N000033,2026-06-18 09:36:00,Arunachal Pradesh,West Kameng,27.2414,92.3294,Jio,NO_SERVICE,40,-104,0.34,0.38,381,30.2,16.6,NO_NETWORK,0.86
N000034,2026-06-18 09:39:00,Arunachal Pradesh,Papum Pare,27.1643,93.5863,BSNL,4G,99,-62,95.7,41.8,19,1.1,0.6,GOOD,0.97
N000035,2026-06-18 09:42:00,Arunachal Pradesh,East Siang,28.0713,95.2123,BSNL,5G,95,-72,91.1,23.1,29,0.3,0.2,GOOD,0.93
N000036,2026-06-18 09:45:00,Arunachal Pradesh,Lower Subansiri,27.5662,93.8565,BSNL,4G,73,-78,5.3,1.2,88,5.4,3.0,OK,0.91
N000037,2026-06-18 09:48:00,Assam,Kamrup Metropolitan,26.0632,91.8578,Jio,4G,97,-68,70.0,37.3,36,0.9,0.5,GOOD,0.93
N000038,2026-06-18 09:51:00,Assam,Kamrup Rural,26.1185,91.5576,Jio,5G,98,-61,116.8,41.4,33,1.2,0.7,GOOD,0.95
N000039,2026-06-18 09:54:00,Assam,Darrang,26.4733,92.0228,Jio,4G,95,-52,66.1,40.3,33,0.2,0.1,GOOD,0.86
N000040,2026-06-18 09:57:00,Assam,Sonitpur,26.5121,92.8403,Jio,5G,99,-75,34.1,37.5,37,1.4,0.8,GOOD,0.92
N000041,2026-06-18 10:00:00,Assam,Dibrugarh,27.5415,94.964,Airtel,4G,100,-71,122.2,22.0,22,0.4,0.2,GOOD,0.86
N000042,2026-06-18 10:03:00,Assam,Cachar,24.7851,92.8874,Jio,4G,97,-54,124.1,25.4,33,0.4,0.2,GOOD,0.89
N000043,2026-06-18 10:06:00,Assam,Nagaon,26.2373,92.589,Airtel,4G,99,-64,51.2,40.2,21,0.6,0.3,GOOD,0.92
N000044,2026-06-18 10:09:00,Meghalaya,East Khasi Hills,25.5617,92.0017,Jio,4G,81,-93,11.1,4.3,65,4.7,2.6,OK,0.95
N000045,2026-06-18 10:12:00,Meghalaya,West Khasi Hills,25.5222,91.1144,BSNL,2G,73,-92,14.9,3.5,115,3.1,1.7,POOR,0.95
N000046,2026-06-18 10:15:00,Meghalaya,Ri-Bhoi,25.7999,91.8757,BSNL,5G,95,-65,91.3,35.7,28,1.2,0.7,GOOD,0.87
N000047,2026-06-18 10:18:00,Meghalaya,West Jaintia Hills,25.3494,92.0506,Airtel,2G,74,-88,5.8,4.3,82,5.7,3.1,POOR,0.91
N000048,2026-06-18 10:21:00,Sikkim,East Sikkim,27.3254,88.5834,Airtel,2G,84,-81,13.9,4.6,117,5.3,2.9,POOR,0.86
N000049,2026-06-18 10:24:00,Sikkim,North Sikkim,27.5655,88.4464,Airtel,NO_SERVICE,52,-113,0.17,0.23,432,17.4,9.6,NO_NETWORK,0.87
N000050,2026-06-18 10:27:00,Sikkim,South Sikkim,27.2407,88.2183,BSNL,2G,79,-78,11.8,4.7,109,4.6,2.5,POOR,0.96
N000051,2026-06-18 10:30:00,Nagaland,Kohima,25.676,94.2144,Jio,3G,80,-83,12.8,1.3,100,3.4,1.9,POOR,0.97
N000052,2026-06-18 10:33:00,Nagaland,Dimapur,26.0122,93.5981,Jio,4G,99,-58,89.0,32.0,22,0.7,0.4,GOOD,0.87
N000053,2026-06-18 10:36:00,Nagaland,Mokokchung,26.211,94.6371,Jio,4G,78,-80,11.9,1.4,116,2.8,1.5,OK,0.86
N000054,2026-06-18 10:39:00,Manipur,Imphal West,24.6916,93.984,Jio,5G,95,-70,93.2,36.2,35,0.9,0.5,GOOD,0.86
N000055,2026-06-18 10:42:00,Manipur,Bishnupur,24.5437,93.8294,BSNL,4G,95,-52,95.8,21.0,31,0.4,0.2,GOOD,0.87
N000056,2026-06-18 10:45:00,Manipur,Senapati,25.3037,93.9972,Airtel,2G,82,-84,14.8,1.6,114,2.5,1.4,POOR,0.93
N000057,2026-06-18 10:48:00,Mizoram,Aizawl,23.7146,92.8671,BSNL,2G,79,-83,6.6,4.0,79,6.2,3.4,POOR,0.9
N000058,2026-06-18 10:51:00,Mizoram,Kolasib,24.1496,92.81,BSNL,4G,96,-70,58.6,38.7,34,0.5,0.3,GOOD,0.98
N000059,2026-06-18 10:54:00,Mizoram,Lunglei,22.8155,92.7215,Airtel,2G,79,-89,11.4,2.2,140,2.6,1.4,POOR,0.88
N000060,2026-06-18 10:57:00,Tripura,West Tripura,23.9777,91.333,BSNL,4G,93,-52,67.6,22.6,22,1.3,0.7,GOOD,0.94
N000061,2026-06-18 11:00:00,Tripura,Sipahijala,23.7645,91.1931,BSNL,5G,99,-59,86.5,38.0,36,0.6,0.3,GOOD,0.98
N000062,2026-06-18 11:03:00,Tripura,Dhalai,23.7321,91.866,Jio,5G,98,-56,102.7,25.2,44,0.7,0.4,GOOD,0.93
N000063,2026-06-18 11:06:00,Arunachal Pradesh,Tawang,27.539,91.9156,Jio,2G,23,-104,0.86,0.24,329,28.2,15.5,POOR,0.91
N000064,2026-06-18 11:09:00,Arunachal Pradesh,West Kameng,27.3861,92.5197,Jio,2G,15,-107,1.17,0.17,420,31.2,17.2,POOR,0.88
N000065,2026-06-18 11:12:00,Arunachal Pradesh,Papum Pare,26.9636,93.5667,BSNL,5G,93,-73,74.9,39.2,43,0.8,0.4,GOOD,0.87
N000066,2026-06-18 11:15:00,Arunachal Pradesh,East Siang,28.1384,95.3415,BSNL,4G,92,-57,128.5,25.0,38,1.3,0.7,GOOD,0.94
N000067,2026-06-18 11:18:00,Arunachal Pradesh,Lower Subansiri,27.6835,93.8873,BSNL,2G,86,-81,8.8,4.7,87,3.6,2.0,POOR,0.94
N000068,2026-06-18 11:21:00,Assam,Kamrup Metropolitan,26.1693,91.6306,Jio,4G,92,-68,118.5,27.2,18,0.3,0.2,GOOD,0.97
N000069,2026-06-18 11:24:00,Assam,Kamrup Rural,26.3149,91.7037,Airtel,5G,94,-71,97.3,18.7,30,0.7,0.4,GOOD,0.98
N000070,2026-06-18 11:27:00,Assam,Darrang,26.3769,91.9118,Jio,4G,99,-74,99.3,20.9,31,0.6,0.3,GOOD,0.98
N000071,2026-06-18 11:30:00,Assam,Sonitpur,26.776,92.8674,Jio,4G,92,-61,58.5,16.2,43,0.8,0.4,GOOD,0.88
N000072,2026-06-18 11:33:00,Assam,Dibrugarh,27.6157,95.0052,BSNL,5G,100,-70,55.0,29.5,40,0.3,0.2,GOOD,0.95
N000073,2026-06-18 11:36:00,Assam,Cachar,24.9606,92.8636,BSNL,5G,98,-62,106.2,28.0,29,0.7,0.4,GOOD,0.98
N000074,2026-06-18 11:39:00,Assam,Nagaon,26.4384,92.614,Jio,5G,95,-62,113.5,27.7,48,0.4,0.2,GOOD,0.86
N000075,2026-06-18 11:42:00,Meghalaya,East Khasi Hills,25.4404,91.8845,BSNL,2G,65,-84,12.7,4.7,103,4.0,2.2,POOR,0.86
N000076,2026-06-18 11:45:00,Meghalaya,West Khasi Hills,25.4516,91.3486,BSNL,4G,73,-85,14.2,2.7,106,5.6,3.1,OK,0.93
N000077,2026-06-18 11:48:00,Meghalaya,Ri-Bhoi,25.8695,91.8136,Jio,4G,96,-54,120.0,12.7,37,1.2,0.7,GOOD,0.86
N000078,2026-06-18 11:51:00,Meghalaya,West Jaintia Hills,25.4924,92.1699,Jio,3G,66,-81,9.9,4.5,79,5.2,2.9,POOR,0.86
N000079,2026-06-18 11:54:00,Sikkim,East Sikkim,27.2235,88.7476,Airtel,3G,80,-80,9.6,2.7,70,2.0,1.1,POOR,0.87
N000080,2026-06-18 11:57:00,Sikkim,North Sikkim,27.3615,88.579,Airtel,3G,42,-108,0.55,0.08,581,17.0,9.4,POOR,0.88
N000081,2026-06-18 12:00:00,Sikkim,South Sikkim,27.2019,88.3534,Jio,4G,65,-94,11.2,1.6,98,6.4,3.5,OK,0.94
N000082,2026-06-18 12:03:00,Nagaland,Kohima,25.5384,94.0894,Jio,4G,85,-78,5.3,4.0,67,2.6,1.4,OK,0.88
N000083,2026-06-18 12:06:00,Nagaland,Dimapur,25.9726,93.8001,BSNL,5G,96,-58,38.8,38.2,36,1.1,0.6,GOOD,0.89
N000084,2026-06-18 12:09:00,Nagaland,Mokokchung,26.4597,94.6462,Jio,4G,87,-88,7.8,2.9,114,3.3,1.8,OK,0.94
N000085,2026-06-18 12:12:00,Manipur,Imphal West,24.8829,93.8769,BSNL,5G,96,-63,114.5,40.0,18,1.2,0.7,GOOD,0.94
N000086,2026-06-18 12:15:00,Manipur,Bishnupur,24.6916,93.7808,Airtel,4G,100,-72,122.6,35.7,29,1.0,0.6,GOOD,0.91
N000087,2026-06-18 12:18:00,Manipur,Senapati,25.3132,94.1308,Airtel,2G,87,-92,14.8,2.3,90,5.8,3.2,POOR,0.9
N000088,2026-06-18 12:21:00,Mizoram,Aizawl,23.8272,92.6588,Jio,4G,81,-93,10.0,2.6,132,4.5,2.5,OK,0.89
N000089,2026-06-18 12:24:00,Mizoram,Kolasib,24.2664,92.6695,Airtel,5G,100,-63,39.6,27.7,25,1.1,0.6,GOOD,0.91
N000090,2026-06-18 12:27:00,Mizoram,Lunglei,22.9681,92.8779,Airtel,3G,83,-89,4.7,1.6,78,2.9,1.6,POOR,0.9
N000091,2026-06-18 12:30:00,Tripura,West Tripura,23.8361,91.3267,Jio,5G,100,-64,119.7,24.4,28,0.8,0.4,GOOD,0.85
N000092,2026-06-18 12:33:00,Tripura,Sipahijala,23.5555,91.2551,BSNL,5G,99,-72,109.2,25.0,43,0.1,0.1,GOOD,0.87
N000093,2026-06-18 12:36:00,Tripura,Dhalai,23.7735,91.8425,BSNL,4G,93,-66,101.3,25.7,44,0.9,0.5,GOOD,0.88
N000094,2026-06-18 12:39:00,Arunachal Pradesh,Tawang,27.7019,91.8821,Jio,2G,43,-97,1.15,0.03,611,27.4,15.1,POOR,0.91
N000095,2026-06-18 12:42:00,Arunachal Pradesh,West Kameng,27.1877,92.4627,Jio,2G,47,-108,0.01,0.02,366,18.6,10.2,POOR,0.97
N000096,2026-06-18 12:45:00,Arunachal Pradesh,Papum Pare,27.216,93.7001,Airtel,5G,98,-56,102.3,30.3,37,1.3,0.7,GOOD,0.93
N000097,2026-06-18 12:48:00,Arunachal Pradesh,East Siang,28.0714,95.1911,Airtel,5G,94,-68,124.2,35.9,47,0.1,0.1,GOOD,0.97
N000098,2026-06-18 12:51:00,Arunachal Pradesh,Lower Subansiri,27.44,93.8194,BSNL,2G,77,-81,8.4,2.6,89,6.2,3.4,POOR,0.88
N000099,2026-06-18 12:54:00,Assam,Kamrup Metropolitan,26.2795,91.8536,Jio,5G,95,-57,58.4,14.5,20,0.2,0.1,GOOD,0.89
N000100,2026-06-18 12:57:00,Assam,Kamrup Rural,26.163,91.6841,BSNL,4G,99,-64,60.1,38.6,25,0.3,0.2,GOOD,0.89
N000101,2026-06-18 13:00:00,Assam,Darrang,26.4444,91.9588,BSNL,4G,97,-73,118.0,11.3,47,0.3,0.2,GOOD,0.86
N000102,2026-06-18 13:03:00,Assam,Sonitpur,26.7171,92.788,Jio,5G,93,-72,102.4,24.1,48,0.3,0.2,GOOD,0.98
N000103,2026-06-18 13:06:00,Assam,Dibrugarh,27.4085,94.8435,BSNL,4G,99,-73,55.9,16.5,38,1.0,0.6,GOOD,0.94
N000104,2026-06-18 13:09:00,Assam,Cachar,24.7285,92.7438,Airtel,4G,100,-64,128.5,13.1,32,0.3,0.2,GOOD,0.88
N000105,2026-06-18 13:12:00,Assam,Nagaon,26.3175,92.6968,Airtel,4G,99,-58,110.6,17.7,25,1.4,0.8,GOOD,0.87
N000106,2026-06-18 13:15:00,Meghalaya,East Khasi Hills,25.5456,91.9742,Airtel,2G,86,-98,15.2,4.3,105,6.2,3.4,POOR,0.97
N000107,2026-06-18 13:18:00,Meghalaya,West Khasi Hills,25.5327,91.2531,BSNL,2G,69,-80,5.6,3.1,70,4.6,2.5,POOR,0.87
N000108,2026-06-18 13:21:00,Meghalaya,Ri-Bhoi,26.006,92.016,Airtel,5G,92,-62,53.8,19.6,40,0.2,0.1,GOOD,0.93
N000109,2026-06-18 13:24:00,Meghalaya,West Jaintia Hills,25.54,92.3193,BSNL,3G,80,-98,6.0,2.3,69,3.7,2.0,POOR,0.92
N000110,2026-06-18 13:27:00,Sikkim,East Sikkim,27.1976,88.5573,Airtel,3G,68,-88,5.7,2.6,79,4.7,2.6,POOR,0.94
N000111,2026-06-18 13:30:00,Sikkim,North Sikkim,27.6022,88.6759,Airtel,3G,36,-105,0.98,0.3,443,16.2,8.9,POOR,0.97
N000112,2026-06-18 13:33:00,Sikkim,South Sikkim,27.1976,88.3989,Airtel,2G,80,-94,10.2,1.9,102,4.3,2.4,POOR,0.91
N000113,2026-06-18 13:36:00,Nagaland,Kohima,25.6636,93.9737,Jio,3G,88,-86,5.1,3.2,72,6.5,3.6,POOR,0.97
N000114,2026-06-18 13:39:00,Nagaland,Dimapur,25.8581,93.8414,BSNL,4G,94,-66,118.1,12.5,40,1.2,0.7,GOOD,0.95
N000115,2026-06-18 13:42:00,Nagaland,Mokokchung,26.2507,94.3946,Airtel,4G,68,-86,8.0,4.3,125,5.2,2.9,OK,0.94
N000116,2026-06-18 13:45:00,Manipur,Imphal West,24.9526,93.8541,BSNL,4G,93,-52,49.5,11.4,48,1.2,0.7,GOOD,0.93
N000117,2026-06-18 13:48:00,Manipur,Bishnupur,24.7087,93.8994,BSNL,5G,96,-76,45.2,16.0,38,1.0,0.6,GOOD,0.93
N000118,2026-06-18 13:51:00,Manipur,Senapati,25.1816,94.0021,Jio,3G,77,-79,7.8,4.4,102,6.3,3.5,POOR,0.86
N000119,2026-06-18 13:54:00,Mizoram,Aizawl,23.7869,92.7977,BSNL,3G,73,-88,10.5,4.6,141,4.2,2.3,POOR,0.96
N000120,2026-06-18 13:57:00,Mizoram,Kolasib,24.2855,92.7633,BSNL,5G,92,-64,59.2,28.1,35,0.7,0.4,GOOD,0.92
N000121,2026-06-18 14:00:00,Mizoram,Lunglei,22.7377,92.6836,BSNL,2G,74,-80,11.5,4.4,103,5.4,3.0,POOR,0.96
N000122,2026-06-18 14:03:00,Tripura,West Tripura,23.9639,91.1963,Jio,5G,98,-72,87.1,39.7,36,0.9,0.5,GOOD,0.93
N000123,2026-06-18 14:06:00,Tripura,Sipahijala,23.5156,91.3937,Airtel,4G,94,-55,38.7,27.7,36,0.9,0.5,GOOD,0.87
N000124,2026-06-18 14:09:00,Tripura,Dhalai,23.9389,91.8698,Airtel,4G,99,-62,47.8,26.6,46,0.8,0.4,GOOD,0.86
N000125,2026-06-18 14:12:00,Arunachal Pradesh,Tawang,27.5473,91.8612,Airtel,2G,52,-110,0.4,0.12,518,28.4,15.6,POOR,0.91
N000126,2026-06-18 14:15:00,Arunachal Pradesh,West Kameng,27.2616,92.396,Airtel,NO_SERVICE,51,-111,0.89,0.08,439,23.7,13.0,NO_NETWORK,0.86
N000127,2026-06-18 14:18:00,Arunachal Pradesh,Papum Pare,27.1626,93.5972,Airtel,4G,93,-58,108.3,13.7,25,1.3,0.7,GOOD,0.87
N000128,2026-06-18 14:21:00,Arunachal Pradesh,East Siang,28.1008,95.4519,Jio,4G,92,-52,59.0,11.6,23,0.7,0.4,GOOD,0.87
N000129,2026-06-18 14:24:00,Arunachal Pradesh,Lower Subansiri,27.6193,93.7605,Airtel,4G,67,-95,12.9,4.1,106,3.2,1.8,OK,0.89
N000130,2026-06-18 14:27:00,Assam,Kamrup Metropolitan,26.0782,91.7214,BSNL,4G,94,-76,97.1,34.0,40,0.2,0.1,GOOD,0.94
N000131,2026-06-18 14:30:00,Assam,Kamrup Rural,26.1487,91.4206,Airtel,4G,93,-59,117.8,25.3,25,1.3,0.7,GOOD,0.91
N000132,2026-06-18 14:33:00,Assam,Darrang,26.4084,91.9585,BSNL,4G,92,-69,123.9,29.9,28,1.3,0.7,GOOD,0.94
N000133,2026-06-18 14:36:00,Assam,Sonitpur,26.5667,92.6456,BSNL,4G,99,-76,47.4,25.3,19,0.5,0.3,GOOD,0.88
N000134,2026-06-18 14:39:00,Assam,Dibrugarh,27.4694,94.9894,Airtel,4G,96,-76,58.9,9.7,23,0.2,0.1,GOOD,0.92
N000135,2026-06-18 14:42:00,Assam,Cachar,24.8178,92.6341,Jio,5G,96,-56,48.4,11.3,28,0.6,0.3,GOOD,0.85
N000136,2026-06-18 14:45:00,Assam,Nagaon,26.2871,92.7085,Airtel,5G,95,-68,36.5,14.3,31,0.8,0.4,GOOD,0.91
N000137,2026-06-18 14:48:00,Meghalaya,East Khasi Hills,25.7278,91.9084,Jio,3G,77,-87,7.5,4.6,129,5.4,3.0,POOR,0.88
N000138,2026-06-18 14:51:00,Meghalaya,West Khasi Hills,25.4354,91.1462,Airtel,4G,66,-94,10.8,3.2,77,3.7,2.0,OK,0.96
N000139,2026-06-18 14:54:00,Meghalaya,Ri-Bhoi,26.0353,91.937,Airtel,5G,92,-58,98.2,24.6,44,0.1,0.1,GOOD,0.95
N000140,2026-06-18 14:57:00,Meghalaya,West Jaintia Hills,25.5174,92.343,Jio,4G,80,-82,14.6,1.4,145,5.1,2.8,OK,0.91
N000141,2026-06-18 15:00:00,Sikkim,East Sikkim,27.4387,88.5454,Airtel,2G,73,-94,13.6,3.0,94,2.2,1.2,POOR,0.98
N000142,2026-06-18 15:03:00,Sikkim,North Sikkim,27.5102,88.4823,Jio,NO_SERVICE,36,-110,1.39,0.3,584,27.2,15.0,NO_NETWORK,0.88
N000143,2026-06-18 15:06:00,Sikkim,South Sikkim,27.0579,88.4605,Jio,2G,84,-92,8.9,3.4,145,5.2,2.9,POOR,0.98
N000144,2026-06-18 15:09:00,Nagaland,Kohima,25.6104,94.1022,BSNL,3G,71,-83,15.4,2.1,85,3.0,1.7,POOR,0.96
N000145,2026-06-18 15:12:00,Nagaland,Dimapur,26.0391,93.7208,BSNL,5G,94,-57,94.2,17.1,22,0.5,0.3,GOOD,0.85
N000146,2026-06-18 15:15:00,Nagaland,Mokokchung,26.3481,94.5759,Jio,4G,77,-82,12.2,3.7,116,1.9,1.0,OK,0.9
N000147,2026-06-18 15:18:00,Manipur,Imphal West,24.7582,94.085,Airtel,4G,97,-68,30.8,21.1,40,0.6,0.3,GOOD,0.9
N000148,2026-06-18 15:21:00,Manipur,Bishnupur,24.6612,93.8,BSNL,4G,67,-86,14.9,4.6,139,2.2,1.2,OK,0.89
N000149,2026-06-18 15:24:00,Manipur,Senapati,25.2428,94.118,Airtel,2G,86,-82,13.0,1.8,108,4.4,2.4,POOR,0.86
N000150,2026-06-18 15:27:00,Mizoram,Aizawl,23.76,92.7896,Jio,3G,67,-93,11.2,2.2,120,2.0,1.1,POOR,0.95
N000151,2026-06-18 15:30:00,Mizoram,Kolasib,24.2681,92.5771,Airtel,4G,96,-72,39.1,13.8,39,0.6,0.3,GOOD,0.9
N000152,2026-06-18 15:33:00,Mizoram,Lunglei,22.8526,92.7968,Jio,4G,66,-86,7.1,2.3,68,5.9,3.2,OK,0.85
N000153,2026-06-18 15:36:00,Tripura,West Tripura,23.8936,91.3477,Airtel,4G,98,-62,119.1,41.1,18,1.4,0.8,GOOD,0.9
N000154,2026-06-18 15:39:00,Tripura,Sipahijala,23.5644,91.3994,BSNL,5G,95,-74,90.9,24.9,34,0.4,0.2,GOOD,0.89
N000155,2026-06-18 15:42:00,Tripura,Dhalai,23.8275,91.8634,Jio,4G,95,-53,78.3,33.0,47,1.1,0.6,GOOD,0.89
N000156,2026-06-18 15:45:00,Arunachal Pradesh,Tawang,27.4788,91.7273,BSNL,2G,25,-107,0.87,0.19,674,15.3,8.4,POOR,0.96
N000157,2026-06-18 15:48:00,Arunachal Pradesh,West Kameng,27.2853,92.3525,BSNL,NO_SERVICE,41,-95,1.39,0.58,374,16.4,9.0,NO_NETWORK,0.95
N000158,2026-06-18 15:51:00,Arunachal Pradesh,Papum Pare,27.0712,93.5483,Airtel,4G,94,-73,56.5,32.6,37,1.2,0.7,GOOD,0.92
N000159,2026-06-18 15:54:00,Arunachal Pradesh,East Siang,27.928,95.3056,Jio,4G,100,-55,35.5,19.3,45,0.1,0.1,GOOD,0.94
N000160,2026-06-18 15:57:00,Arunachal Pradesh,Lower Subansiri,27.4687,93.8823,Airtel,4G,76,-84,8.8,1.5,66,3.2,1.8,OK,0.85
N000161,2026-06-18 16:00:00,Assam,Kamrup Metropolitan,26.2944,91.7879,Jio,4G,94,-70,61.0,26.2,30,0.8,0.4,GOOD,0.88
N000162,2026-06-18 16:03:00,Assam,Kamrup Rural,26.0876,91.5677,Airtel,5G,94,-64,56.1,11.4,48,0.6,0.3,GOOD,0.97
N000163,2026-06-18 16:06:00,Assam,Darrang,26.4776,92.0714,BSNL,5G,100,-56,103.4,38.5,20,1.3,0.7,GOOD,0.85
N000164,2026-06-18 16:09:00,Assam,Sonitpur,26.6063,92.7389,Jio,5G,94,-65,79.2,33.1,34,0.6,0.3,GOOD,0.95
N000165,2026-06-18 16:12:00,Assam,Dibrugarh,27.5309,94.8485,Jio,4G,93,-76,70.9,28.2,22,1.3,0.7,GOOD,0.97
N000166,2026-06-18 16:15:00,Assam,Cachar,24.6943,92.6553,Airtel,5G,98,-70,40.8,41.7,30,0.6,0.3,GOOD,0.88
N000167,2026-06-18 16:18:00,Assam,Nagaon,26.3165,92.6884,BSNL,5G,99,-70,83.1,19.9,30,1.0,0.6,GOOD,0.97
N000168,2026-06-18 16:21:00,Meghalaya,East Khasi Hills,25.5528,91.7996,Jio,3G,76,-91,11.8,1.5,140,6.4,3.5,POOR,0.89
N000169,2026-06-18 16:24:00,Meghalaya,West Khasi Hills,25.4926,91.1255,BSNL,2G,72,-85,12.5,2.5,142,6.2,3.4,POOR,0.87
N000170,2026-06-18 16:27:00,Meghalaya,Ri-Bhoi,25.8814,91.9395,Airtel,4G,92,-75,56.3,19.4,20,1.1,0.6,GOOD,0.97
N000171,2026-06-18 16:30:00,Meghalaya,West Jaintia Hills,25.5398,92.2629,BSNL,3G,77,-78,13.2,1.2,136,4.2,2.3,POOR,0.93
N000172,2026-06-18 16:33:00,Sikkim,East Sikkim,27.2169,88.7542,BSNL,4G,73,-78,6.5,3.6,129,2.2,1.2,OK,0.98
N000173,2026-06-18 16:36:00,Sikkim,North Sikkim,27.5443,88.4462,BSNL,3G,25,-108,0.28,0.22,570,15.0,8.2,POOR,0.86
N000174,2026-06-18 16:39:00,Sikkim,South Sikkim,27.102,88.4504,Jio,2G,77,-86,15.7,4.3,85,5.6,3.1,POOR,0.93
N000175,2026-06-18 16:42:00,Nagaland,Kohima,25.6402,94.2352,BSNL,4G,67,-82,7.1,3.1,115,6.1,3.4,OK,0.97
N000176,2026-06-18 16:45:00,Nagaland,Dimapur,25.7777,93.8093,BSNL,5G,99,-54,84.3,40.5,47,1.3,0.7,GOOD,0.9
N000177,2026-06-18 16:48:00,Nagaland,Mokokchung,26.3273,94.6162,Jio,2G,87,-81,6.3,2.7,76,5.3,2.9,POOR,0.86
N000178,2026-06-18 16:51:00,Manipur,Imphal West,24.841,93.9848,Airtel,2G,72,-91,15.4,2.7,104,3.1,1.7,POOR,0.88
N000179,2026-06-18 16:54:00,Manipur,Bishnupur,24.5859,93.7801,Jio,4G,92,-69,51.7,30.2,31,1.3,0.7,GOOD,0.91
N000180,2026-06-18 16:57:00,Manipur,Senapati,25.3709,94.1542,BSNL,3G,77,-88,9.2,4.9,73,2.3,1.3,POOR,0.89
N000181,2026-06-18 17:00:00,Mizoram,Aizawl,23.8098,92.5807,Jio,3G,85,-81,4.9,2.8,65,4.6,2.5,POOR,0.9
N000182,2026-06-18 17:03:00,Mizoram,Kolasib,24.1844,92.8265,BSNL,5G,99,-65,80.2,37.0,31,0.1,0.1,GOOD,0.95
N000183,2026-06-18 17:06:00,Mizoram,Lunglei,22.8786,92.6011,Airtel,3G,70,-81,12.1,3.6,77,5.9,3.2,POOR,0.89
N000184,2026-06-18 17:09:00,Tripura,West Tripura,23.7116,91.3903,BSNL,4G,92,-69,74.2,39.4,41,0.1,0.1,GOOD,0.91
N000185,2026-06-18 17:12:00,Tripura,Sipahijala,23.7017,91.285,Jio,5G,95,-61,29.3,36.2,46,0.9,0.5,GOOD,0.93
N000186,2026-06-18 17:15:00,Tripura,Dhalai,23.9345,91.7795,BSNL,4G,97,-64,109.1,35.6,21,0.7,0.4,GOOD,0.96
N000187,2026-06-18 17:18:00,Arunachal Pradesh,Tawang,27.6916,91.9651,BSNL,NO_SERVICE,50,-105,1.05,0.42,594,18.8,10.3,NO_NETWORK,0.95
N000188,2026-06-18 17:21:00,Arunachal Pradesh,West Kameng,27.3025,92.5321,Jio,3G,34,-106,1.52,0.41,331,26.0,14.3,POOR,0.96
N000189,2026-06-18 17:24:00,Arunachal Pradesh,Papum Pare,26.9709,93.6559,Jio,5G,97,-67,75.6,28.0,29,1.3,0.7,GOOD,0.96
N000190,2026-06-18 17:27:00,Arunachal Pradesh,East Siang,27.9431,95.4695,BSNL,4G,100,-70,116.2,20.3,31,1.0,0.6,GOOD,0.93
N000191,2026-06-18 17:30:00,Arunachal Pradesh,Lower Subansiri,27.5331,93.8882,BSNL,3G,69,-78,10.4,2.5,119,2.2,1.2,POOR,0.93
N000192,2026-06-18 17:33:00,Assam,Kamrup Metropolitan,26.0113,91.6937,Airtel,5G,99,-71,117.0,22.3,37,1.3,0.7,GOOD,0.9
N000193,2026-06-18 17:36:00,Assam,Kamrup Rural,26.2048,91.6498,BSNL,4G,99,-52,49.0,34.4,36,0.7,0.4,GOOD,0.92
N000194,2026-06-18 17:39:00,Assam,Darrang,26.4168,92.0859,BSNL,4G,98,-65,58.1,37.3,21,0.8,0.4,GOOD,0.96
N000195,2026-06-18 17:42:00,Assam,Sonitpur,26.6221,92.7188,BSNL,4G,95,-65,55.2,28.2,21,1.4,0.8,GOOD,0.92
N000196,2026-06-18 17:45:00,Assam,Dibrugarh,27.4624,94.8483,BSNL,4G,97,-52,39.6,35.5,28,0.6,0.3,GOOD,0.88
N000197,2026-06-18 17:48:00,Assam,Cachar,24.787,92.8052,Jio,4G,98,-75,33.1,12.9,36,0.2,0.1,GOOD,0.9
N000198,2026-06-18 17:51:00,Assam,Nagaon,26.3323,92.6246,Airtel,4G,98,-57,91.3,22.8,33,0.3,0.2,GOOD,0.95
N000199,2026-06-18 17:54:00,Meghalaya,East Khasi Hills,25.5432,91.851,BSNL,2G,71,-91,6.1,4.3,113,6.1,3.4,POOR,0.98
N000200,2026-06-18 17:57:00,Meghalaya,West Khasi Hills,25.6534,91.3075,Airtel,4G,78,-80,13.6,1.9,89,3.8,2.1,OK,0.92
N000201,2026-06-18 18:00:00,Meghalaya,Ri-Bhoi,25.9835,92.0221,Airtel,5G,92,-75,71.9,27.4,37,0.7,0.4,GOOD,0.9
N000202,2026-06-18 18:03:00,Meghalaya,West Jaintia Hills,25.5712,92.1359,Airtel,3G,83,-85,5.0,2.3,124,5.6,3.1,POOR,0.85
N000203,2026-06-18 18:06:00,Sikkim,East Sikkim,27.2546,88.5135,Airtel,2G,71,-81,15.4,4.1,97,5.0,2.8,POOR,0.89
N000204,2026-06-18 18:09:00,Sikkim,North Sikkim,27.5478,88.6515,Jio,NO_SERVICE,16,-103,0.88,0.06,341,14.0,7.7,NO_NETWORK,0.93
N000205,2026-06-18 18:12:00,Sikkim,South Sikkim,27.0318,88.4366,BSNL,3G,70,-87,10.6,4.6,71,1.9,1.0,POOR,0.89
N000206,2026-06-18 18:15:00,Nagaland,Kohima,25.5521,94.0471,Jio,2G,81,-78,14.6,3.2,107,4.7,2.6,POOR,0.87
N000207,2026-06-18 18:18:00,Nagaland,Dimapur,25.9928,93.8404,Airtel,5G,98,-76,122.5,20.4,39,0.9,0.5,GOOD,0.91
N000208,2026-06-18 18:21:00,Nagaland,Mokokchung,26.4241,94.4471,Jio,3G,68,-78,7.6,1.7,72,2.2,1.2,POOR,0.94
N000209,2026-06-18 18:24:00,Manipur,Imphal West,24.7555,94.0479,Airtel,4G,69,-89,4.0,2.6,135,4.0,2.2,OK,0.97
N000210,2026-06-18 18:27:00,Manipur,Bishnupur,24.5246,93.9045,Airtel,3G,73,-98,14.0,2.8,132,6.5,3.6,POOR,0.93
N000211,2026-06-18 18:30:00,Manipur,Senapati,25.2292,94.1137,Airtel,2G,68,-81,13.6,3.5,83,2.4,1.3,POOR,0.97
N000212,2026-06-18 18:33:00,Mizoram,Aizawl,23.5813,92.7286,Jio,4G,72,-94,4.5,2.7,108,4.2,2.3,OK,0.98
N000213,2026-06-18 18:36:00,Mizoram,Kolasib,24.1486,92.6443,Jio,4G,100,-57,28.2,33.5,38,1.0,0.6,GOOD,0.9
N000214,2026-06-18 18:39:00,Mizoram,Lunglei,22.8001,92.5975,Jio,3G,86,-81,5.2,2.1,117,5.1,2.8,POOR,0.87
N000215,2026-06-18 18:42:00,Tripura,West Tripura,23.8645,91.3311,Airtel,5G,98,-59,116.1,31.6,22,0.2,0.1,GOOD,0.96
N000216,2026-06-18 18:45:00,Tripura,Sipahijala,23.5757,91.2845,BSNL,4G,98,-76,112.7,28.9,26,0.7,0.4,GOOD,0.88
N000217,2026-06-18 18:48:00,Tripura,Dhalai,23.9988,91.7348,Jio,5G,96,-54,68.4,34.0,42,0.8,0.4,GOOD,0.88
N000218,2026-06-18 18:51:00,Arunachal Pradesh,Tawang,27.5722,91.9105,Jio,NO_SERVICE,44,-115,1.02,0.51,426,19.6,10.8,NO_NETWORK,0.89
N000219,2026-06-18 18:54:00,Arunachal Pradesh,West Kameng,27.2907,92.4839,Airtel,3G,38,-101,0.68,0.51,365,29.0,16.0,POOR,0.93
N000220,2026-06-18 18:57:00,Arunachal Pradesh,Papum Pare,27.0972,93.589,Airtel,5G,94,-69,128.8,16.8,47,0.3,0.2,GOOD,0.9
N000221,2026-06-18 19:00:00,Arunachal Pradesh,East Siang,28.049,95.4612,Airtel,4G,93,-64,32.1,15.4,43,0.2,0.1,GOOD,0.89
N000222,2026-06-18 19:03:00,Arunachal Pradesh,Lower Subansiri,27.5102,93.9505,BSNL,2G,82,-98,9.5,2.6,125,5.0,2.8,POOR,0.96
N000223,2026-06-18 19:06:00,Assam,Kamrup Metropolitan,26.0514,91.6228,Jio,5G,93,-53,91.2,36.9,35,0.4,0.2,GOOD,0.94
N000224,2026-06-18 19:09:00,Assam,Kamrup Rural,26.0986,91.6038,BSNL,5G,97,-68,91.9,11.9,39,1.3,0.7,GOOD,0.96
N000225,2026-06-18 19:12:00,Assam,Darrang,26.5986,92.1171,BSNL,5G,95,-57,29.0,13.3,19,0.2,0.1,GOOD,0.92
N000226,2026-06-18 19:15:00,Assam,Sonitpur,26.5459,92.7074,BSNL,5G,97,-52,44.3,16.5,20,1.1,0.6,GOOD,0.91
N000227,2026-06-18 19:18:00,Assam,Dibrugarh,27.5594,94.9408,Jio,4G,99,-63,122.1,15.1,21,0.3,0.2,GOOD,0.9
N000228,2026-06-18 19:21:00,Assam,Cachar,24.7223,92.7041,Jio,5G,95,-54,126.0,26.0,21,0.2,0.1,GOOD,0.97
N000229,2026-06-18 19:24:00,Assam,Nagaon,26.2347,92.6415,BSNL,4G,94,-58,44.3,17.7,23,1.0,0.6,GOOD,0.89
N000230,2026-06-18 19:27:00,Meghalaya,East Khasi Hills,25.4811,91.759,Jio,4G,78,-86,15.1,4.6,109,4.5,2.5,OK,0.87
N000231,2026-06-18 19:30:00,Meghalaya,West Khasi Hills,25.3791,91.2445,Airtel,4G,83,-97,9.9,2.7,100,5.7,3.1,OK,0.9
N000232,2026-06-18 19:33:00,Meghalaya,Ri-Bhoi,25.9012,92.0136,BSNL,5G,100,-53,45.1,35.5,28,1.0,0.6,GOOD,0.87
N000233,2026-06-18 19:36:00,Meghalaya,West Jaintia Hills,25.4977,92.1405,Airtel,4G,68,-96,12.5,1.8,109,3.6,2.0,OK,0.86
N000234,2026-06-18 19:39:00,Sikkim,East Sikkim,27.3326,88.577,Jio,4G,70,-82,4.7,3.6,135,3.7,2.0,OK,0.96
N000235,2026-06-18 19:42:00,Sikkim,North Sikkim,27.4831,88.6698,Jio,3G,48,-115,0.89,0.07,494,18.0,9.9,POOR,0.92
N000236,2026-06-18 19:45:00,Sikkim,South Sikkim,27.1025,88.3899,Jio,3G,69,-92,15.8,1.8,72,6.0,3.3,POOR,0.94
N000237,2026-06-18 19:48:00,Nagaland,Kohima,25.7043,94.0471,Jio,3G,88,-97,6.7,2.6,112,4.5,2.5,POOR,0.89
N000238,2026-06-18 19:51:00,Nagaland,Dimapur,25.9673,93.8333,Airtel,4G,94,-53,108.5,24.8,38,1.1,0.6,GOOD,0.87
N000239,2026-06-18 19:54:00,Nagaland,Mokokchung,26.4346,94.499,Airtel,2G,87,-90,9.2,3.4,143,4.3,2.4,POOR,0.96
N000240,2026-06-18 19:57:00,Manipur,Imphal West,24.803,93.9116,Airtel,5G,99,-53,42.6,11.8,25,0.7,0.4,GOOD,0.87
N000241,2026-06-18 20:00:00,Manipur,Bishnupur,24.5589,93.9006,Jio,5G,99,-64,37.4,39.1,33,0.3,0.2,GOOD,0.91
N000242,2026-06-18 20:03:00,Manipur,Senapati,25.3595,93.888,Airtel,4G,67,-89,4.5,1.8,85,2.3,1.3,OK,0.92
N000243,2026-06-18 20:06:00,Mizoram,Aizawl,23.6161,92.5856,Airtel,2G,70,-92,4.2,4.2,139,2.2,1.2,POOR,0.94
N000244,2026-06-18 20:09:00,Mizoram,Kolasib,24.1932,92.7921,BSNL,5G,95,-58,82.7,36.5,26,1.2,0.7,GOOD,0.95
N000245,2026-06-18 20:12:00,Mizoram,Lunglei,22.9463,92.8805,Airtel,4G,87,-96,14.6,3.5,94,2.1,1.2,OK,0.96
N000246,2026-06-18 20:15:00,Tripura,West Tripura,23.8337,91.1832,Airtel,5G,99,-58,42.6,26.9,33,1.2,0.7,GOOD,0.92
N000247,2026-06-18 20:18:00,Tripura,Sipahijala,23.7386,91.2723,Jio,5G,92,-70,58.9,37.2,34,0.7,0.4,GOOD,0.9
N000248,2026-06-18 20:21:00,Tripura,Dhalai,23.8287,91.8683,Airtel,5G,99,-76,111.0,33.4,37,0.7,0.4,GOOD,0.87
N000249,2026-06-18 20:24:00,Arunachal Pradesh,Tawang,27.6289,91.7173,Jio,NO_SERVICE,44,-114,0.95,0.22,511,18.4,10.1,NO_NETWORK,0.98
N000250,2026-06-18 20:27:00,Arunachal Pradesh,West Kameng,27.1232,92.3479,BSNL,3G,27,-113,1.65,0.19,477,31.1,17.1,POOR,0.88
N000251,2026-06-18 20:30:00,Arunachal Pradesh,Papum Pare,26.9522,93.7276,BSNL,4G,96,-56,53.5,31.2,28,1.2,0.7,GOOD,0.87
N000252,2026-06-18 20:33:00,Arunachal Pradesh,East Siang,28.1383,95.4675,BSNL,4G,96,-68,124.4,31.1,24,0.4,0.2,GOOD,0.86
N000253,2026-06-18 20:36:00,Arunachal Pradesh,Lower Subansiri,27.5259,93.7823,Jio,2G,85,-81,10.1,2.6,107,6.1,3.4,POOR,0.85
N000254,2026-06-18 20:39:00,Assam,Kamrup Metropolitan,26.2769,91.7651,BSNL,5G,93,-56,73.3,41.9,46,0.8,0.4,GOOD,0.91
N000255,2026-06-18 20:42:00,Assam,Kamrup Rural,26.2204,91.6142,BSNL,4G,93,-69,62.6,36.6,43,1.1,0.6,GOOD,0.95
N000256,2026-06-18 20:45:00,Assam,Darrang,26.4841,92.0053,Jio,4G,98,-55,99.2,27.5,32,1.0,0.6,GOOD,0.96
N000257,2026-06-18 20:48:00,Assam,Sonitpur,26.6128,92.7276,Jio,4G,99,-61,127.3,19.9,48,0.8,0.4,GOOD,0.98
N000258,2026-06-18 20:51:00,Assam,Dibrugarh,27.4153,94.8282,Airtel,4G,100,-63,50.9,15.3,26,0.7,0.4,GOOD,0.86
N000259,2026-06-18 20:54:00,Assam,Cachar,24.9669,92.8591,BSNL,5G,93,-76,108.9,14.0,37,0.8,0.4,GOOD,0.96
N000260,2026-06-18 20:57:00,Assam,Nagaon,26.1975,92.7581,Jio,4G,96,-52,71.0,34.4,24,0.2,0.1,GOOD,0.92
N000261,2026-06-18 21:00:00,Meghalaya,East Khasi Hills,25.4978,91.9109,Airtel,2G,86,-87,12.1,2.7,143,2.3,1.3,POOR,0.93
N000262,2026-06-18 21:03:00,Meghalaya,West Khasi Hills,25.6185,91.1227,Jio,4G,73,-78,14.8,2.5,141,5.0,2.8,OK,0.89
N000263,2026-06-18 21:06:00,Meghalaya,Ri-Bhoi,25.8439,91.8588,BSNL,5G,92,-69,66.8,40.5,20,1.2,0.7,GOOD,0.97
N000264,2026-06-18 21:09:00,Meghalaya,West Jaintia Hills,25.3346,92.0563,Airtel,4G,85,-83,7.3,3.2,102,2.6,1.4,OK,0.89
N000265,2026-06-18 21:12:00,Sikkim,East Sikkim,27.3269,88.6634,Jio,3G,68,-84,11.2,1.4,102,5.7,3.1,POOR,0.91
N000266,2026-06-18 21:15:00,Sikkim,North Sikkim,27.423,88.5767,Airtel,3G,16,-97,1.39,0.29,418,20.1,11.1,POOR,0.94
N000267,2026-06-18 21:18:00,Sikkim,South Sikkim,27.2437,88.2665,BSNL,4G,88,-93,7.3,2.0,142,6.2,3.4,OK,0.94
N000268,2026-06-18 21:21:00,Nagaland,Kohima,25.5593,94.1116,Jio,4G,71,-91,6.7,4.6,117,5.3,2.9,OK,0.9
N000269,2026-06-18 21:24:00,Nagaland,Dimapur,26.0443,93.7711,Jio,5G,95,-72,46.7,22.7,25,0.6,0.3,GOOD,0.87
N000270,2026-06-18 21:27:00,Nagaland,Mokokchung,26.2342,94.5507,BSNL,3G,81,-81,13.5,3.7,128,5.6,3.1,POOR,0.91
N000271,2026-06-18 21:30:00,Manipur,Imphal West,24.9524,93.9752,Airtel,5G,95,-67,122.2,41.9,45,0.3,0.2,GOOD,0.92
N000272,2026-06-18 21:33:00,Manipur,Bishnupur,24.6171,93.8917,BSNL,4G,99,-72,114.3,33.3,41,0.9,0.5,GOOD,0.89
N000273,2026-06-18 21:36:00,Manipur,Senapati,25.207,94.1513,Jio,3G,88,-87,6.6,3.5,85,4.2,2.3,POOR,0.85
N000274,2026-06-18 21:39:00,Mizoram,Aizawl,23.7098,92.6584,Airtel,3G,78,-83,15.2,2.7,112,5.1,2.8,POOR,0.97
N000275,2026-06-18 21:42:00,Mizoram,Kolasib,24.0923,92.6685,Jio,5G,98,-63,80.8,28.6,41,0.5,0.3,GOOD,0.89
N000276,2026-06-18 21:45:00,Mizoram,Lunglei,22.753,92.8493,Airtel,2G,77,-92,11.0,1.2,145,6.3,3.5,POOR,0.85
N000277,2026-06-18 21:48:00,Tripura,West Tripura,23.7968,91.3109,Airtel,4G,93,-71,94.4,27.7,41,0.3,0.2,GOOD,0.85
N000278,2026-06-18 21:51:00,Tripura,Sipahijala,23.7577,91.3335,Airtel,5G,92,-54,110.7,40.9,38,0.9,0.5,GOOD,0.91
N000279,2026-06-18 21:54:00,Tripura,Dhalai,23.7453,91.7186,Airtel,5G,98,-59,96.0,22.5,19,0.2,0.1,GOOD,0.96
N000280,2026-06-18 21:57:00,Arunachal Pradesh,Tawang,27.7308,91.7347,Airtel,3G,30,-112,1.7,0.46,540,26.2,14.4,POOR,0.98
N000281,2026-06-18 22:00:00,Arunachal Pradesh,West Kameng,27.2458,92.3977,BSNL,NO_SERVICE,36,-97,1.7,0.02,504,27.4,15.1,NO_NETWORK,0.86
N000282,2026-06-18 22:03:00,Arunachal Pradesh,Papum Pare,27.2258,93.5828,Jio,5G,99,-67,120.6,17.0,19,0.4,0.2,GOOD,0.87
N000283,2026-06-18 22:06:00,Arunachal Pradesh,East Siang,28.1528,95.3702,BSNL,4G,99,-58,112.8,11.1,25,0.3,0.2,GOOD,0.98
N000284,2026-06-18 22:09:00,Arunachal Pradesh,Lower Subansiri,27.516,93.7556,Jio,3G,72,-85,13.9,2.1,117,5.7,3.1,POOR,0.97
N000285,2026-06-18 22:12:00,Assam,Kamrup Metropolitan,26.2565,91.6862,Airtel,5G,97,-69,43.0,38.7,43,0.2,0.1,GOOD,0.93
N000286,2026-06-18 22:15:00,Assam,Kamrup Rural,26.1281,91.6088,BSNL,5G,93,-73,115.0,14.8,35,0.8,0.4,GOOD,0.88
N000287,2026-06-18 22:18:00,Assam,Darrang,26.5834,91.9739,BSNL,4G,92,-74,43.8,11.8,18,0.6,0.3,GOOD,0.93
N000288,2026-06-18 22:21:00,Assam,Sonitpur,26.5221,92.8534,Airtel,4G,98,-62,96.1,32.4,30,0.3,0.2,GOOD,0.98
N000289,2026-06-18 22:24:00,Assam,Dibrugarh,27.3508,94.9631,Airtel,5G,96,-58,74.8,33.4,40,1.4,0.8,GOOD,0.9
N000290,2026-06-18 22:27:00,Assam,Cachar,24.7374,92.6932,BSNL,4G,96,-53,48.1,35.1,30,1.1,0.6,GOOD,0.96
N000291,2026-06-18 22:30:00,Assam,Nagaon,26.2365,92.5571,Jio,5G,97,-57,54.4,36.7,48,1.2,0.7,GOOD,0.91
N000292,2026-06-18 22:33:00,Meghalaya,East Khasi Hills,25.5907,91.9649,Airtel,4G,66,-98,6.7,1.2,123,2.3,1.3,OK,0.94
N000293,2026-06-18 22:36:00,Meghalaya,West Khasi Hills,25.5899,91.1493,Airtel,4G,85,-89,6.1,2.1,70,6.4,3.5,OK,0.97
N000294,2026-06-18 22:39:00,Meghalaya,Ri-Bhoi,25.9579,91.9174,BSNL,5G,96,-58,29.2,9.1,20,0.3,0.2,GOOD,0.89
N000295,2026-06-18 22:42:00,Meghalaya,West Jaintia Hills,25.4233,92.2529,Airtel,3G,68,-82,10.4,4.0,102,2.3,1.3,POOR,0.9
N000296,2026-06-18 22:45:00,Sikkim,East Sikkim,27.4146,88.6916,Jio,3G,72,-78,9.4,3.1,145,3.0,1.7,POOR,0.94
N000297,2026-06-18 22:48:00,Sikkim,North Sikkim,27.5926,88.5407,BSNL,3G,27,-100,1.38,0.27,508,15.5,8.5,POOR,0.88
N000298,2026-06-18 22:51:00,Sikkim,South Sikkim,27.1911,88.3322,Airtel,3G,88,-87,7.2,4.0,81,2.5,1.4,POOR,0.92
N000299,2026-06-18 22:54:00,Nagaland,Kohima,25.6833,94.2485,BSNL,3G,89,-84,15.1,2.7,72,4.7,2.6,POOR,0.89
N000300,2026-06-18 22:57:00,Nagaland,Dimapur,26.0187,93.5932,BSNL,5G,93,-58,93.9,21.6,37,0.4,0.2,GOOD,0.92
N000301,2026-06-18 23:00:00,Nagaland,Mokokchung,26.2058,94.6238,Jio,4G,68,-89,10.5,4.5,144,5.7,3.1,OK,0.89
N000302,2026-06-18 23:03:00,Manipur,Imphal West,24.7151,93.9216,Airtel,4G,98,-60,62.2,9.3,26,0.6,0.3,GOOD,0.9
N000303,2026-06-18 23:06:00,Manipur,Bishnupur,24.7663,93.6811,BSNL,4G,97,-57,120.4,33.6,46,0.8,0.4,GOOD,0.91
N000304,2026-06-18 23:09:00,Manipur,Senapati,25.2345,93.9789,Jio,3G,78,-87,15.0,4.1,85,3.0,1.7,POOR,0.85
N000305,2026-06-18 23:12:00,Mizoram,Aizawl,23.6896,92.5761,Airtel,2G,69,-88,6.1,1.3,102,1.9,1.0,POOR,0.86
N000306,2026-06-18 23:15:00,Mizoram,Kolasib,24.1706,92.5738,Airtel,4G,94,-63,88.5,35.7,23,0.1,0.1,GOOD,0.87
N000307,2026-06-18 23:18:00,Mizoram,Lunglei,22.9388,92.6316,Airtel,3G,89,-94,6.2,3.4,93,3.0,1.7,POOR,0.87
N000308,2026-06-18 23:21:00,Tripura,West Tripura,23.9533,91.1425,BSNL,5G,93,-67,96.7,27.1,29,0.7,0.4,GOOD,0.94
N000309,2026-06-18 23:24:00,Tripura,Sipahijala,23.7032,91.3203,Jio,5G,93,-67,96.3,16.9,32,0.3,0.2,GOOD,0.86
N000310,2026-06-18 23:27:00,Tripura,Dhalai,23.7366,91.7715,BSNL,4G,97,-69,78.3,30.0,30,1.1,0.6,GOOD,0.92
N000311,2026-06-18 23:30:00,Arunachal Pradesh,Tawang,27.4694,91.9809,Jio,NO_SERVICE,46,-97,0.93,0.51,504,17.8,9.8,NO_NETWORK,0.96
N000312,2026-06-18 23:33:00,Arunachal Pradesh,West Kameng,27.287,92.4815,BSNL,NO_SERVICE,35,-110,0.96,0.52,483,19.8,10.9,NO_NETWORK,0.95
N000313,2026-06-18 23:36:00,Arunachal Pradesh,Papum Pare,27.0226,93.5916,BSNL,4G,97,-73,55.6,41.0,25,0.6,0.3,GOOD,0.86
N000314,2026-06-18 23:39:00,Arunachal Pradesh,East Siang,28.0242,95.462,Airtel,4G,96,-72,52.0,41.5,34,0.5,0.3,GOOD,0.95
N000315,2026-06-18 23:42:00,Arunachal Pradesh,Lower Subansiri,27.5662,93.7971,BSNL,4G,73,-85,11.8,4.7,103,3.2,1.8,OK,0.87
N000316,2026-06-18 23:45:00,Assam,Kamrup Metropolitan,26.1065,91.8104,BSNL,5G,98,-58,87.1,17.2,33,0.5,0.3,GOOD,0.91
N000317,2026-06-18 23:48:00,Assam,Kamrup Rural,26.2549,91.6005,BSNL,5G,97,-73,125.5,40.6,34,0.8,0.4,GOOD,0.96
N000318,2026-06-18 23:51:00,Assam,Darrang,26.342,91.9867,Airtel,4G,96,-60,61.9,20.5,38,0.5,0.3,GOOD,0.94
N000319,2026-06-18 23:54:00,Assam,Sonitpur,26.7175,92.782,BSNL,5G,98,-57,63.1,24.9,45,1.2,0.7,GOOD,0.88
N000320,2026-06-18 23:57:00,Assam,Dibrugarh,27.3633,94.9768,Jio,5G,100,-57,64.1,37.4,35,0.4,0.2,GOOD,0.89
N000321,2026-06-19 00:00:00,Assam,Cachar,24.6964,92.6887,Jio,5G,95,-60,56.2,42.0,23,0.7,0.4,GOOD,0.9
N000322,2026-06-19 00:03:00,Assam,Nagaon,26.3147,92.7786,BSNL,4G,92,-55,40.7,18.1,46,1.3,0.7,GOOD,0.89
N000323,2026-06-19 00:06:00,Meghalaya,East Khasi Hills,25.4861,91.8504,Airtel,2G,78,-92,10.9,2.6,93,3.2,1.8,POOR,0.87
N000324,2026-06-19 00:09:00,Meghalaya,West Khasi Hills,25.442,91.3498,Airtel,4G,73,-98,8.1,4.1,131,2.0,1.1,OK,0.93
N000325,2026-06-19 00:12:00,Meghalaya,Ri-Bhoi,26.0184,91.846,BSNL,4G,92,-64,68.3,15.2,27,0.9,0.5,GOOD,0.88
N000326,2026-06-19 00:15:00,Meghalaya,West Jaintia Hills,25.5773,92.2058,BSNL,3G,78,-85,14.9,1.9,142,2.4,1.3,POOR,0.9
N000327,2026-06-19 00:18:00,Sikkim,East Sikkim,27.3181,88.755,Airtel,3G,80,-88,9.4,1.9,138,2.0,1.1,POOR,0.9
N000328,2026-06-19 00:21:00,Sikkim,North Sikkim,27.374,88.5983,BSNL,NO_SERVICE,41,-109,1.8,0.48,418,15.5,8.5,NO_NETWORK,0.98
N000329,2026-06-19 00:24:00,Sikkim,South Sikkim,27.07,88.3332,Airtel,4G,86,-94,4.9,1.4,80,2.4,1.3,OK,0.98
N000330,2026-06-19 00:27:00,Nagaland,Kohima,25.6309,94.258,Airtel,4G,80,-81,9.7,4.7,135,1.9,1.0,OK,0.85
N000331,2026-06-19 00:30:00,Nagaland,Dimapur,25.774,93.7789,Jio,4G,100,-59,37.6,27.9,30,0.8,0.4,GOOD,0.97
N000332,2026-06-19 00:33:00,Nagaland,Mokokchung,26.3788,94.6558,Airtel,2G,77,-85,15.3,3.1,129,3.2,1.8,POOR,0.88
N000333,2026-06-19 00:36:00,Manipur,Imphal West,24.7985,93.8247,Airtel,5G,97,-63,31.3,26.9,25,1.3,0.7,GOOD,0.86
N000334,2026-06-19 00:39:00,Manipur,Bishnupur,24.5973,93.7847,Airtel,4G,96,-72,89.8,10.5,45,1.3,0.7,GOOD,0.86
N000335,2026-06-19 00:42:00,Manipur,Senapati,25.2213,93.9932,Jio,4G,72,-79,7.4,4.9,131,4.6,2.5,OK,0.88
N000336,2026-06-19 00:45:00,Mizoram,Aizawl,23.6965,92.7625,BSNL,4G,74,-82,7.0,2.4,92,5.8,3.2,OK,0.87
N000337,2026-06-19 00:48:00,Mizoram,Kolasib,24.1258,92.6853,Jio,5G,97,-74,106.6,31.0,29,0.8,0.4,GOOD,0.92
N000338,2026-06-19 00:51:00,Mizoram,Lunglei,22.8081,92.7239,Airtel,4G,71,-97,6.2,2.1,85,1.9,1.0,OK,0.97
N000339,2026-06-19 00:54:00,Tripura,West Tripura,23.8289,91.1736,BSNL,5G,100,-64,125.9,37.4,19,1.2,0.7,GOOD,0.91
N000340,2026-06-19 00:57:00,Tripura,Sipahijala,23.699,91.4612,BSNL,4G,97,-66,65.1,10.6,21,0.9,0.5,GOOD,0.86
N000341,2026-06-19 01:00:00,Tripura,Dhalai,23.7959,91.8042,BSNL,4G,98,-55,123.4,12.0,23,0.6,0.3,GOOD,0.9
N000342,2026-06-19 01:03:00,Arunachal Pradesh,Tawang,27.5261,91.7567,Jio,NO_SERVICE,41,-108,0.89,0.46,321,28.9,15.9,NO_NETWORK,0.93
N000343,2026-06-19 01:06:00,Arunachal Pradesh,West Kameng,27.3526,92.4185,BSNL,2G,16,-113,0.9,0.03,411,25.6,14.1,POOR,0.9
N000344,2026-06-19 01:09:00,Arunachal Pradesh,Papum Pare,27.0214,93.6148,Jio,5G,97,-70,95.0,24.7,45,1.3,0.7,GOOD,0.92
N000345,2026-06-19 01:12:00,Arunachal Pradesh,East Siang,28.1571,95.3415,Jio,4G,94,-68,65.9,25.2,41,0.4,0.2,GOOD,0.91
N000346,2026-06-19 01:15:00,Arunachal Pradesh,Lower Subansiri,27.5194,93.8951,BSNL,4G,76,-98,13.3,2.9,110,3.7,2.0,OK,0.9
N000347,2026-06-19 01:18:00,Assam,Kamrup Metropolitan,26.2415,91.6083,Airtel,4G,96,-70,47.5,19.1,35,0.9,0.5,GOOD,0.93
N000348,2026-06-19 01:21:00,Assam,Kamrup Rural,26.239,91.5154,Airtel,5G,94,-76,53.6,9.7,43,0.2,0.1,GOOD,0.87
N000349,2026-06-19 01:24:00,Assam,Darrang,26.4783,92.1113,Jio,4G,98,-76,126.1,41.7,22,0.6,0.3,GOOD,0.93
N000350,2026-06-19 01:27:00,Assam,Sonitpur,26.5004,92.6798,Jio,4G,96,-67,39.3,13.3,34,0.5,0.3,GOOD,0.89
N000351,2026-06-19 01:30:00,Assam,Dibrugarh,27.6032,94.8296,Airtel,4G,94,-53,129.6,25.0,42,1.3,0.7,GOOD,0.93
N000352,2026-06-19 01:33:00,Assam,Cachar,24.707,92.6878,Airtel,4G,96,-75,128.2,24.6,41,0.8,0.4,GOOD,0.97
N000353,2026-06-19 01:36:00,Assam,Nagaon,26.3795,92.562,Airtel,5G,99,-63,39.3,11.3,31,0.8,0.4,GOOD,0.89
N000354,2026-06-19 01:39:00,Meghalaya,East Khasi Hills,25.4751,91.9409,BSNL,2G,85,-82,13.0,3.4,74,4.8,2.6,POOR,0.9
N000355,2026-06-19 01:42:00,Meghalaya,West Khasi Hills,25.6372,91.1224,Airtel,2G,87,-82,13.7,2.9,141,3.3,1.8,POOR,0.89
N000356,2026-06-19 01:45:00,Meghalaya,Ri-Bhoi,25.9424,91.903,BSNL,4G,99,-76,52.4,34.2,24,1.3,0.7,GOOD,0.93
N000357,2026-06-19 01:48:00,Meghalaya,West Jaintia Hills,25.4854,92.0591,BSNL,3G,72,-97,14.3,3.2,100,5.8,3.2,POOR,0.97
N000358,2026-06-19 01:51:00,Sikkim,East Sikkim,27.4759,88.6014,BSNL,3G,80,-94,4.7,3.5,145,4.9,2.7,POOR,0.89
N000359,2026-06-19 01:54:00,Sikkim,North Sikkim,27.4861,88.6066,Jio,NO_SERVICE,33,-109,0.69,0.29,611,21.8,12.0,NO_NETWORK,0.89
N000360,2026-06-19 01:57:00,Sikkim,South Sikkim,27.0812,88.382,Airtel,4G,67,-95,4.2,4.8,112,2.4,1.3,OK,0.87
N000361,2026-06-19 02:00:00,Nagaland,Kohima,25.8215,94.0622,Airtel,2G,67,-82,8.2,4.1,110,6.2,3.4,POOR,0.92
N000362,2026-06-19 02:03:00,Nagaland,Dimapur,25.9253,93.6732,Airtel,5G,100,-63,81.7,21.7,34,1.0,0.6,GOOD,0.98
N000363,2026-06-19 02:06:00,Nagaland,Mokokchung,26.2173,94.3852,Airtel,4G,76,-91,5.2,2.1,139,3.3,1.8,OK,0.87
N000364,2026-06-19 02:09:00,Manipur,Imphal West,24.9558,94.0575,Jio,2G,83,-90,12.2,2.3,122,1.9,1.0,POOR,0.86
N000365,2026-06-19 02:12:00,Manipur,Bishnupur,24.5762,93.8434,Jio,5G,93,-75,129.4,30.6,44,0.3,0.2,GOOD,0.91
N000366,2026-06-19 02:15:00,Manipur,Senapati,25.3737,94.0092,Jio,4G,81,-97,5.2,1.5,88,6.3,3.5,OK,0.91
N000367,2026-06-19 02:18:00,Mizoram,Aizawl,23.8671,92.6321,Jio,3G,86,-88,7.3,4.4,112,5.9,3.2,POOR,0.87
N000368,2026-06-19 02:21:00,Mizoram,Kolasib,24.2493,92.7829,Jio,5G,95,-52,28.5,22.4,40,1.4,0.8,GOOD,0.96
N000369,2026-06-19 02:24:00,Mizoram,Lunglei,22.9842,92.7193,Jio,3G,79,-87,10.4,4.8,112,5.3,2.9,POOR,0.86
N000370,2026-06-19 02:27:00,Tripura,West Tripura,23.8025,91.1504,Jio,4G,93,-66,108.6,13.8,35,0.6,0.3,GOOD,0.87
N000371,2026-06-19 02:30:00,Tripura,Sipahijala,23.651,91.1841,Airtel,4G,93,-75,77.0,12.1,48,0.7,0.4,GOOD,0.96
N000372,2026-06-19 02:33:00,Tripura,Dhalai,23.9476,91.887,Airtel,5G,96,-57,61.7,40.2,36,0.6,0.3,GOOD,0.95
N000373,2026-06-19 02:36:00,Arunachal Pradesh,Tawang,27.5543,91.9479,Airtel,NO_SERVICE,33,-106,1.58,0.06,658,14.3,7.9,NO_NETWORK,0.89
N000374,2026-06-19 02:39:00,Arunachal Pradesh,West Kameng,27.1578,92.4466,Airtel,2G,35,-99,1.31,0.31,326,26.0,14.3,POOR,0.93
N000375,2026-06-19 02:42:00,Arunachal Pradesh,Papum Pare,26.9915,93.5665,Airtel,5G,99,-52,105.6,22.1,21,1.0,0.6,GOOD,0.93
N000376,2026-06-19 02:45:00,Arunachal Pradesh,East Siang,28.1839,95.2179,BSNL,4G,100,-58,108.9,23.1,41,0.8,0.4,GOOD,0.86
N000377,2026-06-19 02:48:00,Arunachal Pradesh,Lower Subansiri,27.6972,93.9018,Airtel,4G,80,-81,4.3,4.4,131,4.0,2.2,OK,0.95
N000378,2026-06-19 02:51:00,Assam,Kamrup Metropolitan,26.1474,91.7332,Jio,4G,93,-68,71.1,25.0,31,1.2,0.7,GOOD,0.91
N000379,2026-06-19 02:54:00,Assam,Kamrup Rural,26.1455,91.6141,Airtel,4G,99,-63,110.8,27.0,28,0.3,0.2,GOOD,0.91
N000380,2026-06-19 02:57:00,Assam,Darrang,26.5196,92.0874,Airtel,5G,100,-70,129.3,36.4,22,1.0,0.6,GOOD,0.9
N000381,2026-06-19 03:00:00,Assam,Sonitpur,26.6805,92.9342,BSNL,4G,93,-75,116.7,20.1,47,0.5,0.3,GOOD,0.94
N000382,2026-06-19 03:03:00,Assam,Dibrugarh,27.4979,94.8132,BSNL,4G,98,-76,80.4,28.3,28,0.2,0.1,GOOD,0.92
N000383,2026-06-19 03:06:00,Assam,Cachar,24.7974,92.8754,BSNL,5G,98,-74,97.2,34.4,33,1.4,0.8,GOOD,0.92
N000384,2026-06-19 03:09:00,Assam,Nagaon,26.2282,92.5397,Airtel,4G,92,-60,85.1,19.6,40,0.4,0.2,GOOD,0.97
N000385,2026-06-19 03:12:00,Meghalaya,East Khasi Hills,25.49,91.8938,Jio,3G,79,-87,11.9,3.8,113,4.5,2.5,POOR,0.89
N000386,2026-06-19 03:15:00,Meghalaya,West Khasi Hills,25.5808,91.1287,Airtel,4G,71,-95,13.1,2.3,88,5.0,2.8,OK,0.92
N000387,2026-06-19 03:18:00,Meghalaya,Ri-Bhoi,26.0494,91.8735,BSNL,4G,97,-58,75.1,40.9,44,1.3,0.7,GOOD,0.93
N000388,2026-06-19 03:21:00,Meghalaya,West Jaintia Hills,25.5736,92.1527,Jio,3G,66,-98,5.3,3.3,102,3.4,1.9,POOR,0.93
N000389,2026-06-19 03:24:00,Sikkim,East Sikkim,27.3931,88.6976,Airtel,2G,85,-90,15.3,1.9,131,5.4,3.0,POOR,0.96
N000390,2026-06-19 03:27:00,Sikkim,North Sikkim,27.424,88.5674,BSNL,3G,27,-94,0.08,0.32,471,27.1,14.9,POOR,0.9
N000391,2026-06-19 03:30:00,Sikkim,South Sikkim,27.2514,88.4115,Airtel,3G,83,-98,8.8,3.9,88,5.3,2.9,POOR,0.9
N000392,2026-06-19 03:33:00,Nagaland,Kohima,25.6297,94.2387,BSNL,4G,76,-94,13.4,3.4,110,2.8,1.5,OK,0.91
N000393,2026-06-19 03:36:00,Nagaland,Dimapur,25.9288,93.7405,Airtel,5G,100,-53,115.4,15.6,40,0.7,0.4,GOOD,0.91
N000394,2026-06-19 03:39:00,Nagaland,Mokokchung,26.4614,94.6114,Airtel,4G,77,-85,9.6,4.9,139,4.8,2.6,OK,0.9
N000395,2026-06-19 03:42:00,Manipur,Imphal West,24.6907,94.064,BSNL,3G,65,-92,6.9,2.4,95,4.0,2.2,POOR,0.88
N000396,2026-06-19 03:45:00,Manipur,Bishnupur,24.543,93.7761,BSNL,4G,89,-82,12.4,2.0,116,4.4,2.4,OK,0.87
N000397,2026-06-19 03:48:00,Manipur,Senapati,25.1428,94.0823,Jio,2G,79,-95,15.1,1.4,139,5.0,2.8,POOR,0.91
N000398,2026-06-19 03:51:00,Mizoram,Aizawl,23.7364,92.759,BSNL,3G,79,-94,12.6,4.1,139,6.2,3.4,POOR,0.91
N000399,2026-06-19 03:54:00,Mizoram,Kolasib,24.2117,92.7344,Airtel,4G,100,-54,107.6,10.0,26,1.1,0.6,GOOD,0.91
N000400,2026-06-19 03:57:00,Mizoram,Lunglei,23.0087,92.7121,Airtel,4G,82,-82,10.7,1.8,92,4.5,2.5,OK,0.92
N000401,2026-06-19 04:00:00,Tripura,West Tripura,23.8767,91.3636,Jio,5G,100,-52,124.0,23.5,19,1.2,0.7,GOOD,0.89
N000402,2026-06-19 04:03:00,Tripura,Sipahijala,23.7574,91.1888,Airtel,4G,94,-55,128.4,18.4,20,0.2,0.1,GOOD,0.97
N000403,2026-06-19 04:06:00,Tripura,Dhalai,23.9551,91.7112,BSNL,5G,93,-72,30.2,16.1,30,0.7,0.4,GOOD,0.96
N000404,2026-06-19 04:09:00,Arunachal Pradesh,Tawang,27.4888,91.9853,Airtel,2G,26,-97,1.8,0.2,661,27.2,15.0,POOR,0.87
N000405,2026-06-19 04:12:00,Arunachal Pradesh,West Kameng,27.3955,92.5545,Airtel,3G,28,-99,0.19,0.52,382,31.0,17.1,POOR,0.86
N000406,2026-06-19 04:15:00,Arunachal Pradesh,Papum Pare,27.0399,93.6474,Jio,5G,99,-76,38.7,36.2,43,0.8,0.4,GOOD,0.88
N000407,2026-06-19 04:18:00,Arunachal Pradesh,East Siang,28.2127,95.339,Airtel,4G,96,-53,63.2,35.1,43,0.8,0.4,GOOD,0.97
N000408,2026-06-19 04:21:00,Arunachal Pradesh,Lower Subansiri,27.5513,93.7619,BSNL,3G,82,-79,13.7,2.7,112,6.5,3.6,POOR,0.86
N000409,2026-06-19 04:24:00,Assam,Kamrup Metropolitan,26.1322,91.6634,Jio,4G,100,-60,97.3,35.1,31,1.0,0.6,GOOD,0.88
N000410,2026-06-19 04:27:00,Assam,Kamrup Rural,26.1235,91.6143,Airtel,5G,94,-70,108.7,22.2,26,0.3,0.2,GOOD,0.89
N000411,2026-06-19 04:30:00,Assam,Darrang,26.5711,92.1291,Jio,4G,99,-68,37.5,32.0,44,1.1,0.6,GOOD,0.95
N000412,2026-06-19 04:33:00,Assam,Sonitpur,26.5124,92.9371,Jio,5G,97,-64,111.1,27.0,46,1.1,0.6,GOOD,0.97
N000413,2026-06-19 04:36:00,Assam,Dibrugarh,27.401,94.8327,Jio,4G,94,-74,55.5,9.8,20,0.7,0.4,GOOD,0.85
N000414,2026-06-19 04:39:00,Assam,Cachar,24.858,92.8008,Airtel,5G,96,-56,99.8,41.7,44,0.8,0.4,GOOD,0.86
N000415,2026-06-19 04:42:00,Assam,Nagaon,26.2138,92.5695,Jio,5G,98,-62,46.2,12.3,36,1.3,0.7,GOOD,0.9
N000416,2026-06-19 04:45:00,Meghalaya,East Khasi Hills,25.7057,92.0096,BSNL,2G,78,-93,12.8,1.6,136,3.1,1.7,POOR,0.87
N000417,2026-06-19 04:48:00,Meghalaya,West Khasi Hills,25.6348,91.1985,Airtel,4G,77,-97,6.3,4.2,73,5.6,3.1,OK,0.97
N000418,2026-06-19 04:51:00,Meghalaya,Ri-Bhoi,25.8935,91.8665,Airtel,4G,95,-68,46.6,20.8,46,1.4,0.8,GOOD,0.85
N000419,2026-06-19 04:54:00,Meghalaya,West Jaintia Hills,25.5738,92.2772,Jio,3G,87,-82,8.7,1.8,138,5.6,3.1,POOR,0.95
N000420,2026-06-19 04:57:00,Sikkim,East Sikkim,27.2631,88.6829,BSNL,3G,89,-93,7.3,5.0,123,6.1,3.4,POOR,0.87
N000421,2026-06-19 05:00:00,Sikkim,North Sikkim,27.5085,88.5085,Jio,3G,19,-109,0.94,0.33,571,14.7,8.1,POOR,0.97
N000422,2026-06-19 05:03:00,Sikkim,South Sikkim,27.1843,88.3516,Jio,3G,69,-86,4.2,2.9,101,5.2,2.9,POOR,0.91
N000423,2026-06-19 05:06:00,Nagaland,Kohima,25.7814,94.0912,BSNL,2G,86,-96,9.2,3.0,101,5.1,2.8,POOR,0.96
N000424,2026-06-19 05:09:00,Nagaland,Dimapur,25.7841,93.7306,Airtel,4G,93,-72,38.1,9.8,38,0.8,0.4,GOOD,0.86
N000425,2026-06-19 05:12:00,Nagaland,Mokokchung,26.2996,94.5392,Airtel,3G,74,-86,11.2,4.3,66,4.1,2.3,POOR,0.87
N000426,2026-06-19 05:15:00,Manipur,Imphal West,24.884,93.9056,Airtel,2G,70,-89,9.5,4.4,93,5.2,2.9,POOR,0.87
N000427,2026-06-19 05:18:00,Manipur,Bishnupur,24.5043,93.7416,Jio,5G,96,-63,95.9,27.8,22,1.2,0.7,GOOD,0.89
N000428,2026-06-19 05:21:00,Manipur,Senapati,25.3904,93.8807,Jio,4G,88,-85,14.6,1.4,68,3.1,1.7,OK,0.92
N000429,2026-06-19 05:24:00,Mizoram,Aizawl,23.6311,92.6082,BSNL,2G,70,-87,7.2,2.2,100,5.5,3.0,POOR,0.97
N000430,2026-06-19 05:27:00,Mizoram,Kolasib,24.1961,92.8279,BSNL,4G,96,-63,69.6,22.0,37,0.7,0.4,GOOD,0.96
N000431,2026-06-19 05:30:00,Mizoram,Lunglei,22.8432,92.6141,Airtel,4G,88,-94,15.0,2.7,95,3.5,1.9,OK,0.97
N000432,2026-06-19 05:33:00,Tripura,West Tripura,23.9396,91.1724,Jio,4G,96,-57,89.0,19.4,30,0.7,0.4,GOOD,0.9
N000433,2026-06-19 05:36:00,Tripura,Sipahijala,23.7786,91.4124,Jio,4G,98,-61,68.5,23.6,26,1.4,0.8,GOOD,0.94
N000434,2026-06-19 05:39:00,Tripura,Dhalai,23.902,91.8633,Airtel,4G,100,-54,38.5,39.3,42,1.4,0.8,GOOD,0.94
N000435,2026-06-19 05:42:00,Arunachal Pradesh,Tawang,27.5743,91.7559,Jio,2G,25,-109,0.54,0.09,376,21.6,11.9,POOR,0.94
N000436,2026-06-19 05:45:00,Arunachal Pradesh,West Kameng,27.1484,92.5087,BSNL,NO_SERVICE,23,-109,1.57,0.17,466,26.4,14.5,NO_NETWORK,0.87
N000437,2026-06-19 05:48:00,Arunachal Pradesh,Papum Pare,27.2171,93.5388,Jio,4G,92,-73,29.7,27.9,24,0.5,0.3,GOOD,0.93
N000438,2026-06-19 05:51:00,Arunachal Pradesh,East Siang,28.0953,95.387,Airtel,4G,93,-60,106.0,40.6,24,0.6,0.3,GOOD,0.86
N000439,2026-06-19 05:54:00,Arunachal Pradesh,Lower Subansiri,27.5317,93.8419,Jio,3G,66,-80,7.9,3.7,133,6.1,3.4,POOR,0.91
N000440,2026-06-19 05:57:00,Assam,Kamrup Metropolitan,26.1457,91.673,Jio,5G,99,-57,86.8,10.1,28,0.7,0.4,GOOD,0.92
N000441,2026-06-19 06:00:00,Assam,Kamrup Rural,26.2082,91.6438,Jio,5G,100,-76,33.0,20.8,48,1.3,0.7,GOOD,0.89
N000442,2026-06-19 06:03:00,Assam,Darrang,26.345,92.0791,BSNL,5G,96,-66,120.1,21.3,24,1.3,0.7,GOOD,0.98
N000443,2026-06-19 06:06:00,Assam,Sonitpur,26.6508,92.8201,Airtel,5G,96,-53,45.9,33.0,40,1.2,0.7,GOOD,0.94
N000444,2026-06-19 06:09:00,Assam,Dibrugarh,27.451,94.9107,BSNL,4G,97,-58,28.3,15.3,43,0.2,0.1,GOOD,0.95
N000445,2026-06-19 06:12:00,Assam,Cachar,24.919,92.7245,BSNL,5G,97,-65,120.9,20.8,37,1.2,0.7,GOOD,0.95
N000446,2026-06-19 06:15:00,Assam,Nagaon,26.2504,92.6954,BSNL,5G,93,-68,90.0,23.5,31,0.6,0.3,GOOD,0.89
N000447,2026-06-19 06:18:00,Meghalaya,East Khasi Hills,25.6411,91.985,Airtel,3G,68,-97,10.6,1.6,125,5.4,3.0,POOR,0.88
N000448,2026-06-19 06:21:00,Meghalaya,West Khasi Hills,25.485,91.269,BSNL,4G,69,-91,12.3,2.0,90,3.7,2.0,OK,0.96
N000449,2026-06-19 06:24:00,Meghalaya,Ri-Bhoi,25.944,92.0067,Jio,5G,94,-61,112.0,30.6,28,0.2,0.1,GOOD,0.96
N000450,2026-06-19 06:27:00,Meghalaya,West Jaintia Hills,25.5488,92.0655,BSNL,4G,68,-96,14.4,4.5,117,4.4,2.4,OK,0.97
N000451,2026-06-19 06:30:00,Sikkim,East Sikkim,27.451,88.5129,Jio,4G,80,-95,6.8,1.3,80,3.6,2.0,OK,0.92
N000452,2026-06-19 06:33:00,Sikkim,North Sikkim,27.4151,88.4627,Jio,NO_SERVICE,28,-114,0.65,0.38,626,21.2,11.7,NO_NETWORK,0.91
N000453,2026-06-19 06:36:00,Sikkim,South Sikkim,27.0246,88.4811,Airtel,4G,69,-95,5.4,4.3,74,6.4,3.5,OK,0.97
N000454,2026-06-19 06:39:00,Nagaland,Kohima,25.6688,94.0314,Airtel,3G,73,-92,12.5,2.6,114,2.4,1.3,POOR,0.93
N000455,2026-06-19 06:42:00,Nagaland,Dimapur,25.8286,93.674,Airtel,4G,93,-71,62.1,28.6,48,1.2,0.7,GOOD,0.85
N000456,2026-06-19 06:45:00,Nagaland,Mokokchung,26.2828,94.4485,Jio,4G,74,-96,9.0,1.6,81,1.8,1.0,OK,0.94
N000457,2026-06-19 06:48:00,Manipur,Imphal West,24.9078,94.0035,BSNL,3G,82,-79,7.4,4.7,112,2.8,1.5,POOR,0.88
N000458,2026-06-19 06:51:00,Manipur,Bishnupur,24.5936,93.7387,Airtel,5G,96,-61,80.6,39.4,45,1.0,0.6,GOOD,0.9
N000459,2026-06-19 06:54:00,Manipur,Senapati,25.1149,94.026,Airtel,2G,78,-91,14.9,2.2,121,3.4,1.9,POOR,0.92
N000460,2026-06-19 06:57:00,Mizoram,Aizawl,23.6228,92.6666,BSNL,4G,86,-84,8.2,2.6,83,3.4,1.9,OK,0.89
N000461,2026-06-19 07:00:00,Mizoram,Kolasib,24.2352,92.813,BSNL,5G,98,-60,85.0,41.0,47,1.2,0.7,GOOD,0.9
N000462,2026-06-19 07:03:00,Mizoram,Lunglei,23.02,92.7825,Airtel,4G,89,-88,10.3,3.5,108,1.8,1.0,OK,0.96
N000463,2026-06-19 07:06:00,Tripura,West Tripura,23.7872,91.1788,Airtel,5G,94,-61,85.7,40.5,39,0.8,0.4,GOOD,0.9
N000464,2026-06-19 07:09:00,Tripura,Sipahijala,23.6476,91.3545,Airtel,4G,98,-63,73.1,12.2,47,0.4,0.2,GOOD,0.93
N000465,2026-06-19 07:12:00,Tripura,Dhalai,23.7223,91.9454,Jio,5G,100,-54,68.4,15.7,36,0.7,0.4,GOOD,0.89
N000466,2026-06-19 07:15:00,Arunachal Pradesh,Tawang,27.6889,91.7788,Airtel,2G,20,-94,0.33,0.17,503,24.9,13.7,POOR,0.95
N000467,2026-06-19 07:18:00,Arunachal Pradesh,West Kameng,27.2513,92.284,Airtel,3G,51,-108,0.47,0.54,407,23.2,12.8,POOR,0.95
N000468,2026-06-19 07:21:00,Arunachal Pradesh,Papum Pare,27.0954,93.613,Airtel,5G,97,-52,118.2,21.1,37,1.1,0.6,GOOD,0.9
N000469,2026-06-19 07:24:00,Arunachal Pradesh,East Siang,27.921,95.3927,Jio,5G,100,-71,95.1,18.3,32,0.7,0.4,GOOD,0.85
N000470,2026-06-19 07:27:00,Arunachal Pradesh,Lower Subansiri,27.6439,93.8822,Jio,2G,71,-96,6.9,3.1,85,4.7,2.6,POOR,0.93
N000471,2026-06-19 07:30:00,Assam,Kamrup Metropolitan,26.2699,91.7435,Airtel,4G,96,-53,122.8,16.6,28,1.1,0.6,GOOD,0.9
N000472,2026-06-19 07:33:00,Assam,Kamrup Rural,26.2796,91.4922,BSNL,4G,95,-70,88.2,16.4,44,1.2,0.7,GOOD,0.95
N000473,2026-06-19 07:36:00,Assam,Darrang,26.4397,91.954,Jio,5G,94,-64,117.0,15.5,40,0.3,0.2,GOOD,0.93
N000474,2026-06-19 07:39:00,Assam,Sonitpur,26.7382,92.8387,BSNL,5G,96,-58,76.0,32.0,34,1.0,0.6,GOOD,0.91
N000475,2026-06-19 07:42:00,Assam,Dibrugarh,27.4444,94.8752,Jio,4G,98,-65,101.1,32.4,18,1.2,0.7,GOOD,0.94
N000476,2026-06-19 07:45:00,Assam,Cachar,24.7347,92.7789,BSNL,4G,98,-60,64.8,15.0,37,1.2,0.7,GOOD,0.96
N000477,2026-06-19 07:48:00,Assam,Nagaon,26.4884,92.8262,BSNL,5G,94,-56,89.8,22.6,28,1.4,0.8,GOOD,0.89
N000478,2026-06-19 07:51:00,Meghalaya,East Khasi Hills,25.4922,92.0037,Airtel,3G,68,-83,10.8,4.0,142,2.2,1.2,POOR,0.93
N000479,2026-06-19 07:54:00,Meghalaya,West Khasi Hills,25.6372,91.3153,BSNL,2G,73,-80,5.3,3.9,116,3.2,1.8,POOR,0.94
N000480,2026-06-19 07:57:00,Meghalaya,Ri-Bhoi,25.7599,92.0086,Jio,5G,93,-58,40.2,25.6,27,1.2,0.7,GOOD,0.86
N000481,2026-06-19 08:00:00,Meghalaya,West Jaintia Hills,25.3433,92.2962,Airtel,3G,89,-84,12.4,3.3,90,2.2,1.2,POOR,0.93
N000482,2026-06-19 08:03:00,Sikkim,East Sikkim,27.2376,88.5286,Jio,4G,85,-83,5.7,3.1,134,2.4,1.3,OK,0.94
N000483,2026-06-19 08:06:00,Sikkim,North Sikkim,27.5122,88.5152,Jio,3G,25,-107,1.71,0.58,647,28.5,15.7,POOR,0.96
N000484,2026-06-19 08:09:00,Sikkim,South Sikkim,27.2372,88.3502,Jio,3G,84,-88,15.2,4.9,134,5.9,3.2,POOR,0.93
N000485,2026-06-19 08:12:00,Nagaland,Kohima,25.7767,94.0608,Jio,4G,68,-93,11.6,3.8,126,6.0,3.3,OK,0.95
N000486,2026-06-19 08:15:00,Nagaland,Dimapur,26.0475,93.6754,BSNL,4G,97,-62,125.7,33.8,41,0.4,0.2,GOOD,0.89
N000487,2026-06-19 08:18:00,Nagaland,Mokokchung,26.3222,94.4767,BSNL,4G,65,-83,7.6,1.4,85,2.7,1.5,OK,0.91
N000488,2026-06-19 08:21:00,Manipur,Imphal West,24.8428,93.9008,Airtel,2G,76,-93,4.3,4.2,88,2.3,1.3,POOR,0.97
N000489,2026-06-19 08:24:00,Manipur,Bishnupur,24.6963,93.6391,Airtel,5G,100,-65,40.2,16.9,42,1.3,0.7,GOOD,0.93
N000490,2026-06-19 08:27:00,Manipur,Senapati,25.1563,93.9769,Jio,2G,67,-88,11.5,4.5,120,4.8,2.6,POOR,0.94
N000491,2026-06-19 08:30:00,Mizoram,Aizawl,23.6696,92.6756,Jio,4G,66,-90,8.4,3.1,124,2.6,1.4,OK,0.96
N000492,2026-06-19 08:33:00,Mizoram,Kolasib,24.1993,92.6971,Jio,5G,100,-58,109.9,40.9,42,1.3,0.7,GOOD,0.87
N000493,2026-06-19 08:36:00,Mizoram,Lunglei,22.8362,92.6179,Airtel,2G,84,-94,9.3,4.2,88,3.5,1.9,POOR,0.93
N000494,2026-06-19 08:39:00,Tripura,West Tripura,23.6852,91.2609,BSNL,4G,100,-65,110.5,39.1,44,0.5,0.3,GOOD,0.87
N000495,2026-06-19 08:42:00,Tripura,Sipahijala,23.7566,91.4555,Airtel,4G,100,-67,102.0,23.9,23,1.2,0.7,GOOD,0.96
N000496,2026-06-19 08:45:00,Tripura,Dhalai,23.7509,91.7807,BSNL,5G,100,-71,95.0,38.1,36,0.6,0.3,GOOD,0.88
N000497,2026-06-19 08:48:00,Arunachal Pradesh,Tawang,27.5665,91.8357,BSNL,NO_SERVICE,30,-94,0.82,0.51,539,27.4,15.1,NO_NETWORK,0.87
N000498,2026-06-19 08:51:00,Arunachal Pradesh,West Kameng,27.3978,92.4822,Airtel,2G,19,-95,0.79,0.37,501,31.4,17.3,POOR,0.9
N000499,2026-06-19 08:54:00,Arunachal Pradesh,Papum Pare,26.9825,93.558,Jio,4G,94,-70,88.7,21.3,44,0.3,0.2,GOOD,0.96
N000500,2026-06-19 08:57:00,Arunachal Pradesh,East Siang,28.1572,95.2749,Airtel,5G,98,-65,92.8,36.6,26,1.1,0.6,GOOD,0.95
N000501,2026-06-19 09:00:00,Arunachal Pradesh,Lower Subansiri,27.5953,93.8583,Airtel,3G,80,-89,4.6,3.6,92,3.7,2.0,POOR,0.88
N000502,2026-06-19 09:03:00,Assam,Kamrup Metropolitan,26.0548,91.6805,BSNL,4G,92,-55,41.0,29.7,32,1.2,0.7,GOOD,0.94
N000503,2026-06-19 09:06:00,Assam,Kamrup Rural,26.2435,91.5593,Jio,4G,97,-76,51.1,34.2,35,0.9,0.5,GOOD,0.9
N000504,2026-06-19 09:09:00,Assam,Darrang,26.3861,92.1168,BSNL,4G,94,-71,79.7,30.1,30,1.1,0.6,GOOD,0.91
N000505,2026-06-19 09:12:00,Assam,Sonitpur,26.6615,92.8063,Jio,4G,92,-63,29.1,38.0,20,0.1,0.1,GOOD,0.9
N000506,2026-06-19 09:15:00,Assam,Dibrugarh,27.541,95.0449,BSNL,5G,99,-60,30.9,16.8,20,0.7,0.4,GOOD,0.93
N000507,2026-06-19 09:18:00,Assam,Cachar,24.8912,92.8746,Jio,4G,97,-68,29.5,40.8,18,0.9,0.5,GOOD,0.86
N000508,2026-06-19 09:21:00,Assam,Nagaon,26.237,92.6248,Jio,4G,99,-75,95.3,11.4,23,1.0,0.6,GOOD,0.88
N000509,2026-06-19 09:24:00,Meghalaya,East Khasi Hills,25.6655,91.7655,Jio,3G,68,-95,7.9,4.4,145,3.4,1.9,POOR,0.96
N000510,2026-06-19 09:27:00,Meghalaya,West Khasi Hills,25.512,91.3861,Jio,2G,69,-98,15.4,3.3,88,2.1,1.2,POOR,0.9
N000511,2026-06-19 09:30:00,Meghalaya,Ri-Bhoi,26.0405,91.9405,Airtel,5G,92,-69,119.2,41.2,46,0.4,0.2,GOOD,0.9
N000512,2026-06-19 09:33:00,Meghalaya,West Jaintia Hills,25.3255,92.2807,Airtel,4G,85,-85,11.4,3.6,80,3.5,1.9,OK,0.87
N000513,2026-06-19 09:36:00,Sikkim,East Sikkim,27.3727,88.6255,Airtel,3G,89,-88,4.7,4.3,137,3.8,2.1,POOR,0.94
N000514,2026-06-19 09:39:00,Sikkim,North Sikkim,27.5758,88.6897,Jio,2G,46,-109,1.54,0.46,516,28.5,15.7,POOR,0.85
N000515,2026-06-19 09:42:00,Sikkim,South Sikkim,27.0866,88.4241,BSNL,4G,89,-86,4.1,1.4,108,5.2,2.9,OK,0.86
N000516,2026-06-19 09:45:00,Nagaland,Kohima,25.6588,94.0759,Jio,3G,76,-98,5.1,3.3,87,4.4,2.4,POOR,0.89
N000517,2026-06-19 09:48:00,Nagaland,Dimapur,25.802,93.8768,BSNL,5G,96,-55,102.0,10.3,37,0.1,0.1,GOOD,0.88
N000518,2026-06-19 09:51:00,Nagaland,Mokokchung,26.4635,94.4048,BSNL,2G,75,-92,6.7,2.9,83,5.9,3.2,POOR,0.91
N000519,2026-06-19 09:54:00,Manipur,Imphal West,24.7699,94.0221,Jio,4G,94,-71,57.6,32.4,20,0.4,0.2,GOOD,0.88
N000520,2026-06-19 09:57:00,Manipur,Bishnupur,24.6138,93.8235,Jio,5G,98,-72,102.7,27.7,45,1.2,0.7,GOOD,0.9
N000521,2026-06-19 10:00:00,Manipur,Senapati,25.3232,93.8668,BSNL,4G,85,-88,6.1,2.1,91,5.8,3.2,OK,0.94
N000522,2026-06-19 10:03:00,Mizoram,Aizawl,23.6264,92.8628,BSNL,3G,82,-82,7.9,1.3,117,6.4,3.5,POOR,0.98
N000523,2026-06-19 10:06:00,Mizoram,Kolasib,24.1693,92.6579,Jio,4G,98,-52,80.1,37.0,32,0.2,0.1,GOOD,0.93
N000524,2026-06-19 10:09:00,Mizoram,Lunglei,22.7853,92.7821,Airtel,4G,76,-79,9.9,3.7,119,3.4,1.9,OK,0.86
N000525,2026-06-19 10:12:00,Tripura,West Tripura,23.9464,91.2717,BSNL,5G,96,-57,116.8,36.0,38,1.1,0.6,GOOD,0.93
N000526,2026-06-19 10:15:00,Tripura,Sipahijala,23.5467,91.3877,BSNL,5G,99,-76,94.5,27.2,28,0.7,0.4,GOOD,0.96
N000527,2026-06-19 10:18:00,Tripura,Dhalai,23.9399,91.8611,Jio,4G,92,-57,103.0,14.6,42,0.4,0.2,GOOD,0.91
N000528,2026-06-19 10:21:00,Arunachal Pradesh,Tawang,27.5148,91.9682,Jio,2G,39,-106,1.48,0.55,336,25.8,14.2,POOR,0.94
N000529,2026-06-19 10:24:00,Arunachal Pradesh,West Kameng,27.2311,92.3837,Airtel,3G,15,-102,1.51,0.6,579,18.5,10.2,POOR,0.9
N000530,2026-06-19 10:27:00,Arunachal Pradesh,Papum Pare,27.1356,93.7107,BSNL,5G,100,-75,35.4,38.7,35,1.0,0.6,GOOD,0.92
N000531,2026-06-19 10:30:00,Arunachal Pradesh,East Siang,28.0931,95.3776,BSNL,5G,100,-61,33.6,12.7,27,0.7,0.4,GOOD,0.92
N000532,2026-06-19 10:33:00,Arunachal Pradesh,Lower Subansiri,27.4549,93.888,BSNL,3G,87,-90,13.4,2.2,94,5.4,3.0,POOR,0.96
N000533,2026-06-19 10:36:00,Assam,Kamrup Metropolitan,26.1669,91.7131,Airtel,4G,99,-64,41.7,41.1,47,1.0,0.6,GOOD,0.92
N000534,2026-06-19 10:39:00,Assam,Kamrup Rural,26.2286,91.712,Jio,5G,92,-74,86.0,21.0,39,1.0,0.6,GOOD,0.87
N000535,2026-06-19 10:42:00,Assam,Darrang,26.3581,92.1336,Jio,5G,98,-74,62.8,11.9,43,0.7,0.4,GOOD,0.94
N000536,2026-06-19 10:45:00,Assam,Sonitpur,26.4867,92.6836,Airtel,5G,100,-76,130.0,26.9,34,0.9,0.5,GOOD,0.97
N000537,2026-06-19 10:48:00,Assam,Dibrugarh,27.5187,94.8847,BSNL,4G,93,-67,59.4,24.1,32,0.3,0.2,GOOD,0.87
N000538,2026-06-19 10:51:00,Assam,Cachar,24.8299,92.6537,Jio,4G,95,-63,36.0,33.9,36,0.4,0.2,GOOD,0.89
N000539,2026-06-19 10:54:00,Assam,Nagaon,26.205,92.6015,BSNL,5G,92,-53,101.6,25.2,22,0.7,0.4,GOOD,0.96
N000540,2026-06-19 10:57:00,Meghalaya,East Khasi Hills,25.6516,91.9731,BSNL,4G,86,-80,15.8,3.9,95,3.9,2.1,OK,0.91
N000541,2026-06-19 11:00:00,Meghalaya,West Khasi Hills,25.4404,91.2729,Airtel,4G,65,-95,13.5,4.3,105,5.0,2.8,OK,0.88
N000542,2026-06-19 11:03:00,Meghalaya,Ri-Bhoi,25.978,91.8624,Jio,4G,95,-58,49.3,40.0,28,0.2,0.1,GOOD,0.98
N000543,2026-06-19 11:06:00,Meghalaya,West Jaintia Hills,25.549,92.2754,BSNL,4G,74,-78,10.9,1.3,67,4.1,2.3,OK,0.97
N000544,2026-06-19 11:09:00,Sikkim,East Sikkim,27.2677,88.7152,Jio,3G,72,-94,11.1,4.1,131,4.3,2.4,POOR,0.86
N000545,2026-06-19 11:12:00,Sikkim,North Sikkim,27.5827,88.4711,BSNL,3G,21,-111,1.36,0.45,344,21.9,12.0,POOR,0.96
N000546,2026-06-19 11:15:00,Sikkim,South Sikkim,27.2783,88.3831,BSNL,4G,86,-88,15.8,3.4,111,6.0,3.3,OK,0.92
N000547,2026-06-19 11:18:00,Nagaland,Kohima,25.5871,94.0207,BSNL,2G,89,-84,4.5,1.7,93,5.1,2.8,POOR,0.97
N000548,2026-06-19 11:21:00,Nagaland,Dimapur,25.9359,93.628,Jio,4G,95,-61,41.4,21.3,26,0.9,0.5,GOOD,0.9
N000549,2026-06-19 11:24:00,Nagaland,Mokokchung,26.4607,94.5243,Jio,4G,82,-93,11.6,2.0,128,5.7,3.1,OK,0.88
N000550,2026-06-19 11:27:00,Manipur,Imphal West,24.9558,94.0225,Airtel,3G,68,-84,15.7,1.6,120,2.6,1.4,POOR,0.9
N000551,2026-06-19 11:30:00,Manipur,Bishnupur,24.6792,93.8249,Jio,5G,95,-61,55.0,26.3,45,0.2,0.1,GOOD,0.96
N000552,2026-06-19 11:33:00,Manipur,Senapati,25.3585,94.0884,Airtel,3G,75,-81,12.9,2.3,115,5.7,3.1,POOR,0.93
N000553,2026-06-19 11:36:00,Mizoram,Aizawl,23.7668,92.7559,BSNL,2G,81,-86,10.3,2.5,129,6.4,3.5,POOR,0.93
N000554,2026-06-19 11:39:00,Mizoram,Kolasib,24.334,92.5579,Airtel,5G,93,-74,96.5,35.8,25,0.3,0.2,GOOD,0.85
N000555,2026-06-19 11:42:00,Mizoram,Lunglei,22.9932,92.7264,Jio,3G,68,-94,9.7,2.4,91,3.2,1.8,POOR,0.94
N000556,2026-06-19 11:45:00,Tripura,West Tripura,23.9137,91.3566,Jio,4G,97,-68,104.3,18.3,31,0.3,0.2,GOOD,0.85
N000557,2026-06-19 11:48:00,Tripura,Sipahijala,23.6942,91.417,Jio,4G,98,-73,123.0,12.0,41,1.0,0.6,GOOD,0.94
N000558,2026-06-19 11:51:00,Tripura,Dhalai,23.8289,91.7636,Jio,4G,99,-73,33.6,11.1,25,0.7,0.4,GOOD,0.85
N000559,2026-06-19 11:54:00,Arunachal Pradesh,Tawang,27.6003,91.7486,Jio,NO_SERVICE,22,-111,0.24,0.55,537,28.5,15.7,NO_NETWORK,0.94
N000560,2026-06-19 11:57:00,Arunachal Pradesh,West Kameng,27.3193,92.2804,Airtel,NO_SERVICE,47,-94,0.05,0.5,486,21.5,11.8,NO_NETWORK,0.97
N000561,2026-06-19 12:00:00,Arunachal Pradesh,Papum Pare,26.9553,93.7454,Airtel,5G,99,-56,33.3,38.0,34,0.1,0.1,GOOD,0.96
N000562,2026-06-19 12:03:00,Arunachal Pradesh,East Siang,28.2034,95.2367,Jio,5G,99,-75,61.6,9.6,42,0.8,0.4,GOOD,0.94
N000563,2026-06-19 12:06:00,Arunachal Pradesh,Lower Subansiri,27.4906,93.9423,Jio,4G,77,-94,14.0,2.8,115,6.2,3.4,OK,0.88
N000564,2026-06-19 12:09:00,Assam,Kamrup Metropolitan,26.0696,91.6978,BSNL,4G,98,-60,127.3,11.9,28,1.0,0.6,GOOD,0.86
N000565,2026-06-19 12:12:00,Assam,Kamrup Rural,26.2227,91.6298,Jio,4G,96,-52,86.7,32.5,40,0.6,0.3,GOOD,0.86
N000566,2026-06-19 12:15:00,Assam,Darrang,26.5131,91.8813,Jio,5G,94,-73,73.0,32.7,48,1.2,0.7,GOOD,0.87
N000567,2026-06-19 12:18:00,Assam,Sonitpur,26.6396,92.7761,Airtel,4G,100,-73,70.7,11.0,36,0.7,0.4,GOOD,0.88
N000568,2026-06-19 12:21:00,Assam,Dibrugarh,27.6192,94.8887,BSNL,4G,92,-72,129.8,34.5,26,0.8,0.4,GOOD,0.96
N000569,2026-06-19 12:24:00,Assam,Cachar,24.7101,92.8707,Jio,4G,95,-74,50.3,31.0,35,0.2,0.1,GOOD,0.93
N000570,2026-06-19 12:27:00,Assam,Nagaon,26.2363,92.766,Jio,5G,100,-68,117.9,16.5,44,0.1,0.1,GOOD,0.94
N000571,2026-06-19 12:30:00,Meghalaya,East Khasi Hills,25.6319,91.7638,Airtel,3G,76,-94,11.7,2.7,79,4.9,2.7,POOR,0.88
N000572,2026-06-19 12:33:00,Meghalaya,West Khasi Hills,25.492,91.3267,BSNL,2G,86,-79,6.9,2.5,75,6.2,3.4,POOR,0.91
N000573,2026-06-19 12:36:00,Meghalaya,Ri-Bhoi,25.9348,91.8627,Jio,5G,92,-67,56.6,23.1,20,0.1,0.1,GOOD,0.86
N000574,2026-06-19 12:39:00,Meghalaya,West Jaintia Hills,25.5257,92.2269,Jio,2G,83,-96,8.2,3.1,73,5.5,3.0,POOR,0.86
N000575,2026-06-19 12:42:00,Sikkim,East Sikkim,27.4262,88.5308,BSNL,4G,83,-94,12.4,2.8,89,6.5,3.6,OK,0.98
N000576,2026-06-19 12:45:00,Sikkim,North Sikkim,27.53,88.5823,Airtel,NO_SERVICE,16,-104,1.21,0.33,607,22.6,12.4,NO_NETWORK,0.9
N000577,2026-06-19 12:48:00,Sikkim,South Sikkim,27.2741,88.4627,Airtel,4G,74,-84,13.0,2.0,74,2.6,1.4,OK,0.86
N000578,2026-06-19 12:51:00,Nagaland,Kohima,25.7495,94.0473,Airtel,2G,68,-86,15.6,4.7,142,5.0,2.8,POOR,0.87
N000579,2026-06-19 12:54:00,Nagaland,Dimapur,25.8286,93.6933,Airtel,4G,94,-54,34.8,11.7,38,1.1,0.6,GOOD,0.93
N000580,2026-06-19 12:57:00,Nagaland,Mokokchung,26.3335,94.6633,Airtel,2G,71,-84,4.2,3.8,69,5.5,3.0,POOR,0.93
N000581,2026-06-19 13:00:00,Manipur,Imphal West,24.9252,93.9573,BSNL,4G,97,-57,124.6,16.5,41,1.4,0.8,GOOD,0.9
N000582,2026-06-19 13:03:00,Manipur,Bishnupur,24.6237,93.9107,BSNL,4G,93,-56,30.2,28.5,27,0.6,0.3,GOOD,0.85
N000583,2026-06-19 13:06:00,Manipur,Senapati,25.1887,93.8719,Airtel,3G,73,-79,12.9,1.9,114,3.0,1.7,POOR,0.89
N000584,2026-06-19 13:09:00,Mizoram,Aizawl,23.663,92.7814,Airtel,4G,65,-91,15.2,3.1,97,5.2,2.9,OK,0.9
N000585,2026-06-19 13:12:00,Mizoram,Kolasib,24.0947,92.691,BSNL,5G,97,-65,57.6,37.6,40,0.4,0.2,GOOD,0.87
N000586,2026-06-19 13:15:00,Mizoram,Lunglei,22.7537,92.8663,BSNL,3G,73,-96,5.1,2.1,115,5.3,2.9,POOR,0.87
N000587,2026-06-19 13:18:00,Tripura,West Tripura,23.8574,91.3658,Jio,4G,95,-73,49.5,15.3,38,0.4,0.2,GOOD,0.9
N000588,2026-06-19 13:21:00,Tripura,Sipahijala,23.6946,91.381,Airtel,5G,93,-73,40.6,30.7,25,0.7,0.4,GOOD,0.97
N000589,2026-06-19 13:24:00,Tripura,Dhalai,23.9774,91.7348,BSNL,4G,92,-61,80.2,33.5,21,1.3,0.7,GOOD,0.95
N000590,2026-06-19 13:27:00,Arunachal Pradesh,Tawang,27.6586,91.9316,Jio,3G,26,-95,1.33,0.09,380,15.4,8.5,POOR,0.92
N000591,2026-06-19 13:30:00,Arunachal Pradesh,West Kameng,27.1179,92.4148,Airtel,3G,28,-98,1.19,0.03,566,24.5,13.5,POOR,0.88
N000592,2026-06-19 13:33:00,Arunachal Pradesh,Papum Pare,27.1666,93.5167,Airtel,5G,93,-75,47.2,35.6,37,0.2,0.1,GOOD,0.93
N000593,2026-06-19 13:36:00,Arunachal Pradesh,East Siang,28.1359,95.2114,BSNL,4G,94,-76,29.8,34.0,46,0.8,0.4,GOOD,0.92
N000594,2026-06-19 13:39:00,Arunachal Pradesh,Lower Subansiri,27.4816,93.6992,Jio,2G,85,-82,5.4,1.7,95,2.8,1.5,POOR,0.89
N000595,2026-06-19 13:42:00,Assam,Kamrup Metropolitan,26.1433,91.7394,BSNL,4G,100,-71,53.3,40.1,34,1.0,0.6,GOOD,0.85
N000596,2026-06-19 13:45:00,Assam,Kamrup Rural,26.1453,91.4885,BSNL,4G,98,-61,79.0,24.1,35,0.7,0.4,GOOD,0.86
N000597,2026-06-19 13:48:00,Assam,Darrang,26.3366,92.1032,Jio,4G,96,-63,55.9,39.6,38,0.5,0.3,GOOD,0.92
N000598,2026-06-19 13:51:00,Assam,Sonitpur,26.5572,92.7841,BSNL,4G,100,-68,55.9,31.8,48,1.1,0.6,GOOD,0.87
N000599,2026-06-19 13:54:00,Assam,Dibrugarh,27.6109,94.7726,Jio,5G,92,-72,110.4,38.9,26,1.4,0.8,GOOD,0.95
N000600,2026-06-19 13:57:00,Assam,Cachar,24.8091,92.7254,Airtel,4G,100,-59,31.8,18.9,30,0.8,0.4,GOOD,0.92
N000601,2026-06-19 14:00:00,Assam,Nagaon,26.443,92.7055,Airtel,4G,93,-70,62.3,29.6,29,1.1,0.6,GOOD,0.9
N000602,2026-06-19 14:03:00,Meghalaya,East Khasi Hills,25.4826,91.9846,BSNL,2G,73,-95,4.6,2.1,99,4.3,2.4,POOR,0.88
N000603,2026-06-19 14:06:00,Meghalaya,West Khasi Hills,25.4995,91.1947,Jio,3G,72,-88,9.1,3.4,89,4.9,2.7,POOR,0.87
N000604,2026-06-19 14:09:00,Meghalaya,Ri-Bhoi,25.887,91.8407,Jio,5G,96,-70,63.1,23.7,34,1.0,0.6,GOOD,0.86
N000605,2026-06-19 14:12:00,Meghalaya,West Jaintia Hills,25.4868,92.1892,Jio,3G,77,-80,8.9,1.5,102,3.2,1.8,POOR,0.91
N000606,2026-06-19 14:15:00,Sikkim,East Sikkim,27.4217,88.6762,Jio,2G,83,-90,4.7,3.8,109,4.0,2.2,POOR,0.86
N000607,2026-06-19 14:18:00,Sikkim,North Sikkim,27.3519,88.523,Airtel,NO_SERVICE,21,-112,0.46,0.01,410,17.0,9.4,NO_NETWORK,0.88
N000608,2026-06-19 14:21:00,Sikkim,South Sikkim,27.228,88.2029,BSNL,3G,78,-80,4.1,4.7,131,3.4,1.9,POOR,0.9
N000609,2026-06-19 14:24:00,Nagaland,Kohima,25.7798,94.1768,Airtel,2G,65,-87,11.1,2.3,92,3.8,2.1,POOR,0.95
N000610,2026-06-19 14:27:00,Nagaland,Dimapur,25.8827,93.8659,Jio,4G,98,-59,101.4,11.2,21,0.7,0.4,GOOD,0.89
N000611,2026-06-19 14:30:00,Nagaland,Mokokchung,26.4514,94.6392,BSNL,3G,77,-84,10.3,1.7,92,5.5,3.0,POOR,0.93
N000612,2026-06-19 14:33:00,Manipur,Imphal West,24.8045,94.0112,BSNL,5G,92,-56,121.0,28.2,33,1.3,0.7,GOOD,0.97
N000613,2026-06-19 14:36:00,Manipur,Bishnupur,24.7284,93.6369,BSNL,5G,98,-69,64.2,29.3,45,1.1,0.6,GOOD,0.91
N000614,2026-06-19 14:39:00,Manipur,Senapati,25.1492,93.9475,Jio,3G,73,-84,6.6,2.3,65,4.5,2.5,POOR,0.94
N000615,2026-06-19 14:42:00,Mizoram,Aizawl,23.7873,92.7882,Airtel,3G,75,-88,13.5,1.6,90,2.8,1.5,POOR,0.96
N000616,2026-06-19 14:45:00,Mizoram,Kolasib,24.3531,92.5708,Jio,5G,93,-53,128.1,24.5,22,1.4,0.8,GOOD,0.91
N000617,2026-06-19 14:48:00,Mizoram,Lunglei,22.7793,92.7298,Jio,2G,87,-85,6.7,3.1,129,3.5,1.9,POOR,0.95
N000618,2026-06-19 14:51:00,Tripura,West Tripura,23.9126,91.2724,Airtel,5G,93,-64,112.3,10.6,28,1.1,0.6,GOOD,0.96
N000619,2026-06-19 14:54:00,Tripura,Sipahijala,23.5323,91.3678,Airtel,4G,94,-70,49.2,11.8,32,1.0,0.6,GOOD,0.95
N000620,2026-06-19 14:57:00,Tripura,Dhalai,23.7645,91.957,BSNL,4G,99,-61,80.5,27.1,31,0.3,0.2,GOOD,0.85
N000621,2026-06-19 15:00:00,Arunachal Pradesh,Tawang,27.5428,91.8634,Jio,2G,20,-115,0.16,0.25,581,17.1,9.4,POOR,0.87
N000622,2026-06-19 15:03:00,Arunachal Pradesh,West Kameng,27.1667,92.5515,Airtel,3G,17,-106,0.14,0.31,367,19.1,10.5,POOR,0.91
N000623,2026-06-19 15:06:00,Arunachal Pradesh,Papum Pare,27.0254,93.6052,BSNL,4G,96,-53,39.0,39.1,44,0.8,0.4,GOOD,0.96
N000624,2026-06-19 15:09:00,Arunachal Pradesh,East Siang,27.9345,95.4103,Jio,5G,97,-56,125.4,35.1,46,0.2,0.1,GOOD,0.88
N000625,2026-06-19 15:12:00,Arunachal Pradesh,Lower Subansiri,27.5117,93.8691,Airtel,2G,81,-90,6.0,3.2,82,4.0,2.2,POOR,0.94
N000626,2026-06-19 15:15:00,Assam,Kamrup Metropolitan,26.2697,91.6087,Jio,5G,96,-57,72.1,21.2,41,0.2,0.1,GOOD,0.95
N000627,2026-06-19 15:18:00,Assam,Kamrup Rural,26.2778,91.4396,BSNL,4G,100,-56,105.4,19.5,26,0.7,0.4,GOOD,0.88
N000628,2026-06-19 15:21:00,Assam,Darrang,26.3148,92.0193,Jio,4G,99,-66,39.3,36.5,43,0.7,0.4,GOOD,0.91
N000629,2026-06-19 15:24:00,Assam,Sonitpur,26.7011,92.7914,BSNL,4G,95,-57,40.6,31.7,44,0.9,0.5,GOOD,0.85
N000630,2026-06-19 15:27:00,Assam,Dibrugarh,27.3872,94.8181,Airtel,5G,95,-69,71.2,25.9,39,0.3,0.2,GOOD,0.86
N000631,2026-06-19 15:30:00,Assam,Cachar,24.8675,92.814,Jio,4G,94,-52,112.7,23.5,36,1.0,0.6,GOOD,0.91
N000632,2026-06-19 15:33:00,Assam,Nagaon,26.3604,92.5523,BSNL,5G,93,-68,53.5,32.1,47,1.3,0.7,GOOD,0.92
N000633,2026-06-19 15:36:00,Meghalaya,East Khasi Hills,25.6216,91.9825,Jio,4G,77,-92,7.2,1.8,112,4.4,2.4,OK,0.96
N000634,2026-06-19 15:39:00,Meghalaya,West Khasi Hills,25.5985,91.4068,Airtel,3G,69,-91,14.7,2.9,106,5.4,3.0,POOR,0.97
N000635,2026-06-19 15:42:00,Meghalaya,Ri-Bhoi,25.9844,91.8332,BSNL,4G,92,-75,56.8,11.2,18,1.4,0.8,GOOD,0.95
N000636,2026-06-19 15:45:00,Meghalaya,West Jaintia Hills,25.3539,92.1457,BSNL,2G,83,-83,12.4,3.2,123,3.7,2.0,POOR,0.85
N000637,2026-06-19 15:48:00,Sikkim,East Sikkim,27.2732,88.6991,BSNL,2G,87,-86,9.0,3.7,114,5.0,2.8,POOR,0.92
N000638,2026-06-19 15:51:00,Sikkim,North Sikkim,27.6499,88.6922,BSNL,3G,46,-110,1.66,0.4,419,21.0,11.6,POOR,0.94
N000639,2026-06-19 15:54:00,Sikkim,South Sikkim,27.1801,88.4374,BSNL,3G,81,-80,11.2,3.9,137,4.1,2.3,POOR,0.94
N000640,2026-06-19 15:57:00,Nagaland,Kohima,25.5909,94.2126,BSNL,2G,70,-78,13.8,3.1,138,4.2,2.3,POOR,0.88
N000641,2026-06-19 16:00:00,Nagaland,Dimapur,26.0543,93.6296,BSNL,5G,93,-60,117.7,12.6,42,0.3,0.2,GOOD,0.96
N000642,2026-06-19 16:03:00,Nagaland,Mokokchung,26.3843,94.6442,Jio,4G,88,-82,6.3,3.5,84,5.2,2.9,OK,0.94
N000643,2026-06-19 16:06:00,Manipur,Imphal West,24.8373,93.8294,Jio,4G,96,-61,117.2,39.6,31,1.0,0.6,GOOD,0.88
N000644,2026-06-19 16:09:00,Manipur,Bishnupur,24.7735,93.7771,BSNL,5G,97,-72,30.3,19.1,30,0.7,0.4,GOOD,0.92
N000645,2026-06-19 16:12:00,Manipur,Senapati,25.1798,93.9256,BSNL,2G,81,-89,14.5,4.4,66,5.3,2.9,POOR,0.97
N000646,2026-06-19 16:15:00,Mizoram,Aizawl,23.7613,92.8095,BSNL,3G,80,-90,7.4,1.2,81,4.3,2.4,POOR,0.92
N000647,2026-06-19 16:18:00,Mizoram,Kolasib,24.3233,92.6271,Airtel,5G,95,-67,95.5,37.6,21,1.4,0.8,GOOD,0.96
N000648,2026-06-19 16:21:00,Mizoram,Lunglei,22.7725,92.6233,BSNL,3G,86,-92,10.0,3.2,80,3.0,1.7,POOR,0.94
N000649,2026-06-19 16:24:00,Tripura,West Tripura,23.7936,91.4194,Airtel,4G,94,-57,82.6,37.6,44,0.1,0.1,GOOD,0.95
N000650,2026-06-19 16:27:00,Tripura,Sipahijala,23.5818,91.4548,BSNL,4G,98,-57,60.3,16.4,39,1.3,0.7,GOOD,0.88
N000651,2026-06-19 16:30:00,Tripura,Dhalai,23.9882,91.8948,Jio,4G,94,-73,123.4,9.4,22,0.2,0.1,GOOD,0.96
N000652,2026-06-19 16:33:00,Arunachal Pradesh,Tawang,27.703,91.8935,BSNL,3G,18,-98,0.59,0.0,414,16.7,9.2,POOR,0.91
N000653,2026-06-19 16:36:00,Arunachal Pradesh,West Kameng,27.1671,92.3579,Airtel,2G,20,-110,0.43,0.51,417,22.4,12.3,POOR,0.96
N000654,2026-06-19 16:39:00,Arunachal Pradesh,Papum Pare,26.9509,93.6772,Airtel,5G,100,-64,59.5,29.3,31,0.5,0.3,GOOD,0.98
N000655,2026-06-19 16:42:00,Arunachal Pradesh,East Siang,28.2056,95.1857,BSNL,5G,97,-59,61.3,10.3,38,0.9,0.5,GOOD,0.87
N000656,2026-06-19 16:45:00,Arunachal Pradesh,Lower Subansiri,27.5834,93.8719,Airtel,4G,69,-82,11.9,4.2,103,3.1,1.7,OK,0.95
N000657,2026-06-19 16:48:00,Assam,Kamrup Metropolitan,26.2181,91.6576,BSNL,5G,92,-69,92.1,36.8,18,0.8,0.4,GOOD,0.89
N000658,2026-06-19 16:51:00,Assam,Kamrup Rural,26.0616,91.6247,Jio,5G,93,-68,87.0,22.4,18,1.2,0.7,GOOD,0.96
N000659,2026-06-19 16:54:00,Assam,Darrang,26.3054,91.9439,Jio,5G,93,-65,126.8,13.1,22,0.3,0.2,GOOD,0.89
N000660,2026-06-19 16:57:00,Assam,Sonitpur,26.5162,92.643,Airtel,5G,97,-53,34.3,9.8,25,0.3,0.2,GOOD,0.96
N000661,2026-06-19 17:00:00,Assam,Dibrugarh,27.3727,94.8862,Airtel,5G,94,-70,122.5,26.8,47,1.3,0.7,GOOD,0.92
N000662,2026-06-19 17:03:00,Assam,Cachar,24.7137,92.7727,Airtel,4G,99,-71,51.8,10.2,22,0.2,0.1,GOOD,0.88
N000663,2026-06-19 17:06:00,Assam,Nagaon,26.2629,92.6694,BSNL,5G,93,-64,33.3,34.1,37,1.2,0.7,GOOD,0.93
N000664,2026-06-19 17:09:00,Meghalaya,East Khasi Hills,25.5244,92.0288,Airtel,2G,67,-94,4.0,3.5,129,4.8,2.6,POOR,0.98
N000665,2026-06-19 17:12:00,Meghalaya,West Khasi Hills,25.4083,91.1325,Airtel,2G,67,-81,13.6,4.7,96,4.8,2.6,POOR,0.96
N000666,2026-06-19 17:15:00,Meghalaya,Ri-Bhoi,25.9282,91.9141,BSNL,4G,93,-54,91.7,27.8,48,0.9,0.5,GOOD,0.92
N000667,2026-06-19 17:18:00,Meghalaya,West Jaintia Hills,25.4961,92.2322,Airtel,3G,72,-85,4.3,1.6,78,2.3,1.3,POOR,0.89
N000668,2026-06-19 17:21:00,Sikkim,East Sikkim,27.2506,88.5135,Airtel,2G,78,-95,12.3,5.0,75,4.9,2.7,POOR,0.86
N000669,2026-06-19 17:24:00,Sikkim,North Sikkim,27.512,88.5982,Airtel,NO_SERVICE,50,-94,0.94,0.49,528,18.7,10.3,NO_NETWORK,0.9
N000670,2026-06-19 17:27:00,Sikkim,South Sikkim,27.1915,88.452,Airtel,2G,65,-78,11.6,3.5,89,4.8,2.6,POOR,0.94
N000671,2026-06-19 17:30:00,Nagaland,Kohima,25.5514,94.2058,Airtel,3G,69,-87,11.8,3.7,91,4.7,2.6,POOR,0.87
N000672,2026-06-19 17:33:00,Nagaland,Dimapur,25.7645,93.6287,BSNL,5G,97,-75,66.6,22.6,41,0.7,0.4,GOOD,0.94
N000673,2026-06-19 17:36:00,Nagaland,Mokokchung,26.2097,94.6055,Jio,3G,69,-96,9.6,4.3,143,3.3,1.8,POOR,0.89
N000674,2026-06-19 17:39:00,Manipur,Imphal West,24.6943,93.95,Airtel,5G,92,-69,63.5,28.0,22,0.5,0.3,GOOD,0.88
N000675,2026-06-19 17:42:00,Manipur,Bishnupur,24.5384,93.6279,BSNL,5G,99,-67,110.2,24.1,24,0.1,0.1,GOOD,0.92
N000676,2026-06-19 17:45:00,Manipur,Senapati,25.1906,93.8785,BSNL,2G,82,-83,14.1,4.3,138,2.7,1.5,POOR,0.97
N000677,2026-06-19 17:48:00,Mizoram,Aizawl,23.7775,92.8101,Airtel,2G,87,-94,5.7,3.9,101,2.0,1.1,POOR,0.85
N000678,2026-06-19 17:51:00,Mizoram,Kolasib,24.2361,92.7822,Jio,5G,98,-63,108.1,26.2,26,0.5,0.3,GOOD,0.86
N000679,2026-06-19 17:54:00,Mizoram,Lunglei,22.9361,92.8709,Jio,3G,69,-78,6.0,4.2,98,4.2,2.3,POOR,0.93
N000680,2026-06-19 17:57:00,Tripura,West Tripura,23.7052,91.4076,Airtel,4G,96,-76,61.9,30.3,37,0.8,0.4,GOOD,0.94
N000681,2026-06-19 18:00:00,Tripura,Sipahijala,23.64,91.3334,BSNL,5G,99,-67,127.5,20.3,41,0.7,0.4,GOOD,0.93
N000682,2026-06-19 18:03:00,Tripura,Dhalai,23.8347,91.9847,Jio,5G,94,-61,87.3,14.6,36,0.8,0.4,GOOD,0.89
N000683,2026-06-19 18:06:00,Arunachal Pradesh,Tawang,27.474,91.8364,Airtel,2G,37,-107,0.41,0.33,426,14.4,7.9,POOR,0.93
N000684,2026-06-19 18:09:00,Arunachal Pradesh,West Kameng,27.3027,92.5161,Jio,3G,47,-101,0.92,0.12,380,14.9,8.2,POOR,0.94
N000685,2026-06-19 18:12:00,Arunachal Pradesh,Papum Pare,27.1926,93.4927,Airtel,4G,94,-54,32.4,21.0,26,0.5,0.3,GOOD,0.92
N000686,2026-06-19 18:15:00,Arunachal Pradesh,East Siang,27.9989,95.3134,Airtel,4G,92,-68,62.8,35.7,31,0.6,0.3,GOOD,0.93
N000687,2026-06-19 18:18:00,Arunachal Pradesh,Lower Subansiri,27.5763,93.9145,Jio,4G,80,-80,13.0,3.9,142,5.4,3.0,OK,0.97
N000688,2026-06-19 18:21:00,Assam,Kamrup Metropolitan,26.1709,91.8137,Jio,4G,96,-52,116.4,32.3,40,0.8,0.4,GOOD,0.97
N000689,2026-06-19 18:24:00,Assam,Kamrup Rural,26.2689,91.6477,Airtel,5G,97,-58,56.6,21.1,48,0.9,0.5,GOOD,0.87
N000690,2026-06-19 18:27:00,Assam,Darrang,26.4253,91.9959,BSNL,5G,93,-74,110.2,38.3,36,1.2,0.7,GOOD,0.97
N000691,2026-06-19 18:30:00,Assam,Sonitpur,26.5355,92.7635,BSNL,4G,94,-68,46.7,26.0,22,0.9,0.5,GOOD,0.92
N000692,2026-06-19 18:33:00,Assam,Dibrugarh,27.3344,95.0289,BSNL,4G,94,-67,72.7,40.7,46,1.3,0.7,GOOD,0.96
N000693,2026-06-19 18:36:00,Assam,Cachar,24.8259,92.7095,Jio,5G,96,-76,90.7,19.6,38,0.5,0.3,GOOD,0.92
N000694,2026-06-19 18:39:00,Assam,Nagaon,26.2861,92.6181,Jio,4G,98,-59,100.4,11.2,31,0.4,0.2,GOOD,0.92
N000695,2026-06-19 18:42:00,Meghalaya,East Khasi Hills,25.7205,91.8117,Airtel,2G,65,-96,16.0,5.0,137,5.4,3.0,POOR,0.9
N000696,2026-06-19 18:45:00,Meghalaya,West Khasi Hills,25.6077,91.1908,Airtel,4G,81,-95,11.1,4.5,113,2.5,1.4,OK,0.98
N000697,2026-06-19 18:48:00,Meghalaya,Ri-Bhoi,25.8825,92.004,Airtel,4G,97,-64,112.5,36.7,30,0.4,0.2,GOOD,0.93
N000698,2026-06-19 18:51:00,Meghalaya,West Jaintia Hills,25.5602,92.2963,Airtel,4G,86,-97,7.5,3.8,89,2.8,1.5,OK,0.93
N000699,2026-06-19 18:54:00,Sikkim,East Sikkim,27.4018,88.5775,Airtel,4G,77,-87,13.9,1.2,145,3.5,1.9,OK,0.98
N000700,2026-06-19 18:57:00,Sikkim,North Sikkim,27.3587,88.4578,Jio,3G,51,-103,0.51,0.06,519,31.6,17.4,POOR,0.97
N000701,2026-06-19 19:00:00,Sikkim,South Sikkim,27.0299,88.2152,Airtel,3G,69,-79,12.3,1.9,143,3.6,2.0,POOR,0.87
N000702,2026-06-19 19:03:00,Nagaland,Kohima,25.7722,94.1101,Jio,3G,87,-90,5.2,2.7,119,6.1,3.4,POOR,0.9
N000703,2026-06-19 19:06:00,Nagaland,Dimapur,25.8294,93.7241,BSNL,4G,97,-52,120.0,22.3,18,0.6,0.3,GOOD,0.88
N000704,2026-06-19 19:09:00,Nagaland,Mokokchung,26.3511,94.4749,Jio,3G,77,-82,5.4,1.6,72,3.8,2.1,POOR,0.96
N000705,2026-06-19 19:12:00,Manipur,Imphal West,24.9163,93.8139,Jio,4G,95,-57,90.8,41.0,26,1.3,0.7,GOOD,0.93
N000706,2026-06-19 19:15:00,Manipur,Bishnupur,24.6541,93.904,Airtel,4G,74,-89,6.4,3.5,87,4.2,2.3,OK,0.89
N000707,2026-06-19 19:18:00,Manipur,Senapati,25.172,94.0555,Jio,3G,87,-93,10.3,5.0,141,5.4,3.0,POOR,0.91
N000708,2026-06-19 19:21:00,Mizoram,Aizawl,23.8074,92.5703,BSNL,3G,80,-96,12.8,2.0,96,3.7,2.0,POOR,0.97
N000709,2026-06-19 19:24:00,Mizoram,Kolasib,24.3103,92.5971,Airtel,5G,100,-61,124.2,24.8,42,1.0,0.6,GOOD,0.9
N000710,2026-06-19 19:27:00,Mizoram,Lunglei,23.0201,92.7828,Jio,2G,66,-88,6.5,4.7,77,3.8,2.1,POOR,0.95
N000711,2026-06-19 19:30:00,Tripura,West Tripura,23.8192,91.2023,BSNL,4G,100,-67,92.0,30.0,38,1.0,0.6,GOOD,0.86
N000712,2026-06-19 19:33:00,Tripura,Sipahijala,23.6041,91.1927,Jio,4G,100,-67,108.4,25.3,18,1.4,0.8,GOOD,0.94
N000713,2026-06-19 19:36:00,Tripura,Dhalai,23.9518,91.8684,Jio,4G,96,-64,71.8,36.6,24,1.2,0.7,GOOD,0.96
N000714,2026-06-19 19:39:00,Arunachal Pradesh,Tawang,27.4685,91.7286,Airtel,3G,33,-110,0.23,0.47,527,17.2,9.5,POOR,0.91
N000715,2026-06-19 19:42:00,Arunachal Pradesh,West Kameng,27.1928,92.4792,BSNL,3G,20,-111,0.82,0.25,492,31.6,17.4,POOR,0.9
N000716,2026-06-19 19:45:00,Arunachal Pradesh,Papum Pare,27.1056,93.5387,Airtel,5G,92,-64,123.0,38.8,33,1.0,0.6,GOOD,0.95
N000717,2026-06-19 19:48:00,Arunachal Pradesh,East Siang,28.096,95.3742,BSNL,5G,97,-63,100.7,22.6,48,0.4,0.2,GOOD,0.94
N000718,2026-06-19 19:51:00,Arunachal Pradesh,Lower Subansiri,27.5492,93.7687,Jio,3G,85,-83,5.4,2.2,85,2.5,1.4,POOR,0.86
N000719,2026-06-19 19:54:00,Assam,Kamrup Metropolitan,26.0051,91.7986,BSNL,5G,96,-70,115.8,28.2,26,1.2,0.7,GOOD,0.89
N000720,2026-06-19 19:57:00,Assam,Kamrup Rural,26.249,91.6179,Jio,5G,96,-68,88.7,11.9,31,0.5,0.3,GOOD,0.94
N000721,2026-06-19 20:00:00,Assam,Darrang,26.5036,92.0332,Airtel,4G,96,-73,109.6,30.0,18,0.9,0.5,GOOD,0.97
N000722,2026-06-19 20:03:00,Assam,Sonitpur,26.6513,92.7307,Jio,4G,93,-60,126.3,17.1,34,0.9,0.5,GOOD,0.85
N000723,2026-06-19 20:06:00,Assam,Dibrugarh,27.5653,94.9909,Airtel,5G,95,-56,104.4,20.6,42,0.6,0.3,GOOD,0.91
N000724,2026-06-19 20:09:00,Assam,Cachar,24.8796,92.6956,Jio,5G,92,-69,82.3,19.8,37,0.8,0.4,GOOD,0.92
N000725,2026-06-19 20:12:00,Assam,Nagaon,26.4316,92.6334,Jio,5G,98,-64,98.4,19.2,37,0.8,0.4,GOOD,0.93
N000726,2026-06-19 20:15:00,Meghalaya,East Khasi Hills,25.4641,91.7594,Jio,2G,67,-80,4.8,4.4,66,6.2,3.4,POOR,0.96
N000727,2026-06-19 20:18:00,Meghalaya,West Khasi Hills,25.3814,91.3768,BSNL,3G,81,-87,8.6,3.3,68,6.2,3.4,POOR,0.86
N000728,2026-06-19 20:21:00,Meghalaya,Ri-Bhoi,25.909,91.8539,Jio,4G,98,-73,35.6,22.4,38,1.4,0.8,GOOD,0.86
N000729,2026-06-19 20:24:00,Meghalaya,West Jaintia Hills,25.3601,92.1728,Airtel,3G,75,-92,7.4,2.5,138,6.2,3.4,POOR,0.86
N000730,2026-06-19 20:27:00,Sikkim,East Sikkim,27.2319,88.7152,Airtel,3G,65,-82,10.2,4.7,105,5.8,3.2,POOR,0.91
N000731,2026-06-19 20:30:00,Sikkim,North Sikkim,27.5393,88.453,Jio,3G,48,-97,1.28,0.29,591,26.8,14.7,POOR,0.88
N000732,2026-06-19 20:33:00,Sikkim,South Sikkim,27.0828,88.4321,BSNL,4G,74,-93,13.2,2.1,123,2.1,1.2,OK,0.88
N000733,2026-06-19 20:36:00,Nagaland,Kohima,25.7542,93.985,BSNL,2G,79,-94,10.8,2.1,101,5.4,3.0,POOR,0.96
N000734,2026-06-19 20:39:00,Nagaland,Dimapur,25.8855,93.7207,BSNL,4G,100,-66,120.4,38.0,37,0.1,0.1,GOOD,0.96
N000735,2026-06-19 20:42:00,Nagaland,Mokokchung,26.2869,94.3742,Jio,4G,66,-78,15.5,3.4,141,3.3,1.8,OK,0.9
N000736,2026-06-19 20:45:00,Manipur,Imphal West,24.6724,93.788,Jio,2G,86,-87,9.3,3.2,102,3.5,1.9,POOR,0.93
N000737,2026-06-19 20:48:00,Manipur,Bishnupur,24.5857,93.6532,Jio,5G,95,-63,32.8,12.6,34,1.3,0.7,GOOD,0.9
N000738,2026-06-19 20:51:00,Manipur,Senapati,25.1296,93.8737,Jio,2G,78,-80,6.7,1.5,123,2.9,1.6,POOR,0.95
N000739,2026-06-19 20:54:00,Mizoram,Aizawl,23.7343,92.6977,Airtel,2G,77,-87,10.6,2.1,138,5.4,3.0,POOR,0.89
N000740,2026-06-19 20:57:00,Mizoram,Kolasib,24.3404,92.6378,Airtel,5G,97,-73,97.0,36.8,25,0.5,0.3,GOOD,0.87
N000741,2026-06-19 21:00:00,Mizoram,Lunglei,22.9736,92.5957,Jio,4G,70,-79,6.4,2.4,88,2.4,1.3,OK,0.88
N000742,2026-06-19 21:03:00,Tripura,West Tripura,23.9017,91.3137,Airtel,5G,99,-65,37.0,35.3,18,1.3,0.7,GOOD,0.89
N000743,2026-06-19 21:06:00,Tripura,Sipahijala,23.7226,91.2746,Jio,5G,95,-74,93.3,23.0,30,0.8,0.4,GOOD,0.92
N000744,2026-06-19 21:09:00,Tripura,Dhalai,23.7146,91.9984,Jio,5G,100,-55,73.8,13.7,26,0.6,0.3,GOOD,0.89
N000745,2026-06-19 21:12:00,Arunachal Pradesh,Tawang,27.4506,91.7441,BSNL,NO_SERVICE,22,-108,1.22,0.03,523,25.5,14.0,NO_NETWORK,0.94
N000746,2026-06-19 21:15:00,Arunachal Pradesh,West Kameng,27.2568,92.3118,Jio,2G,51,-115,0.69,0.33,543,22.4,12.3,POOR,0.88
N000747,2026-06-19 21:18:00,Arunachal Pradesh,Papum Pare,27.0767,93.4969,BSNL,4G,95,-58,56.3,40.5,47,0.7,0.4,GOOD,0.86
N000748,2026-06-19 21:21:00,Arunachal Pradesh,East Siang,27.9571,95.4252,BSNL,5G,98,-65,49.1,21.8,31,1.0,0.6,GOOD,0.86
N000749,2026-06-19 21:24:00,Arunachal Pradesh,Lower Subansiri,27.4848,93.9154,BSNL,2G,72,-96,12.2,2.0,88,2.7,1.5,POOR,0.88
N000750,2026-06-19 21:27:00,Assam,Kamrup Metropolitan,26.0734,91.7431,Jio,4G,98,-71,79.4,23.6,19,0.8,0.4,GOOD,0.9
N000751,2026-06-19 21:30:00,Assam,Kamrup Rural,26.0831,91.5764,Airtel,5G,92,-66,49.1,33.6,22,0.2,0.1,GOOD,0.87
N000752,2026-06-19 21:33:00,Assam,Darrang,26.4012,91.8818,BSNL,4G,100,-53,104.1,18.1,27,1.3,0.7,GOOD,0.92
N000753,2026-06-19 21:36:00,Assam,Sonitpur,26.656,92.7908,Airtel,5G,98,-55,81.6,27.4,25,0.9,0.5,GOOD,0.86
N000754,2026-06-19 21:39:00,Assam,Dibrugarh,27.5399,95.0334,Airtel,4G,98,-69,78.5,20.4,32,0.4,0.2,GOOD,0.98
N000755,2026-06-19 21:42:00,Assam,Cachar,24.7721,92.7682,BSNL,4G,98,-64,123.5,41.1,31,1.3,0.7,GOOD,0.9
N000756,2026-06-19 21:45:00,Assam,Nagaon,26.4509,92.6421,Airtel,5G,92,-75,103.5,15.9,18,0.4,0.2,GOOD,0.92
N000757,2026-06-19 21:48:00,Meghalaya,East Khasi Hills,25.4573,91.9708,Jio,3G,78,-89,14.2,2.2,129,4.9,2.7,POOR,0.85
N000758,2026-06-19 21:51:00,Meghalaya,West Khasi Hills,25.5542,91.2086,BSNL,4G,86,-87,9.4,2.3,108,5.5,3.0,OK,0.88
N000759,2026-06-19 21:54:00,Meghalaya,Ri-Bhoi,26.0135,91.7579,BSNL,5G,100,-65,83.0,24.8,26,0.3,0.2,GOOD,0.86
N000760,2026-06-19 21:57:00,Meghalaya,West Jaintia Hills,25.4201,92.187,Jio,4G,66,-81,8.2,2.3,123,5.8,3.2,OK,0.93
N000761,2026-06-19 22:00:00,Sikkim,East Sikkim,27.4289,88.6512,BSNL,3G,83,-82,10.1,1.2,80,4.2,2.3,POOR,0.96
N000762,2026-06-19 22:03:00,Sikkim,North Sikkim,27.5679,88.6945,Airtel,3G,44,-115,0.66,0.43,432,32.0,17.6,POOR,0.88
N000763,2026-06-19 22:06:00,Sikkim,South Sikkim,27.1972,88.4407,BSNL,2G,82,-80,14.4,4.1,122,5.4,3.0,POOR,0.97
N000764,2026-06-19 22:09:00,Nagaland,Kohima,25.7588,94.142,Airtel,4G,70,-90,9.7,3.4,95,4.6,2.5,OK,0.9
N000765,2026-06-19 22:12:00,Nagaland,Dimapur,26.0488,93.6167,Jio,4G,100,-53,117.5,28.3,47,0.5,0.3,GOOD,0.88
N000766,2026-06-19 22:15:00,Nagaland,Mokokchung,26.3072,94.389,Airtel,2G,65,-78,15.0,2.6,117,2.9,1.6,POOR,0.91
N000767,2026-06-19 22:18:00,Manipur,Imphal West,24.8704,94.0171,BSNL,5G,98,-54,78.5,10.3,42,1.2,0.7,GOOD,0.97
N000768,2026-06-19 22:21:00,Manipur,Bishnupur,24.7691,93.8764,Jio,5G,96,-65,53.5,35.0,36,0.3,0.2,GOOD,0.92
N000769,2026-06-19 22:24:00,Manipur,Senapati,25.1386,94.0585,Jio,2G,74,-95,10.6,3.3,98,3.3,1.8,POOR,0.87
N000770,2026-06-19 22:27:00,Mizoram,Aizawl,23.7695,92.6122,BSNL,2G,71,-80,5.2,3.9,109,4.2,2.3,POOR,0.91
N000771,2026-06-19 22:30:00,Mizoram,Kolasib,24.0864,92.723,BSNL,4G,96,-57,109.9,11.2,47,0.5,0.3,GOOD,0.86
N000772,2026-06-19 22:33:00,Mizoram,Lunglei,22.8788,92.6396,Jio,2G,67,-83,7.1,3.7,135,5.0,2.8,POOR,0.95
N000773,2026-06-19 22:36:00,Tripura,West Tripura,23.9725,91.1519,BSNL,5G,97,-76,68.9,15.4,22,0.6,0.3,GOOD,0.87
N000774,2026-06-19 22:39:00,Tripura,Sipahijala,23.7301,91.1856,Jio,4G,92,-70,46.4,34.3,47,1.1,0.6,GOOD,0.94
N000775,2026-06-19 22:42:00,Tripura,Dhalai,23.957,91.8341,Jio,4G,95,-66,62.2,27.2,31,0.6,0.3,GOOD,0.97
N000776,2026-06-19 22:45:00,Arunachal Pradesh,Tawang,27.4414,91.8304,Jio,2G,24,-108,1.56,0.07,666,26.9,14.8,POOR,0.89
N000777,2026-06-19 22:48:00,Arunachal Pradesh,West Kameng,27.1418,92.4472,BSNL,NO_SERVICE,37,-113,1.58,0.29,615,31.2,17.2,NO_NETWORK,0.96
N000778,2026-06-19 22:51:00,Arunachal Pradesh,Papum Pare,27.1191,93.663,Jio,4G,93,-54,83.6,20.5,37,0.9,0.5,GOOD,0.92
N000779,2026-06-19 22:54:00,Arunachal Pradesh,East Siang,27.9323,95.2429,BSNL,5G,98,-61,124.1,35.1,47,1.2,0.7,GOOD,0.92
N000780,2026-06-19 22:57:00,Arunachal Pradesh,Lower Subansiri,27.58,93.895,BSNL,4G,69,-82,15.0,3.0,68,3.6,2.0,OK,0.9
N000781,2026-06-19 23:00:00,Assam,Kamrup Metropolitan,26.2223,91.6527,Airtel,5G,100,-69,30.1,23.7,25,0.3,0.2,GOOD,0.91
N000782,2026-06-19 23:03:00,Assam,Kamrup Rural,26.275,91.5763,Airtel,5G,95,-68,99.3,33.9,47,0.5,0.3,GOOD,0.92
N000783,2026-06-19 23:06:00,Assam,Darrang,26.3512,91.9231,BSNL,5G,98,-73,41.7,27.9,47,1.1,0.6,GOOD,0.96
N000784,2026-06-19 23:09:00,Assam,Sonitpur,26.5601,92.7014,Jio,5G,97,-60,35.2,17.9,47,1.4,0.8,GOOD,0.91
N000785,2026-06-19 23:12:00,Assam,Dibrugarh,27.4599,94.9964,Airtel,4G,93,-70,98.2,29.3,24,0.8,0.4,GOOD,0.93
N000786,2026-06-19 23:15:00,Assam,Cachar,24.6973,92.8189,Jio,5G,99,-56,80.2,22.0,42,0.2,0.1,GOOD,0.92
N000787,2026-06-19 23:18:00,Assam,Nagaon,26.3304,92.7315,BSNL,5G,94,-58,85.0,31.6,26,1.1,0.6,GOOD,0.97
N000788,2026-06-19 23:21:00,Meghalaya,East Khasi Hills,25.5879,91.7579,BSNL,3G,69,-97,9.2,3.9,70,4.9,2.7,POOR,0.97
N000789,2026-06-19 23:24:00,Meghalaya,West Khasi Hills,25.6373,91.3443,Airtel,3G,88,-81,10.5,3.4,101,4.8,2.6,POOR,0.88
N000790,2026-06-19 23:27:00,Meghalaya,Ri-Bhoi,25.9691,91.7685,BSNL,4G,100,-75,109.0,34.6,35,0.5,0.3,GOOD,0.96
N000791,2026-06-19 23:30:00,Meghalaya,West Jaintia Hills,25.3966,92.3144,Jio,2G,85,-87,7.0,3.5,129,4.1,2.3,POOR,0.97
N000792,2026-06-19 23:33:00,Sikkim,East Sikkim,27.4176,88.5386,BSNL,3G,79,-85,7.8,4.1,117,3.7,2.0,POOR,0.92
N000793,2026-06-19 23:36:00,Sikkim,North Sikkim,27.39,88.5238,Jio,NO_SERVICE,28,-95,1.36,0.5,664,19.5,10.7,NO_NETWORK,0.86
N000794,2026-06-19 23:39:00,Sikkim,South Sikkim,27.2729,88.3643,Airtel,2G,80,-92,6.4,4.3,115,4.9,2.7,POOR,0.96
N000795,2026-06-19 23:42:00,Nagaland,Kohima,25.7149,94.0189,BSNL,4G,85,-79,7.6,2.3,138,6.3,3.5,OK,0.95
N000796,2026-06-19 23:45:00,Nagaland,Dimapur,26.0332,93.6173,Airtel,5G,96,-60,42.3,24.4,29,0.9,0.5,GOOD,0.86
N000797,2026-06-19 23:48:00,Nagaland,Mokokchung,26.3262,94.5783,Airtel,4G,80,-88,15.9,3.1,97,5.1,2.8,OK,0.94
N000798,2026-06-19 23:51:00,Manipur,Imphal West,24.8357,93.9616,Airtel,2G,67,-85,13.7,1.2,105,2.5,1.4,POOR,0.97
N000799,2026-06-19 23:54:00,Manipur,Bishnupur,24.7068,93.8669,Jio,5G,93,-75,86.6,21.4,27,0.7,0.4,GOOD,0.95
N000800,2026-06-19 23:57:00,Manipur,Senapati,25.1138,93.8919,Airtel,4G,86,-78,13.4,4.5,110,3.7,2.0,OK,0.88
N000801,2026-06-20 00:00:00,Mizoram,Aizawl,23.6371,92.7927,Airtel,3G,69,-85,14.1,4.8,69,3.8,2.1,POOR,0.97
N000802,2026-06-20 00:03:00,Mizoram,Kolasib,24.1139,92.5486,Jio,4G,98,-63,107.8,10.8,24,0.7,0.4,GOOD,0.86
N000803,2026-06-20 00:06:00,Mizoram,Lunglei,22.7397,92.8342,Airtel,4G,83,-97,14.9,4.9,112,6.4,3.5,OK,0.96
N000804,2026-06-20 00:09:00,Tripura,West Tripura,23.8501,91.2041,Jio,4G,100,-69,117.8,40.4,22,1.4,0.8,GOOD,0.95
N000805,2026-06-20 00:12:00,Tripura,Sipahijala,23.7203,91.4016,Jio,4G,95,-54,74.8,41.2,33,0.9,0.5,GOOD,0.86
N000806,2026-06-20 00:15:00,Tripura,Dhalai,23.8145,91.825,BSNL,4G,98,-54,91.0,31.7,40,1.0,0.6,GOOD,0.96
N000807,2026-06-20 00:18:00,Arunachal Pradesh,Tawang,27.6017,91.7133,BSNL,2G,50,-99,0.88,0.2,578,27.7,15.2,POOR,0.9
N000808,2026-06-20 00:21:00,Arunachal Pradesh,West Kameng,27.3726,92.3988,BSNL,2G,42,-99,0.25,0.36,558,23.3,12.8,POOR,0.86
N000809,2026-06-20 00:24:00,Arunachal Pradesh,Papum Pare,27.1447,93.6931,BSNL,4G,97,-74,76.6,20.4,30,1.4,0.8,GOOD,0.96
N000810,2026-06-20 00:27:00,Arunachal Pradesh,East Siang,28.1335,95.234,Airtel,5G,92,-75,54.4,25.1,43,0.2,0.1,GOOD,0.92
N000811,2026-06-20 00:30:00,Arunachal Pradesh,Lower Subansiri,27.4561,93.7321,Jio,4G,85,-85,7.9,2.8,108,5.6,3.1,OK,0.85
N000812,2026-06-20 00:33:00,Assam,Kamrup Metropolitan,26.0782,91.6655,Airtel,5G,92,-62,118.7,39.8,48,1.2,0.7,GOOD,0.97
N000813,2026-06-20 00:36:00,Assam,Kamrup Rural,26.1342,91.6249,Jio,4G,93,-70,33.5,35.1,32,0.9,0.5,GOOD,0.87
N000814,2026-06-20 00:39:00,Assam,Darrang,26.4811,92.1131,Jio,5G,98,-62,42.1,16.8,41,1.2,0.7,GOOD,0.89
N000815,2026-06-20 00:42:00,Assam,Sonitpur,26.631,92.8144,Airtel,5G,98,-72,97.9,33.7,46,0.6,0.3,GOOD,0.94
N000816,2026-06-20 00:45:00,Assam,Dibrugarh,27.4804,95.0491,Airtel,5G,98,-64,88.0,38.5,30,0.3,0.2,GOOD,0.98
N000817,2026-06-20 00:48:00,Assam,Cachar,24.8081,92.79,Airtel,4G,93,-72,53.7,25.8,33,0.7,0.4,GOOD,0.85
N000818,2026-06-20 00:51:00,Assam,Nagaon,26.3942,92.6333,BSNL,4G,100,-72,39.2,27.2,24,0.3,0.2,GOOD,0.9
N000819,2026-06-20 00:54:00,Meghalaya,East Khasi Hills,25.5879,92.0423,BSNL,2G,71,-88,8.4,1.5,109,6.2,3.4,POOR,0.87
N000820,2026-06-20 00:57:00,Meghalaya,West Khasi Hills,25.3944,91.2138,Jio,4G,88,-83,7.4,3.2,131,5.8,3.2,OK,0.92
N000821,2026-06-20 01:00:00,Meghalaya,Ri-Bhoi,25.9363,92.0177,Airtel,4G,93,-66,90.0,25.4,21,1.0,0.6,GOOD,0.88
N000822,2026-06-20 01:03:00,Meghalaya,West Jaintia Hills,25.5389,92.084,Airtel,3G,71,-94,13.1,3.3,85,4.8,2.6,POOR,0.88
N000823,2026-06-20 01:06:00,Sikkim,East Sikkim,27.4623,88.7031,Airtel,2G,75,-84,7.7,4.2,132,4.0,2.2,POOR,0.9
N000824,2026-06-20 01:09:00,Sikkim,North Sikkim,27.496,88.4889,Jio,NO_SERVICE,16,-106,1.43,0.2,472,22.8,12.5,NO_NETWORK,0.9
N000825,2026-06-20 01:12:00,Sikkim,South Sikkim,27.3045,88.2502,Airtel,3G,71,-95,9.1,4.4,70,5.6,3.1,POOR,0.85
N000826,2026-06-20 01:15:00,Nagaland,Kohima,25.5447,94.1597,Airtel,2G,74,-78,11.0,4.8,100,5.0,2.8,POOR,0.85
N000827,2026-06-20 01:18:00,Nagaland,Dimapur,26.0075,93.6392,Jio,5G,100,-61,74.8,27.6,33,1.1,0.6,GOOD,0.95
N000828,2026-06-20 01:21:00,Nagaland,Mokokchung,26.4076,94.564,BSNL,3G,65,-98,7.3,4.1,105,5.3,2.9,POOR,0.89
N000829,2026-06-20 01:24:00,Manipur,Imphal West,24.6741,94.0019,Jio,4G,99,-72,115.9,16.6,24,0.7,0.4,GOOD,0.87
N000830,2026-06-20 01:27:00,Manipur,Bishnupur,24.7207,93.7819,Jio,4G,99,-70,43.0,19.3,36,1.3,0.7,GOOD,0.94
N000831,2026-06-20 01:30:00,Manipur,Senapati,25.2323,93.9953,Airtel,4G,77,-93,14.9,2.4,74,3.2,1.8,OK,0.97
N000832,2026-06-20 01:33:00,Mizoram,Aizawl,23.7791,92.7281,Airtel,3G,70,-79,15.1,1.4,139,2.3,1.3,POOR,0.87
N000833,2026-06-20 01:36:00,Mizoram,Kolasib,24.2938,92.5437,Jio,4G,96,-69,103.9,10.7,37,0.7,0.4,GOOD,0.85
N000834,2026-06-20 01:39:00,Mizoram,Lunglei,22.7618,92.8261,BSNL,3G,81,-91,15.9,3.9,125,1.9,1.0,POOR,0.91
N000835,2026-06-20 01:42:00,Tripura,West Tripura,23.9595,91.2512,Jio,5G,95,-74,129.0,25.3,35,0.8,0.4,GOOD,0.96
N000836,2026-06-20 01:45:00,Tripura,Sipahijala,23.645,91.2029,BSNL,5G,95,-63,120.3,21.5,22,0.4,0.2,GOOD,0.86
N000837,2026-06-20 01:48:00,Tripura,Dhalai,23.7885,91.8902,Jio,5G,100,-73,120.6,18.7,27,1.1,0.6,GOOD,0.93
N000838,2026-06-20 01:51:00,Arunachal Pradesh,Tawang,27.6746,91.9282,Airtel,NO_SERVICE,35,-114,1.41,0.2,459,24.9,13.7,NO_NETWORK,0.9
N000839,2026-06-20 01:54:00,Arunachal Pradesh,West Kameng,27.3769,92.3083,Airtel,2G,41,-105,1.14,0.6,556,31.6,17.4,POOR,0.97
N000840,2026-06-20 01:57:00,Arunachal Pradesh,Papum Pare,27.1115,93.7507,Airtel,5G,97,-55,32.0,41.6,37,0.2,0.1,GOOD,0.95
N000841,2026-06-20 02:00:00,Arunachal Pradesh,East Siang,28.1338,95.2395,BSNL,4G,99,-69,43.2,38.3,32,0.7,0.4,GOOD,0.95
N000842,2026-06-20 02:03:00,Arunachal Pradesh,Lower Subansiri,27.4483,93.7462,Airtel,2G,82,-79,10.3,3.0,121,3.5,1.9,POOR,0.88
N000843,2026-06-20 02:06:00,Assam,Kamrup Metropolitan,26.1958,91.7564,BSNL,5G,96,-65,60.9,41.6,20,0.6,0.3,GOOD,0.88
N000844,2026-06-20 02:09:00,Assam,Kamrup Rural,26.3333,91.5504,Airtel,5G,100,-60,52.0,36.9,44,0.7,0.4,GOOD,0.85
N000845,2026-06-20 02:12:00,Assam,Darrang,26.3772,91.9402,BSNL,4G,93,-68,114.7,27.2,31,0.8,0.4,GOOD,0.87
N000846,2026-06-20 02:15:00,Assam,Sonitpur,26.5223,92.8392,BSNL,4G,97,-53,77.9,12.2,39,1.4,0.8,GOOD,0.92
N000847,2026-06-20 02:18:00,Assam,Dibrugarh,27.3808,94.9078,Airtel,5G,99,-75,62.8,39.5,44,0.7,0.4,GOOD,0.92
N000848,2026-06-20 02:21:00,Assam,Cachar,24.8586,92.7986,BSNL,5G,97,-64,115.7,17.3,41,1.1,0.6,GOOD,0.96
N000849,2026-06-20 02:24:00,Assam,Nagaon,26.2458,92.628,Airtel,5G,94,-71,30.2,18.6,23,0.1,0.1,GOOD,0.93
N000850,2026-06-20 02:27:00,Meghalaya,East Khasi Hills,25.5596,91.9953,Jio,4G,81,-79,6.9,4.2,140,4.7,2.6,OK,0.94
N000851,2026-06-20 02:30:00,Meghalaya,West Khasi Hills,25.504,91.2436,BSNL,4G,81,-93,12.4,3.9,87,4.6,2.5,OK,0.88
N000852,2026-06-20 02:33:00,Meghalaya,Ri-Bhoi,25.8027,91.912,BSNL,5G,98,-71,59.8,28.7,38,1.1,0.6,GOOD,0.96
N000853,2026-06-20 02:36:00,Meghalaya,West Jaintia Hills,25.5674,92.1089,BSNL,4G,67,-91,8.2,3.6,85,2.6,1.4,OK,0.91
N000854,2026-06-20 02:39:00,Sikkim,East Sikkim,27.2115,88.4621,BSNL,2G,87,-96,13.4,3.0,139,6.3,3.5,POOR,0.93
N000855,2026-06-20 02:42:00,Sikkim,North Sikkim,27.5237,88.6308,Jio,NO_SERVICE,27,-99,0.76,0.59,591,15.9,8.7,NO_NETWORK,0.88
N000856,2026-06-20 02:45:00,Sikkim,South Sikkim,27.183,88.4996,Jio,2G,69,-91,14.1,1.7,71,2.0,1.1,POOR,0.93
N000857,2026-06-20 02:48:00,Nagaland,Kohima,25.6428,94.226,BSNL,2G,70,-95,15.0,2.1,67,4.1,2.3,POOR,0.92
N000858,2026-06-20 02:51:00,Nagaland,Dimapur,25.8962,93.7306,BSNL,5G,94,-74,45.0,13.5,38,0.4,0.2,GOOD,0.95
N000859,2026-06-20 02:54:00,Nagaland,Mokokchung,26.2467,94.6592,BSNL,3G,69,-87,15.4,1.6,74,1.9,1.0,POOR,0.95
N000860,2026-06-20 02:57:00,Manipur,Imphal West,24.7091,93.8346,Jio,4G,92,-71,102.0,32.2,19,0.9,0.5,GOOD,0.92
N000861,2026-06-20 03:00:00,Manipur,Bishnupur,24.7727,93.8353,Airtel,4G,97,-73,79.5,25.9,29,0.9,0.5,GOOD,0.86
N000862,2026-06-20 03:03:00,Manipur,Senapati,25.3384,93.9295,BSNL,4G,65,-88,12.0,2.4,86,5.7,3.1,OK,0.94
N000863,2026-06-20 03:06:00,Mizoram,Aizawl,23.6391,92.8399,Jio,4G,68,-96,15.7,4.6,123,5.5,3.0,OK,0.97
N000864,2026-06-20 03:09:00,Mizoram,Kolasib,24.3345,92.542,Airtel,5G,99,-64,109.8,15.4,19,0.9,0.5,GOOD,0.88
N000865,2026-06-20 03:12:00,Mizoram,Lunglei,22.8864,92.8389,Airtel,3G,83,-79,5.1,3.5,95,4.1,2.3,POOR,0.97
N000866,2026-06-20 03:15:00,Tripura,West Tripura,23.8525,91.2498,Airtel,5G,96,-75,65.7,19.0,26,0.6,0.3,GOOD,0.92
N000867,2026-06-20 03:18:00,Tripura,Sipahijala,23.7356,91.317,Airtel,4G,98,-66,34.5,27.7,35,0.4,0.2,GOOD,0.98
N000868,2026-06-20 03:21:00,Tripura,Dhalai,23.8218,91.9452,BSNL,5G,93,-66,111.3,24.4,46,0.4,0.2,GOOD,0.9
N000869,2026-06-20 03:24:00,Arunachal Pradesh,Tawang,27.6174,91.86,Airtel,NO_SERVICE,18,-100,0.64,0.46,669,17.5,9.6,NO_NETWORK,0.95
N000870,2026-06-20 03:27:00,Arunachal Pradesh,West Kameng,27.2689,92.3501,BSNL,NO_SERVICE,36,-100,0.02,0.46,615,29.3,16.1,NO_NETWORK,0.97
N000871,2026-06-20 03:30:00,Arunachal Pradesh,Papum Pare,27.1656,93.5021,BSNL,5G,98,-65,47.5,30.3,47,1.2,0.7,GOOD,0.96
N000872,2026-06-20 03:33:00,Arunachal Pradesh,East Siang,27.95,95.3786,BSNL,4G,97,-60,79.6,11.4,35,0.6,0.3,GOOD,0.91
N000873,2026-06-20 03:36:00,Arunachal Pradesh,Lower Subansiri,27.65,93.6867,Airtel,3G,79,-98,14.1,2.6,119,6.5,3.6,POOR,0.91
N000874,2026-06-20 03:39:00,Assam,Kamrup Metropolitan,26.0349,91.74,Airtel,4G,92,-74,114.8,32.4,21,1.3,0.7,GOOD,0.89
N000875,2026-06-20 03:42:00,Assam,Kamrup Rural,26.1125,91.466,Airtel,5G,99,-76,49.1,32.2,29,0.4,0.2,GOOD,0.9
N000876,2026-06-20 03:45:00,Assam,Darrang,26.3076,92.0969,Airtel,5G,99,-66,82.7,9.3,32,1.3,0.7,GOOD,0.93
N000877,2026-06-20 03:48:00,Assam,Sonitpur,26.5488,92.8246,BSNL,4G,98,-73,89.7,11.0,34,0.5,0.3,GOOD,0.88
N000878,2026-06-20 03:51:00,Assam,Dibrugarh,27.5719,94.9423,Jio,4G,92,-66,104.1,18.8,34,0.2,0.1,GOOD,0.89
N000879,2026-06-20 03:54:00,Assam,Cachar,24.8703,92.7821,Jio,5G,96,-52,56.6,33.6,23,0.6,0.3,GOOD,0.87
N000880,2026-06-20 03:57:00,Assam,Nagaon,26.3312,92.7112,Airtel,4G,100,-73,39.0,36.2,35,1.2,0.7,GOOD,0.88
N000881,2026-06-20 04:00:00,Meghalaya,East Khasi Hills,25.4338,91.9001,Jio,2G,85,-79,7.7,1.5,108,6.0,3.3,POOR,0.92
N000882,2026-06-20 04:03:00,Meghalaya,West Khasi Hills,25.4049,91.1389,BSNL,4G,79,-84,9.7,3.8,76,2.7,1.5,OK,0.92
N000883,2026-06-20 04:06:00,Meghalaya,Ri-Bhoi,26.0133,91.8894,BSNL,4G,98,-73,30.4,11.7,21,0.3,0.2,GOOD,0.96
N000884,2026-06-20 04:09:00,Meghalaya,West Jaintia Hills,25.3391,92.231,BSNL,2G,81,-83,9.3,4.2,134,4.0,2.2,POOR,0.93
N000885,2026-06-20 04:12:00,Sikkim,East Sikkim,27.3925,88.5859,Jio,2G,85,-82,14.2,1.8,95,2.1,1.2,POOR,0.86
N000886,2026-06-20 04:15:00,Sikkim,North Sikkim,27.5089,88.4688,Jio,NO_SERVICE,35,-111,1.0,0.03,346,24.9,13.7,NO_NETWORK,0.85
N000887,2026-06-20 04:18:00,Sikkim,South Sikkim,27.1252,88.4414,Jio,4G,75,-78,4.3,5.0,99,3.7,2.0,OK,0.9
N000888,2026-06-20 04:21:00,Nagaland,Kohima,25.5544,93.9988,Jio,4G,65,-88,9.0,3.4,88,5.6,3.1,OK,0.95
N000889,2026-06-20 04:24:00,Nagaland,Dimapur,25.7819,93.757,BSNL,5G,100,-60,106.4,28.7,24,0.7,0.4,GOOD,0.92
N000890,2026-06-20 04:27:00,Nagaland,Mokokchung,26.3877,94.6068,Airtel,3G,73,-98,14.6,3.4,87,6.5,3.6,POOR,0.96
N000891,2026-06-20 04:30:00,Manipur,Imphal West,24.7795,93.8484,Jio,2G,80,-95,9.4,1.7,128,4.5,2.5,POOR,0.91
N000892,2026-06-20 04:33:00,Manipur,Bishnupur,24.5288,93.81,Airtel,5G,92,-58,61.5,16.4,44,0.4,0.2,GOOD,0.86
N000893,2026-06-20 04:36:00,Manipur,Senapati,25.2794,94.0436,BSNL,2G,75,-93,5.5,4.4,119,3.1,1.7,POOR,0.85
N000894,2026-06-20 04:39:00,Mizoram,Aizawl,23.7427,92.7349,BSNL,3G,66,-88,6.0,1.5,122,6.4,3.5,POOR,0.95
N000895,2026-06-20 04:42:00,Mizoram,Kolasib,24.1461,92.622,BSNL,4G,96,-54,113.6,13.0,29,1.3,0.7,GOOD,0.9
N000896,2026-06-20 04:45:00,Mizoram,Lunglei,22.7714,92.8491,Airtel,3G,75,-95,15.6,3.9,68,1.9,1.0,POOR,0.88
N000897,2026-06-20 04:48:00,Tripura,West Tripura,23.8913,91.1853,BSNL,5G,94,-60,72.5,13.8,19,0.2,0.1,GOOD,0.85
N000898,2026-06-20 04:51:00,Tripura,Sipahijala,23.7253,91.3462,BSNL,5G,94,-66,69.3,37.3,19,0.7,0.4,GOOD,0.97
N000899,2026-06-20 04:54:00,Tripura,Dhalai,23.9894,91.7016,Jio,4G,97,-58,100.7,25.2,39,0.7,0.4,GOOD,0.94
N000900,2026-06-20 04:57:00,Arunachal Pradesh,Tawang,27.6162,91.7358,BSNL,NO_SERVICE,43,-96,0.25,0.01,333,21.9,12.0,NO_NETWORK,0.93
N000901,2026-06-20 05:00:00,Arunachal Pradesh,West Kameng,27.1258,92.3812,Airtel,NO_SERVICE,47,-105,0.81,0.43,618,18.7,10.3,NO_NETWORK,0.94
N000902,2026-06-20 05:03:00,Arunachal Pradesh,Papum Pare,27.1639,93.6458,BSNL,5G,97,-73,39.1,9.3,47,1.4,0.8,GOOD,0.92
N000903,2026-06-20 05:06:00,Arunachal Pradesh,East Siang,28.0477,95.2365,Jio,5G,95,-74,61.7,24.1,47,0.9,0.5,GOOD,0.93
N000904,2026-06-20 05:09:00,Arunachal Pradesh,Lower Subansiri,27.4584,93.9152,Airtel,2G,78,-85,12.6,3.0,117,3.5,1.9,POOR,0.98
N000905,2026-06-20 05:12:00,Assam,Kamrup Metropolitan,26.0453,91.597,Airtel,5G,98,-62,127.7,22.9,38,1.0,0.6,GOOD,0.86
N000906,2026-06-20 05:15:00,Assam,Kamrup Rural,26.0611,91.4948,Jio,4G,92,-54,119.0,20.4,26,0.8,0.4,GOOD,0.93
N000907,2026-06-20 05:18:00,Assam,Darrang,26.4778,92.0363,BSNL,4G,94,-59,113.3,38.4,26,1.3,0.7,GOOD,0.95
N000908,2026-06-20 05:21:00,Assam,Sonitpur,26.6487,92.8604,Airtel,4G,96,-55,59.3,18.1,23,1.3,0.7,GOOD,0.92
N000909,2026-06-20 05:24:00,Assam,Dibrugarh,27.6118,94.845,BSNL,4G,93,-58,33.8,24.1,21,0.7,0.4,GOOD,0.96
N000910,2026-06-20 05:27:00,Assam,Cachar,24.8045,92.6303,Jio,5G,99,-66,87.3,36.8,44,1.1,0.6,GOOD,0.86
N000911,2026-06-20 05:30:00,Assam,Nagaon,26.2169,92.6223,Jio,5G,92,-71,29.0,40.7,24,0.8,0.4,GOOD,0.94
N000912,2026-06-20 05:33:00,Meghalaya,East Khasi Hills,25.6916,91.9872,Jio,3G,79,-91,4.0,1.7,115,5.6,3.1,POOR,0.93
N000913,2026-06-20 05:36:00,Meghalaya,West Khasi Hills,25.4731,91.2551,BSNL,2G,85,-84,5.6,2.2,121,3.7,2.0,POOR,0.97
N000914,2026-06-20 05:39:00,Meghalaya,Ri-Bhoi,25.8877,91.8682,BSNL,5G,100,-67,78.4,30.2,30,0.2,0.1,GOOD,0.88
N000915,2026-06-20 05:42:00,Meghalaya,West Jaintia Hills,25.3773,92.1648,Airtel,2G,82,-79,15.1,1.7,111,2.7,1.5,POOR,0.97
N000916,2026-06-20 05:45:00,Sikkim,East Sikkim,27.2579,88.5512,Jio,3G,82,-95,15.3,4.1,107,2.4,1.3,POOR,0.96
N000917,2026-06-20 05:48:00,Sikkim,North Sikkim,27.5997,88.4745,Airtel,3G,40,-115,0.95,0.25,543,20.4,11.2,POOR,0.9
N000918,2026-06-20 05:51:00,Sikkim,South Sikkim,27.1226,88.3664,BSNL,3G,74,-97,6.2,3.9,139,2.2,1.2,POOR,0.86
N000919,2026-06-20 05:54:00,Nagaland,Kohima,25.7934,94.0393,Jio,3G,79,-80,6.3,2.3,118,4.1,2.3,POOR,0.86
N000920,2026-06-20 05:57:00,Nagaland,Dimapur,25.9065,93.6374,Airtel,5G,100,-67,102.3,23.7,38,1.3,0.7,GOOD,0.86
N000921,2026-06-20 06:00:00,Nagaland,Mokokchung,26.2438,94.6205,Jio,3G,68,-94,12.1,4.8,73,5.1,2.8,POOR,0.93
N000922,2026-06-20 06:03:00,Manipur,Imphal West,24.699,94.0629,Airtel,2G,81,-86,15.0,4.3,71,2.6,1.4,POOR,0.95
N000923,2026-06-20 06:06:00,Manipur,Bishnupur,24.4844,93.8716,Airtel,4G,99,-63,101.9,14.9,18,0.7,0.4,GOOD,0.97
N000924,2026-06-20 06:09:00,Manipur,Senapati,25.2046,94.1294,BSNL,4G,76,-92,4.3,3.6,94,2.7,1.5,OK,0.9
N000925,2026-06-20 06:12:00,Mizoram,Aizawl,23.7243,92.8629,BSNL,3G,74,-79,11.3,3.1,91,3.8,2.1,POOR,0.91
N000926,2026-06-20 06:15:00,Mizoram,Kolasib,24.2951,92.5685,Jio,4G,94,-70,125.7,19.9,21,1.3,0.7,GOOD,0.92
N000927,2026-06-20 06:18:00,Mizoram,Lunglei,22.8922,92.7407,Jio,3G,83,-90,13.1,2.9,97,4.0,2.2,POOR,0.98
N000928,2026-06-20 06:21:00,Tripura,West Tripura,23.8187,91.1729,BSNL,4G,96,-75,35.0,33.1,46,0.8,0.4,GOOD,0.91
N000929,2026-06-20 06:24:00,Tripura,Sipahijala,23.4885,91.2252,Airtel,4G,98,-74,128.1,28.5,44,1.2,0.7,GOOD,0.89
N000930,2026-06-20 06:27:00,Tripura,Dhalai,23.9586,91.7561,Airtel,5G,98,-58,49.7,36.4,26,0.7,0.4,GOOD,0.97
N000931,2026-06-20 06:30:00,Arunachal Pradesh,Tawang,27.62,91.8192,Jio,2G,38,-97,1.74,0.56,458,31.8,17.5,POOR,0.91
N000932,2026-06-20 06:33:00,Arunachal Pradesh,West Kameng,27.3402,92.3754,Airtel,2G,17,-114,0.79,0.59,365,20.9,11.5,POOR,0.86
N000933,2026-06-20 06:36:00,Arunachal Pradesh,Papum Pare,26.9897,93.6394,Airtel,4G,94,-59,55.5,17.1,38,0.9,0.5,GOOD,0.93
N000934,2026-06-20 06:39:00,Arunachal Pradesh,East Siang,28.1572,95.3426,Jio,4G,95,-66,41.0,29.6,36,0.8,0.4,GOOD,0.93
N000935,2026-06-20 06:42:00,Arunachal Pradesh,Lower Subansiri,27.6877,93.7249,BSNL,3G,84,-88,10.9,2.6,132,3.2,1.8,POOR,0.87
N000936,2026-06-20 06:45:00,Assam,Kamrup Metropolitan,26.0348,91.8542,BSNL,4G,94,-60,56.1,36.3,39,1.3,0.7,GOOD,0.95
N000937,2026-06-20 06:48:00,Assam,Kamrup Rural,26.2706,91.502,Airtel,5G,96,-69,68.9,10.5,18,0.6,0.3,GOOD,0.95
N000938,2026-06-20 06:51:00,Assam,Darrang,26.3317,91.93,BSNL,5G,96,-59,78.0,25.9,18,1.1,0.6,GOOD,0.9
N000939,2026-06-20 06:54:00,Assam,Sonitpur,26.6728,92.7776,Jio,5G,99,-55,45.1,27.5,19,0.8,0.4,GOOD,0.87
N000940,2026-06-20 06:57:00,Assam,Dibrugarh,27.49,95.005,Airtel,4G,96,-69,32.7,18.3,27,0.9,0.5,GOOD,0.98
N000941,2026-06-20 07:00:00,Assam,Cachar,24.9435,92.9178,BSNL,5G,93,-52,76.6,41.2,44,0.5,0.3,GOOD,0.94
N000942,2026-06-20 07:03:00,Assam,Nagaon,26.3567,92.8278,Airtel,5G,97,-62,64.9,18.7,39,0.4,0.2,GOOD,0.91
N000943,2026-06-20 07:06:00,Meghalaya,East Khasi Hills,25.575,91.9643,Airtel,3G,69,-96,15.5,4.8,68,2.2,1.2,POOR,0.95
N000944,2026-06-20 07:09:00,Meghalaya,West Khasi Hills,25.4991,91.397,Jio,4G,81,-92,9.9,4.7,133,2.9,1.6,OK,0.93
N000945,2026-06-20 07:12:00,Meghalaya,Ri-Bhoi,25.8512,91.9194,BSNL,5G,95,-72,79.2,13.1,46,0.2,0.1,GOOD,0.92
N000946,2026-06-20 07:15:00,Meghalaya,West Jaintia Hills,25.3237,92.1531,Jio,3G,66,-78,4.7,3.1,93,5.3,2.9,POOR,0.9
N000947,2026-06-20 07:18:00,Sikkim,East Sikkim,27.2691,88.6499,BSNL,2G,73,-78,6.5,4.8,127,3.6,2.0,POOR,0.97
N000948,2026-06-20 07:21:00,Sikkim,North Sikkim,27.6316,88.6244,BSNL,2G,39,-105,0.85,0.08,462,18.9,10.4,POOR,0.87
N000949,2026-06-20 07:24:00,Sikkim,South Sikkim,27.0752,88.2069,Jio,4G,70,-94,14.8,2.3,126,2.5,1.4,OK,0.96
N000950,2026-06-20 07:27:00,Nagaland,Kohima,25.7483,94.1835,BSNL,4G,74,-91,13.0,1.8,113,2.0,1.1,OK,0.97
N000951,2026-06-20 07:30:00,Nagaland,Dimapur,25.7759,93.8411,BSNL,5G,94,-71,43.3,23.7,30,0.2,0.1,GOOD,0.93
N000952,2026-06-20 07:33:00,Nagaland,Mokokchung,26.3322,94.6688,Jio,2G,74,-92,12.2,3.8,74,5.7,3.1,POOR,0.88
N000953,2026-06-20 07:36:00,Manipur,Imphal West,24.8634,94.0524,BSNL,5G,100,-53,104.7,32.7,36,1.0,0.6,GOOD,0.97
N000954,2026-06-20 07:39:00,Manipur,Bishnupur,24.6153,93.6524,Jio,5G,93,-68,110.9,14.6,31,1.4,0.8,GOOD,0.9
N000955,2026-06-20 07:42:00,Manipur,Senapati,25.3091,94.1181,BSNL,3G,70,-87,5.6,3.8,94,2.5,1.4,POOR,0.95
N000956,2026-06-20 07:45:00,Mizoram,Aizawl,23.8384,92.8481,Airtel,2G,89,-83,7.1,3.3,68,5.7,3.1,POOR,0.93
N000957,2026-06-20 07:48:00,Mizoram,Kolasib,24.2793,92.5831,BSNL,5G,99,-63,72.8,21.1,20,0.5,0.3,GOOD,0.9
N000958,2026-06-20 07:51:00,Mizoram,Lunglei,22.9932,92.7205,Jio,2G,74,-79,7.4,4.0,83,5.5,3.0,POOR,0.93
N000959,2026-06-20 07:54:00,Tripura,West Tripura,23.7857,91.2987,BSNL,4G,99,-69,43.0,27.6,23,1.1,0.6,GOOD,0.88
N000960,2026-06-20 07:57:00,Tripura,Sipahijala,23.6087,91.2087,Jio,5G,99,-70,96.7,21.3,40,0.7,0.4,GOOD,0.93
N000961,2026-06-20 08:00:00,Tripura,Dhalai,23.9544,91.8032,Airtel,4G,97,-59,37.4,41.0,24,1.4,0.8,GOOD,0.86
N000962,2026-06-20 08:03:00,Arunachal Pradesh,Tawang,27.5837,91.936,Jio,NO_SERVICE,22,-109,0.26,0.55,449,20.2,11.1,NO_NETWORK,0.9
N000963,2026-06-20 08:06:00,Arunachal Pradesh,West Kameng,27.2024,92.3353,BSNL,3G,43,-103,1.64,0.5,337,20.4,11.2,POOR,0.86
N000964,2026-06-20 08:09:00,Arunachal Pradesh,Papum Pare,27.215,93.5977,Jio,5G,93,-65,94.5,16.4,25,1.1,0.6,GOOD,0.88
N000965,2026-06-20 08:12:00,Arunachal Pradesh,East Siang,28.0329,95.2895,Jio,4G,97,-71,62.4,13.0,28,1.1,0.6,GOOD,0.89
N000966,2026-06-20 08:15:00,Arunachal Pradesh,Lower Subansiri,27.555,93.92,Airtel,2G,88,-91,7.1,1.5,94,3.9,2.1,POOR,0.96
N000967,2026-06-20 08:18:00,Assam,Kamrup Metropolitan,26.0799,91.8091,Airtel,5G,94,-55,41.5,11.7,48,0.7,0.4,GOOD,0.98
N000968,2026-06-20 08:21:00,Assam,Kamrup Rural,26.0555,91.453,BSNL,5G,98,-72,107.0,10.3,43,0.6,0.3,GOOD,0.9
N000969,2026-06-20 08:24:00,Assam,Darrang,26.3836,92.0678,BSNL,4G,95,-63,28.1,24.9,37,0.9,0.5,GOOD,0.9
N000970,2026-06-20 08:27:00,Assam,Sonitpur,26.7747,92.6492,Jio,4G,100,-69,115.2,19.3,31,0.8,0.4,GOOD,0.86
N000971,2026-06-20 08:30:00,Assam,Dibrugarh,27.4543,94.7645,Airtel,4G,93,-58,36.8,9.6,37,1.3,0.7,GOOD,0.89
N000972,2026-06-20 08:33:00,Assam,Cachar,24.7859,92.7224,BSNL,5G,95,-60,60.6,35.9,25,0.3,0.2,GOOD,0.91
N000973,2026-06-20 08:36:00,Assam,Nagaon,26.4043,92.5435,Airtel,5G,98,-57,89.9,37.0,41,0.6,0.3,GOOD,0.96
N000974,2026-06-20 08:39:00,Meghalaya,East Khasi Hills,25.4456,91.976,BSNL,4G,87,-97,15.1,4.4,66,5.8,3.2,OK,0.96
N000975,2026-06-20 08:42:00,Meghalaya,West Khasi Hills,25.6287,91.185,Airtel,4G,72,-93,11.2,4.8,142,2.1,1.2,OK,0.86
N000976,2026-06-20 08:45:00,Meghalaya,Ri-Bhoi,25.9804,91.8047,BSNL,4G,96,-64,118.2,34.2,20,0.5,0.3,GOOD,0.98
N000977,2026-06-20 08:48:00,Meghalaya,West Jaintia Hills,25.5984,92.1098,Jio,3G,78,-90,13.6,3.5,83,2.7,1.5,POOR,0.9
N000978,2026-06-20 08:51:00,Sikkim,East Sikkim,27.4835,88.5983,Jio,2G,82,-83,5.8,3.4,71,4.3,2.4,POOR,0.85
N000979,2026-06-20 08:54:00,Sikkim,North Sikkim,27.3976,88.6185,Jio,2G,26,-109,0.29,0.02,326,28.9,15.9,POOR,0.92
N000980,2026-06-20 08:57:00,Sikkim,South Sikkim,27.096,88.3916,BSNL,3G,83,-92,5.0,3.8,99,4.7,2.6,POOR,0.88
N000981,2026-06-20 09:00:00,Nagaland,Kohima,25.7251,94.2506,Airtel,3G,82,-92,10.2,3.7,141,2.8,1.5,POOR,0.95
N000982,2026-06-20 09:03:00,Nagaland,Dimapur,25.807,93.6603,BSNL,5G,96,-67,44.5,37.9,44,0.3,0.2,GOOD,0.95
N000983,2026-06-20 09:06:00,Nagaland,Mokokchung,26.4657,94.5443,Airtel,3G,89,-97,5.0,3.7,144,6.1,3.4,POOR,0.87
N000984,2026-06-20 09:09:00,Manipur,Imphal West,24.7784,93.8136,BSNL,5G,100,-54,45.5,13.2,41,1.2,0.7,GOOD,0.86
N000985,2026-06-20 09:12:00,Manipur,Bishnupur,24.5839,93.9054,Airtel,3G,65,-95,15.0,4.9,141,4.1,2.3,POOR,0.92
N000986,2026-06-20 09:15:00,Manipur,Senapati,25.3034,94.0704,BSNL,3G,74,-98,15.3,3.6,69,4.5,2.5,POOR,0.94
N000987,2026-06-20 09:18:00,Mizoram,Aizawl,23.6721,92.7351,Jio,2G,78,-86,12.0,2.1,69,2.0,1.1,POOR,0.97
N000988,2026-06-20 09:21:00,Mizoram,Kolasib,24.2016,92.5879,Jio,5G,96,-74,42.2,39.2,30,0.5,0.3,GOOD,0.96
N000989,2026-06-20 09:24:00,Mizoram,Lunglei,22.8052,92.6018,Airtel,3G,73,-96,14.7,3.0,87,4.8,2.6,POOR,0.89
N000990,2026-06-20 09:27:00,Tripura,West Tripura,23.8906,91.1937,Jio,4G,95,-72,51.3,13.2,42,0.7,0.4,GOOD,0.98
N000991,2026-06-20 09:30:00,Tripura,Sipahijala,23.6255,91.4223,Airtel,4G,96,-67,80.5,11.7,47,1.3,0.7,GOOD,0.95
N000992,2026-06-20 09:33:00,Tripura,Dhalai,23.7207,91.7465,BSNL,4G,95,-53,129.2,9.3,20,0.6,0.3,GOOD,0.91
N000993,2026-06-20 09:36:00,Arunachal Pradesh,Tawang,27.5723,91.9422,BSNL,NO_SERVICE,29,-103,1.32,0.56,422,22.4,12.3,NO_NETWORK,0.87
N000994,2026-06-20 09:39:00,Arunachal Pradesh,West Kameng,27.1201,92.5229,BSNL,NO_SERVICE,38,-100,0.98,0.32,526,17.8,9.8,NO_NETWORK,0.87
N000995,2026-06-20 09:42:00,Arunachal Pradesh,Papum Pare,26.9694,93.7567,Airtel,5G,100,-70,90.7,27.0,18,0.3,0.2,GOOD,0.89
N000996,2026-06-20 09:45:00,Arunachal Pradesh,East Siang,28.0653,95.3414,Jio,5G,95,-71,123.1,16.7,45,1.2,0.7,GOOD,0.97
N000997,2026-06-20 09:48:00,Arunachal Pradesh,Lower Subansiri,27.4966,93.7089,Jio,2G,69,-85,6.6,4.9,83,4.9,2.7,POOR,0.88
N000998,2026-06-20 09:51:00,Assam,Kamrup Metropolitan,26.0334,91.8482,Jio,5G,98,-72,58.8,9.5,26,0.9,0.5,GOOD,0.97
N000999,2026-06-20 09:54:00,Assam,Kamrup Rural,26.0445,91.6045,Airtel,5G,97,-76,66.9,21.9,28,1.1,0.6,GOOD,0.91
N001000,2026-06-20 09:57:00,Assam,Darrang,26.5124,91.9578,Airtel,4G,94,-73,64.4,13.1,26,0.4,0.2,GOOD,0.87
N001001,2026-06-20 10:00:00,Assam,Sonitpur,26.4877,92.9189,Airtel,4G,100,-69,112.9,39.8,46,0.4,0.2,GOOD,0.97
N001002,2026-06-20 10:03:00,Assam,Dibrugarh,27.3468,95.0023,Airtel,5G,93,-54,72.4,22.6,30,0.7,0.4,GOOD,0.92
N001003,2026-06-20 10:06:00,Assam,Cachar,24.9504,92.8755,Airtel,4G,100,-55,76.5,33.5,29,0.2,0.1,GOOD,0.93
N001004,2026-06-20 10:09:00,Assam,Nagaon,26.2749,92.5462,Jio,4G,98,-55,39.7,18.3,48,1.1,0.6,GOOD,0.94
N001005,2026-06-20 10:12:00,Meghalaya,East Khasi Hills,25.4936,91.8991,BSNL,2G,87,-88,11.0,2.6,103,5.5,3.0,POOR,0.92
N001006,2026-06-20 10:15:00,Meghalaya,West Khasi Hills,25.4168,91.2679,Jio,3G,86,-79,14.7,4.9,88,4.4,2.4,POOR,0.87
N001007,2026-06-20 10:18:00,Meghalaya,Ri-Bhoi,25.9175,91.8974,Jio,4G,96,-63,129.3,27.0,28,1.0,0.6,GOOD,0.95
N001008,2026-06-20 10:21:00,Meghalaya,West Jaintia Hills,25.4074,92.1876,Jio,3G,74,-91,7.5,2.9,136,6.5,3.6,POOR,0.86
N001009,2026-06-20 10:24:00,Sikkim,East Sikkim,27.4266,88.6215,Airtel,4G,86,-83,8.6,2.1,85,6.4,3.5,OK,0.95
N001010,2026-06-20 10:27:00,Sikkim,North Sikkim,27.6495,88.5329,BSNL,2G,46,-108,0.23,0.16,343,31.1,17.1,POOR,0.9
N001011,2026-06-20 10:30:00,Sikkim,South Sikkim,27.3191,88.4535,Jio,4G,70,-88,4.8,3.1,72,6.4,3.5,OK,0.96
N001012,2026-06-20 10:33:00,Nagaland,Kohima,25.7429,94.1411,Jio,4G,80,-86,9.5,3.3,70,5.6,3.1,OK,0.86
N001013,2026-06-20 10:36:00,Nagaland,Dimapur,25.9219,93.8009,BSNL,5G,92,-70,55.4,15.6,47,1.1,0.6,GOOD,0.91
N001014,2026-06-20 10:39:00,Nagaland,Mokokchung,26.2941,94.5879,Airtel,2G,85,-98,5.1,4.7,111,5.9,3.2,POOR,0.87
N001015,2026-06-20 10:42:00,Manipur,Imphal West,24.965,93.8774,BSNL,4G,97,-75,65.8,9.3,43,0.7,0.4,GOOD,0.87
N001016,2026-06-20 10:45:00,Manipur,Bishnupur,24.5769,93.846,Airtel,2G,66,-95,8.6,1.5,133,3.5,1.9,POOR,0.89
N001017,2026-06-20 10:48:00,Manipur,Senapati,25.2761,94.0269,BSNL,4G,77,-85,9.4,4.0,99,5.1,2.8,OK,0.91
N001018,2026-06-20 10:51:00,Mizoram,Aizawl,23.7152,92.6144,BSNL,2G,86,-97,14.4,4.1,118,3.3,1.8,POOR,0.9
N001019,2026-06-20 10:54:00,Mizoram,Kolasib,24.1399,92.7733,Airtel,5G,97,-64,116.7,17.3,33,1.2,0.7,GOOD,0.91
N001020,2026-06-20 10:57:00,Mizoram,Lunglei,22.7952,92.6132,Jio,4G,67,-78,13.4,1.7,83,2.9,1.6,OK,0.91
N001021,2026-06-20 11:00:00,Tripura,West Tripura,23.9292,91.3437,BSNL,4G,92,-75,28.6,26.5,26,1.3,0.7,GOOD,0.86
N001022,2026-06-20 11:03:00,Tripura,Sipahijala,23.6777,91.1732,BSNL,5G,99,-66,68.6,31.1,34,1.2,0.7,GOOD,0.87
N001023,2026-06-20 11:06:00,Tripura,Dhalai,23.7168,91.9313,Airtel,4G,95,-67,126.9,30.5,31,0.2,0.1,GOOD,0.9
N001024,2026-06-20 11:09:00,Arunachal Pradesh,Tawang,27.7152,91.7456,Airtel,2G,41,-100,0.1,0.38,339,25.3,13.9,POOR,0.85
N001025,2026-06-20 11:12:00,Arunachal Pradesh,West Kameng,27.2952,92.2693,Airtel,NO_SERVICE,40,-108,0.75,0.32,443,15.6,8.6,NO_NETWORK,0.96
N001026,2026-06-20 11:15:00,Arunachal Pradesh,Papum Pare,27.1077,93.5624,BSNL,4G,92,-63,73.8,29.0,26,1.3,0.7,GOOD,0.93
N001027,2026-06-20 11:18:00,Arunachal Pradesh,East Siang,27.9822,95.1912,Airtel,5G,97,-66,88.4,16.8,20,0.9,0.5,GOOD,0.89
N001028,2026-06-20 11:21:00,Arunachal Pradesh,Lower Subansiri,27.6259,93.8526,Airtel,3G,84,-90,12.5,1.5,114,2.2,1.2,POOR,0.93
N001029,2026-06-20 11:24:00,Assam,Kamrup Metropolitan,26.1128,91.6259,Airtel,4G,100,-57,117.9,22.7,23,0.3,0.2,GOOD,0.89
N001030,2026-06-20 11:27:00,Assam,Kamrup Rural,26.1994,91.4908,Jio,4G,93,-67,91.2,17.6,29,1.4,0.8,GOOD,0.97
N001031,2026-06-20 11:30:00,Assam,Darrang,26.3411,91.9215,Airtel,5G,98,-63,30.6,22.7,26,0.1,0.1,GOOD,0.93
N001032,2026-06-20 11:33:00,Assam,Sonitpur,26.6552,92.811,BSNL,4G,98,-74,85.7,13.1,47,1.3,0.7,GOOD,0.88
N001033,2026-06-20 11:36:00,Assam,Dibrugarh,27.4027,94.891,Jio,5G,97,-67,109.0,14.7,18,0.4,0.2,GOOD,0.88
N001034,2026-06-20 11:39:00,Assam,Cachar,24.8848,92.756,Airtel,4G,96,-68,55.2,21.4,34,0.2,0.1,GOOD,0.89
N001035,2026-06-20 11:42:00,Assam,Nagaon,26.3918,92.7649,Jio,4G,97,-73,117.3,30.0,31,0.8,0.4,GOOD,0.89
N001036,2026-06-20 11:45:00,Meghalaya,East Khasi Hills,25.7258,91.876,BSNL,4G,78,-87,9.6,3.7,67,4.8,2.6,OK,0.94
N001037,2026-06-20 11:48:00,Meghalaya,West Khasi Hills,25.43,91.3156,BSNL,3G,68,-80,9.3,3.8,143,6.4,3.5,POOR,0.85
N001038,2026-06-20 11:51:00,Meghalaya,Ri-Bhoi,25.7837,91.7464,Airtel,5G,97,-72,72.8,11.0,18,0.3,0.2,GOOD,0.93
N001039,2026-06-20 11:54:00,Meghalaya,West Jaintia Hills,25.546,92.0541,BSNL,4G,73,-94,15.0,3.4,121,2.1,1.2,OK,0.91
N001040,2026-06-20 11:57:00,Sikkim,East Sikkim,27.3303,88.5561,Jio,3G,84,-87,8.7,2.5,67,5.4,3.0,POOR,0.94
N001041,2026-06-20 12:00:00,Sikkim,North Sikkim,27.507,88.4776,Airtel,2G,51,-94,1.34,0.37,675,21.6,11.9,POOR,0.95
N001042,2026-06-20 12:03:00,Sikkim,South Sikkim,27.2285,88.4005,Jio,4G,74,-78,12.3,2.8,68,2.2,1.2,OK,0.89
N001043,2026-06-20 12:06:00,Nagaland,Kohima,25.5381,94.0097,Airtel,4G,78,-89,8.9,2.5,139,3.4,1.9,OK,0.87
N001044,2026-06-20 12:09:00,Nagaland,Dimapur,25.8382,93.717,Jio,5G,94,-63,79.2,29.8,23,0.6,0.3,GOOD,0.86
N001045,2026-06-20 12:12:00,Nagaland,Mokokchung,26.2564,94.6256,Jio,4G,81,-94,15.1,3.7,128,3.1,1.7,OK,0.93
N001046,2026-06-20 12:15:00,Manipur,Imphal West,24.7547,94.0518,BSNL,4G,95,-73,71.1,26.4,37,0.5,0.3,GOOD,0.95
N001047,2026-06-20 12:18:00,Manipur,Bishnupur,24.7754,93.6444,Airtel,4G,98,-68,51.7,20.1,35,1.3,0.7,GOOD,0.96
N001048,2026-06-20 12:21:00,Manipur,Senapati,25.1364,93.9197,BSNL,2G,69,-78,15.2,2.9,82,4.7,2.6,POOR,0.91
N001049,2026-06-20 12:24:00,Mizoram,Aizawl,23.589,92.8443,Jio,4G,69,-95,5.3,1.9,70,6.4,3.5,OK,0.9
N001050,2026-06-20 12:27:00,Mizoram,Kolasib,24.1171,92.634,BSNL,4G,95,-74,125.6,29.9,41,1.3,0.7,GOOD,0.9
N001051,2026-06-20 12:30:00,Mizoram,Lunglei,23.0288,92.8836,BSNL,4G,89,-96,6.7,3.8,139,3.0,1.7,OK,0.85
N001052,2026-06-20 12:33:00,Tripura,West Tripura,23.9451,91.4039,BSNL,5G,100,-53,44.3,20.1,46,1.3,0.7,GOOD,0.86
N001053,2026-06-20 12:36:00,Tripura,Sipahijala,23.7697,91.2297,BSNL,5G,97,-59,44.7,14.5,37,0.4,0.2,GOOD,0.97
N001054,2026-06-20 12:39:00,Tripura,Dhalai,23.7263,91.8147,Jio,5G,93,-69,36.1,37.8,27,0.7,0.4,GOOD,0.97
N001055,2026-06-20 12:42:00,Arunachal Pradesh,Tawang,27.5043,91.7815,BSNL,NO_SERVICE,15,-95,0.46,0.37,640,26.4,14.5,NO_NETWORK,0.95
N001056,2026-06-20 12:45:00,Arunachal Pradesh,West Kameng,27.2961,92.4007,BSNL,3G,29,-94,0.14,0.52,409,14.3,7.9,POOR,0.94
N001057,2026-06-20 12:48:00,Arunachal Pradesh,Papum Pare,27.1128,93.7066,Jio,5G,97,-58,116.9,19.2,42,1.0,0.6,GOOD,0.97
N001058,2026-06-20 12:51:00,Arunachal Pradesh,East Siang,28.1856,95.4489,Jio,4G,93,-56,122.8,36.5,39,1.1,0.6,GOOD,0.88
N001059,2026-06-20 12:54:00,Arunachal Pradesh,Lower Subansiri,27.4435,93.9599,Jio,2G,81,-82,7.2,1.5,121,3.2,1.8,POOR,0.97
N001060,2026-06-20 12:57:00,Assam,Kamrup Metropolitan,26.1544,91.802,Jio,4G,96,-63,46.2,16.2,46,0.1,0.1,GOOD,0.87
N001061,2026-06-20 13:00:00,Assam,Kamrup Rural,26.2531,91.6416,Airtel,4G,98,-75,93.0,28.8,38,0.8,0.4,GOOD,0.87
N001062,2026-06-20 13:03:00,Assam,Darrang,26.393,92.1047,BSNL,5G,92,-68,36.1,21.5,44,0.8,0.4,GOOD,0.85
N001063,2026-06-20 13:06:00,Assam,Sonitpur,26.5659,92.8763,Jio,5G,95,-62,126.2,39.2,21,1.2,0.7,GOOD,0.91
N001064,2026-06-20 13:09:00,Assam,Dibrugarh,27.6186,94.9471,Jio,5G,99,-62,43.3,25.6,44,0.8,0.4,GOOD,0.98
N001065,2026-06-20 13:12:00,Assam,Cachar,24.753,92.8351,Jio,4G,92,-65,95.7,23.0,46,0.6,0.3,GOOD,0.89
N001066,2026-06-20 13:15:00,Assam,Nagaon,26.2354,92.7878,Airtel,5G,98,-72,97.6,25.3,31,0.2,0.1,GOOD,0.87
N001067,2026-06-20 13:18:00,Meghalaya,East Khasi Hills,25.6844,91.8907,Jio,3G,72,-88,12.1,4.5,107,3.0,1.7,POOR,0.88
N001068,2026-06-20 13:21:00,Meghalaya,West Khasi Hills,25.4826,91.4006,Airtel,2G,85,-78,11.8,1.6,74,4.3,2.4,POOR,0.93
N001069,2026-06-20 13:24:00,Meghalaya,Ri-Bhoi,25.9727,92.0265,Airtel,4G,94,-52,94.5,12.8,29,0.8,0.4,GOOD,0.92
N001070,2026-06-20 13:27:00,Meghalaya,West Jaintia Hills,25.5864,92.1818,Airtel,4G,74,-98,12.1,2.2,83,2.5,1.4,OK,0.93
N001071,2026-06-20 13:30:00,Sikkim,East Sikkim,27.3262,88.5305,Jio,2G,79,-79,8.8,1.6,117,5.4,3.0,POOR,0.87
N001072,2026-06-20 13:33:00,Sikkim,North Sikkim,27.5973,88.6161,Jio,NO_SERVICE,18,-114,0.17,0.01,613,16.8,9.2,NO_NETWORK,0.97
N001073,2026-06-20 13:36:00,Sikkim,South Sikkim,27.1981,88.3576,Jio,4G,82,-84,15.0,2.9,106,3.5,1.9,OK,0.97
N001074,2026-06-20 13:39:00,Nagaland,Kohima,25.5579,94.0957,Jio,4G,75,-79,15.8,2.5,86,4.5,2.5,OK,0.87
N001075,2026-06-20 13:42:00,Nagaland,Dimapur,25.9124,93.6962,Airtel,5G,98,-59,110.8,11.4,30,1.4,0.8,GOOD,0.98
N001076,2026-06-20 13:45:00,Nagaland,Mokokchung,26.4045,94.6588,BSNL,2G,85,-78,6.8,3.0,127,2.6,1.4,POOR,0.96
N001077,2026-06-20 13:48:00,Manipur,Imphal West,24.7584,94.0351,BSNL,5G,95,-64,63.1,31.9,21,0.3,0.2,GOOD,0.87
N001078,2026-06-20 13:51:00,Manipur,Bishnupur,24.7581,93.8215,Jio,4G,65,-97,11.3,4.9,78,2.6,1.4,OK,0.96
N001079,2026-06-20 13:54:00,Manipur,Senapati,25.2455,94.0768,BSNL,4G,81,-90,15.1,2.8,92,5.0,2.8,OK,0.86
N001080,2026-06-20 13:57:00,Mizoram,Aizawl,23.8454,92.7315,Airtel,3G,65,-82,9.5,4.5,75,2.1,1.2,POOR,0.93
N001081,2026-06-20 14:00:00,Mizoram,Kolasib,24.1237,92.7071,Airtel,5G,96,-55,101.2,36.8,36,0.4,0.2,GOOD,0.91
N001082,2026-06-20 14:03:00,Mizoram,Lunglei,22.7571,92.6872,Jio,2G,72,-86,10.3,2.3,96,3.3,1.8,POOR,0.89
N001083,2026-06-20 14:06:00,Tripura,West Tripura,23.897,91.1739,Jio,5G,98,-57,67.2,36.3,46,1.2,0.7,GOOD,0.94
N001084,2026-06-20 14:09:00,Tripura,Sipahijala,23.5106,91.3742,Airtel,5G,95,-62,67.9,24.4,45,1.0,0.6,GOOD,0.96
N001085,2026-06-20 14:12:00,Tripura,Dhalai,23.9849,91.8136,Jio,5G,93,-60,61.8,31.9,44,1.4,0.8,GOOD,0.85
N001086,2026-06-20 14:15:00,Arunachal Pradesh,Tawang,27.5367,91.9708,BSNL,NO_SERVICE,49,-100,0.41,0.46,589,17.3,9.5,NO_NETWORK,0.86
N001087,2026-06-20 14:18:00,Arunachal Pradesh,West Kameng,27.1682,92.4795,BSNL,3G,40,-106,0.48,0.47,501,31.3,17.2,POOR,0.91
N001088,2026-06-20 14:21:00,Arunachal Pradesh,Papum Pare,27.2387,93.5532,Airtel,5G,92,-75,123.2,41.7,45,0.7,0.4,GOOD,0.92
N001089,2026-06-20 14:24:00,Arunachal Pradesh,East Siang,27.9769,95.3628,BSNL,4G,94,-67,76.4,23.7,20,0.5,0.3,GOOD,0.93
N001090,2026-06-20 14:27:00,Arunachal Pradesh,Lower Subansiri,27.5496,93.9222,Airtel,4G,76,-87,5.6,1.6,116,3.4,1.9,OK,0.95
N001091,2026-06-20 14:30:00,Assam,Kamrup Metropolitan,26.1712,91.7289,Jio,4G,99,-68,53.7,11.2,47,1.0,0.6,GOOD,0.89
N001092,2026-06-20 14:33:00,Assam,Kamrup Rural,26.037,91.6767,BSNL,4G,100,-63,115.9,18.3,36,1.2,0.7,GOOD,0.91
N001093,2026-06-20 14:36:00,Assam,Darrang,26.5496,91.8957,Airtel,4G,97,-68,114.5,14.6,34,0.3,0.2,GOOD,0.96
N001094,2026-06-20 14:39:00,Assam,Sonitpur,26.5274,92.6523,Airtel,4G,94,-76,47.2,41.2,41,0.9,0.5,GOOD,0.97
N001095,2026-06-20 14:42:00,Assam,Dibrugarh,27.5989,94.7767,Airtel,5G,96,-71,47.8,23.5,41,1.4,0.8,GOOD,0.98
N001096,2026-06-20 14:45:00,Assam,Cachar,24.7686,92.8272,Airtel,5G,95,-72,86.3,12.8,39,0.3,0.2,GOOD,0.94
N001097,2026-06-20 14:48:00,Assam,Nagaon,26.2484,92.6706,Airtel,5G,96,-58,32.1,23.6,33,1.2,0.7,GOOD,0.88
N001098,2026-06-20 14:51:00,Meghalaya,East Khasi Hills,25.6594,91.8401,BSNL,4G,70,-80,15.1,2.0,102,4.5,2.5,OK,0.96
N001099,2026-06-20 14:54:00,Meghalaya,West Khasi Hills,25.4882,91.2751,Airtel,4G,87,-80,9.1,3.9,122,1.9,1.0,OK,0.95
N001100,2026-06-20 14:57:00,Meghalaya,Ri-Bhoi,26.0078,91.8288,Jio,5G,98,-74,86.9,29.1,43,0.5,0.3,GOOD,0.91
N001101,2026-06-20 15:00:00,Meghalaya,West Jaintia Hills,25.4836,92.0828,BSNL,3G,78,-84,5.7,4.8,99,5.3,2.9,POOR,0.9
N001102,2026-06-20 15:03:00,Sikkim,East Sikkim,27.2152,88.6737,BSNL,4G,87,-98,14.7,1.8,127,5.8,3.2,OK,0.87
N001103,2026-06-20 15:06:00,Sikkim,North Sikkim,27.4362,88.5827,BSNL,3G,23,-94,0.87,0.47,348,21.3,11.7,POOR,0.92
N001104,2026-06-20 15:09:00,Sikkim,South Sikkim,27.207,88.4781,Jio,3G,70,-89,10.4,4.8,103,3.5,1.9,POOR,0.91
N001105,2026-06-20 15:12:00,Nagaland,Kohima,25.7147,94.1064,Jio,4G,81,-87,14.2,2.9,77,2.2,1.2,OK,0.96
N001106,2026-06-20 15:15:00,Nagaland,Dimapur,25.8439,93.6356,Jio,4G,94,-53,60.0,21.6,26,0.5,0.3,GOOD,0.95
N001107,2026-06-20 15:18:00,Nagaland,Mokokchung,26.2104,94.6244,Jio,3G,68,-91,6.5,4.7,79,5.9,3.2,POOR,0.9
N001108,2026-06-20 15:21:00,Manipur,Imphal West,24.6806,93.8917,Jio,4G,78,-92,10.0,2.0,95,6.4,3.5,OK,0.94
N001109,2026-06-20 15:24:00,Manipur,Bishnupur,24.5428,93.699,BSNL,2G,87,-97,7.5,2.8,131,6.4,3.5,POOR,0.9
N001110,2026-06-20 15:27:00,Manipur,Senapati,25.275,94.0901,BSNL,3G,66,-89,9.6,2.3,132,6.2,3.4,POOR,0.96
N001111,2026-06-20 15:30:00,Mizoram,Aizawl,23.7944,92.7524,BSNL,4G,80,-82,11.5,3.5,78,5.5,3.0,OK,0.91
N001112,2026-06-20 15:33:00,Mizoram,Kolasib,24.3201,92.8067,BSNL,5G,96,-59,84.8,19.5,40,1.4,0.8,GOOD,0.91
N001113,2026-06-20 15:36:00,Mizoram,Lunglei,22.9237,92.7344,BSNL,4G,76,-96,12.8,1.8,106,5.1,2.8,OK,0.91
N001114,2026-06-20 15:39:00,Tripura,West Tripura,23.9503,91.2755,BSNL,5G,98,-52,36.4,42.0,25,0.3,0.2,GOOD,0.89
N001115,2026-06-20 15:42:00,Tripura,Sipahijala,23.7355,91.2518,Jio,5G,94,-52,113.6,15.4,23,0.9,0.5,GOOD,0.98
N001116,2026-06-20 15:45:00,Tripura,Dhalai,23.7056,91.8732,BSNL,4G,93,-58,109.6,35.0,24,0.1,0.1,GOOD,0.88
N001117,2026-06-20 15:48:00,Arunachal Pradesh,Tawang,27.5422,92.0003,Jio,NO_SERVICE,40,-113,0.82,0.07,545,24.6,13.5,NO_NETWORK,0.97
N001118,2026-06-20 15:51:00,Arunachal Pradesh,West Kameng,27.2271,92.4262,BSNL,NO_SERVICE,19,-99,0.69,0.24,570,15.7,8.6,NO_NETWORK,0.89
N001119,2026-06-20 15:54:00,Arunachal Pradesh,Papum Pare,27.129,93.726,Jio,5G,97,-63,87.2,10.4,32,0.4,0.2,GOOD,0.87
N001120,2026-06-20 15:57:00,Arunachal Pradesh,East Siang,28.129,95.2574,Airtel,5G,93,-62,96.1,39.4,20,1.2,0.7,GOOD,0.87
N001121,2026-06-20 16:00:00,Arunachal Pradesh,Lower Subansiri,27.5356,93.9652,BSNL,3G,65,-78,11.3,2.7,84,4.0,2.2,POOR,0.86
N001122,2026-06-20 16:03:00,Assam,Kamrup Metropolitan,26.1068,91.5974,Jio,4G,96,-70,126.3,29.5,35,1.2,0.7,GOOD,0.87
N001123,2026-06-20 16:06:00,Assam,Kamrup Rural,26.0425,91.5568,Jio,4G,93,-53,112.1,25.5,26,0.1,0.1,GOOD,0.89
N001124,2026-06-20 16:09:00,Assam,Darrang,26.447,92.1432,Jio,5G,92,-72,69.6,13.2,30,0.8,0.4,GOOD,0.91
N001125,2026-06-20 16:12:00,Assam,Sonitpur,26.7453,92.8892,Airtel,4G,93,-76,55.6,29.4,45,1.4,0.8,GOOD,0.92
N001126,2026-06-20 16:15:00,Assam,Dibrugarh,27.3844,94.773,Jio,5G,97,-54,81.7,37.3,37,1.1,0.6,GOOD,0.87
N001127,2026-06-20 16:18:00,Assam,Cachar,24.6845,92.9086,Jio,5G,94,-53,98.1,28.7,25,0.4,0.2,GOOD,0.98
N001128,2026-06-20 16:21:00,Assam,Nagaon,26.2952,92.8008,BSNL,5G,99,-58,118.5,31.0,24,0.6,0.3,GOOD,0.9
N001129,2026-06-20 16:24:00,Meghalaya,East Khasi Hills,25.5225,91.9166,Jio,4G,75,-95,4.8,4.7,82,5.1,2.8,OK,0.9
N001130,2026-06-20 16:27:00,Meghalaya,West Khasi Hills,25.4202,91.196,Airtel,2G,88,-96,5.6,3.9,126,4.1,2.3,POOR,0.9
N001131,2026-06-20 16:30:00,Meghalaya,Ri-Bhoi,25.7853,91.7748,Jio,5G,100,-57,99.7,41.2,31,1.0,0.6,GOOD,0.93
N001132,2026-06-20 16:33:00,Meghalaya,West Jaintia Hills,25.4679,92.0807,Airtel,4G,89,-85,14.2,2.4,85,3.8,2.1,OK,0.9
N001133,2026-06-20 16:36:00,Sikkim,East Sikkim,27.2314,88.6678,Jio,3G,65,-92,5.0,4.7,90,3.4,1.9,POOR,0.87
N001134,2026-06-20 16:39:00,Sikkim,North Sikkim,27.4434,88.6677,BSNL,3G,32,-94,0.43,0.02,554,15.3,8.4,POOR,0.95
N001135,2026-06-20 16:42:00,Sikkim,South Sikkim,27.1612,88.4026,BSNL,3G,89,-94,12.7,2.7,98,4.1,2.3,POOR,0.94
N001136,2026-06-20 16:45:00,Nagaland,Kohima,25.6427,94.17,BSNL,3G,78,-82,4.3,2.4,97,6.5,3.6,POOR,0.87
N001137,2026-06-20 16:48:00,Nagaland,Dimapur,25.9666,93.7624,Airtel,5G,98,-64,68.1,34.7,41,0.3,0.2,GOOD,0.94
N001138,2026-06-20 16:51:00,Nagaland,Mokokchung,26.4025,94.6128,Jio,4G,74,-79,8.0,2.0,110,5.9,3.2,OK,0.85
N001139,2026-06-20 16:54:00,Manipur,Imphal West,24.8067,93.8263,BSNL,4G,86,-96,7.1,3.2,116,4.4,2.4,OK,0.86
N001140,2026-06-20 16:57:00,Manipur,Bishnupur,24.5116,93.7076,Jio,4G,97,-58,98.0,40.7,38,0.6,0.3,GOOD,0.88
N001141,2026-06-20 17:00:00,Manipur,Senapati,25.1795,93.9271,Airtel,3G,72,-93,9.7,1.3,145,3.2,1.8,POOR,0.87
N001142,2026-06-20 17:03:00,Mizoram,Aizawl,23.6861,92.6226,Airtel,2G,65,-85,15.7,3.0,100,6.0,3.3,POOR,0.97
N001143,2026-06-20 17:06:00,Mizoram,Kolasib,24.3347,92.666,Airtel,4G,98,-75,119.9,26.1,48,0.7,0.4,GOOD,0.89
N001144,2026-06-20 17:09:00,Mizoram,Lunglei,22.8736,92.8437,BSNL,3G,81,-87,9.8,3.8,83,2.8,1.5,POOR,0.85
N001145,2026-06-20 17:12:00,Tripura,West Tripura,23.7197,91.1677,BSNL,5G,97,-75,66.4,10.4,18,0.6,0.3,GOOD,0.97
N001146,2026-06-20 17:15:00,Tripura,Sipahijala,23.6518,91.1833,Airtel,4G,98,-60,78.5,19.5,22,0.5,0.3,GOOD,0.85
N001147,2026-06-20 17:18:00,Tripura,Dhalai,23.824,91.8863,BSNL,4G,96,-54,113.3,19.4,45,1.0,0.6,GOOD,0.96
N001148,2026-06-20 17:21:00,Arunachal Pradesh,Tawang,27.4559,91.7719,Jio,2G,36,-101,0.89,0.25,476,24.4,13.4,POOR,0.93
N001149,2026-06-20 17:24:00,Arunachal Pradesh,West Kameng,27.2451,92.5021,BSNL,2G,34,-112,1.0,0.07,521,19.6,10.8,POOR,0.96
N001150,2026-06-20 17:27:00,Arunachal Pradesh,Papum Pare,27.1513,93.6884,BSNL,5G,95,-67,68.9,18.6,28,0.2,0.1,GOOD,0.98
N001151,2026-06-20 17:30:00,Arunachal Pradesh,East Siang,28.0936,95.3149,BSNL,4G,92,-75,93.3,32.4,22,0.7,0.4,GOOD,0.98
N001152,2026-06-20 17:33:00,Arunachal Pradesh,Lower Subansiri,27.4924,93.8017,Jio,2G,80,-85,14.5,3.6,118,3.6,2.0,POOR,0.89
N001153,2026-06-20 17:36:00,Assam,Kamrup Metropolitan,26.2259,91.6999,Jio,5G,100,-62,129.0,11.1,27,0.8,0.4,GOOD,0.95
N001154,2026-06-20 17:39:00,Assam,Kamrup Rural,26.1003,91.4537,BSNL,4G,100,-65,67.0,18.9,37,0.3,0.2,GOOD,0.98
N001155,2026-06-20 17:42:00,Assam,Darrang,26.3021,91.925,Airtel,5G,95,-58,111.5,21.6,32,1.1,0.6,GOOD,0.91
N001156,2026-06-20 17:45:00,Assam,Sonitpur,26.6685,92.7767,Airtel,5G,100,-71,76.3,25.0,39,0.4,0.2,GOOD,0.89
N001157,2026-06-20 17:48:00,Assam,Dibrugarh,27.4939,95.036,Jio,5G,98,-59,85.6,30.8,25,1.3,0.7,GOOD,0.86
N001158,2026-06-20 17:51:00,Assam,Cachar,24.8986,92.9034,Airtel,5G,98,-60,42.3,33.2,42,1.1,0.6,GOOD,0.88
N001159,2026-06-20 17:54:00,Assam,Nagaon,26.3483,92.7883,BSNL,4G,99,-56,38.3,15.1,19,0.9,0.5,GOOD,0.97
N001160,2026-06-20 17:57:00,Meghalaya,East Khasi Hills,25.5935,91.7592,BSNL,4G,87,-93,4.8,2.5,139,5.6,3.1,OK,0.88
N001161,2026-06-20 18:00:00,Meghalaya,West Khasi Hills,25.3929,91.1947,Jio,4G,69,-78,12.6,2.3,86,5.9,3.2,OK,0.9
N001162,2026-06-20 18:03:00,Meghalaya,Ri-Bhoi,25.8683,91.8254,BSNL,5G,92,-55,71.4,38.5,30,0.6,0.3,GOOD,0.95
N001163,2026-06-20 18:06:00,Meghalaya,West Jaintia Hills,25.3634,92.102,Airtel,2G,87,-98,5.8,3.3,103,2.1,1.2,POOR,0.96
N001164,2026-06-20 18:09:00,Sikkim,East Sikkim,27.4662,88.7085,BSNL,4G,69,-78,4.3,2.6,84,5.5,3.0,OK,0.96
N001165,2026-06-20 18:12:00,Sikkim,North Sikkim,27.3877,88.4035,Jio,NO_SERVICE,24,-107,0.83,0.56,548,26.1,14.4,NO_NETWORK,0.86
N001166,2026-06-20 18:15:00,Sikkim,South Sikkim,27.166,88.331,Jio,4G,74,-97,15.0,1.7,131,4.3,2.4,OK,0.9
N001167,2026-06-20 18:18:00,Nagaland,Kohima,25.6499,94.0954,BSNL,3G,81,-82,4.3,4.8,144,1.9,1.0,POOR,0.94
N001168,2026-06-20 18:21:00,Nagaland,Dimapur,25.9438,93.7138,BSNL,4G,98,-72,30.8,32.2,21,1.4,0.8,GOOD,0.95
N001169,2026-06-20 18:24:00,Nagaland,Mokokchung,26.2816,94.4257,Jio,3G,73,-86,15.9,4.5,127,2.5,1.4,POOR,0.95
N001170,2026-06-20 18:27:00,Manipur,Imphal West,24.8863,94.0004,Airtel,5G,94,-72,49.3,19.0,35,0.8,0.4,GOOD,0.97
N001171,2026-06-20 18:30:00,Manipur,Bishnupur,24.5925,93.908,Jio,4G,92,-60,45.9,19.5,26,1.3,0.7,GOOD,0.89
N001172,2026-06-20 18:33:00,Manipur,Senapati,25.2841,94.1485,BSNL,2G,84,-78,9.4,4.3,88,5.8,3.2,POOR,0.9
N001173,2026-06-20 18:36:00,Mizoram,Aizawl,23.8722,92.8627,Jio,4G,76,-97,8.9,3.2,102,3.1,1.7,OK,0.97
N001174,2026-06-20 18:39:00,Mizoram,Kolasib,24.227,92.713,Airtel,5G,100,-54,37.0,12.1,19,1.0,0.6,GOOD,0.93
N001175,2026-06-20 18:42:00,Mizoram,Lunglei,23.0181,92.6134,Jio,4G,86,-79,7.0,4.0,120,2.2,1.2,OK,0.9
N001176,2026-06-20 18:45:00,Tripura,West Tripura,23.8654,91.4079,Jio,5G,92,-76,48.8,17.5,38,1.2,0.7,GOOD,0.94
N001177,2026-06-20 18:48:00,Tripura,Sipahijala,23.6388,91.3028,Airtel,5G,98,-76,122.7,39.5,42,0.6,0.3,GOOD,0.86
N001178,2026-06-20 18:51:00,Tripura,Dhalai,23.9933,91.7884,BSNL,4G,97,-62,73.6,12.1,29,1.1,0.6,GOOD,0.89
N001179,2026-06-20 18:54:00,Arunachal Pradesh,Tawang,27.6609,91.9275,Airtel,3G,51,-109,1.23,0.3,478,30.1,16.6,POOR,0.96
N001180,2026-06-20 18:57:00,Arunachal Pradesh,West Kameng,27.2879,92.4378,BSNL,3G,33,-113,1.5,0.27,511,25.1,13.8,POOR,0.94
N001181,2026-06-20 19:00:00,Arunachal Pradesh,Papum Pare,27.1377,93.5526,BSNL,5G,97,-58,40.3,33.0,47,1.2,0.7,GOOD,0.93
N001182,2026-06-20 19:03:00,Arunachal Pradesh,East Siang,28.1511,95.2516,BSNL,5G,98,-65,29.8,16.1,22,0.6,0.3,GOOD,0.96
N001183,2026-06-20 19:06:00,Arunachal Pradesh,Lower Subansiri,27.4043,93.7135,Jio,4G,88,-88,5.2,2.1,111,5.8,3.2,OK,0.85
N001184,2026-06-20 19:09:00,Assam,Kamrup Metropolitan,26.1922,91.6971,Jio,5G,95,-69,28.1,40.3,26,0.6,0.3,GOOD,0.97
N001185,2026-06-20 19:12:00,Assam,Kamrup Rural,26.1805,91.6518,Jio,4G,100,-59,121.9,23.7,18,0.7,0.4,GOOD,0.89
N001186,2026-06-20 19:15:00,Assam,Darrang,26.5922,92.0597,Airtel,5G,93,-57,28.8,30.6,46,0.8,0.4,GOOD,0.95
N001187,2026-06-20 19:18:00,Assam,Sonitpur,26.7819,92.8737,Jio,5G,96,-71,106.5,26.4,29,0.3,0.2,GOOD,0.96
N001188,2026-06-20 19:21:00,Assam,Dibrugarh,27.373,94.9353,Jio,5G,96,-70,48.7,18.3,36,0.2,0.1,GOOD,0.95
N001189,2026-06-20 19:24:00,Assam,Cachar,24.9099,92.6637,Airtel,5G,95,-75,94.6,40.4,44,0.7,0.4,GOOD,0.93
N001190,2026-06-20 19:27:00,Assam,Nagaon,26.3381,92.8185,Jio,5G,95,-56,126.3,30.4,27,1.2,0.7,GOOD,0.98
N001191,2026-06-20 19:30:00,Meghalaya,East Khasi Hills,25.6405,91.8857,Airtel,2G,74,-83,9.9,1.4,91,3.7,2.0,POOR,0.92
N001192,2026-06-20 19:33:00,Meghalaya,West Khasi Hills,25.4466,91.3492,Jio,4G,84,-80,14.3,3.8,88,4.2,2.3,OK,0.94
N001193,2026-06-20 19:36:00,Meghalaya,Ri-Bhoi,25.9549,91.7423,Jio,5G,93,-68,127.1,35.6,22,0.6,0.3,GOOD,0.88
N001194,2026-06-20 19:39:00,Meghalaya,West Jaintia Hills,25.5533,92.2331,Airtel,2G,76,-86,15.3,2.8,102,2.8,1.5,POOR,0.88
N001195,2026-06-20 19:42:00,Sikkim,East Sikkim,27.269,88.486,Airtel,3G,66,-89,13.0,2.7,119,3.5,1.9,POOR,0.89
N001196,2026-06-20 19:45:00,Sikkim,North Sikkim,27.5526,88.4725,Airtel,NO_SERVICE,26,-98,0.82,0.2,446,30.5,16.8,NO_NETWORK,0.88
N001197,2026-06-20 19:48:00,Sikkim,South Sikkim,27.1212,88.4071,Airtel,2G,69,-78,14.7,1.8,74,2.2,1.2,POOR,0.91
N001198,2026-06-20 19:51:00,Nagaland,Kohima,25.5276,93.979,Jio,3G,78,-92,15.3,2.1,126,5.5,3.0,POOR,0.97
N001199,2026-06-20 19:54:00,Nagaland,Dimapur,25.8906,93.6433,Airtel,5G,94,-66,38.4,31.9,45,0.9,0.5,GOOD,0.93
N001200,2026-06-20 19:57:00,Nagaland,Mokokchung,26.3608,94.3871,Jio,2G,72,-79,9.0,3.4,128,2.0,1.1,POOR,0.87
N001201,2026-06-20 20:00:00,Manipur,Imphal West,24.9521,93.9782,BSNL,2G,76,-87,5.2,1.6,95,4.8,2.6,POOR,0.92
N001202,2026-06-20 20:03:00,Manipur,Bishnupur,24.6638,93.7273,Jio,2G,89,-82,9.2,2.5,102,2.3,1.3,POOR,0.88
N001203,2026-06-20 20:06:00,Manipur,Senapati,25.4001,94.1288,BSNL,3G,77,-87,13.1,2.3,96,4.0,2.2,POOR,0.94
N001204,2026-06-20 20:09:00,Mizoram,Aizawl,23.7752,92.5903,Airtel,2G,73,-86,15.9,1.7,117,2.8,1.5,POOR,0.95
N001205,2026-06-20 20:12:00,Mizoram,Kolasib,24.1981,92.801,Airtel,4G,95,-76,39.2,11.1,37,1.4,0.8,GOOD,0.89
N001206,2026-06-20 20:15:00,Mizoram,Lunglei,22.9642,92.6732,Airtel,2G,82,-92,15.1,2.4,100,2.1,1.2,POOR,0.87
N001207,2026-06-20 20:18:00,Tripura,West Tripura,23.6995,91.4235,BSNL,4G,97,-73,54.0,17.3,22,0.6,0.3,GOOD,0.92
N001208,2026-06-20 20:21:00,Tripura,Sipahijala,23.7788,91.2222,Airtel,4G,94,-74,127.4,9.3,27,0.5,0.3,GOOD,0.94
N001209,2026-06-20 20:24:00,Tripura,Dhalai,23.7432,91.9306,Jio,4G,99,-71,79.8,15.2,22,0.9,0.5,GOOD,0.97
N001210,2026-06-20 20:27:00,Arunachal Pradesh,Tawang,27.5686,91.7871,Jio,2G,22,-99,1.36,0.46,383,30.3,16.7,POOR,0.91
N001211,2026-06-20 20:30:00,Arunachal Pradesh,West Kameng,27.1897,92.3997,Airtel,NO_SERVICE,16,-115,1.33,0.33,435,27.2,15.0,NO_NETWORK,0.92
N001212,2026-06-20 20:33:00,Arunachal Pradesh,Papum Pare,26.9507,93.478,Jio,5G,99,-74,42.8,40.4,40,0.2,0.1,GOOD,0.96
N001213,2026-06-20 20:36:00,Arunachal Pradesh,East Siang,28.1874,95.3484,BSNL,4G,96,-52,54.4,10.4,19,0.5,0.3,GOOD,0.94
N001214,2026-06-20 20:39:00,Arunachal Pradesh,Lower Subansiri,27.5434,93.8012,Airtel,2G,86,-96,5.9,1.8,118,3.2,1.8,POOR,0.98
N001215,2026-06-20 20:42:00,Assam,Kamrup Metropolitan,26.1565,91.5872,Airtel,5G,94,-62,58.3,19.2,39,0.9,0.5,GOOD,0.9
N001216,2026-06-20 20:45:00,Assam,Kamrup Rural,26.2052,91.6925,Airtel,5G,95,-60,59.1,23.0,26,1.3,0.7,GOOD,0.93
N001217,2026-06-20 20:48:00,Assam,Darrang,26.3186,92.1801,Airtel,5G,97,-72,48.3,24.6,38,0.5,0.3,GOOD,0.87
N001218,2026-06-20 20:51:00,Assam,Sonitpur,26.7721,92.6667,BSNL,4G,99,-52,34.4,18.5,26,0.4,0.2,GOOD,0.89
N001219,2026-06-20 20:54:00,Assam,Dibrugarh,27.3837,94.9283,Jio,4G,98,-67,41.7,10.3,28,0.4,0.2,GOOD,0.97
N001220,2026-06-20 20:57:00,Assam,Cachar,24.8003,92.6609,Jio,4G,100,-59,62.5,27.9,21,1.1,0.6,GOOD,0.96
N001221,2026-06-20 21:00:00,Assam,Nagaon,26.385,92.7546,BSNL,5G,96,-69,76.1,31.6,26,0.5,0.3,GOOD,0.93
N001222,2026-06-20 21:03:00,Meghalaya,East Khasi Hills,25.7277,91.8148,Jio,2G,71,-88,12.5,4.1,78,2.4,1.3,POOR,0.96
N001223,2026-06-20 21:06:00,Meghalaya,West Khasi Hills,25.4523,91.2702,Airtel,4G,82,-97,13.8,1.8,75,6.0,3.3,OK,0.86
N001224,2026-06-20 21:09:00,Meghalaya,Ri-Bhoi,25.7549,91.8318,Jio,5G,99,-52,70.8,20.8,20,1.1,0.6,GOOD,0.92
N001225,2026-06-20 21:12:00,Meghalaya,West Jaintia Hills,25.3355,92.2921,Airtel,2G,85,-95,4.4,4.2,141,4.2,2.3,POOR,0.96
N001226,2026-06-20 21:15:00,Sikkim,East Sikkim,27.45,88.6175,Airtel,4G,78,-94,7.9,4.3,129,2.2,1.2,OK,0.98
N001227,2026-06-20 21:18:00,Sikkim,North Sikkim,27.3611,88.4425,Jio,NO_SERVICE,49,-96,0.99,0.39,565,15.4,8.5,NO_NETWORK,0.85
N001228,2026-06-20 21:21:00,Sikkim,South Sikkim,27.2055,88.2728,Jio,2G,66,-89,7.3,2.1,136,5.9,3.2,POOR,0.86
N001229,2026-06-20 21:24:00,Nagaland,Kohima,25.5401,94.0508,Jio,3G,75,-85,10.2,3.7,105,5.8,3.2,POOR,0.93
N001230,2026-06-20 21:27:00,Nagaland,Dimapur,26.0074,93.5967,Jio,5G,95,-72,106.6,39.9,24,0.6,0.3,GOOD,0.95
N001231,2026-06-20 21:30:00,Nagaland,Mokokchung,26.4148,94.4362,BSNL,3G,83,-90,12.2,2.8,111,5.1,2.8,POOR,0.97
N001232,2026-06-20 21:33:00,Manipur,Imphal West,24.9178,94.0082,Airtel,5G,96,-65,81.3,26.3,19,0.7,0.4,GOOD,0.88
N001233,2026-06-20 21:36:00,Manipur,Bishnupur,24.6552,93.6557,Jio,3G,67,-79,8.9,3.7,144,5.0,2.8,POOR,0.96
N001234,2026-06-20 21:39:00,Manipur,Senapati,25.1237,93.912,Jio,4G,84,-85,5.5,1.9,81,2.0,1.1,OK,0.93
N001235,2026-06-20 21:42:00,Mizoram,Aizawl,23.7016,92.7765,Jio,3G,79,-94,15.8,4.6,108,5.5,3.0,POOR,0.91
N001236,2026-06-20 21:45:00,Mizoram,Kolasib,24.2446,92.57,Airtel,5G,92,-52,29.3,27.1,19,0.7,0.4,GOOD,0.97
N001237,2026-06-20 21:48:00,Mizoram,Lunglei,22.9633,92.5947,BSNL,2G,69,-93,5.7,1.7,104,4.2,2.3,POOR,0.93
N001238,2026-06-20 21:51:00,Tripura,West Tripura,23.9593,91.3488,Airtel,5G,100,-61,117.5,25.7,34,1.2,0.7,GOOD,0.97
N001239,2026-06-20 21:54:00,Tripura,Sipahijala,23.7272,91.3938,Airtel,4G,97,-75,51.8,22.1,33,1.4,0.8,GOOD,0.9
N001240,2026-06-20 21:57:00,Tripura,Dhalai,23.7813,91.8351,Jio,5G,95,-55,117.2,38.3,44,0.3,0.2,GOOD,0.92
N001241,2026-06-20 22:00:00,Arunachal Pradesh,Tawang,27.4474,91.7634,Jio,NO_SERVICE,50,-111,1.49,0.12,546,29.9,16.4,NO_NETWORK,0.94
N001242,2026-06-20 22:03:00,Arunachal Pradesh,West Kameng,27.3624,92.3563,BSNL,3G,31,-97,1.23,0.44,336,15.6,8.6,POOR,0.88
N001243,2026-06-20 22:06:00,Arunachal Pradesh,Papum Pare,26.9857,93.6257,Jio,4G,94,-60,125.7,15.5,37,0.5,0.3,GOOD,0.97
N001244,2026-06-20 22:09:00,Arunachal Pradesh,East Siang,28.212,95.3283,BSNL,4G,100,-75,50.5,10.6,22,0.6,0.3,GOOD,0.93
N001245,2026-06-20 22:12:00,Arunachal Pradesh,Lower Subansiri,27.4829,93.7381,BSNL,4G,74,-86,7.7,2.2,125,5.5,3.0,OK,0.91
N001246,2026-06-20 22:15:00,Assam,Kamrup Metropolitan,26.2679,91.7355,BSNL,4G,96,-66,40.4,26.7,30,0.8,0.4,GOOD,0.94
N001247,2026-06-20 22:18:00,Assam,Kamrup Rural,26.2285,91.4975,BSNL,5G,95,-58,45.0,23.5,30,0.5,0.3,GOOD,0.94
N001248,2026-06-20 22:21:00,Assam,Darrang,26.569,92.0169,Airtel,4G,97,-65,126.0,35.9,44,1.0,0.6,GOOD,0.93
N001249,2026-06-20 22:24:00,Assam,Sonitpur,26.5366,92.8782,Airtel,5G,97,-52,60.8,39.2,18,1.3,0.7,GOOD,0.95
N001250,2026-06-20 22:27:00,Assam,Dibrugarh,27.3934,94.8954,Airtel,5G,99,-59,122.1,40.9,33,1.2,0.7,GOOD,0.86
N001251,2026-06-20 22:30:00,Assam,Cachar,24.8864,92.7266,Airtel,4G,99,-60,33.7,15.6,45,0.4,0.2,GOOD,0.96
N001252,2026-06-20 22:33:00,Assam,Nagaon,26.2663,92.6578,Airtel,4G,95,-60,92.2,15.9,24,1.0,0.6,GOOD,0.93
N001253,2026-06-20 22:36:00,Meghalaya,East Khasi Hills,25.5701,91.8886,BSNL,3G,88,-82,14.4,3.0,99,2.9,1.6,POOR,0.93
N001254,2026-06-20 22:39:00,Meghalaya,West Khasi Hills,25.5428,91.1634,Airtel,3G,86,-82,11.4,3.2,95,3.6,2.0,POOR,0.95
N001255,2026-06-20 22:42:00,Meghalaya,Ri-Bhoi,25.9396,92.0227,BSNL,5G,97,-62,28.7,39.9,19,1.0,0.6,GOOD,0.89
N001256,2026-06-20 22:45:00,Meghalaya,West Jaintia Hills,25.4706,92.1342,Jio,4G,81,-81,10.2,3.8,114,5.0,2.8,OK,0.93
N001257,2026-06-20 22:48:00,Sikkim,East Sikkim,27.2403,88.5596,Jio,4G,67,-91,11.0,4.6,100,2.6,1.4,OK,0.9
N001258,2026-06-20 22:51:00,Sikkim,North Sikkim,27.5884,88.6858,Airtel,2G,31,-101,0.7,0.48,519,27.3,15.0,POOR,0.92
N001259,2026-06-20 22:54:00,Sikkim,South Sikkim,27.2765,88.2259,Jio,3G,67,-86,4.7,4.9,123,4.4,2.4,POOR,0.95
N001260,2026-06-20 22:57:00,Nagaland,Kohima,25.59,94.1006,Airtel,3G,84,-84,7.1,1.7,119,3.3,1.8,POOR,0.96
N001261,2026-06-20 23:00:00,Nagaland,Dimapur,25.9777,93.6515,BSNL,5G,93,-69,69.8,13.8,19,0.5,0.3,GOOD,0.86
N001262,2026-06-20 23:03:00,Nagaland,Mokokchung,26.4532,94.6539,BSNL,4G,89,-82,13.6,2.8,81,2.9,1.6,OK,0.97
N001263,2026-06-20 23:06:00,Manipur,Imphal West,24.9611,93.7988,BSNL,5G,98,-73,78.9,28.2,19,0.4,0.2,GOOD,0.87
N001264,2026-06-20 23:09:00,Manipur,Bishnupur,24.6101,93.7328,BSNL,3G,80,-78,14.4,4.0,139,4.9,2.7,POOR,0.87
N001265,2026-06-20 23:12:00,Manipur,Senapati,25.2457,93.9322,BSNL,3G,71,-96,4.6,2.3,111,2.5,1.4,POOR,0.93
N001266,2026-06-20 23:15:00,Mizoram,Aizawl,23.6991,92.633,BSNL,4G,76,-92,11.4,1.8,67,6.3,3.5,OK,0.97
N001267,2026-06-20 23:18:00,Mizoram,Kolasib,24.0972,92.6739,BSNL,5G,95,-59,87.3,13.3,39,0.3,0.2,GOOD,0.88
N001268,2026-06-20 23:21:00,Mizoram,Lunglei,22.9011,92.7651,BSNL,4G,66,-92,10.0,4.5,94,4.7,2.6,OK,0.86
N001269,2026-06-20 23:24:00,Tripura,West Tripura,23.8924,91.1923,BSNL,4G,94,-68,102.2,18.1,41,0.6,0.3,GOOD,0.87
N001270,2026-06-20 23:27:00,Tripura,Sipahijala,23.675,91.4201,Jio,4G,100,-57,95.7,13.1,40,0.3,0.2,GOOD,0.87
N001271,2026-06-20 23:30:00,Tripura,Dhalai,23.8593,91.789,Airtel,4G,95,-76,33.3,32.5,37,0.3,0.2,GOOD,0.95
N001272,2026-06-20 23:33:00,Arunachal Pradesh,Tawang,27.5988,91.9477,Jio,NO_SERVICE,20,-108,1.77,0.18,331,29.5,16.2,NO_NETWORK,0.94
N001273,2026-06-20 23:36:00,Arunachal Pradesh,West Kameng,27.2152,92.5456,Jio,2G,47,-114,1.45,0.48,348,16.9,9.3,POOR,0.96
N001274,2026-06-20 23:39:00,Arunachal Pradesh,Papum Pare,27.2168,93.4999,Airtel,4G,100,-61,124.2,14.6,40,1.3,0.7,GOOD,0.93
N001275,2026-06-20 23:42:00,Arunachal Pradesh,East Siang,28.0259,95.3705,Airtel,5G,96,-69,123.6,17.5,39,0.3,0.2,GOOD,0.95
N001276,2026-06-20 23:45:00,Arunachal Pradesh,Lower Subansiri,27.4614,93.9744,BSNL,2G,88,-96,9.7,3.1,79,6.2,3.4,POOR,0.87
N001277,2026-06-20 23:48:00,Assam,Kamrup Metropolitan,26.2157,91.8119,Airtel,4G,99,-71,70.3,30.5,28,0.7,0.4,GOOD,0.85
N001278,2026-06-20 23:51:00,Assam,Kamrup Rural,26.2585,91.4796,Jio,5G,96,-74,118.0,22.5,45,0.5,0.3,GOOD,0.94
N001279,2026-06-20 23:54:00,Assam,Darrang,26.4289,91.8973,Airtel,4G,93,-71,120.5,21.4,21,0.3,0.2,GOOD,0.88
N001280,2026-06-20 23:57:00,Assam,Sonitpur,26.6418,92.6794,Airtel,5G,98,-53,125.7,19.6,48,0.8,0.4,GOOD,0.85
N001281,2026-06-21 00:00:00,Assam,Dibrugarh,27.5926,94.8976,BSNL,4G,93,-52,98.6,35.0,26,0.6,0.3,GOOD,0.9
N001282,2026-06-21 00:03:00,Assam,Cachar,24.9259,92.9112,BSNL,4G,97,-63,53.2,24.3,37,0.3,0.2,GOOD,0.95
N001283,2026-06-21 00:06:00,Assam,Nagaon,26.2214,92.6512,BSNL,4G,100,-57,111.8,35.5,23,0.9,0.5,GOOD,0.87
N001284,2026-06-21 00:09:00,Meghalaya,East Khasi Hills,25.4616,91.8261,BSNL,4G,79,-86,9.3,1.3,135,4.5,2.5,OK,0.9
N001285,2026-06-21 00:12:00,Meghalaya,West Khasi Hills,25.4213,91.3956,Jio,4G,87,-87,13.3,3.1,80,2.7,1.5,OK,0.94
N001286,2026-06-21 00:15:00,Meghalaya,Ri-Bhoi,25.9124,91.7696,BSNL,5G,94,-55,40.3,21.3,42,1.3,0.7,GOOD,0.98
N001287,2026-06-21 00:18:00,Meghalaya,West Jaintia Hills,25.3064,92.1067,Jio,2G,84,-80,7.0,1.2,129,4.0,2.2,POOR,0.88
N001288,2026-06-21 00:21:00,Sikkim,East Sikkim,27.4731,88.6499,Airtel,3G,82,-96,10.3,1.3,73,2.3,1.3,POOR,0.98
N001289,2026-06-21 00:24:00,Sikkim,North Sikkim,27.586,88.5458,Airtel,3G,39,-111,0.22,0.35,677,25.5,14.0,POOR,0.91
N001290,2026-06-21 00:27:00,Sikkim,South Sikkim,27.1536,88.2912,Airtel,4G,88,-94,10.9,4.7,125,3.1,1.7,OK,0.9
N001291,2026-06-21 00:30:00,Nagaland,Kohima,25.7619,94.0266,BSNL,2G,79,-83,10.1,1.9,138,5.5,3.0,POOR,0.86
N001292,2026-06-21 00:33:00,Nagaland,Dimapur,25.771,93.6834,Airtel,5G,96,-54,83.5,21.1,32,0.5,0.3,GOOD,0.85
N001293,2026-06-21 00:36:00,Nagaland,Mokokchung,26.2232,94.5306,Jio,3G,80,-89,5.0,2.9,105,3.4,1.9,POOR,0.89
N001294,2026-06-21 00:39:00,Manipur,Imphal West,24.8749,93.9867,BSNL,4G,95,-68,43.6,32.5,42,0.6,0.3,GOOD,0.9
N001295,2026-06-21 00:42:00,Manipur,Bishnupur,24.7805,93.7869,Airtel,5G,100,-66,88.7,22.9,36,0.9,0.5,GOOD,0.94
N001296,2026-06-21 00:45:00,Manipur,Senapati,25.2787,93.8704,BSNL,2G,77,-93,6.4,1.9,141,2.5,1.4,POOR,0.87
N001297,2026-06-21 00:48:00,Mizoram,Aizawl,23.7116,92.8602,Jio,2G,73,-94,4.2,4.3,109,2.5,1.4,POOR,0.91
N001298,2026-06-21 00:51:00,Mizoram,Kolasib,24.1914,92.6798,Airtel,5G,93,-75,95.2,36.1,32,0.4,0.2,GOOD,0.88
N001299,2026-06-21 00:54:00,Mizoram,Lunglei,22.7768,92.881,BSNL,4G,80,-89,5.2,3.7,108,4.4,2.4,OK,0.97
N001300,2026-06-21 00:57:00,Tripura,West Tripura,23.8931,91.279,BSNL,4G,99,-52,117.7,16.7,19,0.3,0.2,GOOD,0.95
N001301,2026-06-21 01:00:00,Tripura,Sipahijala,23.7832,91.3621,BSNL,4G,94,-52,113.6,12.4,35,1.1,0.6,GOOD,0.92
N001302,2026-06-21 01:03:00,Tripura,Dhalai,23.8326,91.9067,BSNL,4G,99,-75,52.7,37.3,25,0.2,0.1,GOOD,0.85
N001303,2026-06-21 01:06:00,Arunachal Pradesh,Tawang,27.6395,91.7445,BSNL,3G,43,-104,1.26,0.17,636,31.4,17.3,POOR,0.95
N001304,2026-06-21 01:09:00,Arunachal Pradesh,West Kameng,27.2483,92.2936,BSNL,3G,44,-102,0.61,0.33,624,22.5,12.4,POOR,0.86
N001305,2026-06-21 01:12:00,Arunachal Pradesh,Papum Pare,27.1083,93.701,Jio,4G,94,-72,124.4,29.7,19,0.9,0.5,GOOD,0.97
N001306,2026-06-21 01:15:00,Arunachal Pradesh,East Siang,28.0775,95.3096,Jio,4G,99,-61,117.5,35.7,23,0.1,0.1,GOOD,0.96
N001307,2026-06-21 01:18:00,Arunachal Pradesh,Lower Subansiri,27.5183,93.8271,Airtel,2G,87,-88,6.8,4.2,132,5.2,2.9,POOR,0.93
N001308,2026-06-21 01:21:00,Assam,Kamrup Metropolitan,26.267,91.6945,BSNL,4G,95,-68,60.0,32.6,48,0.4,0.2,GOOD,0.92
N001309,2026-06-21 01:24:00,Assam,Kamrup Rural,26.1508,91.4157,Airtel,5G,99,-59,77.9,23.9,20,0.3,0.2,GOOD,0.95
N001310,2026-06-21 01:27:00,Assam,Darrang,26.5643,91.9073,Jio,4G,93,-53,118.9,21.2,38,0.1,0.1,GOOD,0.93
N001311,2026-06-21 01:30:00,Assam,Sonitpur,26.6085,92.7754,Airtel,4G,92,-53,110.1,15.4,30,0.6,0.3,GOOD,0.86
N001312,2026-06-21 01:33:00,Assam,Dibrugarh,27.4499,95.0309,Jio,5G,94,-61,54.4,38.4,32,1.3,0.7,GOOD,0.96
N001313,2026-06-21 01:36:00,Assam,Cachar,24.7264,92.7199,BSNL,4G,96,-61,65.2,24.0,31,0.3,0.2,GOOD,0.93
N001314,2026-06-21 01:39:00,Assam,Nagaon,26.4751,92.7112,Jio,5G,97,-63,96.8,21.0,40,0.9,0.5,GOOD,0.97
N001315,2026-06-21 01:42:00,Meghalaya,East Khasi Hills,25.7031,91.8677,Jio,3G,68,-82,5.3,4.4,65,2.0,1.1,POOR,0.9
N001316,2026-06-21 01:45:00,Meghalaya,West Khasi Hills,25.6345,91.1698,Jio,2G,76,-88,15.2,1.4,97,1.9,1.0,POOR,0.95
N001317,2026-06-21 01:48:00,Meghalaya,Ri-Bhoi,25.7627,91.9779,Jio,5G,95,-56,82.1,14.2,39,0.7,0.4,GOOD,0.85
N001318,2026-06-21 01:51:00,Meghalaya,West Jaintia Hills,25.522,92.1174,BSNL,3G,87,-79,6.6,2.5,87,3.1,1.7,POOR,0.88
N001319,2026-06-21 01:54:00,Sikkim,East Sikkim,27.4757,88.7068,Jio,3G,69,-81,7.0,1.8,140,1.9,1.0,POOR,0.95
N001320,2026-06-21 01:57:00,Sikkim,North Sikkim,27.4363,88.4538,Airtel,2G,27,-103,0.88,0.56,672,28.5,15.7,POOR,0.87
N001321,2026-06-21 02:00:00,Sikkim,South Sikkim,27.0558,88.2832,Jio,2G,72,-80,10.5,3.4,108,5.4,3.0,POOR,0.87
N001322,2026-06-21 02:03:00,Nagaland,Kohima,25.6692,94.0894,BSNL,3G,87,-83,12.3,1.7,136,3.1,1.7,POOR,0.96
N001323,2026-06-21 02:06:00,Nagaland,Dimapur,25.9651,93.6134,BSNL,4G,92,-52,116.6,27.2,34,0.7,0.4,GOOD,0.85
N001324,2026-06-21 02:09:00,Nagaland,Mokokchung,26.2529,94.5445,BSNL,2G,83,-96,6.4,1.6,124,2.8,1.5,POOR,0.88
N001325,2026-06-21 02:12:00,Manipur,Imphal West,24.7076,93.8358,Airtel,4G,97,-73,33.3,22.7,22,0.3,0.2,GOOD,0.88
N001326,2026-06-21 02:15:00,Manipur,Bishnupur,24.7689,93.6291,Jio,5G,97,-55,126.7,33.7,36,1.1,0.6,GOOD,0.95
N001327,2026-06-21 02:18:00,Manipur,Senapati,25.2642,94.0899,BSNL,4G,88,-81,11.4,2.1,90,2.8,1.5,OK,0.94
N001328,2026-06-21 02:21:00,Mizoram,Aizawl,23.6272,92.6644,Jio,4G,75,-91,12.9,1.4,135,2.6,1.4,OK,0.93
N001329,2026-06-21 02:24:00,Mizoram,Kolasib,24.1603,92.7356,BSNL,4G,100,-58,34.9,40.5,35,0.1,0.1,GOOD,0.97
N001330,2026-06-21 02:27:00,Mizoram,Lunglei,22.8355,92.6331,Jio,4G,75,-87,8.9,2.2,103,2.4,1.3,OK,0.98
N001331,2026-06-21 02:30:00,Tripura,West Tripura,23.827,91.2389,Airtel,4G,92,-70,31.8,16.9,27,0.7,0.4,GOOD,0.89
N001332,2026-06-21 02:33:00,Tripura,Sipahijala,23.636,91.4115,BSNL,4G,96,-75,113.1,26.5,38,0.2,0.1,GOOD,0.89
N001333,2026-06-21 02:36:00,Tripura,Dhalai,23.9494,91.8577,BSNL,5G,94,-57,91.3,38.8,26,0.7,0.4,GOOD,0.88
N001334,2026-06-21 02:39:00,Arunachal Pradesh,Tawang,27.6769,91.8346,BSNL,3G,46,-101,1.39,0.34,442,23.2,12.8,POOR,0.97
N001335,2026-06-21 02:42:00,Arunachal Pradesh,West Kameng,27.3915,92.4098,Jio,2G,30,-112,1.51,0.12,552,21.7,11.9,POOR,0.85
N001336,2026-06-21 02:45:00,Arunachal Pradesh,Papum Pare,27.083,93.7629,Jio,5G,93,-58,103.2,28.6,32,0.1,0.1,GOOD,0.89
N001337,2026-06-21 02:48:00,Arunachal Pradesh,East Siang,28.129,95.1846,BSNL,4G,93,-70,30.1,10.7,23,0.7,0.4,GOOD,0.86
N001338,2026-06-21 02:51:00,Arunachal Pradesh,Lower Subansiri,27.6083,93.8864,Airtel,3G,70,-93,14.9,2.6,131,3.1,1.7,POOR,0.98
N001339,2026-06-21 02:54:00,Assam,Kamrup Metropolitan,26.0181,91.7934,Airtel,5G,94,-72,41.7,12.9,44,1.0,0.6,GOOD,0.92
N001340,2026-06-21 02:57:00,Assam,Kamrup Rural,26.1803,91.5414,BSNL,5G,98,-59,72.2,10.0,33,0.1,0.1,GOOD,0.95
N001341,2026-06-21 03:00:00,Assam,Darrang,26.456,91.8988,Airtel,4G,94,-61,106.4,11.9,31,0.8,0.4,GOOD,0.95
N001342,2026-06-21 03:03:00,Assam,Sonitpur,26.5743,92.6457,BSNL,4G,95,-65,102.1,27.7,34,1.4,0.8,GOOD,0.86
N001343,2026-06-21 03:06:00,Assam,Dibrugarh,27.3844,95.0324,Airtel,4G,96,-70,29.0,16.3,33,1.2,0.7,GOOD,0.92
N001344,2026-06-21 03:09:00,Assam,Cachar,24.727,92.8528,BSNL,5G,100,-75,34.7,10.7,41,0.9,0.5,GOOD,0.97
N001345,2026-06-21 03:12:00,Assam,Nagaon,26.2434,92.6842,Airtel,4G,98,-65,64.5,37.7,36,1.0,0.6,GOOD,0.96
N001346,2026-06-21 03:15:00,Meghalaya,East Khasi Hills,25.4493,91.9892,BSNL,4G,79,-86,14.0,4.4,106,5.8,3.2,OK,0.95
N001347,2026-06-21 03:18:00,Meghalaya,West Khasi Hills,25.4175,91.1946,BSNL,3G,75,-94,12.7,3.5,75,3.9,2.1,POOR,0.92
N001348,2026-06-21 03:21:00,Meghalaya,Ri-Bhoi,25.9676,92.0073,Airtel,5G,93,-61,60.4,37.8,32,0.4,0.2,GOOD,0.96
N001349,2026-06-21 03:24:00,Meghalaya,West Jaintia Hills,25.4099,92.2268,BSNL,4G,78,-94,6.4,4.1,132,6.3,3.5,OK,0.86
N001350,2026-06-21 03:27:00,Sikkim,East Sikkim,27.4393,88.7509,Jio,4G,82,-86,4.8,4.1,135,5.7,3.1,OK,0.89
N001351,2026-06-21 03:30:00,Sikkim,North Sikkim,27.3839,88.6954,Airtel,NO_SERVICE,21,-99,0.05,0.22,472,25.6,14.1,NO_NETWORK,0.89
N001352,2026-06-21 03:33:00,Sikkim,South Sikkim,27.1687,88.3084,Airtel,3G,85,-84,10.4,2.6,87,2.1,1.2,POOR,0.87
N001353,2026-06-21 03:36:00,Nagaland,Kohima,25.6235,93.9933,BSNL,4G,89,-78,11.6,3.0,115,2.2,1.2,OK,0.98
N001354,2026-06-21 03:39:00,Nagaland,Dimapur,25.9629,93.8298,Jio,5G,97,-75,74.7,27.8,37,0.8,0.4,GOOD,0.88
N001355,2026-06-21 03:42:00,Nagaland,Mokokchung,26.4316,94.4266,Jio,4G,80,-93,12.5,3.6,79,1.9,1.0,OK,0.91
N001356,2026-06-21 03:45:00,Manipur,Imphal West,24.9487,93.897,Jio,4G,92,-66,69.4,34.2,25,0.1,0.1,GOOD,0.94
N001357,2026-06-21 03:48:00,Manipur,Bishnupur,24.514,93.7459,Airtel,5G,100,-63,104.4,35.1,38,0.3,0.2,GOOD,0.87
N001358,2026-06-21 03:51:00,Manipur,Senapati,25.2284,94.0685,Jio,4G,85,-98,7.5,1.8,100,4.0,2.2,OK,0.96
N001359,2026-06-21 03:54:00,Mizoram,Aizawl,23.6277,92.6767,Jio,4G,74,-82,10.0,2.4,74,2.7,1.5,OK,0.91
N001360,2026-06-21 03:57:00,Mizoram,Kolasib,24.3672,92.5668,Jio,4G,100,-76,90.8,13.6,19,1.2,0.7,GOOD,0.92
N001361,2026-06-21 04:00:00,Mizoram,Lunglei,22.9594,92.8198,BSNL,2G,86,-81,13.9,2.9,83,2.1,1.2,POOR,0.92
N001362,2026-06-21 04:03:00,Tripura,West Tripura,23.8746,91.2569,Airtel,4G,96,-57,56.2,21.4,25,0.2,0.1,GOOD,0.87
N001363,2026-06-21 04:06:00,Tripura,Sipahijala,23.7813,91.3154,Airtel,5G,99,-76,72.4,20.3,34,0.4,0.2,GOOD,0.9
N001364,2026-06-21 04:09:00,Tripura,Dhalai,23.7752,91.8492,Airtel,4G,98,-60,41.9,26.2,37,0.3,0.2,GOOD,0.93
N001365,2026-06-21 04:12:00,Arunachal Pradesh,Tawang,27.6574,91.9585,Jio,3G,31,-109,1.0,0.1,449,23.4,12.9,POOR,0.91
N001366,2026-06-21 04:15:00,Arunachal Pradesh,West Kameng,27.2293,92.4697,Airtel,NO_SERVICE,15,-99,0.21,0.21,368,22.4,12.3,NO_NETWORK,0.9
N001367,2026-06-21 04:18:00,Arunachal Pradesh,Papum Pare,27.1785,93.6649,Jio,4G,95,-75,93.8,41.9,46,0.9,0.5,GOOD,0.94
N001368,2026-06-21 04:21:00,Arunachal Pradesh,East Siang,27.9766,95.3746,BSNL,5G,99,-65,47.5,23.1,41,0.1,0.1,GOOD,0.98
N001369,2026-06-21 04:24:00,Arunachal Pradesh,Lower Subansiri,27.6428,93.8422,BSNL,3G,65,-81,5.4,1.3,91,4.5,2.5,POOR,0.98
N001370,2026-06-21 04:27:00,Assam,Kamrup Metropolitan,26.1236,91.8607,BSNL,5G,99,-54,102.4,31.1,32,0.6,0.3,GOOD,0.98
N001371,2026-06-21 04:30:00,Assam,Kamrup Rural,26.1678,91.4228,Jio,4G,92,-67,85.0,27.4,28,1.2,0.7,GOOD,0.88
N001372,2026-06-21 04:33:00,Assam,Darrang,26.3929,92.0928,Jio,5G,95,-74,30.8,37.5,35,1.1,0.6,GOOD,0.92
N001373,2026-06-21 04:36:00,Assam,Sonitpur,26.6005,92.8718,Jio,5G,98,-58,29.7,32.5,31,0.3,0.2,GOOD,0.96
N001374,2026-06-21 04:39:00,Assam,Dibrugarh,27.5284,94.9337,BSNL,4G,100,-69,59.1,13.6,21,0.6,0.3,GOOD,0.9
N001375,2026-06-21 04:42:00,Assam,Cachar,24.7,92.7079,Jio,5G,99,-57,70.9,25.6,38,0.6,0.3,GOOD,0.96
N001376,2026-06-21 04:45:00,Assam,Nagaon,26.301,92.8273,BSNL,5G,96,-66,76.3,39.2,40,0.3,0.2,GOOD,0.93
N001377,2026-06-21 04:48:00,Meghalaya,East Khasi Hills,25.4673,91.8532,BSNL,3G,79,-88,8.2,2.1,132,2.9,1.6,POOR,0.85
N001378,2026-06-21 04:51:00,Meghalaya,West Khasi Hills,25.6274,91.2124,Jio,2G,67,-90,6.3,3.4,68,6.5,3.6,POOR,0.91
N001379,2026-06-21 04:54:00,Meghalaya,Ri-Bhoi,25.8736,91.7469,Jio,4G,94,-69,86.3,27.8,40,1.1,0.6,GOOD,0.87
N001380,2026-06-21 04:57:00,Meghalaya,West Jaintia Hills,25.4778,92.3231,Airtel,4G,89,-95,5.7,3.8,122,6.0,3.3,OK,0.85
N001381,2026-06-21 05:00:00,Sikkim,East Sikkim,27.2398,88.618,Airtel,4G,85,-78,12.3,3.2,133,4.7,2.6,OK,0.91
N001382,2026-06-21 05:03:00,Sikkim,North Sikkim,27.5204,88.6704,Airtel,3G,42,-110,0.05,0.38,391,15.1,8.3,POOR,0.96
N001383,2026-06-21 05:06:00,Sikkim,South Sikkim,27.0267,88.295,Airtel,4G,74,-82,5.3,1.3,114,5.4,3.0,OK,0.97
N001384,2026-06-21 05:09:00,Nagaland,Kohima,25.7676,93.9886,BSNL,3G,86,-83,11.7,2.5,82,2.9,1.6,POOR,0.9
N001385,2026-06-21 05:12:00,Nagaland,Dimapur,26.0002,93.7777,BSNL,4G,95,-61,122.3,33.1,22,0.3,0.2,GOOD,0.92
N001386,2026-06-21 05:15:00,Nagaland,Mokokchung,26.3058,94.5191,BSNL,2G,70,-83,14.3,3.2,67,5.6,3.1,POOR,0.88
N001387,2026-06-21 05:18:00,Manipur,Imphal West,24.9221,93.851,BSNL,5G,93,-64,72.8,33.5,48,1.2,0.7,GOOD,0.95
N001388,2026-06-21 05:21:00,Manipur,Bishnupur,24.603,93.6823,BSNL,4G,82,-78,9.2,4.6,139,6.4,3.5,OK,0.92
N001389,2026-06-21 05:24:00,Manipur,Senapati,25.2835,94.0376,BSNL,2G,80,-95,7.6,2.5,81,5.2,2.9,POOR,0.95
N001390,2026-06-21 05:27:00,Mizoram,Aizawl,23.7197,92.6305,BSNL,4G,65,-83,14.7,2.2,79,6.1,3.4,OK,0.87
N001391,2026-06-21 05:30:00,Mizoram,Kolasib,24.2214,92.62,Airtel,5G,94,-64,85.3,18.5,20,0.2,0.1,GOOD,0.96
N001392,2026-06-21 05:33:00,Mizoram,Lunglei,22.8507,92.7775,Airtel,3G,85,-83,4.6,4.8,141,2.9,1.6,POOR,0.94
N001393,2026-06-21 05:36:00,Tripura,West Tripura,23.9458,91.3252,BSNL,5G,98,-54,94.9,28.2,43,0.4,0.2,GOOD,0.94
N001394,2026-06-21 05:39:00,Tripura,Sipahijala,23.5489,91.4506,Jio,5G,100,-63,81.0,25.1,36,0.9,0.5,GOOD,0.86
N001395,2026-06-21 05:42:00,Tripura,Dhalai,23.8914,91.9427,Airtel,5G,93,-75,83.3,40.7,26,0.1,0.1,GOOD,0.95
N001396,2026-06-21 05:45:00,Arunachal Pradesh,Tawang,27.6059,91.8974,Jio,NO_SERVICE,46,-99,1.57,0.53,604,15.5,8.5,NO_NETWORK,0.97
N001397,2026-06-21 05:48:00,Arunachal Pradesh,West Kameng,27.1866,92.4898,Airtel,NO_SERVICE,45,-107,0.52,0.53,331,28.3,15.6,NO_NETWORK,0.95
N001398,2026-06-21 05:51:00,Arunachal Pradesh,Papum Pare,27.046,93.7157,BSNL,5G,94,-69,81.6,15.7,46,0.7,0.4,GOOD,0.9
N001399,2026-06-21 05:54:00,Arunachal Pradesh,East Siang,27.9961,95.2621,Airtel,5G,97,-54,105.5,22.2,47,1.3,0.7,GOOD,0.94
N001400,2026-06-21 05:57:00,Arunachal Pradesh,Lower Subansiri,27.5218,93.7141,BSNL,3G,77,-93,15.0,4.3,142,2.9,1.6,POOR,0.96
N001401,2026-06-21 06:00:00,Assam,Kamrup Metropolitan,26.0877,91.7318,BSNL,4G,97,-60,45.7,32.2,21,1.3,0.7,GOOD,0.91
N001402,2026-06-21 06:03:00,Assam,Kamrup Rural,26.0956,91.4938,Jio,5G,97,-57,122.7,16.1,26,1.3,0.7,GOOD,0.92
N001403,2026-06-21 06:06:00,Assam,Darrang,26.4996,91.9338,Jio,5G,96,-72,48.8,18.6,19,0.9,0.5,GOOD,0.97
N001404,2026-06-21 06:09:00,Assam,Sonitpur,26.7185,92.6592,Airtel,4G,98,-72,105.0,28.3,23,0.6,0.3,GOOD,0.96
N001405,2026-06-21 06:12:00,Assam,Dibrugarh,27.583,95.0322,Jio,4G,100,-67,49.5,17.3,47,0.1,0.1,GOOD,0.9
N001406,2026-06-21 06:15:00,Assam,Cachar,24.949,92.748,Jio,4G,100,-56,90.3,9.4,37,0.4,0.2,GOOD,0.91
N001407,2026-06-21 06:18:00,Assam,Nagaon,26.2288,92.7543,Airtel,4G,97,-61,93.5,23.3,41,0.8,0.4,GOOD,0.85
N001408,2026-06-21 06:21:00,Meghalaya,East Khasi Hills,25.6029,91.9758,Jio,4G,75,-89,12.4,4.0,123,5.7,3.1,OK,0.85
N001409,2026-06-21 06:24:00,Meghalaya,West Khasi Hills,25.4314,91.1467,Airtel,3G,65,-82,8.9,2.5,69,2.6,1.4,POOR,0.89
N001410,2026-06-21 06:27:00,Meghalaya,Ri-Bhoi,25.9712,91.9718,Airtel,5G,93,-70,54.7,22.6,27,1.1,0.6,GOOD,0.86
N001411,2026-06-21 06:30:00,Meghalaya,West Jaintia Hills,25.3433,92.1025,Airtel,3G,76,-86,15.9,3.4,115,5.4,3.0,POOR,0.9
N001412,2026-06-21 06:33:00,Sikkim,East Sikkim,27.3657,88.6036,Airtel,2G,74,-92,6.7,2.3,99,4.0,2.2,POOR,0.96
N001413,2026-06-21 06:36:00,Sikkim,North Sikkim,27.5137,88.5425,BSNL,NO_SERVICE,29,-110,0.71,0.42,517,21.3,11.7,NO_NETWORK,0.88
N001414,2026-06-21 06:39:00,Sikkim,South Sikkim,27.3011,88.3089,BSNL,3G,70,-95,15.6,1.2,98,6.3,3.5,POOR,0.98
N001415,2026-06-21 06:42:00,Nagaland,Kohima,25.7187,94.2302,Jio,3G,80,-85,14.2,3.6,97,2.1,1.2,POOR,0.93
N001416,2026-06-21 06:45:00,Nagaland,Dimapur,26.0391,93.7847,Airtel,4G,94,-56,63.6,11.8,48,0.9,0.5,GOOD,0.94
N001417,2026-06-21 06:48:00,Nagaland,Mokokchung,26.2904,94.5617,Airtel,4G,86,-87,8.5,2.5,87,4.7,2.6,OK,0.87
N001418,2026-06-21 06:51:00,Manipur,Imphal West,24.7036,94.0469,BSNL,2G,85,-95,6.3,1.7,135,1.9,1.0,POOR,0.94
N001419,2026-06-21 06:54:00,Manipur,Bishnupur,24.7706,93.8928,Jio,3G,84,-83,6.6,2.0,95,4.5,2.5,POOR,0.95
N001420,2026-06-21 06:57:00,Manipur,Senapati,25.3568,93.9306,Airtel,4G,79,-78,10.7,4.9,85,5.0,2.8,OK,0.9
N001421,2026-06-21 07:00:00,Mizoram,Aizawl,23.7088,92.6628,BSNL,4G,67,-90,6.7,4.0,69,2.7,1.5,OK,0.96
N001422,2026-06-21 07:03:00,Mizoram,Kolasib,24.0802,92.7899,Jio,4G,96,-74,111.4,14.8,44,1.3,0.7,GOOD,0.86
N001423,2026-06-21 07:06:00,Mizoram,Lunglei,22.9511,92.8679,BSNL,4G,80,-86,15.4,2.1,118,4.4,2.4,OK,0.87
N001424,2026-06-21 07:09:00,Tripura,West Tripura,23.9276,91.3841,Airtel,4G,96,-52,122.6,24.3,21,0.3,0.2,GOOD,0.89
N001425,2026-06-21 07:12:00,Tripura,Sipahijala,23.6113,91.3808,BSNL,4G,99,-58,106.4,25.7,27,0.1,0.1,GOOD,0.92
N001426,2026-06-21 07:15:00,Tripura,Dhalai,23.7082,91.7156,Airtel,5G,94,-65,37.3,17.7,39,1.3,0.7,GOOD,0.91
N001427,2026-06-21 07:18:00,Arunachal Pradesh,Tawang,27.6284,91.7103,Jio,NO_SERVICE,39,-99,1.26,0.06,592,21.0,11.6,NO_NETWORK,0.98
N001428,2026-06-21 07:21:00,Arunachal Pradesh,West Kameng,27.1392,92.3132,Jio,NO_SERVICE,30,-109,0.93,0.27,424,16.2,8.9,NO_NETWORK,0.95
N001429,2026-06-21 07:24:00,Arunachal Pradesh,Papum Pare,27.1452,93.5056,BSNL,4G,98,-62,30.6,15.4,19,0.7,0.4,GOOD,0.91
N001430,2026-06-21 07:27:00,Arunachal Pradesh,East Siang,28.0118,95.3195,BSNL,4G,95,-69,86.9,17.7,26,1.3,0.7,GOOD,0.86
N001431,2026-06-21 07:30:00,Arunachal Pradesh,Lower Subansiri,27.5779,93.7783,Jio,3G,83,-83,10.4,1.3,123,5.3,2.9,POOR,0.86
N001432,2026-06-21 07:33:00,Assam,Kamrup Metropolitan,26.0491,91.8491,BSNL,5G,94,-66,120.0,11.4,18,1.3,0.7,GOOD,0.92
N001433,2026-06-21 07:36:00,Assam,Kamrup Rural,26.0412,91.4189,Jio,4G,98,-67,78.9,32.7,18,0.5,0.3,GOOD,0.9
N001434,2026-06-21 07:39:00,Assam,Darrang,26.5741,92.1732,BSNL,4G,93,-75,129.4,35.0,34,0.1,0.1,GOOD,0.92
N001435,2026-06-21 07:42:00,Assam,Sonitpur,26.4987,92.828,Airtel,5G,93,-68,122.6,38.0,30,0.4,0.2,GOOD,0.9
N001436,2026-06-21 07:45:00,Assam,Dibrugarh,27.4332,95.0462,Airtel,5G,100,-76,48.4,12.4,24,0.5,0.3,GOOD,0.97
N001437,2026-06-21 07:48:00,Assam,Cachar,24.9153,92.9074,BSNL,5G,100,-62,30.2,35.6,28,0.6,0.3,GOOD,0.85
N001438,2026-06-21 07:51:00,Assam,Nagaon,26.4093,92.5912,BSNL,4G,100,-70,125.2,35.4,20,0.9,0.5,GOOD,0.9
N001439,2026-06-21 07:54:00,Meghalaya,East Khasi Hills,25.6527,91.8579,BSNL,3G,84,-95,7.1,2.9,114,4.7,2.6,POOR,0.94
N001440,2026-06-21 07:57:00,Meghalaya,West Khasi Hills,25.6586,91.1949,Jio,2G,72,-93,6.0,4.0,134,2.7,1.5,POOR,0.89
N001441,2026-06-21 08:00:00,Meghalaya,Ri-Bhoi,25.9877,91.7386,Jio,4G,100,-70,89.8,15.3,30,0.3,0.2,GOOD,0.88
N001442,2026-06-21 08:03:00,Meghalaya,West Jaintia Hills,25.3745,92.2249,BSNL,3G,79,-96,14.8,3.3,95,2.3,1.3,POOR,0.93
N001443,2026-06-21 08:06:00,Sikkim,East Sikkim,27.2289,88.5535,Airtel,3G,77,-82,11.4,3.3,111,3.7,2.0,POOR,0.91
N001444,2026-06-21 08:09:00,Sikkim,North Sikkim,27.465,88.527,BSNL,NO_SERVICE,27,-101,0.84,0.36,633,20.5,11.3,NO_NETWORK,0.92
N001445,2026-06-21 08:12:00,Sikkim,South Sikkim,27.0376,88.2999,Airtel,2G,75,-82,12.9,3.5,117,3.9,2.1,POOR,0.87
N001446,2026-06-21 08:15:00,Nagaland,Kohima,25.707,94.1598,Jio,4G,85,-78,7.6,3.0,113,5.3,2.9,OK,0.98
N001447,2026-06-21 08:18:00,Nagaland,Dimapur,25.7705,93.6536,BSNL,5G,92,-73,61.6,12.8,20,0.8,0.4,GOOD,0.95
N001448,2026-06-21 08:21:00,Nagaland,Mokokchung,26.3764,94.4097,Airtel,2G,74,-86,5.5,1.2,83,5.6,3.1,POOR,0.86
N001449,2026-06-21 08:24:00,Manipur,Imphal West,24.7451,93.9379,BSNL,4G,83,-88,14.1,2.4,125,5.4,3.0,OK,0.92
N001450,2026-06-21 08:27:00,Manipur,Bishnupur,24.5093,93.8276,BSNL,5G,94,-65,66.4,14.7,32,0.4,0.2,GOOD,0.97
N001451,2026-06-21 08:30:00,Manipur,Senapati,25.1232,93.8984,BSNL,4G,77,-84,15.7,1.3,123,2.0,1.1,OK,0.87
N001452,2026-06-21 08:33:00,Mizoram,Aizawl,23.6853,92.6966,Airtel,2G,86,-96,9.7,3.7,86,5.9,3.2,POOR,0.98
N001453,2026-06-21 08:36:00,Mizoram,Kolasib,24.2985,92.6091,Airtel,5G,97,-57,121.0,32.2,43,0.6,0.3,GOOD,0.92
N001454,2026-06-21 08:39:00,Mizoram,Lunglei,22.9511,92.7374,Airtel,2G,72,-93,5.7,1.9,127,5.1,2.8,POOR,0.88
N001455,2026-06-21 08:42:00,Tripura,West Tripura,23.8725,91.2688,BSNL,4G,96,-55,101.6,40.8,20,1.1,0.6,GOOD,0.98
N001456,2026-06-21 08:45:00,Tripura,Sipahijala,23.4958,91.2401,Jio,5G,93,-73,37.2,14.6,45,1.1,0.6,GOOD,0.96
N001457,2026-06-21 08:48:00,Tripura,Dhalai,23.9686,91.8485,Airtel,5G,98,-73,52.7,11.2,27,1.0,0.6,GOOD,0.93
N001458,2026-06-21 08:51:00,Arunachal Pradesh,Tawang,27.5817,91.8573,BSNL,3G,50,-108,1.02,0.4,444,18.0,9.9,POOR,0.89
N001459,2026-06-21 08:54:00,Arunachal Pradesh,West Kameng,27.2194,92.327,Airtel,3G,49,-105,0.71,0.19,543,24.5,13.5,POOR,0.88
N001460,2026-06-21 08:57:00,Arunachal Pradesh,Papum Pare,27.103,93.5484,Airtel,4G,98,-52,42.2,14.0,41,0.9,0.5,GOOD,0.96
N001461,2026-06-21 09:00:00,Arunachal Pradesh,East Siang,28.2154,95.1772,Jio,4G,92,-69,116.6,23.8,22,1.0,0.6,GOOD,0.91
N001462,2026-06-21 09:03:00,Arunachal Pradesh,Lower Subansiri,27.4231,93.9105,Airtel,2G,84,-78,5.0,1.8,68,1.8,1.0,POOR,0.96
N001463,2026-06-21 09:06:00,Assam,Kamrup Metropolitan,26.0798,91.8806,BSNL,4G,98,-75,30.2,35.6,46,1.1,0.6,GOOD,0.88
N001464,2026-06-21 09:09:00,Assam,Kamrup Rural,26.3204,91.6631,Jio,5G,95,-62,98.4,17.2,21,0.3,0.2,GOOD,0.93
N001465,2026-06-21 09:12:00,Assam,Darrang,26.5143,92.025,Airtel,5G,96,-59,63.0,29.8,39,0.9,0.5,GOOD,0.93
N001466,2026-06-21 09:15:00,Assam,Sonitpur,26.4855,92.9335,Jio,4G,97,-74,44.1,34.5,39,0.5,0.3,GOOD,0.92
N001467,2026-06-21 09:18:00,Assam,Dibrugarh,27.607,95.0619,Airtel,4G,98,-76,74.6,11.5,22,0.3,0.2,GOOD,0.94
N001468,2026-06-21 09:21:00,Assam,Cachar,24.7467,92.6435,Airtel,4G,92,-54,87.1,38.2,21,0.4,0.2,GOOD,0.97
N001469,2026-06-21 09:24:00,Assam,Nagaon,26.4183,92.6981,Jio,4G,92,-69,99.7,19.9,45,0.4,0.2,GOOD,0.93
N001470,2026-06-21 09:27:00,Meghalaya,East Khasi Hills,25.4822,92.0328,Jio,2G,71,-91,12.3,4.3,119,3.5,1.9,POOR,0.96
N001471,2026-06-21 09:30:00,Meghalaya,West Khasi Hills,25.4225,91.2266,Airtel,4G,81,-93,4.8,2.4,133,4.7,2.6,OK,0.93
N001472,2026-06-21 09:33:00,Meghalaya,Ri-Bhoi,25.9462,91.7662,Jio,4G,92,-57,53.2,37.1,19,1.1,0.6,GOOD,0.9
N001473,2026-06-21 09:36:00,Meghalaya,West Jaintia Hills,25.5765,92.3211,BSNL,2G,85,-96,14.5,2.0,117,4.4,2.4,POOR,0.86
N001474,2026-06-21 09:39:00,Sikkim,East Sikkim,27.4385,88.6103,BSNL,4G,76,-86,8.7,1.7,128,5.8,3.2,OK,0.91
N001475,2026-06-21 09:42:00,Sikkim,North Sikkim,27.4305,88.5801,Jio,NO_SERVICE,28,-110,0.55,0.02,542,23.7,13.0,NO_NETWORK,0.97
N001476,2026-06-21 09:45:00,Sikkim,South Sikkim,27.2042,88.3302,Jio,3G,80,-94,13.3,2.5,90,4.4,2.4,POOR,0.9
N001477,2026-06-21 09:48:00,Nagaland,Kohima,25.8171,94.1615,BSNL,2G,87,-83,4.7,2.9,103,4.8,2.6,POOR,0.87
N001478,2026-06-21 09:51:00,Nagaland,Dimapur,25.9054,93.7664,BSNL,5G,100,-53,90.6,38.1,21,0.6,0.3,GOOD,0.97
N001479,2026-06-21 09:54:00,Nagaland,Mokokchung,26.1988,94.6105,BSNL,4G,88,-92,10.0,4.8,140,5.3,2.9,OK,0.88
N001480,2026-06-21 09:57:00,Manipur,Imphal West,24.9379,94.0393,BSNL,4G,92,-72,61.6,22.4,18,1.4,0.8,GOOD,0.88
N001481,2026-06-21 10:00:00,Manipur,Bishnupur,24.6477,93.8897,Jio,5G,99,-64,60.4,21.8,46,0.3,0.2,GOOD,0.97
N001482,2026-06-21 10:03:00,Manipur,Senapati,25.1383,94.0583,BSNL,2G,65,-81,8.5,3.7,69,5.6,3.1,POOR,0.9
N001483,2026-06-21 10:06:00,Mizoram,Aizawl,23.7528,92.7982,Airtel,4G,85,-90,9.2,3.6,67,5.7,3.1,OK,0.89
N001484,2026-06-21 10:09:00,Mizoram,Kolasib,24.1239,92.5847,Airtel,5G,97,-73,28.3,29.6,43,0.8,0.4,GOOD,0.91
N001485,2026-06-21 10:12:00,Mizoram,Lunglei,22.9413,92.6842,Jio,3G,69,-85,9.4,2.8,123,3.4,1.9,POOR,0.87
N001486,2026-06-21 10:15:00,Tripura,West Tripura,23.8686,91.2163,Airtel,4G,95,-58,122.1,41.9,44,1.2,0.7,GOOD,0.96
N001487,2026-06-21 10:18:00,Tripura,Sipahijala,23.5405,91.3861,Airtel,4G,94,-61,52.0,25.4,23,0.4,0.2,GOOD,0.91
N001488,2026-06-21 10:21:00,Tripura,Dhalai,23.8301,91.7054,Jio,5G,97,-56,83.2,12.2,45,0.9,0.5,GOOD,0.89
N001489,2026-06-21 10:24:00,Arunachal Pradesh,Tawang,27.5792,91.9169,Jio,NO_SERVICE,35,-102,0.16,0.32,536,26.3,14.5,NO_NETWORK,0.9
N001490,2026-06-21 10:27:00,Arunachal Pradesh,West Kameng,27.3323,92.3567,Airtel,3G,40,-112,0.05,0.12,649,24.1,13.3,POOR,0.92
N001491,2026-06-21 10:30:00,Arunachal Pradesh,Papum Pare,27.1525,93.6737,BSNL,4G,100,-55,125.8,25.0,44,1.3,0.7,GOOD,0.89
N001492,2026-06-21 10:33:00,Arunachal Pradesh,East Siang,27.9565,95.2332,BSNL,4G,98,-72,106.0,31.8,29,0.3,0.2,GOOD,0.92
N001493,2026-06-21 10:36:00,Arunachal Pradesh,Lower Subansiri,27.6577,93.7428,BSNL,4G,70,-82,14.3,1.6,89,6.5,3.6,OK,0.96
N001494,2026-06-21 10:39:00,Assam,Kamrup Metropolitan,26.2471,91.8437,Airtel,5G,94,-65,32.0,30.6,42,1.3,0.7,GOOD,0.95
N001495,2026-06-21 10:42:00,Assam,Kamrup Rural,26.174,91.5542,BSNL,5G,94,-67,96.4,27.9,35,0.2,0.1,GOOD,0.91
N001496,2026-06-21 10:45:00,Assam,Darrang,26.5236,92.0146,Airtel,4G,96,-69,66.5,30.7,36,0.9,0.5,GOOD,0.91
N001497,2026-06-21 10:48:00,Assam,Sonitpur,26.6594,92.703,BSNL,4G,92,-56,104.9,11.3,20,0.4,0.2,GOOD,0.93
N001498,2026-06-21 10:51:00,Assam,Dibrugarh,27.423,94.7928,Airtel,4G,100,-60,95.6,36.1,40,0.8,0.4,GOOD,0.94
N001499,2026-06-21 10:54:00,Assam,Cachar,24.9379,92.85,Airtel,4G,94,-56,68.0,39.9,37,0.8,0.4,GOOD,0.88
N001500,2026-06-21 10:57:00,Assam,Nagaon,26.2063,92.6539,Airtel,5G,95,-69,121.8,26.5,43,1.4,0.8,GOOD,0.89
N001501,2026-06-21 11:00:00,Meghalaya,East Khasi Hills,25.6324,91.9883,Jio,3G,67,-96,9.5,4.0,105,3.2,1.8,POOR,0.94
N001502,2026-06-21 11:03:00,Meghalaya,West Khasi Hills,25.3657,91.2829,BSNL,3G,86,-96,15.5,1.5,66,3.2,1.8,POOR,0.97
N001503,2026-06-21 11:06:00,Meghalaya,Ri-Bhoi,25.8751,91.872,BSNL,4G,93,-56,65.1,15.3,21,0.4,0.2,GOOD,0.96
N001504,2026-06-21 11:09:00,Meghalaya,West Jaintia Hills,25.4345,92.1809,BSNL,2G,82,-78,14.6,2.0,94,2.5,1.4,POOR,0.96
N001505,2026-06-21 11:12:00,Sikkim,East Sikkim,27.2921,88.5261,BSNL,4G,80,-86,13.7,2.3,139,2.3,1.3,OK,0.9
N001506,2026-06-21 11:15:00,Sikkim,North Sikkim,27.6265,88.656,Airtel,2G,46,-114,0.23,0.04,514,23.2,12.8,POOR,0.96
N001507,2026-06-21 11:18:00,Sikkim,South Sikkim,27.108,88.4134,Airtel,3G,88,-89,14.6,1.4,119,3.2,1.8,POOR,0.98
N001508,2026-06-21 11:21:00,Nagaland,Kohima,25.7455,94.1974,Airtel,3G,89,-81,15.1,4.9,101,6.3,3.5,POOR,0.9
N001509,2026-06-21 11:24:00,Nagaland,Dimapur,25.819,93.7847,BSNL,5G,94,-60,129.3,34.8,22,0.9,0.5,GOOD,0.95
N001510,2026-06-21 11:27:00,Nagaland,Mokokchung,26.2348,94.5517,BSNL,2G,67,-81,5.3,2.8,120,5.6,3.1,POOR,0.89
N001511,2026-06-21 11:30:00,Manipur,Imphal West,24.8151,93.8572,BSNL,4G,96,-71,81.5,17.1,22,0.5,0.3,GOOD,0.93
N001512,2026-06-21 11:33:00,Manipur,Bishnupur,24.7467,93.7216,Jio,4G,100,-54,65.3,12.6,48,1.4,0.8,GOOD,0.88
N001513,2026-06-21 11:36:00,Manipur,Senapati,25.261,94.102,Jio,3G,83,-80,13.3,2.0,111,5.5,3.0,POOR,0.87
N001514,2026-06-21 11:39:00,Mizoram,Aizawl,23.6133,92.6348,Airtel,2G,67,-81,10.0,1.6,140,3.0,1.7,POOR,0.95
N001515,2026-06-21 11:42:00,Mizoram,Kolasib,24.3008,92.761,Jio,4G,94,-59,104.5,29.7,23,0.5,0.3,GOOD,0.95
N001516,2026-06-21 11:45:00,Mizoram,Lunglei,22.937,92.7446,Jio,2G,80,-97,5.6,3.0,138,3.9,2.1,POOR,0.96
N001517,2026-06-21 11:48:00,Tripura,West Tripura,23.9654,91.3765,Airtel,5G,97,-74,104.1,22.8,31,0.7,0.4,GOOD,0.9
N001518,2026-06-21 11:51:00,Tripura,Sipahijala,23.7195,91.3449,Airtel,5G,98,-70,111.3,23.3,37,0.5,0.3,GOOD,0.94
N001519,2026-06-21 11:54:00,Tripura,Dhalai,23.7126,91.7316,Jio,4G,94,-62,108.4,13.5,29,0.5,0.3,GOOD,0.91
N001520,2026-06-21 11:57:00,Arunachal Pradesh,Tawang,27.5446,91.9279,BSNL,3G,49,-97,1.39,0.3,354,15.9,8.7,POOR,0.89
N001521,2026-06-21 12:00:00,Arunachal Pradesh,West Kameng,27.3343,92.2957,BSNL,2G,27,-94,1.29,0.24,427,25.1,13.8,POOR,0.96
N001522,2026-06-21 12:03:00,Arunachal Pradesh,Papum Pare,26.9873,93.5272,Jio,5G,96,-74,124.1,25.3,29,1.3,0.7,GOOD,0.95
N001523,2026-06-21 12:06:00,Arunachal Pradesh,East Siang,28.1664,95.3181,BSNL,4G,93,-61,86.7,39.6,26,0.5,0.3,GOOD,0.9
N001524,2026-06-21 12:09:00,Arunachal Pradesh,Lower Subansiri,27.5117,93.9065,BSNL,2G,67,-86,7.2,4.5,123,3.9,2.1,POOR,0.89
N001525,2026-06-21 12:12:00,Assam,Kamrup Metropolitan,26.2205,91.7451,BSNL,4G,94,-73,121.7,17.3,18,0.5,0.3,GOOD,0.97
N001526,2026-06-21 12:15:00,Assam,Kamrup Rural,26.159,91.5348,Jio,5G,95,-57,114.0,13.5,32,0.6,0.3,GOOD,0.94
N001527,2026-06-21 12:18:00,Assam,Darrang,26.5067,92.1641,Airtel,5G,99,-66,46.4,25.8,26,0.5,0.3,GOOD,0.97
N001528,2026-06-21 12:21:00,Assam,Sonitpur,26.7257,92.9257,BSNL,5G,98,-72,37.4,22.3,20,0.7,0.4,GOOD,0.96
N001529,2026-06-21 12:24:00,Assam,Dibrugarh,27.5545,94.8922,BSNL,5G,96,-56,63.2,14.4,32,1.0,0.6,GOOD,0.93
N001530,2026-06-21 12:27:00,Assam,Cachar,24.8757,92.8997,Airtel,5G,97,-65,108.2,37.3,19,0.2,0.1,GOOD,0.96
N001531,2026-06-21 12:30:00,Assam,Nagaon,26.4349,92.7967,BSNL,4G,92,-69,91.8,35.8,31,0.9,0.5,GOOD,0.85
N001532,2026-06-21 12:33:00,Meghalaya,East Khasi Hills,25.639,92.0054,Jio,2G,85,-85,7.0,4.7,98,2.0,1.1,POOR,0.93
N001533,2026-06-21 12:36:00,Meghalaya,West Khasi Hills,25.3624,91.1939,Jio,4G,70,-81,9.3,4.7,85,5.3,2.9,OK,0.92
N001534,2026-06-21 12:39:00,Meghalaya,Ri-Bhoi,25.8712,91.9232,Airtel,4G,93,-69,30.0,27.8,42,0.8,0.4,GOOD,0.97
N001535,2026-06-21 12:42:00,Meghalaya,West Jaintia Hills,25.4956,92.2592,Jio,3G,79,-97,9.9,4.0,133,6.2,3.4,POOR,0.98
N001536,2026-06-21 12:45:00,Sikkim,East Sikkim,27.4215,88.7208,BSNL,4G,81,-85,5.8,1.2,92,2.6,1.4,OK,0.92
N001537,2026-06-21 12:48:00,Sikkim,North Sikkim,27.5675,88.622,Airtel,NO_SERVICE,28,-100,0.2,0.27,557,19.3,10.6,NO_NETWORK,0.96
N001538,2026-06-21 12:51:00,Sikkim,South Sikkim,27.0841,88.3535,Airtel,2G,82,-83,11.3,3.6,98,2.7,1.5,POOR,0.92
N001539,2026-06-21 12:54:00,Nagaland,Kohima,25.5731,93.967,BSNL,3G,73,-93,5.7,2.5,75,3.1,1.7,POOR,0.94
N001540,2026-06-21 12:57:00,Nagaland,Dimapur,26.0065,93.6687,Jio,5G,97,-53,83.7,36.3,47,0.8,0.4,GOOD,0.9
N001541,2026-06-21 13:00:00,Nagaland,Mokokchung,26.193,94.4819,Airtel,3G,79,-89,4.6,3.5,98,4.4,2.4,POOR,0.92
N001542,2026-06-21 13:03:00,Manipur,Imphal West,24.894,94.0692,Jio,4G,96,-70,31.7,30.3,38,1.3,0.7,GOOD,0.87
N001543,2026-06-21 13:06:00,Manipur,Bishnupur,24.6183,93.9094,BSNL,3G,77,-87,13.9,3.1,138,2.9,1.6,POOR,0.87
N001544,2026-06-21 13:09:00,Manipur,Senapati,25.3244,94.1413,BSNL,4G,80,-78,5.0,5.0,69,4.4,2.4,OK,0.87
N001545,2026-06-21 13:12:00,Mizoram,Aizawl,23.6822,92.653,BSNL,4G,73,-80,4.7,2.0,137,5.1,2.8,OK,0.91
N001546,2026-06-21 13:15:00,Mizoram,Kolasib,24.112,92.6433,BSNL,5G,98,-70,73.2,26.9,29,0.8,0.4,GOOD,0.96
N001547,2026-06-21 13:18:00,Mizoram,Lunglei,22.9047,92.8369,Jio,3G,66,-80,12.1,2.8,132,2.2,1.2,POOR,0.92
N001548,2026-06-21 13:21:00,Tripura,West Tripura,23.8092,91.2604,Airtel,5G,93,-54,116.5,33.0,37,0.6,0.3,GOOD,0.94
N001549,2026-06-21 13:24:00,Tripura,Sipahijala,23.6279,91.2958,BSNL,4G,96,-55,74.1,31.0,41,1.2,0.7,GOOD,0.88
N001550,2026-06-21 13:27:00,Tripura,Dhalai,23.8677,91.9336,Airtel,4G,98,-64,53.1,26.0,46,1.2,0.7,GOOD,0.87
N001551,2026-06-21 13:30:00,Arunachal Pradesh,Tawang,27.5631,91.8414,BSNL,2G,43,-110,0.02,0.24,667,29.9,16.4,POOR,0.93
N001552,2026-06-21 13:33:00,Arunachal Pradesh,West Kameng,27.2396,92.3148,Jio,NO_SERVICE,46,-101,0.43,0.32,479,31.6,17.4,NO_NETWORK,0.93
N001553,2026-06-21 13:36:00,Arunachal Pradesh,Papum Pare,26.9892,93.678,BSNL,4G,99,-75,112.7,10.3,22,0.4,0.2,GOOD,0.92
N001554,2026-06-21 13:39:00,Arunachal Pradesh,East Siang,28.0526,95.1858,BSNL,5G,96,-53,116.7,34.9,30,1.0,0.6,GOOD,0.87
N001555,2026-06-21 13:42:00,Arunachal Pradesh,Lower Subansiri,27.6855,93.8605,Airtel,4G,74,-87,8.5,1.7,97,5.2,2.9,OK,0.96
N001556,2026-06-21 13:45:00,Assam,Kamrup Metropolitan,26.0814,91.743,Airtel,5G,94,-56,82.7,30.5,31,1.0,0.6,GOOD,0.87
N001557,2026-06-21 13:48:00,Assam,Kamrup Rural,26.126,91.5578,BSNL,4G,93,-53,113.3,30.6,45,0.4,0.2,GOOD,0.92
N001558,2026-06-21 13:51:00,Assam,Darrang,26.4285,92.162,Airtel,4G,97,-53,97.3,12.9,28,1.0,0.6,GOOD,0.97
N001559,2026-06-21 13:54:00,Assam,Sonitpur,26.7295,92.7892,Airtel,5G,94,-76,94.2,12.0,38,1.1,0.6,GOOD,0.87
N001560,2026-06-21 13:57:00,Assam,Dibrugarh,27.3362,94.9064,BSNL,5G,98,-58,35.1,19.2,37,0.3,0.2,GOOD,0.97
N001561,2026-06-21 14:00:00,Assam,Cachar,24.9177,92.7715,BSNL,4G,95,-53,61.1,32.8,33,1.1,0.6,GOOD,0.85
N001562,2026-06-21 14:03:00,Assam,Nagaon,26.2368,92.7249,BSNL,5G,97,-63,76.0,24.9,24,0.8,0.4,GOOD,0.86
N001563,2026-06-21 14:06:00,Meghalaya,East Khasi Hills,25.6887,91.8409,BSNL,3G,74,-81,14.2,2.8,88,5.0,2.8,POOR,0.96
N001564,2026-06-21 14:09:00,Meghalaya,West Khasi Hills,25.4762,91.3801,Jio,2G,88,-98,8.3,2.8,116,3.3,1.8,POOR,0.92
N001565,2026-06-21 14:12:00,Meghalaya,Ri-Bhoi,26.017,91.9508,Jio,4G,92,-56,112.7,26.2,42,0.6,0.3,GOOD,0.87
N001566,2026-06-21 14:15:00,Meghalaya,West Jaintia Hills,25.3074,92.239,Jio,2G,70,-83,11.6,3.4,81,6.2,3.4,POOR,0.93
N001567,2026-06-21 14:18:00,Sikkim,East Sikkim,27.226,88.6243,Airtel,2G,88,-89,13.5,3.0,134,3.2,1.8,POOR,0.9
N001568,2026-06-21 14:21:00,Sikkim,North Sikkim,27.5773,88.6872,BSNL,NO_SERVICE,23,-109,0.81,0.15,657,22.0,12.1,NO_NETWORK,0.94
N001569,2026-06-21 14:24:00,Sikkim,South Sikkim,27.2891,88.2361,BSNL,2G,79,-86,14.2,2.2,65,6.2,3.4,POOR,0.86
N001570,2026-06-21 14:27:00,Nagaland,Kohima,25.6076,94.0203,BSNL,2G,79,-89,13.6,4.5,119,6.1,3.4,POOR,0.93
N001571,2026-06-21 14:30:00,Nagaland,Dimapur,25.8901,93.8196,BSNL,4G,97,-70,86.3,9.8,48,0.2,0.1,GOOD,0.89
N001572,2026-06-21 14:33:00,Nagaland,Mokokchung,26.3224,94.6502,Airtel,2G,86,-90,9.7,2.6,84,5.9,3.2,POOR,0.95
N001573,2026-06-21 14:36:00,Manipur,Imphal West,24.9249,93.882,Jio,4G,94,-71,98.0,34.1,21,0.8,0.4,GOOD,0.87
N001574,2026-06-21 14:39:00,Manipur,Bishnupur,24.6449,93.7001,BSNL,5G,96,-56,92.4,16.9,21,0.2,0.1,GOOD,0.89
N001575,2026-06-21 14:42:00,Manipur,Senapati,25.202,93.9822,Jio,2G,70,-82,8.6,3.4,69,5.9,3.2,POOR,0.85
N001576,2026-06-21 14:45:00,Mizoram,Aizawl,23.6315,92.7816,Jio,3G,79,-97,12.3,3.4,108,5.5,3.0,POOR,0.97
N001577,2026-06-21 14:48:00,Mizoram,Kolasib,24.1938,92.6273,Airtel,5G,100,-62,28.9,22.5,32,1.2,0.7,GOOD,0.96
N001578,2026-06-21 14:51:00,Mizoram,Lunglei,22.7456,92.6619,Airtel,2G,71,-80,4.1,3.6,116,2.8,1.5,POOR,0.94
N001579,2026-06-21 14:54:00,Tripura,West Tripura,23.9072,91.2523,Jio,4G,98,-72,117.7,41.7,47,0.4,0.2,GOOD,0.86
N001580,2026-06-21 14:57:00,Tripura,Sipahijala,23.6509,91.1816,BSNL,5G,97,-69,62.7,28.7,42,1.0,0.6,GOOD,0.9
N001581,2026-06-21 15:00:00,Tripura,Dhalai,23.9658,91.7807,Airtel,4G,100,-72,78.2,27.2,39,1.0,0.6,GOOD,0.95
N001582,2026-06-21 15:03:00,Arunachal Pradesh,Tawang,27.6025,91.945,Jio,3G,34,-112,1.54,0.23,665,18.3,10.1,POOR,0.85
N001583,2026-06-21 15:06:00,Arunachal Pradesh,West Kameng,27.3684,92.416,Jio,NO_SERVICE,33,-114,0.73,0.33,556,26.2,14.4,NO_NETWORK,0.86
N001584,2026-06-21 15:09:00,Arunachal Pradesh,Papum Pare,27.246,93.7012,BSNL,4G,96,-52,35.4,13.1,47,0.6,0.3,GOOD,0.88
N001585,2026-06-21 15:12:00,Arunachal Pradesh,East Siang,28.0825,95.1885,BSNL,5G,95,-72,71.8,15.6,22,0.3,0.2,GOOD,0.85
N001586,2026-06-21 15:15:00,Arunachal Pradesh,Lower Subansiri,27.4868,93.9716,BSNL,2G,84,-93,9.4,4.3,65,5.5,3.0,POOR,0.96
N001587,2026-06-21 15:18:00,Assam,Kamrup Metropolitan,26.0765,91.6615,Airtel,4G,94,-61,104.2,10.4,36,0.7,0.4,GOOD,0.97
N001588,2026-06-21 15:21:00,Assam,Kamrup Rural,26.2247,91.5875,BSNL,4G,99,-64,63.2,29.6,29,0.4,0.2,GOOD,0.96
N001589,2026-06-21 15:24:00,Assam,Darrang,26.4622,91.902,Jio,5G,94,-69,77.1,29.5,37,0.2,0.1,GOOD,0.88
N001590,2026-06-21 15:27:00,Assam,Sonitpur,26.5257,92.8095,BSNL,5G,99,-57,96.8,36.0,28,1.3,0.7,GOOD,0.85
N001591,2026-06-21 15:30:00,Assam,Dibrugarh,27.4742,95.0026,BSNL,5G,98,-70,105.7,37.8,19,1.3,0.7,GOOD,0.89
N001592,2026-06-21 15:33:00,Assam,Cachar,24.7617,92.8547,Jio,5G,93,-65,36.5,30.0,39,0.8,0.4,GOOD,0.92
N001593,2026-06-21 15:36:00,Assam,Nagaon,26.2917,92.5972,BSNL,5G,92,-61,52.6,33.5,23,0.5,0.3,GOOD,0.92
N001594,2026-06-21 15:39:00,Meghalaya,East Khasi Hills,25.4689,92.02,Airtel,4G,66,-86,7.7,1.9,99,3.4,1.9,OK,0.91
N001595,2026-06-21 15:42:00,Meghalaya,West Khasi Hills,25.5618,91.2339,Jio,3G,83,-91,14.3,1.3,75,4.5,2.5,POOR,0.87
N001596,2026-06-21 15:45:00,Meghalaya,Ri-Bhoi,25.8678,91.7543,Jio,4G,100,-54,121.4,25.1,29,0.9,0.5,GOOD,0.97
N001597,2026-06-21 15:48:00,Meghalaya,West Jaintia Hills,25.3093,92.2996,Jio,2G,70,-93,9.6,4.6,71,2.2,1.2,POOR,0.93
N001598,2026-06-21 15:51:00,Sikkim,East Sikkim,27.4805,88.5694,Jio,2G,79,-86,8.3,2.4,143,4.8,2.6,POOR,0.88
N001599,2026-06-21 15:54:00,Sikkim,North Sikkim,27.5804,88.6091,Jio,2G,27,-113,0.57,0.52,335,31.9,17.5,POOR,0.91
N001600,2026-06-21 15:57:00,Sikkim,South Sikkim,27.0779,88.2028,Airtel,3G,66,-88,10.3,4.9,124,2.0,1.1,POOR,0.95
N001601,2026-06-21 16:00:00,Nagaland,Kohima,25.8015,94.0659,Jio,3G,71,-96,7.9,2.3,135,6.3,3.5,POOR,0.91
N001602,2026-06-21 16:03:00,Nagaland,Dimapur,25.9993,93.6438,Jio,4G,100,-69,54.4,20.3,23,0.9,0.5,GOOD,0.96
N001603,2026-06-21 16:06:00,Nagaland,Mokokchung,26.3229,94.5812,Jio,4G,73,-90,11.7,2.9,90,5.5,3.0,OK,0.96
N001604,2026-06-21 16:09:00,Manipur,Imphal West,24.9133,93.9056,BSNL,3G,85,-78,11.0,4.0,69,2.2,1.2,POOR,0.97
N001605,2026-06-21 16:12:00,Manipur,Bishnupur,24.5335,93.6726,BSNL,4G,70,-79,6.4,3.0,88,3.5,1.9,OK,0.92
N001606,2026-06-21 16:15:00,Manipur,Senapati,25.2795,93.8796,BSNL,2G,82,-86,8.9,3.7,66,3.6,2.0,POOR,0.85
N001607,2026-06-21 16:18:00,Mizoram,Aizawl,23.8572,92.8242,Airtel,3G,75,-87,10.3,4.8,110,2.2,1.2,POOR,0.9
N001608,2026-06-21 16:21:00,Mizoram,Kolasib,24.1276,92.7334,Airtel,5G,97,-66,65.7,12.4,45,0.8,0.4,GOOD,0.86
N001609,2026-06-21 16:24:00,Mizoram,Lunglei,22.9342,92.8549,BSNL,2G,78,-97,8.8,1.3,119,5.8,3.2,POOR,0.98
N001610,2026-06-21 16:27:00,Tripura,West Tripura,23.9644,91.1524,Jio,4G,94,-55,93.2,15.2,31,0.1,0.1,GOOD,0.92
N001611,2026-06-21 16:30:00,Tripura,Sipahijala,23.6071,91.1985,Jio,5G,92,-59,121.5,38.8,31,1.4,0.8,GOOD,0.94
N001612,2026-06-21 16:33:00,Tripura,Dhalai,23.9277,91.9651,BSNL,5G,100,-61,42.1,40.2,25,0.6,0.3,GOOD,0.94
N001613,2026-06-21 16:36:00,Arunachal Pradesh,Tawang,27.5958,91.8043,Airtel,2G,46,-96,1.19,0.27,353,24.4,13.4,POOR,0.96
N001614,2026-06-21 16:39:00,Arunachal Pradesh,West Kameng,27.286,92.2735,Airtel,3G,22,-115,0.78,0.05,598,14.8,8.1,POOR,0.89
N001615,2026-06-21 16:42:00,Arunachal Pradesh,Papum Pare,27.2377,93.7417,Jio,5G,97,-73,48.3,24.6,39,0.1,0.1,GOOD,0.93
N001616,2026-06-21 16:45:00,Arunachal Pradesh,East Siang,28.1038,95.205,Jio,4G,99,-74,120.4,38.7,18,0.2,0.1,GOOD,0.94
N001617,2026-06-21 16:48:00,Arunachal Pradesh,Lower Subansiri,27.6392,93.9605,Jio,2G,65,-87,11.8,1.6,134,3.9,2.1,POOR,0.92
N001618,2026-06-21 16:51:00,Assam,Kamrup Metropolitan,26.066,91.6884,Airtel,5G,97,-56,122.9,28.5,42,0.4,0.2,GOOD,0.88
N001619,2026-06-21 16:54:00,Assam,Kamrup Rural,26.106,91.4339,Jio,4G,96,-55,117.7,15.7,24,0.4,0.2,GOOD,0.87
N001620,2026-06-21 16:57:00,Assam,Darrang,26.4896,92.0547,Airtel,5G,93,-56,122.1,31.3,24,1.1,0.6,GOOD,0.87
N001621,2026-06-21 17:00:00,Assam,Sonitpur,26.597,92.9096,BSNL,5G,92,-69,50.2,29.8,25,0.3,0.2,GOOD,0.98
N001622,2026-06-21 17:03:00,Assam,Dibrugarh,27.5985,94.8946,Jio,5G,99,-68,124.7,17.7,33,1.3,0.7,GOOD,0.96
N001623,2026-06-21 17:06:00,Assam,Cachar,24.7138,92.6456,Airtel,5G,92,-73,113.7,23.7,38,1.0,0.6,GOOD,0.85
N001624,2026-06-21 17:09:00,Assam,Nagaon,26.2239,92.7596,BSNL,4G,98,-63,77.0,19.1,24,1.4,0.8,GOOD,0.88
N001625,2026-06-21 17:12:00,Meghalaya,East Khasi Hills,25.616,91.8793,BSNL,2G,88,-92,6.9,3.8,123,4.2,2.3,POOR,0.88
N001626,2026-06-21 17:15:00,Meghalaya,West Khasi Hills,25.5458,91.2119,Airtel,4G,81,-96,13.1,3.8,90,2.7,1.5,OK,0.98
N001627,2026-06-21 17:18:00,Meghalaya,Ri-Bhoi,25.9052,91.9063,Airtel,5G,95,-64,77.0,41.8,18,0.6,0.3,GOOD,0.89
N001628,2026-06-21 17:21:00,Meghalaya,West Jaintia Hills,25.3203,92.2868,Airtel,4G,68,-87,14.8,4.2,79,3.7,2.0,OK,0.95
N001629,2026-06-21 17:24:00,Sikkim,East Sikkim,27.3416,88.5631,BSNL,2G,82,-83,13.1,4.4,110,5.0,2.8,POOR,0.91
N001630,2026-06-21 17:27:00,Sikkim,North Sikkim,27.4229,88.6391,Airtel,NO_SERVICE,37,-110,1.6,0.14,445,18.8,10.3,NO_NETWORK,0.93
N001631,2026-06-21 17:30:00,Sikkim,South Sikkim,27.1739,88.3955,Jio,4G,79,-93,14.0,1.9,81,3.7,2.0,OK,0.93
N001632,2026-06-21 17:33:00,Nagaland,Kohima,25.7577,94.0028,Airtel,3G,85,-94,10.2,1.3,88,4.6,2.5,POOR,0.95
N001633,2026-06-21 17:36:00,Nagaland,Dimapur,26.0479,93.7328,Airtel,4G,93,-66,114.4,11.3,42,0.3,0.2,GOOD,0.88
N001634,2026-06-21 17:39:00,Nagaland,Mokokchung,26.3271,94.6206,BSNL,2G,65,-90,10.9,4.2,117,3.5,1.9,POOR,0.91
N001635,2026-06-21 17:42:00,Manipur,Imphal West,24.96,93.979,BSNL,4G,98,-56,56.0,33.4,37,1.4,0.8,GOOD,0.97
N001636,2026-06-21 17:45:00,Manipur,Bishnupur,24.6828,93.8229,BSNL,5G,99,-52,34.5,37.9,19,0.4,0.2,GOOD,0.97
N001637,2026-06-21 17:48:00,Manipur,Senapati,25.2835,94.1489,Airtel,2G,74,-89,6.1,1.8,92,4.4,2.4,POOR,0.95
N001638,2026-06-21 17:51:00,Mizoram,Aizawl,23.6086,92.8304,Airtel,4G,89,-96,6.9,4.3,69,6.0,3.3,OK,0.93
N001639,2026-06-21 17:54:00,Mizoram,Kolasib,24.0711,92.5969,Jio,5G,97,-57,66.3,15.3,42,0.3,0.2,GOOD,0.88
N001640,2026-06-21 17:57:00,Mizoram,Lunglei,22.8742,92.8205,Airtel,2G,81,-88,9.9,1.9,86,1.9,1.0,POOR,0.91
N001641,2026-06-21 18:00:00,Tripura,West Tripura,23.7431,91.1921,Airtel,5G,94,-76,61.2,22.0,24,0.2,0.1,GOOD,0.98
N001642,2026-06-21 18:03:00,Tripura,Sipahijala,23.494,91.1966,Airtel,4G,94,-54,50.7,30.0,21,0.4,0.2,GOOD,0.92
N001643,2026-06-21 18:06:00,Tripura,Dhalai,23.9738,91.808,Jio,4G,99,-69,114.8,9.2,25,1.4,0.8,GOOD,0.93
N001644,2026-06-21 18:09:00,Arunachal Pradesh,Tawang,27.5018,91.788,Airtel,NO_SERVICE,30,-102,0.03,0.44,570,20.9,11.5,NO_NETWORK,0.88
N001645,2026-06-21 18:12:00,Arunachal Pradesh,West Kameng,27.1681,92.2723,BSNL,2G,23,-105,0.82,0.15,545,30.3,16.7,POOR,0.91
N001646,2026-06-21 18:15:00,Arunachal Pradesh,Papum Pare,27.1998,93.5078,Jio,5G,93,-69,56.0,37.8,25,1.4,0.8,GOOD,0.9
N001647,2026-06-21 18:18:00,Arunachal Pradesh,East Siang,28.1968,95.2675,Jio,4G,96,-74,53.3,36.6,18,0.2,0.1,GOOD,0.93
N001648,2026-06-21 18:21:00,Arunachal Pradesh,Lower Subansiri,27.4514,93.8381,BSNL,3G,74,-81,5.9,3.5,95,5.1,2.8,POOR,0.88
N001649,2026-06-21 18:24:00,Assam,Kamrup Metropolitan,26.258,91.6058,Jio,5G,96,-60,118.5,33.8,35,1.3,0.7,GOOD,0.85
N001650,2026-06-21 18:27:00,Assam,Kamrup Rural,26.0919,91.5718,BSNL,4G,95,-63,79.2,15.0,35,1.1,0.6,GOOD,0.87
N001651,2026-06-21 18:30:00,Assam,Darrang,26.5951,91.9544,Airtel,5G,96,-75,93.4,22.3,47,0.8,0.4,GOOD,0.96
N001652,2026-06-21 18:33:00,Assam,Sonitpur,26.7401,92.7309,Jio,5G,97,-65,85.9,22.4,35,1.3,0.7,GOOD,0.96
N001653,2026-06-21 18:36:00,Assam,Dibrugarh,27.5615,95.0239,Airtel,5G,100,-73,75.2,16.9,29,1.0,0.6,GOOD,0.94
N001654,2026-06-21 18:39:00,Assam,Cachar,24.83,92.8471,BSNL,4G,95,-71,96.1,21.0,26,0.1,0.1,GOOD,0.95
N001655,2026-06-21 18:42:00,Assam,Nagaon,26.2147,92.6866,Airtel,4G,100,-58,98.8,38.9,35,0.2,0.1,GOOD,0.89
N001656,2026-06-21 18:45:00,Meghalaya,East Khasi Hills,25.5411,91.899,Jio,4G,69,-86,5.7,3.8,120,5.4,3.0,OK,0.97
N001657,2026-06-21 18:48:00,Meghalaya,West Khasi Hills,25.5684,91.3247,Jio,3G,68,-85,8.4,3.1,122,2.4,1.3,POOR,0.96
N001658,2026-06-21 18:51:00,Meghalaya,Ri-Bhoi,25.9414,91.9672,Airtel,4G,97,-55,114.8,41.2,22,0.7,0.4,GOOD,0.97
N001659,2026-06-21 18:54:00,Meghalaya,West Jaintia Hills,25.3609,92.309,BSNL,3G,84,-84,12.2,3.0,110,4.5,2.5,POOR,0.88
N001660,2026-06-21 18:57:00,Sikkim,East Sikkim,27.302,88.5037,Jio,3G,79,-95,6.7,2.1,72,3.8,2.1,POOR,0.92
N001661,2026-06-21 19:00:00,Sikkim,North Sikkim,27.3903,88.4252,Jio,NO_SERVICE,15,-94,0.76,0.42,477,14.1,7.8,NO_NETWORK,0.95
N001662,2026-06-21 19:03:00,Sikkim,South Sikkim,27.0323,88.3537,BSNL,4G,65,-86,5.8,3.1,71,1.9,1.0,OK,0.98
N001663,2026-06-21 19:06:00,Nagaland,Kohima,25.6478,94.2,Jio,4G,65,-95,9.1,2.3,71,6.0,3.3,OK,0.87
N001664,2026-06-21 19:09:00,Nagaland,Dimapur,25.8893,93.6572,Airtel,5G,100,-65,68.5,29.5,38,1.3,0.7,GOOD,0.97
N001665,2026-06-21 19:12:00,Nagaland,Mokokchung,26.4278,94.5238,Airtel,2G,68,-81,7.4,2.3,142,3.3,1.8,POOR,0.94
N001666,2026-06-21 19:15:00,Manipur,Imphal West,24.7353,93.8224,Jio,4G,93,-74,46.4,41.8,23,1.4,0.8,GOOD,0.93
N001667,2026-06-21 19:18:00,Manipur,Bishnupur,24.5414,93.7133,Airtel,4G,93,-52,53.5,27.4,43,1.1,0.6,GOOD,0.91
N001668,2026-06-21 19:21:00,Manipur,Senapati,25.3636,93.9172,Airtel,2G,75,-79,13.9,3.8,136,3.7,2.0,POOR,0.91
N001669,2026-06-21 19:24:00,Mizoram,Aizawl,23.8028,92.7895,Airtel,4G,78,-80,9.8,2.8,123,3.7,2.0,OK,0.9
N001670,2026-06-21 19:27:00,Mizoram,Kolasib,24.1546,92.634,Jio,4G,99,-69,84.8,36.2,39,0.8,0.4,GOOD,0.89
N001671,2026-06-21 19:30:00,Mizoram,Lunglei,22.9573,92.5936,BSNL,3G,67,-95,13.2,3.6,126,5.1,2.8,POOR,0.89
N001672,2026-06-21 19:33:00,Tripura,West Tripura,23.7263,91.2561,BSNL,5G,99,-60,29.8,23.3,24,0.7,0.4,GOOD,0.92
N001673,2026-06-21 19:36:00,Tripura,Sipahijala,23.5551,91.3381,Jio,4G,94,-62,100.3,34.3,32,1.0,0.6,GOOD,0.87
N001674,2026-06-21 19:39:00,Tripura,Dhalai,23.8384,91.9376,Jio,5G,98,-69,34.7,40.5,41,0.9,0.5,GOOD,0.9
N001675,2026-06-21 19:42:00,Arunachal Pradesh,Tawang,27.7187,91.8347,Airtel,NO_SERVICE,23,-103,0.08,0.59,410,31.1,17.1,NO_NETWORK,0.92
N001676,2026-06-21 19:45:00,Arunachal Pradesh,West Kameng,27.2269,92.4392,BSNL,2G,34,-100,1.13,0.35,484,26.8,14.7,POOR,0.9
N001677,2026-06-21 19:48:00,Arunachal Pradesh,Papum Pare,27.1003,93.6643,BSNL,4G,95,-74,122.0,13.7,28,0.9,0.5,GOOD,0.95
N001678,2026-06-21 19:51:00,Arunachal Pradesh,East Siang,28.1217,95.297,BSNL,5G,93,-69,57.1,31.5,26,0.3,0.2,GOOD,0.96
N001679,2026-06-21 19:54:00,Arunachal Pradesh,Lower Subansiri,27.5761,93.8503,BSNL,4G,73,-88,15.5,2.5,80,3.0,1.7,OK,0.89
N001680,2026-06-21 19:57:00,Assam,Kamrup Metropolitan,26.2803,91.6853,BSNL,5G,92,-65,33.8,39.5,30,1.3,0.7,GOOD,0.93
N001681,2026-06-21 20:00:00,Assam,Kamrup Rural,26.2072,91.5293,BSNL,5G,97,-75,35.1,15.4,40,1.1,0.6,GOOD,0.9
N001682,2026-06-21 20:03:00,Assam,Darrang,26.4623,91.9375,Jio,5G,100,-54,47.1,28.1,22,0.8,0.4,GOOD,0.9
N001683,2026-06-21 20:06:00,Assam,Sonitpur,26.6755,92.734,Airtel,4G,98,-75,29.1,24.9,41,0.9,0.5,GOOD,0.89
N001684,2026-06-21 20:09:00,Assam,Dibrugarh,27.3324,94.9687,Jio,4G,94,-67,51.6,41.9,21,0.7,0.4,GOOD,0.96
N001685,2026-06-21 20:12:00,Assam,Cachar,24.9567,92.7447,Airtel,5G,94,-52,59.9,15.0,27,0.2,0.1,GOOD,0.91
N001686,2026-06-21 20:15:00,Assam,Nagaon,26.2162,92.5512,BSNL,4G,94,-58,105.8,33.7,48,1.0,0.6,GOOD,0.91
N001687,2026-06-21 20:18:00,Meghalaya,East Khasi Hills,25.7017,91.8606,Airtel,3G,74,-93,7.8,3.6,66,4.7,2.6,POOR,0.86
N001688,2026-06-21 20:21:00,Meghalaya,West Khasi Hills,25.5829,91.2267,Jio,4G,70,-83,14.1,3.3,133,3.2,1.8,OK,0.85
N001689,2026-06-21 20:24:00,Meghalaya,Ri-Bhoi,25.8117,91.8597,Jio,5G,96,-56,48.0,12.0,23,0.3,0.2,GOOD,0.95
N001690,2026-06-21 20:27:00,Meghalaya,West Jaintia Hills,25.4725,92.1431,BSNL,2G,68,-83,9.7,3.2,118,5.2,2.9,POOR,0.89
N001691,2026-06-21 20:30:00,Sikkim,East Sikkim,27.2715,88.4587,BSNL,3G,76,-96,8.9,2.8,134,6.3,3.5,POOR,0.89
N001692,2026-06-21 20:33:00,Sikkim,North Sikkim,27.5315,88.4741,BSNL,NO_SERVICE,36,-95,1.17,0.17,485,20.8,11.4,NO_NETWORK,0.9
N001693,2026-06-21 20:36:00,Sikkim,South Sikkim,27.1581,88.3728,BSNL,3G,81,-93,8.2,2.7,145,4.9,2.7,POOR,0.91
N001694,2026-06-21 20:39:00,Nagaland,Kohima,25.8008,94.0626,Jio,2G,82,-93,11.6,1.5,125,6.3,3.5,POOR,0.96
N001695,2026-06-21 20:42:00,Nagaland,Dimapur,25.9407,93.8205,Airtel,5G,98,-54,51.8,34.4,24,1.4,0.8,GOOD,0.88
N001696,2026-06-21 20:45:00,Nagaland,Mokokchung,26.3603,94.4996,Airtel,4G,86,-94,15.2,4.0,120,5.2,2.9,OK,0.89
N001697,2026-06-21 20:48:00,Manipur,Imphal West,24.8376,93.9049,Jio,4G,95,-60,119.5,27.8,38,0.8,0.4,GOOD,0.85
N001698,2026-06-21 20:51:00,Manipur,Bishnupur,24.5645,93.8029,BSNL,4G,93,-57,29.8,10.3,24,0.4,0.2,GOOD,0.91
N001699,2026-06-21 20:54:00,Manipur,Senapati,25.328,94.1307,BSNL,4G,67,-86,15.7,2.5,65,2.6,1.4,OK,0.91
N001700,2026-06-21 20:57:00,Mizoram,Aizawl,23.7429,92.8662,Jio,4G,73,-85,7.4,1.2,91,5.4,3.0,OK,0.94
N001701,2026-06-21 21:00:00,Mizoram,Kolasib,24.3039,92.653,Jio,4G,98,-62,114.0,30.4,27,1.4,0.8,GOOD,0.9
N001702,2026-06-21 21:03:00,Mizoram,Lunglei,22.8687,92.612,BSNL,4G,65,-86,4.5,2.3,136,3.7,2.0,OK,0.9
N001703,2026-06-21 21:06:00,Tripura,West Tripura,23.7846,91.2566,Jio,4G,100,-75,79.4,30.8,21,0.7,0.4,GOOD,0.88
N001704,2026-06-21 21:09:00,Tripura,Sipahijala,23.5194,91.4371,Jio,5G,100,-69,122.9,36.7,28,0.8,0.4,GOOD,0.87
N001705,2026-06-21 21:12:00,Tripura,Dhalai,23.8384,91.7248,Airtel,4G,94,-66,68.0,24.2,25,0.8,0.4,GOOD,0.86
N001706,2026-06-21 21:15:00,Arunachal Pradesh,Tawang,27.4782,91.9555,Jio,2G,45,-100,1.11,0.31,342,19.1,10.5,POOR,0.95
N001707,2026-06-21 21:18:00,Arunachal Pradesh,West Kameng,27.2966,92.3191,BSNL,3G,18,-113,0.02,0.13,321,19.7,10.8,POOR,0.93
N001708,2026-06-21 21:21:00,Arunachal Pradesh,Papum Pare,26.9737,93.6957,BSNL,4G,99,-76,107.8,13.1,18,1.0,0.6,GOOD,0.92
N001709,2026-06-21 21:24:00,Arunachal Pradesh,East Siang,27.9694,95.3903,BSNL,4G,98,-73,88.8,24.9,43,0.4,0.2,GOOD,0.96
N001710,2026-06-21 21:27:00,Arunachal Pradesh,Lower Subansiri,27.609,93.931,BSNL,4G,66,-95,11.2,1.4,144,2.3,1.3,OK,0.89
N001711,2026-06-21 21:30:00,Assam,Kamrup Metropolitan,26.1925,91.617,BSNL,5G,98,-73,84.6,38.1,36,1.4,0.8,GOOD,0.98
N001712,2026-06-21 21:33:00,Assam,Kamrup Rural,26.0364,91.6437,BSNL,4G,95,-62,90.6,36.6,25,1.0,0.6,GOOD,0.97
N001713,2026-06-21 21:36:00,Assam,Darrang,26.5746,91.941,Jio,4G,92,-57,92.1,22.9,21,0.1,0.1,GOOD,0.91
N001714,2026-06-21 21:39:00,Assam,Sonitpur,26.5849,92.7002,Airtel,5G,94,-60,121.8,34.1,39,1.2,0.7,GOOD,0.92
N001715,2026-06-21 21:42:00,Assam,Dibrugarh,27.3518,95.0126,BSNL,5G,95,-71,66.1,24.1,28,1.0,0.6,GOOD,0.98
N001716,2026-06-21 21:45:00,Assam,Cachar,24.808,92.6612,Jio,5G,94,-66,105.0,19.5,38,0.2,0.1,GOOD,0.92
N001717,2026-06-21 21:48:00,Assam,Nagaon,26.3826,92.8143,BSNL,4G,92,-72,69.7,22.2,45,1.1,0.6,GOOD,0.95
N001718,2026-06-21 21:51:00,Meghalaya,East Khasi Hills,25.4929,91.8503,Jio,3G,88,-83,13.2,3.0,129,4.0,2.2,POOR,0.87
N001719,2026-06-21 21:54:00,Meghalaya,West Khasi Hills,25.3636,91.1738,Airtel,2G,73,-78,13.8,3.1,142,4.1,2.3,POOR,0.85
N001720,2026-06-21 21:57:00,Meghalaya,Ri-Bhoi,25.945,91.8407,Airtel,4G,98,-54,49.7,29.4,31,0.8,0.4,GOOD,0.92
N001721,2026-06-21 22:00:00,Meghalaya,West Jaintia Hills,25.5303,92.1999,Jio,3G,74,-84,10.0,4.1,96,3.7,2.0,POOR,0.96
N001722,2026-06-21 22:03:00,Sikkim,East Sikkim,27.4656,88.6273,BSNL,4G,88,-85,4.8,3.9,128,6.1,3.4,OK,0.85
N001723,2026-06-21 22:06:00,Sikkim,North Sikkim,27.6444,88.6089,Airtel,3G,34,-113,1.17,0.15,605,23.7,13.0,POOR,0.86
N001724,2026-06-21 22:09:00,Sikkim,South Sikkim,27.0599,88.2526,Airtel,4G,65,-87,4.1,2.6,133,2.8,1.5,OK,0.94
N001725,2026-06-21 22:12:00,Nagaland,Kohima,25.7806,94.1032,Jio,2G,75,-81,11.8,3.3,88,3.4,1.9,POOR,0.9
N001726,2026-06-21 22:15:00,Nagaland,Dimapur,25.8915,93.7308,Jio,5G,99,-53,124.5,19.0,46,1.3,0.7,GOOD,0.95
N001727,2026-06-21 22:18:00,Nagaland,Mokokchung,26.4715,94.4398,Jio,4G,89,-95,10.3,4.9,88,5.5,3.0,OK,0.91
N001728,2026-06-21 22:21:00,Manipur,Imphal West,24.7379,93.9153,BSNL,5G,98,-54,88.8,32.0,42,0.4,0.2,GOOD,0.96
N001729,2026-06-21 22:24:00,Manipur,Bishnupur,24.5948,93.7035,Airtel,4G,98,-55,105.6,28.6,42,1.0,0.6,GOOD,0.86
N001730,2026-06-21 22:27:00,Manipur,Senapati,25.1814,94.0776,BSNL,4G,83,-88,15.2,1.3,65,2.1,1.2,OK,0.97
N001731,2026-06-21 22:30:00,Mizoram,Aizawl,23.6605,92.7607,BSNL,3G,83,-81,10.1,3.9,130,5.2,2.9,POOR,0.88
N001732,2026-06-21 22:33:00,Mizoram,Kolasib,24.1945,92.7738,Airtel,4G,97,-67,78.6,19.3,25,0.5,0.3,GOOD,0.87
N001733,2026-06-21 22:36:00,Mizoram,Lunglei,22.8294,92.6627,BSNL,3G,67,-78,5.9,1.8,116,5.4,3.0,POOR,0.89
N001734,2026-06-21 22:39:00,Tripura,West Tripura,23.978,91.3772,BSNL,5G,100,-53,44.4,41.1,31,0.3,0.2,GOOD,0.9
N001735,2026-06-21 22:42:00,Tripura,Sipahijala,23.5994,91.2585,Jio,5G,92,-73,32.0,24.1,28,0.9,0.5,GOOD,0.86
N001736,2026-06-21 22:45:00,Tripura,Dhalai,23.8475,91.9861,Airtel,4G,92,-62,93.9,19.0,43,1.2,0.7,GOOD,0.95
N001737,2026-06-21 22:48:00,Arunachal Pradesh,Tawang,27.4974,91.7369,BSNL,2G,32,-111,1.36,0.48,329,17.3,9.5,POOR,0.89
N001738,2026-06-21 22:51:00,Arunachal Pradesh,West Kameng,27.1758,92.4181,Jio,3G,50,-99,0.66,0.55,486,30.2,16.6,POOR,0.88
N001739,2026-06-21 22:54:00,Arunachal Pradesh,Papum Pare,27.1669,93.5401,Airtel,4G,94,-68,93.3,22.2,35,0.6,0.3,GOOD,0.86
N001740,2026-06-21 22:57:00,Arunachal Pradesh,East Siang,28.0889,95.4663,BSNL,4G,97,-71,108.8,28.4,21,0.4,0.2,GOOD,0.94
N001741,2026-06-21 23:00:00,Arunachal Pradesh,Lower Subansiri,27.424,93.9718,Airtel,3G,83,-92,13.8,4.8,105,3.7,2.0,POOR,0.96
N001742,2026-06-21 23:03:00,Assam,Kamrup Metropolitan,26.1213,91.769,Jio,5G,99,-76,34.3,23.4,33,0.9,0.5,GOOD,0.96
N001743,2026-06-21 23:06:00,Assam,Kamrup Rural,26.2731,91.4179,BSNL,5G,95,-61,67.7,38.7,19,0.2,0.1,GOOD,0.97
N001744,2026-06-21 23:09:00,Assam,Darrang,26.5739,91.9711,Airtel,4G,95,-61,75.7,32.7,43,1.3,0.7,GOOD,0.87
N001745,2026-06-21 23:12:00,Assam,Sonitpur,26.561,92.7817,Jio,4G,99,-59,82.5,37.1,29,0.3,0.2,GOOD,0.86
N001746,2026-06-21 23:15:00,Assam,Dibrugarh,27.4671,94.862,Jio,4G,92,-75,34.2,40.8,28,1.1,0.6,GOOD,0.97
N001747,2026-06-21 23:18:00,Assam,Cachar,24.7402,92.6328,Jio,5G,99,-66,48.3,12.6,24,0.1,0.1,GOOD,0.87
N001748,2026-06-21 23:21:00,Assam,Nagaon,26.3166,92.6587,Airtel,5G,95,-62,123.0,20.4,19,1.2,0.7,GOOD,0.9
N001749,2026-06-21 23:24:00,Meghalaya,East Khasi Hills,25.5757,91.9356,Airtel,4G,89,-90,13.5,4.2,77,3.8,2.1,OK,0.98
N001750,2026-06-21 23:27:00,Meghalaya,West Khasi Hills,25.6577,91.1473,BSNL,3G,88,-81,8.3,1.4,118,6.2,3.4,POOR,0.93
N001751,2026-06-21 23:30:00,Meghalaya,Ri-Bhoi,25.8809,91.8066,BSNL,5G,99,-70,35.0,26.7,29,0.8,0.4,GOOD,0.89
N001752,2026-06-21 23:33:00,Meghalaya,West Jaintia Hills,25.5127,92.2405,Airtel,4G,88,-96,7.5,2.4,133,6.0,3.3,OK,0.92
N001753,2026-06-21 23:36:00,Sikkim,East Sikkim,27.4669,88.6772,BSNL,4G,70,-93,14.5,1.3,115,6.2,3.4,OK,0.86
N001754,2026-06-21 23:39:00,Sikkim,North Sikkim,27.4584,88.612,Airtel,3G,16,-105,0.14,0.49,544,22.7,12.5,POOR,0.97
N001755,2026-06-21 23:42:00,Sikkim,South Sikkim,27.0984,88.3366,BSNL,3G,75,-80,4.3,4.9,124,4.8,2.6,POOR,0.85
N001756,2026-06-21 23:45:00,Nagaland,Kohima,25.6986,94.1574,Jio,4G,75,-94,13.8,4.7,74,6.2,3.4,OK,0.96
N001757,2026-06-21 23:48:00,Nagaland,Dimapur,25.9501,93.8526,Jio,5G,96,-62,109.9,30.3,19,1.4,0.8,GOOD,0.97
N001758,2026-06-21 23:51:00,Nagaland,Mokokchung,26.1991,94.643,Airtel,2G,78,-91,14.6,3.9,100,4.1,2.3,POOR,0.91
N001759,2026-06-21 23:54:00,Manipur,Imphal West,24.7429,93.8775,BSNL,5G,98,-63,33.2,20.8,37,0.6,0.3,GOOD,0.89
N001760,2026-06-21 23:57:00,Manipur,Bishnupur,24.5748,93.738,Jio,4G,82,-80,7.0,1.5,77,2.6,1.4,OK,0.96
N001761,2026-06-22 00:00:00,Manipur,Senapati,25.1428,94.0318,BSNL,2G,69,-93,15.0,1.5,141,4.3,2.4,POOR,0.95
N001762,2026-06-22 00:03:00,Mizoram,Aizawl,23.8017,92.8466,Airtel,3G,86,-94,7.5,2.2,109,2.1,1.2,POOR,0.93
N001763,2026-06-22 00:06:00,Mizoram,Kolasib,24.1205,92.6775,Jio,5G,99,-70,29.5,17.6,44,0.8,0.4,GOOD,0.89
N001764,2026-06-22 00:09:00,Mizoram,Lunglei,22.8875,92.7864,Jio,2G,72,-88,5.5,3.9,82,6.4,3.5,POOR,0.93
N001765,2026-06-22 00:12:00,Tripura,West Tripura,23.7374,91.1771,BSNL,4G,95,-69,123.7,32.6,21,1.2,0.7,GOOD,0.86
N001766,2026-06-22 00:15:00,Tripura,Sipahijala,23.6202,91.4063,BSNL,4G,96,-65,60.1,18.3,35,0.1,0.1,GOOD,0.87
N001767,2026-06-22 00:18:00,Tripura,Dhalai,23.9428,91.7576,BSNL,4G,99,-72,90.6,25.5,38,1.2,0.7,GOOD,0.86
N001768,2026-06-22 00:21:00,Arunachal Pradesh,Tawang,27.71,91.7422,Airtel,NO_SERVICE,27,-114,0.34,0.6,432,28.2,15.5,NO_NETWORK,0.85
N001769,2026-06-22 00:24:00,Arunachal Pradesh,West Kameng,27.2278,92.3489,Airtel,NO_SERVICE,26,-98,1.44,0.01,429,28.1,15.5,NO_NETWORK,0.98
N001770,2026-06-22 00:27:00,Arunachal Pradesh,Papum Pare,27.096,93.6948,Jio,4G,100,-71,39.4,17.3,32,0.8,0.4,GOOD,0.96
N001771,2026-06-22 00:30:00,Arunachal Pradesh,East Siang,27.9182,95.3507,Jio,4G,95,-72,42.8,21.4,19,0.4,0.2,GOOD,0.87
N001772,2026-06-22 00:33:00,Arunachal Pradesh,Lower Subansiri,27.4022,93.8609,Airtel,2G,70,-85,4.1,2.4,70,5.0,2.8,POOR,0.9
N001773,2026-06-22 00:36:00,Assam,Kamrup Metropolitan,26.2216,91.7675,Jio,5G,92,-69,117.7,33.9,36,0.9,0.5,GOOD,0.96
N001774,2026-06-22 00:39:00,Assam,Kamrup Rural,26.3348,91.6571,BSNL,4G,98,-71,57.7,29.2,42,0.7,0.4,GOOD,0.91
N001775,2026-06-22 00:42:00,Assam,Darrang,26.4852,92.1736,Airtel,4G,98,-66,45.8,20.7,28,0.3,0.2,GOOD,0.97
N001776,2026-06-22 00:45:00,Assam,Sonitpur,26.6209,92.8521,Airtel,5G,93,-64,87.6,20.8,33,0.6,0.3,GOOD,0.92
N001777,2026-06-22 00:48:00,Assam,Dibrugarh,27.3305,94.7989,Jio,5G,92,-55,53.6,17.7,36,0.2,0.1,GOOD,0.89
N001778,2026-06-22 00:51:00,Assam,Cachar,24.9278,92.7394,BSNL,4G,94,-60,90.1,18.9,38,0.9,0.5,GOOD,0.92
N001779,2026-06-22 00:54:00,Assam,Nagaon,26.3497,92.7321,Jio,4G,93,-74,116.4,37.7,32,1.2,0.7,GOOD,0.96
N001780,2026-06-22 00:57:00,Meghalaya,East Khasi Hills,25.6726,91.7483,Jio,3G,89,-79,13.1,3.5,66,1.9,1.0,POOR,0.86
N001781,2026-06-22 01:00:00,Meghalaya,West Khasi Hills,25.5807,91.3134,Airtel,4G,71,-97,5.4,2.6,124,4.0,2.2,OK,0.95
N001782,2026-06-22 01:03:00,Meghalaya,Ri-Bhoi,25.9338,91.7544,Airtel,5G,95,-63,65.5,35.4,23,0.9,0.5,GOOD,0.95
N001783,2026-06-22 01:06:00,Meghalaya,West Jaintia Hills,25.4428,92.2475,Jio,3G,79,-98,9.2,2.4,123,4.3,2.4,POOR,0.97
N001784,2026-06-22 01:09:00,Sikkim,East Sikkim,27.2771,88.515,BSNL,4G,76,-88,11.5,3.6,139,4.0,2.2,OK,0.97
N001785,2026-06-22 01:12:00,Sikkim,North Sikkim,27.5855,88.615,BSNL,3G,34,-112,0.24,0.56,576,14.4,7.9,POOR,0.95
N001786,2026-06-22 01:15:00,Sikkim,South Sikkim,27.1104,88.4019,Airtel,4G,70,-95,4.0,1.9,125,5.3,2.9,OK,0.95
N001787,2026-06-22 01:18:00,Nagaland,Kohima,25.794,94.2451,Airtel,4G,74,-95,7.9,4.7,87,2.9,1.6,OK,0.95
N001788,2026-06-22 01:21:00,Nagaland,Dimapur,25.8203,93.8035,Airtel,4G,92,-72,54.9,12.3,36,0.4,0.2,GOOD,0.92
N001789,2026-06-22 01:24:00,Nagaland,Mokokchung,26.473,94.3788,Airtel,2G,71,-89,4.2,3.0,130,3.2,1.8,POOR,0.91
N001790,2026-06-22 01:27:00,Manipur,Imphal West,24.8969,93.8529,BSNL,5G,97,-69,39.2,17.9,19,1.0,0.6,GOOD,0.88
N001791,2026-06-22 01:30:00,Manipur,Bishnupur,24.6836,93.8141,Airtel,4G,83,-91,6.3,2.6,69,6.1,3.4,OK,0.9
N001792,2026-06-22 01:33:00,Manipur,Senapati,25.1371,94.0675,Jio,4G,86,-97,9.4,1.5,111,5.7,3.1,OK,0.95
N001793,2026-06-22 01:36:00,Mizoram,Aizawl,23.8543,92.587,Jio,3G,86,-85,6.1,2.1,119,3.5,1.9,POOR,0.87
N001794,2026-06-22 01:39:00,Mizoram,Kolasib,24.2908,92.6445,Airtel,5G,98,-73,116.0,25.6,24,0.1,0.1,GOOD,0.95
N001795,2026-06-22 01:42:00,Mizoram,Lunglei,22.8611,92.66,Airtel,2G,83,-84,13.1,2.2,115,2.8,1.5,POOR,0.97
N001796,2026-06-22 01:45:00,Tripura,West Tripura,23.7082,91.359,Airtel,4G,99,-67,64.5,11.4,44,1.1,0.6,GOOD,0.9
N001797,2026-06-22 01:48:00,Tripura,Sipahijala,23.6569,91.2002,BSNL,5G,94,-71,90.1,28.1,40,1.2,0.7,GOOD,0.97
N001798,2026-06-22 01:51:00,Tripura,Dhalai,23.7005,91.7186,Airtel,5G,93,-57,110.5,27.6,20,0.7,0.4,GOOD,0.94
N001799,2026-06-22 01:54:00,Arunachal Pradesh,Tawang,27.5632,91.9408,Airtel,3G,26,-99,1.51,0.28,379,22.2,12.2,POOR,0.89
N001800,2026-06-22 01:57:00,Arunachal Pradesh,West Kameng,27.2704,92.4464,Jio,3G,50,-105,0.79,0.24,382,16.8,9.2,POOR,0.94
N001801,2026-06-22 02:00:00,Arunachal Pradesh,Papum Pare,27.2061,93.5614,Jio,4G,96,-53,59.7,20.4,30,0.6,0.3,GOOD,0.89
N001802,2026-06-22 02:03:00,Arunachal Pradesh,East Siang,28.0659,95.3127,Jio,4G,100,-57,46.7,40.0,20,0.4,0.2,GOOD,0.97
N001803,2026-06-22 02:06:00,Arunachal Pradesh,Lower Subansiri,27.6547,93.9283,Airtel,2G,68,-98,15.5,3.5,111,3.5,1.9,POOR,0.89
N001804,2026-06-22 02:09:00,Assam,Kamrup Metropolitan,26.2916,91.6232,Jio,4G,95,-62,61.1,21.9,19,1.1,0.6,GOOD,0.86
N001805,2026-06-22 02:12:00,Assam,Kamrup Rural,26.2836,91.5605,BSNL,4G,93,-56,48.2,10.4,31,1.3,0.7,GOOD,0.9
N001806,2026-06-22 02:15:00,Assam,Darrang,26.5451,91.9268,Jio,4G,96,-75,64.3,17.3,26,1.1,0.6,GOOD,0.86
N001807,2026-06-22 02:18:00,Assam,Sonitpur,26.7269,92.8527,Airtel,5G,100,-69,111.0,22.9,21,0.3,0.2,GOOD,0.93
N001808,2026-06-22 02:21:00,Assam,Dibrugarh,27.5798,94.9802,Jio,5G,94,-58,69.3,16.4,32,0.1,0.1,GOOD,0.94
N001809,2026-06-22 02:24:00,Assam,Cachar,24.9379,92.9262,Airtel,4G,93,-73,50.3,31.5,45,1.2,0.7,GOOD,0.96
N001810,2026-06-22 02:27:00,Assam,Nagaon,26.3372,92.6385,BSNL,5G,94,-72,72.9,40.4,31,0.2,0.1,GOOD,0.92
N001811,2026-06-22 02:30:00,Meghalaya,East Khasi Hills,25.5137,91.9522,Airtel,3G,67,-96,14.9,3.3,125,5.1,2.8,POOR,0.97
N001812,2026-06-22 02:33:00,Meghalaya,West Khasi Hills,25.3892,91.207,Airtel,4G,82,-95,7.9,2.0,76,6.2,3.4,OK,0.95
N001813,2026-06-22 02:36:00,Meghalaya,Ri-Bhoi,26.0049,91.9429,Airtel,4G,99,-65,30.7,18.6,46,0.1,0.1,GOOD,0.91
N001814,2026-06-22 02:39:00,Meghalaya,West Jaintia Hills,25.4326,92.1947,Airtel,2G,67,-81,7.2,3.2,104,2.9,1.6,POOR,0.9
N001815,2026-06-22 02:42:00,Sikkim,East Sikkim,27.4134,88.6771,BSNL,3G,73,-78,10.2,4.8,78,4.4,2.4,POOR,0.87
N001816,2026-06-22 02:45:00,Sikkim,North Sikkim,27.3806,88.6356,Jio,3G,35,-98,0.24,0.29,468,16.9,9.3,POOR,0.97
N001817,2026-06-22 02:48:00,Sikkim,South Sikkim,27.1481,88.4525,Jio,2G,82,-86,7.8,3.4,116,2.1,1.2,POOR,0.94
N001818,2026-06-22 02:51:00,Nagaland,Kohima,25.6673,94.2421,BSNL,3G,77,-81,14.0,1.8,101,2.6,1.4,POOR,0.93
N001819,2026-06-22 02:54:00,Nagaland,Dimapur,25.9348,93.8684,BSNL,5G,93,-69,68.0,10.4,34,0.2,0.1,GOOD,0.97
N001820,2026-06-22 02:57:00,Nagaland,Mokokchung,26.2106,94.489,Airtel,3G,74,-97,4.2,3.9,128,4.4,2.4,POOR,0.94
N001821,2026-06-22 03:00:00,Manipur,Imphal West,24.8628,93.8994,Jio,4G,74,-83,10.1,2.6,80,5.2,2.9,OK,0.91
N001822,2026-06-22 03:03:00,Manipur,Bishnupur,24.5093,93.7536,Airtel,4G,80,-97,15.0,3.3,126,5.4,3.0,OK,0.86
N001823,2026-06-22 03:06:00,Manipur,Senapati,25.306,93.9702,Airtel,3G,68,-91,9.1,3.4,130,6.2,3.4,POOR,0.97
N001824,2026-06-22 03:09:00,Mizoram,Aizawl,23.7695,92.8401,Jio,3G,83,-95,8.7,4.7,120,4.1,2.3,POOR,0.95
N001825,2026-06-22 03:12:00,Mizoram,Kolasib,24.2418,92.6121,Jio,5G,98,-55,67.2,36.3,30,0.4,0.2,GOOD,0.89
N001826,2026-06-22 03:15:00,Mizoram,Lunglei,22.8452,92.89,BSNL,2G,82,-82,11.8,4.2,104,3.0,1.7,POOR,0.87
N001827,2026-06-22 03:18:00,Tripura,West Tripura,23.7113,91.1558,Jio,5G,100,-68,80.1,18.6,29,0.4,0.2,GOOD,0.9
N001828,2026-06-22 03:21:00,Tripura,Sipahijala,23.6066,91.3722,BSNL,4G,93,-66,45.6,19.9,23,0.7,0.4,GOOD,0.9
N001829,2026-06-22 03:24:00,Tripura,Dhalai,23.9437,91.8466,Jio,5G,97,-73,65.6,19.4,26,0.2,0.1,GOOD,0.91
N001830,2026-06-22 03:27:00,Arunachal Pradesh,Tawang,27.6817,91.9049,BSNL,2G,20,-110,0.14,0.23,595,31.1,17.1,POOR,0.92
N001831,2026-06-22 03:30:00,Arunachal Pradesh,West Kameng,27.3838,92.3201,BSNL,NO_SERVICE,40,-115,0.39,0.2,589,26.2,14.4,NO_NETWORK,0.9
N001832,2026-06-22 03:33:00,Arunachal Pradesh,Papum Pare,27.0846,93.5609,BSNL,4G,93,-61,28.1,21.1,30,0.8,0.4,GOOD,0.96
N001833,2026-06-22 03:36:00,Arunachal Pradesh,East Siang,27.9644,95.3447,BSNL,5G,95,-63,58.9,36.0,23,0.4,0.2,GOOD,0.93
N001834,2026-06-22 03:39:00,Arunachal Pradesh,Lower Subansiri,27.4374,93.7696,BSNL,2G,80,-78,4.1,1.3,82,3.4,1.9,POOR,0.95
N001835,2026-06-22 03:42:00,Assam,Kamrup Metropolitan,26.1919,91.6607,Jio,5G,94,-61,61.4,40.2,30,0.3,0.2,GOOD,0.87
N001836,2026-06-22 03:45:00,Assam,Kamrup Rural,26.2698,91.6097,Airtel,4G,100,-76,55.9,40.1,34,0.7,0.4,GOOD,0.87
N001837,2026-06-22 03:48:00,Assam,Darrang,26.3959,92.1542,Airtel,4G,96,-56,75.7,35.5,20,1.1,0.6,GOOD,0.9
N001838,2026-06-22 03:51:00,Assam,Sonitpur,26.6902,92.8414,Airtel,4G,99,-65,92.3,17.0,40,0.3,0.2,GOOD,0.85
N001839,2026-06-22 03:54:00,Assam,Dibrugarh,27.4127,95.0118,Jio,5G,95,-73,72.3,29.1,47,0.3,0.2,GOOD,0.94
N001840,2026-06-22 03:57:00,Assam,Cachar,24.791,92.6674,Jio,4G,100,-52,29.0,37.5,24,0.4,0.2,GOOD,0.96
N001841,2026-06-22 04:00:00,Assam,Nagaon,26.2734,92.7289,Airtel,5G,100,-66,92.3,31.5,37,0.7,0.4,GOOD,0.95
N001842,2026-06-22 04:03:00,Meghalaya,East Khasi Hills,25.5051,91.8709,Airtel,2G,81,-78,7.7,1.4,101,4.5,2.5,POOR,0.86
N001843,2026-06-22 04:06:00,Meghalaya,West Khasi Hills,25.5489,91.1908,BSNL,2G,68,-82,7.8,2.4,78,2.7,1.5,POOR,0.93
N001844,2026-06-22 04:09:00,Meghalaya,Ri-Bhoi,25.8616,91.9272,BSNL,5G,96,-55,76.2,19.7,42,0.3,0.2,GOOD,0.93
N001845,2026-06-22 04:12:00,Meghalaya,West Jaintia Hills,25.5465,92.1449,Jio,4G,69,-90,7.8,3.3,115,3.6,2.0,OK,0.97
N001846,2026-06-22 04:15:00,Sikkim,East Sikkim,27.37,88.4798,BSNL,4G,72,-92,13.5,2.5,76,3.9,2.1,OK,0.91
N001847,2026-06-22 04:18:00,Sikkim,North Sikkim,27.472,88.4988,BSNL,NO_SERVICE,47,-109,1.48,0.52,622,25.1,13.8,NO_NETWORK,0.89
N001848,2026-06-22 04:21:00,Sikkim,South Sikkim,27.102,88.4607,BSNL,2G,88,-90,9.4,4.9,125,4.7,2.6,POOR,0.91
N001849,2026-06-22 04:24:00,Nagaland,Kohima,25.8189,94.0253,BSNL,4G,69,-79,10.0,2.9,74,3.2,1.8,OK,0.98
N001850,2026-06-22 04:27:00,Nagaland,Dimapur,25.9147,93.8402,BSNL,4G,96,-64,33.4,25.4,35,0.2,0.1,GOOD,0.91
N001851,2026-06-22 04:30:00,Nagaland,Mokokchung,26.3337,94.5801,Jio,4G,81,-82,8.0,4.0,84,3.1,1.7,OK,0.9
N001852,2026-06-22 04:33:00,Manipur,Imphal West,24.6967,93.8012,Airtel,4G,94,-67,94.2,31.9,48,0.2,0.1,GOOD,0.95
N001853,2026-06-22 04:36:00,Manipur,Bishnupur,24.586,93.8369,Airtel,2G,89,-93,12.2,3.7,106,3.0,1.7,POOR,0.92
N001854,2026-06-22 04:39:00,Manipur,Senapati,25.3649,94.0031,BSNL,3G,67,-94,12.8,4.7,82,2.3,1.3,POOR,0.95
N001855,2026-06-22 04:42:00,Mizoram,Aizawl,23.7911,92.7649,Jio,2G,78,-89,7.0,2.1,78,5.3,2.9,POOR,0.95
N001856,2026-06-22 04:45:00,Mizoram,Kolasib,24.0859,92.7476,BSNL,4G,99,-72,127.6,39.0,47,0.2,0.1,GOOD,0.91
N001857,2026-06-22 04:48:00,Mizoram,Lunglei,22.9126,92.802,Airtel,3G,85,-79,4.6,4.2,94,6.1,3.4,POOR,0.91
N001858,2026-06-22 04:51:00,Tripura,West Tripura,23.8221,91.2228,BSNL,5G,95,-57,66.7,28.9,41,0.9,0.5,GOOD,0.95
N001859,2026-06-22 04:54:00,Tripura,Sipahijala,23.7621,91.2306,BSNL,4G,97,-53,121.8,38.5,38,1.3,0.7,GOOD,0.97
N001860,2026-06-22 04:57:00,Tripura,Dhalai,23.822,91.7938,Jio,4G,94,-63,86.0,32.5,36,0.2,0.1,GOOD,0.89
N001861,2026-06-22 05:00:00,Arunachal Pradesh,Tawang,27.5081,91.7375,Jio,2G,52,-113,0.07,0.35,522,22.5,12.4,POOR,0.87
N001862,2026-06-22 05:03:00,Arunachal Pradesh,West Kameng,27.2807,92.4138,Jio,3G,15,-107,0.53,0.3,349,23.1,12.7,POOR,0.94
N001863,2026-06-22 05:06:00,Arunachal Pradesh,Papum Pare,27.1535,93.7463,BSNL,5G,95,-62,61.6,18.2,19,0.1,0.1,GOOD,0.91
N001864,2026-06-22 05:09:00,Arunachal Pradesh,East Siang,28.2154,95.4424,Jio,4G,99,-75,108.5,23.4,29,1.1,0.6,GOOD,0.89
N001865,2026-06-22 05:12:00,Arunachal Pradesh,Lower Subansiri,27.4571,93.9294,BSNL,2G,75,-94,13.5,4.9,94,3.0,1.7,POOR,0.92
N001866,2026-06-22 05:15:00,Assam,Kamrup Metropolitan,26.2194,91.6595,BSNL,4G,97,-58,59.4,27.0,18,0.3,0.2,GOOD,0.97
N001867,2026-06-22 05:18:00,Assam,Kamrup Rural,26.3348,91.6955,BSNL,4G,96,-63,67.8,15.6,40,1.0,0.6,GOOD,0.97
N001868,2026-06-22 05:21:00,Assam,Darrang,26.5914,92.0834,Jio,4G,98,-58,41.6,31.1,33,0.4,0.2,GOOD,0.96
N001869,2026-06-22 05:24:00,Assam,Sonitpur,26.5362,92.7527,Airtel,4G,93,-55,119.2,14.0,40,0.4,0.2,GOOD,0.96
N001870,2026-06-22 05:27:00,Assam,Dibrugarh,27.4496,94.8757,Airtel,4G,95,-76,75.0,15.2,45,0.9,0.5,GOOD,0.9
N001871,2026-06-22 05:30:00,Assam,Cachar,24.887,92.8784,Jio,4G,95,-65,123.9,11.1,38,0.9,0.5,GOOD,0.87
N001872,2026-06-22 05:33:00,Assam,Nagaon,26.285,92.6221,Jio,4G,95,-59,52.0,25.0,30,1.3,0.7,GOOD,0.86
N001873,2026-06-22 05:36:00,Meghalaya,East Khasi Hills,25.5469,92.0202,Airtel,2G,73,-82,10.3,4.2,123,2.5,1.4,POOR,0.95
N001874,2026-06-22 05:39:00,Meghalaya,West Khasi Hills,25.6077,91.1206,Jio,4G,75,-93,9.8,3.2,109,5.5,3.0,OK,0.87
N001875,2026-06-22 05:42:00,Meghalaya,Ri-Bhoi,25.7672,91.7318,Jio,5G,98,-56,115.3,29.0,21,0.9,0.5,GOOD,0.85
N001876,2026-06-22 05:45:00,Meghalaya,West Jaintia Hills,25.3015,92.3171,Jio,3G,70,-90,4.4,2.7,143,4.7,2.6,POOR,0.94
N001877,2026-06-22 05:48:00,Sikkim,East Sikkim,27.3181,88.5158,BSNL,2G,66,-86,4.7,3.0,138,5.3,2.9,POOR,0.92
N001878,2026-06-22 05:51:00,Sikkim,North Sikkim,27.3872,88.5462,Airtel,NO_SERVICE,40,-115,0.18,0.29,412,30.9,17.0,NO_NETWORK,0.97
N001879,2026-06-22 05:54:00,Sikkim,South Sikkim,27.1612,88.3123,Airtel,4G,76,-84,4.9,2.1,136,5.4,3.0,OK,0.89
N001880,2026-06-22 05:57:00,Nagaland,Kohima,25.7686,93.9912,Jio,2G,87,-85,15.6,1.6,96,2.7,1.5,POOR,0.87
N001881,2026-06-22 06:00:00,Nagaland,Dimapur,25.7988,93.8016,Jio,5G,99,-73,50.7,14.3,20,0.5,0.3,GOOD,0.94
N001882,2026-06-22 06:03:00,Nagaland,Mokokchung,26.2345,94.4269,BSNL,3G,71,-89,15.3,1.7,117,4.1,2.3,POOR,0.85
N001883,2026-06-22 06:06:00,Manipur,Imphal West,24.7664,93.7963,Airtel,2G,65,-89,15.8,2.1,135,2.3,1.3,POOR,0.89
N001884,2026-06-22 06:09:00,Manipur,Bishnupur,24.682,93.6942,Airtel,4G,99,-60,101.2,36.7,31,1.3,0.7,GOOD,0.96
N001885,2026-06-22 06:12:00,Manipur,Senapati,25.3145,93.8982,Jio,2G,73,-91,4.5,4.9,75,6.0,3.3,POOR,0.85
N001886,2026-06-22 06:15:00,Mizoram,Aizawl,23.7277,92.8447,Jio,3G,72,-93,10.8,2.0,122,6.4,3.5,POOR,0.86
N001887,2026-06-22 06:18:00,Mizoram,Kolasib,24.3573,92.7678,Airtel,5G,93,-69,69.7,12.9,22,0.9,0.5,GOOD,0.93
N001888,2026-06-22 06:21:00,Mizoram,Lunglei,22.9602,92.661,BSNL,2G,67,-81,11.9,4.1,104,4.4,2.4,POOR,0.86
N001889,2026-06-22 06:24:00,Tripura,West Tripura,23.8606,91.1392,Jio,5G,95,-56,50.4,35.9,47,0.3,0.2,GOOD,0.86
N001890,2026-06-22 06:27:00,Tripura,Sipahijala,23.7133,91.2363,Jio,5G,95,-72,96.5,41.7,27,1.2,0.7,GOOD,0.97
N001891,2026-06-22 06:30:00,Tripura,Dhalai,23.7843,91.7345,Jio,4G,100,-64,124.3,24.8,36,0.3,0.2,GOOD,0.91
N001892,2026-06-22 06:33:00,Arunachal Pradesh,Tawang,27.6823,91.7689,BSNL,NO_SERVICE,19,-104,0.41,0.03,679,20.3,11.2,NO_NETWORK,0.95
N001893,2026-06-22 06:36:00,Arunachal Pradesh,West Kameng,27.3336,92.4492,BSNL,NO_SERVICE,44,-96,1.56,0.33,328,24.1,13.3,NO_NETWORK,0.92
N001894,2026-06-22 06:39:00,Arunachal Pradesh,Papum Pare,27.1407,93.5354,Jio,5G,100,-62,128.6,41.9,33,0.9,0.5,GOOD,0.95
N001895,2026-06-22 06:42:00,Arunachal Pradesh,East Siang,27.9737,95.2199,BSNL,5G,95,-63,86.2,33.4,46,0.9,0.5,GOOD,0.94
N001896,2026-06-22 06:45:00,Arunachal Pradesh,Lower Subansiri,27.4153,93.8022,Jio,4G,69,-98,4.6,4.6,85,2.4,1.3,OK,0.89
N001897,2026-06-22 06:48:00,Assam,Kamrup Metropolitan,26.061,91.714,Airtel,5G,98,-68,81.9,11.9,46,0.8,0.4,GOOD,0.97
N001898,2026-06-22 06:51:00,Assam,Kamrup Rural,26.1263,91.4928,BSNL,5G,93,-69,49.6,23.2,39,1.3,0.7,GOOD,0.98
N001899,2026-06-22 06:54:00,Assam,Darrang,26.3761,92.1495,BSNL,5G,97,-70,98.9,31.8,22,1.1,0.6,GOOD,0.93
N001900,2026-06-22 06:57:00,Assam,Sonitpur,26.7072,92.7062,Jio,5G,96,-75,38.1,22.1,43,1.3,0.7,GOOD,0.97
N001901,2026-06-22 07:00:00,Assam,Dibrugarh,27.4521,94.8377,BSNL,5G,95,-76,94.3,39.9,46,1.2,0.7,GOOD,0.9
N001902,2026-06-22 07:03:00,Assam,Cachar,24.7124,92.633,Airtel,4G,95,-76,128.5,32.1,42,1.4,0.8,GOOD,0.9
N001903,2026-06-22 07:06:00,Assam,Nagaon,26.3034,92.777,Airtel,5G,100,-60,30.1,29.2,26,0.4,0.2,GOOD,0.97
N001904,2026-06-22 07:09:00,Meghalaya,East Khasi Hills,25.5403,91.9384,BSNL,4G,74,-95,11.8,1.8,142,6.0,3.3,OK,0.96
N001905,2026-06-22 07:12:00,Meghalaya,West Khasi Hills,25.3919,91.2989,Airtel,4G,69,-86,13.8,2.2,101,2.1,1.2,OK,0.89
N001906,2026-06-22 07:15:00,Meghalaya,Ri-Bhoi,26.0237,91.9263,Airtel,5G,98,-55,107.6,33.1,39,0.2,0.1,GOOD,0.96
N001907,2026-06-22 07:18:00,Meghalaya,West Jaintia Hills,25.3296,92.3325,Airtel,2G,76,-79,15.3,4.0,107,3.6,2.0,POOR,0.96
N001908,2026-06-22 07:21:00,Sikkim,East Sikkim,27.4858,88.5171,Airtel,2G,73,-91,6.7,2.5,88,4.6,2.5,POOR,0.96
N001909,2026-06-22 07:24:00,Sikkim,North Sikkim,27.4755,88.6135,Jio,3G,23,-108,1.61,0.31,399,28.0,15.4,POOR,0.88
N001910,2026-06-22 07:27:00,Sikkim,South Sikkim,27.292,88.4925,BSNL,2G,72,-86,7.3,3.9,86,5.4,3.0,POOR,0.91
N001911,2026-06-22 07:30:00,Nagaland,Kohima,25.5603,94.0894,BSNL,3G,68,-84,14.7,4.1,94,4.5,2.5,POOR,0.9
N001912,2026-06-22 07:33:00,Nagaland,Dimapur,25.908,93.5841,Airtel,4G,99,-55,115.4,39.7,18,0.8,0.4,GOOD,0.94
N001913,2026-06-22 07:36:00,Nagaland,Mokokchung,26.2619,94.6567,BSNL,3G,72,-98,8.8,3.2,70,1.9,1.0,POOR,0.94
N001914,2026-06-22 07:39:00,Manipur,Imphal West,24.8892,93.906,BSNL,3G,65,-89,9.2,2.2,145,6.3,3.5,POOR,0.9
N001915,2026-06-22 07:42:00,Manipur,Bishnupur,24.5049,93.7458,Jio,4G,93,-65,78.2,25.0,33,1.3,0.7,GOOD,0.89
N001916,2026-06-22 07:45:00,Manipur,Senapati,25.2303,93.9414,Airtel,4G,68,-80,15.8,2.0,114,3.3,1.8,OK,0.89
N001917,2026-06-22 07:48:00,Mizoram,Aizawl,23.7547,92.5703,Jio,3G,73,-95,11.0,1.2,74,5.3,2.9,POOR,0.9
N001918,2026-06-22 07:51:00,Mizoram,Kolasib,24.2823,92.6875,Airtel,5G,94,-59,53.9,9.4,19,0.9,0.5,GOOD,0.87
N001919,2026-06-22 07:54:00,Mizoram,Lunglei,22.8106,92.6257,BSNL,2G,74,-91,6.4,2.2,103,3.5,1.9,POOR,0.91
N001920,2026-06-22 07:57:00,Tripura,West Tripura,23.6932,91.1812,Airtel,5G,98,-64,86.2,27.1,47,1.1,0.6,GOOD,0.95
N001921,2026-06-22 08:00:00,Tripura,Sipahijala,23.747,91.1775,Jio,5G,98,-64,113.5,18.9,31,1.2,0.7,GOOD,0.86
N001922,2026-06-22 08:03:00,Tripura,Dhalai,23.7349,91.8946,Jio,5G,94,-61,98.8,41.4,18,1.4,0.8,GOOD,0.92
N001923,2026-06-22 08:06:00,Arunachal Pradesh,Tawang,27.4611,91.921,Airtel,NO_SERVICE,23,-97,1.64,0.16,471,20.0,11.0,NO_NETWORK,0.95
N001924,2026-06-22 08:09:00,Arunachal Pradesh,West Kameng,27.384,92.3544,Airtel,NO_SERVICE,25,-106,1.47,0.41,392,29.7,16.3,NO_NETWORK,0.85
N001925,2026-06-22 08:12:00,Arunachal Pradesh,Papum Pare,27.057,93.6857,BSNL,4G,96,-58,55.3,41.7,18,0.2,0.1,GOOD,0.96
N001926,2026-06-22 08:15:00,Arunachal Pradesh,East Siang,28.0772,95.4696,Jio,4G,99,-60,76.4,10.7,48,1.3,0.7,GOOD,0.91
N001927,2026-06-22 08:18:00,Arunachal Pradesh,Lower Subansiri,27.6168,93.8864,Jio,2G,74,-86,7.6,4.9,84,5.7,3.1,POOR,0.86
N001928,2026-06-22 08:21:00,Assam,Kamrup Metropolitan,26.1758,91.648,Jio,4G,100,-55,89.9,14.6,34,0.7,0.4,GOOD,0.91
N001929,2026-06-22 08:24:00,Assam,Kamrup Rural,26.2095,91.6543,Jio,5G,100,-67,116.7,19.6,31,1.4,0.8,GOOD,0.87
N001930,2026-06-22 08:27:00,Assam,Darrang,26.5209,92.0112,Jio,4G,94,-72,110.1,31.0,41,0.2,0.1,GOOD,0.87
N001931,2026-06-22 08:30:00,Assam,Sonitpur,26.5383,92.6981,BSNL,4G,97,-75,98.2,24.1,27,0.8,0.4,GOOD,0.89
N001932,2026-06-22 08:33:00,Assam,Dibrugarh,27.6058,94.8161,Jio,5G,92,-76,35.9,21.2,27,0.7,0.4,GOOD,0.86
N001933,2026-06-22 08:36:00,Assam,Cachar,24.7366,92.7472,Jio,4G,95,-61,76.6,27.8,35,0.4,0.2,GOOD,0.96
N001934,2026-06-22 08:39:00,Assam,Nagaon,26.3231,92.6705,BSNL,5G,92,-72,110.4,16.4,45,1.4,0.8,GOOD,0.91
N001935,2026-06-22 08:42:00,Meghalaya,East Khasi Hills,25.5868,91.9613,BSNL,4G,81,-84,13.3,4.5,73,4.0,2.2,OK,0.94
N001936,2026-06-22 08:45:00,Meghalaya,West Khasi Hills,25.4752,91.143,Airtel,4G,76,-94,12.0,3.5,78,5.5,3.0,OK,0.94
N001937,2026-06-22 08:48:00,Meghalaya,Ri-Bhoi,25.7631,91.8045,Jio,4G,94,-69,46.1,13.8,25,1.0,0.6,GOOD,0.9
N001938,2026-06-22 08:51:00,Meghalaya,West Jaintia Hills,25.4799,92.2877,Airtel,4G,76,-84,7.4,2.7,132,4.2,2.3,OK,0.97
N001939,2026-06-22 08:54:00,Sikkim,East Sikkim,27.4097,88.558,Airtel,4G,83,-79,13.9,1.5,99,2.5,1.4,OK,0.89
N001940,2026-06-22 08:57:00,Sikkim,North Sikkim,27.5779,88.6677,Airtel,3G,17,-96,1.29,0.05,584,18.9,10.4,POOR,0.89
N001941,2026-06-22 09:00:00,Sikkim,South Sikkim,27.0664,88.2168,BSNL,2G,69,-83,9.3,2.5,90,1.9,1.0,POOR,0.94
N001942,2026-06-22 09:03:00,Nagaland,Kohima,25.5315,93.972,BSNL,4G,74,-80,10.7,3.0,121,2.2,1.2,OK,0.9
N001943,2026-06-22 09:06:00,Nagaland,Dimapur,26.0077,93.6201,Airtel,5G,92,-56,91.5,13.0,41,0.7,0.4,GOOD,0.86
N001944,2026-06-22 09:09:00,Nagaland,Mokokchung,26.2906,94.476,Airtel,4G,73,-83,4.1,4.7,89,6.4,3.5,OK,0.91
N001945,2026-06-22 09:12:00,Manipur,Imphal West,24.7824,94.0521,Jio,2G,73,-83,6.9,1.5,132,2.3,1.3,POOR,0.95
N001946,2026-06-22 09:15:00,Manipur,Bishnupur,24.7796,93.6819,Jio,4G,98,-56,113.0,34.2,48,1.2,0.7,GOOD,0.98
N001947,2026-06-22 09:18:00,Manipur,Senapati,25.1455,94.137,Jio,4G,68,-94,10.1,4.8,108,4.7,2.6,OK,0.87
N001948,2026-06-22 09:21:00,Mizoram,Aizawl,23.6224,92.6962,BSNL,3G,76,-95,5.0,2.8,96,4.2,2.3,POOR,0.86
N001949,2026-06-22 09:24:00,Mizoram,Kolasib,24.1151,92.7302,BSNL,5G,97,-59,58.7,9.3,43,0.4,0.2,GOOD,0.86
N001950,2026-06-22 09:27:00,Mizoram,Lunglei,22.9926,92.6713,Airtel,3G,76,-91,7.9,3.4,111,2.7,1.5,POOR,0.91
N001951,2026-06-22 09:30:00,Tripura,West Tripura,23.9247,91.3502,Airtel,4G,92,-63,28.3,22.8,42,1.3,0.7,GOOD,0.96
N001952,2026-06-22 09:33:00,Tripura,Sipahijala,23.7784,91.3953,Airtel,5G,97,-72,85.9,35.7,37,1.2,0.7,GOOD,0.91
N001953,2026-06-22 09:36:00,Tripura,Dhalai,23.9164,91.9357,Airtel,4G,92,-74,67.7,35.6,47,0.2,0.1,GOOD,0.95
N001954,2026-06-22 09:39:00,Arunachal Pradesh,Tawang,27.5643,91.9274,BSNL,2G,15,-95,0.4,0.1,661,16.9,9.3,POOR,0.9
N001955,2026-06-22 09:42:00,Arunachal Pradesh,West Kameng,27.1691,92.3814,Jio,2G,46,-109,1.3,0.16,426,28.7,15.8,POOR,0.94
N001956,2026-06-22 09:45:00,Arunachal Pradesh,Papum Pare,27.2423,93.6471,Jio,4G,94,-75,67.8,32.3,46,0.2,0.1,GOOD,0.87
N001957,2026-06-22 09:48:00,Arunachal Pradesh,East Siang,28.1122,95.2498,Jio,5G,94,-60,53.6,28.3,30,1.3,0.7,GOOD,0.87
N001958,2026-06-22 09:51:00,Arunachal Pradesh,Lower Subansiri,27.5478,93.8409,Airtel,2G,80,-78,5.7,3.8,133,5.6,3.1,POOR,0.88
N001959,2026-06-22 09:54:00,Assam,Kamrup Metropolitan,26.1211,91.7596,Jio,5G,98,-57,99.2,35.2,36,0.3,0.2,GOOD,0.96
N001960,2026-06-22 09:57:00,Assam,Kamrup Rural,26.0612,91.5205,Airtel,4G,97,-73,92.3,33.5,20,0.9,0.5,GOOD,0.86
N001961,2026-06-22 10:00:00,Assam,Darrang,26.4695,92.1683,BSNL,5G,97,-63,48.4,37.4,36,1.0,0.6,GOOD,0.92
N001962,2026-06-22 10:03:00,Assam,Sonitpur,26.5921,92.8974,BSNL,5G,97,-52,93.6,15.6,45,0.3,0.2,GOOD,0.94
N001963,2026-06-22 10:06:00,Assam,Dibrugarh,27.366,95.018,Airtel,5G,97,-56,52.2,14.0,26,0.9,0.5,GOOD,0.89
N001964,2026-06-22 10:09:00,Assam,Cachar,24.9316,92.6457,BSNL,5G,94,-66,101.1,31.5,48,0.1,0.1,GOOD,0.94
N001965,2026-06-22 10:12:00,Assam,Nagaon,26.2381,92.7539,Jio,4G,98,-60,40.5,29.7,32,1.0,0.6,GOOD,0.95
N001966,2026-06-22 10:15:00,Meghalaya,East Khasi Hills,25.6392,91.9421,BSNL,4G,73,-93,8.8,3.6,116,5.0,2.8,OK,0.93
N001967,2026-06-22 10:18:00,Meghalaya,West Khasi Hills,25.4075,91.1541,Airtel,2G,78,-80,6.4,3.2,137,4.5,2.5,POOR,0.92
N001968,2026-06-22 10:21:00,Meghalaya,Ri-Bhoi,25.9208,91.9741,Airtel,5G,98,-54,66.5,32.8,24,1.2,0.7,GOOD,0.85
N001969,2026-06-22 10:24:00,Meghalaya,West Jaintia Hills,25.342,92.2082,Jio,3G,73,-86,15.6,4.2,101,4.7,2.6,POOR,0.89
N001970,2026-06-22 10:27:00,Sikkim,East Sikkim,27.3221,88.65,BSNL,2G,82,-93,5.1,3.2,89,2.5,1.4,POOR,0.9
N001971,2026-06-22 10:30:00,Sikkim,North Sikkim,27.6143,88.4096,Airtel,NO_SERVICE,19,-103,0.87,0.32,544,16.8,9.2,NO_NETWORK,0.91
N001972,2026-06-22 10:33:00,Sikkim,South Sikkim,27.1389,88.3271,Airtel,4G,78,-91,11.4,1.3,115,3.8,2.1,OK,0.87
N001973,2026-06-22 10:36:00,Nagaland,Kohima,25.6025,94.1302,Airtel,2G,72,-86,4.9,2.6,71,2.4,1.3,POOR,0.87
N001974,2026-06-22 10:39:00,Nagaland,Dimapur,25.8038,93.8694,Airtel,4G,92,-55,104.5,15.9,46,0.2,0.1,GOOD,0.91
N001975,2026-06-22 10:42:00,Nagaland,Mokokchung,26.3979,94.4901,Airtel,2G,80,-79,5.4,4.7,126,4.1,2.3,POOR,0.93
N001976,2026-06-22 10:45:00,Manipur,Imphal West,24.8908,93.9546,BSNL,3G,65,-89,7.1,4.3,99,5.7,3.1,POOR,0.87
N001977,2026-06-22 10:48:00,Manipur,Bishnupur,24.6256,93.8103,BSNL,4G,96,-64,78.3,26.5,24,0.6,0.3,GOOD,0.93
N001978,2026-06-22 10:51:00,Manipur,Senapati,25.351,94.054,Jio,4G,87,-98,12.4,4.2,81,3.6,2.0,OK,0.89
N001979,2026-06-22 10:54:00,Mizoram,Aizawl,23.6859,92.8012,Jio,4G,73,-88,13.8,1.7,125,5.6,3.1,OK,0.85
N001980,2026-06-22 10:57:00,Mizoram,Kolasib,24.2325,92.5496,BSNL,4G,92,-52,91.3,36.0,46,0.3,0.2,GOOD,0.95
N001981,2026-06-22 11:00:00,Mizoram,Lunglei,22.7863,92.6505,Airtel,2G,84,-87,14.4,1.9,88,3.1,1.7,POOR,0.94
N001982,2026-06-22 11:03:00,Tripura,West Tripura,23.9745,91.3062,BSNL,4G,92,-56,118.7,25.4,36,0.4,0.2,GOOD,0.88
N001983,2026-06-22 11:06:00,Tripura,Sipahijala,23.4994,91.19,Airtel,4G,95,-72,114.4,13.8,38,1.1,0.6,GOOD,0.92
N001984,2026-06-22 11:09:00,Tripura,Dhalai,23.7847,91.8194,Jio,4G,94,-76,86.1,40.3,24,0.3,0.2,GOOD,0.91
N001985,2026-06-22 11:12:00,Arunachal Pradesh,Tawang,27.5429,91.7483,Airtel,2G,26,-97,1.43,0.34,530,28.4,15.6,POOR,0.92
N001986,2026-06-22 11:15:00,Arunachal Pradesh,West Kameng,27.3369,92.2962,Airtel,NO_SERVICE,28,-107,1.63,0.31,489,27.3,15.0,NO_NETWORK,0.87
N001987,2026-06-22 11:18:00,Arunachal Pradesh,Papum Pare,27.1892,93.6097,BSNL,4G,95,-64,115.2,26.1,18,0.5,0.3,GOOD,0.98
N001988,2026-06-22 11:21:00,Arunachal Pradesh,East Siang,27.9615,95.3149,Airtel,4G,92,-64,108.1,18.8,30,0.4,0.2,GOOD,0.89
N001989,2026-06-22 11:24:00,Arunachal Pradesh,Lower Subansiri,27.4695,93.7447,Jio,3G,88,-91,5.3,4.3,108,6.0,3.3,POOR,0.88
N001990,2026-06-22 11:27:00,Assam,Kamrup Metropolitan,26.0428,91.8753,Jio,4G,95,-65,50.2,28.6,40,0.4,0.2,GOOD,0.86
N001991,2026-06-22 11:30:00,Assam,Kamrup Rural,26.192,91.6426,Jio,5G,94,-70,93.8,31.4,41,0.4,0.2,GOOD,0.98
N001992,2026-06-22 11:33:00,Assam,Darrang,26.4101,92.1378,BSNL,4G,98,-76,86.7,26.4,27,1.2,0.7,GOOD,0.88
N001993,2026-06-22 11:36:00,Assam,Sonitpur,26.6887,92.7143,BSNL,5G,97,-71,120.0,25.5,20,1.0,0.6,GOOD,0.87
N001994,2026-06-22 11:39:00,Assam,Dibrugarh,27.4929,95.0603,BSNL,5G,98,-64,53.6,19.2,29,1.4,0.8,GOOD,0.98
N001995,2026-06-22 11:42:00,Assam,Cachar,24.9444,92.793,Jio,4G,94,-60,68.6,40.2,29,1.0,0.6,GOOD,0.86
N001996,2026-06-22 11:45:00,Assam,Nagaon,26.2234,92.6281,Jio,5G,93,-53,38.5,32.6,31,0.2,0.1,GOOD,0.98
N001997,2026-06-22 11:48:00,Meghalaya,East Khasi Hills,25.6018,91.8493,Airtel,2G,65,-83,13.4,3.7,106,3.4,1.9,POOR,0.9
N001998,2026-06-22 11:51:00,Meghalaya,West Khasi Hills,25.4374,91.252,BSNL,3G,75,-95,7.3,1.5,100,2.6,1.4,POOR,0.88
N001999,2026-06-22 11:54:00,Meghalaya,Ri-Bhoi,26.0272,92.0119,BSNL,4G,96,-74,60.1,29.1,21,0.4,0.2,GOOD,0.93
N002000,2026-06-22 11:57:00,Meghalaya,West Jaintia Hills,25.386,92.1727,Airtel,4G,89,-87,10.2,2.2,69,2.2,1.2,OK,0.85
N002001,2026-06-22 12:00:00,Sikkim,East Sikkim,27.2989,88.71,Airtel,2G,83,-95,4.3,1.3,103,5.2,2.9,POOR,0.95
N002002,2026-06-22 12:03:00,Sikkim,North Sikkim,27.5018,88.4788,BSNL,3G,41,-112,0.55,0.19,672,26.9,14.8,POOR,0.85
N002003,2026-06-22 12:06:00,Sikkim,South Sikkim,27.3132,88.2171,BSNL,2G,66,-95,11.6,2.7,93,6.1,3.4,POOR,0.9
N002004,2026-06-22 12:09:00,Nagaland,Kohima,25.5275,94.2145,BSNL,3G,77,-94,6.3,3.9,110,3.3,1.8,POOR,0.9
N002005,2026-06-22 12:12:00,Nagaland,Dimapur,26.0129,93.6444,BSNL,5G,99,-67,70.6,13.5,41,1.2,0.7,GOOD,0.97
N002006,2026-06-22 12:15:00,Nagaland,Mokokchung,26.3148,94.5627,Jio,3G,80,-80,5.6,1.4,70,2.4,1.3,POOR,0.86
N002007,2026-06-22 12:18:00,Manipur,Imphal West,24.7211,93.8193,Airtel,4G,78,-94,10.2,3.8,120,4.0,2.2,OK,0.96
N002008,2026-06-22 12:21:00,Manipur,Bishnupur,24.6029,93.6338,Jio,5G,94,-58,32.9,28.1,32,0.6,0.3,GOOD,0.91
N002009,2026-06-22 12:24:00,Manipur,Senapati,25.3207,94.0029,Jio,3G,86,-87,13.3,3.6,103,5.2,2.9,POOR,0.86
N002010,2026-06-22 12:27:00,Mizoram,Aizawl,23.8617,92.6113,BSNL,2G,77,-92,15.8,2.9,76,2.2,1.2,POOR,0.87
N002011,2026-06-22 12:30:00,Mizoram,Kolasib,24.2503,92.6441,Jio,5G,94,-66,41.8,29.0,25,1.4,0.8,GOOD,0.92
N002012,2026-06-22 12:33:00,Mizoram,Lunglei,23.0236,92.654,Airtel,2G,67,-78,10.4,3.6,90,6.0,3.3,POOR,0.95
N002013,2026-06-22 12:36:00,Tripura,West Tripura,23.8866,91.2178,BSNL,4G,95,-66,128.6,24.0,22,0.7,0.4,GOOD,0.98
N002014,2026-06-22 12:39:00,Tripura,Sipahijala,23.5672,91.1865,Airtel,5G,97,-52,81.1,21.5,45,0.1,0.1,GOOD,0.86
N002015,2026-06-22 12:42:00,Tripura,Dhalai,23.8574,91.9009,Airtel,4G,99,-61,127.4,27.3,27,0.9,0.5,GOOD,0.86
N002016,2026-06-22 12:45:00,Arunachal Pradesh,Tawang,27.7046,91.838,BSNL,NO_SERVICE,30,-104,1.11,0.16,372,17.3,9.5,NO_NETWORK,0.88
N002017,2026-06-22 12:48:00,Arunachal Pradesh,West Kameng,27.3971,92.4104,Jio,NO_SERVICE,26,-102,1.16,0.33,345,20.8,11.4,NO_NETWORK,0.9
N002018,2026-06-22 12:51:00,Arunachal Pradesh,Papum Pare,27.1594,93.573,BSNL,5G,92,-53,68.5,34.1,26,0.7,0.4,GOOD,0.85
N002019,2026-06-22 12:54:00,Arunachal Pradesh,East Siang,28.0843,95.4441,Jio,4G,92,-54,50.8,19.4,21,1.3,0.7,GOOD,0.95
N002020,2026-06-22 12:57:00,Arunachal Pradesh,Lower Subansiri,27.585,93.7771,Airtel,3G,80,-87,13.0,2.3,126,4.2,2.3,POOR,0.91
N002021,2026-06-22 13:00:00,Assam,Kamrup Metropolitan,26.2155,91.6812,Airtel,5G,99,-69,102.4,14.8,33,1.0,0.6,GOOD,0.9
N002022,2026-06-22 13:03:00,Assam,Kamrup Rural,26.1848,91.5069,Jio,4G,96,-63,43.5,22.6,24,1.1,0.6,GOOD,0.93
N002023,2026-06-22 13:06:00,Assam,Darrang,26.4582,91.8821,BSNL,5G,97,-57,57.0,11.7,40,0.7,0.4,GOOD,0.88
N002024,2026-06-22 13:09:00,Assam,Sonitpur,26.6741,92.8343,BSNL,5G,100,-63,71.1,18.3,26,0.8,0.4,GOOD,0.93
N002025,2026-06-22 13:12:00,Assam,Dibrugarh,27.6165,94.8881,Airtel,4G,98,-73,29.4,27.4,26,0.5,0.3,GOOD,0.88
N002026,2026-06-22 13:15:00,Assam,Cachar,24.7481,92.6918,BSNL,5G,93,-66,28.2,22.8,44,0.7,0.4,GOOD,0.95
N002027,2026-06-22 13:18:00,Assam,Nagaon,26.1995,92.7781,BSNL,4G,98,-56,30.5,38.8,39,0.4,0.2,GOOD,0.97
N002028,2026-06-22 13:21:00,Meghalaya,East Khasi Hills,25.6745,91.7807,Airtel,4G,85,-97,13.7,2.9,89,3.1,1.7,OK,0.9
N002029,2026-06-22 13:24:00,Meghalaya,West Khasi Hills,25.4831,91.2157,Jio,3G,88,-94,5.0,1.7,80,3.0,1.7,POOR,0.97
N002030,2026-06-22 13:27:00,Meghalaya,Ri-Bhoi,25.8507,92.0079,BSNL,4G,100,-69,33.6,33.9,45,0.2,0.1,GOOD,0.98
N002031,2026-06-22 13:30:00,Meghalaya,West Jaintia Hills,25.4785,92.2128,BSNL,3G,79,-92,15.7,1.6,87,5.2,2.9,POOR,0.85
N002032,2026-06-22 13:33:00,Sikkim,East Sikkim,27.393,88.6467,Airtel,3G,88,-78,9.3,2.5,130,3.6,2.0,POOR,0.96
N002033,2026-06-22 13:36:00,Sikkim,North Sikkim,27.6071,88.6986,BSNL,3G,31,-94,0.24,0.02,397,29.5,16.2,POOR,0.89
N002034,2026-06-22 13:39:00,Sikkim,South Sikkim,27.0249,88.4797,BSNL,3G,69,-82,14.6,4.7,85,5.3,2.9,POOR,0.87
N002035,2026-06-22 13:42:00,Nagaland,Kohima,25.8033,93.9885,Airtel,3G,75,-87,5.8,1.3,89,5.6,3.1,POOR,0.89
N002036,2026-06-22 13:45:00,Nagaland,Dimapur,25.9571,93.833,BSNL,5G,92,-69,45.8,20.6,29,0.7,0.4,GOOD,0.87
N002037,2026-06-22 13:48:00,Nagaland,Mokokchung,26.2893,94.4287,Airtel,2G,87,-88,7.6,2.9,89,4.6,2.5,POOR,0.95
N002038,2026-06-22 13:51:00,Manipur,Imphal West,24.9051,93.926,Jio,3G,82,-95,8.4,1.3,73,5.7,3.1,POOR,0.86
N002039,2026-06-22 13:54:00,Manipur,Bishnupur,24.7047,93.6168,BSNL,5G,97,-56,34.8,23.4,29,0.5,0.3,GOOD,0.91
N002040,2026-06-22 13:57:00,Manipur,Senapati,25.1903,94.0576,Jio,2G,82,-90,12.3,4.0,106,6.0,3.3,POOR,0.95
N002041,2026-06-22 14:00:00,Mizoram,Aizawl,23.7015,92.6401,BSNL,3G,70,-85,4.0,4.9,94,5.1,2.8,POOR,0.97
N002042,2026-06-22 14:03:00,Mizoram,Kolasib,24.0779,92.7672,BSNL,4G,95,-61,74.5,39.2,23,0.2,0.1,GOOD,0.93
N002043,2026-06-22 14:06:00,Mizoram,Lunglei,22.91,92.6905,Jio,4G,73,-83,6.4,4.2,103,5.2,2.9,OK,0.86
N002044,2026-06-22 14:09:00,Tripura,West Tripura,23.9735,91.1946,Airtel,5G,97,-65,40.2,20.5,43,1.3,0.7,GOOD,0.89
N002045,2026-06-22 14:12:00,Tripura,Sipahijala,23.7646,91.2907,Airtel,5G,92,-58,90.4,9.3,21,0.2,0.1,GOOD,0.9
N002046,2026-06-22 14:15:00,Tripura,Dhalai,23.7521,91.9713,BSNL,5G,93,-76,89.4,10.0,41,0.4,0.2,GOOD,0.97
N002047,2026-06-22 14:18:00,Arunachal Pradesh,Tawang,27.6491,91.7473,BSNL,3G,34,-108,0.0,0.13,338,21.6,11.9,POOR,0.85
N002048,2026-06-22 14:21:00,Arunachal Pradesh,West Kameng,27.3674,92.4541,BSNL,NO_SERVICE,49,-113,1.69,0.28,624,22.8,12.5,NO_NETWORK,0.87
N002049,2026-06-22 14:24:00,Arunachal Pradesh,Papum Pare,27.0471,93.4946,Jio,5G,97,-55,83.6,36.8,38,0.8,0.4,GOOD,0.87
N002050,2026-06-22 14:27:00,Arunachal Pradesh,East Siang,28.094,95.1843,Airtel,5G,96,-68,120.5,31.1,36,0.5,0.3,GOOD,0.96
N002051,2026-06-22 14:30:00,Arunachal Pradesh,Lower Subansiri,27.5715,93.6876,Airtel,2G,89,-78,14.8,3.0,88,2.5,1.4,POOR,0.91
N002052,2026-06-22 14:33:00,Assam,Kamrup Metropolitan,26.184,91.6936,BSNL,5G,96,-76,115.4,13.3,26,0.5,0.3,GOOD,0.92
N002053,2026-06-22 14:36:00,Assam,Kamrup Rural,26.0931,91.6641,Airtel,5G,93,-71,50.0,38.2,20,1.2,0.7,GOOD,0.88
N002054,2026-06-22 14:39:00,Assam,Darrang,26.5331,92.0788,Jio,5G,98,-72,75.6,14.7,28,0.6,0.3,GOOD,0.86
N002055,2026-06-22 14:42:00,Assam,Sonitpur,26.4907,92.938,Jio,5G,93,-63,56.8,35.9,30,0.3,0.2,GOOD,0.91
N002056,2026-06-22 14:45:00,Assam,Dibrugarh,27.5016,94.7941,BSNL,5G,97,-69,62.6,41.0,48,0.2,0.1,GOOD,0.92
N002057,2026-06-22 14:48:00,Assam,Cachar,24.7065,92.8823,BSNL,4G,96,-67,100.0,21.9,19,0.5,0.3,GOOD,0.92
N002058,2026-06-22 14:51:00,Assam,Nagaon,26.3425,92.5406,Jio,4G,96,-70,77.8,35.8,31,0.8,0.4,GOOD,0.92
N002059,2026-06-22 14:54:00,Meghalaya,East Khasi Hills,25.4919,91.8693,Airtel,3G,67,-84,4.7,3.3,120,6.5,3.6,POOR,0.9
N002060,2026-06-22 14:57:00,Meghalaya,West Khasi Hills,25.6026,91.1639,Jio,4G,76,-86,15.1,1.4,90,3.5,1.9,OK,0.94
N002061,2026-06-22 15:00:00,Meghalaya,Ri-Bhoi,25.9394,91.9864,Airtel,4G,92,-52,76.1,12.6,26,1.2,0.7,GOOD,0.86
N002062,2026-06-22 15:03:00,Meghalaya,West Jaintia Hills,25.4452,92.2342,Airtel,3G,72,-89,8.0,4.2,75,2.7,1.5,POOR,0.86
N002063,2026-06-22 15:06:00,Sikkim,East Sikkim,27.2653,88.493,Airtel,2G,83,-90,11.6,3.9,138,2.5,1.4,POOR,0.87
N002064,2026-06-22 15:09:00,Sikkim,North Sikkim,27.5035,88.4457,Airtel,2G,17,-98,0.79,0.33,510,30.0,16.5,POOR,0.92
N002065,2026-06-22 15:12:00,Sikkim,South Sikkim,27.0288,88.2416,Jio,2G,84,-78,5.0,3.5,130,4.6,2.5,POOR,0.94
N002066,2026-06-22 15:15:00,Nagaland,Kohima,25.6054,94.1031,Airtel,3G,83,-85,14.1,4.2,94,6.4,3.5,POOR,0.96
N002067,2026-06-22 15:18:00,Nagaland,Dimapur,25.8451,93.8011,Jio,4G,98,-60,43.2,18.1,43,0.2,0.1,GOOD,0.9
N002068,2026-06-22 15:21:00,Nagaland,Mokokchung,26.4517,94.445,Jio,2G,66,-78,4.8,2.8,108,1.9,1.0,POOR,0.89
N002069,2026-06-22 15:24:00,Manipur,Imphal West,24.7513,93.9046,Airtel,5G,99,-56,82.5,22.4,48,1.2,0.7,GOOD,0.94
N002070,2026-06-22 15:27:00,Manipur,Bishnupur,24.5321,93.6762,Jio,4G,78,-84,9.4,2.1,124,1.9,1.0,OK,0.92
N002071,2026-06-22 15:30:00,Manipur,Senapati,25.2371,94.0841,Jio,4G,74,-83,12.1,4.2,113,2.5,1.4,OK,0.94
N002072,2026-06-22 15:33:00,Mizoram,Aizawl,23.692,92.6275,Jio,4G,79,-78,7.1,2.9,76,4.4,2.4,OK,0.96
N002073,2026-06-22 15:36:00,Mizoram,Kolasib,24.0893,92.5802,BSNL,5G,100,-53,103.6,33.5,28,0.8,0.4,GOOD,0.85
N002074,2026-06-22 15:39:00,Mizoram,Lunglei,22.8529,92.7712,Jio,2G,83,-90,9.3,2.9,140,4.6,2.5,POOR,0.9
N002075,2026-06-22 15:42:00,Tripura,West Tripura,23.7872,91.1458,Jio,5G,99,-73,35.9,18.8,40,0.1,0.1,GOOD,0.88
N002076,2026-06-22 15:45:00,Tripura,Sipahijala,23.5408,91.2356,Airtel,4G,98,-66,73.1,38.9,21,1.0,0.6,GOOD,0.95
N002077,2026-06-22 15:48:00,Tripura,Dhalai,23.9339,91.7367,Airtel,4G,98,-64,28.2,37.0,32,0.9,0.5,GOOD,0.94
N002078,2026-06-22 15:51:00,Arunachal Pradesh,Tawang,27.5002,91.8796,Jio,2G,32,-104,0.07,0.37,656,20.6,11.3,POOR,0.93
N002079,2026-06-22 15:54:00,Arunachal Pradesh,West Kameng,27.2302,92.4464,Airtel,2G,52,-108,1.59,0.18,382,15.0,8.2,POOR,0.88
N002080,2026-06-22 15:57:00,Arunachal Pradesh,Papum Pare,27.1653,93.7505,Jio,4G,95,-70,39.3,24.7,41,0.3,0.2,GOOD,0.86
N002081,2026-06-22 16:00:00,Arunachal Pradesh,East Siang,28.1838,95.3025,Jio,5G,97,-74,103.0,34.7,42,1.4,0.8,GOOD,0.92
N002082,2026-06-22 16:03:00,Arunachal Pradesh,Lower Subansiri,27.4594,93.6949,Airtel,4G,86,-86,9.3,4.9,141,3.4,1.9,OK,0.96
N002083,2026-06-22 16:06:00,Assam,Kamrup Metropolitan,26.1209,91.6234,Jio,5G,92,-59,67.8,16.9,46,0.6,0.3,GOOD,0.92
N002084,2026-06-22 16:09:00,Assam,Kamrup Rural,26.1059,91.4184,Jio,5G,94,-61,90.5,12.4,20,0.2,0.1,GOOD,0.89
N002085,2026-06-22 16:12:00,Assam,Darrang,26.5984,92.1545,BSNL,5G,92,-66,83.0,35.4,26,1.0,0.6,GOOD,0.86
N002086,2026-06-22 16:15:00,Assam,Sonitpur,26.4949,92.8026,BSNL,5G,93,-71,98.6,37.4,41,0.3,0.2,GOOD,0.92
N002087,2026-06-22 16:18:00,Assam,Dibrugarh,27.3436,94.7905,Airtel,5G,97,-68,59.7,36.3,19,0.9,0.5,GOOD,0.89
N002088,2026-06-22 16:21:00,Assam,Cachar,24.7785,92.7326,Jio,5G,94,-70,37.5,19.6,40,0.6,0.3,GOOD,0.96
N002089,2026-06-22 16:24:00,Assam,Nagaon,26.3789,92.652,Jio,5G,96,-72,57.8,16.1,37,0.3,0.2,GOOD,0.86
N002090,2026-06-22 16:27:00,Meghalaya,East Khasi Hills,25.6211,92.0164,Jio,2G,85,-78,5.3,1.3,68,5.7,3.1,POOR,0.93
N002091,2026-06-22 16:30:00,Meghalaya,West Khasi Hills,25.3688,91.1244,BSNL,2G,87,-79,7.2,4.0,134,5.0,2.8,POOR,0.86
N002092,2026-06-22 16:33:00,Meghalaya,Ri-Bhoi,26.0084,91.9473,BSNL,4G,95,-71,123.1,41.3,30,0.9,0.5,GOOD,0.9
N002093,2026-06-22 16:36:00,Meghalaya,West Jaintia Hills,25.5707,92.1607,BSNL,4G,71,-84,10.2,1.4,92,3.2,1.8,OK,0.88
N002094,2026-06-22 16:39:00,Sikkim,East Sikkim,27.3954,88.4722,Jio,3G,74,-80,4.9,2.3,65,6.0,3.3,POOR,0.89
N002095,2026-06-22 16:42:00,Sikkim,North Sikkim,27.6341,88.4225,Airtel,NO_SERVICE,38,-107,0.57,0.12,570,24.0,13.2,NO_NETWORK,0.86
N002096,2026-06-22 16:45:00,Sikkim,South Sikkim,27.1339,88.4096,BSNL,3G,87,-95,7.9,2.1,66,1.8,1.0,POOR,0.87
N002097,2026-06-22 16:48:00,Nagaland,Kohima,25.563,94.2172,Airtel,2G,68,-85,6.1,3.7,140,6.3,3.5,POOR,0.87
N002098,2026-06-22 16:51:00,Nagaland,Dimapur,26.0254,93.7686,Airtel,5G,98,-52,39.2,34.4,29,0.7,0.4,GOOD,0.91
N002099,2026-06-22 16:54:00,Nagaland,Mokokchung,26.3484,94.5684,Jio,3G,71,-94,9.6,3.9,105,2.0,1.1,POOR,0.97
N002100,2026-06-22 16:57:00,Manipur,Imphal West,24.7347,93.8659,BSNL,5G,96,-56,75.0,20.5,24,1.1,0.6,GOOD,0.85
N002101,2026-06-22 17:00:00,Manipur,Bishnupur,24.7331,93.6872,Airtel,5G,97,-54,92.5,9.7,23,0.4,0.2,GOOD,0.92
N002102,2026-06-22 17:03:00,Manipur,Senapati,25.1334,94.1515,Airtel,4G,87,-95,5.9,2.2,95,3.1,1.7,OK,0.93
N002103,2026-06-22 17:06:00,Mizoram,Aizawl,23.7175,92.6831,Jio,2G,69,-82,5.7,4.5,75,5.3,2.9,POOR,0.9
N002104,2026-06-22 17:09:00,Mizoram,Kolasib,24.2472,92.6883,Airtel,5G,100,-59,118.8,9.0,37,0.8,0.4,GOOD,0.89
N002105,2026-06-22 17:12:00,Mizoram,Lunglei,22.9426,92.7866,Airtel,3G,76,-85,11.2,3.9,93,3.4,1.9,POOR,0.96
N002106,2026-06-22 17:15:00,Tripura,West Tripura,23.7471,91.2459,BSNL,4G,92,-75,83.9,12.2,39,0.6,0.3,GOOD,0.97
N002107,2026-06-22 17:18:00,Tripura,Sipahijala,23.719,91.2184,BSNL,4G,98,-76,82.6,14.2,20,0.7,0.4,GOOD,0.89
N002108,2026-06-22 17:21:00,Tripura,Dhalai,23.9854,91.8732,Jio,5G,96,-61,89.2,33.0,23,0.3,0.2,GOOD,0.93
N002109,2026-06-22 17:24:00,Arunachal Pradesh,Tawang,27.6596,91.7816,BSNL,NO_SERVICE,49,-94,1.04,0.24,437,24.2,13.3,NO_NETWORK,0.9
N002110,2026-06-22 17:27:00,Arunachal Pradesh,West Kameng,27.2574,92.4252,Airtel,NO_SERVICE,51,-103,0.52,0.42,486,26.2,14.4,NO_NETWORK,0.91
N002111,2026-06-22 17:30:00,Arunachal Pradesh,Papum Pare,26.9756,93.596,BSNL,5G,94,-65,122.5,20.5,42,1.2,0.7,GOOD,0.88
N002112,2026-06-22 17:33:00,Arunachal Pradesh,East Siang,28.0161,95.3084,Jio,4G,98,-73,73.2,41.5,28,0.4,0.2,GOOD,0.89
N002113,2026-06-22 17:36:00,Arunachal Pradesh,Lower Subansiri,27.6196,93.8068,Jio,3G,89,-84,14.6,4.6,139,4.2,2.3,POOR,0.97
N002114,2026-06-22 17:39:00,Assam,Kamrup Metropolitan,26.0773,91.7684,BSNL,5G,98,-59,52.9,13.5,27,1.1,0.6,GOOD,0.88
N002115,2026-06-22 17:42:00,Assam,Kamrup Rural,26.2289,91.6997,Airtel,4G,100,-76,122.8,41.3,20,1.2,0.7,GOOD,0.87
N002116,2026-06-22 17:45:00,Assam,Darrang,26.4746,91.9526,Jio,4G,93,-60,67.1,22.9,43,0.9,0.5,GOOD,0.9
N002117,2026-06-22 17:48:00,Assam,Sonitpur,26.6699,92.8573,Airtel,4G,98,-63,28.7,31.9,36,0.8,0.4,GOOD,0.95
N002118,2026-06-22 17:51:00,Assam,Dibrugarh,27.57,94.9695,Airtel,5G,99,-58,106.3,22.2,30,0.4,0.2,GOOD,0.93
N002119,2026-06-22 17:54:00,Assam,Cachar,24.7876,92.7153,Airtel,4G,92,-63,44.1,26.4,38,0.6,0.3,GOOD,0.95
N002120,2026-06-22 17:57:00,Assam,Nagaon,26.2507,92.8063,BSNL,4G,98,-54,108.9,12.1,34,0.8,0.4,GOOD,0.96
N002121,2026-06-22 18:00:00,Meghalaya,East Khasi Hills,25.7008,91.8149,Airtel,4G,85,-94,4.5,3.1,104,2.0,1.1,OK,0.97
N002122,2026-06-22 18:03:00,Meghalaya,West Khasi Hills,25.4596,91.2466,BSNL,2G,78,-91,8.0,4.0,70,5.3,2.9,POOR,0.97
N002123,2026-06-22 18:06:00,Meghalaya,Ri-Bhoi,25.7562,92.0223,Airtel,5G,92,-57,82.3,24.1,46,1.2,0.7,GOOD,0.87
N002124,2026-06-22 18:09:00,Meghalaya,West Jaintia Hills,25.5559,92.2282,BSNL,3G,70,-94,4.2,4.7,113,3.5,1.9,POOR,0.95
N002125,2026-06-22 18:12:00,Sikkim,East Sikkim,27.2632,88.4893,Jio,3G,81,-89,15.7,1.4,110,5.3,2.9,POOR,0.97
N002126,2026-06-22 18:15:00,Sikkim,North Sikkim,27.4372,88.4685,Jio,3G,20,-113,1.5,0.4,518,32.0,17.6,POOR,0.86
N002127,2026-06-22 18:18:00,Sikkim,South Sikkim,27.0482,88.2914,BSNL,3G,79,-94,6.9,3.7,112,3.6,2.0,POOR,0.95
N002128,2026-06-22 18:21:00,Nagaland,Kohima,25.6303,94.1223,Jio,2G,73,-83,10.7,2.2,65,4.3,2.4,POOR,0.87
N002129,2026-06-22 18:24:00,Nagaland,Dimapur,25.7609,93.6833,Airtel,4G,100,-74,40.8,13.9,43,1.2,0.7,GOOD,0.85
N002130,2026-06-22 18:27:00,Nagaland,Mokokchung,26.3742,94.6295,Jio,3G,81,-85,5.9,3.9,141,5.4,3.0,POOR,0.91
N002131,2026-06-22 18:30:00,Manipur,Imphal West,24.8727,94.0053,BSNL,5G,93,-67,111.4,40.3,40,1.3,0.7,GOOD,0.93
N002132,2026-06-22 18:33:00,Manipur,Bishnupur,24.5485,93.9127,BSNL,4G,92,-60,54.8,26.4,33,0.8,0.4,GOOD,0.93
N002133,2026-06-22 18:36:00,Manipur,Senapati,25.3323,94.152,Jio,2G,77,-82,14.7,3.8,102,2.4,1.3,POOR,0.93
N002134,2026-06-22 18:39:00,Mizoram,Aizawl,23.8533,92.6809,Jio,4G,76,-78,9.7,3.0,86,3.7,2.0,OK,0.9
N002135,2026-06-22 18:42:00,Mizoram,Kolasib,24.2736,92.7998,Airtel,5G,99,-65,71.7,34.2,28,1.2,0.7,GOOD,0.97
N002136,2026-06-22 18:45:00,Mizoram,Lunglei,22.7825,92.8631,Jio,3G,84,-87,11.1,2.1,99,2.7,1.5,POOR,0.86
N002137,2026-06-22 18:48:00,Tripura,West Tripura,23.8067,91.435,BSNL,4G,94,-69,38.5,28.0,44,0.4,0.2,GOOD,0.96
N002138,2026-06-22 18:51:00,Tripura,Sipahijala,23.6956,91.4123,Jio,5G,97,-75,95.8,32.8,30,1.1,0.6,GOOD,0.9
N002139,2026-06-22 18:54:00,Tripura,Dhalai,23.9904,91.9377,BSNL,5G,100,-69,85.3,23.0,21,0.9,0.5,GOOD,0.91
N002140,2026-06-22 18:57:00,Arunachal Pradesh,Tawang,27.7143,91.7535,Airtel,NO_SERVICE,47,-113,1.54,0.26,558,27.4,15.1,NO_NETWORK,0.94
N002141,2026-06-22 19:00:00,Arunachal Pradesh,West Kameng,27.3016,92.4652,Jio,3G,21,-100,1.5,0.47,655,20.6,11.3,POOR,0.95
N002142,2026-06-22 19:03:00,Arunachal Pradesh,Papum Pare,27.0388,93.6028,Jio,5G,99,-57,99.4,26.1,21,1.3,0.7,GOOD,0.88
N002143,2026-06-22 19:06:00,Arunachal Pradesh,East Siang,27.932,95.2677,BSNL,5G,99,-68,54.5,30.9,29,1.2,0.7,GOOD,0.86
N002144,2026-06-22 19:09:00,Arunachal Pradesh,Lower Subansiri,27.415,93.7213,Airtel,3G,67,-89,10.5,2.6,72,1.8,1.0,POOR,0.95
N002145,2026-06-22 19:12:00,Assam,Kamrup Metropolitan,26.1941,91.8169,Airtel,5G,99,-76,124.2,30.7,37,0.8,0.4,GOOD,0.88
N002146,2026-06-22 19:15:00,Assam,Kamrup Rural,26.0778,91.6319,Jio,5G,100,-68,68.7,19.6,31,0.5,0.3,GOOD,0.92
N002147,2026-06-22 19:18:00,Assam,Darrang,26.3677,92.023,Jio,5G,92,-67,119.8,17.5,30,0.9,0.5,GOOD,0.95
N002148,2026-06-22 19:21:00,Assam,Sonitpur,26.5997,92.7623,BSNL,4G,95,-74,128.0,24.7,32,0.8,0.4,GOOD,0.85
N002149,2026-06-22 19:24:00,Assam,Dibrugarh,27.4134,94.8552,BSNL,5G,93,-75,56.5,12.7,22,1.3,0.7,GOOD,0.93
N002150,2026-06-22 19:27:00,Assam,Cachar,24.9246,92.6707,Jio,5G,98,-52,81.8,39.7,41,0.2,0.1,GOOD,0.93
N002151,2026-06-22 19:30:00,Assam,Nagaon,26.3615,92.6243,Jio,4G,98,-56,79.0,34.5,28,1.2,0.7,GOOD,0.95
N002152,2026-06-22 19:33:00,Meghalaya,East Khasi Hills,25.5671,91.7983,Airtel,4G,66,-87,11.8,3.2,66,6.3,3.5,OK,0.86
N002153,2026-06-22 19:36:00,Meghalaya,West Khasi Hills,25.4016,91.2426,BSNL,4G,65,-85,12.3,1.9,80,2.4,1.3,OK,0.93
N002154,2026-06-22 19:39:00,Meghalaya,Ri-Bhoi,25.8573,91.8363,Jio,4G,92,-76,87.4,35.3,23,0.4,0.2,GOOD,0.97
N002155,2026-06-22 19:42:00,Meghalaya,West Jaintia Hills,25.3083,92.2177,BSNL,2G,72,-85,12.4,2.5,104,3.4,1.9,POOR,0.93
N002156,2026-06-22 19:45:00,Sikkim,East Sikkim,27.3735,88.5472,Jio,4G,83,-83,12.2,4.3,109,5.8,3.2,OK,0.87
N002157,2026-06-22 19:48:00,Sikkim,North Sikkim,27.5363,88.67,Airtel,2G,29,-113,1.12,0.5,386,14.5,8.0,POOR,0.96
N002158,2026-06-22 19:51:00,Sikkim,South Sikkim,27.1378,88.3209,Jio,2G,75,-91,10.8,1.8,118,6.2,3.4,POOR,0.97
N002159,2026-06-22 19:54:00,Nagaland,Kohima,25.6805,94.2104,BSNL,4G,66,-83,5.5,2.5,126,3.2,1.8,OK,0.86
N002160,2026-06-22 19:57:00,Nagaland,Dimapur,25.9518,93.6775,Jio,4G,93,-72,57.2,19.7,36,0.8,0.4,GOOD,0.94
N002161,2026-06-22 20:00:00,Nagaland,Mokokchung,26.3822,94.6293,BSNL,2G,73,-78,9.8,1.5,138,5.1,2.8,POOR,0.9
N002162,2026-06-22 20:03:00,Manipur,Imphal West,24.8888,93.8027,BSNL,5G,97,-61,66.3,41.6,39,1.2,0.7,GOOD,0.9
N002163,2026-06-22 20:06:00,Manipur,Bishnupur,24.7726,93.6554,Airtel,3G,76,-95,7.9,1.3,76,4.8,2.6,POOR,0.89
N002164,2026-06-22 20:09:00,Manipur,Senapati,25.2003,93.9533,Jio,4G,74,-98,12.1,4.5,127,6.4,3.5,OK,0.93
N002165,2026-06-22 20:12:00,Mizoram,Aizawl,23.7834,92.602,Jio,3G,67,-80,5.2,1.8,145,3.8,2.1,POOR,0.86
N002166,2026-06-22 20:15:00,Mizoram,Kolasib,24.2259,92.6042,Airtel,5G,97,-57,61.6,10.2,31,0.1,0.1,GOOD,0.91
N002167,2026-06-22 20:18:00,Mizoram,Lunglei,22.8631,92.6067,BSNL,2G,88,-79,12.6,2.6,138,3.2,1.8,POOR,0.87
N002168,2026-06-22 20:21:00,Tripura,West Tripura,23.7367,91.2073,BSNL,5G,94,-66,116.9,16.8,18,0.9,0.5,GOOD,0.87
N002169,2026-06-22 20:24:00,Tripura,Sipahijala,23.6894,91.4198,BSNL,4G,97,-65,94.4,18.3,26,0.1,0.1,GOOD,0.98
N002170,2026-06-22 20:27:00,Tripura,Dhalai,23.7065,91.7425,BSNL,4G,94,-59,94.8,26.1,44,0.2,0.1,GOOD,0.89
N002171,2026-06-22 20:30:00,Arunachal Pradesh,Tawang,27.6586,91.8734,Jio,3G,42,-95,0.34,0.01,440,25.0,13.8,POOR,0.94
N002172,2026-06-22 20:33:00,Arunachal Pradesh,West Kameng,27.1445,92.4425,Jio,2G,36,-94,0.2,0.33,576,18.1,10.0,POOR,0.92
N002173,2026-06-22 20:36:00,Arunachal Pradesh,Papum Pare,27.1597,93.4988,BSNL,4G,96,-69,111.3,41.5,19,0.3,0.2,GOOD,0.9
N002174,2026-06-22 20:39:00,Arunachal Pradesh,East Siang,28.001,95.212,BSNL,4G,95,-67,65.6,17.5,37,0.9,0.5,GOOD,0.85
N002175,2026-06-22 20:42:00,Arunachal Pradesh,Lower Subansiri,27.5935,93.948,Jio,3G,76,-89,6.3,3.3,86,2.5,1.4,POOR,0.93
N002176,2026-06-22 20:45:00,Assam,Kamrup Metropolitan,26.1009,91.628,Jio,5G,93,-58,73.5,34.6,40,0.8,0.4,GOOD,0.97
N002177,2026-06-22 20:48:00,Assam,Kamrup Rural,26.3295,91.5193,Jio,4G,100,-70,42.7,25.4,22,0.8,0.4,GOOD,0.91
N002178,2026-06-22 20:51:00,Assam,Darrang,26.5728,92.0385,BSNL,4G,100,-64,117.6,24.4,35,1.1,0.6,GOOD,0.86
N002179,2026-06-22 20:54:00,Assam,Sonitpur,26.5894,92.8584,Jio,5G,95,-54,39.1,23.4,44,0.3,0.2,GOOD,0.96
N002180,2026-06-22 20:57:00,Assam,Dibrugarh,27.3648,94.9975,Airtel,5G,100,-56,66.4,31.2,26,0.6,0.3,GOOD,0.91
N002181,2026-06-22 21:00:00,Assam,Cachar,24.9581,92.8224,Airtel,4G,98,-69,43.3,19.9,40,0.8,0.4,GOOD,0.97
N002182,2026-06-22 21:03:00,Assam,Nagaon,26.2493,92.7466,BSNL,5G,96,-73,114.0,25.1,34,1.0,0.6,GOOD,0.88
N002183,2026-06-22 21:06:00,Meghalaya,East Khasi Hills,25.4676,91.8405,BSNL,3G,81,-81,4.4,1.4,123,3.2,1.8,POOR,0.86
N002184,2026-06-22 21:09:00,Meghalaya,West Khasi Hills,25.4811,91.1235,Jio,4G,79,-89,13.8,4.9,121,5.3,2.9,OK,0.96
N002185,2026-06-22 21:12:00,Meghalaya,Ri-Bhoi,25.9496,91.8798,Airtel,5G,95,-76,28.1,10.7,28,1.0,0.6,GOOD,0.96
N002186,2026-06-22 21:15:00,Meghalaya,West Jaintia Hills,25.5944,92.2926,Jio,3G,79,-95,11.6,3.2,93,2.4,1.3,POOR,0.93
N002187,2026-06-22 21:18:00,Sikkim,East Sikkim,27.4531,88.6749,BSNL,3G,72,-82,9.1,4.1,69,5.2,2.9,POOR,0.86
N002188,2026-06-22 21:21:00,Sikkim,North Sikkim,27.3693,88.5836,Airtel,3G,34,-99,1.3,0.42,650,20.5,11.3,POOR,0.92
N002189,2026-06-22 21:24:00,Sikkim,South Sikkim,27.1525,88.3123,BSNL,4G,89,-89,8.8,1.6,86,5.7,3.1,OK,0.91
N002190,2026-06-22 21:27:00,Nagaland,Kohima,25.6214,94.1682,Airtel,2G,68,-80,6.5,3.3,81,2.3,1.3,POOR,0.94
N002191,2026-06-22 21:30:00,Nagaland,Dimapur,25.9237,93.6362,BSNL,5G,92,-64,72.2,21.5,45,0.8,0.4,GOOD,0.92
N002192,2026-06-22 21:33:00,Nagaland,Mokokchung,26.2354,94.4186,Jio,3G,80,-81,11.0,3.5,76,3.9,2.1,POOR,0.88
N002193,2026-06-22 21:36:00,Manipur,Imphal West,24.6928,93.7941,Airtel,4G,78,-98,14.2,2.3,135,1.9,1.0,OK,0.98
N002194,2026-06-22 21:39:00,Manipur,Bishnupur,24.5246,93.6161,Jio,3G,75,-92,14.0,3.8,114,4.5,2.5,POOR,0.96
N002195,2026-06-22 21:42:00,Manipur,Senapati,25.1316,93.9156,Airtel,2G,88,-83,15.0,2.2,96,6.0,3.3,POOR,0.95
N002196,2026-06-22 21:45:00,Mizoram,Aizawl,23.7355,92.6246,Airtel,4G,65,-88,6.0,1.4,139,5.7,3.1,OK,0.9
N002197,2026-06-22 21:48:00,Mizoram,Kolasib,24.1756,92.7155,BSNL,5G,96,-54,63.5,15.5,44,0.7,0.4,GOOD,0.88
N002198,2026-06-22 21:51:00,Mizoram,Lunglei,22.8617,92.7776,Airtel,2G,85,-93,8.6,4.2,87,3.4,1.9,POOR,0.97
N002199,2026-06-22 21:54:00,Tripura,West Tripura,23.9162,91.2263,BSNL,5G,93,-63,76.1,11.8,45,0.4,0.2,GOOD,0.92
N002200,2026-06-22 21:57:00,Tripura,Sipahijala,23.6472,91.1688,BSNL,5G,94,-54,123.2,25.7,19,0.2,0.1,GOOD,0.86
N002201,2026-06-22 22:00:00,Tripura,Dhalai,23.7754,91.911,Airtel,4G,93,-52,50.0,28.1,43,0.3,0.2,GOOD,0.87
N002202,2026-06-22 22:03:00,Arunachal Pradesh,Tawang,27.5225,91.8697,Airtel,3G,47,-94,1.29,0.5,463,31.6,17.4,POOR,0.94
N002203,2026-06-22 22:06:00,Arunachal Pradesh,West Kameng,27.2645,92.3857,Jio,NO_SERVICE,25,-112,0.26,0.25,671,25.9,14.2,NO_NETWORK,0.98
N002204,2026-06-22 22:09:00,Arunachal Pradesh,Papum Pare,27.1252,93.7477,Jio,4G,92,-63,124.4,39.7,30,0.5,0.3,GOOD,0.93
N002205,2026-06-22 22:12:00,Arunachal Pradesh,East Siang,28.0424,95.2362,Airtel,5G,92,-62,78.4,12.4,48,0.9,0.5,GOOD,0.94
N002206,2026-06-22 22:15:00,Arunachal Pradesh,Lower Subansiri,27.5641,93.9002,BSNL,4G,72,-91,5.1,3.3,139,4.2,2.3,OK,0.87
N002207,2026-06-22 22:18:00,Assam,Kamrup Metropolitan,26.0132,91.7343,BSNL,4G,92,-53,63.4,13.2,20,1.2,0.7,GOOD,0.94
N002208,2026-06-22 22:21:00,Assam,Kamrup Rural,26.2459,91.6417,Jio,5G,99,-65,55.6,25.9,37,1.3,0.7,GOOD,0.89
N002209,2026-06-22 22:24:00,Assam,Darrang,26.4269,92.1028,Jio,4G,98,-67,101.0,20.3,29,0.7,0.4,GOOD,0.94
N002210,2026-06-22 22:27:00,Assam,Sonitpur,26.7678,92.7238,BSNL,4G,96,-69,41.0,18.1,22,0.9,0.5,GOOD,0.94
N002211,2026-06-22 22:30:00,Assam,Dibrugarh,27.3904,94.8671,BSNL,4G,93,-53,36.1,19.1,36,1.3,0.7,GOOD,0.91
N002212,2026-06-22 22:33:00,Assam,Cachar,24.9747,92.6353,Jio,5G,96,-55,71.2,40.6,29,0.4,0.2,GOOD,0.96
N002213,2026-06-22 22:36:00,Assam,Nagaon,26.2541,92.7164,Jio,4G,94,-56,128.3,34.1,35,0.1,0.1,GOOD,0.88
N002214,2026-06-22 22:39:00,Meghalaya,East Khasi Hills,25.5945,91.7589,Airtel,3G,70,-98,10.8,3.7,102,5.4,3.0,POOR,0.85
N002215,2026-06-22 22:42:00,Meghalaya,West Khasi Hills,25.5704,91.2749,Jio,3G,78,-79,12.3,4.5,135,3.9,2.1,POOR,0.96
N002216,2026-06-22 22:45:00,Meghalaya,Ri-Bhoi,26.0448,91.8403,Airtel,4G,92,-71,38.2,27.2,32,0.6,0.3,GOOD,0.86
N002217,2026-06-22 22:48:00,Meghalaya,West Jaintia Hills,25.3715,92.0776,Airtel,2G,79,-79,14.0,4.9,69,2.6,1.4,POOR,0.92
N002218,2026-06-22 22:51:00,Sikkim,East Sikkim,27.4554,88.6945,Jio,3G,85,-78,8.1,2.6,136,2.2,1.2,POOR,0.96
N002219,2026-06-22 22:54:00,Sikkim,North Sikkim,27.612,88.475,BSNL,3G,44,-104,1.11,0.06,546,16.8,9.2,POOR,0.88
N002220,2026-06-22 22:57:00,Sikkim,South Sikkim,27.0742,88.2131,Jio,2G,70,-81,11.6,3.3,110,3.4,1.9,POOR,0.94
N002221,2026-06-22 23:00:00,Nagaland,Kohima,25.8245,93.9975,Airtel,4G,72,-80,14.7,2.7,121,2.9,1.6,OK,0.92
N002222,2026-06-22 23:03:00,Nagaland,Dimapur,25.7798,93.6526,BSNL,5G,100,-68,95.7,26.4,23,1.1,0.6,GOOD,0.95
N002223,2026-06-22 23:06:00,Nagaland,Mokokchung,26.419,94.6393,Airtel,3G,78,-90,4.2,1.5,80,2.2,1.2,POOR,0.91
N002224,2026-06-22 23:09:00,Manipur,Imphal West,24.9494,94.0209,Jio,5G,93,-56,127.4,35.3,18,1.1,0.6,GOOD,0.97
N002225,2026-06-22 23:12:00,Manipur,Bishnupur,24.7503,93.7102,Jio,4G,99,-66,99.6,30.3,24,1.2,0.7,GOOD,0.94
N002226,2026-06-22 23:15:00,Manipur,Senapati,25.3801,94.0717,Airtel,2G,69,-95,7.0,1.6,101,4.1,2.3,POOR,0.9
N002227,2026-06-22 23:18:00,Mizoram,Aizawl,23.8507,92.82,Jio,3G,73,-81,9.2,4.3,143,2.3,1.3,POOR,0.86
N002228,2026-06-22 23:21:00,Mizoram,Kolasib,24.1332,92.6417,Jio,5G,99,-58,94.9,12.4,39,0.4,0.2,GOOD,0.85
N002229,2026-06-22 23:24:00,Mizoram,Lunglei,22.8005,92.7221,Airtel,2G,89,-95,14.5,1.9,121,5.9,3.2,POOR,0.85
N002230,2026-06-22 23:27:00,Tripura,West Tripura,23.8312,91.1469,BSNL,5G,92,-74,102.9,32.6,46,0.2,0.1,GOOD,0.91
N002231,2026-06-22 23:30:00,Tripura,Sipahijala,23.7745,91.1799,Jio,4G,99,-55,40.5,24.8,32,0.3,0.2,GOOD,0.86
N002232,2026-06-22 23:33:00,Tripura,Dhalai,23.9588,91.8154,Jio,4G,93,-75,110.3,41.1,28,0.8,0.4,GOOD,0.88
N002233,2026-06-22 23:36:00,Arunachal Pradesh,Tawang,27.6341,91.8691,Jio,NO_SERVICE,44,-107,1.1,0.28,593,30.2,16.6,NO_NETWORK,0.94
N002234,2026-06-22 23:39:00,Arunachal Pradesh,West Kameng,27.2188,92.2737,BSNL,3G,46,-109,0.28,0.35,539,15.9,8.7,POOR,0.94
N002235,2026-06-22 23:42:00,Arunachal Pradesh,Papum Pare,27.1988,93.5454,BSNL,5G,97,-61,29.8,19.1,47,0.3,0.2,GOOD,0.94
N002236,2026-06-22 23:45:00,Arunachal Pradesh,East Siang,28.0183,95.4248,Airtel,4G,95,-76,68.5,18.1,30,0.6,0.3,GOOD,0.94
N002237,2026-06-22 23:48:00,Arunachal Pradesh,Lower Subansiri,27.6786,93.9057,Jio,4G,66,-78,8.3,1.7,128,2.6,1.4,OK,0.94
N002238,2026-06-22 23:51:00,Assam,Kamrup Metropolitan,26.2109,91.7896,Jio,4G,95,-67,120.1,19.1,33,0.8,0.4,GOOD,0.94
N002239,2026-06-22 23:54:00,Assam,Kamrup Rural,26.1622,91.6278,Airtel,4G,98,-71,111.4,9.4,27,0.8,0.4,GOOD,0.92
N002240,2026-06-22 23:57:00,Assam,Darrang,26.4164,92.1047,BSNL,5G,100,-66,121.0,15.2,33,1.0,0.6,GOOD,0.95
N002241,2026-06-23 00:00:00,Assam,Sonitpur,26.568,92.8474,Jio,5G,98,-54,119.8,40.6,36,0.9,0.5,GOOD,0.89
N002242,2026-06-23 00:03:00,Assam,Dibrugarh,27.4856,94.8633,Jio,4G,95,-76,46.2,15.5,22,0.4,0.2,GOOD,0.92
N002243,2026-06-23 00:06:00,Assam,Cachar,24.7639,92.7041,BSNL,5G,96,-52,112.0,25.1,22,1.3,0.7,GOOD,0.89
N002244,2026-06-23 00:09:00,Assam,Nagaon,26.2325,92.7045,BSNL,5G,98,-65,60.7,19.9,39,0.8,0.4,GOOD,0.95
N002245,2026-06-23 00:12:00,Meghalaya,East Khasi Hills,25.5619,91.7485,Airtel,3G,65,-93,7.1,2.9,140,2.7,1.5,POOR,0.94
N002246,2026-06-23 00:15:00,Meghalaya,West Khasi Hills,25.5041,91.3633,Airtel,3G,81,-95,14.5,4.7,102,4.3,2.4,POOR,0.96
N002247,2026-06-23 00:18:00,Meghalaya,Ri-Bhoi,25.7739,91.9991,Airtel,4G,98,-76,78.2,37.3,40,0.7,0.4,GOOD,0.9
N002248,2026-06-23 00:21:00,Meghalaya,West Jaintia Hills,25.3539,92.2798,Airtel,3G,81,-98,16.0,3.3,92,4.8,2.6,POOR,0.86
N002249,2026-06-23 00:24:00,Sikkim,East Sikkim,27.2571,88.5088,BSNL,2G,80,-93,6.6,3.2,84,4.4,2.4,POOR,0.93
N002250,2026-06-23 00:27:00,Sikkim,North Sikkim,27.3843,88.4116,Airtel,NO_SERVICE,16,-100,1.49,0.43,524,26.2,14.4,NO_NETWORK,0.87
N002251,2026-06-23 00:30:00,Sikkim,South Sikkim,27.1152,88.366,BSNL,4G,80,-87,14.9,1.5,111,3.9,2.1,OK,0.88
N002252,2026-06-23 00:33:00,Nagaland,Kohima,25.6028,94.0358,Airtel,3G,72,-88,13.5,2.1,121,4.3,2.4,POOR,0.9
N002253,2026-06-23 00:36:00,Nagaland,Dimapur,25.9189,93.5909,BSNL,5G,98,-69,39.9,37.3,45,0.5,0.3,GOOD,0.93
N002254,2026-06-23 00:39:00,Nagaland,Mokokchung,26.3081,94.5233,Jio,2G,70,-93,13.6,3.2,89,6.4,3.5,POOR,0.9
N002255,2026-06-23 00:42:00,Manipur,Imphal West,24.9157,93.9911,Airtel,4G,93,-62,76.5,40.3,24,0.1,0.1,GOOD,0.94
N002256,2026-06-23 00:45:00,Manipur,Bishnupur,24.5253,93.7125,Airtel,2G,77,-87,7.7,1.5,135,4.6,2.5,POOR,0.92
N002257,2026-06-23 00:48:00,Manipur,Senapati,25.3792,93.9724,BSNL,3G,81,-89,5.8,4.3,123,3.3,1.8,POOR,0.93
N002258,2026-06-23 00:51:00,Mizoram,Aizawl,23.6252,92.581,BSNL,4G,89,-92,5.2,3.3,96,5.0,2.8,OK,0.85
N002259,2026-06-23 00:54:00,Mizoram,Kolasib,24.1019,92.5934,BSNL,5G,97,-74,100.0,16.9,38,1.3,0.7,GOOD,0.97
N002260,2026-06-23 00:57:00,Mizoram,Lunglei,22.8825,92.7644,Airtel,2G,87,-92,8.9,1.6,113,5.1,2.8,POOR,0.87
N002261,2026-06-23 01:00:00,Tripura,West Tripura,23.8563,91.3339,Jio,4G,95,-61,127.7,41.1,45,0.1,0.1,GOOD,0.92
N002262,2026-06-23 01:03:00,Tripura,Sipahijala,23.5085,91.1852,Airtel,5G,100,-67,112.7,22.4,20,0.3,0.2,GOOD,0.91
N002263,2026-06-23 01:06:00,Tripura,Dhalai,23.9993,91.8891,Airtel,4G,92,-61,38.5,26.9,46,0.9,0.5,GOOD,0.95
N002264,2026-06-23 01:09:00,Arunachal Pradesh,Tawang,27.6904,91.8677,Jio,2G,41,-97,0.63,0.39,654,18.3,10.1,POOR,0.94
N002265,2026-06-23 01:12:00,Arunachal Pradesh,West Kameng,27.2706,92.361,Airtel,3G,41,-102,1.11,0.03,424,16.5,9.1,POOR,0.94
N002266,2026-06-23 01:15:00,Arunachal Pradesh,Papum Pare,27.0236,93.5395,BSNL,5G,98,-58,72.3,14.9,18,0.9,0.5,GOOD,0.88
N002267,2026-06-23 01:18:00,Arunachal Pradesh,East Siang,28.0104,95.4677,Jio,5G,100,-71,109.0,32.8,47,1.0,0.6,GOOD,0.94
N002268,2026-06-23 01:21:00,Arunachal Pradesh,Lower Subansiri,27.6641,93.7886,Jio,2G,80,-86,6.6,4.9,70,5.0,2.8,POOR,0.87
N002269,2026-06-23 01:24:00,Assam,Kamrup Metropolitan,26.1032,91.7314,BSNL,5G,96,-54,78.4,31.3,42,0.4,0.2,GOOD,0.86
N002270,2026-06-23 01:27:00,Assam,Kamrup Rural,26.2058,91.66,Airtel,4G,92,-58,114.5,18.2,34,1.4,0.8,GOOD,0.87
N002271,2026-06-23 01:30:00,Assam,Darrang,26.5748,92.0832,Airtel,5G,95,-56,64.0,24.4,18,0.7,0.4,GOOD,0.96
N002272,2026-06-23 01:33:00,Assam,Sonitpur,26.5699,92.7368,Airtel,5G,96,-73,100.3,16.4,26,1.1,0.6,GOOD,0.87
N002273,2026-06-23 01:36:00,Assam,Dibrugarh,27.3673,94.9103,Airtel,5G,100,-75,86.2,21.2,39,0.1,0.1,GOOD,0.85
N002274,2026-06-23 01:39:00,Assam,Cachar,24.9462,92.6336,Airtel,4G,99,-74,113.8,30.9,48,1.1,0.6,GOOD,0.92
N002275,2026-06-23 01:42:00,Assam,Nagaon,26.4086,92.675,Airtel,5G,98,-76,82.7,22.9,25,0.6,0.3,GOOD,0.89
N002276,2026-06-23 01:45:00,Meghalaya,East Khasi Hills,25.5582,91.9503,BSNL,2G,73,-79,4.8,2.6,96,3.5,1.9,POOR,0.92
N002277,2026-06-23 01:48:00,Meghalaya,West Khasi Hills,25.6356,91.3813,Airtel,2G,69,-97,15.9,3.4,70,2.1,1.2,POOR,0.9
N002278,2026-06-23 01:51:00,Meghalaya,Ri-Bhoi,25.8224,91.818,Jio,4G,97,-73,35.1,17.7,32,1.4,0.8,GOOD,0.95
N002279,2026-06-23 01:54:00,Meghalaya,West Jaintia Hills,25.4774,92.235,Airtel,4G,71,-89,15.8,2.8,145,3.8,2.1,OK,0.91
N002280,2026-06-23 01:57:00,Sikkim,East Sikkim,27.2954,88.5912,BSNL,2G,85,-89,9.2,2.5,65,2.8,1.5,POOR,0.9
N002281,2026-06-23 02:00:00,Sikkim,North Sikkim,27.4807,88.6273,Jio,NO_SERVICE,18,-99,1.27,0.5,484,26.4,14.5,NO_NETWORK,0.91
N002282,2026-06-23 02:03:00,Sikkim,South Sikkim,27.2498,88.4749,Jio,3G,84,-97,13.6,1.3,69,3.9,2.1,POOR,0.96
N002283,2026-06-23 02:06:00,Nagaland,Kohima,25.5274,94.1365,BSNL,2G,78,-88,11.3,4.2,90,5.7,3.1,POOR,0.95
N002284,2026-06-23 02:09:00,Nagaland,Dimapur,25.8884,93.7301,BSNL,4G,94,-69,111.3,14.7,37,1.4,0.8,GOOD,0.93
N002285,2026-06-23 02:12:00,Nagaland,Mokokchung,26.2447,94.518,BSNL,2G,87,-88,9.8,2.6,97,2.8,1.5,POOR,0.88
N002286,2026-06-23 02:15:00,Manipur,Imphal West,24.8409,94.04,BSNL,4G,94,-74,53.0,16.3,19,0.7,0.4,GOOD,0.93
N002287,2026-06-23 02:18:00,Manipur,Bishnupur,24.7096,93.9006,Jio,4G,92,-56,68.4,29.3,44,0.7,0.4,GOOD,0.92
N002288,2026-06-23 02:21:00,Manipur,Senapati,25.4068,93.9232,Airtel,2G,82,-96,9.6,3.8,117,5.9,3.2,POOR,0.94
N002289,2026-06-23 02:24:00,Mizoram,Aizawl,23.6714,92.6718,BSNL,4G,85,-90,5.1,2.5,108,3.6,2.0,OK,0.95
N002290,2026-06-23 02:27:00,Mizoram,Kolasib,24.2017,92.7956,Airtel,4G,99,-72,110.7,13.3,47,0.9,0.5,GOOD,0.91
N002291,2026-06-23 02:30:00,Mizoram,Lunglei,22.9119,92.6218,BSNL,3G,85,-93,9.5,4.1,73,2.7,1.5,POOR,0.96
N002292,2026-06-23 02:33:00,Tripura,West Tripura,23.7436,91.3884,Jio,4G,98,-59,112.1,33.6,21,0.4,0.2,GOOD,0.88
N002293,2026-06-23 02:36:00,Tripura,Sipahijala,23.4969,91.4292,Jio,5G,93,-64,128.1,19.4,47,0.9,0.5,GOOD,0.85
N002294,2026-06-23 02:39:00,Tripura,Dhalai,23.9498,91.7077,BSNL,4G,92,-54,34.1,14.1,21,1.3,0.7,GOOD,0.92
N002295,2026-06-23 02:42:00,Arunachal Pradesh,Tawang,27.5641,91.8428,Airtel,3G,40,-112,0.08,0.45,447,18.2,10.0,POOR,0.89
N002296,2026-06-23 02:45:00,Arunachal Pradesh,West Kameng,27.1474,92.4778,Airtel,2G,26,-110,0.06,0.13,388,15.3,8.4,POOR,0.85
N002297,2026-06-23 02:48:00,Arunachal Pradesh,Papum Pare,27.0984,93.4927,BSNL,5G,100,-72,117.2,29.2,24,0.7,0.4,GOOD,0.95
N002298,2026-06-23 02:51:00,Arunachal Pradesh,East Siang,27.9509,95.2821,BSNL,4G,98,-71,53.0,13.9,24,1.3,0.7,GOOD,0.88
N002299,2026-06-23 02:54:00,Arunachal Pradesh,Lower Subansiri,27.4223,93.727,Airtel,4G,71,-94,6.0,3.8,85,2.4,1.3,OK,0.88
N002300,2026-06-23 02:57:00,Assam,Kamrup Metropolitan,26.1484,91.8193,Airtel,4G,94,-72,55.6,24.9,27,1.1,0.6,GOOD,0.9
N002301,2026-06-23 03:00:00,Assam,Kamrup Rural,26.0465,91.4421,Airtel,4G,100,-68,79.4,14.2,32,1.0,0.6,GOOD,0.93
N002302,2026-06-23 03:03:00,Assam,Darrang,26.5544,92.0793,BSNL,5G,92,-58,116.2,14.8,30,0.9,0.5,GOOD,0.93
N002303,2026-06-23 03:06:00,Assam,Sonitpur,26.672,92.7164,Airtel,4G,92,-66,96.6,27.4,18,1.2,0.7,GOOD,0.97
N002304,2026-06-23 03:09:00,Assam,Dibrugarh,27.5248,94.8416,Jio,5G,100,-62,44.8,31.4,33,0.3,0.2,GOOD,0.95
N002305,2026-06-23 03:12:00,Assam,Cachar,24.8323,92.6684,Jio,5G,100,-58,47.3,38.7,27,0.5,0.3,GOOD,0.91
N002306,2026-06-23 03:15:00,Assam,Nagaon,26.4523,92.7588,Airtel,5G,94,-53,67.2,17.8,37,0.1,0.1,GOOD,0.97
N002307,2026-06-23 03:18:00,Meghalaya,East Khasi Hills,25.6122,91.9563,BSNL,3G,74,-85,6.4,3.7,117,5.5,3.0,POOR,0.89
N002308,2026-06-23 03:21:00,Meghalaya,West Khasi Hills,25.4741,91.2852,BSNL,4G,69,-95,15.9,3.2,133,6.0,3.3,OK,0.87
N002309,2026-06-23 03:24:00,Meghalaya,Ri-Bhoi,26.0363,91.9934,Jio,5G,97,-64,127.1,36.7,27,0.5,0.3,GOOD,0.88
N002310,2026-06-23 03:27:00,Meghalaya,West Jaintia Hills,25.4455,92.289,BSNL,2G,73,-88,5.4,4.4,82,2.9,1.6,POOR,0.9
N002311,2026-06-23 03:30:00,Sikkim,East Sikkim,27.2775,88.5222,Airtel,3G,76,-93,6.2,1.3,135,2.1,1.2,POOR,0.94
N002312,2026-06-23 03:33:00,Sikkim,North Sikkim,27.4759,88.5342,Airtel,3G,31,-109,1.11,0.2,327,18.5,10.2,POOR,0.95
N002313,2026-06-23 03:36:00,Sikkim,South Sikkim,27.1594,88.2957,Jio,4G,66,-78,8.2,2.8,127,2.7,1.5,OK,0.93
N002314,2026-06-23 03:39:00,Nagaland,Kohima,25.5635,94.2233,BSNL,2G,85,-98,9.4,2.6,79,3.0,1.7,POOR,0.93
N002315,2026-06-23 03:42:00,Nagaland,Dimapur,25.8804,93.648,BSNL,4G,98,-54,51.3,35.1,44,0.9,0.5,GOOD,0.89
N002316,2026-06-23 03:45:00,Nagaland,Mokokchung,26.4303,94.4927,Airtel,4G,69,-93,4.1,1.8,120,5.4,3.0,OK,0.92
N002317,2026-06-23 03:48:00,Manipur,Imphal West,24.7623,93.9042,BSNL,4G,97,-58,38.5,24.8,48,1.2,0.7,GOOD,0.96
N002318,2026-06-23 03:51:00,Manipur,Bishnupur,24.4988,93.7602,Jio,5G,94,-54,77.3,29.9,42,1.0,0.6,GOOD,0.88
N002319,2026-06-23 03:54:00,Manipur,Senapati,25.2026,93.9829,Airtel,4G,65,-97,12.0,2.0,66,5.8,3.2,OK,0.86
N002320,2026-06-23 03:57:00,Mizoram,Aizawl,23.811,92.6007,BSNL,4G,83,-97,15.4,4.3,86,2.3,1.3,OK,0.97
N002321,2026-06-23 04:00:00,Mizoram,Kolasib,24.2319,92.8151,Airtel,5G,100,-59,77.1,12.5,21,1.3,0.7,GOOD,0.86
N002322,2026-06-23 04:03:00,Mizoram,Lunglei,22.9414,92.8637,BSNL,2G,78,-93,8.4,4.9,75,5.9,3.2,POOR,0.97
N002323,2026-06-23 04:06:00,Tripura,West Tripura,23.6963,91.1999,Airtel,4G,97,-72,122.1,38.6,29,1.3,0.7,GOOD,0.92
N002324,2026-06-23 04:09:00,Tripura,Sipahijala,23.6457,91.4199,Airtel,4G,93,-58,60.4,19.0,48,0.3,0.2,GOOD,0.94
N002325,2026-06-23 04:12:00,Tripura,Dhalai,23.8122,91.824,Airtel,4G,95,-59,124.5,32.4,25,0.7,0.4,GOOD,0.94
N002326,2026-06-23 04:15:00,Arunachal Pradesh,Tawang,27.4469,91.7154,BSNL,NO_SERVICE,34,-105,0.46,0.37,429,17.3,9.5,NO_NETWORK,0.96
N002327,2026-06-23 04:18:00,Arunachal Pradesh,West Kameng,27.3519,92.2786,Jio,NO_SERVICE,18,-103,0.56,0.11,451,23.2,12.8,NO_NETWORK,0.87
N002328,2026-06-23 04:21:00,Arunachal Pradesh,Papum Pare,27.1821,93.5408,Airtel,5G,93,-76,104.1,16.4,21,1.3,0.7,GOOD,0.98
N002329,2026-06-23 04:24:00,Arunachal Pradesh,East Siang,28.0294,95.2962,Jio,5G,99,-57,102.2,33.3,32,0.9,0.5,GOOD,0.88
N002330,2026-06-23 04:27:00,Arunachal Pradesh,Lower Subansiri,27.4255,93.7022,Airtel,4G,73,-93,5.3,4.8,143,2.8,1.5,OK,0.9
N002331,2026-06-23 04:30:00,Assam,Kamrup Metropolitan,26.0005,91.809,BSNL,5G,96,-65,113.7,15.8,42,0.6,0.3,GOOD,0.89
N002332,2026-06-23 04:33:00,Assam,Kamrup Rural,26.2558,91.6498,Jio,5G,93,-59,104.5,39.9,26,1.3,0.7,GOOD,0.94
N002333,2026-06-23 04:36:00,Assam,Darrang,26.5374,92.0085,BSNL,5G,93,-65,95.1,23.6,45,0.4,0.2,GOOD,0.95
N002334,2026-06-23 04:39:00,Assam,Sonitpur,26.5446,92.7219,BSNL,5G,95,-66,75.4,39.0,40,0.9,0.5,GOOD,0.92
N002335,2026-06-23 04:42:00,Assam,Dibrugarh,27.4517,94.8287,BSNL,4G,97,-55,112.1,13.9,40,0.7,0.4,GOOD,0.92
N002336,2026-06-23 04:45:00,Assam,Cachar,24.9556,92.7889,BSNL,5G,93,-60,71.2,32.9,23,0.6,0.3,GOOD,0.96
N002337,2026-06-23 04:48:00,Assam,Nagaon,26.4135,92.8194,Airtel,4G,96,-72,51.9,18.6,21,0.8,0.4,GOOD,0.91
N002338,2026-06-23 04:51:00,Meghalaya,East Khasi Hills,25.496,92.0359,BSNL,2G,87,-92,13.2,2.4,94,2.5,1.4,POOR,0.9
N002339,2026-06-23 04:54:00,Meghalaya,West Khasi Hills,25.503,91.1427,Jio,3G,75,-98,12.7,2.2,145,3.6,2.0,POOR,0.94
N002340,2026-06-23 04:57:00,Meghalaya,Ri-Bhoi,26.0427,91.7586,Airtel,5G,92,-62,29.0,34.2,42,0.6,0.3,GOOD,0.96
N002341,2026-06-23 05:00:00,Meghalaya,West Jaintia Hills,25.478,92.0752,BSNL,4G,82,-85,14.1,1.6,70,4.4,2.4,OK,0.95
N002342,2026-06-23 05:03:00,Sikkim,East Sikkim,27.4058,88.6265,Jio,3G,78,-83,15.6,3.6,128,4.6,2.5,POOR,0.96
N002343,2026-06-23 05:06:00,Sikkim,North Sikkim,27.4736,88.6222,BSNL,3G,25,-103,0.94,0.3,469,17.9,9.8,POOR,0.88
N002344,2026-06-23 05:09:00,Sikkim,South Sikkim,27.1896,88.322,BSNL,2G,82,-78,12.9,4.6,131,5.6,3.1,POOR,0.96
N002345,2026-06-23 05:12:00,Nagaland,Kohima,25.6938,94.1052,Airtel,3G,81,-81,4.7,3.4,115,5.0,2.8,POOR,0.9
N002346,2026-06-23 05:15:00,Nagaland,Dimapur,25.8534,93.7902,Jio,4G,92,-59,117.1,32.2,43,0.5,0.3,GOOD,0.93
N002347,2026-06-23 05:18:00,Nagaland,Mokokchung,26.3949,94.6464,Jio,4G,88,-96,6.3,2.0,81,2.1,1.2,OK,0.94
N002348,2026-06-23 05:21:00,Manipur,Imphal West,24.8941,93.8354,Jio,2G,75,-83,4.9,2.2,73,4.7,2.6,POOR,0.87
N002349,2026-06-23 05:24:00,Manipur,Bishnupur,24.7433,93.6486,BSNL,3G,67,-94,14.9,4.8,96,2.3,1.3,POOR,0.9
N002350,2026-06-23 05:27:00,Manipur,Senapati,25.3509,94.0062,Airtel,3G,76,-78,7.6,2.4,130,4.9,2.7,POOR,0.95
N002351,2026-06-23 05:30:00,Mizoram,Aizawl,23.5799,92.6029,Airtel,4G,86,-80,15.1,4.7,98,6.4,3.5,OK,0.97
N002352,2026-06-23 05:33:00,Mizoram,Kolasib,24.1513,92.6267,Airtel,5G,92,-63,82.9,35.9,33,0.5,0.3,GOOD,0.89
N002353,2026-06-23 05:36:00,Mizoram,Lunglei,22.7725,92.747,Airtel,3G,85,-89,14.1,4.8,116,2.4,1.3,POOR,0.98
N002354,2026-06-23 05:39:00,Tripura,West Tripura,23.7929,91.3182,BSNL,4G,100,-75,64.8,12.7,19,1.2,0.7,GOOD,0.95
N002355,2026-06-23 05:42:00,Tripura,Sipahijala,23.7631,91.378,BSNL,5G,92,-70,68.9,12.8,27,0.7,0.4,GOOD,0.86
N002356,2026-06-23 05:45:00,Tripura,Dhalai,23.9145,91.8422,Jio,4G,99,-59,126.2,11.0,38,0.7,0.4,GOOD,0.88
N002357,2026-06-23 05:48:00,Arunachal Pradesh,Tawang,27.4562,92.0025,Airtel,2G,34,-97,1.15,0.55,674,22.2,12.2,POOR,0.86
N002358,2026-06-23 05:51:00,Arunachal Pradesh,West Kameng,27.1427,92.4035,Airtel,NO_SERVICE,42,-103,1.65,0.01,427,16.7,9.2,NO_NETWORK,0.94
N002359,2026-06-23 05:54:00,Arunachal Pradesh,Papum Pare,26.9973,93.5717,Jio,5G,97,-52,87.6,32.5,39,0.5,0.3,GOOD,0.98
N002360,2026-06-23 05:57:00,Arunachal Pradesh,East Siang,27.9202,95.2338,BSNL,5G,97,-64,125.2,30.4,40,0.9,0.5,GOOD,0.96
N002361,2026-06-23 06:00:00,Arunachal Pradesh,Lower Subansiri,27.5753,93.7717,Jio,4G,70,-90,9.7,2.4,72,4.7,2.6,OK,0.86
N002362,2026-06-23 06:03:00,Assam,Kamrup Metropolitan,26.1628,91.7787,BSNL,5G,95,-66,118.9,31.5,46,0.6,0.3,GOOD,0.89
N002363,2026-06-23 06:06:00,Assam,Kamrup Rural,26.2542,91.496,Airtel,5G,94,-64,50.6,41.5,44,0.4,0.2,GOOD,0.85
N002364,2026-06-23 06:09:00,Assam,Darrang,26.4587,92.0744,BSNL,4G,94,-52,116.4,10.4,42,0.3,0.2,GOOD,0.89
N002365,2026-06-23 06:12:00,Assam,Sonitpur,26.6615,92.7258,BSNL,4G,100,-60,125.4,25.9,47,0.8,0.4,GOOD,0.95
N002366,2026-06-23 06:15:00,Assam,Dibrugarh,27.5956,94.8248,Airtel,5G,96,-74,88.4,15.5,34,0.6,0.3,GOOD,0.9
N002367,2026-06-23 06:18:00,Assam,Cachar,24.7107,92.8699,Jio,4G,93,-68,95.1,39.6,21,1.2,0.7,GOOD,0.95
N002368,2026-06-23 06:21:00,Assam,Nagaon,26.1953,92.5573,Jio,5G,94,-64,116.8,29.6,33,0.8,0.4,GOOD,0.93
N002369,2026-06-23 06:24:00,Meghalaya,East Khasi Hills,25.5564,91.8848,Airtel,3G,71,-98,5.8,1.2,92,4.9,2.7,POOR,0.85
N002370,2026-06-23 06:27:00,Meghalaya,West Khasi Hills,25.528,91.2232,BSNL,4G,74,-88,5.6,3.5,84,4.2,2.3,OK,0.95
N002371,2026-06-23 06:30:00,Meghalaya,Ri-Bhoi,26.0016,91.8251,BSNL,5G,94,-73,39.7,20.1,33,1.2,0.7,GOOD,0.97
N002372,2026-06-23 06:33:00,Meghalaya,West Jaintia Hills,25.5866,92.3336,Airtel,4G,86,-90,7.4,1.8,90,3.7,2.0,OK,0.94
N002373,2026-06-23 06:36:00,Sikkim,East Sikkim,27.3201,88.589,Jio,3G,72,-83,15.8,1.9,86,4.6,2.5,POOR,0.91
N002374,2026-06-23 06:39:00,Sikkim,North Sikkim,27.5174,88.5306,Airtel,2G,18,-110,1.58,0.36,485,28.9,15.9,POOR,0.96
N002375,2026-06-23 06:42:00,Sikkim,South Sikkim,27.2766,88.4312,Airtel,2G,73,-92,6.8,2.6,130,4.8,2.6,POOR,0.92
N002376,2026-06-23 06:45:00,Nagaland,Kohima,25.693,94.258,Jio,2G,73,-95,10.6,2.0,115,5.5,3.0,POOR,0.9
N002377,2026-06-23 06:48:00,Nagaland,Dimapur,26.0368,93.8761,Jio,5G,92,-76,101.9,29.1,25,0.8,0.4,GOOD,0.91
N002378,2026-06-23 06:51:00,Nagaland,Mokokchung,26.1767,94.4631,BSNL,3G,79,-85,8.6,1.5,99,2.7,1.5,POOR,0.87
N002379,2026-06-23 06:54:00,Manipur,Imphal West,24.8178,93.7907,Airtel,4G,95,-68,111.8,31.9,33,0.2,0.1,GOOD,0.87
N002380,2026-06-23 06:57:00,Manipur,Bishnupur,24.626,93.6277,Airtel,5G,93,-65,103.1,15.4,29,0.5,0.3,GOOD,0.86
N002381,2026-06-23 07:00:00,Manipur,Senapati,25.1272,94.0317,BSNL,4G,68,-85,11.7,1.5,84,4.3,2.4,OK,0.87
N002382,2026-06-23 07:03:00,Mizoram,Aizawl,23.8763,92.7573,Jio,2G,84,-96,8.7,1.9,95,5.4,3.0,POOR,0.93
N002383,2026-06-23 07:06:00,Mizoram,Kolasib,24.2643,92.6937,BSNL,4G,97,-72,37.1,15.4,33,0.3,0.2,GOOD,0.9
N002384,2026-06-23 07:09:00,Mizoram,Lunglei,22.9983,92.636,BSNL,2G,76,-98,8.3,3.5,130,3.1,1.7,POOR,0.92
N002385,2026-06-23 07:12:00,Tripura,West Tripura,23.7063,91.387,Airtel,5G,96,-70,59.6,28.6,24,0.2,0.1,GOOD,0.91
N002386,2026-06-23 07:15:00,Tripura,Sipahijala,23.5037,91.1912,BSNL,5G,99,-75,107.0,30.3,34,0.2,0.1,GOOD,0.87
N002387,2026-06-23 07:18:00,Tripura,Dhalai,23.8965,91.9212,BSNL,5G,93,-52,93.5,13.8,46,0.9,0.5,GOOD,0.9
N002388,2026-06-23 07:21:00,Arunachal Pradesh,Tawang,27.531,91.9222,BSNL,2G,25,-102,1.09,0.18,392,14.5,8.0,POOR,0.87
N002389,2026-06-23 07:24:00,Arunachal Pradesh,West Kameng,27.2244,92.2702,Airtel,2G,42,-114,1.32,0.53,372,28.2,15.5,POOR,0.92
N002390,2026-06-23 07:27:00,Arunachal Pradesh,Papum Pare,27.1513,93.4861,Jio,5G,96,-70,79.6,30.5,42,0.8,0.4,GOOD,0.85
N002391,2026-06-23 07:30:00,Arunachal Pradesh,East Siang,27.996,95.2278,Airtel,4G,96,-75,111.4,18.7,26,1.0,0.6,GOOD,0.96
N002392,2026-06-23 07:33:00,Arunachal Pradesh,Lower Subansiri,27.5516,93.7319,Airtel,4G,70,-90,8.0,4.0,133,2.7,1.5,OK,0.86
N002393,2026-06-23 07:36:00,Assam,Kamrup Metropolitan,26.0878,91.7544,BSNL,5G,97,-67,74.7,22.0,23,0.3,0.2,GOOD,0.91
N002394,2026-06-23 07:39:00,Assam,Kamrup Rural,26.2439,91.5819,Jio,4G,99,-52,123.4,41.3,33,1.0,0.6,GOOD,0.87
N002395,2026-06-23 07:42:00,Assam,Darrang,26.3568,91.9069,Jio,4G,92,-57,63.9,10.5,26,1.1,0.6,GOOD,0.95
N002396,2026-06-23 07:45:00,Assam,Sonitpur,26.7138,92.8792,Airtel,4G,92,-67,68.1,40.0,43,0.9,0.5,GOOD,0.93
N002397,2026-06-23 07:48:00,Assam,Dibrugarh,27.586,95.045,BSNL,5G,92,-61,117.6,29.6,47,0.5,0.3,GOOD,0.91
N002398,2026-06-23 07:51:00,Assam,Cachar,24.9537,92.6862,Airtel,5G,99,-58,50.2,41.9,42,0.1,0.1,GOOD,0.93
N002399,2026-06-23 07:54:00,Assam,Nagaon,26.309,92.6201,BSNL,5G,95,-55,128.8,26.2,40,0.8,0.4,GOOD,0.88
N002400,2026-06-23 07:57:00,Meghalaya,East Khasi Hills,25.4966,91.7998,BSNL,2G,83,-88,4.8,2.2,114,4.7,2.6,POOR,0.96
N002401,2026-06-23 08:00:00,Meghalaya,West Khasi Hills,25.4378,91.2419,Jio,2G,72,-86,11.0,3.8,138,2.0,1.1,POOR,0.93
N002402,2026-06-23 08:03:00,Meghalaya,Ri-Bhoi,25.8547,91.9225,BSNL,5G,95,-61,92.1,34.3,34,0.9,0.5,GOOD,0.95
N002403,2026-06-23 08:06:00,Meghalaya,West Jaintia Hills,25.3511,92.3349,Jio,4G,85,-90,14.9,3.5,91,3.1,1.7,OK,0.96
N002404,2026-06-23 08:09:00,Sikkim,East Sikkim,27.2521,88.6672,Jio,4G,86,-84,14.6,2.9,127,3.3,1.8,OK,0.9
N002405,2026-06-23 08:12:00,Sikkim,North Sikkim,27.4366,88.5027,Airtel,NO_SERVICE,38,-95,1.68,0.24,656,21.7,11.9,NO_NETWORK,0.85
N002406,2026-06-23 08:15:00,Sikkim,South Sikkim,27.1007,88.354,Jio,3G,66,-80,13.4,1.4,145,2.7,1.5,POOR,0.95
N002407,2026-06-23 08:18:00,Nagaland,Kohima,25.5345,93.9932,BSNL,3G,79,-80,12.1,3.0,74,4.5,2.5,POOR,0.96
N002408,2026-06-23 08:21:00,Nagaland,Dimapur,25.897,93.6744,Airtel,5G,94,-57,34.6,41.1,19,1.1,0.6,GOOD,0.93
N002409,2026-06-23 08:24:00,Nagaland,Mokokchung,26.1852,94.5804,Jio,3G,83,-86,8.7,4.9,98,6.3,3.5,POOR,0.91
N002410,2026-06-23 08:27:00,Manipur,Imphal West,24.7146,93.9294,Jio,5G,94,-60,67.9,17.8,20,0.4,0.2,GOOD,0.88
N002411,2026-06-23 08:30:00,Manipur,Bishnupur,24.7563,93.7064,Jio,5G,97,-58,103.2,36.1,38,0.2,0.1,GOOD,0.94
N002412,2026-06-23 08:33:00,Manipur,Senapati,25.2417,94.045,Jio,2G,75,-89,6.8,2.4,78,3.1,1.7,POOR,0.97
N002413,2026-06-23 08:36:00,Mizoram,Aizawl,23.6969,92.8178,Airtel,4G,88,-85,8.9,1.6,140,5.9,3.2,OK,0.95
N002414,2026-06-23 08:39:00,Mizoram,Kolasib,24.2148,92.6503,BSNL,4G,95,-76,68.6,38.2,48,1.0,0.6,GOOD,0.86
N002415,2026-06-23 08:42:00,Mizoram,Lunglei,22.959,92.8603,BSNL,2G,78,-96,10.1,4.7,136,4.8,2.6,POOR,0.88
N002416,2026-06-23 08:45:00,Tripura,West Tripura,23.7623,91.31,Jio,5G,92,-73,30.4,31.1,35,0.5,0.3,GOOD,0.93
N002417,2026-06-23 08:48:00,Tripura,Sipahijala,23.7617,91.428,Jio,5G,93,-58,113.4,21.2,28,1.0,0.6,GOOD,0.86
N002418,2026-06-23 08:51:00,Tripura,Dhalai,23.9917,91.9256,BSNL,5G,94,-63,49.8,32.2,35,0.2,0.1,GOOD,0.93
N002419,2026-06-23 08:54:00,Arunachal Pradesh,Tawang,27.4522,91.7365,Airtel,3G,16,-103,1.69,0.29,365,16.3,9.0,POOR,0.87
N002420,2026-06-23 08:57:00,Arunachal Pradesh,West Kameng,27.2521,92.3155,Airtel,NO_SERVICE,19,-107,0.6,0.33,389,29.2,16.1,NO_NETWORK,0.93
N002421,2026-06-23 09:00:00,Arunachal Pradesh,Papum Pare,27.002,93.5589,Airtel,4G,99,-72,97.3,28.6,37,0.9,0.5,GOOD,0.89
N002422,2026-06-23 09:03:00,Arunachal Pradesh,East Siang,27.9431,95.2494,BSNL,4G,92,-56,109.3,33.9,40,0.8,0.4,GOOD,0.96
N002423,2026-06-23 09:06:00,Arunachal Pradesh,Lower Subansiri,27.4015,93.7278,BSNL,4G,78,-86,6.2,4.7,138,2.9,1.6,OK,0.95
N002424,2026-06-23 09:09:00,Assam,Kamrup Metropolitan,26.2041,91.86,BSNL,4G,96,-62,33.7,30.6,29,0.6,0.3,GOOD,0.95
N002425,2026-06-23 09:12:00,Assam,Kamrup Rural,26.1078,91.6871,Airtel,5G,94,-53,87.4,33.9,47,1.3,0.7,GOOD,0.85
N002426,2026-06-23 09:15:00,Assam,Darrang,26.3421,92.113,Jio,5G,97,-65,49.6,12.9,30,0.2,0.1,GOOD,0.93
N002427,2026-06-23 09:18:00,Assam,Sonitpur,26.7456,92.8217,BSNL,4G,99,-64,88.7,17.0,31,1.0,0.6,GOOD,0.95
N002428,2026-06-23 09:21:00,Assam,Dibrugarh,27.5449,94.9379,Airtel,4G,92,-71,87.8,26.5,30,1.0,0.6,GOOD,0.88
N002429,2026-06-23 09:24:00,Assam,Cachar,24.7538,92.7376,Jio,4G,99,-62,54.3,20.4,27,1.1,0.6,GOOD,0.91
N002430,2026-06-23 09:27:00,Assam,Nagaon,26.4207,92.8084,Airtel,5G,96,-67,123.2,13.1,19,0.2,0.1,GOOD,0.92
N002431,2026-06-23 09:30:00,Meghalaya,East Khasi Hills,25.4421,91.8339,Airtel,2G,74,-96,6.4,3.4,83,5.4,3.0,POOR,0.97
N002432,2026-06-23 09:33:00,Meghalaya,West Khasi Hills,25.4877,91.1955,Jio,2G,67,-97,8.0,3.5,86,2.1,1.2,POOR,0.9
N002433,2026-06-23 09:36:00,Meghalaya,Ri-Bhoi,25.8283,92.0165,Airtel,5G,93,-62,89.7,33.7,38,0.8,0.4,GOOD,0.91
N002434,2026-06-23 09:39:00,Meghalaya,West Jaintia Hills,25.5503,92.1895,Airtel,2G,83,-97,15.9,2.9,130,2.9,1.6,POOR,0.88
N002435,2026-06-23 09:42:00,Sikkim,East Sikkim,27.3857,88.5778,BSNL,2G,65,-82,9.1,4.2,95,5.4,3.0,POOR,0.88
N002436,2026-06-23 09:45:00,Sikkim,North Sikkim,27.5224,88.5152,Airtel,3G,47,-100,1.24,0.38,637,26.2,14.4,POOR,0.94
N002437,2026-06-23 09:48:00,Sikkim,South Sikkim,27.2211,88.3267,Jio,4G,75,-92,15.6,3.3,133,2.3,1.3,OK,0.97
N002438,2026-06-23 09:51:00,Nagaland,Kohima,25.7153,94.1397,Airtel,4G,84,-85,13.3,1.8,128,2.3,1.3,OK,0.94
N002439,2026-06-23 09:54:00,Nagaland,Dimapur,25.9911,93.7911,Airtel,5G,99,-70,115.3,36.5,26,0.4,0.2,GOOD,0.88
N002440,2026-06-23 09:57:00,Nagaland,Mokokchung,26.4106,94.6642,Jio,2G,67,-87,8.9,3.2,129,5.3,2.9,POOR,0.87
N002441,2026-06-23 10:00:00,Manipur,Imphal West,24.691,93.7889,BSNL,2G,86,-84,13.4,1.6,112,4.0,2.2,POOR,0.88
N002442,2026-06-23 10:03:00,Manipur,Bishnupur,24.6369,93.7989,BSNL,2G,68,-96,4.9,3.2,143,4.4,2.4,POOR,0.9
N002443,2026-06-23 10:06:00,Manipur,Senapati,25.1945,93.8965,BSNL,4G,83,-81,10.6,4.5,142,6.4,3.5,OK,0.94
N002444,2026-06-23 10:09:00,Mizoram,Aizawl,23.7569,92.6784,Airtel,2G,74,-95,15.6,1.6,95,4.4,2.4,POOR,0.89
N002445,2026-06-23 10:12:00,Mizoram,Kolasib,24.3158,92.6928,Airtel,5G,97,-74,111.2,18.4,47,1.0,0.6,GOOD,0.98
N002446,2026-06-23 10:15:00,Mizoram,Lunglei,22.864,92.6793,Airtel,4G,84,-88,15.4,4.4,72,2.1,1.2,OK,0.96
N002447,2026-06-23 10:18:00,Tripura,West Tripura,23.6925,91.3584,Airtel,4G,95,-66,29.7,23.1,22,1.0,0.6,GOOD,0.91
N002448,2026-06-23 10:21:00,Tripura,Sipahijala,23.5228,91.2054,Airtel,4G,100,-58,69.9,38.0,19,0.2,0.1,GOOD,0.91
N002449,2026-06-23 10:24:00,Tripura,Dhalai,23.9916,91.9067,Airtel,4G,96,-75,102.8,13.8,40,1.3,0.7,GOOD,0.94
N002450,2026-06-23 10:27:00,Arunachal Pradesh,Tawang,27.7158,91.9555,Jio,2G,38,-100,1.36,0.24,533,23.9,13.1,POOR,0.9
N002451,2026-06-23 10:30:00,Arunachal Pradesh,West Kameng,27.2263,92.3099,BSNL,2G,24,-103,1.01,0.46,477,16.1,8.9,POOR,0.93
N002452,2026-06-23 10:33:00,Arunachal Pradesh,Papum Pare,27.065,93.7607,Jio,5G,95,-75,50.9,10.7,48,0.4,0.2,GOOD,0.9
N002453,2026-06-23 10:36:00,Arunachal Pradesh,East Siang,28.0066,95.2962,Airtel,5G,100,-71,116.5,19.8,24,0.8,0.4,GOOD,0.98
N002454,2026-06-23 10:39:00,Arunachal Pradesh,Lower Subansiri,27.5959,93.9449,BSNL,3G,65,-96,15.7,3.2,144,6.2,3.4,POOR,0.88
N002455,2026-06-23 10:42:00,Assam,Kamrup Metropolitan,26.2326,91.7575,Airtel,4G,98,-69,73.7,40.0,47,0.3,0.2,GOOD,0.94
N002456,2026-06-23 10:45:00,Assam,Kamrup Rural,26.2731,91.6203,Airtel,5G,92,-54,91.6,39.5,44,1.3,0.7,GOOD,0.91
N002457,2026-06-23 10:48:00,Assam,Darrang,26.5302,92.0121,BSNL,5G,92,-69,39.1,9.3,33,0.4,0.2,GOOD,0.96
N002458,2026-06-23 10:51:00,Assam,Sonitpur,26.6343,92.6563,Airtel,4G,96,-70,79.1,11.7,42,0.5,0.3,GOOD,0.87
N002459,2026-06-23 10:54:00,Assam,Dibrugarh,27.4046,94.8842,Jio,5G,99,-66,109.2,24.1,42,0.3,0.2,GOOD,0.86
N002460,2026-06-23 10:57:00,Assam,Cachar,24.7657,92.7676,BSNL,4G,96,-59,107.5,38.8,21,1.0,0.6,GOOD,0.98
N002461,2026-06-23 11:00:00,Assam,Nagaon,26.2616,92.5394,Airtel,4G,97,-59,109.5,30.7,27,0.4,0.2,GOOD,0.92
N002462,2026-06-23 11:03:00,Meghalaya,East Khasi Hills,25.6472,91.9261,Airtel,4G,65,-82,14.3,3.1,122,3.6,2.0,OK,0.97
N002463,2026-06-23 11:06:00,Meghalaya,West Khasi Hills,25.4586,91.2267,BSNL,4G,70,-86,6.8,1.5,78,5.5,3.0,OK,0.98
N002464,2026-06-23 11:09:00,Meghalaya,Ri-Bhoi,25.8459,91.9768,Jio,5G,96,-72,82.4,30.9,48,1.3,0.7,GOOD,0.89
N002465,2026-06-23 11:12:00,Meghalaya,West Jaintia Hills,25.3632,92.2593,Jio,4G,77,-88,10.2,2.9,145,2.0,1.1,OK,0.92
N002466,2026-06-23 11:15:00,Sikkim,East Sikkim,27.3871,88.6279,Jio,2G,76,-92,14.2,4.8,83,5.5,3.0,POOR,0.92
N002467,2026-06-23 11:18:00,Sikkim,North Sikkim,27.4536,88.4623,BSNL,3G,24,-98,0.08,0.21,367,18.3,10.1,POOR,0.97
N002468,2026-06-23 11:21:00,Sikkim,South Sikkim,27.1146,88.4024,BSNL,4G,70,-81,11.4,1.9,75,3.7,2.0,OK,0.89
N002469,2026-06-23 11:24:00,Nagaland,Kohima,25.7124,94.1281,Airtel,2G,84,-86,8.0,4.3,135,6.2,3.4,POOR,0.86
N002470,2026-06-23 11:27:00,Nagaland,Dimapur,26.0488,93.7444,Jio,4G,93,-74,110.1,23.1,45,0.3,0.2,GOOD,0.86
N002471,2026-06-23 11:30:00,Nagaland,Mokokchung,26.3363,94.4835,BSNL,4G,69,-93,14.4,4.1,110,4.3,2.4,OK,0.97
N002472,2026-06-23 11:33:00,Manipur,Imphal West,24.7304,93.82,Jio,4G,94,-52,52.1,24.2,27,0.8,0.4,GOOD,0.97
N002473,2026-06-23 11:36:00,Manipur,Bishnupur,24.7157,93.8348,BSNL,5G,98,-52,86.2,25.7,40,0.3,0.2,GOOD,0.89
N002474,2026-06-23 11:39:00,Manipur,Senapati,25.1753,94.1301,Airtel,2G,71,-95,8.5,4.7,124,5.1,2.8,POOR,0.92
N002475,2026-06-23 11:42:00,Mizoram,Aizawl,23.6088,92.833,Airtel,4G,87,-83,7.2,4.3,78,3.2,1.8,OK,0.86
N002476,2026-06-23 11:45:00,Mizoram,Kolasib,24.2307,92.6477,Jio,5G,97,-58,41.5,13.0,42,0.4,0.2,GOOD,0.95
N002477,2026-06-23 11:48:00,Mizoram,Lunglei,22.8159,92.8674,Jio,2G,83,-81,10.8,2.7,79,1.9,1.0,POOR,0.89
N002478,2026-06-23 11:51:00,Tripura,West Tripura,23.768,91.2966,Jio,4G,98,-53,96.2,35.8,21,1.0,0.6,GOOD,0.89
N002479,2026-06-23 11:54:00,Tripura,Sipahijala,23.69,91.1915,Jio,5G,92,-67,63.4,11.6,44,1.1,0.6,GOOD,0.97
N002480,2026-06-23 11:57:00,Tripura,Dhalai,23.8231,91.8909,BSNL,5G,96,-57,115.3,34.3,39,0.6,0.3,GOOD,0.95
N002481,2026-06-23 12:00:00,Arunachal Pradesh,Tawang,27.5871,91.7336,Jio,3G,25,-104,0.4,0.22,582,24.8,13.6,POOR,0.87
N002482,2026-06-23 12:03:00,Arunachal Pradesh,West Kameng,27.212,92.3409,Jio,NO_SERVICE,37,-115,1.48,0.59,463,15.2,8.4,NO_NETWORK,0.85
N002483,2026-06-23 12:06:00,Arunachal Pradesh,Papum Pare,27.236,93.4734,Jio,5G,96,-66,29.1,36.4,36,0.3,0.2,GOOD,0.93
N002484,2026-06-23 12:09:00,Arunachal Pradesh,East Siang,28.0816,95.435,BSNL,5G,98,-67,68.7,28.7,23,0.6,0.3,GOOD,0.97
N002485,2026-06-23 12:12:00,Arunachal Pradesh,Lower Subansiri,27.6169,93.7518,BSNL,4G,73,-87,13.5,3.9,140,3.3,1.8,OK,0.87
N002486,2026-06-23 12:15:00,Assam,Kamrup Metropolitan,26.0913,91.6741,Airtel,4G,97,-60,110.8,36.3,39,0.1,0.1,GOOD,0.87
N002487,2026-06-23 12:18:00,Assam,Kamrup Rural,26.1728,91.6171,BSNL,5G,99,-57,124.0,28.6,30,1.0,0.6,GOOD,0.95
N002488,2026-06-23 12:21:00,Assam,Darrang,26.5938,92.0311,Airtel,4G,93,-64,86.4,13.5,34,0.5,0.3,GOOD,0.85
N002489,2026-06-23 12:24:00,Assam,Sonitpur,26.7454,92.9153,Airtel,4G,92,-72,86.1,19.1,45,0.4,0.2,GOOD,0.89
N002490,2026-06-23 12:27:00,Assam,Dibrugarh,27.3249,94.7717,Airtel,5G,92,-69,38.8,30.9,19,1.1,0.6,GOOD,0.95
N002491,2026-06-23 12:30:00,Assam,Cachar,24.8244,92.7445,Airtel,5G,95,-64,53.2,26.8,31,0.8,0.4,GOOD,0.93
N002492,2026-06-23 12:33:00,Assam,Nagaon,26.41,92.5703,Jio,4G,98,-60,77.2,40.9,26,1.1,0.6,GOOD,0.87
N002493,2026-06-23 12:36:00,Meghalaya,East Khasi Hills,25.6432,91.8749,Jio,2G,83,-91,16.0,4.3,88,2.6,1.4,POOR,0.97
N002494,2026-06-23 12:39:00,Meghalaya,West Khasi Hills,25.4795,91.3567,BSNL,4G,71,-90,12.4,4.1,116,2.0,1.1,OK,0.89
N002495,2026-06-23 12:42:00,Meghalaya,Ri-Bhoi,26.0282,91.9188,BSNL,5G,95,-68,70.1,38.5,27,1.0,0.6,GOOD,0.88
N002496,2026-06-23 12:45:00,Meghalaya,West Jaintia Hills,25.3438,92.1287,BSNL,2G,89,-86,11.4,2.3,73,5.2,2.9,POOR,0.85
N002497,2026-06-23 12:48:00,Sikkim,East Sikkim,27.4055,88.5664,Jio,4G,84,-79,11.6,4.8,91,4.8,2.6,OK,0.85
N002498,2026-06-23 12:51:00,Sikkim,North Sikkim,27.5887,88.463,Airtel,NO_SERVICE,20,-95,1.56,0.06,604,22.3,12.3,NO_NETWORK,0.85
N002499,2026-06-23 12:54:00,Sikkim,South Sikkim,27.1575,88.4127,Airtel,2G,73,-89,15.2,2.2,116,2.9,1.6,POOR,0.92
N002500,2026-06-23 12:57:00,Nagaland,Kohima,25.6137,94.092,BSNL,4G,81,-94,7.7,5.0,104,5.2,2.9,OK,0.95
