terrain_id,state,district,latitude,longitude,elevation_m,slope_percent,aspect,terrain_type,river_distance_km
TR000001,Arunachal Pradesh,Tawang,27.6279,91.7169,2875,43.2,SOUTH_EAST,HIGH_ALPINE,5.04
TR000002,Arunachal Pradesh,West Kameng,27.1452,92.4881,2209,35.9,NORTH,STEEP_MOUNTAIN,4.52
TR000003,Arunachal Pradesh,Papum Pare,26.9593,93.5322,324,19.0,NORTH,DISSECTED_HILLS,1.31
TR000004,Arunachal Pradesh,East Siang,28.1308,95.3864,148,7.8,EAST,RIVER_VALLEY,0.53
TR000005,Arunachal Pradesh,Lower Subansiri,27.6428,93.6819,1603,30.7,EAST,STEEP_MOUNTAIN,2.82
TR000006,Assam,Kamrup Metropolitan,26.0779,91.6508,92,0.4,NORTH,PLAINS,0.61
TR000007,Assam,Kamrup Rural,26.064,91.6662,75,0.4,NORTH,PLAINS,0.38
TR000008,Assam,Darrang,26.4398,91.9184,110,0.5,NORTH_WEST,FLOOD_BASIN,0.41
TR000009,Assam,Sonitpur,26.7326,92.8282,128,1.4,NORTH_WEST,RIVER_VALLEY,0.37
TR000010,Assam,Dibrugarh,27.3437,94.9604,146,0.4,SOUTH_EAST,FLOOD_BASIN,0.2
TR000011,Assam,Cachar,24.7531,92.6592,20,1.6,NORTH_WEST,FLOOD_BASIN,0.49
TR000012,Assam,Nagaon,26.244,92.6406,89,0.4,WEST,PLAINS,1.06
TR000013,Meghalaya,East Khasi Hills,25.6232,91.926,1451,30.7,SOUTH_WEST,PLATEAU_ESCARPMENT,2.11
TR000014,Meghalaya,West Khasi Hills,25.4987,91.191,1338,28.7,SOUTH_WEST,PLATEAU_ESCARPMENT,1.91
TR000015,Meghalaya,Ri-Bhoi,25.9554,91.9829,589,14.3,SOUTH_WEST,DISSECTED_HILLS,1.78
TR000016,Meghalaya,West Jaintia Hills,25.5415,92.1703,1278,24.6,NORTH,DISSECTED_HILLS,1.46
TR000017,Sikkim,East Sikkim,27.4518,88.5509,1673,42.0,SOUTH,VALLEY_GORGE,0.43
TR000018,Sikkim,North Sikkim,27.5429,88.4429,2407,47.2,SOUTH,HIGH_ALPINE,0.41
TR000019,Sikkim,South Sikkim,27.0988,88.3754,1354,36.6,WEST,VALLEY_GORGE,0.39
TR000020,Nagaland,Kohima,25.8243,94.0001,1443,33.8,EAST,DISSECTED_HILLS,1.58
TR000021,Nagaland,Dimapur,25.7897,93.7657,236,4.7,EAST,PLAINS,1.04
TR000022,Nagaland,Mokokchung,26.2904,94.5488,1319,31.1,NORTH,DISSECTED_HILLS,2.48
TR000023,Manipur,Imphal West,24.9252,93.7902,817,0.4,SOUTH_EAST,RIVER_VALLEY,0.83
TR000024,Manipur,Bishnupur,24.7077,93.8451,753,1.6,WEST,RIVER_VALLEY,0.33
TR000025,Manipur,Senapati,25.2461,94.1461,1302,30.6,SOUTH_WEST,DISSECTED_HILLS,1.78
TR000026,Mizoram,Aizawl,23.8057,92.7199,1083,34.9,NORTH_WEST,RIDGE_SLOPE,1.94
TR000027,Mizoram,Kolasib,24.2617,92.7127,569,23.9,SOUTH_WEST,DISSECTED_HILLS,1.06
TR000028,Mizoram,Lunglei,23.016,92.8667,1077,29.0,SOUTH_EAST,RIDGE_SLOPE,2.46
TR000029,Tripura,West Tripura,23.6873,91.4155,87,4.5,NORTH,ROLLING_PLAINS,1.47
TR000030,Tripura,Sipahijala,23.5568,91.2343,44,5.2,EAST,ROLLING_PLAINS,2.61
TR000031,Tripura,Dhalai,23.8458,91.7208,177,12.2,NORTH_EAST,LOW_HILLS,1.43
TR000032,Arunachal Pradesh,Tawang,27.634,91.9935,2861,43.3,EAST,HIGH_ALPINE,5.52
TR000033,Arunachal Pradesh,West Kameng,27.2414,92.3294,2209,39.3,NORTH,STEEP_MOUNTAIN,4.7
TR000034,Arunachal Pradesh,Papum Pare,27.1643,93.5863,345,19.2,EAST,DISSECTED_HILLS,1.23
TR000035,Arunachal Pradesh,East Siang,28.0713,95.2123,123,7.0,NORTH,RIVER_VALLEY,0.16
TR000036,Arunachal Pradesh,Lower Subansiri,27.5662,93.8565,1500,30.3,EAST,STEEP_MOUNTAIN,2.96
TR000037,Assam,Kamrup Metropolitan,26.0632,91.8578,105,0.4,NORTH_EAST,PLAINS,0.88
TR000038,Assam,Kamrup Rural,26.1185,91.5576,67,0.4,SOUTH_EAST,PLAINS,0.96
TR000039,Assam,Darrang,26.4733,92.0228,92,1.0,EAST,FLOOD_BASIN,0.31
TR000040,Assam,Sonitpur,26.5121,92.8403,63,1.7,WEST,RIVER_VALLEY,0.55
TR000041,Assam,Dibrugarh,27.5415,94.964,130,0.4,SOUTH,FLOOD_BASIN,0.41
TR000042,Assam,Cachar,24.7851,92.8874,20,0.4,NORTH,FLOOD_BASIN,0.3
TR000043,Assam,Nagaon,26.2373,92.589,63,0.4,NORTH_EAST,PLAINS,1.05
TR000044,Meghalaya,East Khasi Hills,25.5617,92.0017,1500,28.5,NORTH_EAST,PLATEAU_ESCARPMENT,2.37
TR000045,Meghalaya,West Khasi Hills,25.5222,91.1144,1231,30.1,WEST,PLATEAU_ESCARPMENT,2.1
TR000046,Meghalaya,Ri-Bhoi,25.7999,91.8757,517,18.3,WEST,DISSECTED_HILLS,1.84
TR000047,Meghalaya,West Jaintia Hills,25.3494,92.0506,1319,24.8,EAST,DISSECTED_HILLS,1.36
TR000048,Sikkim,East Sikkim,27.3254,88.5834,1683,44.5,EAST,VALLEY_GORGE,0.21
TR000049,Sikkim,North Sikkim,27.5655,88.4464,2427,47.1,NORTH_WEST,HIGH_ALPINE,0.09
TR000050,Sikkim,South Sikkim,27.2407,88.2183,1280,34.0,SOUTH_EAST,VALLEY_GORGE,0.53
TR000051,Nagaland,Kohima,25.676,94.2144,1400,33.6,NORTH,DISSECTED_HILLS,1.88
TR000052,Nagaland,Dimapur,26.0122,93.5981,143,4.7,NORTH_EAST,PLAINS,0.8
TR000053,Nagaland,Mokokchung,26.211,94.6371,1291,31.4,SOUTH_WEST,DISSECTED_HILLS,1.88
TR000054,Manipur,Imphal West,24.6916,93.984,797,2.3,SOUTH_WEST,RIVER_VALLEY,0.86
TR000055,Manipur,Bishnupur,24.5437,93.8294,740,2.3,SOUTH_WEST,RIVER_VALLEY,0.14
TR000056,Manipur,Senapati,25.3037,93.9972,1308,30.8,NORTH,DISSECTED_HILLS,1.2
TR000057,Mizoram,Aizawl,23.7146,92.8671,1082,30.9,NORTH_WEST,RIDGE_SLOPE,1.89
TR000058,Mizoram,Kolasib,24.1496,92.81,662,22.3,WEST,DISSECTED_HILLS,1.11
TR000059,Mizoram,Lunglei,22.8155,92.7215,1029,32.5,NORTH_EAST,RIDGE_SLOPE,2.65
TR000060,Tripura,West Tripura,23.9777,91.333,20,2.9,SOUTH_EAST,ROLLING_PLAINS,1.31
TR000061,Tripura,Sipahijala,23.7645,91.1931,84,1.2,NORTH,ROLLING_PLAINS,2.63
TR000062,Tripura,Dhalai,23.7321,91.866,114,10.9,SOUTH_WEST,LOW_HILLS,1.49
TR000063,Arunachal Pradesh,Tawang,27.539,91.9156,2949,43.3,SOUTH_WEST,HIGH_ALPINE,5.27
TR000064,Arunachal Pradesh,West Kameng,27.3861,92.5197,2151,38.7,NORTH,STEEP_MOUNTAIN,4.79
TR000065,Arunachal Pradesh,Papum Pare,26.9636,93.5667,276,19.2,NORTH,DISSECTED_HILLS,1.12
TR000066,Arunachal Pradesh,East Siang,28.1384,95.3415,149,9.5,NORTH_EAST,RIVER_VALLEY,0.22
TR000067,Arunachal Pradesh,Lower Subansiri,27.6835,93.8873,1519,32.6,NORTH_WEST,STEEP_MOUNTAIN,3.09
TR000068,Assam,Kamrup Metropolitan,26.1693,91.6306,20,0.4,WEST,PLAINS,0.79
TR000069,Assam,Kamrup Rural,26.3149,91.7037,20,2.9,EAST,PLAINS,0.49
TR000070,Assam,Darrang,26.3769,91.9118,91,1.4,NORTH,FLOOD_BASIN,0.62
TR000071,Assam,Sonitpur,26.776,92.8674,136,4.2,NORTH,RIVER_VALLEY,0.81
TR000072,Assam,Dibrugarh,27.6157,95.0052,160,0.4,NORTH_WEST,FLOOD_BASIN,0.27
TR000073,Assam,Cachar,24.9606,92.8636,20,3.3,EAST,FLOOD_BASIN,0.51
TR000074,Assam,Nagaon,26.4384,92.614,104,2.0,NORTH_WEST,PLAINS,0.7
TR000075,Meghalaya,East Khasi Hills,25.4404,91.8845,1455,32.1,NORTH,PLATEAU_ESCARPMENT,2.25
TR000076,Meghalaya,West Khasi Hills,25.4516,91.3486,1249,26.6,NORTH,PLATEAU_ESCARPMENT,1.98
TR000077,Meghalaya,Ri-Bhoi,25.8695,91.8136,498,18.8,SOUTH_WEST,DISSECTED_HILLS,1.43
TR000078,Meghalaya,West Jaintia Hills,25.4924,92.1699,1377,26.2,EAST,DISSECTED_HILLS,1.46
TR000079,Sikkim,East Sikkim,27.2235,88.7476,1612,42.4,SOUTH_WEST,VALLEY_GORGE,0.49
TR000080,Sikkim,North Sikkim,27.3615,88.579,2434,49.6,SOUTH,HIGH_ALPINE,0.25
TR000081,Sikkim,South Sikkim,27.2019,88.3534,1289,38.2,WEST,VALLEY_GORGE,0.27
TR000082,Nagaland,Kohima,25.5384,94.0894,1446,37.9,SOUTH_EAST,DISSECTED_HILLS,1.9
TR000083,Nagaland,Dimapur,25.9726,93.8001,220,2.3,NORTH,PLAINS,0.93
TR000084,Nagaland,Mokokchung,26.4597,94.6462,1339,30.1,WEST,DISSECTED_HILLS,2.4
TR000085,Manipur,Imphal West,24.8829,93.8769,764,3.0,SOUTH,RIVER_VALLEY,0.46
TR000086,Manipur,Bishnupur,24.6916,93.7808,734,3.1,WEST,RIVER_VALLEY,0.66
TR000087,Manipur,Senapati,25.3132,94.1308,1268,29.8,WEST,DISSECTED_HILLS,1.41
TR000088,Mizoram,Aizawl,23.8272,92.6588,1096,32.6,EAST,RIDGE_SLOPE,2.13
TR000089,Mizoram,Kolasib,24.2664,92.6695,606,25.4,SOUTH,DISSECTED_HILLS,1.28
TR000090,Mizoram,Lunglei,22.9681,92.8779,1054,29.8,SOUTH_EAST,RIDGE_SLOPE,2.31
TR000091,Tripura,West Tripura,23.8361,91.3267,20,0.4,SOUTH,ROLLING_PLAINS,1.57
TR000092,Tripura,Sipahijala,23.5555,91.2551,75,1.5,NORTH_EAST,ROLLING_PLAINS,2.57
TR000093,Tripura,Dhalai,23.7735,91.8425,188,13.3,SOUTH_EAST,LOW_HILLS,1.65
TR000094,Arunachal Pradesh,Tawang,27.7019,91.8821,2931,45.5,SOUTH,HIGH_ALPINE,5.27
TR000095,Arunachal Pradesh,West Kameng,27.1877,92.4627,2140,40.0,EAST,STEEP_MOUNTAIN,4.81
TR000096,Arunachal Pradesh,Papum Pare,27.216,93.7001,288,16.9,SOUTH_WEST,DISSECTED_HILLS,1.57
TR000097,Arunachal Pradesh,East Siang,28.0714,95.1911,126,11.3,SOUTH_WEST,RIVER_VALLEY,0.23
TR000098,Arunachal Pradesh,Lower Subansiri,27.44,93.8194,1567,34.8,SOUTH,STEEP_MOUNTAIN,2.94
TR000099,Assam,Kamrup Metropolitan,26.2795,91.8536,73,2.8,SOUTH_WEST,PLAINS,1.13
TR000100,Assam,Kamrup Rural,26.163,91.6841,55,2.9,SOUTH_WEST,PLAINS,0.83
TR000101,Assam,Darrang,26.4444,91.9588,23,2.8,EAST,FLOOD_BASIN,0.23
TR000102,Assam,Sonitpur,26.7171,92.788,48,1.0,EAST,RIVER_VALLEY,0.3
TR000103,Assam,Dibrugarh,27.4085,94.8435,88,2.8,NORTH_EAST,FLOOD_BASIN,0.2
TR000104,Assam,Cachar,24.7285,92.7438,20,2.8,WEST,FLOOD_BASIN,0.05
TR000105,Assam,Nagaon,26.3175,92.6968,57,0.4,NORTH_WEST,PLAINS,0.99
TR000106,Meghalaya,East Khasi Hills,25.5456,91.9742,1519,28.1,EAST,PLATEAU_ESCARPMENT,2.52
TR000107,Meghalaya,West Khasi Hills,25.5327,91.2531,1340,27.3,EAST,PLATEAU_ESCARPMENT,2.04
TR000108,Meghalaya,Ri-Bhoi,26.006,92.016,543,16.7,SOUTH_EAST,DISSECTED_HILLS,1.73
TR000109,Meghalaya,West Jaintia Hills,25.54,92.3193,1332,24.6,SOUTH,DISSECTED_HILLS,1.13
TR000110,Sikkim,East Sikkim,27.1976,88.5573,1676,43.5,NORTH,VALLEY_GORGE,0.32
TR000111,Sikkim,North Sikkim,27.6022,88.6759,2469,48.7,EAST,HIGH_ALPINE,0.64
TR000112,Sikkim,South Sikkim,27.1976,88.3989,1250,36.9,NORTH_WEST,VALLEY_GORGE,0.24
TR000113,Nagaland,Kohima,25.6636,93.9737,1428,34.9,SOUTH_WEST,DISSECTED_HILLS,1.85
TR000114,Nagaland,Dimapur,25.8581,93.8414,170,5.1,NORTH_WEST,PLAINS,1.19
TR000115,Nagaland,Mokokchung,26.2507,94.3946,1262,32.2,SOUTH_EAST,DISSECTED_HILLS,1.88
TR000116,Manipur,Imphal West,24.9526,93.8541,733,3.6,WEST,RIVER_VALLEY,0.67
TR000117,Manipur,Bishnupur,24.7087,93.8994,735,5.2,SOUTH_EAST,RIVER_VALLEY,0.45
TR000118,Manipur,Senapati,25.1816,94.0021,1204,29.8,NORTH_WEST,DISSECTED_HILLS,1.29
TR000119,Mizoram,Aizawl,23.7869,92.7977,1091,33.5,SOUTH_WEST,RIDGE_SLOPE,2.38
TR000120,Mizoram,Kolasib,24.2855,92.7633,570,26.8,SOUTH_WEST,DISSECTED_HILLS,1.02
TR000121,Mizoram,Lunglei,22.7377,92.6836,1046,33.5,SOUTH_EAST,RIDGE_SLOPE,2.49
TR000122,Tripura,West Tripura,23.9639,91.1963,50,3.1,EAST,ROLLING_PLAINS,1.36
TR000123,Tripura,Sipahijala,23.5156,91.3937,80,3.9,SOUTH,ROLLING_PLAINS,3.07
TR000124,Tripura,Dhalai,23.9389,91.8698,85,11.2,WEST,LOW_HILLS,1.63
TR000125,Arunachal Pradesh,Tawang,27.5473,91.8612,2883,42.1,WEST,HIGH_ALPINE,5.22
TR000126,Arunachal Pradesh,West Kameng,27.2616,92.396,2186,38.7,WEST,STEEP_MOUNTAIN,4.79
TR000127,Arunachal Pradesh,Papum Pare,27.1626,93.5972,353,18.6,NORTH_WEST,DISSECTED_HILLS,1.37
TR000128,Arunachal Pradesh,East Siang,28.1008,95.4519,194,9.1,WEST,RIVER_VALLEY,0.43
TR000129,Arunachal Pradesh,Lower Subansiri,27.6193,93.7605,1609,31.1,NORTH_EAST,STEEP_MOUNTAIN,3.16
TR000130,Assam,Kamrup Metropolitan,26.0782,91.7214,91,1.0,SOUTH_EAST,PLAINS,0.95
TR000131,Assam,Kamrup Rural,26.1487,91.4206,106,0.4,WEST,PLAINS,0.67
TR000132,Assam,Darrang,26.4084,91.9585,27,3.0,NORTH_EAST,FLOOD_BASIN,0.51
TR000133,Assam,Sonitpur,26.5667,92.6456,42,0.4,NORTH_WEST,RIVER_VALLEY,0.72
TR000134,Assam,Dibrugarh,27.4694,94.9894,136,0.7,SOUTH_EAST,FLOOD_BASIN,0.61
TR000135,Assam,Cachar,24.8178,92.6341,20,0.4,WEST,FLOOD_BASIN,0.4
TR000136,Assam,Nagaon,26.2871,92.7085,64,1.3,WEST,PLAINS,0.67
TR000137,Meghalaya,East Khasi Hills,25.7278,91.9084,1475,31.5,SOUTH_WEST,PLATEAU_ESCARPMENT,2.13
TR000138,Meghalaya,West Khasi Hills,25.4354,91.1462,1244,27.1,SOUTH,PLATEAU_ESCARPMENT,2.03
TR000139,Meghalaya,Ri-Bhoi,26.0353,91.937,514,15.1,NORTH,DISSECTED_HILLS,1.56
TR000140,Meghalaya,West Jaintia Hills,25.5174,92.343,1337,26.5,SOUTH_EAST,DISSECTED_HILLS,1.49
TR000141,Sikkim,East Sikkim,27.4387,88.5454,1636,40.4,SOUTH_WEST,VALLEY_GORGE,0.05
TR000142,Sikkim,North Sikkim,27.5102,88.4823,2396,48.8,WEST,HIGH_ALPINE,0.5
TR000143,Sikkim,South Sikkim,27.0579,88.4605,1302,34.2,NORTH_WEST,VALLEY_GORGE,0.16
TR000144,Nagaland,Kohima,25.6104,94.1022,1423,34.2,SOUTH,DISSECTED_HILLS,1.58
TR000145,Nagaland,Dimapur,26.0391,93.7208,240,1.6,EAST,PLAINS,0.97
TR000146,Nagaland,Mokokchung,26.3481,94.5759,1279,29.2,NORTH_EAST,DISSECTED_HILLS,2.22
TR000147,Manipur,Imphal West,24.7582,94.085,740,2.5,EAST,RIVER_VALLEY,0.52
TR000148,Manipur,Bishnupur,24.6612,93.8,809,3.6,SOUTH_EAST,RIVER_VALLEY,0.34
TR000149,Manipur,Senapati,25.2428,94.118,1244,28.5,NORTH,DISSECTED_HILLS,1.55
TR000150,Mizoram,Aizawl,23.76,92.7896,1167,31.5,SOUTH,RIDGE_SLOPE,1.89
TR000151,Mizoram,Kolasib,24.2681,92.5771,572,24.8,SOUTH_EAST,DISSECTED_HILLS,1.05
TR000152,Mizoram,Lunglei,22.8526,92.7968,1020,30.5,NORTH_EAST,RIDGE_SLOPE,2.4
TR000153,Tripura,West Tripura,23.8936,91.3477,33,0.4,NORTH_EAST,ROLLING_PLAINS,1.1
TR000154,Tripura,Sipahijala,23.5644,91.3994,47,3.8,SOUTH_EAST,ROLLING_PLAINS,3.16
TR000155,Tripura,Dhalai,23.8275,91.8634,162,10.2,NORTH,LOW_HILLS,1.52
TR000156,Arunachal Pradesh,Tawang,27.4788,91.7273,2941,43.5,NORTH_EAST,HIGH_ALPINE,5.44
TR000157,Arunachal Pradesh,West Kameng,27.2853,92.3525,2155,37.8,EAST,STEEP_MOUNTAIN,4.45
TR000158,Arunachal Pradesh,Papum Pare,27.0712,93.5483,329,18.5,NORTH_EAST,DISSECTED_HILLS,1.0
TR000159,Arunachal Pradesh,East Siang,27.928,95.3056,136,9.7,SOUTH_WEST,RIVER_VALLEY,0.17
TR000160,Arunachal Pradesh,Lower Subansiri,27.4687,93.8823,1610,32.8,SOUTH_WEST,STEEP_MOUNTAIN,3.17
TR000161,Assam,Kamrup Metropolitan,26.2944,91.7879,29,1.6,NORTH,PLAINS,1.05
TR000162,Assam,Kamrup Rural,26.0876,91.5677,54,3.0,NORTH,PLAINS,0.47
TR000163,Assam,Darrang,26.4776,92.0714,54,3.4,NORTH_EAST,FLOOD_BASIN,0.36
TR000164,Assam,Sonitpur,26.6063,92.7389,31,3.9,NORTH_WEST,RIVER_VALLEY,0.46
TR000165,Assam,Dibrugarh,27.5309,94.8485,168,0.4,EAST,FLOOD_BASIN,0.64
TR000166,Assam,Cachar,24.6943,92.6553,20,0.9,EAST,FLOOD_BASIN,0.58
TR000167,Assam,Nagaon,26.3165,92.6884,20,1.8,SOUTH_WEST,PLAINS,0.8
TR000168,Meghalaya,East Khasi Hills,25.5528,91.7996,1476,31.1,WEST,PLATEAU_ESCARPMENT,2.27
TR000169,Meghalaya,West Khasi Hills,25.4926,91.1255,1254,28.2,WEST,PLATEAU_ESCARPMENT,2.15
TR000170,Meghalaya,Ri-Bhoi,25.8814,91.9395,505,14.1,SOUTH,DISSECTED_HILLS,1.66
TR000171,Meghalaya,West Jaintia Hills,25.5398,92.2629,1309,26.3,NORTH_EAST,DISSECTED_HILLS,1.21
TR000172,Sikkim,East Sikkim,27.2169,88.7542,1706,40.1,NORTH_WEST,VALLEY_GORGE,0.47
TR000173,Sikkim,North Sikkim,27.5443,88.4462,2509,49.6,SOUTH,HIGH_ALPINE,0.38
TR000174,Sikkim,South Sikkim,27.102,88.4504,1300,34.9,EAST,VALLEY_GORGE,0.51
TR000175,Nagaland,Kohima,25.6402,94.2352,1445,37.0,SOUTH,DISSECTED_HILLS,1.64
TR000176,Nagaland,Dimapur,25.7777,93.8093,244,3.4,NORTH,PLAINS,1.26
TR000177,Nagaland,Mokokchung,26.3273,94.6162,1296,32.1,WEST,DISSECTED_HILLS,2.39
TR000178,Manipur,Imphal West,24.841,93.9848,835,0.4,SOUTH,RIVER_VALLEY,0.6
TR000179,Manipur,Bishnupur,24.5859,93.7801,779,2.9,NORTH,RIVER_VALLEY,0.66
TR000180,Manipur,Senapati,25.3709,94.1542,1220,29.9,WEST,DISSECTED_HILLS,1.3
TR000181,Mizoram,Aizawl,23.8098,92.5807,1165,32.9,SOUTH_WEST,RIDGE_SLOPE,2.34
TR000182,Mizoram,Kolasib,24.1844,92.8265,651,26.1,NORTH,DISSECTED_HILLS,1.59
TR000183,Mizoram,Lunglei,22.8786,92.6011,1024,33.8,WEST,RIDGE_SLOPE,2.47
TR000184,Tripura,West Tripura,23.7116,91.3903,20,2.2,SOUTH,ROLLING_PLAINS,1.25
TR000185,Tripura,Sipahijala,23.7017,91.285,55,5.3,SOUTH_EAST,ROLLING_PLAINS,2.6
TR000186,Tripura,Dhalai,23.9345,91.7795,159,13.0,SOUTH,LOW_HILLS,1.77
TR000187,Arunachal Pradesh,Tawang,27.6916,91.9651,2949,44.7,SOUTH_WEST,HIGH_ALPINE,5.57
TR000188,Arunachal Pradesh,West Kameng,27.3025,92.5321,2202,39.9,NORTH_WEST,STEEP_MOUNTAIN,4.27
TR000189,Arunachal Pradesh,Papum Pare,26.9709,93.6559,377,17.4,SOUTH_WEST,DISSECTED_HILLS,1.1
TR000190,Arunachal Pradesh,East Siang,27.9431,95.4695,192,9.9,EAST,RIVER_VALLEY,0.72
TR000191,Arunachal Pradesh,Lower Subansiri,27.5331,93.8882,1615,30.0,SOUTH_EAST,STEEP_MOUNTAIN,2.76
TR000192,Assam,Kamrup Metropolitan,26.0113,91.6937,50,0.4,EAST,PLAINS,0.9
TR000193,Assam,Kamrup Rural,26.2048,91.6498,20,0.4,SOUTH,PLAINS,0.75
TR000194,Assam,Darrang,26.4168,92.0859,55,3.2,NORTH_WEST,FLOOD_BASIN,0.14
TR000195,Assam,Sonitpur,26.6221,92.7188,50,2.9,NORTH_EAST,RIVER_VALLEY,0.83
TR000196,Assam,Dibrugarh,27.4624,94.8483,117,0.4,NORTH_EAST,FLOOD_BASIN,0.44
TR000197,Assam,Cachar,24.787,92.8052,46,4.1,SOUTH,FLOOD_BASIN,0.4
TR000198,Assam,Nagaon,26.3323,92.6246,53,2.8,WEST,PLAINS,0.52
TR000199,Meghalaya,East Khasi Hills,25.5432,91.851,1467,33.0,EAST,PLATEAU_ESCARPMENT,2.14
TR000200,Meghalaya,West Khasi Hills,25.6534,91.3075,1255,25.5,NORTH_WEST,PLATEAU_ESCARPMENT,2.11
TR000201,Meghalaya,Ri-Bhoi,25.9835,92.0221,606,17.0,NORTH_WEST,DISSECTED_HILLS,1.57
TR000202,Meghalaya,West Jaintia Hills,25.5712,92.1359,1372,24.7,EAST,DISSECTED_HILLS,1.37
TR000203,Sikkim,East Sikkim,27.2546,88.5135,1622,42.9,NORTH,VALLEY_GORGE,0.32
TR000204,Sikkim,North Sikkim,27.5478,88.6515,2470,46.5,NORTH,HIGH_ALPINE,0.46
TR000205,Sikkim,South Sikkim,27.0318,88.4366,1244,36.6,NORTH_WEST,VALLEY_GORGE,0.63
TR000206,Nagaland,Kohima,25.5521,94.0471,1475,35.4,SOUTH,DISSECTED_HILLS,1.68
TR000207,Nagaland,Dimapur,25.9928,93.8404,181,4.0,SOUTH_EAST,PLAINS,1.24
TR000208,Nagaland,Mokokchung,26.4241,94.4471,1365,33.2,SOUTH_WEST,DISSECTED_HILLS,2.48
TR000209,Manipur,Imphal West,24.7555,94.0479,827,0.4,SOUTH_WEST,RIVER_VALLEY,0.88
TR000210,Manipur,Bishnupur,24.5246,93.9045,820,4.4,SOUTH_EAST,RIVER_VALLEY,0.49
TR000211,Manipur,Senapati,25.2292,94.1137,1261,28.8,NORTH_EAST,DISSECTED_HILLS,1.66
TR000212,Mizoram,Aizawl,23.5813,92.7286,1128,32.3,NORTH,RIDGE_SLOPE,2.24
TR000213,Mizoram,Kolasib,24.1486,92.6443,631,26.7,WEST,DISSECTED_HILLS,1.02
TR000214,Mizoram,Lunglei,22.8001,92.5975,1073,33.7,WEST,RIDGE_SLOPE,2.46
TR000215,Tripura,West Tripura,23.8645,91.3311,56,3.7,WEST,ROLLING_PLAINS,1.54
TR000216,Tripura,Sipahijala,23.5757,91.2845,20,0.7,NORTH_EAST,ROLLING_PLAINS,2.57
TR000217,Tripura,Dhalai,23.9988,91.7348,110,13.9,EAST,LOW_HILLS,1.44
TR000218,Arunachal Pradesh,Tawang,27.5722,91.9105,2935,45.5,NORTH_EAST,HIGH_ALPINE,5.3
TR000219,Arunachal Pradesh,West Kameng,27.2907,92.4839,2253,37.6,WEST,STEEP_MOUNTAIN,4.31
TR000220,Arunachal Pradesh,Papum Pare,27.0972,93.589,295,16.2,SOUTH,DISSECTED_HILLS,1.19
TR000221,Arunachal Pradesh,East Siang,28.049,95.4612,204,8.5,NORTH_EAST,RIVER_VALLEY,0.79
TR000222,Arunachal Pradesh,Lower Subansiri,27.5102,93.9505,1582,31.7,SOUTH_EAST,STEEP_MOUNTAIN,2.81
TR000223,Assam,Kamrup Metropolitan,26.0514,91.6228,103,2.8,EAST,PLAINS,0.61
TR000224,Assam,Kamrup Rural,26.0986,91.6038,20,0.4,NORTH,PLAINS,0.57
TR000225,Assam,Darrang,26.5986,92.1171,20,0.4,WEST,FLOOD_BASIN,0.55
TR000226,Assam,Sonitpur,26.5459,92.7074,129,0.8,SOUTH_EAST,RIVER_VALLEY,0.75
TR000227,Assam,Dibrugarh,27.5594,94.9408,83,2.6,SOUTH_WEST,FLOOD_BASIN,0.24
TR000228,Assam,Cachar,24.7223,92.7041,20,0.4,NORTH_WEST,FLOOD_BASIN,0.51
TR000229,Assam,Nagaon,26.2347,92.6415,104,0.4,EAST,PLAINS,0.66
TR000230,Meghalaya,East Khasi Hills,25.4811,91.759,1524,30.1,NORTH_EAST,PLATEAU_ESCARPMENT,2.02
TR000231,Meghalaya,West Khasi Hills,25.3791,91.2445,1266,28.1,EAST,PLATEAU_ESCARPMENT,1.62
TR000232,Meghalaya,Ri-Bhoi,25.9012,92.0136,495,17.6,SOUTH_WEST,DISSECTED_HILLS,1.84
TR000233,Meghalaya,West Jaintia Hills,25.4977,92.1405,1352,28.3,NORTH_EAST,DISSECTED_HILLS,0.89
TR000234,Sikkim,East Sikkim,27.3326,88.577,1677,40.0,WEST,VALLEY_GORGE,0.31
TR000235,Sikkim,North Sikkim,27.4831,88.6698,2431,49.0,NORTH,HIGH_ALPINE,0.09
TR000236,Sikkim,South Sikkim,27.1025,88.3899,1310,37.3,SOUTH_EAST,VALLEY_GORGE,0.4
TR000237,Nagaland,Kohima,25.7043,94.0471,1444,36.3,NORTH,DISSECTED_HILLS,1.61
TR000238,Nagaland,Dimapur,25.9673,93.8333,218,5.7,SOUTH_WEST,PLAINS,1.01
TR000239,Nagaland,Mokokchung,26.4346,94.499,1373,29.6,EAST,DISSECTED_HILLS,2.07
TR000240,Manipur,Imphal West,24.803,93.9116,737,1.3,NORTH_EAST,RIVER_VALLEY,0.45
TR000241,Manipur,Bishnupur,24.5589,93.9006,797,5.6,SOUTH_WEST,RIVER_VALLEY,0.09
TR000242,Manipur,Senapati,25.3595,93.888,1202,30.7,EAST,DISSECTED_HILLS,1.39
TR000243,Mizoram,Aizawl,23.6161,92.5856,1141,33.3,SOUTH_WEST,RIDGE_SLOPE,2.19
TR000244,Mizoram,Kolasib,24.1932,92.7921,670,25.8,NORTH_WEST,DISSECTED_HILLS,1.51
TR000245,Mizoram,Lunglei,22.9463,92.8805,1036,30.6,SOUTH,RIDGE_SLOPE,2.32
TR000246,Tripura,West Tripura,23.8337,91.1832,36,0.7,NORTH_EAST,ROLLING_PLAINS,1.02
TR000247,Tripura,Sipahijala,23.7386,91.2723,69,1.9,EAST,ROLLING_PLAINS,2.7
TR000248,Tripura,Dhalai,23.8287,91.8683,178,13.6,EAST,LOW_HILLS,1.75
TR000249,Arunachal Pradesh,Tawang,27.6289,91.7173,2958,45.3,NORTH_EAST,HIGH_ALPINE,5.4
TR000250,Arunachal Pradesh,West Kameng,27.1232,92.3479,2237,37.0,SOUTH_WEST,STEEP_MOUNTAIN,4.47
TR000251,Arunachal Pradesh,Papum Pare,26.9522,93.7276,332,19.3,SOUTH_EAST,DISSECTED_HILLS,1.0
TR000252,Arunachal Pradesh,East Siang,28.1383,95.4675,106,10.4,SOUTH,RIVER_VALLEY,0.29
TR000253,Arunachal Pradesh,Lower Subansiri,27.5259,93.7823,1547,31.5,WEST,STEEP_MOUNTAIN,2.76
TR000254,Assam,Kamrup Metropolitan,26.2769,91.7651,108,0.4,NORTH_EAST,PLAINS,0.65
TR000255,Assam,Kamrup Rural,26.2204,91.6142,32,0.6,NORTH_EAST,PLAINS,0.63
TR000256,Assam,Darrang,26.4841,92.0053,20,2.4,NORTH_WEST,FLOOD_BASIN,0.12
TR000257,Assam,Sonitpur,26.6128,92.7276,104,2.6,NORTH_WEST,RIVER_VALLEY,0.59
TR000258,Assam,Dibrugarh,27.4153,94.8282,124,0.4,SOUTH_WEST,FLOOD_BASIN,0.28
TR000259,Assam,Cachar,24.9669,92.8591,62,0.6,EAST,FLOOD_BASIN,0.16
TR000260,Assam,Nagaon,26.1975,92.7581,26,0.4,NORTH_WEST,PLAINS,0.8
TR000261,Meghalaya,East Khasi Hills,25.4978,91.9109,1515,32.0,SOUTH_EAST,PLATEAU_ESCARPMENT,2.0
TR000262,Meghalaya,West Khasi Hills,25.6185,91.1227,1222,27.8,SOUTH_WEST,PLATEAU_ESCARPMENT,1.6
TR000263,Meghalaya,Ri-Bhoi,25.8439,91.8588,541,17.5,WEST,DISSECTED_HILLS,1.52
TR000264,Meghalaya,West Jaintia Hills,25.3346,92.0563,1311,24.4,EAST,DISSECTED_HILLS,1.47
TR000265,Sikkim,East Sikkim,27.3269,88.6634,1636,39.9,SOUTH_EAST,VALLEY_GORGE,0.4
TR000266,Sikkim,North Sikkim,27.423,88.5767,2457,46.4,EAST,HIGH_ALPINE,0.62
TR000267,Sikkim,South Sikkim,27.2437,88.2665,1339,34.5,WEST,VALLEY_GORGE,0.48
TR000268,Nagaland,Kohima,25.5593,94.1116,1495,37.2,NORTH_EAST,DISSECTED_HILLS,1.78
TR000269,Nagaland,Dimapur,26.0443,93.7711,153,2.5,NORTH,PLAINS,0.75
TR000270,Nagaland,Mokokchung,26.2342,94.5507,1357,32.3,NORTH,DISSECTED_HILLS,1.9
TR000271,Manipur,Imphal West,24.9524,93.9752,784,3.5,EAST,RIVER_VALLEY,0.74
TR000272,Manipur,Bishnupur,24.6171,93.8917,782,4.2,NORTH_WEST,RIVER_VALLEY,0.69
TR000273,Manipur,Senapati,25.207,94.1513,1230,27.8,NORTH,DISSECTED_HILLS,1.19
TR000274,Mizoram,Aizawl,23.7098,92.6584,1105,33.5,SOUTH_EAST,RIDGE_SLOPE,1.98
TR000275,Mizoram,Kolasib,24.0923,92.6685,554,22.3,NORTH_EAST,DISSECTED_HILLS,1.49
TR000276,Mizoram,Lunglei,22.753,92.8493,1069,29.5,SOUTH,RIDGE_SLOPE,2.64
TR000277,Tripura,West Tripura,23.7968,91.3109,76,3.3,SOUTH,ROLLING_PLAINS,0.98
TR000278,Tripura,Sipahijala,23.7577,91.3335,20,2.1,EAST,ROLLING_PLAINS,2.86
TR000279,Tripura,Dhalai,23.7453,91.7186,93,13.6,SOUTH_WEST,LOW_HILLS,1.89
TR000280,Arunachal Pradesh,Tawang,27.7308,91.7347,2922,42.9,NORTH_EAST,HIGH_ALPINE,5.11
TR000281,Arunachal Pradesh,West Kameng,27.2458,92.3977,2206,38.5,NORTH,STEEP_MOUNTAIN,4.49
TR000282,Arunachal Pradesh,Papum Pare,27.2258,93.5828,359,17.7,NORTH_EAST,DISSECTED_HILLS,1.34
TR000283,Arunachal Pradesh,East Siang,28.1528,95.3702,103,8.3,NORTH_EAST,RIVER_VALLEY,0.51
TR000284,Arunachal Pradesh,Lower Subansiri,27.516,93.7556,1609,33.2,NORTH,STEEP_MOUNTAIN,3.14
TR000285,Assam,Kamrup Metropolitan,26.2565,91.6862,69,2.0,NORTH,PLAINS,1.15
TR000286,Assam,Kamrup Rural,26.1281,91.6088,82,0.4,NORTH,PLAINS,0.74
TR000287,Assam,Darrang,26.5834,91.9739,40,1.8,SOUTH_WEST,FLOOD_BASIN,0.26
TR000288,Assam,Sonitpur,26.5221,92.8534,112,4.6,SOUTH_EAST,RIVER_VALLEY,0.84
TR000289,Assam,Dibrugarh,27.3508,94.9631,113,0.4,NORTH_WEST,FLOOD_BASIN,0.39
TR000290,Assam,Cachar,24.7374,92.6932,63,1.7,NORTH,FLOOD_BASIN,0.1
TR000291,Assam,Nagaon,26.2365,92.5571,112,2.4,WEST,PLAINS,0.78
TR000292,Meghalaya,East Khasi Hills,25.5907,91.9649,1497,28.2,NORTH_EAST,PLATEAU_ESCARPMENT,2.17
TR000293,Meghalaya,West Khasi Hills,25.5899,91.1493,1268,26.3,NORTH_WEST,PLATEAU_ESCARPMENT,1.67
TR000294,Meghalaya,Ri-Bhoi,25.9579,91.9174,605,14.8,EAST,DISSECTED_HILLS,1.53
TR000295,Meghalaya,West Jaintia Hills,25.4233,92.2529,1300,28.3,EAST,DISSECTED_HILLS,1.25
TR000296,Sikkim,East Sikkim,27.4146,88.6916,1619,42.2,SOUTH_EAST,VALLEY_GORGE,0.05
TR000297,Sikkim,North Sikkim,27.5926,88.5407,2496,47.0,EAST,HIGH_ALPINE,0.49
TR000298,Sikkim,South Sikkim,27.1911,88.3322,1338,35.1,EAST,VALLEY_GORGE,0.4
TR000299,Nagaland,Kohima,25.6833,94.2485,1484,34.3,SOUTH_EAST,DISSECTED_HILLS,1.94
TR000300,Nagaland,Dimapur,26.0187,93.5932,196,5.7,NORTH_WEST,PLAINS,1.01
TR000301,Nagaland,Mokokchung,26.2058,94.6238,1368,29.1,SOUTH,DISSECTED_HILLS,1.9
TR000302,Manipur,Imphal West,24.7151,93.9216,790,0.4,WEST,RIVER_VALLEY,0.53
TR000303,Manipur,Bishnupur,24.7663,93.6811,767,5.4,NORTH_EAST,RIVER_VALLEY,0.65
TR000304,Manipur,Senapati,25.2345,93.9789,1237,28.2,EAST,DISSECTED_HILLS,1.8
TR000305,Mizoram,Aizawl,23.6896,92.5761,1189,31.0,EAST,RIDGE_SLOPE,2.21
TR000306,Mizoram,Kolasib,24.1706,92.5738,554,23.4,NORTH,DISSECTED_HILLS,1.49
TR000307,Mizoram,Lunglei,22.9388,92.6316,1050,31.3,NORTH_WEST,RIDGE_SLOPE,2.65
TR000308,Tripura,West Tripura,23.9533,91.1425,20,3.8,NORTH,ROLLING_PLAINS,1.31
TR000309,Tripura,Sipahijala,23.7032,91.3203,20,4.4,NORTH_WEST,ROLLING_PLAINS,2.7
TR000310,Tripura,Dhalai,23.7366,91.7715,161,13.5,SOUTH_EAST,LOW_HILLS,1.65
TR000311,Arunachal Pradesh,Tawang,27.4694,91.9809,2916,44.7,NORTH_EAST,HIGH_ALPINE,5.36
TR000312,Arunachal Pradesh,West Kameng,27.287,92.4815,2177,37.6,NORTH_WEST,STEEP_MOUNTAIN,4.65
TR000313,Arunachal Pradesh,Papum Pare,27.0226,93.5916,345,19.3,NORTH_EAST,DISSECTED_HILLS,1.29
TR000314,Arunachal Pradesh,East Siang,28.0242,95.462,164,9.2,NORTH_WEST,RIVER_VALLEY,0.79
TR000315,Arunachal Pradesh,Lower Subansiri,27.5662,93.7971,1560,30.1,SOUTH_WEST,STEEP_MOUNTAIN,2.8
TR000316,Assam,Kamrup Metropolitan,26.1065,91.8104,40,2.6,NORTH_WEST,PLAINS,0.77
TR000317,Assam,Kamrup Rural,26.2549,91.6005,96,1.3,WEST,PLAINS,0.84
TR000318,Assam,Darrang,26.342,91.9867,35,2.7,EAST,FLOOD_BASIN,0.16
TR000319,Assam,Sonitpur,26.7175,92.782,107,2.0,SOUTH_EAST,RIVER_VALLEY,0.37
TR000320,Assam,Dibrugarh,27.3633,94.9768,168,0.6,NORTH_WEST,FLOOD_BASIN,0.34
TR000321,Assam,Cachar,24.6964,92.6887,20,0.9,WEST,FLOOD_BASIN,0.15
TR000322,Assam,Nagaon,26.3147,92.7786,64,0.4,NORTH_WEST,PLAINS,0.94
TR000323,Meghalaya,East Khasi Hills,25.4861,91.8504,1529,28.2,SOUTH_WEST,PLATEAU_ESCARPMENT,2.38
TR000324,Meghalaya,West Khasi Hills,25.442,91.3498,1275,29.9,WEST,PLATEAU_ESCARPMENT,2.03
TR000325,Meghalaya,Ri-Bhoi,26.0184,91.846,513,16.5,WEST,DISSECTED_HILLS,1.57
TR000326,Meghalaya,West Jaintia Hills,25.5773,92.2058,1372,23.9,SOUTH_EAST,DISSECTED_HILLS,1.13
TR000327,Sikkim,East Sikkim,27.3181,88.755,1613,42.2,NORTH_WEST,VALLEY_GORGE,0.06
TR000328,Sikkim,North Sikkim,27.374,88.5983,2429,48.2,WEST,HIGH_ALPINE,0.52
TR000329,Sikkim,South Sikkim,27.07,88.3332,1297,33.9,SOUTH_EAST,VALLEY_GORGE,0.72
TR000330,Nagaland,Kohima,25.6309,94.258,1415,36.5,NORTH_WEST,DISSECTED_HILLS,2.06
TR000331,Nagaland,Dimapur,25.774,93.7789,186,3.1,SOUTH_EAST,PLAINS,1.17
TR000332,Nagaland,Mokokchung,26.3788,94.6558,1278,32.7,SOUTH_EAST,DISSECTED_HILLS,2.29
TR000333,Manipur,Imphal West,24.7985,93.8247,755,3.6,SOUTH_WEST,RIVER_VALLEY,0.49
TR000334,Manipur,Bishnupur,24.5973,93.7847,787,1.8,SOUTH,RIVER_VALLEY,0.34
TR000335,Manipur,Senapati,25.2213,93.9932,1199,29.9,NORTH_WEST,DISSECTED_HILLS,1.49
TR000336,Mizoram,Aizawl,23.6965,92.7625,1101,35.3,EAST,RIDGE_SLOPE,1.77
TR000337,Mizoram,Kolasib,24.1258,92.6853,666,24.8,SOUTH,DISSECTED_HILLS,1.12
TR000338,Mizoram,Lunglei,22.8081,92.7239,1038,30.4,NORTH,RIDGE_SLOPE,2.85
TR000339,Tripura,West Tripura,23.8289,91.1736,84,0.4,NORTH_EAST,ROLLING_PLAINS,1.06
TR000340,Tripura,Sipahijala,23.699,91.4612,75,3.9,NORTH_EAST,ROLLING_PLAINS,3.1
TR000341,Tripura,Dhalai,23.7959,91.8042,88,12.2,SOUTH_WEST,LOW_HILLS,1.54
TR000342,Arunachal Pradesh,Tawang,27.5261,91.7567,2930,46.6,NORTH_EAST,HIGH_ALPINE,5.36
TR000343,Arunachal Pradesh,West Kameng,27.3526,92.4185,2155,40.4,NORTH,STEEP_MOUNTAIN,4.76
TR000344,Arunachal Pradesh,Papum Pare,27.0214,93.6148,306,18.8,SOUTH_WEST,DISSECTED_HILLS,1.19
TR000345,Arunachal Pradesh,East Siang,28.1571,95.3415,173,11.1,WEST,RIVER_VALLEY,0.19
TR000346,Arunachal Pradesh,Lower Subansiri,27.5194,93.8951,1561,32.5,WEST,STEEP_MOUNTAIN,3.05
TR000347,Assam,Kamrup Metropolitan,26.2415,91.6083,35,1.9,NORTH_EAST,PLAINS,0.84
TR000348,Assam,Kamrup Rural,26.239,91.5154,110,2.5,SOUTH_WEST,PLAINS,0.71
TR000349,Assam,Darrang,26.4783,92.1113,20,0.8,SOUTH_WEST,FLOOD_BASIN,0.64
TR000350,Assam,Sonitpur,26.5004,92.6798,37,1.1,SOUTH_WEST,RIVER_VALLEY,0.36
TR000351,Assam,Dibrugarh,27.6032,94.8296,168,0.9,SOUTH_EAST,FLOOD_BASIN,0.33
TR000352,Assam,Cachar,24.707,92.6878,35,0.7,SOUTH_WEST,FLOOD_BASIN,0.36
TR000353,Assam,Nagaon,26.3795,92.562,86,0.4,NORTH_EAST,PLAINS,1.06
TR000354,Meghalaya,East Khasi Hills,25.4751,91.9409,1522,32.5,SOUTH_EAST,PLATEAU_ESCARPMENT,2.17
TR000355,Meghalaya,West Khasi Hills,25.6372,91.1224,1330,25.6,SOUTH_WEST,PLATEAU_ESCARPMENT,1.58
TR000356,Meghalaya,Ri-Bhoi,25.9424,91.903,573,15.1,EAST,DISSECTED_HILLS,1.62
TR000357,Meghalaya,West Jaintia Hills,25.4854,92.0591,1383,26.6,NORTH,DISSECTED_HILLS,1.04
TR000358,Sikkim,East Sikkim,27.4759,88.6014,1693,43.5,NORTH_WEST,VALLEY_GORGE,0.11
TR000359,Sikkim,North Sikkim,27.4861,88.6066,2410,48.2,WEST,HIGH_ALPINE,0.36
TR000360,Sikkim,South Sikkim,27.0812,88.382,1280,38.0,WEST,VALLEY_GORGE,0.36
TR000361,Nagaland,Kohima,25.8215,94.0622,1431,34.0,NORTH_WEST,DISSECTED_HILLS,1.79
TR000362,Nagaland,Dimapur,25.9253,93.6732,194,1.9,WEST,PLAINS,0.94
TR000363,Nagaland,Mokokchung,26.2173,94.3852,1309,32.8,SOUTH,DISSECTED_HILLS,2.12
TR000364,Manipur,Imphal West,24.9558,94.0575,829,1.3,EAST,RIVER_VALLEY,0.63
TR000365,Manipur,Bishnupur,24.5762,93.8434,773,6.0,NORTH_WEST,RIVER_VALLEY,0.35
TR000366,Manipur,Senapati,25.3737,94.0092,1201,31.7,SOUTH_WEST,DISSECTED_HILLS,1.48
TR000367,Mizoram,Aizawl,23.8671,92.6321,1115,30.7,SOUTH,RIDGE_SLOPE,1.93
TR000368,Mizoram,Kolasib,24.2493,92.7829,636,24.4,WEST,DISSECTED_HILLS,1.3
TR000369,Mizoram,Lunglei,22.9842,92.7193,1072,30.3,WEST,RIDGE_SLOPE,2.49
TR000370,Tripura,West Tripura,23.8025,91.1504,20,2.5,EAST,ROLLING_PLAINS,1.08
TR000371,Tripura,Sipahijala,23.651,91.1841,36,2.8,SOUTH_EAST,ROLLING_PLAINS,2.91
TR000372,Tripura,Dhalai,23.9476,91.887,158,10.1,SOUTH,LOW_HILLS,1.98
TR000373,Arunachal Pradesh,Tawang,27.5543,91.9479,2883,44.8,SOUTH,HIGH_ALPINE,5.19
TR000374,Arunachal Pradesh,West Kameng,27.1578,92.4466,2191,38.0,WEST,STEEP_MOUNTAIN,4.28
TR000375,Arunachal Pradesh,Papum Pare,26.9915,93.5665,320,18.6,EAST,DISSECTED_HILLS,1.05
TR000376,Arunachal Pradesh,East Siang,28.1839,95.2179,214,9.8,EAST,RIVER_VALLEY,0.26
TR000377,Arunachal Pradesh,Lower Subansiri,27.6972,93.9018,1538,32.9,NORTH_WEST,STEEP_MOUNTAIN,2.88
TR000378,Assam,Kamrup Metropolitan,26.1474,91.7332,67,0.4,NORTH_WEST,PLAINS,1.08
TR000379,Assam,Kamrup Rural,26.1455,91.6141,51,1.3,WEST,PLAINS,0.87
TR000380,Assam,Darrang,26.5196,92.0874,20,1.6,NORTH_EAST,FLOOD_BASIN,0.22
TR000381,Assam,Sonitpur,26.6805,92.9342,92,2.5,NORTH_WEST,RIVER_VALLEY,0.72
TR000382,Assam,Dibrugarh,27.4979,94.8132,128,1.9,NORTH,FLOOD_BASIN,0.65
TR000383,Assam,Cachar,24.7974,92.8754,20,0.4,SOUTH_WEST,FLOOD_BASIN,0.57
TR000384,Assam,Nagaon,26.2282,92.5397,44,0.6,NORTH_WEST,PLAINS,0.72
TR000385,Meghalaya,East Khasi Hills,25.49,91.8938,1508,32.6,NORTH,PLATEAU_ESCARPMENT,2.52
TR000386,Meghalaya,West Khasi Hills,25.5808,91.1287,1237,28.1,NORTH_EAST,PLATEAU_ESCARPMENT,1.91
TR000387,Meghalaya,Ri-Bhoi,26.0494,91.8735,538,15.6,NORTH,DISSECTED_HILLS,1.36
TR000388,Meghalaya,West Jaintia Hills,25.5736,92.1527,1315,26.9,NORTH_EAST,DISSECTED_HILLS,1.41
TR000389,Sikkim,East Sikkim,27.3931,88.6976,1623,42.6,SOUTH_EAST,VALLEY_GORGE,0.05
TR000390,Sikkim,North Sikkim,27.424,88.5674,2418,50.7,SOUTH,HIGH_ALPINE,0.69
TR000391,Sikkim,South Sikkim,27.2514,88.4115,1328,37.2,SOUTH_EAST,VALLEY_GORGE,0.36
TR000392,Nagaland,Kohima,25.6297,94.2387,1481,36.9,SOUTH,DISSECTED_HILLS,1.74
TR000393,Nagaland,Dimapur,25.9288,93.7405,249,6.2,EAST,PLAINS,1.18
TR000394,Nagaland,Mokokchung,26.4614,94.6114,1297,28.7,WEST,DISSECTED_HILLS,2.47
TR000395,Manipur,Imphal West,24.6907,94.064,808,1.0,WEST,RIVER_VALLEY,0.56
TR000396,Manipur,Bishnupur,24.543,93.7761,829,3.8,SOUTH,RIVER_VALLEY,0.23
TR000397,Manipur,Senapati,25.1428,94.0823,1220,28.2,SOUTH_EAST,DISSECTED_HILLS,1.59
TR000398,Mizoram,Aizawl,23.7364,92.759,1076,31.0,NORTH_EAST,RIDGE_SLOPE,1.96
TR000399,Mizoram,Kolasib,24.2117,92.7344,567,22.0,EAST,DISSECTED_HILLS,1.31
TR000400,Mizoram,Lunglei,23.0087,92.7121,1079,33.4,NORTH_EAST,RIDGE_SLOPE,2.56
TR000401,Tripura,West Tripura,23.8767,91.3636,20,1.2,SOUTH_WEST,ROLLING_PLAINS,1.37
TR000402,Tripura,Sipahijala,23.7574,91.1888,45,1.7,NORTH_EAST,ROLLING_PLAINS,3.03
TR000403,Tripura,Dhalai,23.9551,91.7112,197,10.4,EAST,LOW_HILLS,1.92
TR000404,Arunachal Pradesh,Tawang,27.4888,91.9853,2947,44.0,NORTH_EAST,HIGH_ALPINE,5.27
TR000405,Arunachal Pradesh,West Kameng,27.3955,92.5545,2258,36.9,WEST,STEEP_MOUNTAIN,4.27
TR000406,Arunachal Pradesh,Papum Pare,27.0399,93.6474,378,20.9,SOUTH,DISSECTED_HILLS,1.13
TR000407,Arunachal Pradesh,East Siang,28.2127,95.339,158,11.1,EAST,RIVER_VALLEY,0.24
TR000408,Arunachal Pradesh,Lower Subansiri,27.5513,93.7619,1603,30.5,NORTH,STEEP_MOUNTAIN,2.66
TR000409,Assam,Kamrup Metropolitan,26.1322,91.6634,20,0.4,NORTH,PLAINS,0.77
TR000410,Assam,Kamrup Rural,26.1235,91.6143,22,0.4,NORTH,PLAINS,0.91
TR000411,Assam,Darrang,26.5711,92.1291,57,0.4,NORTH,FLOOD_BASIN,0.31
TR000412,Assam,Sonitpur,26.5124,92.9371,79,1.2,NORTH_WEST,RIVER_VALLEY,0.41
TR000413,Assam,Dibrugarh,27.401,94.8327,144,0.4,WEST,FLOOD_BASIN,0.36
TR000414,Assam,Cachar,24.858,92.8008,20,2.6,NORTH_WEST,FLOOD_BASIN,0.4
TR000415,Assam,Nagaon,26.2138,92.5695,43,0.4,EAST,PLAINS,0.9
TR000416,Meghalaya,East Khasi Hills,25.7057,92.0096,1528,29.6,NORTH,PLATEAU_ESCARPMENT,2.03
TR000417,Meghalaya,West Khasi Hills,25.6348,91.1985,1298,26.6,SOUTH_WEST,PLATEAU_ESCARPMENT,2.17
TR000418,Meghalaya,Ri-Bhoi,25.8935,91.8665,567,15.9,NORTH_WEST,DISSECTED_HILLS,1.71
TR000419,Meghalaya,West Jaintia Hills,25.5738,92.2772,1372,26.8,NORTH_EAST,DISSECTED_HILLS,0.99
TR000420,Sikkim,East Sikkim,27.2631,88.6829,1701,43.4,NORTH,VALLEY_GORGE,0.19
TR000421,Sikkim,North Sikkim,27.5085,88.5085,2507,48.8,NORTH_EAST,HIGH_ALPINE,0.09
TR000422,Sikkim,South Sikkim,27.1843,88.3516,1313,36.4,NORTH,VALLEY_GORGE,0.26
TR000423,Nagaland,Kohima,25.7814,94.0912,1467,34.3,SOUTH_EAST,DISSECTED_HILLS,1.93
TR000424,Nagaland,Dimapur,25.7841,93.7306,238,1.6,SOUTH_WEST,PLAINS,0.74
TR000425,Nagaland,Mokokchung,26.2996,94.5392,1331,30.8,SOUTH_EAST,DISSECTED_HILLS,2.37
TR000426,Manipur,Imphal West,24.884,93.9056,829,0.4,NORTH,RIVER_VALLEY,0.39
TR000427,Manipur,Bishnupur,24.5043,93.7416,799,1.3,SOUTH,RIVER_VALLEY,0.7
TR000428,Manipur,Senapati,25.3904,93.8807,1309,29.4,SOUTH,DISSECTED_HILLS,1.34
TR000429,Mizoram,Aizawl,23.6311,92.6082,1152,35.4,NORTH_WEST,RIDGE_SLOPE,2.17
TR000430,Mizoram,Kolasib,24.1961,92.8279,598,24.2,WEST,DISSECTED_HILLS,1.55
TR000431,Mizoram,Lunglei,22.8432,92.6141,1044,33.4,NORTH_WEST,RIDGE_SLOPE,2.34
TR000432,Tripura,West Tripura,23.9396,91.1724,43,1.6,SOUTH_EAST,ROLLING_PLAINS,1.03
TR000433,Tripura,Sipahijala,23.7786,91.4124,68,0.6,NORTH_WEST,ROLLING_PLAINS,2.74
TR000434,Tripura,Dhalai,23.902,91.8633,148,11.4,NORTH_EAST,LOW_HILLS,1.5
TR000435,Arunachal Pradesh,Tawang,27.5743,91.7559,2864,46.7,WEST,HIGH_ALPINE,5.42
TR000436,Arunachal Pradesh,West Kameng,27.1484,92.5087,2193,38.6,SOUTH,STEEP_MOUNTAIN,4.86
TR000437,Arunachal Pradesh,Papum Pare,27.2171,93.5388,268,16.5,NORTH_WEST,DISSECTED_HILLS,0.97
TR000438,Arunachal Pradesh,East Siang,28.0953,95.387,101,7.9,NORTH,RIVER_VALLEY,0.18
TR000439,Arunachal Pradesh,Lower Subansiri,27.5317,93.8419,1596,34.2,NORTH_WEST,STEEP_MOUNTAIN,2.59
TR000440,Assam,Kamrup Metropolitan,26.1457,91.673,99,3.3,SOUTH,PLAINS,0.92
TR000441,Assam,Kamrup Rural,26.2082,91.6438,102,0.4,EAST,PLAINS,0.55
TR000442,Assam,Darrang,26.345,92.0791,20,0.7,EAST,FLOOD_BASIN,0.23
TR000443,Assam,Sonitpur,26.6508,92.8201,112,4.2,SOUTH_EAST,RIVER_VALLEY,0.66
TR000444,Assam,Dibrugarh,27.451,94.9107,92,3.0,SOUTH_WEST,FLOOD_BASIN,0.59
TR000445,Assam,Cachar,24.919,92.7245,20,1.3,NORTH,FLOOD_BASIN,0.14
TR000446,Assam,Nagaon,26.2504,92.6954,34,2.7,EAST,PLAINS,0.65
TR000447,Meghalaya,East Khasi Hills,25.6411,91.985,1547,28.3,NORTH_EAST,PLATEAU_ESCARPMENT,2.22
TR000448,Meghalaya,West Khasi Hills,25.485,91.269,1269,26.7,SOUTH_EAST,PLATEAU_ESCARPMENT,1.68
TR000449,Meghalaya,Ri-Bhoi,25.944,92.0067,598,15.9,SOUTH_EAST,DISSECTED_HILLS,1.6
TR000450,Meghalaya,West Jaintia Hills,25.5488,92.0655,1318,26.9,NORTH,DISSECTED_HILLS,1.24
TR000451,Sikkim,East Sikkim,27.451,88.5129,1687,42.4,EAST,VALLEY_GORGE,0.29
TR000452,Sikkim,North Sikkim,27.4151,88.4627,2506,47.7,SOUTH_EAST,HIGH_ALPINE,0.67
TR000453,Sikkim,South Sikkim,27.0246,88.4811,1334,34.3,EAST,VALLEY_GORGE,0.8
TR000454,Nagaland,Kohima,25.6688,94.0314,1457,36.8,NORTH_EAST,DISSECTED_HILLS,1.81
TR000455,Nagaland,Dimapur,25.8286,93.674,171,3.2,SOUTH,PLAINS,1.0
TR000456,Nagaland,Mokokchung,26.2828,94.4485,1325,32.9,WEST,DISSECTED_HILLS,2.15
TR000457,Manipur,Imphal West,24.9078,94.0035,822,3.9,NORTH_WEST,RIVER_VALLEY,0.84
TR000458,Manipur,Bishnupur,24.5936,93.7387,782,5.3,SOUTH_EAST,RIVER_VALLEY,0.53
TR000459,Manipur,Senapati,25.1149,94.026,1264,29.9,SOUTH_EAST,DISSECTED_HILLS,1.42
TR000460,Mizoram,Aizawl,23.6228,92.6666,1118,33.3,NORTH_EAST,RIDGE_SLOPE,1.91
TR000461,Mizoram,Kolasib,24.2352,92.813,593,23.3,NORTH,DISSECTED_HILLS,1.48
TR000462,Mizoram,Lunglei,23.02,92.7825,1022,31.3,WEST,RIDGE_SLOPE,2.73
TR000463,Tripura,West Tripura,23.7872,91.1788,44,2.0,NORTH,ROLLING_PLAINS,1.55
TR000464,Tripura,Sipahijala,23.6476,91.3545,20,3.1,NORTH,ROLLING_PLAINS,3.1
TR000465,Tripura,Dhalai,23.7223,91.9454,86,13.3,WEST,LOW_HILLS,1.62
TR000466,Arunachal Pradesh,Tawang,27.6889,91.7788,2930,42.8,EAST,HIGH_ALPINE,5.09
TR000467,Arunachal Pradesh,West Kameng,27.2513,92.284,2221,38.8,NORTH_EAST,STEEP_MOUNTAIN,4.65
TR000468,Arunachal Pradesh,Papum Pare,27.0954,93.613,260,18.7,SOUTH_WEST,DISSECTED_HILLS,1.22
TR000469,Arunachal Pradesh,East Siang,27.921,95.3927,163,11.6,SOUTH,RIVER_VALLEY,0.16
TR000470,Arunachal Pradesh,Lower Subansiri,27.6439,93.8822,1603,34.6,NORTH,STEEP_MOUNTAIN,2.67
TR000471,Assam,Kamrup Metropolitan,26.2699,91.7435,25,0.4,SOUTH_WEST,PLAINS,0.89
TR000472,Assam,Kamrup Rural,26.2796,91.4922,48,0.4,WEST,PLAINS,0.97
TR000473,Assam,Darrang,26.4397,91.954,81,0.4,NORTH_EAST,FLOOD_BASIN,0.49
TR000474,Assam,Sonitpur,26.7382,92.8387,127,2.8,SOUTH_WEST,RIVER_VALLEY,0.27
TR000475,Assam,Dibrugarh,27.4444,94.8752,108,0.4,WEST,FLOOD_BASIN,0.16
TR000476,Assam,Cachar,24.7347,92.7789,20,2.5,SOUTH_EAST,FLOOD_BASIN,0.17
TR000477,Assam,Nagaon,26.4884,92.8262,118,1.1,SOUTH_EAST,PLAINS,0.48
TR000478,Meghalaya,East Khasi Hills,25.4922,92.0037,1543,30.8,WEST,PLATEAU_ESCARPMENT,2.13
TR000479,Meghalaya,West Khasi Hills,25.6372,91.3153,1255,30.0,SOUTH_WEST,PLATEAU_ESCARPMENT,1.92
TR000480,Meghalaya,Ri-Bhoi,25.7599,92.0086,530,14.1,NORTH_EAST,DISSECTED_HILLS,1.38
TR000481,Meghalaya,West Jaintia Hills,25.3433,92.2962,1375,25.5,WEST,DISSECTED_HILLS,0.9
TR000482,Sikkim,East Sikkim,27.2376,88.5286,1696,43.7,NORTH,VALLEY_GORGE,0.29
TR000483,Sikkim,North Sikkim,27.5122,88.5152,2484,46.7,SOUTH,HIGH_ALPINE,0.69
TR000484,Sikkim,South Sikkim,27.2372,88.3502,1284,34.0,WEST,VALLEY_GORGE,0.43
TR000485,Nagaland,Kohima,25.7767,94.0608,1478,36.4,NORTH_EAST,DISSECTED_HILLS,1.94
TR000486,Nagaland,Dimapur,26.0475,93.6754,216,2.7,EAST,PLAINS,1.3
TR000487,Nagaland,Mokokchung,26.3222,94.4767,1380,30.4,NORTH,DISSECTED_HILLS,1.97
TR000488,Manipur,Imphal West,24.8428,93.9008,823,2.8,WEST,RIVER_VALLEY,0.77
TR000489,Manipur,Bishnupur,24.6963,93.6391,729,2.9,SOUTH_WEST,RIVER_VALLEY,0.56
TR000490,Manipur,Senapati,25.1563,93.9769,1236,27.5,EAST,DISSECTED_HILLS,1.15
TR000491,Mizoram,Aizawl,23.6696,92.6756,1104,31.0,EAST,RIDGE_SLOPE,1.81
TR000492,Mizoram,Kolasib,24.1993,92.6971,615,24.0,NORTH_EAST,DISSECTED_HILLS,0.97
TR000493,Mizoram,Lunglei,22.8362,92.6179,1036,32.9,NORTH_EAST,RIDGE_SLOPE,2.81
TR000494,Tripura,West Tripura,23.6852,91.2609,74,0.4,SOUTH_EAST,ROLLING_PLAINS,1.54
TR000495,Tripura,Sipahijala,23.7566,91.4555,45,3.1,SOUTH_WEST,ROLLING_PLAINS,3.0
TR000496,Tripura,Dhalai,23.7509,91.7807,114,12.0,NORTH_EAST,LOW_HILLS,1.39
TR000497,Arunachal Pradesh,Tawang,27.5665,91.8357,2901,45.9,WEST,HIGH_ALPINE,5.18
TR000498,Arunachal Pradesh,West Kameng,27.3978,92.4822,2203,38.5,NORTH_EAST,STEEP_MOUNTAIN,4.38
TR000499,Arunachal Pradesh,Papum Pare,26.9825,93.558,310,17.7,SOUTH_EAST,DISSECTED_HILLS,1.35
TR000500,Arunachal Pradesh,East Siang,28.1572,95.2749,137,8.9,WEST,RIVER_VALLEY,0.69
TR000501,Arunachal Pradesh,Lower Subansiri,27.5953,93.8583,1538,31.5,SOUTH_WEST,STEEP_MOUNTAIN,3.17
TR000502,Assam,Kamrup Metropolitan,26.0548,91.6805,45,3.5,NORTH_WEST,PLAINS,0.74
TR000503,Assam,Kamrup Rural,26.2435,91.5593,71,2.3,NORTH,PLAINS,0.56
TR000504,Assam,Darrang,26.3861,92.1168,38,0.4,SOUTH_WEST,FLOOD_BASIN,0.42
TR000505,Assam,Sonitpur,26.6615,92.8063,105,3.4,SOUTH,RIVER_VALLEY,0.27
TR000506,Assam,Dibrugarh,27.541,95.0449,74,0.5,EAST,FLOOD_BASIN,0.34
TR000507,Assam,Cachar,24.8912,92.8746,66,3.3,EAST,FLOOD_BASIN,0.39
TR000508,Assam,Nagaon,26.237,92.6248,36,1.8,SOUTH,PLAINS,0.91
TR000509,Meghalaya,East Khasi Hills,25.6655,91.7655,1506,30.4,NORTH_WEST,PLATEAU_ESCARPMENT,2.21
TR000510,Meghalaya,West Khasi Hills,25.512,91.3861,1308,27.6,SOUTH_EAST,PLATEAU_ESCARPMENT,1.57
TR000511,Meghalaya,Ri-Bhoi,26.0405,91.9405,593,16.7,SOUTH_WEST,DISSECTED_HILLS,1.66
TR000512,Meghalaya,West Jaintia Hills,25.3255,92.2807,1354,26.8,NORTH,DISSECTED_HILLS,0.96
TR000513,Sikkim,East Sikkim,27.3727,88.6255,1672,42.9,NORTH_EAST,VALLEY_GORGE,0.11
TR000514,Sikkim,North Sikkim,27.5758,88.6897,2445,46.5,WEST,HIGH_ALPINE,0.11
TR000515,Sikkim,South Sikkim,27.0866,88.4241,1311,36.6,SOUTH_EAST,VALLEY_GORGE,0.52
TR000516,Nagaland,Kohima,25.6588,94.0759,1478,36.7,SOUTH_EAST,DISSECTED_HILLS,2.0
TR000517,Nagaland,Dimapur,25.802,93.8768,196,1.8,SOUTH_EAST,PLAINS,0.92
TR000518,Nagaland,Mokokchung,26.4635,94.4048,1380,32.2,WEST,DISSECTED_HILLS,2.08
TR000519,Manipur,Imphal West,24.7699,94.0221,791,2.1,NORTH_EAST,RIVER_VALLEY,0.56
TR000520,Manipur,Bishnupur,24.6138,93.8235,750,1.3,SOUTH_WEST,RIVER_VALLEY,0.08
TR000521,Manipur,Senapati,25.3232,93.8668,1233,30.2,NORTH,DISSECTED_HILLS,1.59
TR000522,Mizoram,Aizawl,23.6264,92.8628,1101,33.1,NORTH_WEST,RIDGE_SLOPE,2.11
TR000523,Mizoram,Kolasib,24.1693,92.6579,609,23.2,EAST,DISSECTED_HILLS,1.21
TR000524,Mizoram,Lunglei,22.7853,92.7821,1015,31.0,WEST,RIDGE_SLOPE,2.73
TR000525,Tripura,West Tripura,23.9464,91.2717,29,1.5,WEST,ROLLING_PLAINS,1.41
TR000526,Tripura,Sipahijala,23.5467,91.3877,75,4.5,NORTH_WEST,ROLLING_PLAINS,2.93
TR000527,Tripura,Dhalai,23.9399,91.8611,126,11.1,NORTH_EAST,LOW_HILLS,1.65
TR000528,Arunachal Pradesh,Tawang,27.5148,91.9682,2907,46.8,WEST,HIGH_ALPINE,5.15
TR000529,Arunachal Pradesh,West Kameng,27.2311,92.3837,2154,37.2,EAST,STEEP_MOUNTAIN,4.8
TR000530,Arunachal Pradesh,Papum Pare,27.1356,93.7107,350,20.0,SOUTH_WEST,DISSECTED_HILLS,1.55
TR000531,Arunachal Pradesh,East Siang,28.0931,95.3776,135,7.3,WEST,RIVER_VALLEY,0.35
TR000532,Arunachal Pradesh,Lower Subansiri,27.4549,93.888,1565,31.8,EAST,STEEP_MOUNTAIN,2.94
TR000533,Assam,Kamrup Metropolitan,26.1669,91.7131,57,1.9,WEST,PLAINS,1.0
TR000534,Assam,Kamrup Rural,26.2286,91.712,69,0.4,WEST,PLAINS,0.54
TR000535,Assam,Darrang,26.3581,92.1336,71,0.4,SOUTH_WEST,FLOOD_BASIN,0.28
TR000536,Assam,Sonitpur,26.4867,92.6836,122,1.5,NORTH_WEST,RIVER_VALLEY,0.62
TR000537,Assam,Dibrugarh,27.5187,94.8847,110,0.4,NORTH_EAST,FLOOD_BASIN,0.7
TR000538,Assam,Cachar,24.8299,92.6537,20,3.3,WEST,FLOOD_BASIN,0.09
TR000539,Assam,Nagaon,26.205,92.6015,40,0.4,SOUTH_WEST,PLAINS,0.75
TR000540,Meghalaya,East Khasi Hills,25.6516,91.9731,1500,30.6,NORTH_WEST,PLATEAU_ESCARPMENT,2.32
TR000541,Meghalaya,West Khasi Hills,25.4404,91.2729,1266,28.2,SOUTH,PLATEAU_ESCARPMENT,2.04
TR000542,Meghalaya,Ri-Bhoi,25.978,91.8624,517,18.9,SOUTH_WEST,DISSECTED_HILLS,1.32
TR000543,Meghalaya,West Jaintia Hills,25.549,92.2754,1308,27.9,NORTH,DISSECTED_HILLS,0.87
TR000544,Sikkim,East Sikkim,27.2677,88.7152,1601,41.7,EAST,VALLEY_GORGE,0.5
TR000545,Sikkim,North Sikkim,27.5827,88.4711,2493,49.7,EAST,HIGH_ALPINE,0.5
TR000546,Sikkim,South Sikkim,27.2783,88.3831,1294,34.5,SOUTH,VALLEY_GORGE,0.24
TR000547,Nagaland,Kohima,25.5871,94.0207,1387,36.2,NORTH,DISSECTED_HILLS,1.9
TR000548,Nagaland,Dimapur,25.9359,93.628,225,2.8,EAST,PLAINS,1.02
TR000549,Nagaland,Mokokchung,26.4607,94.5243,1375,31.9,NORTH_EAST,DISSECTED_HILLS,1.91
TR000550,Manipur,Imphal West,24.9558,94.0225,842,0.4,NORTH,RIVER_VALLEY,0.43
TR000551,Manipur,Bishnupur,24.6792,93.8249,726,2.2,NORTH_EAST,RIVER_VALLEY,0.51
TR000552,Manipur,Senapati,25.3585,94.0884,1276,29.0,EAST,DISSECTED_HILLS,1.24
TR000553,Mizoram,Aizawl,23.7668,92.7559,1118,32.8,SOUTH_EAST,RIDGE_SLOPE,2.16
TR000554,Mizoram,Kolasib,24.334,92.5579,615,25.7,NORTH_WEST,DISSECTED_HILLS,1.4
TR000555,Mizoram,Lunglei,22.9932,92.7264,1022,30.6,NORTH,RIDGE_SLOPE,2.25
TR000556,Tripura,West Tripura,23.9137,91.3566,68,4.5,EAST,ROLLING_PLAINS,1.36
TR000557,Tripura,Sipahijala,23.6942,91.417,73,3.2,WEST,ROLLING_PLAINS,2.69
TR000558,Tripura,Dhalai,23.8289,91.7636,114,11.1,WEST,LOW_HILLS,1.53
TR000559,Arunachal Pradesh,Tawang,27.6003,91.7486,2949,44.4,NORTH_EAST,HIGH_ALPINE,5.17
TR000560,Arunachal Pradesh,West Kameng,27.3193,92.2804,2152,38.6,NORTH_EAST,STEEP_MOUNTAIN,4.79
TR000561,Arunachal Pradesh,Papum Pare,26.9553,93.7454,280,18.2,SOUTH_WEST,DISSECTED_HILLS,0.95
TR000562,Arunachal Pradesh,East Siang,28.2034,95.2367,183,11.2,NORTH_WEST,RIVER_VALLEY,0.72
TR000563,Arunachal Pradesh,Lower Subansiri,27.4906,93.9423,1612,31.3,EAST,STEEP_MOUNTAIN,2.98
TR000564,Assam,Kamrup Metropolitan,26.0696,91.6978,110,1.9,WEST,PLAINS,0.58
TR000565,Assam,Kamrup Rural,26.2227,91.6298,94,0.4,SOUTH_WEST,PLAINS,0.78
TR000566,Assam,Darrang,26.5131,91.8813,53,0.4,EAST,FLOOD_BASIN,0.44
TR000567,Assam,Sonitpur,26.6396,92.7761,20,3.1,NORTH_EAST,RIVER_VALLEY,0.78
TR000568,Assam,Dibrugarh,27.6192,94.8887,64,0.7,SOUTH_EAST,FLOOD_BASIN,0.3
TR000569,Assam,Cachar,24.7101,92.8707,20,0.9,WEST,FLOOD_BASIN,0.52
TR000570,Assam,Nagaon,26.2363,92.766,100,2.9,SOUTH_WEST,PLAINS,0.87
TR000571,Meghalaya,East Khasi Hills,25.6319,91.7638,1502,28.0,EAST,PLATEAU_ESCARPMENT,2.37
TR000572,Meghalaya,West Khasi Hills,25.492,91.3267,1300,29.2,SOUTH,PLATEAU_ESCARPMENT,2.15
TR000573,Meghalaya,Ri-Bhoi,25.9348,91.8627,517,14.4,SOUTH_EAST,DISSECTED_HILLS,1.32
TR000574,Meghalaya,West Jaintia Hills,25.5257,92.2269,1319,25.3,SOUTH,DISSECTED_HILLS,1.13
TR000575,Sikkim,East Sikkim,27.4262,88.5308,1672,39.9,SOUTH_EAST,VALLEY_GORGE,0.21
TR000576,Sikkim,North Sikkim,27.53,88.5823,2489,50.7,SOUTH_WEST,HIGH_ALPINE,0.07
TR000577,Sikkim,South Sikkim,27.2741,88.4627,1266,36.3,WEST,VALLEY_GORGE,0.48
TR000578,Nagaland,Kohima,25.7495,94.0473,1386,37.2,SOUTH,DISSECTED_HILLS,2.07
TR000579,Nagaland,Dimapur,25.8286,93.6933,165,3.8,NORTH,PLAINS,1.04
TR000580,Nagaland,Mokokchung,26.3335,94.6633,1306,33.2,NORTH,DISSECTED_HILLS,1.94
TR000581,Manipur,Imphal West,24.9252,93.9573,771,2.4,WEST,RIVER_VALLEY,0.36
TR000582,Manipur,Bishnupur,24.6237,93.9107,719,1.1,SOUTH_WEST,RIVER_VALLEY,0.09
TR000583,Manipur,Senapati,25.1887,93.8719,1197,31.7,WEST,DISSECTED_HILLS,1.41
TR000584,Mizoram,Aizawl,23.663,92.7814,1168,32.6,NORTH_EAST,RIDGE_SLOPE,2.21
TR000585,Mizoram,Kolasib,24.0947,92.691,628,22.8,SOUTH_WEST,DISSECTED_HILLS,1.0
TR000586,Mizoram,Lunglei,22.7537,92.8663,1063,29.8,SOUTH,RIDGE_SLOPE,2.46
TR000587,Tripura,West Tripura,23.8574,91.3658,58,3.0,SOUTH_EAST,ROLLING_PLAINS,0.99
TR000588,Tripura,Sipahijala,23.6946,91.381,80,1.7,SOUTH_WEST,ROLLING_PLAINS,2.71
TR000589,Tripura,Dhalai,23.9774,91.7348,158,12.5,NORTH_EAST,LOW_HILLS,1.55
TR000590,Arunachal Pradesh,Tawang,27.6586,91.9316,2855,42.1,SOUTH,HIGH_ALPINE,5.04
TR000591,Arunachal Pradesh,West Kameng,27.1179,92.4148,2184,38.1,NORTH_EAST,STEEP_MOUNTAIN,4.76
TR000592,Arunachal Pradesh,Papum Pare,27.1666,93.5167,276,19.7,EAST,DISSECTED_HILLS,1.52
TR000593,Arunachal Pradesh,East Siang,28.1359,95.2114,210,6.8,SOUTH,RIVER_VALLEY,0.67
TR000594,Arunachal Pradesh,Lower Subansiri,27.4816,93.6992,1591,34.8,SOUTH_EAST,STEEP_MOUNTAIN,2.96
TR000595,Assam,Kamrup Metropolitan,26.1433,91.7394,20,1.2,WEST,PLAINS,0.92
TR000596,Assam,Kamrup Rural,26.1453,91.4885,20,2.9,NORTH_WEST,PLAINS,0.79
TR000597,Assam,Darrang,26.3366,92.1032,20,0.4,SOUTH_WEST,FLOOD_BASIN,0.61
TR000598,Assam,Sonitpur,26.5572,92.7841,67,4.2,NORTH,RIVER_VALLEY,0.37
TR000599,Assam,Dibrugarh,27.6109,94.7726,150,2.9,NORTH,FLOOD_BASIN,0.63
TR000600,Assam,Cachar,24.8091,92.7254,20,3.9,WEST,FLOOD_BASIN,0.16
TR000601,Assam,Nagaon,26.443,92.7055,20,1.0,WEST,PLAINS,1.04
TR000602,Meghalaya,East Khasi Hills,25.4826,91.9846,1435,32.8,EAST,PLATEAU_ESCARPMENT,1.99
TR000603,Meghalaya,West Khasi Hills,25.4995,91.1947,1328,27.1,EAST,PLATEAU_ESCARPMENT,1.61
TR000604,Meghalaya,Ri-Bhoi,25.887,91.8407,527,16.8,NORTH_WEST,DISSECTED_HILLS,1.45
TR000605,Meghalaya,West Jaintia Hills,25.4868,92.1892,1345,28.4,NORTH_WEST,DISSECTED_HILLS,1.5
TR000606,Sikkim,East Sikkim,27.4217,88.6762,1659,43.3,NORTH_EAST,VALLEY_GORGE,0.05
TR000607,Sikkim,North Sikkim,27.3519,88.523,2419,48.7,EAST,HIGH_ALPINE,0.46
TR000608,Sikkim,South Sikkim,27.228,88.2029,1282,33.7,NORTH_EAST,VALLEY_GORGE,0.58
TR000609,Nagaland,Kohima,25.7798,94.1768,1393,34.3,NORTH,DISSECTED_HILLS,2.19
TR000610,Nagaland,Dimapur,25.8827,93.8659,153,4.9,EAST,PLAINS,0.71
TR000611,Nagaland,Mokokchung,26.4514,94.6392,1326,30.6,NORTH,DISSECTED_HILLS,2.43
TR000612,Manipur,Imphal West,24.8045,94.0112,799,0.4,NORTH_WEST,RIVER_VALLEY,0.34
TR000613,Manipur,Bishnupur,24.7284,93.6369,782,1.3,SOUTH,RIVER_VALLEY,0.48
TR000614,Manipur,Senapati,25.1492,93.9475,1298,28.6,SOUTH_EAST,DISSECTED_HILLS,1.67
TR000615,Mizoram,Aizawl,23.7873,92.7882,1110,32.8,EAST,RIDGE_SLOPE,1.9
TR000616,Mizoram,Kolasib,24.3531,92.5708,648,24.9,NORTH_EAST,DISSECTED_HILLS,1.05
TR000617,Mizoram,Lunglei,22.7793,92.7298,1012,29.6,NORTH,RIDGE_SLOPE,2.48
TR000618,Tripura,West Tripura,23.9126,91.2724,34,0.9,SOUTH_WEST,ROLLING_PLAINS,1.03
TR000619,Tripura,Sipahijala,23.5323,91.3678,77,4.0,WEST,ROLLING_PLAINS,2.94
TR000620,Tripura,Dhalai,23.7645,91.957,98,10.0,NORTH,LOW_HILLS,1.51
TR000621,Arunachal Pradesh,Tawang,27.5428,91.8634,2926,43.5,NORTH_EAST,HIGH_ALPINE,5.48
TR000622,Arunachal Pradesh,West Kameng,27.1667,92.5515,2249,37.8,NORTH_WEST,STEEP_MOUNTAIN,4.74
TR000623,Arunachal Pradesh,Papum Pare,27.0254,93.6052,362,20.0,NORTH_EAST,DISSECTED_HILLS,1.03
TR000624,Arunachal Pradesh,East Siang,27.9345,95.4103,123,7.4,WEST,RIVER_VALLEY,0.69
TR000625,Arunachal Pradesh,Lower Subansiri,27.5117,93.8691,1582,30.3,SOUTH,STEEP_MOUNTAIN,2.93
TR000626,Assam,Kamrup Metropolitan,26.2697,91.6087,20,0.4,SOUTH_WEST,PLAINS,0.97
TR000627,Assam,Kamrup Rural,26.2778,91.4396,106,2.5,SOUTH,PLAINS,0.57
TR000628,Assam,Darrang,26.3148,92.0193,20,3.2,SOUTH,FLOOD_BASIN,0.33
TR000629,Assam,Sonitpur,26.7011,92.7914,66,3.0,NORTH_EAST,RIVER_VALLEY,0.36
TR000630,Assam,Dibrugarh,27.3872,94.8181,83,0.5,NORTH_EAST,FLOOD_BASIN,0.25
TR000631,Assam,Cachar,24.8675,92.814,47,0.8,EAST,FLOOD_BASIN,0.22
TR000632,Assam,Nagaon,26.3604,92.5523,39,0.4,SOUTH_WEST,PLAINS,0.72
TR000633,Meghalaya,East Khasi Hills,25.6216,91.9825,1461,31.2,NORTH_EAST,PLATEAU_ESCARPMENT,2.47
TR000634,Meghalaya,West Khasi Hills,25.5985,91.4068,1320,29.1,NORTH_WEST,PLATEAU_ESCARPMENT,1.86
TR000635,Meghalaya,Ri-Bhoi,25.9844,91.8332,562,16.5,SOUTH_EAST,DISSECTED_HILLS,1.5
TR000636,Meghalaya,West Jaintia Hills,25.3539,92.1457,1298,23.6,SOUTH,DISSECTED_HILLS,1.38
TR000637,Sikkim,East Sikkim,27.2732,88.6991,1650,42.1,NORTH_EAST,VALLEY_GORGE,0.35
TR000638,Sikkim,North Sikkim,27.6499,88.6922,2402,47.2,NORTH_WEST,HIGH_ALPINE,0.21
TR000639,Sikkim,South Sikkim,27.1801,88.4374,1334,34.0,SOUTH_WEST,VALLEY_GORGE,0.8
TR000640,Nagaland,Kohima,25.5909,94.2126,1482,35.2,NORTH,DISSECTED_HILLS,2.16
TR000641,Nagaland,Dimapur,26.0543,93.6296,165,4.3,EAST,PLAINS,1.17
TR000642,Nagaland,Mokokchung,26.3843,94.6442,1263,32.0,EAST,DISSECTED_HILLS,2.08
TR000643,Manipur,Imphal West,24.8373,93.8294,749,3.9,NORTH_WEST,RIVER_VALLEY,0.78
TR000644,Manipur,Bishnupur,24.7735,93.7771,732,3.5,SOUTH_EAST,RIVER_VALLEY,0.11
TR000645,Manipur,Senapati,25.1798,93.9256,1257,29.4,NORTH_EAST,DISSECTED_HILLS,1.37
TR000646,Mizoram,Aizawl,23.7613,92.8095,1113,34.1,NORTH_EAST,RIDGE_SLOPE,2.35
TR000647,Mizoram,Kolasib,24.3233,92.6271,552,22.7,WEST,DISSECTED_HILLS,1.41
TR000648,Mizoram,Lunglei,22.7725,92.6233,1027,33.3,SOUTH_WEST,RIDGE_SLOPE,2.87
TR000649,Tripura,West Tripura,23.7936,91.4194,25,2.5,EAST,ROLLING_PLAINS,1.17
TR000650,Tripura,Sipahijala,23.5818,91.4548,65,5.2,SOUTH_EAST,ROLLING_PLAINS,3.06
TR000651,Tripura,Dhalai,23.9882,91.8948,102,13.0,SOUTH_WEST,LOW_HILLS,1.72
TR000652,Arunachal Pradesh,Tawang,27.703,91.8935,2885,43.1,SOUTH_EAST,HIGH_ALPINE,5.33
TR000653,Arunachal Pradesh,West Kameng,27.1671,92.3579,2228,37.0,EAST,STEEP_MOUNTAIN,4.37
TR000654,Arunachal Pradesh,Papum Pare,26.9509,93.6772,333,18.0,EAST,DISSECTED_HILLS,1.6
TR000655,Arunachal Pradesh,East Siang,28.2056,95.1857,172,8.3,NORTH,RIVER_VALLEY,0.68
TR000656,Arunachal Pradesh,Lower Subansiri,27.5834,93.8719,1513,34.6,NORTH,STEEP_MOUNTAIN,2.64
TR000657,Assam,Kamrup Metropolitan,26.2181,91.6576,35,0.4,SOUTH_EAST,PLAINS,1.13
TR000658,Assam,Kamrup Rural,26.0616,91.6247,79,2.0,EAST,PLAINS,0.57
TR000659,Assam,Darrang,26.3054,91.9439,80,0.4,SOUTH,FLOOD_BASIN,0.22
TR000660,Assam,Sonitpur,26.5162,92.643,67,1.8,NORTH,RIVER_VALLEY,0.52
TR000661,Assam,Dibrugarh,27.3727,94.8862,160,0.4,NORTH,FLOOD_BASIN,0.5
TR000662,Assam,Cachar,24.7137,92.7727,75,2.2,NORTH_WEST,FLOOD_BASIN,0.44
TR000663,Assam,Nagaon,26.2629,92.6694,106,2.7,EAST,PLAINS,0.64
TR000664,Meghalaya,East Khasi Hills,25.5244,92.0288,1439,29.7,NORTH_EAST,PLATEAU_ESCARPMENT,2.53
TR000665,Meghalaya,West Khasi Hills,25.4083,91.1325,1340,30.0,EAST,PLATEAU_ESCARPMENT,1.61
TR000666,Meghalaya,Ri-Bhoi,25.9282,91.9141,551,17.5,NORTH_EAST,DISSECTED_HILLS,1.53
TR000667,Meghalaya,West Jaintia Hills,25.4961,92.2322,1325,24.3,NORTH_WEST,DISSECTED_HILLS,0.92
TR000668,Sikkim,East Sikkim,27.2506,88.5135,1679,42.3,SOUTH_WEST,VALLEY_GORGE,0.45
TR000669,Sikkim,North Sikkim,27.512,88.5982,2428,47.2,SOUTH,HIGH_ALPINE,0.08
TR000670,Sikkim,South Sikkim,27.1915,88.452,1259,34.0,EAST,VALLEY_GORGE,0.15
TR000671,Nagaland,Kohima,25.5514,94.2058,1460,36.3,NORTH_WEST,DISSECTED_HILLS,1.68
TR000672,Nagaland,Dimapur,25.7645,93.6287,172,6.2,NORTH,PLAINS,0.96
TR000673,Nagaland,Mokokchung,26.2097,94.6055,1320,30.9,EAST,DISSECTED_HILLS,2.28
TR000674,Manipur,Imphal West,24.6943,93.95,748,1.6,NORTH,RIVER_VALLEY,0.5
TR000675,Manipur,Bishnupur,24.5384,93.6279,766,3.3,SOUTH,RIVER_VALLEY,0.2
TR000676,Manipur,Senapati,25.1906,93.8785,1286,30.5,SOUTH_WEST,DISSECTED_HILLS,1.21
TR000677,Mizoram,Aizawl,23.7775,92.8101,1122,35.4,SOUTH_WEST,RIDGE_SLOPE,2.13
TR000678,Mizoram,Kolasib,24.2361,92.7822,654,24.6,NORTH_WEST,DISSECTED_HILLS,1.58
TR000679,Mizoram,Lunglei,22.9361,92.8709,1033,33.4,SOUTH,RIDGE_SLOPE,2.56
TR000680,Tripura,West Tripura,23.7052,91.4076,66,0.4,WEST,ROLLING_PLAINS,1.32
TR000681,Tripura,Sipahijala,23.64,91.3334,51,1.2,SOUTH_EAST,ROLLING_PLAINS,3.17
TR000682,Tripura,Dhalai,23.8347,91.9847,101,14.4,NORTH,LOW_HILLS,1.88
TR000683,Arunachal Pradesh,Tawang,27.474,91.8364,2927,44.2,SOUTH,HIGH_ALPINE,5.6
TR000684,Arunachal Pradesh,West Kameng,27.3027,92.5161,2173,37.1,SOUTH_EAST,STEEP_MOUNTAIN,4.72
TR000685,Arunachal Pradesh,Papum Pare,27.1926,93.4927,331,18.0,SOUTH_EAST,DISSECTED_HILLS,1.16
TR000686,Arunachal Pradesh,East Siang,27.9989,95.3134,206,6.8,NORTH_EAST,RIVER_VALLEY,0.61
TR000687,Arunachal Pradesh,Lower Subansiri,27.5763,93.9145,1514,32.0,WEST,STEEP_MOUNTAIN,2.65
TR000688,Assam,Kamrup Metropolitan,26.1709,91.8137,115,0.4,EAST,PLAINS,0.62
TR000689,Assam,Kamrup Rural,26.2689,91.6477,109,1.1,NORTH,PLAINS,0.57
TR000690,Assam,Darrang,26.4253,91.9959,54,1.5,NORTH_WEST,FLOOD_BASIN,0.36
TR000691,Assam,Sonitpur,26.5355,92.7635,97,2.6,NORTH_WEST,RIVER_VALLEY,0.7
TR000692,Assam,Dibrugarh,27.3344,95.0289,90,1.8,SOUTH_WEST,FLOOD_BASIN,0.18
TR000693,Assam,Cachar,24.8259,92.7095,20,0.4,EAST,FLOOD_BASIN,0.48
TR000694,Assam,Nagaon,26.2861,92.6181,66,2.8,NORTH_WEST,PLAINS,0.9
TR000695,Meghalaya,East Khasi Hills,25.7205,91.8117,1468,32.9,SOUTH_WEST,PLATEAU_ESCARPMENT,2.24
TR000696,Meghalaya,West Khasi Hills,25.6077,91.1908,1273,28.5,SOUTH_EAST,PLATEAU_ESCARPMENT,1.61
TR000697,Meghalaya,Ri-Bhoi,25.8825,92.004,542,17.7,EAST,DISSECTED_HILLS,1.74
TR000698,Meghalaya,West Jaintia Hills,25.5602,92.2963,1335,27.5,NORTH,DISSECTED_HILLS,0.89
TR000699,Sikkim,East Sikkim,27.4018,88.5775,1689,43.8,WEST,VALLEY_GORGE,0.42
TR000700,Sikkim,North Sikkim,27.3587,88.4578,2496,47.0,NORTH_EAST,HIGH_ALPINE,0.09
TR000701,Sikkim,South Sikkim,27.0299,88.2152,1286,37.2,SOUTH_EAST,VALLEY_GORGE,0.33
TR000702,Nagaland,Kohima,25.7722,94.1101,1461,37.9,SOUTH,DISSECTED_HILLS,1.99
TR000703,Nagaland,Dimapur,25.8294,93.7241,192,2.2,NORTH_EAST,PLAINS,1.22
TR000704,Nagaland,Mokokchung,26.3511,94.4749,1280,32.7,EAST,DISSECTED_HILLS,2.02
TR000705,Manipur,Imphal West,24.9163,93.8139,728,1.6,NORTH_WEST,RIVER_VALLEY,0.36
TR000706,Manipur,Bishnupur,24.6541,93.904,819,2.1,NORTH_EAST,RIVER_VALLEY,0.2
TR000707,Manipur,Senapati,25.172,94.0555,1255,27.1,SOUTH_EAST,DISSECTED_HILLS,1.66
TR000708,Mizoram,Aizawl,23.8074,92.5703,1186,31.2,SOUTH_EAST,RIDGE_SLOPE,1.86
TR000709,Mizoram,Kolasib,24.3103,92.5971,627,26.0,NORTH_WEST,DISSECTED_HILLS,1.15
TR000710,Mizoram,Lunglei,23.0201,92.7828,1014,33.5,SOUTH,RIDGE_SLOPE,2.8
TR000711,Tripura,West Tripura,23.8192,91.2023,20,3.0,SOUTH_WEST,ROLLING_PLAINS,1.49
TR000712,Tripura,Sipahijala,23.6041,91.1927,37,5.5,NORTH,ROLLING_PLAINS,3.18
TR000713,Tripura,Dhalai,23.9518,91.8684,156,12.5,EAST,LOW_HILLS,1.54
TR000714,Arunachal Pradesh,Tawang,27.4685,91.7286,2875,45.2,NORTH_EAST,HIGH_ALPINE,5.51
TR000715,Arunachal Pradesh,West Kameng,27.1928,92.4792,2254,38.8,SOUTH,STEEP_MOUNTAIN,4.37
TR000716,Arunachal Pradesh,Papum Pare,27.1056,93.5387,267,20.0,SOUTH_WEST,DISSECTED_HILLS,1.47
TR000717,Arunachal Pradesh,East Siang,28.096,95.3742,182,7.4,SOUTH_EAST,RIVER_VALLEY,0.17
TR000718,Arunachal Pradesh,Lower Subansiri,27.5492,93.7687,1616,32.0,NORTH_EAST,STEEP_MOUNTAIN,2.8
TR000719,Assam,Kamrup Metropolitan,26.0051,91.7986,68,2.8,NORTH_EAST,PLAINS,0.77
TR000720,Assam,Kamrup Rural,26.249,91.6179,79,2.3,SOUTH_WEST,PLAINS,0.94
TR000721,Assam,Darrang,26.5036,92.0332,100,0.4,NORTH_WEST,FLOOD_BASIN,0.48
TR000722,Assam,Sonitpur,26.6513,92.7307,78,0.4,SOUTH,RIVER_VALLEY,0.42
TR000723,Assam,Dibrugarh,27.5653,94.9909,71,3.0,NORTH_WEST,FLOOD_BASIN,0.73
TR000724,Assam,Cachar,24.8796,92.6956,20,3.0,WEST,FLOOD_BASIN,0.15
TR000725,Assam,Nagaon,26.4316,92.6334,37,1.4,WEST,PLAINS,0.75
TR000726,Meghalaya,East Khasi Hills,25.4641,91.7594,1511,30.9,SOUTH,PLATEAU_ESCARPMENT,2.56
TR000727,Meghalaya,West Khasi Hills,25.3814,91.3768,1284,26.1,SOUTH_EAST,PLATEAU_ESCARPMENT,1.99
TR000728,Meghalaya,Ri-Bhoi,25.909,91.8539,601,18.3,NORTH_EAST,DISSECTED_HILLS,1.34
TR000729,Meghalaya,West Jaintia Hills,25.3601,92.1728,1342,28.0,SOUTH_EAST,DISSECTED_HILLS,1.49
TR000730,Sikkim,East Sikkim,27.2319,88.7152,1613,43.4,EAST,VALLEY_GORGE,0.17
TR000731,Sikkim,North Sikkim,27.5393,88.453,2471,46.3,WEST,HIGH_ALPINE,0.34
TR000732,Sikkim,South Sikkim,27.0828,88.4321,1313,37.5,NORTH_EAST,VALLEY_GORGE,0.47
TR000733,Nagaland,Kohima,25.7542,93.985,1458,35.5,SOUTH,DISSECTED_HILLS,1.83
TR000734,Nagaland,Dimapur,25.8855,93.7207,135,1.5,SOUTH_WEST,PLAINS,0.78
TR000735,Nagaland,Mokokchung,26.2869,94.3742,1301,32.3,SOUTH_WEST,DISSECTED_HILLS,2.2
TR000736,Manipur,Imphal West,24.6724,93.788,818,0.9,NORTH,RIVER_VALLEY,0.7
TR000737,Manipur,Bishnupur,24.5857,93.6532,759,3.5,EAST,RIVER_VALLEY,0.25
TR000738,Manipur,Senapati,25.1296,93.8737,1227,29.3,SOUTH_WEST,DISSECTED_HILLS,1.49
TR000739,Mizoram,Aizawl,23.7343,92.6977,1157,35.5,SOUTH,RIDGE_SLOPE,1.97
TR000740,Mizoram,Kolasib,24.3404,92.6378,574,22.8,NORTH,DISSECTED_HILLS,1.54
TR000741,Mizoram,Lunglei,22.9736,92.5957,988,32.6,SOUTH_EAST,RIDGE_SLOPE,2.34
TR000742,Tripura,West Tripura,23.9017,91.3137,20,0.4,SOUTH,ROLLING_PLAINS,1.41
TR000743,Tripura,Sipahijala,23.7226,91.2746,53,1.8,SOUTH_WEST,ROLLING_PLAINS,2.9
TR000744,Tripura,Dhalai,23.7146,91.9984,164,10.0,NORTH_EAST,LOW_HILLS,1.89
TR000745,Arunachal Pradesh,Tawang,27.4506,91.7441,2896,43.9,EAST,HIGH_ALPINE,5.31
TR000746,Arunachal Pradesh,West Kameng,27.2568,92.3118,2228,38.9,NORTH_EAST,STEEP_MOUNTAIN,4.26
TR000747,Arunachal Pradesh,Papum Pare,27.0767,93.4969,326,17.3,SOUTH_WEST,DISSECTED_HILLS,1.34
TR000748,Arunachal Pradesh,East Siang,27.9571,95.4252,108,9.3,NORTH_WEST,RIVER_VALLEY,0.55
TR000749,Arunachal Pradesh,Lower Subansiri,27.4848,93.9154,1563,30.9,NORTH,STEEP_MOUNTAIN,2.68
TR000750,Assam,Kamrup Metropolitan,26.0734,91.7431,20,0.5,SOUTH_WEST,PLAINS,0.82
TR000751,Assam,Kamrup Rural,26.0831,91.5764,114,0.4,EAST,PLAINS,0.96
TR000752,Assam,Darrang,26.4012,91.8818,77,0.4,WEST,FLOOD_BASIN,0.12
TR000753,Assam,Sonitpur,26.656,92.7908,29,3.5,SOUTH_EAST,RIVER_VALLEY,0.3
TR000754,Assam,Dibrugarh,27.5399,95.0334,130,0.4,WEST,FLOOD_BASIN,0.79
TR000755,Assam,Cachar,24.7721,92.7682,20,3.4,EAST,FLOOD_BASIN,0.52
TR000756,Assam,Nagaon,26.4509,92.6421,90,0.4,NORTH_WEST,PLAINS,0.93
TR000757,Meghalaya,East Khasi Hills,25.4573,91.9708,1435,28.0,SOUTH,PLATEAU_ESCARPMENT,2.04
TR000758,Meghalaya,West Khasi Hills,25.5542,91.2086,1334,27.7,EAST,PLATEAU_ESCARPMENT,1.95
TR000759,Meghalaya,Ri-Bhoi,26.0135,91.7579,594,15.7,EAST,DISSECTED_HILLS,1.32
TR000760,Meghalaya,West Jaintia Hills,25.4201,92.187,1376,25.4,SOUTH_WEST,DISSECTED_HILLS,1.4
TR000761,Sikkim,East Sikkim,27.4289,88.6512,1692,40.3,SOUTH_WEST,VALLEY_GORGE,0.05
TR000762,Sikkim,North Sikkim,27.5679,88.6945,2498,46.8,SOUTH_EAST,HIGH_ALPINE,0.32
TR000763,Sikkim,South Sikkim,27.1972,88.4407,1326,35.9,WEST,VALLEY_GORGE,0.55
TR000764,Nagaland,Kohima,25.7588,94.142,1490,36.7,SOUTH_EAST,DISSECTED_HILLS,2.1
TR000765,Nagaland,Dimapur,26.0488,93.6167,252,3.7,SOUTH_WEST,PLAINS,1.23
TR000766,Nagaland,Mokokchung,26.3072,94.389,1343,30.1,NORTH,DISSECTED_HILLS,2.31
TR000767,Manipur,Imphal West,24.8704,94.0171,798,3.3,EAST,RIVER_VALLEY,0.4
TR000768,Manipur,Bishnupur,24.7691,93.8764,776,3.6,SOUTH_EAST,RIVER_VALLEY,0.51
TR000769,Manipur,Senapati,25.1386,94.0585,1221,29.4,SOUTH_WEST,DISSECTED_HILLS,1.58
TR000770,Mizoram,Aizawl,23.7695,92.6122,1175,33.3,SOUTH_WEST,RIDGE_SLOPE,2.39
TR000771,Mizoram,Kolasib,24.0864,92.723,570,24.5,NORTH_WEST,DISSECTED_HILLS,1.26
TR000772,Mizoram,Lunglei,22.8788,92.6396,1056,31.5,NORTH,RIDGE_SLOPE,2.41
TR000773,Tripura,West Tripura,23.9725,91.1519,20,2.4,NORTH_WEST,ROLLING_PLAINS,1.2
TR000774,Tripura,Sipahijala,23.7301,91.1856,28,4.5,SOUTH,ROLLING_PLAINS,2.84
TR000775,Tripura,Dhalai,23.957,91.8341,95,14.4,NORTH_WEST,LOW_HILLS,1.83
TR000776,Arunachal Pradesh,Tawang,27.4414,91.8304,2844,44.8,WEST,HIGH_ALPINE,4.95
TR000777,Arunachal Pradesh,West Kameng,27.1418,92.4472,2219,38.7,SOUTH_WEST,STEEP_MOUNTAIN,4.83
TR000778,Arunachal Pradesh,Papum Pare,27.1191,93.663,318,20.8,EAST,DISSECTED_HILLS,1.19
TR000779,Arunachal Pradesh,East Siang,27.9323,95.2429,153,8.4,WEST,RIVER_VALLEY,0.65
TR000780,Arunachal Pradesh,Lower Subansiri,27.58,93.895,1546,33.5,SOUTH_EAST,STEEP_MOUNTAIN,2.62
TR000781,Assam,Kamrup Metropolitan,26.2223,91.6527,38,0.5,SOUTH,PLAINS,0.96
TR000782,Assam,Kamrup Rural,26.275,91.5763,45,1.9,SOUTH_EAST,PLAINS,0.38
TR000783,Assam,Darrang,26.3512,91.9231,83,2.3,EAST,FLOOD_BASIN,0.32
TR000784,Assam,Sonitpur,26.5601,92.7014,33,4.3,SOUTH,RIVER_VALLEY,0.51
TR000785,Assam,Dibrugarh,27.4599,94.9964,139,0.4,NORTH_WEST,FLOOD_BASIN,0.64
TR000786,Assam,Cachar,24.6973,92.8189,51,2.2,WEST,FLOOD_BASIN,0.45
TR000787,Assam,Nagaon,26.3304,92.7315,68,0.4,NORTH_EAST,PLAINS,0.77
TR000788,Meghalaya,East Khasi Hills,25.5879,91.7579,1549,30.2,NORTH_EAST,PLATEAU_ESCARPMENT,2.33
TR000789,Meghalaya,West Khasi Hills,25.6373,91.3443,1336,26.4,SOUTH,PLATEAU_ESCARPMENT,1.93
TR000790,Meghalaya,Ri-Bhoi,25.9691,91.7685,539,17.3,SOUTH_EAST,DISSECTED_HILLS,1.64
TR000791,Meghalaya,West Jaintia Hills,25.3966,92.3144,1323,28.4,SOUTH,DISSECTED_HILLS,1.45
TR000792,Sikkim,East Sikkim,27.4176,88.5386,1633,44.4,SOUTH_EAST,VALLEY_GORGE,0.14
TR000793,Sikkim,North Sikkim,27.39,88.5238,2479,50.4,SOUTH_EAST,HIGH_ALPINE,0.38
TR000794,Sikkim,South Sikkim,27.2729,88.3643,1280,37.3,SOUTH_EAST,VALLEY_GORGE,0.76
TR000795,Nagaland,Kohima,25.7149,94.0189,1459,36.9,SOUTH_WEST,DISSECTED_HILLS,2.0
TR000796,Nagaland,Dimapur,26.0332,93.6173,225,4.6,NORTH,PLAINS,1.27
TR000797,Nagaland,Mokokchung,26.3262,94.5783,1301,32.1,WEST,DISSECTED_HILLS,2.34
TR000798,Manipur,Imphal West,24.8357,93.9616,845,3.0,NORTH_WEST,RIVER_VALLEY,0.52
TR000799,Manipur,Bishnupur,24.7068,93.8669,746,5.4,SOUTH,RIVER_VALLEY,0.32
TR000800,Manipur,Senapati,25.1138,93.8919,1238,27.7,SOUTH,DISSECTED_HILLS,1.59
TR000801,Mizoram,Aizawl,23.6371,92.7927,1090,35.4,SOUTH,RIDGE_SLOPE,2.19
TR000802,Mizoram,Kolasib,24.1139,92.5486,650,23.5,WEST,DISSECTED_HILLS,1.44
TR000803,Mizoram,Lunglei,22.7397,92.8342,973,32.1,NORTH_WEST,RIDGE_SLOPE,2.69
TR000804,Tripura,West Tripura,23.8501,91.2041,57,2.4,NORTH_EAST,ROLLING_PLAINS,1.1
TR000805,Tripura,Sipahijala,23.7203,91.4016,20,4.0,NORTH_WEST,ROLLING_PLAINS,2.58
TR000806,Tripura,Dhalai,23.8145,91.825,180,14.4,SOUTH,LOW_HILLS,1.55
TR000807,Arunachal Pradesh,Tawang,27.6017,91.7133,2872,43.0,NORTH,HIGH_ALPINE,5.51
TR000808,Arunachal Pradesh,West Kameng,27.3726,92.3988,2168,40.1,SOUTH_WEST,STEEP_MOUNTAIN,4.71
TR000809,Arunachal Pradesh,Papum Pare,27.1447,93.6931,329,19.7,SOUTH_WEST,DISSECTED_HILLS,1.08
TR000810,Arunachal Pradesh,East Siang,28.1335,95.234,152,7.6,EAST,RIVER_VALLEY,0.59
TR000811,Arunachal Pradesh,Lower Subansiri,27.4561,93.7321,1565,30.5,NORTH,STEEP_MOUNTAIN,2.58
TR000812,Assam,Kamrup Metropolitan,26.0782,91.6655,20,1.6,NORTH_WEST,PLAINS,0.72
TR000813,Assam,Kamrup Rural,26.1342,91.6249,20,0.4,NORTH_EAST,PLAINS,0.95
TR000814,Assam,Darrang,26.4811,92.1131,72,1.7,NORTH_WEST,FLOOD_BASIN,0.48
TR000815,Assam,Sonitpur,26.631,92.8144,63,0.4,WEST,RIVER_VALLEY,0.71
TR000816,Assam,Dibrugarh,27.4804,95.0491,114,0.4,SOUTH_WEST,FLOOD_BASIN,0.48
TR000817,Assam,Cachar,24.8081,92.79,20,1.0,SOUTH_EAST,FLOOD_BASIN,0.52
TR000818,Assam,Nagaon,26.3942,92.6333,41,0.4,EAST,PLAINS,0.94
TR000819,Meghalaya,East Khasi Hills,25.5879,92.0423,1535,31.8,NORTH_EAST,PLATEAU_ESCARPMENT,2.37
TR000820,Meghalaya,West Khasi Hills,25.3944,91.2138,1250,30.0,NORTH_WEST,PLATEAU_ESCARPMENT,1.95
TR000821,Meghalaya,Ri-Bhoi,25.9363,92.0177,577,18.4,NORTH,DISSECTED_HILLS,1.5
TR000822,Meghalaya,West Jaintia Hills,25.5389,92.084,1302,26.2,NORTH_EAST,DISSECTED_HILLS,1.03
TR000823,Sikkim,East Sikkim,27.4623,88.7031,1637,42.1,NORTH_EAST,VALLEY_GORGE,0.18
TR000824,Sikkim,North Sikkim,27.496,88.4889,2473,47.0,NORTH_WEST,HIGH_ALPINE,0.38
TR000825,Sikkim,South Sikkim,27.3045,88.2502,1338,36.4,NORTH_WEST,VALLEY_GORGE,0.15
TR000826,Nagaland,Kohima,25.5447,94.1597,1479,34.4,WEST,DISSECTED_HILLS,2.0
TR000827,Nagaland,Dimapur,26.0075,93.6392,241,4.8,SOUTH,PLAINS,1.28
TR000828,Nagaland,Mokokchung,26.4076,94.564,1380,28.9,WEST,DISSECTED_HILLS,2.3
TR000829,Manipur,Imphal West,24.6741,94.0019,729,0.4,SOUTH,RIVER_VALLEY,0.29
TR000830,Manipur,Bishnupur,24.7207,93.7819,783,5.1,WEST,RIVER_VALLEY,0.64
TR000831,Manipur,Senapati,25.2323,93.9953,1241,29.2,SOUTH_WEST,DISSECTED_HILLS,1.16
TR000832,Mizoram,Aizawl,23.7791,92.7281,1152,34.1,SOUTH,RIDGE_SLOPE,1.79
TR000833,Mizoram,Kolasib,24.2938,92.5437,658,22.4,EAST,DISSECTED_HILLS,1.55
TR000834,Mizoram,Lunglei,22.7618,92.8261,998,32.0,NORTH_EAST,RIDGE_SLOPE,2.43
TR000835,Tripura,West Tripura,23.9595,91.2512,80,2.9,SOUTH,ROLLING_PLAINS,1.26
TR000836,Tripura,Sipahijala,23.645,91.2029,22,4.5,NORTH_WEST,ROLLING_PLAINS,3.1
TR000837,Tripura,Dhalai,23.7885,91.8902,118,12.9,SOUTH_WEST,LOW_HILLS,1.94
TR000838,Arunachal Pradesh,Tawang,27.6746,91.9282,2887,46.8,SOUTH_WEST,HIGH_ALPINE,4.96
TR000839,Arunachal Pradesh,West Kameng,27.3769,92.3083,2145,35.5,NORTH_WEST,STEEP_MOUNTAIN,4.64
TR000840,Arunachal Pradesh,Papum Pare,27.1115,93.7507,299,17.1,NORTH,DISSECTED_HILLS,1.43
TR000841,Arunachal Pradesh,East Siang,28.1338,95.2395,210,9.9,SOUTH,RIVER_VALLEY,0.48
TR000842,Arunachal Pradesh,Lower Subansiri,27.4483,93.7462,1606,31.2,NORTH,STEEP_MOUNTAIN,2.62
TR000843,Assam,Kamrup Metropolitan,26.1958,91.7564,20,3.0,EAST,PLAINS,1.16
TR000844,Assam,Kamrup Rural,26.3333,91.5504,68,0.4,WEST,PLAINS,0.79
TR000845,Assam,Darrang,26.3772,91.9402,66,1.0,SOUTH,FLOOD_BASIN,0.27
TR000846,Assam,Sonitpur,26.5223,92.8392,30,1.0,SOUTH_EAST,RIVER_VALLEY,0.3
TR000847,Assam,Dibrugarh,27.3808,94.9078,90,1.4,WEST,FLOOD_BASIN,0.35
TR000848,Assam,Cachar,24.8586,92.7986,20,3.3,NORTH,FLOOD_BASIN,0.57
TR000849,Assam,Nagaon,26.2458,92.628,104,0.4,EAST,PLAINS,0.93
TR000850,Meghalaya,East Khasi Hills,25.5596,91.9953,1447,31.4,SOUTH_WEST,PLATEAU_ESCARPMENT,2.17
TR000851,Meghalaya,West Khasi Hills,25.504,91.2436,1319,27.0,SOUTH_WEST,PLATEAU_ESCARPMENT,1.91
TR000852,Meghalaya,Ri-Bhoi,25.8027,91.912,597,15.4,SOUTH_WEST,DISSECTED_HILLS,1.79
TR000853,Meghalaya,West Jaintia Hills,25.5674,92.1089,1363,27.9,EAST,DISSECTED_HILLS,0.9
TR000854,Sikkim,East Sikkim,27.2115,88.4621,1654,42.7,SOUTH_WEST,VALLEY_GORGE,0.38
TR000855,Sikkim,North Sikkim,27.5237,88.6308,2417,50.5,NORTH_EAST,HIGH_ALPINE,0.41
TR000856,Sikkim,South Sikkim,27.183,88.4996,1300,37.0,WEST,VALLEY_GORGE,0.25
TR000857,Nagaland,Kohima,25.6428,94.226,1455,37.0,NORTH_EAST,DISSECTED_HILLS,1.74
TR000858,Nagaland,Dimapur,25.8962,93.7306,185,3.1,EAST,PLAINS,0.66
TR000859,Nagaland,Mokokchung,26.2467,94.6592,1338,31.9,SOUTH_WEST,DISSECTED_HILLS,2.34
TR000860,Manipur,Imphal West,24.7091,93.8346,797,4.4,SOUTH,RIVER_VALLEY,0.68
TR000861,Manipur,Bishnupur,24.7727,93.8353,771,5.7,NORTH,RIVER_VALLEY,0.08
TR000862,Manipur,Senapati,25.3384,93.9295,1223,28.8,NORTH_EAST,DISSECTED_HILLS,1.18
TR000863,Mizoram,Aizawl,23.6391,92.8399,1116,32.4,NORTH_WEST,RIDGE_SLOPE,2.35
TR000864,Mizoram,Kolasib,24.3345,92.542,633,23.6,SOUTH_WEST,DISSECTED_HILLS,1.41
TR000865,Mizoram,Lunglei,22.8864,92.8389,1066,32.7,SOUTH_WEST,RIDGE_SLOPE,2.63
TR000866,Tripura,West Tripura,23.8525,91.2498,23,1.4,SOUTH_EAST,ROLLING_PLAINS,1.37
TR000867,Tripura,Sipahijala,23.7356,91.317,20,5.4,SOUTH,ROLLING_PLAINS,2.69
TR000868,Tripura,Dhalai,23.8218,91.9452,124,11.9,SOUTH_EAST,LOW_HILLS,1.66
TR000869,Arunachal Pradesh,Tawang,27.6174,91.86,2857,44.2,NORTH_WEST,HIGH_ALPINE,5.1
TR000870,Arunachal Pradesh,West Kameng,27.2689,92.3501,2159,36.4,NORTH,STEEP_MOUNTAIN,4.49
TR000871,Arunachal Pradesh,Papum Pare,27.1656,93.5021,289,18.1,EAST,DISSECTED_HILLS,1.16
TR000872,Arunachal Pradesh,East Siang,27.95,95.3786,156,7.8,SOUTH,RIVER_VALLEY,0.25
TR000873,Arunachal Pradesh,Lower Subansiri,27.65,93.6867,1505,30.5,NORTH_EAST,STEEP_MOUNTAIN,2.94
TR000874,Assam,Kamrup Metropolitan,26.0349,91.74,109,1.6,NORTH,PLAINS,0.59
TR000875,Assam,Kamrup Rural,26.1125,91.466,49,1.4,SOUTH_WEST,PLAINS,0.72
TR000876,Assam,Darrang,26.3076,92.0969,76,2.7,EAST,FLOOD_BASIN,0.67
TR000877,Assam,Sonitpur,26.5488,92.8246,78,3.9,SOUTH_EAST,RIVER_VALLEY,0.36
TR000878,Assam,Dibrugarh,27.5719,94.9423,149,1.2,SOUTH_WEST,FLOOD_BASIN,0.65
TR000879,Assam,Cachar,24.8703,92.7821,20,2.9,WEST,FLOOD_BASIN,0.17
TR000880,Assam,Nagaon,26.3312,92.7112,33,0.4,SOUTH_EAST,PLAINS,0.54
TR000881,Meghalaya,East Khasi Hills,25.4338,91.9001,1546,30.5,SOUTH_EAST,PLATEAU_ESCARPMENT,2.22
TR000882,Meghalaya,West Khasi Hills,25.4049,91.1389,1280,30.0,NORTH,PLATEAU_ESCARPMENT,1.94
TR000883,Meghalaya,Ri-Bhoi,26.0133,91.8894,586,14.6,NORTH,DISSECTED_HILLS,1.56
TR000884,Meghalaya,West Jaintia Hills,25.3391,92.231,1375,23.5,SOUTH_EAST,DISSECTED_HILLS,1.46
TR000885,Sikkim,East Sikkim,27.3925,88.5859,1643,41.4,NORTH_WEST,VALLEY_GORGE,0.05
TR000886,Sikkim,North Sikkim,27.5089,88.4688,2492,48.4,SOUTH,HIGH_ALPINE,0.55
TR000887,Sikkim,South Sikkim,27.1252,88.4414,1356,37.5,NORTH_EAST,VALLEY_GORGE,0.6
TR000888,Nagaland,Kohima,25.5544,93.9988,1441,37.1,NORTH_WEST,DISSECTED_HILLS,2.14
TR000889,Nagaland,Dimapur,25.7819,93.757,204,3.3,EAST,PLAINS,0.77
TR000890,Nagaland,Mokokchung,26.3877,94.6068,1333,31.1,NORTH_WEST,DISSECTED_HILLS,2.19
TR000891,Manipur,Imphal West,24.7795,93.8484,827,1.3,NORTH_EAST,RIVER_VALLEY,0.49
TR000892,Manipur,Bishnupur,24.5288,93.81,742,2.3,SOUTH,RIVER_VALLEY,0.4
TR000893,Manipur,Senapati,25.2794,94.0436,1277,29.0,NORTH_WEST,DISSECTED_HILLS,1.28
TR000894,Mizoram,Aizawl,23.7427,92.7349,1092,32.4,NORTH_WEST,RIDGE_SLOPE,2.11
TR000895,Mizoram,Kolasib,24.1461,92.622,594,25.9,NORTH,DISSECTED_HILLS,1.21
TR000896,Mizoram,Lunglei,22.7714,92.8491,975,32.7,WEST,RIDGE_SLOPE,2.54
TR000897,Tripura,West Tripura,23.8913,91.1853,20,2.1,NORTH,ROLLING_PLAINS,1.46
TR000898,Tripura,Sipahijala,23.7253,91.3462,59,4.0,EAST,ROLLING_PLAINS,2.65
TR000899,Tripura,Dhalai,23.9894,91.7016,91,13.6,NORTH,LOW_HILLS,1.66
TR000900,Arunachal Pradesh,Tawang,27.6162,91.7358,2873,43.1,NORTH_EAST,HIGH_ALPINE,5.0
TR000901,Arunachal Pradesh,West Kameng,27.1258,92.3812,2191,38.6,SOUTH_WEST,STEEP_MOUNTAIN,4.59
TR000902,Arunachal Pradesh,Papum Pare,27.1639,93.6458,359,20.1,NORTH_EAST,DISSECTED_HILLS,1.37
TR000903,Arunachal Pradesh,East Siang,28.0477,95.2365,179,11.4,EAST,RIVER_VALLEY,0.49
TR000904,Arunachal Pradesh,Lower Subansiri,27.4584,93.9152,1565,32.5,NORTH_WEST,STEEP_MOUNTAIN,2.7
TR000905,Assam,Kamrup Metropolitan,26.0453,91.597,25,2.0,NORTH,PLAINS,1.18
TR000906,Assam,Kamrup Rural,26.0611,91.4948,49,0.4,SOUTH,PLAINS,0.61
TR000907,Assam,Darrang,26.4778,92.0363,86,2.1,NORTH_WEST,FLOOD_BASIN,0.65
TR000908,Assam,Sonitpur,26.6487,92.8604,89,4.2,SOUTH_EAST,RIVER_VALLEY,0.48
TR000909,Assam,Dibrugarh,27.6118,94.845,125,3.1,EAST,FLOOD_BASIN,0.45
TR000910,Assam,Cachar,24.8045,92.6303,20,1.3,NORTH,FLOOD_BASIN,0.05
TR000911,Assam,Nagaon,26.2169,92.6223,20,2.5,NORTH,PLAINS,1.07
TR000912,Meghalaya,East Khasi Hills,25.6916,91.9872,1503,29.3,EAST,PLATEAU_ESCARPMENT,2.24
TR000913,Meghalaya,West Khasi Hills,25.4731,91.2551,1251,29.3,SOUTH,PLATEAU_ESCARPMENT,2.17
TR000914,Meghalaya,Ri-Bhoi,25.8877,91.8682,565,18.3,EAST,DISSECTED_HILLS,1.56
TR000915,Meghalaya,West Jaintia Hills,25.3773,92.1648,1370,28.5,WEST,DISSECTED_HILLS,1.29
TR000916,Sikkim,East Sikkim,27.2579,88.5512,1635,42.1,SOUTH_EAST,VALLEY_GORGE,0.05
TR000917,Sikkim,North Sikkim,27.5997,88.4745,2401,48.0,WEST,HIGH_ALPINE,0.54
TR000918,Sikkim,South Sikkim,27.1226,88.3664,1262,36.1,SOUTH_EAST,VALLEY_GORGE,0.38
TR000919,Nagaland,Kohima,25.7934,94.0393,1475,36.7,EAST,DISSECTED_HILLS,2.14
TR000920,Nagaland,Dimapur,25.9065,93.6374,229,2.5,WEST,PLAINS,0.82
TR000921,Nagaland,Mokokchung,26.2438,94.6205,1367,31.6,NORTH_EAST,DISSECTED_HILLS,1.95
TR000922,Manipur,Imphal West,24.699,94.0629,811,4.5,SOUTH,RIVER_VALLEY,0.57
TR000923,Manipur,Bishnupur,24.4844,93.8716,715,5.2,NORTH_WEST,RIVER_VALLEY,0.29
TR000924,Manipur,Senapati,25.2046,94.1294,1302,31.5,WEST,DISSECTED_HILLS,1.71
TR000925,Mizoram,Aizawl,23.7243,92.8629,1187,33.1,NORTH,RIDGE_SLOPE,2.01
TR000926,Mizoram,Kolasib,24.2951,92.5685,617,26.0,WEST,DISSECTED_HILLS,1.26
TR000927,Mizoram,Lunglei,22.8922,92.7407,1010,33.3,SOUTH_EAST,RIDGE_SLOPE,2.75
TR000928,Tripura,West Tripura,23.8187,91.1729,41,1.9,NORTH_WEST,ROLLING_PLAINS,1.4
TR000929,Tripura,Sipahijala,23.4885,91.2252,46,1.0,NORTH_EAST,ROLLING_PLAINS,2.79
TR000930,Tripura,Dhalai,23.9586,91.7561,113,10.7,EAST,LOW_HILLS,1.66
TR000931,Arunachal Pradesh,Tawang,27.62,91.8192,2903,44.1,NORTH_EAST,HIGH_ALPINE,5.22
TR000932,Arunachal Pradesh,West Kameng,27.3402,92.3754,2191,36.9,SOUTH_EAST,STEEP_MOUNTAIN,4.37
TR000933,Arunachal Pradesh,Papum Pare,26.9897,93.6394,289,20.1,SOUTH_WEST,DISSECTED_HILLS,1.42
TR000934,Arunachal Pradesh,East Siang,28.1572,95.3426,204,8.6,SOUTH_EAST,RIVER_VALLEY,0.24
TR000935,Arunachal Pradesh,Lower Subansiri,27.6877,93.7249,1603,29.9,SOUTH,STEEP_MOUNTAIN,2.82
TR000936,Assam,Kamrup Metropolitan,26.0348,91.8542,75,1.3,NORTH_EAST,PLAINS,1.02
TR000937,Assam,Kamrup Rural,26.2706,91.502,69,2.7,EAST,PLAINS,0.38
TR000938,Assam,Darrang,26.3317,91.93,20,2.7,NORTH_WEST,FLOOD_BASIN,0.36
TR000939,Assam,Sonitpur,26.6728,92.7776,60,0.9,SOUTH_EAST,RIVER_VALLEY,0.48
TR000940,Assam,Dibrugarh,27.49,95.005,92,0.4,NORTH_EAST,FLOOD_BASIN,0.23
TR000941,Assam,Cachar,24.9435,92.9178,20,2.2,NORTH,FLOOD_BASIN,0.37
TR000942,Assam,Nagaon,26.3567,92.8278,40,0.4,WEST,PLAINS,0.89
TR000943,Meghalaya,East Khasi Hills,25.575,91.9643,1543,28.4,SOUTH_EAST,PLATEAU_ESCARPMENT,2.35
TR000944,Meghalaya,West Khasi Hills,25.4991,91.397,1331,26.3,NORTH_EAST,PLATEAU_ESCARPMENT,2.08
TR000945,Meghalaya,Ri-Bhoi,25.8512,91.9194,563,16.0,SOUTH_WEST,DISSECTED_HILLS,1.84
TR000946,Meghalaya,West Jaintia Hills,25.3237,92.1531,1310,25.1,NORTH_EAST,DISSECTED_HILLS,1.04
TR000947,Sikkim,East Sikkim,27.2691,88.6499,1624,43.9,NORTH,VALLEY_GORGE,0.36
TR000948,Sikkim,North Sikkim,27.6316,88.6244,2456,50.8,SOUTH,HIGH_ALPINE,0.32
TR000949,Sikkim,South Sikkim,27.0752,88.2069,1333,34.9,WEST,VALLEY_GORGE,0.31
TR000950,Nagaland,Kohima,25.7483,94.1835,1406,34.1,SOUTH_EAST,DISSECTED_HILLS,1.62
TR000951,Nagaland,Dimapur,25.7759,93.8411,205,1.6,NORTH_WEST,PLAINS,1.15
TR000952,Nagaland,Mokokchung,26.3322,94.6688,1273,29.8,NORTH_WEST,DISSECTED_HILLS,1.95
TR000953,Manipur,Imphal West,24.8634,94.0524,764,0.8,NORTH,RIVER_VALLEY,0.73
TR000954,Manipur,Bishnupur,24.6153,93.6524,777,5.2,EAST,RIVER_VALLEY,0.07
TR000955,Manipur,Senapati,25.3091,94.1181,1231,31.3,NORTH_WEST,DISSECTED_HILLS,1.45
TR000956,Mizoram,Aizawl,23.8384,92.8481,1140,32.7,NORTH,RIDGE_SLOPE,2.38
TR000957,Mizoram,Kolasib,24.2793,92.5831,626,24.3,NORTH,DISSECTED_HILLS,1.44
TR000958,Mizoram,Lunglei,22.9932,92.7205,1041,32.2,EAST,RIDGE_SLOPE,2.45
TR000959,Tripura,West Tripura,23.7857,91.2987,78,0.4,NORTH_EAST,ROLLING_PLAINS,1.15
TR000960,Tripura,Sipahijala,23.6087,91.2087,20,0.5,NORTH,ROLLING_PLAINS,3.08
TR000961,Tripura,Dhalai,23.9544,91.8032,140,12.2,NORTH,LOW_HILLS,1.8
TR000962,Arunachal Pradesh,Tawang,27.5837,91.936,2878,42.0,SOUTH_WEST,HIGH_ALPINE,5.23
TR000963,Arunachal Pradesh,West Kameng,27.2024,92.3353,2140,38.2,NORTH,STEEP_MOUNTAIN,4.37
TR000964,Arunachal Pradesh,Papum Pare,27.215,93.5977,291,16.8,EAST,DISSECTED_HILLS,1.43
TR000965,Arunachal Pradesh,East Siang,28.0329,95.2895,128,7.1,WEST,RIVER_VALLEY,0.56
TR000966,Arunachal Pradesh,Lower Subansiri,27.555,93.92,1578,33.9,EAST,STEEP_MOUNTAIN,3.0
TR000967,Assam,Kamrup Metropolitan,26.0799,91.8091,98,0.4,WEST,PLAINS,0.67
TR000968,Assam,Kamrup Rural,26.0555,91.453,20,1.6,WEST,PLAINS,0.75
TR000969,Assam,Darrang,26.3836,92.0678,20,0.4,SOUTH_WEST,FLOOD_BASIN,0.15
TR000970,Assam,Sonitpur,26.7747,92.6492,31,1.0,WEST,RIVER_VALLEY,0.33
TR000971,Assam,Dibrugarh,27.4543,94.7645,59,0.4,NORTH,FLOOD_BASIN,0.47
TR000972,Assam,Cachar,24.7859,92.7224,67,1.8,SOUTH,FLOOD_BASIN,0.19
TR000973,Assam,Nagaon,26.4043,92.5435,20,2.7,EAST,PLAINS,1.07
TR000974,Meghalaya,East Khasi Hills,25.4456,91.976,1439,30.7,SOUTH_WEST,PLATEAU_ESCARPMENT,2.07
TR000975,Meghalaya,West Khasi Hills,25.6287,91.185,1268,29.6,NORTH,PLATEAU_ESCARPMENT,1.63
TR000976,Meghalaya,Ri-Bhoi,25.9804,91.8047,588,18.9,SOUTH_EAST,DISSECTED_HILLS,1.41
TR000977,Meghalaya,West Jaintia Hills,25.5984,92.1098,1364,27.4,SOUTH_WEST,DISSECTED_HILLS,1.19
TR000978,Sikkim,East Sikkim,27.4835,88.5983,1677,44.3,SOUTH_EAST,VALLEY_GORGE,0.46
TR000979,Sikkim,North Sikkim,27.3976,88.6185,2485,50.7,WEST,HIGH_ALPINE,0.39
TR000980,Sikkim,South Sikkim,27.096,88.3916,1265,35.5,NORTH_WEST,VALLEY_GORGE,0.18
TR000981,Nagaland,Kohima,25.7251,94.2506,1410,36.5,NORTH_EAST,DISSECTED_HILLS,1.76
TR000982,Nagaland,Dimapur,25.807,93.6603,150,3.3,NORTH_WEST,PLAINS,0.81
TR000983,Nagaland,Mokokchung,26.4657,94.5443,1348,30.9,WEST,DISSECTED_HILLS,2.24
TR000984,Manipur,Imphal West,24.7784,93.8136,745,2.2,SOUTH_WEST,RIVER_VALLEY,0.7
TR000985,Manipur,Bishnupur,24.5839,93.9054,807,4.1,SOUTH_EAST,RIVER_VALLEY,0.09
TR000986,Manipur,Senapati,25.3034,94.0704,1291,27.5,SOUTH,DISSECTED_HILLS,1.47
TR000987,Mizoram,Aizawl,23.6721,92.7351,1152,34.3,NORTH_WEST,RIDGE_SLOPE,2.27
TR000988,Mizoram,Kolasib,24.2016,92.5879,638,23.9,SOUTH_EAST,DISSECTED_HILLS,1.42
TR000989,Mizoram,Lunglei,22.8052,92.6018,1050,31.2,SOUTH_EAST,RIDGE_SLOPE,2.44
TR000990,Tripura,West Tripura,23.8906,91.1937,20,2.3,SOUTH_WEST,ROLLING_PLAINS,1.16
TR000991,Tripura,Sipahijala,23.6255,91.4223,48,5.1,EAST,ROLLING_PLAINS,2.91
TR000992,Tripura,Dhalai,23.7207,91.7465,117,13.6,NORTH_EAST,LOW_HILLS,1.7
TR000993,Arunachal Pradesh,Tawang,27.5723,91.9422,2904,43.9,SOUTH,HIGH_ALPINE,5.07
TR000994,Arunachal Pradesh,West Kameng,27.1201,92.5229,2239,38.6,NORTH_EAST,STEEP_MOUNTAIN,4.46
TR000995,Arunachal Pradesh,Papum Pare,26.9694,93.7567,364,17.9,NORTH,DISSECTED_HILLS,1.29
TR000996,Arunachal Pradesh,East Siang,28.0653,95.3414,173,8.1,SOUTH,RIVER_VALLEY,0.42
TR000997,Arunachal Pradesh,Lower Subansiri,27.4966,93.7089,1584,30.2,NORTH_WEST,STEEP_MOUNTAIN,3.09
TR000998,Assam,Kamrup Metropolitan,26.0334,91.8482,20,0.4,NORTH_EAST,PLAINS,0.67
TR000999,Assam,Kamrup Rural,26.0445,91.6045,47,1.7,SOUTH_EAST,PLAINS,0.69
TR001000,Assam,Darrang,26.5124,91.9578,38,0.4,NORTH,FLOOD_BASIN,0.52
TR001001,Assam,Sonitpur,26.4877,92.9189,101,2.1,SOUTH_EAST,RIVER_VALLEY,0.83
TR001002,Assam,Dibrugarh,27.3468,95.0023,55,0.4,NORTH_EAST,FLOOD_BASIN,0.63
TR001003,Assam,Cachar,24.9504,92.8755,66,2.8,NORTH,FLOOD_BASIN,0.49
TR001004,Assam,Nagaon,26.2749,92.5462,20,2.7,NORTH_EAST,PLAINS,0.5
TR001005,Meghalaya,East Khasi Hills,25.4936,91.8991,1442,31.6,NORTH_EAST,PLATEAU_ESCARPMENT,2.3
TR001006,Meghalaya,West Khasi Hills,25.4168,91.2679,1251,28.4,EAST,PLATEAU_ESCARPMENT,2.17
TR001007,Meghalaya,Ri-Bhoi,25.9175,91.8974,585,14.5,NORTH_WEST,DISSECTED_HILLS,1.67
TR001008,Meghalaya,West Jaintia Hills,25.4074,92.1876,1355,25.6,SOUTH,DISSECTED_HILLS,0.92
TR001009,Sikkim,East Sikkim,27.4266,88.6215,1654,41.2,NORTH_WEST,VALLEY_GORGE,0.05
TR001010,Sikkim,North Sikkim,27.6495,88.5329,2435,50.5,NORTH,HIGH_ALPINE,0.41
TR001011,Sikkim,South Sikkim,27.3191,88.4535,1292,37.5,SOUTH_WEST,VALLEY_GORGE,0.43
TR001012,Nagaland,Kohima,25.7429,94.1411,1452,36.0,SOUTH,DISSECTED_HILLS,1.79
TR001013,Nagaland,Dimapur,25.9219,93.8009,181,6.1,NORTH,PLAINS,0.94
TR001014,Nagaland,Mokokchung,26.2941,94.5879,1296,31.5,SOUTH_WEST,DISSECTED_HILLS,2.19
TR001015,Manipur,Imphal West,24.965,93.8774,763,4.6,WEST,RIVER_VALLEY,0.39
TR001016,Manipur,Bishnupur,24.5769,93.846,830,4.4,NORTH_WEST,RIVER_VALLEY,0.23
TR001017,Manipur,Senapati,25.2761,94.0269,1308,29.9,NORTH,DISSECTED_HILLS,1.21
TR001018,Mizoram,Aizawl,23.7152,92.6144,1103,32.3,WEST,RIDGE_SLOPE,2.13
TR001019,Mizoram,Kolasib,24.1399,92.7733,561,24.9,EAST,DISSECTED_HILLS,1.32
TR001020,Mizoram,Lunglei,22.7952,92.6132,1001,33.0,NORTH_EAST,RIDGE_SLOPE,2.36
TR001021,Tripura,West Tripura,23.9292,91.3437,48,3.7,SOUTH_WEST,ROLLING_PLAINS,1.01
TR001022,Tripura,Sipahijala,23.6777,91.1732,75,3.4,SOUTH,ROLLING_PLAINS,2.6
TR001023,Tripura,Dhalai,23.7168,91.9313,124,13.9,SOUTH,LOW_HILLS,1.63
TR001024,Arunachal Pradesh,Tawang,27.7152,91.7456,2938,43.1,WEST,HIGH_ALPINE,5.37
TR001025,Arunachal Pradesh,West Kameng,27.2952,92.2693,2239,38.7,SOUTH,STEEP_MOUNTAIN,4.29
TR001026,Arunachal Pradesh,Papum Pare,27.1077,93.5624,332,16.7,NORTH_WEST,DISSECTED_HILLS,1.28
TR001027,Arunachal Pradesh,East Siang,27.9822,95.1912,188,11.7,NORTH_WEST,RIVER_VALLEY,0.78
TR001028,Arunachal Pradesh,Lower Subansiri,27.6259,93.8526,1511,31.0,WEST,STEEP_MOUNTAIN,2.74
TR001029,Assam,Kamrup Metropolitan,26.1128,91.6259,20,1.1,NORTH_EAST,PLAINS,1.03
TR001030,Assam,Kamrup Rural,26.1994,91.4908,49,0.9,SOUTH_WEST,PLAINS,0.85
TR001031,Assam,Darrang,26.3411,91.9215,63,0.4,NORTH_WEST,FLOOD_BASIN,0.31
TR001032,Assam,Sonitpur,26.6552,92.811,112,2.2,SOUTH,RIVER_VALLEY,0.41
TR001033,Assam,Dibrugarh,27.4027,94.891,135,2.9,SOUTH_EAST,FLOOD_BASIN,0.21
TR001034,Assam,Cachar,24.8848,92.756,20,0.4,WEST,FLOOD_BASIN,0.17
TR001035,Assam,Nagaon,26.3918,92.7649,25,3.4,WEST,PLAINS,0.85
TR001036,Meghalaya,East Khasi Hills,25.7258,91.876,1448,30.2,EAST,PLATEAU_ESCARPMENT,2.55
TR001037,Meghalaya,West Khasi Hills,25.43,91.3156,1239,29.3,SOUTH_WEST,PLATEAU_ESCARPMENT,2.1
TR001038,Meghalaya,Ri-Bhoi,25.7837,91.7464,569,18.6,NORTH,DISSECTED_HILLS,1.81
TR001039,Meghalaya,West Jaintia Hills,25.546,92.0541,1358,27.5,EAST,DISSECTED_HILLS,1.05
TR001040,Sikkim,East Sikkim,27.3303,88.5561,1684,42.2,SOUTH,VALLEY_GORGE,0.05
TR001041,Sikkim,North Sikkim,27.507,88.4776,2451,49.1,SOUTH_WEST,HIGH_ALPINE,0.69
TR001042,Sikkim,South Sikkim,27.2285,88.4005,1288,36.6,NORTH_EAST,VALLEY_GORGE,0.58
TR001043,Nagaland,Kohima,25.5381,94.0097,1416,34.3,NORTH_EAST,DISSECTED_HILLS,2.0
TR001044,Nagaland,Dimapur,25.8382,93.717,255,1.3,SOUTH_WEST,PLAINS,0.9
TR001045,Nagaland,Mokokchung,26.2564,94.6256,1344,30.3,SOUTH_EAST,DISSECTED_HILLS,1.92
TR001046,Manipur,Imphal West,24.7547,94.0518,774,0.9,NORTH_EAST,RIVER_VALLEY,0.5
TR001047,Manipur,Bishnupur,24.7754,93.6444,750,3.4,EAST,RIVER_VALLEY,0.44
TR001048,Manipur,Senapati,25.1364,93.9197,1248,29.8,SOUTH,DISSECTED_HILLS,1.61
TR001049,Mizoram,Aizawl,23.589,92.8443,1109,32.2,SOUTH_EAST,RIDGE_SLOPE,2.01
TR001050,Mizoram,Kolasib,24.1171,92.634,595,23.8,SOUTH_EAST,DISSECTED_HILLS,1.15
TR001051,Mizoram,Lunglei,23.0288,92.8836,995,33.1,NORTH_EAST,RIDGE_SLOPE,2.66
TR001052,Tripura,West Tripura,23.9451,91.4039,79,4.6,NORTH_EAST,ROLLING_PLAINS,1.56
TR001053,Tripura,Sipahijala,23.7697,91.2297,20,5.0,SOUTH,ROLLING_PLAINS,2.98
TR001054,Tripura,Dhalai,23.7263,91.8147,166,12.6,NORTH_EAST,LOW_HILLS,1.76
TR001055,Arunachal Pradesh,Tawang,27.5043,91.7815,2859,44.1,NORTH,HIGH_ALPINE,5.15
TR001056,Arunachal Pradesh,West Kameng,27.2961,92.4007,2156,36.5,NORTH,STEEP_MOUNTAIN,4.34
TR001057,Arunachal Pradesh,Papum Pare,27.1128,93.7066,370,16.7,SOUTH_WEST,DISSECTED_HILLS,1.4
TR001058,Arunachal Pradesh,East Siang,28.1856,95.4489,150,11.7,NORTH_WEST,RIVER_VALLEY,0.78
TR001059,Arunachal Pradesh,Lower Subansiri,27.4435,93.9599,1617,30.7,EAST,STEEP_MOUNTAIN,2.59
TR001060,Assam,Kamrup Metropolitan,26.1544,91.802,20,0.4,SOUTH,PLAINS,1.12
TR001061,Assam,Kamrup Rural,26.2531,91.6416,110,3.3,NORTH_EAST,PLAINS,0.97
TR001062,Assam,Darrang,26.393,92.1047,97,3.1,NORTH_WEST,FLOOD_BASIN,0.66
TR001063,Assam,Sonitpur,26.5659,92.8763,31,0.4,WEST,RIVER_VALLEY,0.27
TR001064,Assam,Dibrugarh,27.6186,94.9471,125,1.1,SOUTH_WEST,FLOOD_BASIN,0.3
TR001065,Assam,Cachar,24.753,92.8351,20,0.4,SOUTH_EAST,FLOOD_BASIN,0.46
TR001066,Assam,Nagaon,26.2354,92.7878,64,2.1,NORTH,PLAINS,0.69
TR001067,Meghalaya,East Khasi Hills,25.6844,91.8907,1447,28.8,SOUTH,PLATEAU_ESCARPMENT,2.1
TR001068,Meghalaya,West Khasi Hills,25.4826,91.4006,1338,26.8,EAST,PLATEAU_ESCARPMENT,1.82
TR001069,Meghalaya,Ri-Bhoi,25.9727,92.0265,586,15.0,NORTH_WEST,DISSECTED_HILLS,1.37
TR001070,Meghalaya,West Jaintia Hills,25.5864,92.1818,1348,25.9,EAST,DISSECTED_HILLS,1.06
TR001071,Sikkim,East Sikkim,27.3262,88.5305,1641,43.4,NORTH_EAST,VALLEY_GORGE,0.25
TR001072,Sikkim,North Sikkim,27.5973,88.6161,2440,49.1,SOUTH_WEST,HIGH_ALPINE,0.53
TR001073,Sikkim,South Sikkim,27.1981,88.3576,1352,37.2,SOUTH_WEST,VALLEY_GORGE,0.18
TR001074,Nagaland,Kohima,25.5579,94.0957,1492,33.5,NORTH,DISSECTED_HILLS,2.2
TR001075,Nagaland,Dimapur,25.9124,93.6962,229,1.5,SOUTH_EAST,PLAINS,0.9
TR001076,Nagaland,Mokokchung,26.4045,94.6588,1284,30.0,WEST,DISSECTED_HILLS,2.11
TR001077,Manipur,Imphal West,24.7584,94.0351,784,0.5,NORTH,RIVER_VALLEY,0.44
TR001078,Manipur,Bishnupur,24.7581,93.8215,825,1.7,NORTH_EAST,RIVER_VALLEY,0.59
TR001079,Manipur,Senapati,25.2455,94.0768,1204,27.9,NORTH_EAST,DISSECTED_HILLS,1.53
TR001080,Mizoram,Aizawl,23.8454,92.7315,1120,32.6,WEST,RIDGE_SLOPE,2.04
TR001081,Mizoram,Kolasib,24.1237,92.7071,641,26.5,EAST,DISSECTED_HILLS,1.52
TR001082,Mizoram,Lunglei,22.7571,92.6872,1043,33.5,NORTH_EAST,RIDGE_SLOPE,2.77
TR001083,Tripura,West Tripura,23.897,91.1739,20,3.1,NORTH_WEST,ROLLING_PLAINS,1.36
TR001084,Tripura,Sipahijala,23.5106,91.3742,65,4.5,SOUTH,ROLLING_PLAINS,2.88
TR001085,Tripura,Dhalai,23.9849,91.8136,128,9.7,NORTH,LOW_HILLS,1.46
TR001086,Arunachal Pradesh,Tawang,27.5367,91.9708,2950,42.8,WEST,HIGH_ALPINE,5.51
TR001087,Arunachal Pradesh,West Kameng,27.1682,92.4795,2193,37.0,SOUTH,STEEP_MOUNTAIN,4.72
TR001088,Arunachal Pradesh,Papum Pare,27.2387,93.5532,283,16.6,EAST,DISSECTED_HILLS,1.04
TR001089,Arunachal Pradesh,East Siang,27.9769,95.3628,127,6.8,EAST,RIVER_VALLEY,0.47
TR001090,Arunachal Pradesh,Lower Subansiri,27.5496,93.9222,1577,34.3,NORTH,STEEP_MOUNTAIN,2.7
TR001091,Assam,Kamrup Metropolitan,26.1712,91.7289,47,0.9,NORTH_WEST,PLAINS,0.94
TR001092,Assam,Kamrup Rural,26.037,91.6767,33,1.5,SOUTH_EAST,PLAINS,0.71
TR001093,Assam,Darrang,26.5496,91.8957,20,0.4,SOUTH_WEST,FLOOD_BASIN,0.28
TR001094,Assam,Sonitpur,26.5274,92.6523,91,3.8,SOUTH_WEST,RIVER_VALLEY,0.44
TR001095,Assam,Dibrugarh,27.5989,94.7767,101,3.3,WEST,FLOOD_BASIN,0.25
TR001096,Assam,Cachar,24.7686,92.8272,54,2.3,EAST,FLOOD_BASIN,0.46
TR001097,Assam,Nagaon,26.2484,92.6706,78,0.4,NORTH,PLAINS,0.47
TR001098,Meghalaya,East Khasi Hills,25.6594,91.8401,1544,29.9,EAST,PLATEAU_ESCARPMENT,1.99
TR001099,Meghalaya,West Khasi Hills,25.4882,91.2751,1257,27.9,EAST,PLATEAU_ESCARPMENT,1.63
TR001100,Meghalaya,Ri-Bhoi,26.0078,91.8288,542,16.6,SOUTH,DISSECTED_HILLS,1.7
TR001101,Meghalaya,West Jaintia Hills,25.4836,92.0828,1363,28.4,SOUTH,DISSECTED_HILLS,1.19
TR001102,Sikkim,East Sikkim,27.2152,88.6737,1667,44.2,SOUTH_WEST,VALLEY_GORGE,0.49
TR001103,Sikkim,North Sikkim,27.4362,88.5827,2430,47.3,NORTH_EAST,HIGH_ALPINE,0.42
TR001104,Sikkim,South Sikkim,27.207,88.4781,1318,36.5,SOUTH_EAST,VALLEY_GORGE,0.49
TR001105,Nagaland,Kohima,25.7147,94.1064,1403,37.7,NORTH_EAST,DISSECTED_HILLS,1.7
TR001106,Nagaland,Dimapur,25.8439,93.6356,150,1.4,SOUTH,PLAINS,1.06
TR001107,Nagaland,Mokokchung,26.2104,94.6244,1362,31.6,SOUTH,DISSECTED_HILLS,2.12
TR001108,Manipur,Imphal West,24.6806,93.8917,828,2.9,NORTH_WEST,RIVER_VALLEY,0.26
TR001109,Manipur,Bishnupur,24.5428,93.699,811,1.3,NORTH,RIVER_VALLEY,0.25
TR001110,Manipur,Senapati,25.275,94.0901,1204,30.4,NORTH_WEST,DISSECTED_HILLS,1.37
TR001111,Mizoram,Aizawl,23.7944,92.7524,1073,34.7,NORTH_EAST,RIDGE_SLOPE,1.88
TR001112,Mizoram,Kolasib,24.3201,92.8067,611,26.6,NORTH_WEST,DISSECTED_HILLS,1.47
TR001113,Mizoram,Lunglei,22.9237,92.7344,1040,31.3,SOUTH_EAST,RIDGE_SLOPE,2.81
TR001114,Tripura,West Tripura,23.9503,91.2755,79,1.7,NORTH,ROLLING_PLAINS,1.43
TR001115,Tripura,Sipahijala,23.7355,91.2518,64,3.9,EAST,ROLLING_PLAINS,2.91
TR001116,Tripura,Dhalai,23.7056,91.8732,122,13.5,NORTH_EAST,LOW_HILLS,1.93
TR001117,Arunachal Pradesh,Tawang,27.5422,92.0003,2875,46.2,SOUTH_WEST,HIGH_ALPINE,5.17
TR001118,Arunachal Pradesh,West Kameng,27.2271,92.4262,2161,38.4,WEST,STEEP_MOUNTAIN,4.5
TR001119,Arunachal Pradesh,Papum Pare,27.129,93.726,356,17.5,NORTH,DISSECTED_HILLS,1.51
TR001120,Arunachal Pradesh,East Siang,28.129,95.2574,106,9.2,NORTH_EAST,RIVER_VALLEY,0.3
TR001121,Arunachal Pradesh,Lower Subansiri,27.5356,93.9652,1527,32.5,SOUTH_EAST,STEEP_MOUNTAIN,2.66
TR001122,Assam,Kamrup Metropolitan,26.1068,91.5974,20,3.3,SOUTH,PLAINS,0.84
TR001123,Assam,Kamrup Rural,26.0425,91.5568,62,0.4,NORTH_WEST,PLAINS,0.57
TR001124,Assam,Darrang,26.447,92.1432,31,2.5,WEST,FLOOD_BASIN,0.14
TR001125,Assam,Sonitpur,26.7453,92.8892,138,2.2,SOUTH_WEST,RIVER_VALLEY,0.9
TR001126,Assam,Dibrugarh,27.3844,94.773,97,1.9,SOUTH,FLOOD_BASIN,0.49
TR001127,Assam,Cachar,24.6845,92.9086,52,3.5,SOUTH_WEST,FLOOD_BASIN,0.52
TR001128,Assam,Nagaon,26.2952,92.8008,20,1.1,NORTH_WEST,PLAINS,0.88
TR001129,Meghalaya,East Khasi Hills,25.5225,91.9166,1469,31.2,WEST,PLATEAU_ESCARPMENT,2.09
TR001130,Meghalaya,West Khasi Hills,25.4202,91.196,1288,27.1,EAST,PLATEAU_ESCARPMENT,1.84
TR001131,Meghalaya,Ri-Bhoi,25.7853,91.7748,525,14.6,NORTH_EAST,DISSECTED_HILLS,1.87
TR001132,Meghalaya,West Jaintia Hills,25.4679,92.0807,1339,25.3,NORTH,DISSECTED_HILLS,1.06
TR001133,Sikkim,East Sikkim,27.2314,88.6678,1626,42.4,SOUTH_WEST,VALLEY_GORGE,0.05
TR001134,Sikkim,North Sikkim,27.4434,88.6677,2459,48.2,EAST,HIGH_ALPINE,0.13
TR001135,Sikkim,South Sikkim,27.1612,88.4026,1253,35.6,NORTH,VALLEY_GORGE,0.21
TR001136,Nagaland,Kohima,25.6427,94.17,1494,36.3,WEST,DISSECTED_HILLS,2.09
TR001137,Nagaland,Dimapur,25.9666,93.7624,174,3.0,NORTH_EAST,PLAINS,0.78
TR001138,Nagaland,Mokokchung,26.4025,94.6128,1270,33.4,NORTH,DISSECTED_HILLS,2.34
TR001139,Manipur,Imphal West,24.8067,93.8263,829,3.7,WEST,RIVER_VALLEY,0.7
TR001140,Manipur,Bishnupur,24.5116,93.7076,792,4.6,WEST,RIVER_VALLEY,0.35
TR001141,Manipur,Senapati,25.1795,93.9271,1300,31.5,NORTH_EAST,DISSECTED_HILLS,1.32
TR001142,Mizoram,Aizawl,23.6861,92.6226,1187,33.8,SOUTH_EAST,RIDGE_SLOPE,2.26
TR001143,Mizoram,Kolasib,24.3347,92.666,553,22.3,NORTH_WEST,DISSECTED_HILLS,1.02
TR001144,Mizoram,Lunglei,22.8736,92.8437,996,32.8,SOUTH_EAST,RIDGE_SLOPE,2.64
TR001145,Tripura,West Tripura,23.7197,91.1677,79,3.2,SOUTH,ROLLING_PLAINS,1.02
TR001146,Tripura,Sipahijala,23.6518,91.1833,20,3.2,SOUTH_EAST,ROLLING_PLAINS,2.81
TR001147,Tripura,Dhalai,23.824,91.8863,150,10.3,SOUTH_WEST,LOW_HILLS,1.66
TR001148,Arunachal Pradesh,Tawang,27.4559,91.7719,2928,45.0,NORTH_WEST,HIGH_ALPINE,5.46
TR001149,Arunachal Pradesh,West Kameng,27.2451,92.5021,2209,39.0,NORTH_EAST,STEEP_MOUNTAIN,4.36
TR001150,Arunachal Pradesh,Papum Pare,27.1513,93.6884,351,18.9,NORTH_EAST,DISSECTED_HILLS,1.27
TR001151,Arunachal Pradesh,East Siang,28.0936,95.3149,166,7.2,NORTH,RIVER_VALLEY,0.44
TR001152,Arunachal Pradesh,Lower Subansiri,27.4924,93.8017,1576,30.4,EAST,STEEP_MOUNTAIN,3.08
TR001153,Assam,Kamrup Metropolitan,26.2259,91.6999,58,1.9,SOUTH_EAST,PLAINS,0.59
TR001154,Assam,Kamrup Rural,26.1003,91.4537,72,2.9,SOUTH,PLAINS,0.76
TR001155,Assam,Darrang,26.3021,91.925,20,0.9,NORTH_WEST,FLOOD_BASIN,0.24
TR001156,Assam,Sonitpur,26.6685,92.7767,44,3.0,NORTH_WEST,RIVER_VALLEY,0.46
TR001157,Assam,Dibrugarh,27.4939,95.036,86,2.9,NORTH,FLOOD_BASIN,0.76
TR001158,Assam,Cachar,24.8986,92.9034,20,2.2,SOUTH,FLOOD_BASIN,0.35
TR001159,Assam,Nagaon,26.3483,92.7883,113,0.4,NORTH_WEST,PLAINS,0.69
TR001160,Meghalaya,East Khasi Hills,25.5935,91.7592,1520,30.8,EAST,PLATEAU_ESCARPMENT,2.59
TR001161,Meghalaya,West Khasi Hills,25.3929,91.1947,1223,26.7,NORTH,PLATEAU_ESCARPMENT,2.01
TR001162,Meghalaya,Ri-Bhoi,25.8683,91.8254,538,16.0,EAST,DISSECTED_HILLS,1.53
TR001163,Meghalaya,West Jaintia Hills,25.3634,92.102,1287,24.4,SOUTH_EAST,DISSECTED_HILLS,1.1
TR001164,Sikkim,East Sikkim,27.4662,88.7085,1609,40.9,NORTH_EAST,VALLEY_GORGE,0.42
TR001165,Sikkim,North Sikkim,27.3877,88.4035,2472,46.1,SOUTH_EAST,HIGH_ALPINE,0.52
TR001166,Sikkim,South Sikkim,27.166,88.331,1257,34.1,SOUTH_EAST,VALLEY_GORGE,0.57
TR001167,Nagaland,Kohima,25.6499,94.0954,1480,36.8,NORTH_WEST,DISSECTED_HILLS,2.15
TR001168,Nagaland,Dimapur,25.9438,93.7138,189,4.1,EAST,PLAINS,0.94
TR001169,Nagaland,Mokokchung,26.2816,94.4257,1337,28.5,NORTH_EAST,DISSECTED_HILLS,2.17
TR001170,Manipur,Imphal West,24.8863,94.0004,759,1.8,NORTH_WEST,RIVER_VALLEY,0.61
TR001171,Manipur,Bishnupur,24.5925,93.908,782,3.4,WEST,RIVER_VALLEY,0.29
TR001172,Manipur,Senapati,25.2841,94.1485,1200,27.7,SOUTH_EAST,DISSECTED_HILLS,1.63
TR001173,Mizoram,Aizawl,23.8722,92.8627,1169,31.9,EAST,RIDGE_SLOPE,2.09
TR001174,Mizoram,Kolasib,24.227,92.713,581,24.4,EAST,DISSECTED_HILLS,1.43
TR001175,Mizoram,Lunglei,23.0181,92.6134,1041,31.7,NORTH_EAST,RIDGE_SLOPE,2.63
TR001176,Tripura,West Tripura,23.8654,91.4079,43,3.5,NORTH,ROLLING_PLAINS,1.25
TR001177,Tripura,Sipahijala,23.6388,91.3028,65,2.2,NORTH_EAST,ROLLING_PLAINS,2.78
TR001178,Tripura,Dhalai,23.9933,91.7884,101,9.7,SOUTH,LOW_HILLS,1.95
TR001179,Arunachal Pradesh,Tawang,27.6609,91.9275,2912,43.3,SOUTH,HIGH_ALPINE,5.36
TR001180,Arunachal Pradesh,West Kameng,27.2879,92.4378,2224,40.5,NORTH,STEEP_MOUNTAIN,4.78
TR001181,Arunachal Pradesh,Papum Pare,27.1377,93.5526,270,16.6,SOUTH_EAST,DISSECTED_HILLS,1.0
TR001182,Arunachal Pradesh,East Siang,28.1511,95.2516,173,8.1,NORTH,RIVER_VALLEY,0.71
TR001183,Arunachal Pradesh,Lower Subansiri,27.4043,93.7135,1522,34.5,WEST,STEEP_MOUNTAIN,3.03
TR001184,Assam,Kamrup Metropolitan,26.1922,91.6971,20,0.4,SOUTH,PLAINS,1.01
TR001185,Assam,Kamrup Rural,26.1805,91.6518,108,0.4,EAST,PLAINS,0.99
TR001186,Assam,Darrang,26.5922,92.0597,97,0.4,NORTH_WEST,FLOOD_BASIN,0.37
TR001187,Assam,Sonitpur,26.7819,92.8737,48,2.9,EAST,RIVER_VALLEY,0.72
TR001188,Assam,Dibrugarh,27.373,94.9353,155,0.4,NORTH_EAST,FLOOD_BASIN,0.57
TR001189,Assam,Cachar,24.9099,92.6637,20,1.6,SOUTH,FLOOD_BASIN,0.26
TR001190,Assam,Nagaon,26.3381,92.8185,122,1.2,SOUTH,PLAINS,0.7
TR001191,Meghalaya,East Khasi Hills,25.6405,91.8857,1448,30.7,WEST,PLATEAU_ESCARPMENT,2.23
TR001192,Meghalaya,West Khasi Hills,25.4466,91.3492,1268,28.9,SOUTH_EAST,PLATEAU_ESCARPMENT,2.18
TR001193,Meghalaya,Ri-Bhoi,25.9549,91.7423,607,16.7,SOUTH,DISSECTED_HILLS,1.48
TR001194,Meghalaya,West Jaintia Hills,25.5533,92.2331,1353,27.8,WEST,DISSECTED_HILLS,1.07
TR001195,Sikkim,East Sikkim,27.269,88.486,1673,42.4,EAST,VALLEY_GORGE,0.15
TR001196,Sikkim,North Sikkim,27.5526,88.4725,2476,48.9,NORTH_WEST,HIGH_ALPINE,0.18
TR001197,Sikkim,South Sikkim,27.1212,88.4071,1263,35.3,NORTH_WEST,VALLEY_GORGE,0.16
TR001198,Nagaland,Kohima,25.5276,93.979,1432,33.8,NORTH_EAST,DISSECTED_HILLS,1.62
TR001199,Nagaland,Dimapur,25.8906,93.6433,171,2.6,SOUTH,PLAINS,0.67
TR001200,Nagaland,Mokokchung,26.3608,94.3871,1336,31.8,EAST,DISSECTED_HILLS,2.39
TR001201,Manipur,Imphal West,24.9521,93.9782,815,4.5,SOUTH_WEST,RIVER_VALLEY,0.31
TR001202,Manipur,Bishnupur,24.6638,93.7273,807,5.5,SOUTH,RIVER_VALLEY,0.42
TR001203,Manipur,Senapati,25.4001,94.1288,1279,27.9,WEST,DISSECTED_HILLS,1.34
TR001204,Mizoram,Aizawl,23.7752,92.5903,1128,35.1,SOUTH_EAST,RIDGE_SLOPE,1.93
TR001205,Mizoram,Kolasib,24.1981,92.801,648,25.9,SOUTH_EAST,DISSECTED_HILLS,1.12
TR001206,Mizoram,Lunglei,22.9642,92.6732,967,30.9,NORTH,RIDGE_SLOPE,2.47
TR001207,Tripura,West Tripura,23.6995,91.4235,20,0.5,NORTH_WEST,ROLLING_PLAINS,1.0
TR001208,Tripura,Sipahijala,23.7788,91.2222,22,1.4,EAST,ROLLING_PLAINS,2.87
TR001209,Tripura,Dhalai,23.7432,91.9306,107,12.6,NORTH_WEST,LOW_HILLS,1.42
TR001210,Arunachal Pradesh,Tawang,27.5686,91.7871,2844,42.4,SOUTH_EAST,HIGH_ALPINE,5.32
TR001211,Arunachal Pradesh,West Kameng,27.1897,92.3997,2254,38.0,NORTH_EAST,STEEP_MOUNTAIN,4.67
TR001212,Arunachal Pradesh,Papum Pare,26.9507,93.478,309,17.3,EAST,DISSECTED_HILLS,1.41
TR001213,Arunachal Pradesh,East Siang,28.1874,95.3484,160,10.2,SOUTH_WEST,RIVER_VALLEY,0.65
TR001214,Arunachal Pradesh,Lower Subansiri,27.5434,93.8012,1593,33.8,WEST,STEEP_MOUNTAIN,3.06
TR001215,Assam,Kamrup Metropolitan,26.1565,91.5872,83,2.8,WEST,PLAINS,0.86
TR001216,Assam,Kamrup Rural,26.2052,91.6925,43,0.4,WEST,PLAINS,0.55
TR001217,Assam,Darrang,26.3186,92.1801,74,0.4,NORTH_EAST,FLOOD_BASIN,0.4
TR001218,Assam,Sonitpur,26.7721,92.6667,76,3.4,SOUTH,RIVER_VALLEY,0.44
TR001219,Assam,Dibrugarh,27.3837,94.9283,97,1.6,WEST,FLOOD_BASIN,0.34
TR001220,Assam,Cachar,24.8003,92.6609,53,1.1,SOUTH_WEST,FLOOD_BASIN,0.05
TR001221,Assam,Nagaon,26.385,92.7546,21,0.4,WEST,PLAINS,0.47
TR001222,Meghalaya,East Khasi Hills,25.7277,91.8148,1479,28.3,NORTH_EAST,PLATEAU_ESCARPMENT,2.3
TR001223,Meghalaya,West Khasi Hills,25.4523,91.2702,1326,29.6,SOUTH,PLATEAU_ESCARPMENT,2.18
TR001224,Meghalaya,Ri-Bhoi,25.7549,91.8318,533,17.9,EAST,DISSECTED_HILLS,1.28
TR001225,Meghalaya,West Jaintia Hills,25.3355,92.2921,1355,26.1,WEST,DISSECTED_HILLS,1.46
TR001226,Sikkim,East Sikkim,27.45,88.6175,1684,42.4,WEST,VALLEY_GORGE,0.45
TR001227,Sikkim,North Sikkim,27.3611,88.4425,2473,46.1,NORTH,HIGH_ALPINE,0.64
TR001228,Sikkim,South Sikkim,27.2055,88.2728,1323,34.4,SOUTH_WEST,VALLEY_GORGE,0.26
TR001229,Nagaland,Kohima,25.5401,94.0508,1481,33.8,SOUTH_EAST,DISSECTED_HILLS,1.95
TR001230,Nagaland,Dimapur,26.0074,93.5967,239,1.8,SOUTH_EAST,PLAINS,0.97
TR001231,Nagaland,Mokokchung,26.4148,94.4362,1362,29.5,EAST,DISSECTED_HILLS,2.07
TR001232,Manipur,Imphal West,24.9178,94.0082,776,1.3,NORTH,RIVER_VALLEY,0.88
TR001233,Manipur,Bishnupur,24.6552,93.6557,817,5.8,SOUTH_EAST,RIVER_VALLEY,0.19
TR001234,Manipur,Senapati,25.1237,93.912,1198,27.6,SOUTH_EAST,DISSECTED_HILLS,1.24
TR001235,Mizoram,Aizawl,23.7016,92.7765,1140,31.3,NORTH,RIDGE_SLOPE,1.91
TR001236,Mizoram,Kolasib,24.2446,92.57,651,26.2,NORTH,DISSECTED_HILLS,1.35
TR001237,Mizoram,Lunglei,22.9633,92.5947,1022,29.4,SOUTH_EAST,RIDGE_SLOPE,2.25
TR001238,Tripura,West Tripura,23.9593,91.3488,50,4.0,WEST,ROLLING_PLAINS,1.22
TR001239,Tripura,Sipahijala,23.7272,91.3938,60,1.1,NORTH_EAST,ROLLING_PLAINS,2.64
TR001240,Tripura,Dhalai,23.7813,91.8351,110,14.2,SOUTH_WEST,LOW_HILLS,1.75
TR001241,Arunachal Pradesh,Tawang,27.4474,91.7634,2903,45.1,NORTH_WEST,HIGH_ALPINE,5.01
TR001242,Arunachal Pradesh,West Kameng,27.3624,92.3563,2193,35.5,SOUTH,STEEP_MOUNTAIN,4.4
TR001243,Arunachal Pradesh,Papum Pare,26.9857,93.6257,272,19.1,SOUTH,DISSECTED_HILLS,1.51
TR001244,Arunachal Pradesh,East Siang,28.212,95.3283,154,10.6,SOUTH_EAST,RIVER_VALLEY,0.58
TR001245,Arunachal Pradesh,Lower Subansiri,27.4829,93.7381,1601,30.6,SOUTH,STEEP_MOUNTAIN,3.1
TR001246,Assam,Kamrup Metropolitan,26.2679,91.7355,20,2.1,EAST,PLAINS,0.58
TR001247,Assam,Kamrup Rural,26.2285,91.4975,53,0.4,NORTH_EAST,PLAINS,0.75
TR001248,Assam,Darrang,26.569,92.0169,20,2.3,NORTH_EAST,FLOOD_BASIN,0.65
TR001249,Assam,Sonitpur,26.5366,92.8782,80,2.2,SOUTH,RIVER_VALLEY,0.3
TR001250,Assam,Dibrugarh,27.3934,94.8954,122,0.4,WEST,FLOOD_BASIN,0.28
TR001251,Assam,Cachar,24.8864,92.7266,64,0.4,EAST,FLOOD_BASIN,0.1
TR001252,Assam,Nagaon,26.2663,92.6578,29,0.4,EAST,PLAINS,0.59
TR001253,Meghalaya,East Khasi Hills,25.5701,91.8886,1543,30.2,NORTH,PLATEAU_ESCARPMENT,2.09
TR001254,Meghalaya,West Khasi Hills,25.5428,91.1634,1267,26.2,NORTH_EAST,PLATEAU_ESCARPMENT,2.02
TR001255,Meghalaya,Ri-Bhoi,25.9396,92.0227,515,15.7,NORTH,DISSECTED_HILLS,1.27
TR001256,Meghalaya,West Jaintia Hills,25.4706,92.1342,1284,27.8,NORTH_WEST,DISSECTED_HILLS,1.15
TR001257,Sikkim,East Sikkim,27.2403,88.5596,1703,41.0,EAST,VALLEY_GORGE,0.05
TR001258,Sikkim,North Sikkim,27.5884,88.6858,2505,46.8,EAST,HIGH_ALPINE,0.68
TR001259,Sikkim,South Sikkim,27.2765,88.2259,1349,36.3,NORTH_WEST,VALLEY_GORGE,0.71
TR001260,Nagaland,Kohima,25.59,94.1006,1439,34.7,NORTH_EAST,DISSECTED_HILLS,2.02
TR001261,Nagaland,Dimapur,25.9777,93.6515,176,3.5,NORTH_EAST,PLAINS,0.79
TR001262,Nagaland,Mokokchung,26.4532,94.6539,1376,31.4,WEST,DISSECTED_HILLS,1.85
TR001263,Manipur,Imphal West,24.9611,93.7988,785,3.4,SOUTH,RIVER_VALLEY,0.58
TR001264,Manipur,Bishnupur,24.6101,93.7328,813,5.0,NORTH_WEST,RIVER_VALLEY,0.58
TR001265,Manipur,Senapati,25.2457,93.9322,1261,30.8,SOUTH_EAST,DISSECTED_HILLS,1.6
TR001266,Mizoram,Aizawl,23.6991,92.633,1115,32.0,SOUTH_EAST,RIDGE_SLOPE,2.17
TR001267,Mizoram,Kolasib,24.0972,92.6739,589,22.8,NORTH_WEST,DISSECTED_HILLS,1.25
TR001268,Mizoram,Lunglei,22.9011,92.7651,1018,31.3,SOUTH_EAST,RIDGE_SLOPE,2.34
TR001269,Tripura,West Tripura,23.8924,91.1923,86,1.5,EAST,ROLLING_PLAINS,1.25
TR001270,Tripura,Sipahijala,23.675,91.4201,20,2.4,NORTH,ROLLING_PLAINS,3.0
TR001271,Tripura,Dhalai,23.8593,91.789,176,10.8,EAST,LOW_HILLS,1.96
TR001272,Arunachal Pradesh,Tawang,27.5988,91.9477,2940,45.4,SOUTH_WEST,HIGH_ALPINE,5.35
TR001273,Arunachal Pradesh,West Kameng,27.2152,92.5456,2205,40.2,SOUTH_EAST,STEEP_MOUNTAIN,4.69
TR001274,Arunachal Pradesh,Papum Pare,27.2168,93.4999,306,18.3,SOUTH_WEST,DISSECTED_HILLS,0.98
TR001275,Arunachal Pradesh,East Siang,28.0259,95.3705,185,7.0,SOUTH_EAST,RIVER_VALLEY,0.61
TR001276,Arunachal Pradesh,Lower Subansiri,27.4614,93.9744,1530,32.6,WEST,STEEP_MOUNTAIN,2.97
TR001277,Assam,Kamrup Metropolitan,26.2157,91.8119,106,3.5,SOUTH_WEST,PLAINS,0.69
TR001278,Assam,Kamrup Rural,26.2585,91.4796,43,2.9,SOUTH,PLAINS,0.68
TR001279,Assam,Darrang,26.4289,91.8973,39,0.4,NORTH,FLOOD_BASIN,0.37
TR001280,Assam,Sonitpur,26.6418,92.6794,108,2.3,EAST,RIVER_VALLEY,0.79
TR001281,Assam,Dibrugarh,27.5926,94.8976,95,2.3,NORTH_WEST,FLOOD_BASIN,0.76
TR001282,Assam,Cachar,24.9259,92.9112,20,0.4,WEST,FLOOD_BASIN,0.52
TR001283,Assam,Nagaon,26.2214,92.6512,26,0.4,SOUTH_WEST,PLAINS,1.07
TR001284,Meghalaya,East Khasi Hills,25.4616,91.8261,1519,28.7,WEST,PLATEAU_ESCARPMENT,2.05
TR001285,Meghalaya,West Khasi Hills,25.4213,91.3956,1222,27.0,NORTH,PLATEAU_ESCARPMENT,2.18
TR001286,Meghalaya,Ri-Bhoi,25.9124,91.7696,534,16.1,NORTH_WEST,DISSECTED_HILLS,1.73
TR001287,Meghalaya,West Jaintia Hills,25.3064,92.1067,1272,27.9,SOUTH,DISSECTED_HILLS,1.0
TR001288,Sikkim,East Sikkim,27.4731,88.6499,1642,42.4,NORTH_EAST,VALLEY_GORGE,0.28
TR001289,Sikkim,North Sikkim,27.586,88.5458,2475,49.5,WEST,HIGH_ALPINE,0.6
TR001290,Sikkim,South Sikkim,27.1536,88.2912,1256,38.2,NORTH_EAST,VALLEY_GORGE,0.35
TR001291,Nagaland,Kohima,25.7619,94.0266,1427,38.2,NORTH_EAST,DISSECTED_HILLS,2.05
TR001292,Nagaland,Dimapur,25.771,93.6834,193,6.1,SOUTH_EAST,PLAINS,1.05
TR001293,Nagaland,Mokokchung,26.2232,94.5306,1283,33.4,SOUTH,DISSECTED_HILLS,2.4
TR001294,Manipur,Imphal West,24.8749,93.9867,744,0.5,WEST,RIVER_VALLEY,0.33
TR001295,Manipur,Bishnupur,24.7805,93.7869,766,2.3,SOUTH,RIVER_VALLEY,0.17
TR001296,Manipur,Senapati,25.2787,93.8704,1230,31.9,NORTH_EAST,DISSECTED_HILLS,1.25
TR001297,Mizoram,Aizawl,23.7116,92.8602,1138,32.0,SOUTH_WEST,RIDGE_SLOPE,2.35
TR001298,Mizoram,Kolasib,24.1914,92.6798,568,26.7,SOUTH_WEST,DISSECTED_HILLS,1.55
TR001299,Mizoram,Lunglei,22.7768,92.881,1029,33.9,SOUTH_EAST,RIDGE_SLOPE,2.47
TR001300,Tripura,West Tripura,23.8931,91.279,20,4.4,SOUTH_EAST,ROLLING_PLAINS,1.44
TR001301,Tripura,Sipahijala,23.7832,91.3621,74,3.3,NORTH_EAST,ROLLING_PLAINS,3.14
TR001302,Tripura,Dhalai,23.8326,91.9067,173,11.9,NORTH_WEST,LOW_HILLS,1.38
TR001303,Arunachal Pradesh,Tawang,27.6395,91.7445,2843,44.0,SOUTH_WEST,HIGH_ALPINE,5.5
TR001304,Arunachal Pradesh,West Kameng,27.2483,92.2936,2147,38.5,NORTH,STEEP_MOUNTAIN,4.38
TR001305,Arunachal Pradesh,Papum Pare,27.1083,93.701,358,17.4,NORTH,DISSECTED_HILLS,0.96
TR001306,Arunachal Pradesh,East Siang,28.0775,95.3096,180,11.5,SOUTH_WEST,RIVER_VALLEY,0.78
TR001307,Arunachal Pradesh,Lower Subansiri,27.5183,93.8271,1577,32.9,WEST,STEEP_MOUNTAIN,3.16
TR001308,Assam,Kamrup Metropolitan,26.267,91.6945,20,2.3,NORTH_EAST,PLAINS,0.83
TR001309,Assam,Kamrup Rural,26.1508,91.4157,42,0.4,SOUTH,PLAINS,0.99
TR001310,Assam,Darrang,26.5643,91.9073,85,3.0,NORTH,FLOOD_BASIN,0.53
TR001311,Assam,Sonitpur,26.6085,92.7754,38,3.6,NORTH_EAST,RIVER_VALLEY,0.88
TR001312,Assam,Dibrugarh,27.4499,95.0309,65,2.5,SOUTH_EAST,FLOOD_BASIN,0.54
TR001313,Assam,Cachar,24.7264,92.7199,76,1.9,SOUTH,FLOOD_BASIN,0.17
TR001314,Assam,Nagaon,26.4751,92.7112,52,0.4,SOUTH_EAST,PLAINS,0.72
TR001315,Meghalaya,East Khasi Hills,25.7031,91.8677,1501,30.3,SOUTH,PLATEAU_ESCARPMENT,2.32
TR001316,Meghalaya,West Khasi Hills,25.6345,91.1698,1326,27.4,SOUTH_EAST,PLATEAU_ESCARPMENT,1.91
TR001317,Meghalaya,Ri-Bhoi,25.7627,91.9779,596,16.9,NORTH_WEST,DISSECTED_HILLS,1.57
TR001318,Meghalaya,West Jaintia Hills,25.522,92.1174,1371,23.5,NORTH_EAST,DISSECTED_HILLS,1.02
TR001319,Sikkim,East Sikkim,27.4757,88.7068,1650,40.1,SOUTH_EAST,VALLEY_GORGE,0.28
TR001320,Sikkim,North Sikkim,27.4363,88.4538,2506,49.4,SOUTH,HIGH_ALPINE,0.21
TR001321,Sikkim,South Sikkim,27.0558,88.2832,1248,36.7,SOUTH,VALLEY_GORGE,0.39
TR001322,Nagaland,Kohima,25.6692,94.0894,1413,36.4,SOUTH_EAST,DISSECTED_HILLS,1.86
TR001323,Nagaland,Dimapur,25.9651,93.6134,200,5.0,NORTH_EAST,PLAINS,0.66
TR001324,Nagaland,Mokokchung,26.2529,94.5445,1278,30.1,SOUTH_WEST,DISSECTED_HILLS,2.42
TR001325,Manipur,Imphal West,24.7076,93.8358,759,1.5,SOUTH_EAST,RIVER_VALLEY,0.66
TR001326,Manipur,Bishnupur,24.7689,93.6291,747,3.6,WEST,RIVER_VALLEY,0.66
TR001327,Manipur,Senapati,25.2642,94.0899,1213,30.8,NORTH_WEST,DISSECTED_HILLS,1.54
TR001328,Mizoram,Aizawl,23.6272,92.6644,1110,34.6,SOUTH_WEST,RIDGE_SLOPE,2.2
TR001329,Mizoram,Kolasib,24.1603,92.7356,638,23.8,SOUTH_EAST,DISSECTED_HILLS,1.3
TR001330,Mizoram,Lunglei,22.8355,92.6331,977,31.6,SOUTH_WEST,RIDGE_SLOPE,2.49
TR001331,Tripura,West Tripura,23.827,91.2389,91,0.4,SOUTH,ROLLING_PLAINS,1.09
TR001332,Tripura,Sipahijala,23.636,91.4115,73,5.0,WEST,ROLLING_PLAINS,2.95
TR001333,Tripura,Dhalai,23.9494,91.8577,148,13.1,SOUTH,LOW_HILLS,1.81
TR001334,Arunachal Pradesh,Tawang,27.6769,91.8346,2957,42.4,SOUTH_WEST,HIGH_ALPINE,5.48
TR001335,Arunachal Pradesh,West Kameng,27.3915,92.4098,2179,39.0,NORTH_WEST,STEEP_MOUNTAIN,4.34
TR001336,Arunachal Pradesh,Papum Pare,27.083,93.7629,326,19.8,SOUTH_WEST,DISSECTED_HILLS,1.17
TR001337,Arunachal Pradesh,East Siang,28.129,95.1846,199,7.3,EAST,RIVER_VALLEY,0.23
TR001338,Arunachal Pradesh,Lower Subansiri,27.6083,93.8864,1539,30.5,WEST,STEEP_MOUNTAIN,2.63
TR001339,Assam,Kamrup Metropolitan,26.0181,91.7934,95,0.4,EAST,PLAINS,0.56
TR001340,Assam,Kamrup Rural,26.1803,91.5414,23,0.4,NORTH_EAST,PLAINS,0.87
TR001341,Assam,Darrang,26.456,91.8988,20,3.1,SOUTH_EAST,FLOOD_BASIN,0.08
TR001342,Assam,Sonitpur,26.5743,92.6457,30,3.5,SOUTH_EAST,RIVER_VALLEY,0.85
TR001343,Assam,Dibrugarh,27.3844,95.0324,71,1.7,NORTH_WEST,FLOOD_BASIN,0.17
TR001344,Assam,Cachar,24.727,92.8528,20,4.0,WEST,FLOOD_BASIN,0.18
TR001345,Assam,Nagaon,26.2434,92.6842,97,1.6,NORTH,PLAINS,0.78
TR001346,Meghalaya,East Khasi Hills,25.4493,91.9892,1527,28.1,EAST,PLATEAU_ESCARPMENT,2.09
TR001347,Meghalaya,West Khasi Hills,25.4175,91.1946,1335,29.3,NORTH,PLATEAU_ESCARPMENT,1.55
TR001348,Meghalaya,Ri-Bhoi,25.9676,92.0073,607,16.5,SOUTH,DISSECTED_HILLS,1.71
TR001349,Meghalaya,West Jaintia Hills,25.4099,92.2268,1326,26.9,NORTH_EAST,DISSECTED_HILLS,0.92
TR001350,Sikkim,East Sikkim,27.4393,88.7509,1644,40.6,SOUTH_WEST,VALLEY_GORGE,0.05
TR001351,Sikkim,North Sikkim,27.3839,88.6954,2405,48.3,SOUTH_WEST,HIGH_ALPINE,0.39
TR001352,Sikkim,South Sikkim,27.1687,88.3084,1276,36.5,SOUTH_EAST,VALLEY_GORGE,0.18
TR001353,Nagaland,Kohima,25.6235,93.9933,1416,35.6,NORTH,DISSECTED_HILLS,2.03
TR001354,Nagaland,Dimapur,25.9629,93.8298,163,4.1,NORTH_EAST,PLAINS,0.84
TR001355,Nagaland,Mokokchung,26.4316,94.4266,1268,33.0,NORTH_EAST,DISSECTED_HILLS,2.37
TR001356,Manipur,Imphal West,24.9487,93.897,726,4.7,WEST,RIVER_VALLEY,0.57
TR001357,Manipur,Bishnupur,24.514,93.7459,794,4.4,SOUTH,RIVER_VALLEY,0.13
TR001358,Manipur,Senapati,25.2284,94.0685,1203,30.7,WEST,DISSECTED_HILLS,1.73
TR001359,Mizoram,Aizawl,23.6277,92.6767,1095,32.2,SOUTH_EAST,RIDGE_SLOPE,2.14
TR001360,Mizoram,Kolasib,24.3672,92.5668,657,24.1,NORTH_EAST,DISSECTED_HILLS,1.27
TR001361,Mizoram,Lunglei,22.9594,92.8198,1035,30.4,EAST,RIDGE_SLOPE,2.76
TR001362,Tripura,West Tripura,23.8746,91.2569,35,2.9,NORTH_EAST,ROLLING_PLAINS,1.57
TR001363,Tripura,Sipahijala,23.7813,91.3154,20,4.3,EAST,ROLLING_PLAINS,2.62
TR001364,Tripura,Dhalai,23.7752,91.8492,160,14.2,SOUTH_EAST,LOW_HILLS,1.37
TR001365,Arunachal Pradesh,Tawang,27.6574,91.9585,2903,45.4,SOUTH_EAST,HIGH_ALPINE,5.58
TR001366,Arunachal Pradesh,West Kameng,27.2293,92.4697,2159,37.0,NORTH_EAST,STEEP_MOUNTAIN,4.66
TR001367,Arunachal Pradesh,Papum Pare,27.1785,93.6649,326,19.8,NORTH,DISSECTED_HILLS,1.47
TR001368,Arunachal Pradesh,East Siang,27.9766,95.3746,157,9.2,NORTH,RIVER_VALLEY,0.5
TR001369,Arunachal Pradesh,Lower Subansiri,27.6428,93.8422,1502,34.7,WEST,STEEP_MOUNTAIN,2.57
TR001370,Assam,Kamrup Metropolitan,26.1236,91.8607,44,1.0,EAST,PLAINS,1.1
TR001371,Assam,Kamrup Rural,26.1678,91.4228,20,1.2,SOUTH_WEST,PLAINS,0.91
TR001372,Assam,Darrang,26.3929,92.0928,54,0.8,NORTH_EAST,FLOOD_BASIN,0.25
TR001373,Assam,Sonitpur,26.6005,92.8718,90,3.0,EAST,RIVER_VALLEY,0.68
TR001374,Assam,Dibrugarh,27.5284,94.9337,108,1.1,SOUTH,FLOOD_BASIN,0.25
TR001375,Assam,Cachar,24.7,92.7079,40,4.2,NORTH,FLOOD_BASIN,0.35
TR001376,Assam,Nagaon,26.301,92.8273,45,0.4,EAST,PLAINS,0.83
TR001377,Meghalaya,East Khasi Hills,25.4673,91.8532,1533,31.7,NORTH_EAST,PLATEAU_ESCARPMENT,1.97
TR001378,Meghalaya,West Khasi Hills,25.6274,91.2124,1232,27.6,NORTH,PLATEAU_ESCARPMENT,2.19
TR001379,Meghalaya,Ri-Bhoi,25.8736,91.7469,521,15.2,NORTH,DISSECTED_HILLS,1.67
TR001380,Meghalaya,West Jaintia Hills,25.4778,92.3231,1278,27.8,NORTH,DISSECTED_HILLS,0.92
TR001381,Sikkim,East Sikkim,27.2398,88.618,1594,41.8,NORTH_EAST,VALLEY_GORGE,0.41
TR001382,Sikkim,North Sikkim,27.5204,88.6704,2424,46.1,SOUTH_EAST,HIGH_ALPINE,0.36
TR001383,Sikkim,South Sikkim,27.0267,88.295,1313,35.7,EAST,VALLEY_GORGE,0.52
TR001384,Nagaland,Kohima,25.7676,93.9886,1466,34.3,SOUTH_WEST,DISSECTED_HILLS,1.87
TR001385,Nagaland,Dimapur,26.0002,93.7777,156,4.4,SOUTH_EAST,PLAINS,0.89
TR001386,Nagaland,Mokokchung,26.3058,94.5191,1368,33.4,NORTH_EAST,DISSECTED_HILLS,1.9
TR001387,Manipur,Imphal West,24.9221,93.851,758,0.4,NORTH_EAST,RIVER_VALLEY,0.9
TR001388,Manipur,Bishnupur,24.603,93.6823,805,5.8,EAST,RIVER_VALLEY,0.52
TR001389,Manipur,Senapati,25.2835,94.0376,1224,27.3,NORTH,DISSECTED_HILLS,1.67
TR001390,Mizoram,Aizawl,23.7197,92.6305,1171,30.9,SOUTH,RIDGE_SLOPE,2.29
TR001391,Mizoram,Kolasib,24.2214,92.62,634,24.7,NORTH_WEST,DISSECTED_HILLS,1.08
TR001392,Mizoram,Lunglei,22.8507,92.7775,1018,32.4,EAST,RIDGE_SLOPE,2.61
TR001393,Tripura,West Tripura,23.9458,91.3252,41,3.9,NORTH_WEST,ROLLING_PLAINS,1.32
TR001394,Tripura,Sipahijala,23.5489,91.4506,67,5.2,NORTH,ROLLING_PLAINS,2.72
TR001395,Tripura,Dhalai,23.8914,91.9427,189,13.3,NORTH,LOW_HILLS,1.63
TR001396,Arunachal Pradesh,Tawang,27.6059,91.8974,2906,43.0,SOUTH_EAST,HIGH_ALPINE,5.25
TR001397,Arunachal Pradesh,West Kameng,27.1866,92.4898,2237,37.0,NORTH_EAST,STEEP_MOUNTAIN,4.53
TR001398,Arunachal Pradesh,Papum Pare,27.046,93.7157,268,19.2,SOUTH_WEST,DISSECTED_HILLS,1.5
TR001399,Arunachal Pradesh,East Siang,27.9961,95.2621,115,8.0,NORTH_EAST,RIVER_VALLEY,0.54
TR001400,Arunachal Pradesh,Lower Subansiri,27.5218,93.7141,1524,30.0,SOUTH_EAST,STEEP_MOUNTAIN,3.07
TR001401,Assam,Kamrup Metropolitan,26.0877,91.7318,50,0.8,EAST,PLAINS,1.14
TR001402,Assam,Kamrup Rural,26.0956,91.4938,20,0.4,SOUTH_WEST,PLAINS,0.87
TR001403,Assam,Darrang,26.4996,91.9338,101,0.4,NORTH,FLOOD_BASIN,0.52
TR001404,Assam,Sonitpur,26.7185,92.6592,132,0.4,SOUTH_WEST,RIVER_VALLEY,0.64
TR001405,Assam,Dibrugarh,27.583,95.0322,100,2.8,SOUTH_EAST,FLOOD_BASIN,0.59
TR001406,Assam,Cachar,24.949,92.748,72,2.9,NORTH,FLOOD_BASIN,0.05
TR001407,Assam,Nagaon,26.2288,92.7543,123,0.4,SOUTH_EAST,PLAINS,0.88
TR001408,Meghalaya,East Khasi Hills,25.6029,91.9758,1497,29.3,SOUTH,PLATEAU_ESCARPMENT,2.52
TR001409,Meghalaya,West Khasi Hills,25.4314,91.1467,1323,27.1,WEST,PLATEAU_ESCARPMENT,2.09
TR001410,Meghalaya,Ri-Bhoi,25.9712,91.9718,585,15.2,SOUTH_WEST,DISSECTED_HILLS,1.52
TR001411,Meghalaya,West Jaintia Hills,25.3433,92.1025,1305,25.7,SOUTH_WEST,DISSECTED_HILLS,1.02
TR001412,Sikkim,East Sikkim,27.3657,88.6036,1637,43.0,SOUTH_WEST,VALLEY_GORGE,0.05
TR001413,Sikkim,North Sikkim,27.5137,88.5425,2421,50.8,SOUTH_WEST,HIGH_ALPINE,0.62
TR001414,Sikkim,South Sikkim,27.3011,88.3089,1331,35.5,NORTH,VALLEY_GORGE,0.35
TR001415,Nagaland,Kohima,25.7187,94.2302,1384,37.5,EAST,DISSECTED_HILLS,1.98
TR001416,Nagaland,Dimapur,26.0391,93.7847,235,4.7,SOUTH,PLAINS,0.81
TR001417,Nagaland,Mokokchung,26.2904,94.5617,1349,30.3,SOUTH_EAST,DISSECTED_HILLS,2.38
TR001418,Manipur,Imphal West,24.7036,94.0469,834,1.9,WEST,RIVER_VALLEY,0.26
TR001419,Manipur,Bishnupur,24.7706,93.8928,827,2.3,NORTH,RIVER_VALLEY,0.11
TR001420,Manipur,Senapati,25.3568,93.9306,1216,31.3,SOUTH,DISSECTED_HILLS,1.25
TR001421,Mizoram,Aizawl,23.7088,92.6628,1173,34.3,NORTH_EAST,RIDGE_SLOPE,2.01
TR001422,Mizoram,Kolasib,24.0802,92.7899,655,25.9,NORTH_EAST,DISSECTED_HILLS,1.27
TR001423,Mizoram,Lunglei,22.9511,92.8679,1002,32.6,NORTH,RIDGE_SLOPE,2.82
TR001424,Tripura,West Tripura,23.9276,91.3841,64,0.9,SOUTH_EAST,ROLLING_PLAINS,0.99
TR001425,Tripura,Sipahijala,23.6113,91.3808,42,4.2,NORTH_WEST,ROLLING_PLAINS,2.84
TR001426,Tripura,Dhalai,23.7082,91.7156,162,10.4,SOUTH,LOW_HILLS,1.64
TR001427,Arunachal Pradesh,Tawang,27.6284,91.7103,2865,45.1,NORTH,HIGH_ALPINE,5.15
TR001428,Arunachal Pradesh,West Kameng,27.1392,92.3132,2206,39.1,WEST,STEEP_MOUNTAIN,4.75
TR001429,Arunachal Pradesh,Papum Pare,27.1452,93.5056,336,19.4,NORTH,DISSECTED_HILLS,1.47
TR001430,Arunachal Pradesh,East Siang,28.0118,95.3195,189,7.4,NORTH,RIVER_VALLEY,0.26
TR001431,Arunachal Pradesh,Lower Subansiri,27.5779,93.7783,1536,30.9,SOUTH,STEEP_MOUNTAIN,2.82
TR001432,Assam,Kamrup Metropolitan,26.0491,91.8491,115,2.9,SOUTH_WEST,PLAINS,0.92
TR001433,Assam,Kamrup Rural,26.0412,91.4189,69,1.6,NORTH_EAST,PLAINS,0.76
TR001434,Assam,Darrang,26.5741,92.1732,20,0.4,EAST,FLOOD_BASIN,0.6
TR001435,Assam,Sonitpur,26.4987,92.828,94,0.9,WEST,RIVER_VALLEY,0.31
TR001436,Assam,Dibrugarh,27.4332,95.0462,63,0.4,WEST,FLOOD_BASIN,0.49
TR001437,Assam,Cachar,24.9153,92.9074,70,2.7,SOUTH,FLOOD_BASIN,0.05
TR001438,Assam,Nagaon,26.4093,92.5912,114,2.6,NORTH_WEST,PLAINS,0.62
TR001439,Meghalaya,East Khasi Hills,25.6527,91.8579,1485,32.3,SOUTH,PLATEAU_ESCARPMENT,2.34
TR001440,Meghalaya,West Khasi Hills,25.6586,91.1949,1306,26.4,SOUTH,PLATEAU_ESCARPMENT,1.67
TR001441,Meghalaya,Ri-Bhoi,25.9877,91.7386,523,15.2,SOUTH_EAST,DISSECTED_HILLS,1.54
TR001442,Meghalaya,West Jaintia Hills,25.3745,92.2249,1352,25.8,NORTH_WEST,DISSECTED_HILLS,0.86
TR001443,Sikkim,East Sikkim,27.2289,88.5535,1678,41.5,WEST,VALLEY_GORGE,0.05
TR001444,Sikkim,North Sikkim,27.465,88.527,2466,47.3,NORTH_EAST,HIGH_ALPINE,0.11
TR001445,Sikkim,South Sikkim,27.0376,88.2999,1270,36.1,NORTH,VALLEY_GORGE,0.38
TR001446,Nagaland,Kohima,25.707,94.1598,1482,36.3,EAST,DISSECTED_HILLS,2.04
TR001447,Nagaland,Dimapur,25.7705,93.6536,214,3.2,SOUTH_WEST,PLAINS,1.29
TR001448,Nagaland,Mokokchung,26.3764,94.4097,1374,31.3,SOUTH,DISSECTED_HILLS,2.23
TR001449,Manipur,Imphal West,24.7451,93.9379,844,1.4,SOUTH,RIVER_VALLEY,0.55
TR001450,Manipur,Bishnupur,24.5093,93.8276,765,1.7,SOUTH_WEST,RIVER_VALLEY,0.13
TR001451,Manipur,Senapati,25.1232,93.8984,1301,31.9,EAST,DISSECTED_HILLS,1.33
TR001452,Mizoram,Aizawl,23.6853,92.6966,1185,34.9,NORTH_WEST,RIDGE_SLOPE,2.15
TR001453,Mizoram,Kolasib,24.2985,92.6091,590,24.2,NORTH_EAST,DISSECTED_HILLS,1.06
TR001454,Mizoram,Lunglei,22.9511,92.7374,979,31.8,SOUTH,RIDGE_SLOPE,2.85
TR001455,Tripura,West Tripura,23.8725,91.2688,20,0.4,NORTH_EAST,ROLLING_PLAINS,1.1
TR001456,Tripura,Sipahijala,23.4958,91.2401,62,2.8,SOUTH_EAST,ROLLING_PLAINS,2.63
TR001457,Tripura,Dhalai,23.9686,91.8485,136,11.3,SOUTH,LOW_HILLS,1.81
TR001458,Arunachal Pradesh,Tawang,27.5817,91.8573,2948,45.6,NORTH_EAST,HIGH_ALPINE,5.05
TR001459,Arunachal Pradesh,West Kameng,27.2194,92.327,2176,36.4,SOUTH_WEST,STEEP_MOUNTAIN,4.36
TR001460,Arunachal Pradesh,Papum Pare,27.103,93.5484,374,19.3,NORTH_WEST,DISSECTED_HILLS,1.09
TR001461,Arunachal Pradesh,East Siang,28.2154,95.1772,193,9.6,NORTH_EAST,RIVER_VALLEY,0.42
TR001462,Arunachal Pradesh,Lower Subansiri,27.4231,93.9105,1586,30.4,EAST,STEEP_MOUNTAIN,2.76
TR001463,Assam,Kamrup Metropolitan,26.0798,91.8806,20,0.7,NORTH_EAST,PLAINS,0.93
TR001464,Assam,Kamrup Rural,26.3204,91.6631,20,0.4,EAST,PLAINS,0.65
TR001465,Assam,Darrang,26.5143,92.025,72,3.4,WEST,FLOOD_BASIN,0.44
TR001466,Assam,Sonitpur,26.4855,92.9335,101,2.7,SOUTH,RIVER_VALLEY,0.54
TR001467,Assam,Dibrugarh,27.607,95.0619,164,3.1,NORTH_WEST,FLOOD_BASIN,0.52
TR001468,Assam,Cachar,24.7467,92.6435,47,0.7,NORTH_EAST,FLOOD_BASIN,0.47
TR001469,Assam,Nagaon,26.4183,92.6981,81,0.4,WEST,PLAINS,0.71
TR001470,Meghalaya,East Khasi Hills,25.4822,92.0328,1540,30.0,NORTH_WEST,PLATEAU_ESCARPMENT,1.96
TR001471,Meghalaya,West Khasi Hills,25.4225,91.2266,1271,26.9,NORTH_EAST,PLATEAU_ESCARPMENT,2.04
TR001472,Meghalaya,Ri-Bhoi,25.9462,91.7662,552,18.0,NORTH_EAST,DISSECTED_HILLS,1.73
TR001473,Meghalaya,West Jaintia Hills,25.5765,92.3211,1347,24.2,NORTH,DISSECTED_HILLS,1.28
TR001474,Sikkim,East Sikkim,27.4385,88.6103,1652,41.7,NORTH,VALLEY_GORGE,0.1
TR001475,Sikkim,North Sikkim,27.4305,88.5801,2401,49.8,NORTH_WEST,HIGH_ALPINE,0.58
TR001476,Sikkim,South Sikkim,27.2042,88.3302,1294,34.2,SOUTH_WEST,VALLEY_GORGE,0.48
TR001477,Nagaland,Kohima,25.8171,94.1615,1462,36.7,NORTH_EAST,DISSECTED_HILLS,1.65
TR001478,Nagaland,Dimapur,25.9054,93.7664,202,1.7,EAST,PLAINS,0.95
TR001479,Nagaland,Mokokchung,26.1988,94.6105,1298,29.2,NORTH_EAST,DISSECTED_HILLS,1.93
TR001480,Manipur,Imphal West,24.9379,94.0393,791,1.8,NORTH,RIVER_VALLEY,0.62
TR001481,Manipur,Bishnupur,24.6477,93.8897,775,1.5,SOUTH,RIVER_VALLEY,0.33
TR001482,Manipur,Senapati,25.1383,94.0583,1262,31.1,SOUTH_EAST,DISSECTED_HILLS,1.38
TR001483,Mizoram,Aizawl,23.7528,92.7982,1072,31.1,WEST,RIDGE_SLOPE,2.18
TR001484,Mizoram,Kolasib,24.1239,92.5847,600,22.2,EAST,DISSECTED_HILLS,1.22
TR001485,Mizoram,Lunglei,22.9413,92.6842,1052,31.3,NORTH_WEST,RIDGE_SLOPE,2.69
TR001486,Tripura,West Tripura,23.8686,91.2163,92,4.0,NORTH_EAST,ROLLING_PLAINS,1.07
TR001487,Tripura,Sipahijala,23.5405,91.3861,49,1.8,NORTH_WEST,ROLLING_PLAINS,2.99
TR001488,Tripura,Dhalai,23.8301,91.7054,130,10.1,WEST,LOW_HILLS,1.46
TR001489,Arunachal Pradesh,Tawang,27.5792,91.9169,2951,45.3,SOUTH_EAST,HIGH_ALPINE,5.43
TR001490,Arunachal Pradesh,West Kameng,27.3323,92.3567,2244,40.4,SOUTH,STEEP_MOUNTAIN,4.48
TR001491,Arunachal Pradesh,Papum Pare,27.1525,93.6737,310,20.0,SOUTH_EAST,DISSECTED_HILLS,1.01
TR001492,Arunachal Pradesh,East Siang,27.9565,95.2332,199,6.8,NORTH_EAST,RIVER_VALLEY,0.78
TR001493,Arunachal Pradesh,Lower Subansiri,27.6577,93.7428,1583,30.6,NORTH_WEST,STEEP_MOUNTAIN,2.71
TR001494,Assam,Kamrup Metropolitan,26.2471,91.8437,63,0.4,SOUTH_WEST,PLAINS,0.75
TR001495,Assam,Kamrup Rural,26.174,91.5542,20,0.4,EAST,PLAINS,0.94
TR001496,Assam,Darrang,26.5236,92.0146,54,1.0,SOUTH_EAST,FLOOD_BASIN,0.61
TR001497,Assam,Sonitpur,26.6594,92.703,90,3.7,NORTH,RIVER_VALLEY,0.5
TR001498,Assam,Dibrugarh,27.423,94.7928,156,1.9,SOUTH_EAST,FLOOD_BASIN,0.79
TR001499,Assam,Cachar,24.9379,92.85,41,3.0,SOUTH_WEST,FLOOD_BASIN,0.6
TR001500,Assam,Nagaon,26.2063,92.6539,69,1.5,EAST,PLAINS,0.85
TR001501,Meghalaya,East Khasi Hills,25.6324,91.9883,1492,29.2,WEST,PLATEAU_ESCARPMENT,1.99
TR001502,Meghalaya,West Khasi Hills,25.3657,91.2829,1290,25.8,NORTH,PLATEAU_ESCARPMENT,2.13
TR001503,Meghalaya,Ri-Bhoi,25.8751,91.872,553,17.1,EAST,DISSECTED_HILLS,1.67
TR001504,Meghalaya,West Jaintia Hills,25.4345,92.1809,1290,24.9,SOUTH,DISSECTED_HILLS,0.97
TR001505,Sikkim,East Sikkim,27.2921,88.5261,1618,42.4,WEST,VALLEY_GORGE,0.3
TR001506,Sikkim,North Sikkim,27.6265,88.656,2481,49.3,WEST,HIGH_ALPINE,0.14
TR001507,Sikkim,South Sikkim,27.108,88.4134,1293,37.9,WEST,VALLEY_GORGE,0.59
TR001508,Nagaland,Kohima,25.7455,94.1974,1482,38.2,SOUTH_EAST,DISSECTED_HILLS,1.66
TR001509,Nagaland,Dimapur,25.819,93.7847,146,4.6,SOUTH_WEST,PLAINS,0.73
TR001510,Nagaland,Mokokchung,26.2348,94.5517,1272,32.5,NORTH_WEST,DISSECTED_HILLS,2.46
TR001511,Manipur,Imphal West,24.8151,93.8572,796,0.4,SOUTH_EAST,RIVER_VALLEY,0.26
TR001512,Manipur,Bishnupur,24.7467,93.7216,730,1.9,SOUTH,RIVER_VALLEY,0.61
TR001513,Manipur,Senapati,25.261,94.102,1233,29.2,WEST,DISSECTED_HILLS,1.55
TR001514,Mizoram,Aizawl,23.6133,92.6348,1103,35.5,EAST,RIDGE_SLOPE,2.26
TR001515,Mizoram,Kolasib,24.3008,92.761,621,23.3,SOUTH_EAST,DISSECTED_HILLS,1.05
TR001516,Mizoram,Lunglei,22.937,92.7446,1045,29.5,EAST,RIDGE_SLOPE,2.28
TR001517,Tripura,West Tripura,23.9654,91.3765,82,3.4,NORTH_EAST,ROLLING_PLAINS,1.58
TR001518,Tripura,Sipahijala,23.7195,91.3449,81,5.2,WEST,ROLLING_PLAINS,3.09
TR001519,Tripura,Dhalai,23.7126,91.7316,160,10.1,EAST,LOW_HILLS,1.48
TR001520,Arunachal Pradesh,Tawang,27.5446,91.9279,2930,44.2,SOUTH,HIGH_ALPINE,5.28
TR001521,Arunachal Pradesh,West Kameng,27.3343,92.2957,2222,37.3,NORTH_EAST,STEEP_MOUNTAIN,4.78
TR001522,Arunachal Pradesh,Papum Pare,26.9873,93.5272,313,19.8,NORTH_WEST,DISSECTED_HILLS,0.95
TR001523,Arunachal Pradesh,East Siang,28.1664,95.3181,131,9.2,SOUTH_WEST,RIVER_VALLEY,0.21
TR001524,Arunachal Pradesh,Lower Subansiri,27.5117,93.9065,1546,33.0,SOUTH_EAST,STEEP_MOUNTAIN,2.71
TR001525,Assam,Kamrup Metropolitan,26.2205,91.7451,95,0.4,SOUTH_EAST,PLAINS,1.07
TR001526,Assam,Kamrup Rural,26.159,91.5348,56,3.2,EAST,PLAINS,0.69
TR001527,Assam,Darrang,26.5067,92.1641,48,0.4,SOUTH,FLOOD_BASIN,0.06
TR001528,Assam,Sonitpur,26.7257,92.9257,28,1.3,NORTH,RIVER_VALLEY,0.51
TR001529,Assam,Dibrugarh,27.5545,94.8922,98,2.1,SOUTH_EAST,FLOOD_BASIN,0.58
TR001530,Assam,Cachar,24.8757,92.8997,20,4.2,SOUTH,FLOOD_BASIN,0.59
TR001531,Assam,Nagaon,26.4349,92.7967,41,0.6,EAST,PLAINS,1.03
TR001532,Meghalaya,East Khasi Hills,25.639,92.0054,1522,31.7,SOUTH_EAST,PLATEAU_ESCARPMENT,2.54
TR001533,Meghalaya,West Khasi Hills,25.3624,91.1939,1287,28.6,SOUTH_WEST,PLATEAU_ESCARPMENT,1.65
TR001534,Meghalaya,Ri-Bhoi,25.8712,91.9232,603,16.7,NORTH,DISSECTED_HILLS,1.76
TR001535,Meghalaya,West Jaintia Hills,25.4956,92.2592,1383,27.6,SOUTH_EAST,DISSECTED_HILLS,1.27
TR001536,Sikkim,East Sikkim,27.4215,88.7208,1600,39.7,SOUTH_EAST,VALLEY_GORGE,0.07
TR001537,Sikkim,North Sikkim,27.5675,88.622,2406,48.6,SOUTH_EAST,HIGH_ALPINE,0.4
TR001538,Sikkim,South Sikkim,27.0841,88.3535,1279,36.3,WEST,VALLEY_GORGE,0.64
TR001539,Nagaland,Kohima,25.5731,93.967,1481,36.0,SOUTH_WEST,DISSECTED_HILLS,1.72
TR001540,Nagaland,Dimapur,26.0065,93.6687,189,6.2,WEST,PLAINS,0.72
TR001541,Nagaland,Mokokchung,26.193,94.4819,1340,31.0,SOUTH,DISSECTED_HILLS,1.93
TR001542,Manipur,Imphal West,24.894,94.0692,782,1.2,NORTH_EAST,RIVER_VALLEY,0.73
TR001543,Manipur,Bishnupur,24.6183,93.9094,813,4.7,NORTH_EAST,RIVER_VALLEY,0.43
TR001544,Manipur,Senapati,25.3244,94.1413,1275,29.7,WEST,DISSECTED_HILLS,1.54
TR001545,Mizoram,Aizawl,23.6822,92.653,1170,34.6,EAST,RIDGE_SLOPE,2.12
TR001546,Mizoram,Kolasib,24.112,92.6433,644,23.2,SOUTH_EAST,DISSECTED_HILLS,1.16
TR001547,Mizoram,Lunglei,22.9047,92.8369,1006,31.3,NORTH,RIDGE_SLOPE,2.35
TR001548,Tripura,West Tripura,23.8092,91.2604,20,0.4,EAST,ROLLING_PLAINS,1.53
TR001549,Tripura,Sipahijala,23.6279,91.2958,20,3.9,NORTH_WEST,ROLLING_PLAINS,2.81
TR001550,Tripura,Dhalai,23.8677,91.9336,191,10.8,NORTH,LOW_HILLS,1.67
TR001551,Arunachal Pradesh,Tawang,27.5631,91.8414,2959,46.7,NORTH_WEST,HIGH_ALPINE,5.43
TR001552,Arunachal Pradesh,West Kameng,27.2396,92.3148,2204,36.1,WEST,STEEP_MOUNTAIN,4.71
TR001553,Arunachal Pradesh,Papum Pare,26.9892,93.678,370,18.6,NORTH_EAST,DISSECTED_HILLS,1.4
TR001554,Arunachal Pradesh,East Siang,28.0526,95.1858,115,11.4,NORTH,RIVER_VALLEY,0.39
TR001555,Arunachal Pradesh,Lower Subansiri,27.6855,93.8605,1552,30.5,NORTH,STEEP_MOUNTAIN,2.79
TR001556,Assam,Kamrup Metropolitan,26.0814,91.743,20,0.6,NORTH_WEST,PLAINS,1.19
TR001557,Assam,Kamrup Rural,26.126,91.5578,99,0.4,EAST,PLAINS,0.86
TR001558,Assam,Darrang,26.4285,92.162,31,3.0,EAST,FLOOD_BASIN,0.19
TR001559,Assam,Sonitpur,26.7295,92.7892,33,2.3,SOUTH,RIVER_VALLEY,0.29
TR001560,Assam,Dibrugarh,27.3362,94.9064,87,1.1,EAST,FLOOD_BASIN,0.74
TR001561,Assam,Cachar,24.9177,92.7715,57,3.5,NORTH,FLOOD_BASIN,0.05
TR001562,Assam,Nagaon,26.2368,92.7249,101,0.7,WEST,PLAINS,0.74
TR001563,Meghalaya,East Khasi Hills,25.6887,91.8409,1532,31.1,SOUTH_EAST,PLATEAU_ESCARPMENT,2.36
TR001564,Meghalaya,West Khasi Hills,25.4762,91.3801,1263,28.2,WEST,PLATEAU_ESCARPMENT,2.17
TR001565,Meghalaya,Ri-Bhoi,26.017,91.9508,572,14.4,NORTH_WEST,DISSECTED_HILLS,1.36
TR001566,Meghalaya,West Jaintia Hills,25.3074,92.239,1368,27.0,NORTH_WEST,DISSECTED_HILLS,1.21
TR001567,Sikkim,East Sikkim,27.226,88.6243,1614,44.3,SOUTH_EAST,VALLEY_GORGE,0.2
TR001568,Sikkim,North Sikkim,27.5773,88.6872,2456,46.9,EAST,HIGH_ALPINE,0.36
TR001569,Sikkim,South Sikkim,27.2891,88.2361,1359,36.4,SOUTH_EAST,VALLEY_GORGE,0.78
TR001570,Nagaland,Kohima,25.6076,94.0203,1486,36.8,EAST,DISSECTED_HILLS,2.13
TR001571,Nagaland,Dimapur,25.8901,93.8196,212,2.9,SOUTH_WEST,PLAINS,1.03
TR001572,Nagaland,Mokokchung,26.3224,94.6502,1303,30.7,NORTH_EAST,DISSECTED_HILLS,2.12
TR001573,Manipur,Imphal West,24.9249,93.882,757,0.4,NORTH_EAST,RIVER_VALLEY,0.89
TR001574,Manipur,Bishnupur,24.6449,93.7001,733,2.3,EAST,RIVER_VALLEY,0.11
TR001575,Manipur,Senapati,25.202,93.9822,1211,27.3,WEST,DISSECTED_HILLS,1.77
TR001576,Mizoram,Aizawl,23.6315,92.7816,1108,32.4,SOUTH_EAST,RIDGE_SLOPE,1.96
TR001577,Mizoram,Kolasib,24.1938,92.6273,598,26.7,SOUTH_EAST,DISSECTED_HILLS,1.53
TR001578,Mizoram,Lunglei,22.7456,92.6619,1036,31.9,NORTH_EAST,RIDGE_SLOPE,2.57
TR001579,Tripura,West Tripura,23.9072,91.2523,20,0.9,NORTH_WEST,ROLLING_PLAINS,1.16
TR001580,Tripura,Sipahijala,23.6509,91.1816,20,2.5,SOUTH,ROLLING_PLAINS,2.7
TR001581,Tripura,Dhalai,23.9658,91.7807,155,12.9,SOUTH_EAST,LOW_HILLS,1.51
TR001582,Arunachal Pradesh,Tawang,27.6025,91.945,2878,44.8,NORTH,HIGH_ALPINE,5.24
TR001583,Arunachal Pradesh,West Kameng,27.3684,92.416,2240,40.3,NORTH_EAST,STEEP_MOUNTAIN,4.49
TR001584,Arunachal Pradesh,Papum Pare,27.246,93.7012,328,20.8,NORTH_WEST,DISSECTED_HILLS,1.57
TR001585,Arunachal Pradesh,East Siang,28.0825,95.1885,199,9.0,NORTH_EAST,RIVER_VALLEY,0.69
TR001586,Arunachal Pradesh,Lower Subansiri,27.4868,93.9716,1500,30.2,NORTH_EAST,STEEP_MOUNTAIN,3.15
TR001587,Assam,Kamrup Metropolitan,26.0765,91.6615,82,0.6,NORTH,PLAINS,0.78
TR001588,Assam,Kamrup Rural,26.2247,91.5875,63,0.4,WEST,PLAINS,0.45
TR001589,Assam,Darrang,26.4622,91.902,20,0.6,SOUTH_WEST,FLOOD_BASIN,0.13
TR001590,Assam,Sonitpur,26.5257,92.8095,53,4.0,NORTH_EAST,RIVER_VALLEY,0.39
TR001591,Assam,Dibrugarh,27.4742,95.0026,161,1.7,NORTH_WEST,FLOOD_BASIN,0.37
TR001592,Assam,Cachar,24.7617,92.8547,22,0.7,SOUTH,FLOOD_BASIN,0.38
TR001593,Assam,Nagaon,26.2917,92.5972,80,0.4,SOUTH_WEST,PLAINS,1.04
TR001594,Meghalaya,East Khasi Hills,25.4689,92.02,1507,30.4,NORTH,PLATEAU_ESCARPMENT,2.54
TR001595,Meghalaya,West Khasi Hills,25.5618,91.2339,1334,29.0,NORTH_WEST,PLATEAU_ESCARPMENT,1.87
TR001596,Meghalaya,Ri-Bhoi,25.8678,91.7543,602,17.2,SOUTH,DISSECTED_HILLS,1.3
TR001597,Meghalaya,West Jaintia Hills,25.3093,92.2996,1355,25.7,NORTH_EAST,DISSECTED_HILLS,0.93
TR001598,Sikkim,East Sikkim,27.4805,88.5694,1666,41.3,WEST,VALLEY_GORGE,0.05
TR001599,Sikkim,North Sikkim,27.5804,88.6091,2391,46.6,SOUTH,HIGH_ALPINE,0.29
TR001600,Sikkim,South Sikkim,27.0779,88.2028,1335,33.8,EAST,VALLEY_GORGE,0.33
TR001601,Nagaland,Kohima,25.8015,94.0659,1391,37.4,NORTH_WEST,DISSECTED_HILLS,1.96
TR001602,Nagaland,Dimapur,25.9993,93.6438,198,6.1,SOUTH_EAST,PLAINS,0.67
TR001603,Nagaland,Mokokchung,26.3229,94.5812,1337,29.5,NORTH,DISSECTED_HILLS,1.98
TR001604,Manipur,Imphal West,24.9133,93.9056,836,1.1,SOUTH_WEST,RIVER_VALLEY,0.58
TR001605,Manipur,Bishnupur,24.5335,93.6726,804,3.8,SOUTH_WEST,RIVER_VALLEY,0.49
TR001606,Manipur,Senapati,25.2795,93.8796,1206,30.7,SOUTH_EAST,DISSECTED_HILLS,1.23
TR001607,Mizoram,Aizawl,23.8572,92.8242,1182,33.1,NORTH_EAST,RIDGE_SLOPE,2.26
TR001608,Mizoram,Kolasib,24.1276,92.7334,638,25.4,SOUTH,DISSECTED_HILLS,1.35
TR001609,Mizoram,Lunglei,22.9342,92.8549,960,33.7,EAST,RIDGE_SLOPE,2.67
TR001610,Tripura,West Tripura,23.9644,91.1524,95,1.2,WEST,ROLLING_PLAINS,1.5
TR001611,Tripura,Sipahijala,23.6071,91.1985,38,2.8,NORTH,ROLLING_PLAINS,2.78
TR001612,Tripura,Dhalai,23.9277,91.9651,108,9.7,EAST,LOW_HILLS,1.95
TR001613,Arunachal Pradesh,Tawang,27.5958,91.8043,2890,43.0,NORTH_EAST,HIGH_ALPINE,5.0
TR001614,Arunachal Pradesh,West Kameng,27.286,92.2735,2234,36.6,NORTH_EAST,STEEP_MOUNTAIN,4.7
TR001615,Arunachal Pradesh,Papum Pare,27.2377,93.7417,285,16.8,EAST,DISSECTED_HILLS,1.15
TR001616,Arunachal Pradesh,East Siang,28.1038,95.205,156,8.9,SOUTH_WEST,RIVER_VALLEY,0.17
TR001617,Arunachal Pradesh,Lower Subansiri,27.6392,93.9605,1607,31.2,NORTH_WEST,STEEP_MOUNTAIN,2.62
TR001618,Assam,Kamrup Metropolitan,26.066,91.6884,20,2.8,SOUTH_WEST,PLAINS,0.89
TR001619,Assam,Kamrup Rural,26.106,91.4339,74,1.5,NORTH,PLAINS,0.85
TR001620,Assam,Darrang,26.4896,92.0547,20,3.5,NORTH,FLOOD_BASIN,0.65
TR001621,Assam,Sonitpur,26.597,92.9096,106,0.4,NORTH_EAST,RIVER_VALLEY,0.33
TR001622,Assam,Dibrugarh,27.5985,94.8946,86,1.4,WEST,FLOOD_BASIN,0.43
TR001623,Assam,Cachar,24.7138,92.6456,20,0.8,NORTH_WEST,FLOOD_BASIN,0.2
TR001624,Assam,Nagaon,26.2239,92.7596,33,2.8,NORTH,PLAINS,0.96
TR001625,Meghalaya,East Khasi Hills,25.616,91.8793,1489,32.0,NORTH_WEST,PLATEAU_ESCARPMENT,2.52
TR001626,Meghalaya,West Khasi Hills,25.5458,91.2119,1340,28.9,SOUTH_EAST,PLATEAU_ESCARPMENT,1.57
TR001627,Meghalaya,Ri-Bhoi,25.9052,91.9063,503,14.5,SOUTH_WEST,DISSECTED_HILLS,1.64
TR001628,Meghalaya,West Jaintia Hills,25.3203,92.2868,1294,28.0,WEST,DISSECTED_HILLS,0.93
TR001629,Sikkim,East Sikkim,27.3416,88.5631,1651,43.1,EAST,VALLEY_GORGE,0.14
TR001630,Sikkim,North Sikkim,27.4229,88.6391,2397,46.6,SOUTH_EAST,HIGH_ALPINE,0.43
TR001631,Sikkim,South Sikkim,27.1739,88.3955,1285,35.3,NORTH_EAST,VALLEY_GORGE,0.73
TR001632,Nagaland,Kohima,25.7577,94.0028,1419,36.3,EAST,DISSECTED_HILLS,1.74
TR001633,Nagaland,Dimapur,26.0479,93.7328,219,4.7,NORTH_WEST,PLAINS,0.69
TR001634,Nagaland,Mokokchung,26.3271,94.6206,1369,28.8,NORTH_WEST,DISSECTED_HILLS,2.07
TR001635,Manipur,Imphal West,24.96,93.979,750,3.6,SOUTH,RIVER_VALLEY,0.47
TR001636,Manipur,Bishnupur,24.6828,93.8229,769,4.0,NORTH,RIVER_VALLEY,0.27
TR001637,Manipur,Senapati,25.2835,94.1489,1268,28.5,NORTH_EAST,DISSECTED_HILLS,1.36
TR001638,Mizoram,Aizawl,23.6086,92.8304,1186,30.7,WEST,RIDGE_SLOPE,1.89
TR001639,Mizoram,Kolasib,24.0711,92.5969,579,24.3,NORTH_WEST,DISSECTED_HILLS,1.09
TR001640,Mizoram,Lunglei,22.8742,92.8205,1064,30.7,EAST,RIDGE_SLOPE,2.73
TR001641,Tripura,West Tripura,23.7431,91.1921,20,1.4,NORTH_WEST,ROLLING_PLAINS,1.0
TR001642,Tripura,Sipahijala,23.494,91.1966,20,2.7,SOUTH,ROLLING_PLAINS,2.96
TR001643,Tripura,Dhalai,23.9738,91.808,83,10.5,SOUTH_WEST,LOW_HILLS,1.53
TR001644,Arunachal Pradesh,Tawang,27.5018,91.788,2862,43.7,WEST,HIGH_ALPINE,5.31
TR001645,Arunachal Pradesh,West Kameng,27.1681,92.2723,2247,36.8,NORTH_EAST,STEEP_MOUNTAIN,4.32
TR001646,Arunachal Pradesh,Papum Pare,27.1998,93.5078,343,19.9,SOUTH_EAST,DISSECTED_HILLS,1.02
TR001647,Arunachal Pradesh,East Siang,28.1968,95.2675,125,8.5,WEST,RIVER_VALLEY,0.39
TR001648,Arunachal Pradesh,Lower Subansiri,27.4514,93.8381,1602,34.9,WEST,STEEP_MOUNTAIN,3.12
TR001649,Assam,Kamrup Metropolitan,26.258,91.6058,20,3.1,EAST,PLAINS,0.64
TR001650,Assam,Kamrup Rural,26.0919,91.5718,86,0.4,WEST,PLAINS,0.74
TR001651,Assam,Darrang,26.5951,91.9544,20,2.4,EAST,FLOOD_BASIN,0.43
TR001652,Assam,Sonitpur,26.7401,92.7309,37,1.2,NORTH_WEST,RIVER_VALLEY,0.28
TR001653,Assam,Dibrugarh,27.5615,95.0239,156,0.8,SOUTH_EAST,FLOOD_BASIN,0.53
TR001654,Assam,Cachar,24.83,92.8471,65,1.7,SOUTH,FLOOD_BASIN,0.38
TR001655,Assam,Nagaon,26.2147,92.6866,100,2.9,SOUTH,PLAINS,0.94
TR001656,Meghalaya,East Khasi Hills,25.5411,91.899,1452,29.6,NORTH_WEST,PLATEAU_ESCARPMENT,2.19
TR001657,Meghalaya,West Khasi Hills,25.5684,91.3247,1283,27.9,WEST,PLATEAU_ESCARPMENT,1.93
TR001658,Meghalaya,Ri-Bhoi,25.9414,91.9672,573,14.2,EAST,DISSECTED_HILLS,1.39
TR001659,Meghalaya,West Jaintia Hills,25.3609,92.309,1320,24.6,NORTH_EAST,DISSECTED_HILLS,1.13
TR001660,Sikkim,East Sikkim,27.302,88.5037,1697,41.4,EAST,VALLEY_GORGE,0.21
TR001661,Sikkim,North Sikkim,27.3903,88.4252,2446,48.6,NORTH_EAST,HIGH_ALPINE,0.2
TR001662,Sikkim,South Sikkim,27.0323,88.3537,1283,35.8,NORTH_EAST,VALLEY_GORGE,0.45
TR001663,Nagaland,Kohima,25.6478,94.2,1420,34.7,EAST,DISSECTED_HILLS,1.57
TR001664,Nagaland,Dimapur,25.8893,93.6572,144,3.1,NORTH_EAST,PLAINS,0.7
TR001665,Nagaland,Mokokchung,26.4278,94.5238,1342,28.9,NORTH_WEST,DISSECTED_HILLS,2.03
TR001666,Manipur,Imphal West,24.7353,93.8224,771,0.4,SOUTH_WEST,RIVER_VALLEY,0.38
TR001667,Manipur,Bishnupur,24.5414,93.7133,748,4.7,NORTH,RIVER_VALLEY,0.55
TR001668,Manipur,Senapati,25.3636,93.9172,1267,32.0,NORTH_EAST,DISSECTED_HILLS,1.8
TR001669,Mizoram,Aizawl,23.8028,92.7895,1186,31.8,EAST,RIDGE_SLOPE,2.25
TR001670,Mizoram,Kolasib,24.1546,92.634,601,26.7,WEST,DISSECTED_HILLS,1.48
TR001671,Mizoram,Lunglei,22.9573,92.5936,1043,31.6,NORTH,RIDGE_SLOPE,2.74
TR001672,Tripura,West Tripura,23.7263,91.2561,20,3.2,EAST,ROLLING_PLAINS,1.09
TR001673,Tripura,Sipahijala,23.5551,91.3381,42,4.3,SOUTH_WEST,ROLLING_PLAINS,3.02
TR001674,Tripura,Dhalai,23.8384,91.9376,120,13.7,SOUTH_EAST,LOW_HILLS,1.63
TR001675,Arunachal Pradesh,Tawang,27.7187,91.8347,2896,44.2,EAST,HIGH_ALPINE,5.31
TR001676,Arunachal Pradesh,West Kameng,27.2269,92.4392,2156,37.0,SOUTH,STEEP_MOUNTAIN,4.73
TR001677,Arunachal Pradesh,Papum Pare,27.1003,93.6643,305,17.7,SOUTH,DISSECTED_HILLS,1.22
TR001678,Arunachal Pradesh,East Siang,28.1217,95.297,194,10.2,NORTH,RIVER_VALLEY,0.34
TR001679,Arunachal Pradesh,Lower Subansiri,27.5761,93.8503,1504,34.5,SOUTH_WEST,STEEP_MOUNTAIN,2.65
TR001680,Assam,Kamrup Metropolitan,26.2803,91.6853,75,2.7,NORTH_EAST,PLAINS,1.14
TR001681,Assam,Kamrup Rural,26.2072,91.5293,46,0.4,SOUTH,PLAINS,0.6
TR001682,Assam,Darrang,26.4623,91.9375,20,0.4,NORTH_WEST,FLOOD_BASIN,0.68
TR001683,Assam,Sonitpur,26.6755,92.734,39,0.4,NORTH,RIVER_VALLEY,0.61
TR001684,Assam,Dibrugarh,27.3324,94.9687,110,0.4,EAST,FLOOD_BASIN,0.28
TR001685,Assam,Cachar,24.9567,92.7447,20,0.5,WEST,FLOOD_BASIN,0.38
TR001686,Assam,Nagaon,26.2162,92.5512,70,0.4,SOUTH_WEST,PLAINS,0.66
TR001687,Meghalaya,East Khasi Hills,25.7017,91.8606,1444,28.6,NORTH,PLATEAU_ESCARPMENT,2.22
TR001688,Meghalaya,West Khasi Hills,25.5829,91.2267,1335,29.8,WEST,PLATEAU_ESCARPMENT,1.63
TR001689,Meghalaya,Ri-Bhoi,25.8117,91.8597,580,17.3,SOUTH,DISSECTED_HILLS,1.35
TR001690,Meghalaya,West Jaintia Hills,25.4725,92.1431,1295,26.0,EAST,DISSECTED_HILLS,1.3
TR001691,Sikkim,East Sikkim,27.2715,88.4587,1608,41.7,SOUTH_EAST,VALLEY_GORGE,0.39
TR001692,Sikkim,North Sikkim,27.5315,88.4741,2432,50.6,NORTH_WEST,HIGH_ALPINE,0.62
TR001693,Sikkim,South Sikkim,27.1581,88.3728,1334,34.2,WEST,VALLEY_GORGE,0.57
TR001694,Nagaland,Kohima,25.8008,94.0626,1487,36.9,NORTH_EAST,DISSECTED_HILLS,1.74
TR001695,Nagaland,Dimapur,25.9407,93.8205,157,3.4,SOUTH_EAST,PLAINS,0.77
TR001696,Nagaland,Mokokchung,26.3603,94.4996,1309,33.1,SOUTH_WEST,DISSECTED_HILLS,1.97
TR001697,Manipur,Imphal West,24.8376,93.9049,730,0.9,NORTH_WEST,RIVER_VALLEY,0.82
TR001698,Manipur,Bishnupur,24.5645,93.8029,747,4.3,EAST,RIVER_VALLEY,0.09
TR001699,Manipur,Senapati,25.328,94.1307,1306,29.5,WEST,DISSECTED_HILLS,1.8
TR001700,Mizoram,Aizawl,23.7429,92.8662,1079,34.3,NORTH_EAST,RIDGE_SLOPE,2.08
TR001701,Mizoram,Kolasib,24.3039,92.653,571,23.3,SOUTH_EAST,DISSECTED_HILLS,1.28
TR001702,Mizoram,Lunglei,22.8687,92.612,1048,32.4,EAST,RIDGE_SLOPE,2.55
TR001703,Tripura,West Tripura,23.7846,91.2566,20,1.6,SOUTH,ROLLING_PLAINS,0.96
TR001704,Tripura,Sipahijala,23.5194,91.4371,20,3.9,NORTH_EAST,ROLLING_PLAINS,2.85
TR001705,Tripura,Dhalai,23.8384,91.7248,164,10.7,NORTH_EAST,LOW_HILLS,1.97
TR001706,Arunachal Pradesh,Tawang,27.4782,91.9555,2947,42.8,NORTH_EAST,HIGH_ALPINE,5.5
TR001707,Arunachal Pradesh,West Kameng,27.2966,92.3191,2155,38.2,WEST,STEEP_MOUNTAIN,4.5
TR001708,Arunachal Pradesh,Papum Pare,26.9737,93.6957,346,17.4,WEST,DISSECTED_HILLS,1.24
TR001709,Arunachal Pradesh,East Siang,27.9694,95.3903,209,10.1,WEST,RIVER_VALLEY,0.29
TR001710,Arunachal Pradesh,Lower Subansiri,27.609,93.931,1603,32.5,NORTH,STEEP_MOUNTAIN,2.98
TR001711,Assam,Kamrup Metropolitan,26.1925,91.617,83,0.4,SOUTH,PLAINS,0.58
TR001712,Assam,Kamrup Rural,26.0364,91.6437,96,0.4,SOUTH_WEST,PLAINS,0.51
TR001713,Assam,Darrang,26.5746,91.941,20,0.7,NORTH_EAST,FLOOD_BASIN,0.69
TR001714,Assam,Sonitpur,26.5849,92.7002,103,0.4,WEST,RIVER_VALLEY,0.87
TR001715,Assam,Dibrugarh,27.3518,95.0126,133,0.4,NORTH,FLOOD_BASIN,0.26
TR001716,Assam,Cachar,24.808,92.6612,20,0.9,SOUTH,FLOOD_BASIN,0.36
TR001717,Assam,Nagaon,26.3826,92.8143,54,3.2,NORTH,PLAINS,0.53
TR001718,Meghalaya,East Khasi Hills,25.4929,91.8503,1452,28.1,SOUTH_WEST,PLATEAU_ESCARPMENT,2.38
TR001719,Meghalaya,West Khasi Hills,25.3636,91.1738,1248,25.8,NORTH,PLATEAU_ESCARPMENT,2.08
TR001720,Meghalaya,Ri-Bhoi,25.945,91.8407,498,18.4,EAST,DISSECTED_HILLS,1.52
TR001721,Meghalaya,West Jaintia Hills,25.5303,92.1999,1283,27.1,EAST,DISSECTED_HILLS,1.36
TR001722,Sikkim,East Sikkim,27.4656,88.6273,1622,44.3,NORTH_WEST,VALLEY_GORGE,0.24
TR001723,Sikkim,North Sikkim,27.6444,88.6089,2476,50.6,NORTH_WEST,HIGH_ALPINE,0.55
TR001724,Sikkim,South Sikkim,27.0599,88.2526,1337,38.1,EAST,VALLEY_GORGE,0.36
TR001725,Nagaland,Kohima,25.7806,94.1032,1422,33.4,WEST,DISSECTED_HILLS,2.14
TR001726,Nagaland,Dimapur,25.8915,93.7308,229,2.5,WEST,PLAINS,1.03
TR001727,Nagaland,Mokokchung,26.4715,94.4398,1338,32.3,SOUTH_EAST,DISSECTED_HILLS,1.93
TR001728,Manipur,Imphal West,24.7379,93.9153,756,2.8,SOUTH,RIVER_VALLEY,0.29
TR001729,Manipur,Bishnupur,24.5948,93.7035,729,2.9,SOUTH_WEST,RIVER_VALLEY,0.47
TR001730,Manipur,Senapati,25.1814,94.0776,1246,30.7,SOUTH_EAST,DISSECTED_HILLS,1.36
TR001731,Mizoram,Aizawl,23.6605,92.7607,1167,30.7,NORTH,RIDGE_SLOPE,2.26
TR001732,Mizoram,Kolasib,24.1945,92.7738,646,22.1,NORTH,DISSECTED_HILLS,1.5
TR001733,Mizoram,Lunglei,22.8294,92.6627,1029,29.3,SOUTH,RIDGE_SLOPE,2.85
TR001734,Tripura,West Tripura,23.978,91.3772,64,3.2,NORTH_WEST,ROLLING_PLAINS,1.35
TR001735,Tripura,Sipahijala,23.5994,91.2585,28,3.6,NORTH,ROLLING_PLAINS,2.59
TR001736,Tripura,Dhalai,23.8475,91.9861,86,12.7,SOUTH_EAST,LOW_HILLS,1.44
TR001737,Arunachal Pradesh,Tawang,27.4974,91.7369,2915,44.7,NORTH_EAST,HIGH_ALPINE,5.47
TR001738,Arunachal Pradesh,West Kameng,27.1758,92.4181,2194,39.1,SOUTH,STEEP_MOUNTAIN,4.45
TR001739,Arunachal Pradesh,Papum Pare,27.1669,93.5401,282,19.0,NORTH_EAST,DISSECTED_HILLS,1.15
TR001740,Arunachal Pradesh,East Siang,28.0889,95.4663,120,8.1,WEST,RIVER_VALLEY,0.66
TR001741,Arunachal Pradesh,Lower Subansiri,27.424,93.9718,1550,31.8,SOUTH,STEEP_MOUNTAIN,2.86
TR001742,Assam,Kamrup Metropolitan,26.1213,91.769,50,2.5,SOUTH,PLAINS,1.08
TR001743,Assam,Kamrup Rural,26.2731,91.4179,46,0.5,SOUTH,PLAINS,0.4
TR001744,Assam,Darrang,26.5739,91.9711,60,0.4,SOUTH_EAST,FLOOD_BASIN,0.52
TR001745,Assam,Sonitpur,26.561,92.7817,76,1.0,SOUTH_EAST,RIVER_VALLEY,0.62
TR001746,Assam,Dibrugarh,27.4671,94.862,139,0.6,SOUTH_WEST,FLOOD_BASIN,0.25
TR001747,Assam,Cachar,24.7402,92.6328,29,3.0,SOUTH,FLOOD_BASIN,0.19
TR001748,Assam,Nagaon,26.3166,92.6587,54,3.4,EAST,PLAINS,0.69
TR001749,Meghalaya,East Khasi Hills,25.5757,91.9356,1505,28.4,SOUTH,PLATEAU_ESCARPMENT,2.53
TR001750,Meghalaya,West Khasi Hills,25.6577,91.1473,1339,28.3,WEST,PLATEAU_ESCARPMENT,1.68
TR001751,Meghalaya,Ri-Bhoi,25.8809,91.8066,606,17.8,NORTH_WEST,DISSECTED_HILLS,1.48
TR001752,Meghalaya,West Jaintia Hills,25.5127,92.2405,1317,27.0,NORTH,DISSECTED_HILLS,1.27
TR001753,Sikkim,East Sikkim,27.4669,88.6772,1621,41.9,SOUTH,VALLEY_GORGE,0.45
TR001754,Sikkim,North Sikkim,27.4584,88.612,2393,49.5,SOUTH_WEST,HIGH_ALPINE,0.47
TR001755,Sikkim,South Sikkim,27.0984,88.3366,1327,34.4,NORTH,VALLEY_GORGE,0.31
TR001756,Nagaland,Kohima,25.6986,94.1574,1400,33.4,SOUTH,DISSECTED_HILLS,2.05
TR001757,Nagaland,Dimapur,25.9501,93.8526,185,4.8,SOUTH_EAST,PLAINS,1.28
TR001758,Nagaland,Mokokchung,26.1991,94.643,1372,30.6,NORTH_WEST,DISSECTED_HILLS,2.39
TR001759,Manipur,Imphal West,24.7429,93.8775,793,3.0,SOUTH_EAST,RIVER_VALLEY,0.5
TR001760,Manipur,Bishnupur,24.5748,93.738,822,5.6,NORTH_WEST,RIVER_VALLEY,0.62
TR001761,Manipur,Senapati,25.1428,94.0318,1292,28.7,NORTH_EAST,DISSECTED_HILLS,1.24
TR001762,Mizoram,Aizawl,23.8017,92.8466,1120,34.0,EAST,RIDGE_SLOPE,1.75
TR001763,Mizoram,Kolasib,24.1205,92.6775,562,22.3,SOUTH_WEST,DISSECTED_HILLS,1.4
TR001764,Mizoram,Lunglei,22.8875,92.7864,1053,31.2,WEST,RIDGE_SLOPE,2.36
TR001765,Tripura,West Tripura,23.7374,91.1771,37,0.5,NORTH_EAST,ROLLING_PLAINS,1.57
TR001766,Tripura,Sipahijala,23.6202,91.4063,20,1.5,NORTH_EAST,ROLLING_PLAINS,3.04
TR001767,Tripura,Dhalai,23.9428,91.7576,195,13.9,NORTH,LOW_HILLS,1.64
TR001768,Arunachal Pradesh,Tawang,27.71,91.7422,2921,42.8,SOUTH,HIGH_ALPINE,5.14
TR001769,Arunachal Pradesh,West Kameng,27.2278,92.3489,2183,35.6,NORTH_WEST,STEEP_MOUNTAIN,4.4
TR001770,Arunachal Pradesh,Papum Pare,27.096,93.6948,261,16.3,SOUTH,DISSECTED_HILLS,1.44
TR001771,Arunachal Pradesh,East Siang,27.9182,95.3507,100,7.2,SOUTH_WEST,RIVER_VALLEY,0.49
TR001772,Arunachal Pradesh,Lower Subansiri,27.4022,93.8609,1597,31.2,SOUTH_EAST,STEEP_MOUNTAIN,2.87
TR001773,Assam,Kamrup Metropolitan,26.2216,91.7675,38,0.6,NORTH_EAST,PLAINS,1.13
TR001774,Assam,Kamrup Rural,26.3348,91.6571,118,0.4,EAST,PLAINS,0.61
TR001775,Assam,Darrang,26.4852,92.1736,103,0.4,SOUTH,FLOOD_BASIN,0.12
TR001776,Assam,Sonitpur,26.6209,92.8521,110,3.8,WEST,RIVER_VALLEY,0.85
TR001777,Assam,Dibrugarh,27.3305,94.7989,115,0.4,NORTH_WEST,FLOOD_BASIN,0.6
TR001778,Assam,Cachar,24.9278,92.7394,44,2.7,NORTH,FLOOD_BASIN,0.52
TR001779,Assam,Nagaon,26.3497,92.7321,20,3.4,NORTH_EAST,PLAINS,1.07
TR001780,Meghalaya,East Khasi Hills,25.6726,91.7483,1476,32.4,NORTH_WEST,PLATEAU_ESCARPMENT,2.58
TR001781,Meghalaya,West Khasi Hills,25.5807,91.3134,1249,28.5,NORTH_EAST,PLATEAU_ESCARPMENT,1.81
TR001782,Meghalaya,Ri-Bhoi,25.9338,91.7544,544,18.7,SOUTH_EAST,DISSECTED_HILLS,1.86
TR001783,Meghalaya,West Jaintia Hills,25.4428,92.2475,1359,28.0,SOUTH_WEST,DISSECTED_HILLS,1.33
TR001784,Sikkim,East Sikkim,27.2771,88.515,1608,43.8,SOUTH,VALLEY_GORGE,0.42
TR001785,Sikkim,North Sikkim,27.5855,88.615,2394,46.6,SOUTH_EAST,HIGH_ALPINE,0.57
TR001786,Sikkim,South Sikkim,27.1104,88.4019,1310,38.6,EAST,VALLEY_GORGE,0.45
TR001787,Nagaland,Kohima,25.794,94.2451,1441,36.6,NORTH_EAST,DISSECTED_HILLS,1.71
TR001788,Nagaland,Dimapur,25.8203,93.8035,219,4.8,NORTH_EAST,PLAINS,0.72
TR001789,Nagaland,Mokokchung,26.473,94.3788,1378,33.1,EAST,DISSECTED_HILLS,2.44
TR001790,Manipur,Imphal West,24.8969,93.8529,757,3.0,WEST,RIVER_VALLEY,0.87
TR001791,Manipur,Bishnupur,24.6836,93.8141,828,3.7,SOUTH,RIVER_VALLEY,0.52
TR001792,Manipur,Senapati,25.1371,94.0675,1301,28.1,NORTH_EAST,DISSECTED_HILLS,1.52
TR001793,Mizoram,Aizawl,23.8543,92.587,1113,32.4,SOUTH_WEST,RIDGE_SLOPE,2.22
TR001794,Mizoram,Kolasib,24.2908,92.6445,632,25.9,NORTH,DISSECTED_HILLS,1.58
TR001795,Mizoram,Lunglei,22.8611,92.66,993,29.6,NORTH_WEST,RIDGE_SLOPE,2.31
TR001796,Tripura,West Tripura,23.7082,91.359,94,0.5,SOUTH_WEST,ROLLING_PLAINS,1.56
TR001797,Tripura,Sipahijala,23.6569,91.2002,20,5.3,WEST,ROLLING_PLAINS,2.92
TR001798,Tripura,Dhalai,23.7005,91.7186,148,10.4,NORTH_WEST,LOW_HILLS,1.6
TR001799,Arunachal Pradesh,Tawang,27.5632,91.9408,2942,45.4,SOUTH_WEST,HIGH_ALPINE,5.47
TR001800,Arunachal Pradesh,West Kameng,27.2704,92.4464,2168,36.0,NORTH_WEST,STEEP_MOUNTAIN,4.26
TR001801,Arunachal Pradesh,Papum Pare,27.2061,93.5614,364,20.7,WEST,DISSECTED_HILLS,1.49
TR001802,Arunachal Pradesh,East Siang,28.0659,95.3127,171,8.1,NORTH_EAST,RIVER_VALLEY,0.64
TR001803,Arunachal Pradesh,Lower Subansiri,27.6547,93.9283,1504,32.9,EAST,STEEP_MOUNTAIN,2.75
TR001804,Assam,Kamrup Metropolitan,26.2916,91.6232,103,2.2,NORTH,PLAINS,0.86
TR001805,Assam,Kamrup Rural,26.2836,91.5605,88,3.2,NORTH_EAST,PLAINS,0.39
TR001806,Assam,Darrang,26.5451,91.9268,83,0.4,SOUTH_EAST,FLOOD_BASIN,0.53
TR001807,Assam,Sonitpur,26.7269,92.8527,24,4.2,SOUTH_WEST,RIVER_VALLEY,0.75
TR001808,Assam,Dibrugarh,27.5798,94.9802,86,3.2,SOUTH_EAST,FLOOD_BASIN,0.58
TR001809,Assam,Cachar,24.9379,92.9262,35,1.3,SOUTH,FLOOD_BASIN,0.22
TR001810,Assam,Nagaon,26.3372,92.6385,54,0.5,EAST,PLAINS,0.79
TR001811,Meghalaya,East Khasi Hills,25.5137,91.9522,1454,31.5,EAST,PLATEAU_ESCARPMENT,2.31
TR001812,Meghalaya,West Khasi Hills,25.3892,91.207,1321,28.4,EAST,PLATEAU_ESCARPMENT,2.07
TR001813,Meghalaya,Ri-Bhoi,26.0049,91.9429,548,17.3,WEST,DISSECTED_HILLS,1.63
TR001814,Meghalaya,West Jaintia Hills,25.4326,92.1947,1384,24.2,WEST,DISSECTED_HILLS,0.99
TR001815,Sikkim,East Sikkim,27.4134,88.6771,1591,41.3,NORTH_EAST,VALLEY_GORGE,0.41
TR001816,Sikkim,North Sikkim,27.3806,88.6356,2499,46.7,SOUTH_WEST,HIGH_ALPINE,0.67
TR001817,Sikkim,South Sikkim,27.1481,88.4525,1358,34.0,EAST,VALLEY_GORGE,0.38
TR001818,Nagaland,Kohima,25.6673,94.2421,1395,38.2,SOUTH_WEST,DISSECTED_HILLS,1.97
TR001819,Nagaland,Dimapur,25.9348,93.8684,215,4.9,SOUTH,PLAINS,0.81
TR001820,Nagaland,Mokokchung,26.2106,94.489,1298,31.9,SOUTH_WEST,DISSECTED_HILLS,2.47
TR001821,Manipur,Imphal West,24.8628,93.8994,813,4.7,NORTH_WEST,RIVER_VALLEY,0.69
TR001822,Manipur,Bishnupur,24.5093,93.7536,814,4.3,EAST,RIVER_VALLEY,0.23
TR001823,Manipur,Senapati,25.306,93.9702,1205,27.6,NORTH_EAST,DISSECTED_HILLS,1.23
TR001824,Mizoram,Aizawl,23.7695,92.8401,1098,30.6,SOUTH_EAST,RIDGE_SLOPE,2.12
TR001825,Mizoram,Kolasib,24.2418,92.6121,645,22.5,WEST,DISSECTED_HILLS,1.34
TR001826,Mizoram,Lunglei,22.8452,92.89,1049,31.2,EAST,RIDGE_SLOPE,2.62
TR001827,Tripura,West Tripura,23.7113,91.1558,91,3.9,EAST,ROLLING_PLAINS,1.3
TR001828,Tripura,Sipahijala,23.6066,91.3722,22,3.3,NORTH_WEST,ROLLING_PLAINS,2.9
TR001829,Tripura,Dhalai,23.9437,91.8466,146,13.7,WEST,LOW_HILLS,1.7
TR001830,Arunachal Pradesh,Tawang,27.6817,91.9049,2936,45.8,NORTH_WEST,HIGH_ALPINE,5.58
TR001831,Arunachal Pradesh,West Kameng,27.3838,92.3201,2216,39.0,EAST,STEEP_MOUNTAIN,4.25
TR001832,Arunachal Pradesh,Papum Pare,27.0846,93.5609,265,16.6,NORTH_WEST,DISSECTED_HILLS,1.08
TR001833,Arunachal Pradesh,East Siang,27.9644,95.3447,203,10.5,NORTH,RIVER_VALLEY,0.2
TR001834,Arunachal Pradesh,Lower Subansiri,27.4374,93.7696,1569,30.8,SOUTH_WEST,STEEP_MOUNTAIN,3.19
TR001835,Assam,Kamrup Metropolitan,26.1919,91.6607,20,3.4,SOUTH,PLAINS,0.89
TR001836,Assam,Kamrup Rural,26.2698,91.6097,54,0.4,NORTH_EAST,PLAINS,0.67
TR001837,Assam,Darrang,26.3959,92.1542,37,1.6,SOUTH_EAST,FLOOD_BASIN,0.38
TR001838,Assam,Sonitpur,26.6902,92.8414,23,0.8,SOUTH_EAST,RIVER_VALLEY,0.37
TR001839,Assam,Dibrugarh,27.4127,95.0118,65,1.3,NORTH_EAST,FLOOD_BASIN,0.29
TR001840,Assam,Cachar,24.791,92.6674,44,1.4,NORTH_WEST,FLOOD_BASIN,0.31
TR001841,Assam,Nagaon,26.2734,92.7289,24,0.5,SOUTH,PLAINS,0.5
TR001842,Meghalaya,East Khasi Hills,25.5051,91.8709,1518,28.7,WEST,PLATEAU_ESCARPMENT,2.08
TR001843,Meghalaya,West Khasi Hills,25.5489,91.1908,1301,29.0,EAST,PLATEAU_ESCARPMENT,1.68
TR001844,Meghalaya,Ri-Bhoi,25.8616,91.9272,595,16.6,SOUTH_EAST,DISSECTED_HILLS,1.36
TR001845,Meghalaya,West Jaintia Hills,25.5465,92.1449,1370,25.7,SOUTH_EAST,DISSECTED_HILLS,0.87
TR001846,Sikkim,East Sikkim,27.37,88.4798,1605,42.2,WEST,VALLEY_GORGE,0.29
TR001847,Sikkim,North Sikkim,27.472,88.4988,2401,47.8,SOUTH_EAST,HIGH_ALPINE,0.27
TR001848,Sikkim,South Sikkim,27.102,88.4607,1268,35.1,WEST,VALLEY_GORGE,0.21
TR001849,Nagaland,Kohima,25.8189,94.0253,1393,37.2,NORTH,DISSECTED_HILLS,1.63
TR001850,Nagaland,Dimapur,25.9147,93.8402,210,5.4,SOUTH_WEST,PLAINS,0.97
TR001851,Nagaland,Mokokchung,26.3337,94.5801,1370,29.9,NORTH,DISSECTED_HILLS,2.03
TR001852,Manipur,Imphal West,24.6967,93.8012,765,4.4,NORTH_WEST,RIVER_VALLEY,0.5
TR001853,Manipur,Bishnupur,24.586,93.8369,810,3.7,SOUTH_EAST,RIVER_VALLEY,0.44
TR001854,Manipur,Senapati,25.3649,94.0031,1206,28.3,NORTH_EAST,DISSECTED_HILLS,1.6
TR001855,Mizoram,Aizawl,23.7911,92.7649,1088,32.4,SOUTH,RIDGE_SLOPE,2.23
TR001856,Mizoram,Kolasib,24.0859,92.7476,597,25.5,SOUTH,DISSECTED_HILLS,1.11
TR001857,Mizoram,Lunglei,22.9126,92.802,983,31.2,NORTH_EAST,RIDGE_SLOPE,2.48
TR001858,Tripura,West Tripura,23.8221,91.2228,29,2.2,EAST,ROLLING_PLAINS,1.42
TR001859,Tripura,Sipahijala,23.7621,91.2306,53,4.8,NORTH,ROLLING_PLAINS,3.17
TR001860,Tripura,Dhalai,23.822,91.7938,91,12.7,SOUTH,LOW_HILLS,1.4
TR001861,Arunachal Pradesh,Tawang,27.5081,91.7375,2913,42.3,NORTH_WEST,HIGH_ALPINE,5.43
TR001862,Arunachal Pradesh,West Kameng,27.2807,92.4138,2251,35.6,SOUTH,STEEP_MOUNTAIN,4.87
TR001863,Arunachal Pradesh,Papum Pare,27.1535,93.7463,277,18.4,WEST,DISSECTED_HILLS,1.28
TR001864,Arunachal Pradesh,East Siang,28.2154,95.4424,184,7.3,SOUTH_EAST,RIVER_VALLEY,0.16
TR001865,Arunachal Pradesh,Lower Subansiri,27.4571,93.9294,1500,33.5,SOUTH_WEST,STEEP_MOUNTAIN,3.01
TR001866,Assam,Kamrup Metropolitan,26.2194,91.6595,89,2.0,EAST,PLAINS,1.15
TR001867,Assam,Kamrup Rural,26.3348,91.6955,85,1.4,SOUTH,PLAINS,0.74
TR001868,Assam,Darrang,26.5914,92.0834,104,2.4,WEST,FLOOD_BASIN,0.64
TR001869,Assam,Sonitpur,26.5362,92.7527,35,2.2,WEST,RIVER_VALLEY,0.87
TR001870,Assam,Dibrugarh,27.4496,94.8757,95,3.1,SOUTH_EAST,FLOOD_BASIN,0.37
TR001871,Assam,Cachar,24.887,92.8784,73,3.1,EAST,FLOOD_BASIN,0.05
TR001872,Assam,Nagaon,26.285,92.6221,31,0.4,NORTH_EAST,PLAINS,0.86
TR001873,Meghalaya,East Khasi Hills,25.5469,92.0202,1548,32.7,WEST,PLATEAU_ESCARPMENT,2.37
TR001874,Meghalaya,West Khasi Hills,25.6077,91.1206,1279,30.0,NORTH,PLATEAU_ESCARPMENT,2.1
TR001875,Meghalaya,Ri-Bhoi,25.7672,91.7318,548,15.6,SOUTH_EAST,DISSECTED_HILLS,1.48
TR001876,Meghalaya,West Jaintia Hills,25.3015,92.3171,1293,25.5,NORTH,DISSECTED_HILLS,0.86
TR001877,Sikkim,East Sikkim,27.3181,88.5158,1657,42.1,NORTH,VALLEY_GORGE,0.05
TR001878,Sikkim,North Sikkim,27.3872,88.5462,2409,49.8,NORTH_WEST,HIGH_ALPINE,0.21
TR001879,Sikkim,South Sikkim,27.1612,88.3123,1286,35.8,SOUTH_EAST,VALLEY_GORGE,0.27
TR001880,Nagaland,Kohima,25.7686,93.9912,1436,36.6,WEST,DISSECTED_HILLS,1.84
TR001881,Nagaland,Dimapur,25.7988,93.8016,135,3.1,SOUTH_WEST,PLAINS,1.22
TR001882,Nagaland,Mokokchung,26.2345,94.4269,1265,29.2,NORTH_EAST,DISSECTED_HILLS,2.12
TR001883,Manipur,Imphal West,24.7664,93.7963,810,0.7,NORTH_EAST,RIVER_VALLEY,0.56
TR001884,Manipur,Bishnupur,24.682,93.6942,763,3.4,SOUTH_EAST,RIVER_VALLEY,0.37
TR001885,Manipur,Senapati,25.3145,93.8982,1286,30.8,SOUTH_EAST,DISSECTED_HILLS,1.72
TR001886,Mizoram,Aizawl,23.7277,92.8447,1177,34.6,EAST,RIDGE_SLOPE,1.84
TR001887,Mizoram,Kolasib,24.3573,92.7678,566,22.8,NORTH_WEST,DISSECTED_HILLS,1.28
TR001888,Mizoram,Lunglei,22.9602,92.661,1046,33.1,SOUTH,RIDGE_SLOPE,2.53
TR001889,Tripura,West Tripura,23.8606,91.1392,36,1.0,SOUTH,ROLLING_PLAINS,1.27
TR001890,Tripura,Sipahijala,23.7133,91.2363,20,4.1,NORTH_WEST,ROLLING_PLAINS,2.67
TR001891,Tripura,Dhalai,23.7843,91.7345,113,14.5,SOUTH_WEST,LOW_HILLS,1.51
TR001892,Arunachal Pradesh,Tawang,27.6823,91.7689,2930,45.9,NORTH,HIGH_ALPINE,5.02
TR001893,Arunachal Pradesh,West Kameng,27.3336,92.4492,2164,40.5,NORTH_EAST,STEEP_MOUNTAIN,4.63
TR001894,Arunachal Pradesh,Papum Pare,27.1407,93.5354,276,18.0,SOUTH,DISSECTED_HILLS,1.13
TR001895,Arunachal Pradesh,East Siang,27.9737,95.2199,97,9.8,EAST,RIVER_VALLEY,0.21
TR001896,Arunachal Pradesh,Lower Subansiri,27.4153,93.8022,1539,33.4,NORTH_EAST,STEEP_MOUNTAIN,3.19
TR001897,Assam,Kamrup Metropolitan,26.061,91.714,20,1.2,NORTH,PLAINS,0.97
TR001898,Assam,Kamrup Rural,26.1263,91.4928,33,3.1,NORTH_WEST,PLAINS,0.81
TR001899,Assam,Darrang,26.3761,92.1495,20,0.4,NORTH,FLOOD_BASIN,0.08
TR001900,Assam,Sonitpur,26.7072,92.7062,78,1.0,NORTH_EAST,RIVER_VALLEY,0.64
TR001901,Assam,Dibrugarh,27.4521,94.8377,110,0.4,SOUTH,FLOOD_BASIN,0.35
TR001902,Assam,Cachar,24.7124,92.633,35,3.2,SOUTH_EAST,FLOOD_BASIN,0.05
TR001903,Assam,Nagaon,26.3034,92.777,99,2.4,NORTH_WEST,PLAINS,0.79
TR001904,Meghalaya,East Khasi Hills,25.5403,91.9384,1456,30.9,SOUTH_EAST,PLATEAU_ESCARPMENT,2.01
TR001905,Meghalaya,West Khasi Hills,25.3919,91.2989,1297,26.1,SOUTH_WEST,PLATEAU_ESCARPMENT,1.93
TR001906,Meghalaya,Ri-Bhoi,26.0237,91.9263,514,15.0,NORTH_WEST,DISSECTED_HILLS,1.54
TR001907,Meghalaya,West Jaintia Hills,25.3296,92.3325,1349,25.2,SOUTH,DISSECTED_HILLS,1.32
TR001908,Sikkim,East Sikkim,27.4858,88.5171,1682,40.3,NORTH,VALLEY_GORGE,0.05
TR001909,Sikkim,North Sikkim,27.4755,88.6135,2504,50.4,NORTH,HIGH_ALPINE,0.6
TR001910,Sikkim,South Sikkim,27.292,88.4925,1354,35.5,NORTH_EAST,VALLEY_GORGE,0.56
TR001911,Nagaland,Kohima,25.5603,94.0894,1441,35.4,EAST,DISSECTED_HILLS,2.16
TR001912,Nagaland,Dimapur,25.908,93.5841,211,2.7,EAST,PLAINS,1.28
TR001913,Nagaland,Mokokchung,26.2619,94.6567,1267,32.5,WEST,DISSECTED_HILLS,2.3
TR001914,Manipur,Imphal West,24.8892,93.906,812,2.4,SOUTH_EAST,RIVER_VALLEY,0.58
TR001915,Manipur,Bishnupur,24.5049,93.7458,775,2.9,SOUTH_EAST,RIVER_VALLEY,0.56
TR001916,Manipur,Senapati,25.2303,93.9414,1213,27.0,NORTH,DISSECTED_HILLS,1.52
TR001917,Mizoram,Aizawl,23.7547,92.5703,1188,34.5,NORTH,RIDGE_SLOPE,2.05
TR001918,Mizoram,Kolasib,24.2823,92.6875,588,26.3,NORTH_EAST,DISSECTED_HILLS,1.14
TR001919,Mizoram,Lunglei,22.8106,92.6257,988,29.2,EAST,RIDGE_SLOPE,2.4
TR001920,Tripura,West Tripura,23.6932,91.1812,88,1.0,NORTH,ROLLING_PLAINS,1.04
TR001921,Tripura,Sipahijala,23.747,91.1775,20,5.4,EAST,ROLLING_PLAINS,2.69
TR001922,Tripura,Dhalai,23.7349,91.8946,160,12.5,EAST,LOW_HILLS,1.59
TR001923,Arunachal Pradesh,Tawang,27.4611,91.921,2910,43.3,NORTH,HIGH_ALPINE,5.04
TR001924,Arunachal Pradesh,West Kameng,27.384,92.3544,2147,38.6,NORTH,STEEP_MOUNTAIN,4.26
TR001925,Arunachal Pradesh,Papum Pare,27.057,93.6857,295,16.9,SOUTH_WEST,DISSECTED_HILLS,1.58
TR001926,Arunachal Pradesh,East Siang,28.0772,95.4696,194,11.4,SOUTH_WEST,RIVER_VALLEY,0.53
TR001927,Arunachal Pradesh,Lower Subansiri,27.6168,93.8864,1583,31.2,NORTH,STEEP_MOUNTAIN,2.96
TR001928,Assam,Kamrup Metropolitan,26.1758,91.648,51,0.4,SOUTH_WEST,PLAINS,0.72
TR001929,Assam,Kamrup Rural,26.2095,91.6543,94,0.4,WEST,PLAINS,0.64
TR001930,Assam,Darrang,26.5209,92.0112,20,3.1,NORTH_EAST,FLOOD_BASIN,0.11
TR001931,Assam,Sonitpur,26.5383,92.6981,128,0.5,NORTH_WEST,RIVER_VALLEY,0.62
TR001932,Assam,Dibrugarh,27.6058,94.8161,84,0.4,SOUTH_WEST,FLOOD_BASIN,0.26
TR001933,Assam,Cachar,24.7366,92.7472,42,0.4,SOUTH,FLOOD_BASIN,0.05
TR001934,Assam,Nagaon,26.3231,92.6705,86,3.4,WEST,PLAINS,0.52
TR001935,Meghalaya,East Khasi Hills,25.5868,91.9613,1533,28.1,EAST,PLATEAU_ESCARPMENT,2.01
TR001936,Meghalaya,West Khasi Hills,25.4752,91.143,1221,29.3,WEST,PLATEAU_ESCARPMENT,1.97
TR001937,Meghalaya,Ri-Bhoi,25.7631,91.8045,500,15.3,NORTH_EAST,DISSECTED_HILLS,1.86
TR001938,Meghalaya,West Jaintia Hills,25.4799,92.2877,1271,28.3,SOUTH_EAST,DISSECTED_HILLS,0.92
TR001939,Sikkim,East Sikkim,27.4097,88.558,1680,39.9,EAST,VALLEY_GORGE,0.05
TR001940,Sikkim,North Sikkim,27.5779,88.6677,2494,46.8,EAST,HIGH_ALPINE,0.27
TR001941,Sikkim,South Sikkim,27.0664,88.2168,1328,35.0,NORTH_EAST,VALLEY_GORGE,0.5
TR001942,Nagaland,Kohima,25.5315,93.972,1449,34.8,WEST,DISSECTED_HILLS,1.88
TR001943,Nagaland,Dimapur,26.0077,93.6201,251,2.4,EAST,PLAINS,0.8
TR001944,Nagaland,Mokokchung,26.2906,94.476,1296,29.6,NORTH,DISSECTED_HILLS,2.42
TR001945,Manipur,Imphal West,24.7824,94.0521,830,4.2,NORTH_EAST,RIVER_VALLEY,0.57
TR001946,Manipur,Bishnupur,24.7796,93.6819,746,2.8,WEST,RIVER_VALLEY,0.45
TR001947,Manipur,Senapati,25.1455,94.137,1307,27.4,EAST,DISSECTED_HILLS,1.18
TR001948,Mizoram,Aizawl,23.6224,92.6962,1112,33.5,NORTH_EAST,RIDGE_SLOPE,2.19
TR001949,Mizoram,Kolasib,24.1151,92.7302,588,25.1,NORTH_WEST,DISSECTED_HILLS,1.14
TR001950,Mizoram,Lunglei,22.9926,92.6713,1023,32.3,SOUTH_EAST,RIDGE_SLOPE,2.86
TR001951,Tripura,West Tripura,23.9247,91.3502,20,3.5,NORTH,ROLLING_PLAINS,1.51
TR001952,Tripura,Sipahijala,23.7784,91.3953,20,2.1,NORTH,ROLLING_PLAINS,2.8
TR001953,Tripura,Dhalai,23.9164,91.9357,141,13.6,EAST,LOW_HILLS,1.42
TR001954,Arunachal Pradesh,Tawang,27.5643,91.9274,2858,42.5,NORTH_WEST,HIGH_ALPINE,5.6
TR001955,Arunachal Pradesh,West Kameng,27.1691,92.3814,2180,38.0,NORTH_EAST,STEEP_MOUNTAIN,4.56
TR001956,Arunachal Pradesh,Papum Pare,27.2423,93.6471,341,17.7,SOUTH_EAST,DISSECTED_HILLS,1.47
TR001957,Arunachal Pradesh,East Siang,28.1122,95.2498,148,9.4,SOUTH,RIVER_VALLEY,0.5
TR001958,Arunachal Pradesh,Lower Subansiri,27.5478,93.8409,1529,31.8,WEST,STEEP_MOUNTAIN,2.93
TR001959,Assam,Kamrup Metropolitan,26.1211,91.7596,83,2.8,EAST,PLAINS,0.69
TR001960,Assam,Kamrup Rural,26.0612,91.5205,24,3.4,SOUTH_WEST,PLAINS,0.36
TR001961,Assam,Darrang,26.4695,92.1683,109,0.4,SOUTH_EAST,FLOOD_BASIN,0.64
TR001962,Assam,Sonitpur,26.5921,92.8974,117,3.7,SOUTH,RIVER_VALLEY,0.44
TR001963,Assam,Dibrugarh,27.366,95.018,167,2.9,SOUTH,FLOOD_BASIN,0.31
TR001964,Assam,Cachar,24.9316,92.6457,20,0.4,SOUTH_EAST,FLOOD_BASIN,0.4
TR001965,Assam,Nagaon,26.2381,92.7539,93,3.3,WEST,PLAINS,0.69
TR001966,Meghalaya,East Khasi Hills,25.6392,91.9421,1439,30.4,WEST,PLATEAU_ESCARPMENT,2.34
TR001967,Meghalaya,West Khasi Hills,25.4075,91.1541,1238,25.9,SOUTH_WEST,PLATEAU_ESCARPMENT,1.6
TR001968,Meghalaya,Ri-Bhoi,25.9208,91.9741,509,17.8,EAST,DISSECTED_HILLS,1.56
TR001969,Meghalaya,West Jaintia Hills,25.342,92.2082,1308,25.9,NORTH,DISSECTED_HILLS,1.32
TR001970,Sikkim,East Sikkim,27.3221,88.65,1591,40.9,SOUTH,VALLEY_GORGE,0.05
TR001971,Sikkim,North Sikkim,27.6143,88.4096,2486,46.9,NORTH_EAST,HIGH_ALPINE,0.15
TR001972,Sikkim,South Sikkim,27.1389,88.3271,1352,36.0,NORTH,VALLEY_GORGE,0.61
TR001973,Nagaland,Kohima,25.6025,94.1302,1419,36.8,EAST,DISSECTED_HILLS,1.83
TR001974,Nagaland,Dimapur,25.8038,93.8694,201,3.2,WEST,PLAINS,1.27
TR001975,Nagaland,Mokokchung,26.3979,94.4901,1267,29.6,NORTH,DISSECTED_HILLS,1.97
TR001976,Manipur,Imphal West,24.8908,93.9546,832,0.4,SOUTH_EAST,RIVER_VALLEY,0.7
TR001977,Manipur,Bishnupur,24.6256,93.8103,761,5.1,SOUTH_EAST,RIVER_VALLEY,0.16
TR001978,Manipur,Senapati,25.351,94.054,1214,28.3,NORTH,DISSECTED_HILLS,1.22
TR001979,Mizoram,Aizawl,23.6859,92.8012,1112,30.6,NORTH_WEST,RIDGE_SLOPE,1.93
TR001980,Mizoram,Kolasib,24.2325,92.5496,626,22.1,WEST,DISSECTED_HILLS,1.54
TR001981,Mizoram,Lunglei,22.7863,92.6505,1078,29.2,SOUTH_WEST,RIDGE_SLOPE,2.42
TR001982,Tripura,West Tripura,23.9745,91.3062,47,4.5,NORTH,ROLLING_PLAINS,1.26
TR001983,Tripura,Sipahijala,23.4994,91.19,20,0.5,NORTH,ROLLING_PLAINS,2.78
TR001984,Tripura,Dhalai,23.7847,91.8194,104,11.1,NORTH_WEST,LOW_HILLS,1.6
TR001985,Arunachal Pradesh,Tawang,27.5429,91.7483,2926,42.5,EAST,HIGH_ALPINE,5.21
TR001986,Arunachal Pradesh,West Kameng,27.3369,92.2962,2243,39.4,SOUTH_EAST,STEEP_MOUNTAIN,4.27
TR001987,Arunachal Pradesh,Papum Pare,27.1892,93.6097,371,20.3,SOUTH_EAST,DISSECTED_HILLS,1.14
TR001988,Arunachal Pradesh,East Siang,27.9615,95.3149,208,9.8,SOUTH_WEST,RIVER_VALLEY,0.77
TR001989,Arunachal Pradesh,Lower Subansiri,27.4695,93.7447,1587,33.2,NORTH_EAST,STEEP_MOUNTAIN,3.05
TR001990,Assam,Kamrup Metropolitan,26.0428,91.8753,61,3.7,NORTH_WEST,PLAINS,0.95
TR001991,Assam,Kamrup Rural,26.192,91.6426,55,2.3,NORTH,PLAINS,0.57
TR001992,Assam,Darrang,26.4101,92.1378,47,0.4,NORTH_EAST,FLOOD_BASIN,0.51
TR001993,Assam,Sonitpur,26.6887,92.7143,96,2.6,SOUTH,RIVER_VALLEY,0.87
TR001994,Assam,Dibrugarh,27.4929,95.0603,60,2.3,SOUTH_EAST,FLOOD_BASIN,0.24
TR001995,Assam,Cachar,24.9444,92.793,67,3.2,NORTH_EAST,FLOOD_BASIN,0.05
TR001996,Assam,Nagaon,26.2234,92.6281,123,0.4,EAST,PLAINS,0.49
TR001997,Meghalaya,East Khasi Hills,25.6018,91.8493,1439,28.9,EAST,PLATEAU_ESCARPMENT,2.45
TR001998,Meghalaya,West Khasi Hills,25.4374,91.252,1252,29.3,EAST,PLATEAU_ESCARPMENT,1.84
TR001999,Meghalaya,Ri-Bhoi,26.0272,92.0119,562,16.4,NORTH_EAST,DISSECTED_HILLS,1.49
TR002000,Meghalaya,West Jaintia Hills,25.386,92.1727,1349,28.1,EAST,DISSECTED_HILLS,0.93
TR002001,Sikkim,East Sikkim,27.2989,88.71,1630,41.4,WEST,VALLEY_GORGE,0.29
TR002002,Sikkim,North Sikkim,27.5018,88.4788,2502,51.0,SOUTH,HIGH_ALPINE,0.08
TR002003,Sikkim,South Sikkim,27.3132,88.2171,1341,34.9,EAST,VALLEY_GORGE,0.68
TR002004,Nagaland,Kohima,25.5275,94.2145,1417,35.2,SOUTH_WEST,DISSECTED_HILLS,1.92
TR002005,Nagaland,Dimapur,26.0129,93.6444,246,3.6,EAST,PLAINS,0.71
TR002006,Nagaland,Mokokchung,26.3148,94.5627,1375,32.6,WEST,DISSECTED_HILLS,1.92
TR002007,Manipur,Imphal West,24.7211,93.8193,843,1.7,EAST,RIVER_VALLEY,0.53
TR002008,Manipur,Bishnupur,24.6029,93.6338,753,6.0,SOUTH,RIVER_VALLEY,0.37
TR002009,Manipur,Senapati,25.3207,94.0029,1225,29.3,SOUTH,DISSECTED_HILLS,1.5
TR002010,Mizoram,Aizawl,23.8617,92.6113,1097,32.1,WEST,RIDGE_SLOPE,1.77
TR002011,Mizoram,Kolasib,24.2503,92.6441,669,26.0,SOUTH_EAST,DISSECTED_HILLS,1.46
TR002012,Mizoram,Lunglei,23.0236,92.654,987,33.3,NORTH_WEST,RIDGE_SLOPE,2.87
TR002013,Tripura,West Tripura,23.8866,91.2178,56,0.5,NORTH_WEST,ROLLING_PLAINS,1.04
TR002014,Tripura,Sipahijala,23.5672,91.1865,83,4.1,NORTH_EAST,ROLLING_PLAINS,3.12
TR002015,Tripura,Dhalai,23.8574,91.9009,113,10.4,SOUTH_WEST,LOW_HILLS,1.38
TR002016,Arunachal Pradesh,Tawang,27.7046,91.838,2936,43.5,WEST,HIGH_ALPINE,5.08
TR002017,Arunachal Pradesh,West Kameng,27.3971,92.4104,2208,38.9,SOUTH_WEST,STEEP_MOUNTAIN,4.35
TR002018,Arunachal Pradesh,Papum Pare,27.1594,93.573,348,18.9,NORTH_EAST,DISSECTED_HILLS,1.48
TR002019,Arunachal Pradesh,East Siang,28.0843,95.4441,120,7.1,NORTH,RIVER_VALLEY,0.58
TR002020,Arunachal Pradesh,Lower Subansiri,27.585,93.7771,1605,34.6,NORTH,STEEP_MOUNTAIN,3.03
TR002021,Assam,Kamrup Metropolitan,26.2155,91.6812,20,3.2,NORTH_EAST,PLAINS,1.16
TR002022,Assam,Kamrup Rural,26.1848,91.5069,99,3.2,NORTH,PLAINS,0.61
TR002023,Assam,Darrang,26.4582,91.8821,49,3.3,SOUTH_EAST,FLOOD_BASIN,0.61
TR002024,Assam,Sonitpur,26.6741,92.8343,92,0.4,SOUTH_WEST,RIVER_VALLEY,0.39
TR002025,Assam,Dibrugarh,27.6165,94.8881,117,2.2,WEST,FLOOD_BASIN,0.54
TR002026,Assam,Cachar,24.7481,92.6918,20,4.2,NORTH_WEST,FLOOD_BASIN,0.32
TR002027,Assam,Nagaon,26.1995,92.7781,20,0.4,EAST,PLAINS,0.65
TR002028,Meghalaya,East Khasi Hills,25.6745,91.7807,1493,31.2,NORTH_EAST,PLATEAU_ESCARPMENT,2.25
TR002029,Meghalaya,West Khasi Hills,25.4831,91.2157,1289,27.6,SOUTH_WEST,PLATEAU_ESCARPMENT,2.18
TR002030,Meghalaya,Ri-Bhoi,25.8507,92.0079,548,16.1,EAST,DISSECTED_HILLS,1.36
TR002031,Meghalaya,West Jaintia Hills,25.4785,92.2128,1318,24.9,SOUTH,DISSECTED_HILLS,1.28
TR002032,Sikkim,East Sikkim,27.393,88.6467,1679,42.6,NORTH,VALLEY_GORGE,0.45
TR002033,Sikkim,North Sikkim,27.6071,88.6986,2493,50.2,SOUTH_EAST,HIGH_ALPINE,0.11
TR002034,Sikkim,South Sikkim,27.0249,88.4797,1253,36.2,SOUTH_EAST,VALLEY_GORGE,0.64
TR002035,Nagaland,Kohima,25.8033,93.9885,1436,35.8,SOUTH_WEST,DISSECTED_HILLS,2.07
TR002036,Nagaland,Dimapur,25.9571,93.833,162,2.4,EAST,PLAINS,0.95
TR002037,Nagaland,Mokokchung,26.2893,94.4287,1320,33.3,NORTH_WEST,DISSECTED_HILLS,2.08
TR002038,Manipur,Imphal West,24.9051,93.926,841,3.8,SOUTH_WEST,RIVER_VALLEY,0.71
TR002039,Manipur,Bishnupur,24.7047,93.6168,757,4.9,WEST,RIVER_VALLEY,0.38
TR002040,Manipur,Senapati,25.1903,94.0576,1229,31.2,NORTH_EAST,DISSECTED_HILLS,1.67
TR002041,Mizoram,Aizawl,23.7015,92.6401,1185,35.0,NORTH_WEST,RIDGE_SLOPE,1.77
TR002042,Mizoram,Kolasib,24.0779,92.7672,657,26.1,NORTH_EAST,DISSECTED_HILLS,1.48
TR002043,Mizoram,Lunglei,22.91,92.6905,1033,34.0,SOUTH_EAST,RIDGE_SLOPE,2.41
TR002044,Tripura,West Tripura,23.9735,91.1946,57,1.6,NORTH_WEST,ROLLING_PLAINS,0.98
TR002045,Tripura,Sipahijala,23.7646,91.2907,92,3.7,WEST,ROLLING_PLAINS,3.19
TR002046,Tripura,Dhalai,23.7521,91.9713,146,10.3,NORTH_WEST,LOW_HILLS,1.5
TR002047,Arunachal Pradesh,Tawang,27.6491,91.7473,2855,45.2,EAST,HIGH_ALPINE,5.46
TR002048,Arunachal Pradesh,West Kameng,27.3674,92.4541,2173,39.7,NORTH_WEST,STEEP_MOUNTAIN,4.35
TR002049,Arunachal Pradesh,Papum Pare,27.0471,93.4946,263,18.2,NORTH_WEST,DISSECTED_HILLS,1.36
TR002050,Arunachal Pradesh,East Siang,28.094,95.1843,185,9.4,NORTH,RIVER_VALLEY,0.78
TR002051,Arunachal Pradesh,Lower Subansiri,27.5715,93.6876,1593,30.6,SOUTH,STEEP_MOUNTAIN,2.84
TR002052,Assam,Kamrup Metropolitan,26.184,91.6936,25,2.0,NORTH_EAST,PLAINS,0.69
TR002053,Assam,Kamrup Rural,26.0931,91.6641,90,2.3,EAST,PLAINS,0.86
TR002054,Assam,Darrang,26.5331,92.0788,27,0.4,SOUTH_WEST,FLOOD_BASIN,0.14
TR002055,Assam,Sonitpur,26.4907,92.938,128,0.4,WEST,RIVER_VALLEY,0.55
TR002056,Assam,Dibrugarh,27.5016,94.7941,84,0.4,EAST,FLOOD_BASIN,0.27
TR002057,Assam,Cachar,24.7065,92.8823,81,3.5,SOUTH,FLOOD_BASIN,0.2
TR002058,Assam,Nagaon,26.3425,92.5406,20,0.9,NORTH_WEST,PLAINS,0.86
TR002059,Meghalaya,East Khasi Hills,25.4919,91.8693,1543,29.6,NORTH_EAST,PLATEAU_ESCARPMENT,2.54
TR002060,Meghalaya,West Khasi Hills,25.6026,91.1639,1221,30.0,SOUTH_EAST,PLATEAU_ESCARPMENT,1.98
TR002061,Meghalaya,Ri-Bhoi,25.9394,91.9864,505,18.9,SOUTH_WEST,DISSECTED_HILLS,1.9
TR002062,Meghalaya,West Jaintia Hills,25.4452,92.2342,1339,23.5,NORTH_WEST,DISSECTED_HILLS,1.19
TR002063,Sikkim,East Sikkim,27.2653,88.493,1667,39.6,EAST,VALLEY_GORGE,0.05
TR002064,Sikkim,North Sikkim,27.5035,88.4457,2500,47.8,SOUTH_WEST,HIGH_ALPINE,0.63
TR002065,Sikkim,South Sikkim,27.0288,88.2416,1250,37.3,WEST,VALLEY_GORGE,0.76
TR002066,Nagaland,Kohima,25.6054,94.1031,1391,35.0,SOUTH_EAST,DISSECTED_HILLS,1.91
TR002067,Nagaland,Dimapur,25.8451,93.8011,198,3.5,NORTH_WEST,PLAINS,1.27
TR002068,Nagaland,Mokokchung,26.4517,94.445,1285,31.9,NORTH,DISSECTED_HILLS,2.43
TR002069,Manipur,Imphal West,24.7513,93.9046,799,3.7,NORTH,RIVER_VALLEY,0.63
TR002070,Manipur,Bishnupur,24.5321,93.6762,802,3.4,EAST,RIVER_VALLEY,0.62
TR002071,Manipur,Senapati,25.2371,94.0841,1294,28.6,SOUTH_WEST,DISSECTED_HILLS,1.22
TR002072,Mizoram,Aizawl,23.692,92.6275,1115,32.4,NORTH_EAST,RIDGE_SLOPE,2.16
TR002073,Mizoram,Kolasib,24.0893,92.5802,554,26.8,EAST,DISSECTED_HILLS,1.11
TR002074,Mizoram,Lunglei,22.8529,92.7712,1072,32.2,SOUTH_EAST,RIDGE_SLOPE,2.88
TR002075,Tripura,West Tripura,23.7872,91.1458,20,3.6,NORTH_EAST,ROLLING_PLAINS,1.23
TR002076,Tripura,Sipahijala,23.5408,91.2356,20,3.8,WEST,ROLLING_PLAINS,2.79
TR002077,Tripura,Dhalai,23.9339,91.7367,120,12.9,EAST,LOW_HILLS,1.82
TR002078,Arunachal Pradesh,Tawang,27.5002,91.8796,2881,46.5,WEST,HIGH_ALPINE,5.32
TR002079,Arunachal Pradesh,West Kameng,27.2302,92.4464,2207,36.6,SOUTH_EAST,STEEP_MOUNTAIN,4.61
TR002080,Arunachal Pradesh,Papum Pare,27.1653,93.7505,363,20.3,SOUTH_EAST,DISSECTED_HILLS,1.0
TR002081,Arunachal Pradesh,East Siang,28.1838,95.3025,191,8.9,WEST,RIVER_VALLEY,0.68
TR002082,Arunachal Pradesh,Lower Subansiri,27.4594,93.6949,1563,32.4,SOUTH_WEST,STEEP_MOUNTAIN,3.19
TR002083,Assam,Kamrup Metropolitan,26.1209,91.6234,20,1.7,SOUTH_EAST,PLAINS,0.93
TR002084,Assam,Kamrup Rural,26.1059,91.4184,20,1.6,SOUTH,PLAINS,0.91
TR002085,Assam,Darrang,26.5984,92.1545,28,0.4,NORTH_WEST,FLOOD_BASIN,0.68
TR002086,Assam,Sonitpur,26.4949,92.8026,85,0.4,NORTH_WEST,RIVER_VALLEY,0.67
TR002087,Assam,Dibrugarh,27.3436,94.7905,150,0.4,NORTH_WEST,FLOOD_BASIN,0.35
TR002088,Assam,Cachar,24.7785,92.7326,20,2.1,SOUTH_EAST,FLOOD_BASIN,0.15
TR002089,Assam,Nagaon,26.3789,92.652,93,3.4,SOUTH_EAST,PLAINS,0.77
TR002090,Meghalaya,East Khasi Hills,25.6211,92.0164,1537,29.9,WEST,PLATEAU_ESCARPMENT,2.35
TR002091,Meghalaya,West Khasi Hills,25.3688,91.1244,1221,26.2,EAST,PLATEAU_ESCARPMENT,2.2
TR002092,Meghalaya,Ri-Bhoi,26.0084,91.9473,518,14.9,SOUTH_EAST,DISSECTED_HILLS,1.37
TR002093,Meghalaya,West Jaintia Hills,25.5707,92.1607,1385,26.2,SOUTH,DISSECTED_HILLS,0.85
TR002094,Sikkim,East Sikkim,27.3954,88.4722,1703,43.4,EAST,VALLEY_GORGE,0.05
TR002095,Sikkim,North Sikkim,27.6341,88.4225,2432,49.4,SOUTH_WEST,HIGH_ALPINE,0.56
TR002096,Sikkim,South Sikkim,27.1339,88.4096,1358,34.4,EAST,VALLEY_GORGE,0.45
TR002097,Nagaland,Kohima,25.563,94.2172,1476,36.2,WEST,DISSECTED_HILLS,2.1
TR002098,Nagaland,Dimapur,26.0254,93.7686,220,1.9,WEST,PLAINS,0.99
TR002099,Nagaland,Mokokchung,26.3484,94.5684,1295,30.1,NORTH,DISSECTED_HILLS,2.33
TR002100,Manipur,Imphal West,24.7347,93.8659,762,3.3,WEST,RIVER_VALLEY,0.48
TR002101,Manipur,Bishnupur,24.7331,93.6872,792,4.7,SOUTH,RIVER_VALLEY,0.18
TR002102,Manipur,Senapati,25.1334,94.1515,1197,28.1,NORTH_WEST,DISSECTED_HILLS,1.59
TR002103,Mizoram,Aizawl,23.7175,92.6831,1132,31.0,SOUTH_WEST,RIDGE_SLOPE,1.89
TR002104,Mizoram,Kolasib,24.2472,92.6883,659,23.6,SOUTH_EAST,DISSECTED_HILLS,1.56
TR002105,Mizoram,Lunglei,22.9426,92.7866,1068,31.5,EAST,RIDGE_SLOPE,2.84
TR002106,Tripura,West Tripura,23.7471,91.2459,32,3.9,SOUTH_WEST,ROLLING_PLAINS,1.28
TR002107,Tripura,Sipahijala,23.719,91.2184,20,2.6,SOUTH_WEST,ROLLING_PLAINS,3.0
TR002108,Tripura,Dhalai,23.9854,91.8732,93,10.2,NORTH_WEST,LOW_HILLS,1.92
TR002109,Arunachal Pradesh,Tawang,27.6596,91.7816,2954,44.3,SOUTH_EAST,HIGH_ALPINE,5.12
TR002110,Arunachal Pradesh,West Kameng,27.2574,92.4252,2185,36.8,EAST,STEEP_MOUNTAIN,4.85
TR002111,Arunachal Pradesh,Papum Pare,26.9756,93.596,279,18.0,SOUTH,DISSECTED_HILLS,1.23
TR002112,Arunachal Pradesh,East Siang,28.0161,95.3084,142,7.2,NORTH,RIVER_VALLEY,0.57
TR002113,Arunachal Pradesh,Lower Subansiri,27.6196,93.8068,1537,30.8,NORTH_WEST,STEEP_MOUNTAIN,2.66
TR002114,Assam,Kamrup Metropolitan,26.0773,91.7684,61,0.9,SOUTH_EAST,PLAINS,0.99
TR002115,Assam,Kamrup Rural,26.2289,91.6997,26,0.4,WEST,PLAINS,0.93
TR002116,Assam,Darrang,26.4746,91.9526,60,0.4,SOUTH_WEST,FLOOD_BASIN,0.2
TR002117,Assam,Sonitpur,26.6699,92.8573,68,1.6,EAST,RIVER_VALLEY,0.39
TR002118,Assam,Dibrugarh,27.57,94.9695,111,0.4,SOUTH_WEST,FLOOD_BASIN,0.66
TR002119,Assam,Cachar,24.7876,92.7153,41,0.7,SOUTH_WEST,FLOOD_BASIN,0.05
TR002120,Assam,Nagaon,26.2507,92.8063,83,0.9,NORTH,PLAINS,0.65
TR002121,Meghalaya,East Khasi Hills,25.7008,91.8149,1470,31.4,SOUTH_WEST,PLATEAU_ESCARPMENT,2.06
TR002122,Meghalaya,West Khasi Hills,25.4596,91.2466,1221,28.8,EAST,PLATEAU_ESCARPMENT,1.83
TR002123,Meghalaya,Ri-Bhoi,25.7562,92.0223,602,14.4,NORTH,DISSECTED_HILLS,1.69
TR002124,Meghalaya,West Jaintia Hills,25.5559,92.2282,1330,26.4,WEST,DISSECTED_HILLS,1.17
TR002125,Sikkim,East Sikkim,27.2632,88.4893,1694,39.6,SOUTH_EAST,VALLEY_GORGE,0.29
TR002126,Sikkim,North Sikkim,27.4372,88.4685,2454,46.8,SOUTH_EAST,HIGH_ALPINE,0.15
TR002127,Sikkim,South Sikkim,27.0482,88.2914,1334,35.4,NORTH_WEST,VALLEY_GORGE,0.47
TR002128,Nagaland,Kohima,25.6303,94.1223,1464,35.7,NORTH,DISSECTED_HILLS,1.79
TR002129,Nagaland,Dimapur,25.7609,93.6833,225,3.0,WEST,PLAINS,0.99
TR002130,Nagaland,Mokokchung,26.3742,94.6295,1367,31.5,NORTH_WEST,DISSECTED_HILLS,1.92
TR002131,Manipur,Imphal West,24.8727,94.0053,727,0.4,NORTH_EAST,RIVER_VALLEY,0.52
TR002132,Manipur,Bishnupur,24.5485,93.9127,755,3.5,NORTH,RIVER_VALLEY,0.21
TR002133,Manipur,Senapati,25.3323,94.152,1236,28.0,SOUTH,DISSECTED_HILLS,1.21
TR002134,Mizoram,Aizawl,23.8533,92.6809,1083,35.3,EAST,RIDGE_SLOPE,2.32
TR002135,Mizoram,Kolasib,24.2736,92.7998,607,26.9,SOUTH_WEST,DISSECTED_HILLS,1.52
TR002136,Mizoram,Lunglei,22.7825,92.8631,1004,33.4,SOUTH_WEST,RIDGE_SLOPE,2.5
TR002137,Tripura,West Tripura,23.8067,91.435,20,0.6,NORTH_WEST,ROLLING_PLAINS,1.33
TR002138,Tripura,Sipahijala,23.6956,91.4123,20,2.7,NORTH_WEST,ROLLING_PLAINS,2.85
TR002139,Tripura,Dhalai,23.9904,91.9377,116,10.1,SOUTH_EAST,LOW_HILLS,1.36
TR002140,Arunachal Pradesh,Tawang,27.7143,91.7535,2927,42.8,EAST,HIGH_ALPINE,5.58
TR002141,Arunachal Pradesh,West Kameng,27.3016,92.4652,2178,37.9,NORTH_EAST,STEEP_MOUNTAIN,4.29
TR002142,Arunachal Pradesh,Papum Pare,27.0388,93.6028,287,17.4,WEST,DISSECTED_HILLS,1.34
TR002143,Arunachal Pradesh,East Siang,27.932,95.2677,150,8.5,EAST,RIVER_VALLEY,0.69
TR002144,Arunachal Pradesh,Lower Subansiri,27.415,93.7213,1612,31.3,EAST,STEEP_MOUNTAIN,3.11
TR002145,Assam,Kamrup Metropolitan,26.1941,91.8169,20,3.5,SOUTH_EAST,PLAINS,1.01
TR002146,Assam,Kamrup Rural,26.0778,91.6319,53,1.3,NORTH,PLAINS,0.4
TR002147,Assam,Darrang,26.3677,92.023,37,0.4,NORTH,FLOOD_BASIN,0.49
TR002148,Assam,Sonitpur,26.5997,92.7623,133,0.4,SOUTH_EAST,RIVER_VALLEY,0.42
TR002149,Assam,Dibrugarh,27.4134,94.8552,120,0.5,SOUTH_WEST,FLOOD_BASIN,0.72
TR002150,Assam,Cachar,24.9246,92.6707,63,0.4,SOUTH_WEST,FLOOD_BASIN,0.05
TR002151,Assam,Nagaon,26.3615,92.6243,20,0.4,NORTH_WEST,PLAINS,1.05
TR002152,Meghalaya,East Khasi Hills,25.5671,91.7983,1530,32.4,NORTH_EAST,PLATEAU_ESCARPMENT,2.23
TR002153,Meghalaya,West Khasi Hills,25.4016,91.2426,1260,28.0,SOUTH,PLATEAU_ESCARPMENT,2.0
TR002154,Meghalaya,Ri-Bhoi,25.8573,91.8363,549,16.1,EAST,DISSECTED_HILLS,1.52
TR002155,Meghalaya,West Jaintia Hills,25.3083,92.2177,1368,25.6,NORTH_EAST,DISSECTED_HILLS,1.34
TR002156,Sikkim,East Sikkim,27.3735,88.5472,1621,42.4,EAST,VALLEY_GORGE,0.09
TR002157,Sikkim,North Sikkim,27.5363,88.67,2502,47.5,SOUTH_EAST,HIGH_ALPINE,0.54
TR002158,Sikkim,South Sikkim,27.1378,88.3209,1240,36.0,WEST,VALLEY_GORGE,0.65
TR002159,Nagaland,Kohima,25.6805,94.2104,1390,33.6,SOUTH,DISSECTED_HILLS,2.09
TR002160,Nagaland,Dimapur,25.9518,93.6775,147,5.4,WEST,PLAINS,1.02
TR002161,Nagaland,Mokokchung,26.3822,94.6293,1275,32.2,WEST,DISSECTED_HILLS,2.29
TR002162,Manipur,Imphal West,24.8888,93.8027,751,2.3,WEST,RIVER_VALLEY,0.62
TR002163,Manipur,Bishnupur,24.7726,93.6554,824,4.4,NORTH,RIVER_VALLEY,0.6
TR002164,Manipur,Senapati,25.2003,93.9533,1309,27.0,SOUTH,DISSECTED_HILLS,1.47
TR002165,Mizoram,Aizawl,23.7834,92.602,1070,31.3,SOUTH_WEST,RIDGE_SLOPE,2.32
TR002166,Mizoram,Kolasib,24.2259,92.6042,563,24.4,SOUTH,DISSECTED_HILLS,1.49
TR002167,Mizoram,Lunglei,22.8631,92.6067,975,30.5,SOUTH_WEST,RIDGE_SLOPE,2.56
TR002168,Tripura,West Tripura,23.7367,91.2073,83,2.3,SOUTH_EAST,ROLLING_PLAINS,1.48
TR002169,Tripura,Sipahijala,23.6894,91.4198,50,1.1,EAST,ROLLING_PLAINS,2.65
TR002170,Tripura,Dhalai,23.7065,91.7425,175,12.8,SOUTH,LOW_HILLS,1.46
TR002171,Arunachal Pradesh,Tawang,27.6586,91.8734,2900,44.4,SOUTH_EAST,HIGH_ALPINE,5.14
TR002172,Arunachal Pradesh,West Kameng,27.1445,92.4425,2187,38.8,SOUTH_WEST,STEEP_MOUNTAIN,4.5
TR002173,Arunachal Pradesh,Papum Pare,27.1597,93.4988,313,20.1,NORTH_WEST,DISSECTED_HILLS,1.05
TR002174,Arunachal Pradesh,East Siang,28.001,95.212,144,6.8,SOUTH,RIVER_VALLEY,0.35
TR002175,Arunachal Pradesh,Lower Subansiri,27.5935,93.948,1579,32.1,NORTH_WEST,STEEP_MOUNTAIN,3.14
TR002176,Assam,Kamrup Metropolitan,26.1009,91.628,107,2.3,NORTH_EAST,PLAINS,0.73
TR002177,Assam,Kamrup Rural,26.3295,91.5193,107,2.7,SOUTH_WEST,PLAINS,0.49
TR002178,Assam,Darrang,26.5728,92.0385,57,0.4,SOUTH,FLOOD_BASIN,0.48
TR002179,Assam,Sonitpur,26.5894,92.8584,61,1.9,NORTH_EAST,RIVER_VALLEY,0.81
TR002180,Assam,Dibrugarh,27.3648,94.9975,132,0.4,SOUTH_WEST,FLOOD_BASIN,0.41
TR002181,Assam,Cachar,24.9581,92.8224,20,4.1,NORTH_WEST,FLOOD_BASIN,0.34
TR002182,Assam,Nagaon,26.2493,92.7466,68,2.4,NORTH,PLAINS,0.79
TR002183,Meghalaya,East Khasi Hills,25.4676,91.8405,1504,29.7,SOUTH_WEST,PLATEAU_ESCARPMENT,2.35
TR002184,Meghalaya,West Khasi Hills,25.4811,91.1235,1329,29.2,SOUTH,PLATEAU_ESCARPMENT,1.7
TR002185,Meghalaya,Ri-Bhoi,25.9496,91.8798,576,16.4,NORTH_EAST,DISSECTED_HILLS,1.74
TR002186,Meghalaya,West Jaintia Hills,25.5944,92.2926,1363,27.5,SOUTH_EAST,DISSECTED_HILLS,0.92
TR002187,Sikkim,East Sikkim,27.4531,88.6749,1639,43.3,SOUTH,VALLEY_GORGE,0.12
TR002188,Sikkim,North Sikkim,27.3693,88.5836,2404,46.2,SOUTH_WEST,HIGH_ALPINE,0.54
TR002189,Sikkim,South Sikkim,27.1525,88.3123,1320,37.9,SOUTH_EAST,VALLEY_GORGE,0.75
TR002190,Nagaland,Kohima,25.6214,94.1682,1428,34.0,NORTH,DISSECTED_HILLS,1.96
TR002191,Nagaland,Dimapur,25.9237,93.6362,197,3.5,SOUTH,PLAINS,0.84
TR002192,Nagaland,Mokokchung,26.2354,94.4186,1364,31.1,SOUTH_WEST,DISSECTED_HILLS,2.36
TR002193,Manipur,Imphal West,24.6928,93.7941,810,0.4,SOUTH_EAST,RIVER_VALLEY,0.27
TR002194,Manipur,Bishnupur,24.5246,93.6161,809,3.0,SOUTH_EAST,RIVER_VALLEY,0.41
TR002195,Manipur,Senapati,25.1316,93.9156,1283,31.8,SOUTH_WEST,DISSECTED_HILLS,1.62
TR002196,Mizoram,Aizawl,23.7355,92.6246,1096,33.4,WEST,RIDGE_SLOPE,2.06
TR002197,Mizoram,Kolasib,24.1756,92.7155,621,26.3,WEST,DISSECTED_HILLS,1.47
TR002198,Mizoram,Lunglei,22.8617,92.7776,1071,29.4,SOUTH_WEST,RIDGE_SLOPE,2.3
TR002199,Tripura,West Tripura,23.9162,91.2263,20,2.1,NORTH_WEST,ROLLING_PLAINS,0.98
TR002200,Tripura,Sipahijala,23.6472,91.1688,77,5.2,EAST,ROLLING_PLAINS,3.15
TR002201,Tripura,Dhalai,23.7754,91.911,88,13.9,WEST,LOW_HILLS,1.45
TR002202,Arunachal Pradesh,Tawang,27.5225,91.8697,2870,46.3,EAST,HIGH_ALPINE,5.56
TR002203,Arunachal Pradesh,West Kameng,27.2645,92.3857,2147,38.2,SOUTH_WEST,STEEP_MOUNTAIN,4.83
TR002204,Arunachal Pradesh,Papum Pare,27.1252,93.7477,293,19.3,WEST,DISSECTED_HILLS,0.97
TR002205,Arunachal Pradesh,East Siang,28.0424,95.2362,208,10.5,EAST,RIVER_VALLEY,0.24
TR002206,Arunachal Pradesh,Lower Subansiri,27.5641,93.9002,1618,33.7,WEST,STEEP_MOUNTAIN,3.14
TR002207,Assam,Kamrup Metropolitan,26.0132,91.7343,98,3.4,SOUTH_WEST,PLAINS,1.14
TR002208,Assam,Kamrup Rural,26.2459,91.6417,20,0.4,SOUTH_WEST,PLAINS,0.4
TR002209,Assam,Darrang,26.4269,92.1028,110,0.4,WEST,FLOOD_BASIN,0.41
TR002210,Assam,Sonitpur,26.7678,92.7238,23,0.4,EAST,RIVER_VALLEY,0.57
TR002211,Assam,Dibrugarh,27.3904,94.8671,109,0.4,SOUTH_WEST,FLOOD_BASIN,0.7
TR002212,Assam,Cachar,24.9747,92.6353,20,0.4,WEST,FLOOD_BASIN,0.46
TR002213,Assam,Nagaon,26.2541,92.7164,52,1.9,NORTH,PLAINS,0.93
TR002214,Meghalaya,East Khasi Hills,25.5945,91.7589,1528,29.9,NORTH_EAST,PLATEAU_ESCARPMENT,2.03
TR002215,Meghalaya,West Khasi Hills,25.5704,91.2749,1234,27.7,NORTH,PLATEAU_ESCARPMENT,2.13
TR002216,Meghalaya,Ri-Bhoi,26.0448,91.8403,514,15.7,SOUTH_WEST,DISSECTED_HILLS,1.85
TR002217,Meghalaya,West Jaintia Hills,25.3715,92.0776,1271,24.6,NORTH_WEST,DISSECTED_HILLS,1.34
TR002218,Sikkim,East Sikkim,27.4554,88.6945,1662,39.7,NORTH,VALLEY_GORGE,0.37
TR002219,Sikkim,North Sikkim,27.612,88.475,2397,46.4,NORTH,HIGH_ALPINE,0.13
TR002220,Sikkim,South Sikkim,27.0742,88.2131,1284,36.7,SOUTH,VALLEY_GORGE,0.73
TR002221,Nagaland,Kohima,25.8245,93.9975,1430,35.7,SOUTH_WEST,DISSECTED_HILLS,1.63
TR002222,Nagaland,Dimapur,25.7798,93.6526,204,2.3,SOUTH_EAST,PLAINS,1.11
TR002223,Nagaland,Mokokchung,26.419,94.6393,1369,29.6,SOUTH,DISSECTED_HILLS,2.31
TR002224,Manipur,Imphal West,24.9494,94.0209,762,4.0,NORTH_EAST,RIVER_VALLEY,0.41
TR002225,Manipur,Bishnupur,24.7503,93.7102,779,3.5,WEST,RIVER_VALLEY,0.09
TR002226,Manipur,Senapati,25.3801,94.0717,1269,29.4,NORTH_EAST,DISSECTED_HILLS,1.2
TR002227,Mizoram,Aizawl,23.8507,92.82,1136,31.7,NORTH_WEST,RIDGE_SLOPE,2.23
TR002228,Mizoram,Kolasib,24.1332,92.6417,654,25.9,WEST,DISSECTED_HILLS,0.97
TR002229,Mizoram,Lunglei,22.8005,92.7221,1057,31.3,SOUTH,RIDGE_SLOPE,2.32
TR002230,Tripura,West Tripura,23.8312,91.1469,20,2.5,SOUTH,ROLLING_PLAINS,1.15
TR002231,Tripura,Sipahijala,23.7745,91.1799,81,3.5,SOUTH_EAST,ROLLING_PLAINS,2.87
TR002232,Tripura,Dhalai,23.9588,91.8154,85,10.6,EAST,LOW_HILLS,1.6
TR002233,Arunachal Pradesh,Tawang,27.6341,91.8691,2924,43.5,NORTH,HIGH_ALPINE,5.3
TR002234,Arunachal Pradesh,West Kameng,27.2188,92.2737,2217,39.3,NORTH_WEST,STEEP_MOUNTAIN,4.47
TR002235,Arunachal Pradesh,Papum Pare,27.1988,93.5454,356,19.0,WEST,DISSECTED_HILLS,1.44
TR002236,Arunachal Pradesh,East Siang,28.0183,95.4248,150,11.0,SOUTH_WEST,RIVER_VALLEY,0.66
TR002237,Arunachal Pradesh,Lower Subansiri,27.6786,93.9057,1603,30.4,EAST,STEEP_MOUNTAIN,2.8
TR002238,Assam,Kamrup Metropolitan,26.2109,91.7896,104,3.7,SOUTH,PLAINS,0.9
TR002239,Assam,Kamrup Rural,26.1622,91.6278,96,1.0,SOUTH,PLAINS,0.46
TR002240,Assam,Darrang,26.4164,92.1047,110,0.4,NORTH_WEST,FLOOD_BASIN,0.64
TR002241,Assam,Sonitpur,26.568,92.8474,53,0.4,NORTH_WEST,RIVER_VALLEY,0.41
TR002242,Assam,Dibrugarh,27.4856,94.8633,98,0.4,SOUTH,FLOOD_BASIN,0.33
TR002243,Assam,Cachar,24.7639,92.7041,48,3.4,SOUTH_WEST,FLOOD_BASIN,0.35
TR002244,Assam,Nagaon,26.2325,92.7045,45,2.7,SOUTH,PLAINS,1.0
TR002245,Meghalaya,East Khasi Hills,25.5619,91.7485,1431,30.3,SOUTH_WEST,PLATEAU_ESCARPMENT,2.58
TR002246,Meghalaya,West Khasi Hills,25.5041,91.3633,1247,27.5,NORTH,PLATEAU_ESCARPMENT,1.93
TR002247,Meghalaya,Ri-Bhoi,25.7739,91.9991,560,15.6,WEST,DISSECTED_HILLS,1.29
TR002248,Meghalaya,West Jaintia Hills,25.3539,92.2798,1305,24.8,NORTH_WEST,DISSECTED_HILLS,1.17
TR002249,Sikkim,East Sikkim,27.2571,88.5088,1701,42.6,NORTH_EAST,VALLEY_GORGE,0.05
TR002250,Sikkim,North Sikkim,27.3843,88.4116,2477,48.5,SOUTH,HIGH_ALPINE,0.34
TR002251,Sikkim,South Sikkim,27.1152,88.366,1269,34.0,SOUTH,VALLEY_GORGE,0.61
TR002252,Nagaland,Kohima,25.6028,94.0358,1466,37.5,WEST,DISSECTED_HILLS,2.1
TR002253,Nagaland,Dimapur,25.9189,93.5909,165,3.0,SOUTH,PLAINS,0.7
TR002254,Nagaland,Mokokchung,26.3081,94.5233,1290,29.5,SOUTH,DISSECTED_HILLS,2.22
TR002255,Manipur,Imphal West,24.9157,93.9911,734,2.9,SOUTH_WEST,RIVER_VALLEY,0.82
TR002256,Manipur,Bishnupur,24.5253,93.7125,810,2.8,EAST,RIVER_VALLEY,0.68
TR002257,Manipur,Senapati,25.3792,93.9724,1310,31.9,SOUTH,DISSECTED_HILLS,1.55
TR002258,Mizoram,Aizawl,23.6252,92.581,1189,31.3,SOUTH_WEST,RIDGE_SLOPE,2.13
TR002259,Mizoram,Kolasib,24.1019,92.5934,590,24.6,NORTH_EAST,DISSECTED_HILLS,1.46
TR002260,Mizoram,Lunglei,22.8825,92.7644,1004,33.7,NORTH,RIDGE_SLOPE,2.5
TR002261,Tripura,West Tripura,23.8563,91.3339,20,1.5,WEST,ROLLING_PLAINS,1.6
TR002262,Tripura,Sipahijala,23.5085,91.1852,91,5.5,NORTH_EAST,ROLLING_PLAINS,2.92
TR002263,Tripura,Dhalai,23.9993,91.8891,173,11.6,SOUTH_WEST,LOW_HILLS,1.83
TR002264,Arunachal Pradesh,Tawang,27.6904,91.8677,2846,45.0,SOUTH_EAST,HIGH_ALPINE,5.38
TR002265,Arunachal Pradesh,West Kameng,27.2706,92.361,2164,39.7,SOUTH,STEEP_MOUNTAIN,4.44
TR002266,Arunachal Pradesh,Papum Pare,27.0236,93.5395,358,20.9,SOUTH_EAST,DISSECTED_HILLS,1.1
TR002267,Arunachal Pradesh,East Siang,28.0104,95.4677,183,7.9,SOUTH_EAST,RIVER_VALLEY,0.63
TR002268,Arunachal Pradesh,Lower Subansiri,27.6641,93.7886,1545,32.7,WEST,STEEP_MOUNTAIN,2.6
TR002269,Assam,Kamrup Metropolitan,26.1032,91.7314,24,0.9,WEST,PLAINS,0.82
TR002270,Assam,Kamrup Rural,26.2058,91.66,20,3.0,NORTH_WEST,PLAINS,0.51
TR002271,Assam,Darrang,26.5748,92.0832,77,0.4,NORTH_EAST,FLOOD_BASIN,0.22
TR002272,Assam,Sonitpur,26.5699,92.7368,28,1.6,EAST,RIVER_VALLEY,0.58
TR002273,Assam,Dibrugarh,27.3673,94.9103,160,2.2,NORTH_EAST,FLOOD_BASIN,0.73
TR002274,Assam,Cachar,24.9462,92.6336,20,1.4,NORTH,FLOOD_BASIN,0.45
TR002275,Assam,Nagaon,26.4086,92.675,20,0.4,NORTH_WEST,PLAINS,0.47
TR002276,Meghalaya,East Khasi Hills,25.5582,91.9503,1439,28.7,NORTH_EAST,PLATEAU_ESCARPMENT,2.51
TR002277,Meghalaya,West Khasi Hills,25.6356,91.3813,1265,26.1,NORTH,PLATEAU_ESCARPMENT,2.0
TR002278,Meghalaya,Ri-Bhoi,25.8224,91.818,533,18.5,SOUTH,DISSECTED_HILLS,1.83
TR002279,Meghalaya,West Jaintia Hills,25.4774,92.235,1362,23.7,EAST,DISSECTED_HILLS,1.33
TR002280,Sikkim,East Sikkim,27.2954,88.5912,1642,42.7,SOUTH,VALLEY_GORGE,0.33
TR002281,Sikkim,North Sikkim,27.4807,88.6273,2479,46.7,NORTH_EAST,HIGH_ALPINE,0.17
TR002282,Sikkim,South Sikkim,27.2498,88.4749,1359,36.2,NORTH_WEST,VALLEY_GORGE,0.25
TR002283,Nagaland,Kohima,25.5274,94.1365,1466,36.5,SOUTH,DISSECTED_HILLS,1.8
TR002284,Nagaland,Dimapur,25.8884,93.7301,210,2.7,WEST,PLAINS,1.15
TR002285,Nagaland,Mokokchung,26.2447,94.518,1266,31.3,SOUTH_WEST,DISSECTED_HILLS,2.43
TR002286,Manipur,Imphal West,24.8409,94.04,779,1.1,EAST,RIVER_VALLEY,0.5
TR002287,Manipur,Bishnupur,24.7096,93.9006,715,5.1,EAST,RIVER_VALLEY,0.53
TR002288,Manipur,Senapati,25.4068,93.9232,1256,28.4,SOUTH_WEST,DISSECTED_HILLS,1.72
TR002289,Mizoram,Aizawl,23.6714,92.6718,1091,31.1,WEST,RIDGE_SLOPE,1.93
TR002290,Mizoram,Kolasib,24.2017,92.7956,586,26.7,WEST,DISSECTED_HILLS,1.12
TR002291,Mizoram,Lunglei,22.9119,92.6218,989,32.3,EAST,RIDGE_SLOPE,2.34
TR002292,Tripura,West Tripura,23.7436,91.3884,71,0.4,SOUTH_WEST,ROLLING_PLAINS,1.34
TR002293,Tripura,Sipahijala,23.4969,91.4292,40,4.5,EAST,ROLLING_PLAINS,2.55
TR002294,Tripura,Dhalai,23.9498,91.7077,106,10.9,SOUTH_EAST,LOW_HILLS,1.97
TR002295,Arunachal Pradesh,Tawang,27.5641,91.8428,2856,46.2,NORTH,HIGH_ALPINE,5.14
TR002296,Arunachal Pradesh,West Kameng,27.1474,92.4778,2248,36.1,SOUTH_WEST,STEEP_MOUNTAIN,4.83
TR002297,Arunachal Pradesh,Papum Pare,27.0984,93.4927,277,21.0,SOUTH_EAST,DISSECTED_HILLS,1.43
TR002298,Arunachal Pradesh,East Siang,27.9509,95.2821,105,10.4,NORTH,RIVER_VALLEY,0.29
TR002299,Arunachal Pradesh,Lower Subansiri,27.4223,93.727,1542,31.3,SOUTH_WEST,STEEP_MOUNTAIN,2.96
TR002300,Assam,Kamrup Metropolitan,26.1484,91.8193,85,2.1,NORTH_EAST,PLAINS,1.13
TR002301,Assam,Kamrup Rural,26.0465,91.4421,88,2.4,SOUTH_EAST,PLAINS,0.56
TR002302,Assam,Darrang,26.5544,92.0793,104,1.7,EAST,FLOOD_BASIN,0.67
TR002303,Assam,Sonitpur,26.672,92.7164,93,1.5,NORTH_WEST,RIVER_VALLEY,0.86
TR002304,Assam,Dibrugarh,27.5248,94.8416,67,0.7,NORTH,FLOOD_BASIN,0.27
TR002305,Assam,Cachar,24.8323,92.6684,46,3.7,NORTH_WEST,FLOOD_BASIN,0.57
TR002306,Assam,Nagaon,26.4523,92.7588,20,0.7,EAST,PLAINS,0.77
TR002307,Meghalaya,East Khasi Hills,25.6122,91.9563,1434,30.1,SOUTH_WEST,PLATEAU_ESCARPMENT,2.12
TR002308,Meghalaya,West Khasi Hills,25.4741,91.2852,1301,27.2,SOUTH,PLATEAU_ESCARPMENT,1.89
TR002309,Meghalaya,Ri-Bhoi,26.0363,91.9934,597,15.2,WEST,DISSECTED_HILLS,1.44
TR002310,Meghalaya,West Jaintia Hills,25.4455,92.289,1320,26.5,WEST,DISSECTED_HILLS,1.2
TR002311,Sikkim,East Sikkim,27.2775,88.5222,1702,44.0,EAST,VALLEY_GORGE,0.35
TR002312,Sikkim,North Sikkim,27.4759,88.5342,2421,49.3,EAST,HIGH_ALPINE,0.13
TR002313,Sikkim,South Sikkim,27.1594,88.2957,1254,35.4,SOUTH_EAST,VALLEY_GORGE,0.41
TR002314,Nagaland,Kohima,25.5635,94.2233,1487,37.3,NORTH,DISSECTED_HILLS,1.87
TR002315,Nagaland,Dimapur,25.8804,93.648,172,2.6,WEST,PLAINS,0.79
TR002316,Nagaland,Mokokchung,26.4303,94.4927,1331,32.4,NORTH_EAST,DISSECTED_HILLS,2.02
TR002317,Manipur,Imphal West,24.7623,93.9042,781,1.8,SOUTH_WEST,RIVER_VALLEY,0.42
TR002318,Manipur,Bishnupur,24.4988,93.7602,738,2.7,EAST,RIVER_VALLEY,0.58
TR002319,Manipur,Senapati,25.2026,93.9829,1263,31.4,SOUTH_WEST,DISSECTED_HILLS,1.5
TR002320,Mizoram,Aizawl,23.811,92.6007,1148,33.6,NORTH,RIDGE_SLOPE,1.83
TR002321,Mizoram,Kolasib,24.2319,92.8151,552,26.0,NORTH_WEST,DISSECTED_HILLS,1.01
TR002322,Mizoram,Lunglei,22.9414,92.8637,1058,32.8,NORTH_EAST,RIDGE_SLOPE,2.29
TR002323,Tripura,West Tripura,23.6963,91.1999,43,0.6,SOUTH_EAST,ROLLING_PLAINS,1.05
TR002324,Tripura,Sipahijala,23.6457,91.4199,20,2.0,SOUTH_EAST,ROLLING_PLAINS,2.65
TR002325,Tripura,Dhalai,23.8122,91.824,150,13.2,SOUTH_EAST,LOW_HILLS,1.96
TR002326,Arunachal Pradesh,Tawang,27.4469,91.7154,2960,44.6,SOUTH_WEST,HIGH_ALPINE,5.28
TR002327,Arunachal Pradesh,West Kameng,27.3519,92.2786,2176,37.0,NORTH_WEST,STEEP_MOUNTAIN,4.4
TR002328,Arunachal Pradesh,Papum Pare,27.1821,93.5408,294,19.7,SOUTH_WEST,DISSECTED_HILLS,1.48
TR002329,Arunachal Pradesh,East Siang,28.0294,95.2962,199,10.4,EAST,RIVER_VALLEY,0.33
TR002330,Arunachal Pradesh,Lower Subansiri,27.4255,93.7022,1592,33.4,SOUTH_EAST,STEEP_MOUNTAIN,3.03
TR002331,Assam,Kamrup Metropolitan,26.0005,91.809,64,1.7,SOUTH_WEST,PLAINS,0.65
TR002332,Assam,Kamrup Rural,26.2558,91.6498,22,2.6,NORTH_WEST,PLAINS,0.91
TR002333,Assam,Darrang,26.5374,92.0085,87,0.4,WEST,FLOOD_BASIN,0.23
TR002334,Assam,Sonitpur,26.5446,92.7219,101,2.5,SOUTH_WEST,RIVER_VALLEY,0.49
TR002335,Assam,Dibrugarh,27.4517,94.8287,100,1.1,SOUTH_EAST,FLOOD_BASIN,0.46
TR002336,Assam,Cachar,24.9556,92.7889,20,1.2,NORTH_EAST,FLOOD_BASIN,0.6
TR002337,Assam,Nagaon,26.4135,92.8194,101,1.2,SOUTH,PLAINS,0.52
TR002338,Meghalaya,East Khasi Hills,25.496,92.0359,1480,31.9,NORTH_EAST,PLATEAU_ESCARPMENT,2.24
TR002339,Meghalaya,West Khasi Hills,25.503,91.1427,1259,27.2,NORTH_WEST,PLATEAU_ESCARPMENT,2.08
TR002340,Meghalaya,Ri-Bhoi,26.0427,91.7586,511,15.0,NORTH,DISSECTED_HILLS,1.86
TR002341,Meghalaya,West Jaintia Hills,25.478,92.0752,1321,26.6,NORTH_WEST,DISSECTED_HILLS,1.16
TR002342,Sikkim,East Sikkim,27.4058,88.6265,1619,39.8,NORTH_WEST,VALLEY_GORGE,0.17
TR002343,Sikkim,North Sikkim,27.4736,88.6222,2496,46.8,SOUTH_WEST,HIGH_ALPINE,0.26
TR002344,Sikkim,South Sikkim,27.1896,88.322,1240,35.0,NORTH_WEST,VALLEY_GORGE,0.29
TR002345,Nagaland,Kohima,25.6938,94.1052,1443,34.9,SOUTH,DISSECTED_HILLS,1.97
TR002346,Nagaland,Dimapur,25.8534,93.7902,200,4.1,NORTH,PLAINS,1.13
TR002347,Nagaland,Mokokchung,26.3949,94.6464,1314,32.0,SOUTH_EAST,DISSECTED_HILLS,2.09
TR002348,Manipur,Imphal West,24.8941,93.8354,820,0.4,WEST,RIVER_VALLEY,0.38
TR002349,Manipur,Bishnupur,24.7433,93.6486,823,3.1,NORTH,RIVER_VALLEY,0.16
TR002350,Manipur,Senapati,25.3509,94.0062,1285,31.4,EAST,DISSECTED_HILLS,1.42
TR002351,Mizoram,Aizawl,23.5799,92.6029,1107,34.1,SOUTH,RIDGE_SLOPE,2.32
TR002352,Mizoram,Kolasib,24.1513,92.6267,663,23.9,EAST,DISSECTED_HILLS,1.37
TR002353,Mizoram,Lunglei,22.7725,92.747,986,33.0,NORTH,RIDGE_SLOPE,2.87
TR002354,Tripura,West Tripura,23.7929,91.3182,35,1.9,NORTH_EAST,ROLLING_PLAINS,1.56
TR002355,Tripura,Sipahijala,23.7631,91.378,81,5.1,NORTH_EAST,ROLLING_PLAINS,2.66
TR002356,Tripura,Dhalai,23.9145,91.8422,120,11.6,NORTH_WEST,LOW_HILLS,1.45
TR002357,Arunachal Pradesh,Tawang,27.4562,92.0025,2879,45.5,NORTH,HIGH_ALPINE,5.08
TR002358,Arunachal Pradesh,West Kameng,27.1427,92.4035,2152,35.8,EAST,STEEP_MOUNTAIN,4.55
TR002359,Arunachal Pradesh,Papum Pare,26.9973,93.5717,331,20.4,SOUTH_WEST,DISSECTED_HILLS,1.17
TR002360,Arunachal Pradesh,East Siang,27.9202,95.2338,131,10.8,WEST,RIVER_VALLEY,0.71
TR002361,Arunachal Pradesh,Lower Subansiri,27.5753,93.7717,1579,33.7,EAST,STEEP_MOUNTAIN,3.16
TR002362,Assam,Kamrup Metropolitan,26.1628,91.7787,20,0.4,SOUTH_EAST,PLAINS,0.65
TR002363,Assam,Kamrup Rural,26.2542,91.496,31,1.2,WEST,PLAINS,0.43
TR002364,Assam,Darrang,26.4587,92.0744,41,0.4,SOUTH,FLOOD_BASIN,0.55
TR002365,Assam,Sonitpur,26.6615,92.7258,121,3.3,NORTH,RIVER_VALLEY,0.65
TR002366,Assam,Dibrugarh,27.5956,94.8248,48,2.2,WEST,FLOOD_BASIN,0.79
TR002367,Assam,Cachar,24.7107,92.8699,20,0.4,SOUTH_EAST,FLOOD_BASIN,0.26
TR002368,Assam,Nagaon,26.1953,92.5573,20,0.4,WEST,PLAINS,0.97
TR002369,Meghalaya,East Khasi Hills,25.5564,91.8848,1468,30.5,SOUTH_EAST,PLATEAU_ESCARPMENT,2.03
TR002370,Meghalaya,West Khasi Hills,25.528,91.2232,1269,29.0,WEST,PLATEAU_ESCARPMENT,1.78
TR002371,Meghalaya,Ri-Bhoi,26.0016,91.8251,500,18.4,NORTH,DISSECTED_HILLS,1.8
TR002372,Meghalaya,West Jaintia Hills,25.5866,92.3336,1376,24.9,SOUTH_WEST,DISSECTED_HILLS,0.94
TR002373,Sikkim,East Sikkim,27.3201,88.589,1678,43.4,NORTH_WEST,VALLEY_GORGE,0.3
TR002374,Sikkim,North Sikkim,27.5174,88.5306,2434,46.9,SOUTH,HIGH_ALPINE,0.61
TR002375,Sikkim,South Sikkim,27.2766,88.4312,1284,37.3,NORTH_WEST,VALLEY_GORGE,0.29
TR002376,Nagaland,Kohima,25.693,94.258,1500,34.3,NORTH,DISSECTED_HILLS,1.79
TR002377,Nagaland,Dimapur,26.0368,93.8761,160,3.5,NORTH_WEST,PLAINS,0.99
TR002378,Nagaland,Mokokchung,26.1767,94.4631,1272,33.1,WEST,DISSECTED_HILLS,2.45
TR002379,Manipur,Imphal West,24.8178,93.7907,759,0.4,NORTH_WEST,RIVER_VALLEY,0.43
TR002380,Manipur,Bishnupur,24.626,93.6277,799,4.5,NORTH,RIVER_VALLEY,0.23
TR002381,Manipur,Senapati,25.1272,94.0317,1193,31.3,SOUTH_EAST,DISSECTED_HILLS,1.75
TR002382,Mizoram,Aizawl,23.8763,92.7573,1132,31.4,NORTH_EAST,RIDGE_SLOPE,2.24
TR002383,Mizoram,Kolasib,24.2643,92.6937,563,22.2,NORTH,DISSECTED_HILLS,0.97
TR002384,Mizoram,Lunglei,22.9983,92.636,1054,29.9,NORTH,RIDGE_SLOPE,2.8
TR002385,Tripura,West Tripura,23.7063,91.387,20,0.4,SOUTH_WEST,ROLLING_PLAINS,1.36
TR002386,Tripura,Sipahijala,23.5037,91.1912,41,1.9,NORTH_EAST,ROLLING_PLAINS,3.1
TR002387,Tripura,Dhalai,23.8965,91.9212,122,13.7,NORTH_EAST,LOW_HILLS,1.9
TR002388,Arunachal Pradesh,Tawang,27.531,91.9222,2955,46.9,NORTH_EAST,HIGH_ALPINE,5.42
TR002389,Arunachal Pradesh,West Kameng,27.2244,92.2702,2225,37.5,EAST,STEEP_MOUNTAIN,4.79
TR002390,Arunachal Pradesh,Papum Pare,27.1513,93.4861,365,19.8,NORTH_WEST,DISSECTED_HILLS,1.05
TR002391,Arunachal Pradesh,East Siang,27.996,95.2278,100,8.1,NORTH_WEST,RIVER_VALLEY,0.28
TR002392,Arunachal Pradesh,Lower Subansiri,27.5516,93.7319,1595,34.1,WEST,STEEP_MOUNTAIN,3.16
TR002393,Assam,Kamrup Metropolitan,26.0878,91.7544,20,0.4,NORTH_EAST,PLAINS,0.92
TR002394,Assam,Kamrup Rural,26.2439,91.5819,57,0.4,SOUTH_EAST,PLAINS,0.95
TR002395,Assam,Darrang,26.3568,91.9069,32,1.6,WEST,FLOOD_BASIN,0.68
TR002396,Assam,Sonitpur,26.7138,92.8792,45,2.8,NORTH_WEST,RIVER_VALLEY,0.55
TR002397,Assam,Dibrugarh,27.586,95.045,87,2.5,EAST,FLOOD_BASIN,0.57
TR002398,Assam,Cachar,24.9537,92.6862,61,3.0,SOUTH_EAST,FLOOD_BASIN,0.15
TR002399,Assam,Nagaon,26.309,92.6201,39,0.4,SOUTH_EAST,PLAINS,0.66
TR002400,Meghalaya,East Khasi Hills,25.4966,91.7998,1543,29.0,SOUTH_WEST,PLATEAU_ESCARPMENT,2.59
TR002401,Meghalaya,West Khasi Hills,25.4378,91.2419,1231,27.9,WEST,PLATEAU_ESCARPMENT,1.93
TR002402,Meghalaya,Ri-Bhoi,25.8547,91.9225,547,18.1,SOUTH_WEST,DISSECTED_HILLS,1.7
TR002403,Meghalaya,West Jaintia Hills,25.3511,92.3349,1344,25.4,SOUTH_WEST,DISSECTED_HILLS,1.2
TR002404,Sikkim,East Sikkim,27.2521,88.6672,1634,42.7,NORTH_EAST,VALLEY_GORGE,0.29
TR002405,Sikkim,North Sikkim,27.4366,88.5027,2454,48.8,EAST,HIGH_ALPINE,0.53
TR002406,Sikkim,South Sikkim,27.1007,88.354,1266,35.0,SOUTH,VALLEY_GORGE,0.45
TR002407,Nagaland,Kohima,25.5345,93.9932,1464,36.5,SOUTH_WEST,DISSECTED_HILLS,1.86
TR002408,Nagaland,Dimapur,25.897,93.6744,207,3.2,SOUTH_WEST,PLAINS,1.03
TR002409,Nagaland,Mokokchung,26.1852,94.5804,1340,30.3,NORTH,DISSECTED_HILLS,2.44
TR002410,Manipur,Imphal West,24.7146,93.9294,768,2.9,SOUTH_WEST,RIVER_VALLEY,0.32
TR002411,Manipur,Bishnupur,24.7563,93.7064,769,3.7,WEST,RIVER_VALLEY,0.54
TR002412,Manipur,Senapati,25.2417,94.045,1265,29.9,SOUTH_EAST,DISSECTED_HILLS,1.43
TR002413,Mizoram,Aizawl,23.6969,92.8178,1102,34.1,SOUTH_WEST,RIDGE_SLOPE,2.14
TR002414,Mizoram,Kolasib,24.2148,92.6503,555,26.9,SOUTH_EAST,DISSECTED_HILLS,1.52
TR002415,Mizoram,Lunglei,22.959,92.8603,1024,29.5,NORTH,RIDGE_SLOPE,2.53
TR002416,Tripura,West Tripura,23.7623,91.31,50,0.4,WEST,ROLLING_PLAINS,1.28
TR002417,Tripura,Sipahijala,23.7617,91.428,61,5.2,NORTH_WEST,ROLLING_PLAINS,2.68
TR002418,Tripura,Dhalai,23.9917,91.9256,96,12.8,NORTH_WEST,LOW_HILLS,1.86
TR002419,Arunachal Pradesh,Tawang,27.4522,91.7365,2941,45.8,SOUTH_EAST,HIGH_ALPINE,5.47
TR002420,Arunachal Pradesh,West Kameng,27.2521,92.3155,2140,38.8,SOUTH,STEEP_MOUNTAIN,4.38
TR002421,Arunachal Pradesh,Papum Pare,27.002,93.5589,283,17.2,NORTH_EAST,DISSECTED_HILLS,1.08
TR002422,Arunachal Pradesh,East Siang,27.9431,95.2494,182,9.5,NORTH_EAST,RIVER_VALLEY,0.65
TR002423,Arunachal Pradesh,Lower Subansiri,27.4015,93.7278,1512,32.3,NORTH,STEEP_MOUNTAIN,3.0
TR002424,Assam,Kamrup Metropolitan,26.2041,91.86,80,0.6,NORTH_WEST,PLAINS,0.85
TR002425,Assam,Kamrup Rural,26.1078,91.6871,47,0.4,SOUTH_EAST,PLAINS,0.85
TR002426,Assam,Darrang,26.3421,92.113,106,0.4,SOUTH,FLOOD_BASIN,0.49
TR002427,Assam,Sonitpur,26.7456,92.8217,86,0.4,EAST,RIVER_VALLEY,0.57
TR002428,Assam,Dibrugarh,27.5449,94.9379,76,2.7,SOUTH,FLOOD_BASIN,0.27
TR002429,Assam,Cachar,24.7538,92.7376,29,3.4,WEST,FLOOD_BASIN,0.35
TR002430,Assam,Nagaon,26.4207,92.8084,86,0.4,SOUTH,PLAINS,0.77
TR002431,Meghalaya,East Khasi Hills,25.4421,91.8339,1441,29.7,NORTH_EAST,PLATEAU_ESCARPMENT,2.38
TR002432,Meghalaya,West Khasi Hills,25.4877,91.1955,1269,28.9,NORTH_EAST,PLATEAU_ESCARPMENT,1.86
TR002433,Meghalaya,Ri-Bhoi,25.8283,92.0165,512,14.8,NORTH_WEST,DISSECTED_HILLS,1.69
TR002434,Meghalaya,West Jaintia Hills,25.5503,92.1895,1280,25.2,NORTH_EAST,DISSECTED_HILLS,1.33
TR002435,Sikkim,East Sikkim,27.3857,88.5778,1693,39.6,SOUTH_EAST,VALLEY_GORGE,0.06
TR002436,Sikkim,North Sikkim,27.5224,88.5152,2448,46.1,SOUTH_EAST,HIGH_ALPINE,0.47
TR002437,Sikkim,South Sikkim,27.2211,88.3267,1246,35.2,WEST,VALLEY_GORGE,0.32
TR002438,Nagaland,Kohima,25.7153,94.1397,1482,37.8,SOUTH_EAST,DISSECTED_HILLS,1.88
TR002439,Nagaland,Dimapur,25.9911,93.7911,243,4.0,NORTH,PLAINS,0.89
TR002440,Nagaland,Mokokchung,26.4106,94.6642,1328,32.3,SOUTH_WEST,DISSECTED_HILLS,2.42
TR002441,Manipur,Imphal West,24.691,93.7889,844,3.2,EAST,RIVER_VALLEY,0.42
TR002442,Manipur,Bishnupur,24.6369,93.7989,821,3.3,SOUTH_WEST,RIVER_VALLEY,0.08
TR002443,Manipur,Senapati,25.1945,93.8965,1252,29.3,EAST,DISSECTED_HILLS,1.18
TR002444,Mizoram,Aizawl,23.7569,92.6784,1124,32.2,EAST,RIDGE_SLOPE,1.94
TR002445,Mizoram,Kolasib,24.3158,92.6928,572,23.5,NORTH_EAST,DISSECTED_HILLS,1.22
TR002446,Mizoram,Lunglei,22.864,92.6793,964,32.0,EAST,RIDGE_SLOPE,2.48
TR002447,Tripura,West Tripura,23.6925,91.3584,20,0.5,EAST,ROLLING_PLAINS,1.3
TR002448,Tripura,Sipahijala,23.5228,91.2054,35,2.7,NORTH_EAST,ROLLING_PLAINS,2.73
TR002449,Tripura,Dhalai,23.9916,91.9067,111,14.1,WEST,LOW_HILLS,1.94
TR002450,Arunachal Pradesh,Tawang,27.7158,91.9555,2912,44.3,NORTH_EAST,HIGH_ALPINE,5.0
TR002451,Arunachal Pradesh,West Kameng,27.2263,92.3099,2232,38.7,EAST,STEEP_MOUNTAIN,4.82
TR002452,Arunachal Pradesh,Papum Pare,27.065,93.7607,270,17.7,SOUTH_EAST,DISSECTED_HILLS,1.36
TR002453,Arunachal Pradesh,East Siang,28.0066,95.2962,118,11.5,SOUTH_EAST,RIVER_VALLEY,0.32
TR002454,Arunachal Pradesh,Lower Subansiri,27.5959,93.9449,1607,34.5,EAST,STEEP_MOUNTAIN,3.18
TR002455,Assam,Kamrup Metropolitan,26.2326,91.7575,33,1.8,SOUTH,PLAINS,0.9
TR002456,Assam,Kamrup Rural,26.2731,91.6203,20,0.4,NORTH_EAST,PLAINS,0.66
TR002457,Assam,Darrang,26.5302,92.0121,87,2.0,SOUTH,FLOOD_BASIN,0.17
TR002458,Assam,Sonitpur,26.6343,92.6563,69,4.1,WEST,RIVER_VALLEY,0.69
TR002459,Assam,Dibrugarh,27.4046,94.8842,50,2.2,NORTH,FLOOD_BASIN,0.58
TR002460,Assam,Cachar,24.7657,92.7676,66,4.2,NORTH,FLOOD_BASIN,0.16
TR002461,Assam,Nagaon,26.2616,92.5394,45,0.4,NORTH_WEST,PLAINS,0.85
TR002462,Meghalaya,East Khasi Hills,25.6472,91.9261,1488,30.9,SOUTH_WEST,PLATEAU_ESCARPMENT,2.36
TR002463,Meghalaya,West Khasi Hills,25.4586,91.2267,1339,28.3,NORTH_EAST,PLATEAU_ESCARPMENT,1.77
TR002464,Meghalaya,Ri-Bhoi,25.8459,91.9768,509,16.3,NORTH_EAST,DISSECTED_HILLS,1.73
TR002465,Meghalaya,West Jaintia Hills,25.3632,92.2593,1356,25.5,SOUTH_WEST,DISSECTED_HILLS,1.11
TR002466,Sikkim,East Sikkim,27.3871,88.6279,1600,42.7,NORTH_WEST,VALLEY_GORGE,0.21
TR002467,Sikkim,North Sikkim,27.4536,88.4623,2457,47.8,NORTH_WEST,HIGH_ALPINE,0.24
TR002468,Sikkim,South Sikkim,27.1146,88.4024,1243,34.5,SOUTH_WEST,VALLEY_GORGE,0.53
TR002469,Nagaland,Kohima,25.7124,94.1281,1433,38.3,NORTH,DISSECTED_HILLS,1.57
TR002470,Nagaland,Dimapur,26.0488,93.7444,197,6.2,SOUTH,PLAINS,0.89
TR002471,Nagaland,Mokokchung,26.3363,94.4835,1368,29.1,NORTH_EAST,DISSECTED_HILLS,2.11
TR002472,Manipur,Imphal West,24.7304,93.82,762,0.6,NORTH_EAST,RIVER_VALLEY,0.35
TR002473,Manipur,Bishnupur,24.7157,93.8348,761,3.8,NORTH,RIVER_VALLEY,0.28
TR002474,Manipur,Senapati,25.1753,94.1301,1225,28.6,SOUTH_WEST,DISSECTED_HILLS,1.39
TR002475,Mizoram,Aizawl,23.6088,92.833,1151,34.3,NORTH,RIDGE_SLOPE,1.96
TR002476,Mizoram,Kolasib,24.2307,92.6477,659,24.0,NORTH_WEST,DISSECTED_HILLS,1.44
TR002477,Mizoram,Lunglei,22.8159,92.8674,980,33.6,SOUTH_EAST,RIDGE_SLOPE,2.37
TR002478,Tripura,West Tripura,23.768,91.2966,20,3.4,NORTH_EAST,ROLLING_PLAINS,1.38
TR002479,Tripura,Sipahijala,23.69,91.1915,46,3.8,EAST,ROLLING_PLAINS,3.18
TR002480,Tripura,Dhalai,23.8231,91.8909,159,10.6,WEST,LOW_HILLS,1.75
TR002481,Arunachal Pradesh,Tawang,27.5871,91.7336,2913,45.7,EAST,HIGH_ALPINE,5.56
TR002482,Arunachal Pradesh,West Kameng,27.212,92.3409,2212,38.6,EAST,STEEP_MOUNTAIN,4.69
TR002483,Arunachal Pradesh,Papum Pare,27.236,93.4734,336,20.4,SOUTH_EAST,DISSECTED_HILLS,1.38
TR002484,Arunachal Pradesh,East Siang,28.0816,95.435,203,11.3,WEST,RIVER_VALLEY,0.45
TR002485,Arunachal Pradesh,Lower Subansiri,27.6169,93.7518,1560,34.6,WEST,STEEP_MOUNTAIN,3.15
TR002486,Assam,Kamrup Metropolitan,26.0913,91.6741,109,0.4,NORTH_WEST,PLAINS,0.93
TR002487,Assam,Kamrup Rural,26.1728,91.6171,54,3.3,EAST,PLAINS,0.87
TR002488,Assam,Darrang,26.5938,92.0311,20,2.6,SOUTH_EAST,FLOOD_BASIN,0.59
TR002489,Assam,Sonitpur,26.7454,92.9153,49,1.9,WEST,RIVER_VALLEY,0.88
TR002490,Assam,Dibrugarh,27.3249,94.7717,134,0.4,SOUTH_EAST,FLOOD_BASIN,0.49
TR002491,Assam,Cachar,24.8244,92.7445,65,1.4,NORTH_EAST,FLOOD_BASIN,0.12
TR002492,Assam,Nagaon,26.41,92.5703,103,1.5,NORTH_WEST,PLAINS,1.09
TR002493,Meghalaya,East Khasi Hills,25.6432,91.8749,1535,31.6,WEST,PLATEAU_ESCARPMENT,2.14
TR002494,Meghalaya,West Khasi Hills,25.4795,91.3567,1318,25.7,NORTH,PLATEAU_ESCARPMENT,1.81
TR002495,Meghalaya,Ri-Bhoi,26.0282,91.9188,546,16.1,EAST,DISSECTED_HILLS,1.33
TR002496,Meghalaya,West Jaintia Hills,25.3438,92.1287,1375,26.4,SOUTH_EAST,DISSECTED_HILLS,1.36
TR002497,Sikkim,East Sikkim,27.4055,88.5664,1674,41.2,NORTH,VALLEY_GORGE,0.44
TR002498,Sikkim,North Sikkim,27.5887,88.463,2402,47.7,NORTH,HIGH_ALPINE,0.5
TR002499,Sikkim,South Sikkim,27.1575,88.4127,1336,34.9,SOUTH_WEST,VALLEY_GORGE,0.32
TR002500,Nagaland,Kohima,25.6137,94.092,1480,35.6,EAST,DISSECTED_HILLS,1.72
