travel_id,road_id,timestamp,state,district,distance_km,speed_limit_kmph,average_speed_kmph,traffic_level,weather_condition,road_condition,travel_time_minutes,delay_minutes
T000001,NH-13,2026-06-18 06:00:00,Arunachal Pradesh,Tawang,15.7,35,19.2,HIGH,LIGHT_RAIN,POOR,49.1,22.2
T000002,NH-13,2026-06-18 06:02:00,Arunachal Pradesh,West Kameng,8.4,40,7.6,STANDSTILL,HEAVY_RAIN,POOR,66.3,53.7
T000003,NH-415,2026-06-18 06:04:00,Arunachal Pradesh,Papum Pare,21.9,50,26.0,MODERATE,HEAVY_RAIN,FAIR,50.5,24.2
T000004,NH-515,2026-06-18 06:06:00,Arunachal Pradesh,East Siang,6.4,60,60.0,LOW,CLEAR,GOOD,6.4,0.0
T000005,NH-13,2026-06-18 06:08:00,Arunachal Pradesh,Lower Subansiri,9.5,40,4.0,STANDSTILL,TORRENTIAL_RAIN,POOR,142.5,128.2
T000006,NH-27,2026-06-18 06:10:00,Assam,Kamrup Metropolitan,13.7,80,60.0,LOW,MODERATE_RAIN,GOOD,13.7,3.4
T000007,NH-27,2026-06-18 06:12:00,Assam,Kamrup Rural,19.9,80,17.6,HIGH,TORRENTIAL_RAIN,GOOD,67.8,52.9
T000008,NH-15,2026-06-18 06:14:00,Assam,Darrang,6.7,65,48.8,LOW,MODERATE_RAIN,GOOD,8.2,2.0
T000009,NH-15,2026-06-18 06:16:00,Assam,Sonitpur,18.6,70,36.4,MODERATE,HEAVY_RAIN,GOOD,30.7,14.8
T000010,NH-37,2026-06-18 06:18:00,Assam,Dibrugarh,9.7,70,36.4,MODERATE,HEAVY_RAIN,GOOD,16.0,7.7
T000011,NH-37,2026-06-18 06:20:00,Assam,Cachar,10.0,60,52.8,LOW,LIGHT_RAIN,GOOD,11.4,1.4
T000012,NH-27,2026-06-18 06:22:00,Assam,Nagaon,15.5,75,39.0,MODERATE,HEAVY_RAIN,GOOD,23.8,11.4
T000013,NH-206,2026-06-18 06:24:00,Meghalaya,East Khasi Hills,15.4,40,16.8,HIGH,MODERATE_RAIN,POOR,55.0,31.9
T000014,NH-127B,2026-06-18 06:26:00,Meghalaya,West Khasi Hills,15.2,45,33.8,MODERATE,MODERATE_RAIN,FAIR,27.0,6.7
T000015,NH-06,2026-06-18 06:28:00,Meghalaya,Ri-Bhoi,6.9,65,65.0,LOW,CLEAR,GOOD,6.4,0.0
T000016,NH-06,2026-06-18 06:30:00,Meghalaya,West Jaintia Hills,11.5,45,39.6,MODERATE,LIGHT_RAIN,FAIR,17.4,2.1
T000017,NH-10,2026-06-18 06:32:00,Sikkim,East Sikkim,6.7,35,14.7,HIGH,MODERATE_RAIN,POOR,27.3,15.8
T000018,NH-310,2026-06-18 06:34:00,Sikkim,North Sikkim,17.2,30,4.0,STANDSTILL,TORRENTIAL_RAIN,POOR,258.0,223.6
T000019,NH-510,2026-06-18 06:36:00,Sikkim,South Sikkim,12.5,40,26.8,MODERATE,CLEAR,POOR,28.0,9.2
T000020,NH-29,2026-06-18 06:38:00,Nagaland,Kohima,20.6,40,4.0,STANDSTILL,TORRENTIAL_RAIN,POOR,309.0,278.1
T000021,NH-29,2026-06-18 06:40:00,Nagaland,Dimapur,10.6,65,65.0,LOW,CLEAR,GOOD,9.8,0.0
T000022,NH-02,2026-06-18 06:42:00,Nagaland,Mokokchung,9.5,40,22.0,MODERATE,LIGHT_RAIN,POOR,25.9,11.6
T000023,NH-02,2026-06-18 06:44:00,Manipur,Imphal West,9.2,60,60.0,LOW,CLEAR,GOOD,9.2,0.0
T000024,NH-02,2026-06-18 06:46:00,Manipur,Bishnupur,17.4,55,55.0,LOW,CLEAR,GOOD,19.0,0.0
T000025,NH-02,2026-06-18 06:48:00,Manipur,Senapati,18.2,45,24.8,MODERATE,LIGHT_RAIN,POOR,44.0,19.7
T000026,NH-54,2026-06-18 06:50:00,Mizoram,Aizawl,13.4,40,26.8,MODERATE,CLEAR,POOR,30.0,9.9
T000027,NH-54,2026-06-18 06:52:00,Mizoram,Kolasib,19.2,45,9.9,HIGH,TORRENTIAL_RAIN,FAIR,116.4,90.8
T000028,NH-54,2026-06-18 06:54:00,Mizoram,Lunglei,18.6,40,35.2,MODERATE,LIGHT_RAIN,FAIR,31.7,3.8
T000029,NH-08,2026-06-18 06:56:00,Tripura,West Tripura,19.5,65,33.8,MODERATE,HEAVY_RAIN,GOOD,34.6,16.6
T000030,NH-08,2026-06-18 06:58:00,Tripura,Sipahijala,12.2,65,57.2,LOW,LIGHT_RAIN,GOOD,12.8,1.5
T000031,NH-08,2026-06-18 07:00:00,Tripura,Dhalai,17.2,55,12.1,HIGH,TORRENTIAL_RAIN,GOOD,85.3,66.5
T000032,NH-13,2026-06-18 07:02:00,Arunachal Pradesh,Tawang,11.1,35,23.5,MODERATE,CLEAR,POOR,28.3,9.3
T000033,NH-13,2026-06-18 07:04:00,Arunachal Pradesh,West Kameng,12.6,40,16.8,HIGH,MODERATE_RAIN,POOR,45.0,26.1
T000034,NH-415,2026-06-18 07:06:00,Arunachal Pradesh,Papum Pare,17.3,50,37.5,MODERATE,MODERATE_RAIN,FAIR,27.7,6.9
T000035,NH-515,2026-06-18 07:08:00,Arunachal Pradesh,East Siang,5.8,60,45.0,LOW,MODERATE_RAIN,GOOD,7.7,1.9
T000036,NH-13,2026-06-18 07:10:00,Arunachal Pradesh,Lower Subansiri,17.1,40,7.6,STANDSTILL,HEAVY_RAIN,POOR,135.0,109.3
T000037,NH-27,2026-06-18 07:12:00,Assam,Kamrup Metropolitan,12.2,80,60.0,LOW,MODERATE_RAIN,GOOD,12.2,3.0
T000038,NH-27,2026-06-18 07:14:00,Assam,Kamrup Rural,18.8,80,41.6,MODERATE,HEAVY_RAIN,GOOD,27.1,13.0
T000039,NH-15,2026-06-18 07:16:00,Assam,Darrang,14.7,65,57.2,LOW,LIGHT_RAIN,GOOD,15.4,1.8
T000040,NH-15,2026-06-18 07:18:00,Assam,Sonitpur,9.7,70,36.4,MODERATE,HEAVY_RAIN,GOOD,16.0,7.7
T000041,NH-37,2026-06-18 07:20:00,Assam,Dibrugarh,11.8,70,52.5,LOW,MODERATE_RAIN,GOOD,13.5,3.4
T000042,NH-37,2026-06-18 07:22:00,Assam,Cachar,15.7,60,60.0,LOW,CLEAR,GOOD,15.7,0.0
T000043,NH-27,2026-06-18 07:24:00,Assam,Nagaon,7.1,75,16.5,HIGH,TORRENTIAL_RAIN,GOOD,25.8,20.1
T000044,NH-206,2026-06-18 07:26:00,Meghalaya,East Khasi Hills,12.8,40,8.8,HIGH,TORRENTIAL_RAIN,FAIR,87.3,68.1
T000045,NH-127B,2026-06-18 07:28:00,Meghalaya,West Khasi Hills,14.7,45,24.8,MODERATE,LIGHT_RAIN,POOR,35.6,16.0
T000046,NH-06,2026-06-18 07:30:00,Meghalaya,Ri-Bhoi,7.1,65,48.8,LOW,MODERATE_RAIN,FAIR,8.7,2.1
T000047,NH-06,2026-06-18 07:32:00,Meghalaya,West Jaintia Hills,12.5,45,39.6,MODERATE,LIGHT_RAIN,FAIR,18.9,2.2
T000048,NH-10,2026-06-18 07:34:00,Sikkim,East Sikkim,9.1,35,14.7,HIGH,MODERATE_RAIN,POOR,37.1,21.5
T000049,NH-310,2026-06-18 07:36:00,Sikkim,North Sikkim,7.8,30,12.6,HIGH,MODERATE_RAIN,POOR,37.1,21.5
T000050,NH-510,2026-06-18 07:38:00,Sikkim,South Sikkim,13.9,40,26.8,MODERATE,CLEAR,POOR,31.1,10.2
T000051,NH-29,2026-06-18 07:40:00,Nagaland,Kohima,13.1,40,26.8,MODERATE,CLEAR,POOR,29.3,9.6
T000052,NH-29,2026-06-18 07:42:00,Nagaland,Dimapur,15.4,65,33.8,MODERATE,HEAVY_RAIN,GOOD,27.3,13.1
T000053,NH-02,2026-06-18 07:44:00,Nagaland,Mokokchung,8.9,40,16.8,HIGH,MODERATE_RAIN,POOR,31.8,18.5
T000054,NH-02,2026-06-18 07:46:00,Manipur,Imphal West,7.4,60,60.0,LOW,CLEAR,GOOD,7.4,0.0
T000055,NH-02,2026-06-18 07:48:00,Manipur,Bishnupur,14.0,55,55.0,LOW,CLEAR,GOOD,15.3,0.0
T000056,NH-02,2026-06-18 07:50:00,Manipur,Senapati,11.6,45,8.5,HIGH,HEAVY_RAIN,POOR,81.9,66.4
T000057,NH-54,2026-06-18 07:52:00,Mizoram,Aizawl,7.6,40,22.0,MODERATE,LIGHT_RAIN,POOR,20.7,9.3
T000058,NH-54,2026-06-18 07:54:00,Mizoram,Kolasib,10.1,45,9.9,HIGH,TORRENTIAL_RAIN,FAIR,61.2,47.7
T000059,NH-54,2026-06-18 07:56:00,Mizoram,Lunglei,5.9,40,4.0,STANDSTILL,TORRENTIAL_RAIN,POOR,88.5,79.7
T000060,NH-08,2026-06-18 07:58:00,Tripura,West Tripura,7.0,65,14.3,HIGH,TORRENTIAL_RAIN,GOOD,29.4,22.9
T000061,NH-08,2026-06-18 08:00:00,Tripura,Sipahijala,16.4,65,57.2,LOW,LIGHT_RAIN,GOOD,17.2,2.1
T000062,NH-08,2026-06-18 08:02:00,Tripura,Dhalai,7.6,55,12.1,HIGH,TORRENTIAL_RAIN,GOOD,37.7,29.4
T000063,NH-13,2026-06-18 08:04:00,Arunachal Pradesh,Tawang,16.3,35,19.2,HIGH,LIGHT_RAIN,POOR,50.9,23.0
T000064,NH-13,2026-06-18 08:06:00,Arunachal Pradesh,West Kameng,16.7,40,4.0,STANDSTILL,TORRENTIAL_RAIN,POOR,250.5,225.4
T000065,NH-415,2026-06-18 08:08:00,Arunachal Pradesh,Papum Pare,6.4,50,11.0,HIGH,TORRENTIAL_RAIN,FAIR,34.9,27.2
T000066,NH-515,2026-06-18 08:10:00,Arunachal Pradesh,East Siang,19.7,60,45.0,LOW,MODERATE_RAIN,GOOD,26.3,6.6
T000067,NH-13,2026-06-18 08:12:00,Arunachal Pradesh,Lower Subansiri,20.8,40,4.0,STANDSTILL,TORRENTIAL_RAIN,POOR,312.0,280.8
T000068,NH-27,2026-06-18 08:14:00,Assam,Kamrup Metropolitan,20.5,80,17.6,HIGH,TORRENTIAL_RAIN,GOOD,69.9,54.5
T000069,NH-27,2026-06-18 08:16:00,Assam,Kamrup Rural,15.1,80,60.0,LOW,MODERATE_RAIN,GOOD,15.1,3.8
T000070,NH-15,2026-06-18 08:18:00,Assam,Darrang,13.4,65,57.2,LOW,LIGHT_RAIN,GOOD,14.1,1.7
T000071,NH-15,2026-06-18 08:20:00,Assam,Sonitpur,15.0,70,15.4,HIGH,TORRENTIAL_RAIN,GOOD,58.4,45.5
T000072,NH-37,2026-06-18 08:22:00,Assam,Dibrugarh,18.0,70,61.6,LOW,LIGHT_RAIN,GOOD,17.5,2.1
T000073,NH-37,2026-06-18 08:24:00,Assam,Cachar,17.7,60,31.2,MODERATE,HEAVY_RAIN,GOOD,34.0,16.3
T000074,NH-27,2026-06-18 08:26:00,Assam,Nagaon,5.3,75,75.0,LOW,CLEAR,GOOD,4.2,0.0
T000075,NH-206,2026-06-18 08:28:00,Meghalaya,East Khasi Hills,13.8,40,26.8,MODERATE,CLEAR,POOR,30.9,10.2
T000076,NH-127B,2026-06-18 08:30:00,Meghalaya,West Khasi Hills,18.7,45,23.4,MODERATE,HEAVY_RAIN,FAIR,47.9,23.0
T000077,NH-06,2026-06-18 08:32:00,Meghalaya,Ri-Bhoi,19.6,65,57.2,LOW,LIGHT_RAIN,FAIR,20.6,2.5
T000078,NH-06,2026-06-18 08:34:00,Meghalaya,West Jaintia Hills,18.2,45,33.8,MODERATE,MODERATE_RAIN,FAIR,32.3,8.0
T000079,NH-10,2026-06-18 08:36:00,Sikkim,East Sikkim,6.1,35,19.2,HIGH,LIGHT_RAIN,POOR,19.1,8.6
T000080,NH-310,2026-06-18 08:38:00,Sikkim,North Sikkim,21.3,30,4.0,STANDSTILL,TORRENTIAL_RAIN,POOR,319.5,276.9
T000081,NH-510,2026-06-18 08:40:00,Sikkim,South Sikkim,5.3,40,7.6,STANDSTILL,HEAVY_RAIN,POOR,41.8,33.8
T000082,NH-29,2026-06-18 08:42:00,Nagaland,Kohima,6.9,40,7.6,STANDSTILL,HEAVY_RAIN,POOR,54.5,44.1
T000083,NH-29,2026-06-18 08:44:00,Nagaland,Dimapur,17.7,65,57.2,LOW,LIGHT_RAIN,GOOD,18.6,2.3
T000084,NH-02,2026-06-18 08:46:00,Nagaland,Mokokchung,14.4,40,16.8,HIGH,MODERATE_RAIN,POOR,51.4,29.8
T000085,NH-02,2026-06-18 08:48:00,Manipur,Imphal West,15.3,60,45.0,LOW,MODERATE_RAIN,GOOD,20.4,5.1
T000086,NH-02,2026-06-18 08:50:00,Manipur,Bishnupur,20.7,55,48.4,LOW,LIGHT_RAIN,GOOD,25.7,3.1
T000087,NH-02,2026-06-18 08:52:00,Manipur,Senapati,16.6,45,33.8,MODERATE,MODERATE_RAIN,FAIR,29.5,7.4
T000088,NH-54,2026-06-18 08:54:00,Mizoram,Aizawl,9.1,40,4.0,STANDSTILL,TORRENTIAL_RAIN,POOR,136.5,122.8
T000089,NH-54,2026-06-18 08:56:00,Mizoram,Kolasib,10.0,45,23.4,MODERATE,HEAVY_RAIN,FAIR,25.6,12.3
T000090,NH-54,2026-06-18 08:58:00,Mizoram,Lunglei,16.3,40,35.2,MODERATE,LIGHT_RAIN,FAIR,27.8,3.3
T000091,NH-08,2026-06-18 09:00:00,Tripura,West Tripura,17.5,65,33.8,MODERATE,HEAVY_RAIN,GOOD,31.1,14.9
T000092,NH-08,2026-06-18 09:02:00,Tripura,Sipahijala,12.9,65,65.0,LOW,CLEAR,GOOD,11.9,0.0
T000093,NH-08,2026-06-18 09:04:00,Tripura,Dhalai,8.6,55,41.2,MODERATE,MODERATE_RAIN,GOOD,12.5,3.1
T000094,NH-13,2026-06-18 09:06:00,Arunachal Pradesh,Tawang,19.4,35,4.0,STANDSTILL,TORRENTIAL_RAIN,POOR,291.0,257.7
T000095,NH-13,2026-06-18 09:08:00,Arunachal Pradesh,West Kameng,9.8,40,4.0,STANDSTILL,TORRENTIAL_RAIN,POOR,147.0,132.3
T000096,NH-415,2026-06-18 09:10:00,Arunachal Pradesh,Papum Pare,9.2,50,26.0,MODERATE,HEAVY_RAIN,FAIR,21.2,10.2
T000097,NH-515,2026-06-18 09:12:00,Arunachal Pradesh,East Siang,6.3,60,31.2,MODERATE,HEAVY_RAIN,GOOD,12.1,5.8
T000098,NH-13,2026-06-18 09:14:00,Arunachal Pradesh,Lower Subansiri,11.4,40,16.8,HIGH,MODERATE_RAIN,POOR,40.7,23.6
T000099,NH-27,2026-06-18 09:16:00,Assam,Kamrup Metropolitan,12.0,80,41.6,MODERATE,HEAVY_RAIN,GOOD,17.3,8.3
T000100,NH-27,2026-06-18 09:18:00,Assam,Kamrup Rural,17.8,80,17.6,HIGH,TORRENTIAL_RAIN,GOOD,60.7,47.4
T000101,NH-15,2026-06-18 09:20:00,Assam,Darrang,19.6,65,33.8,MODERATE,HEAVY_RAIN,GOOD,34.8,16.7
T000102,NH-15,2026-06-18 09:22:00,Assam,Sonitpur,14.3,70,36.4,MODERATE,HEAVY_RAIN,GOOD,23.6,11.3
T000103,NH-37,2026-06-18 09:24:00,Assam,Dibrugarh,11.6,70,15.4,HIGH,TORRENTIAL_RAIN,GOOD,45.2,35.3
T000104,NH-37,2026-06-18 09:26:00,Assam,Cachar,17.2,60,52.8,LOW,LIGHT_RAIN,GOOD,19.5,2.3
T000105,NH-27,2026-06-18 09:28:00,Assam,Nagaon,9.5,75,56.2,LOW,MODERATE_RAIN,GOOD,10.1,2.5
T000106,NH-206,2026-06-18 09:30:00,Meghalaya,East Khasi Hills,21.1,40,35.2,MODERATE,LIGHT_RAIN,FAIR,36.0,4.3
T000107,NH-127B,2026-06-18 09:32:00,Meghalaya,West Khasi Hills,17.8,45,9.9,HIGH,TORRENTIAL_RAIN,FAIR,107.9,84.2
T000108,NH-06,2026-06-18 09:34:00,Meghalaya,Ri-Bhoi,20.7,65,14.3,HIGH,TORRENTIAL_RAIN,FAIR,86.9,67.8
T000109,NH-06,2026-06-18 09:36:00,Meghalaya,West Jaintia Hills,16.1,45,23.4,MODERATE,HEAVY_RAIN,FAIR,41.3,19.8
T000110,NH-10,2026-06-18 09:38:00,Sikkim,East Sikkim,5.8,35,14.7,HIGH,MODERATE_RAIN,POOR,23.7,13.8
T000111,NH-310,2026-06-18 09:40:00,Sikkim,North Sikkim,15.8,30,4.0,STANDSTILL,TORRENTIAL_RAIN,POOR,237.0,205.4
T000112,NH-510,2026-06-18 09:42:00,Sikkim,South Sikkim,8.5,40,22.0,MODERATE,LIGHT_RAIN,POOR,23.2,10.4
T000113,NH-29,2026-06-18 09:44:00,Nagaland,Kohima,12.9,40,16.8,HIGH,MODERATE_RAIN,POOR,46.1,26.8
T000114,NH-29,2026-06-18 09:46:00,Nagaland,Dimapur,14.9,65,48.8,LOW,MODERATE_RAIN,GOOD,18.3,4.5
T000115,NH-02,2026-06-18 09:48:00,Nagaland,Mokokchung,13.4,40,16.8,HIGH,MODERATE_RAIN,POOR,47.9,27.8
T000116,NH-02,2026-06-18 09:50:00,Manipur,Imphal West,16.3,60,45.0,LOW,MODERATE_RAIN,GOOD,21.7,5.4
T000117,NH-02,2026-06-18 09:52:00,Manipur,Bishnupur,19.9,55,41.2,MODERATE,MODERATE_RAIN,GOOD,29.0,7.3
T000118,NH-02,2026-06-18 09:54:00,Manipur,Senapati,16.3,45,45.0,LOW,CLEAR,FAIR,21.7,0.0
T000119,NH-54,2026-06-18 09:56:00,Mizoram,Aizawl,5.8,40,4.0,STANDSTILL,TORRENTIAL_RAIN,POOR,87.0,78.3
T000120,NH-54,2026-06-18 09:58:00,Mizoram,Kolasib,14.5,45,23.4,MODERATE,HEAVY_RAIN,FAIR,37.2,17.9
T000121,NH-54,2026-06-18 10:00:00,Mizoram,Lunglei,17.1,40,16.8,HIGH,MODERATE_RAIN,POOR,61.1,35.5
T000122,NH-08,2026-06-18 10:02:00,Tripura,West Tripura,12.5,65,14.3,HIGH,TORRENTIAL_RAIN,GOOD,52.4,40.9
T000123,NH-08,2026-06-18 10:04:00,Tripura,Sipahijala,21.7,65,65.0,LOW,CLEAR,GOOD,20.0,0.0
T000124,NH-08,2026-06-18 10:06:00,Tripura,Dhalai,21.4,55,28.6,MODERATE,HEAVY_RAIN,GOOD,44.9,21.6
T000125,NH-13,2026-06-18 10:08:00,Arunachal Pradesh,Tawang,17.1,35,6.6,STANDSTILL,HEAVY_RAIN,POOR,155.5,126.2
T000126,NH-13,2026-06-18 10:10:00,Arunachal Pradesh,West Kameng,5.3,40,7.6,STANDSTILL,HEAVY_RAIN,POOR,41.8,33.8
T000127,NH-415,2026-06-18 10:12:00,Arunachal Pradesh,Papum Pare,17.7,50,37.5,MODERATE,MODERATE_RAIN,FAIR,28.3,7.1
T000128,NH-515,2026-06-18 10:14:00,Arunachal Pradesh,East Siang,19.1,60,45.0,LOW,MODERATE_RAIN,GOOD,25.5,6.4
T000129,NH-13,2026-06-18 10:16:00,Arunachal Pradesh,Lower Subansiri,13.5,40,16.8,HIGH,MODERATE_RAIN,POOR,48.2,28.0
T000130,NH-27,2026-06-18 10:18:00,Assam,Kamrup Metropolitan,16.7,80,80.0,LOW,CLEAR,GOOD,12.5,0.0
T000131,NH-27,2026-06-18 10:20:00,Assam,Kamrup Rural,5.4,80,70.4,LOW,LIGHT_RAIN,GOOD,4.6,0.5
T000132,NH-15,2026-06-18 10:22:00,Assam,Darrang,19.9,65,14.3,HIGH,TORRENTIAL_RAIN,GOOD,83.5,65.1
T000133,NH-15,2026-06-18 10:24:00,Assam,Sonitpur,5.9,70,15.4,HIGH,TORRENTIAL_RAIN,GOOD,23.0,17.9
T000134,NH-37,2026-06-18 10:26:00,Assam,Dibrugarh,12.0,70,52.5,LOW,MODERATE_RAIN,GOOD,13.7,3.4
T000135,NH-37,2026-06-18 10:28:00,Assam,Cachar,14.7,60,45.0,LOW,MODERATE_RAIN,GOOD,19.6,4.9
T000136,NH-27,2026-06-18 10:30:00,Assam,Nagaon,8.0,75,75.0,LOW,CLEAR,GOOD,6.4,0.0
T000137,NH-206,2026-06-18 10:32:00,Meghalaya,East Khasi Hills,16.6,40,4.0,STANDSTILL,TORRENTIAL_RAIN,POOR,249.0,224.1
T000138,NH-127B,2026-06-18 10:34:00,Meghalaya,West Khasi Hills,10.5,45,23.4,MODERATE,HEAVY_RAIN,FAIR,26.9,12.9
T000139,NH-06,2026-06-18 10:36:00,Meghalaya,Ri-Bhoi,8.3,65,33.8,MODERATE,HEAVY_RAIN,FAIR,14.7,7.0
T000140,NH-06,2026-06-18 10:38:00,Meghalaya,West Jaintia Hills,13.4,45,45.0,LOW,CLEAR,FAIR,17.9,0.0
T000141,NH-10,2026-06-18 10:40:00,Sikkim,East Sikkim,13.9,35,6.6,STANDSTILL,HEAVY_RAIN,POOR,126.4,102.6
T000142,NH-310,2026-06-18 10:42:00,Sikkim,North Sikkim,19.8,30,20.1,HIGH,CLEAR,POOR,59.1,19.5
T000143,NH-510,2026-06-18 10:44:00,Sikkim,South Sikkim,16.0,40,4.0,STANDSTILL,TORRENTIAL_RAIN,POOR,240.0,216.0
T000144,NH-29,2026-06-18 10:46:00,Nagaland,Kohima,14.2,40,7.6,STANDSTILL,HEAVY_RAIN,POOR,112.1,90.8
T000145,NH-29,2026-06-18 10:48:00,Nagaland,Dimapur,6.4,65,48.8,LOW,MODERATE_RAIN,GOOD,7.9,2.0
T000146,NH-02,2026-06-18 10:50:00,Nagaland,Mokokchung,11.4,40,20.8,HIGH,HEAVY_RAIN,FAIR,32.9,15.8
T000147,NH-02,2026-06-18 10:52:00,Manipur,Imphal West,15.2,60,52.8,LOW,LIGHT_RAIN,GOOD,17.3,2.1
T000148,NH-02,2026-06-18 10:54:00,Manipur,Bishnupur,20.1,55,12.1,HIGH,TORRENTIAL_RAIN,GOOD,99.7,77.8
T000149,NH-02,2026-06-18 10:56:00,Manipur,Senapati,18.5,45,39.6,MODERATE,LIGHT_RAIN,FAIR,28.0,3.3
T000150,NH-54,2026-06-18 10:58:00,Mizoram,Aizawl,6.2,40,26.8,MODERATE,CLEAR,POOR,13.9,4.6
T000151,NH-54,2026-06-18 11:00:00,Mizoram,Kolasib,7.1,45,9.9,HIGH,TORRENTIAL_RAIN,FAIR,43.0,33.5
T000152,NH-54,2026-06-18 11:02:00,Mizoram,Lunglei,14.8,40,4.0,STANDSTILL,TORRENTIAL_RAIN,POOR,222.0,199.8
T000153,NH-08,2026-06-18 11:04:00,Tripura,West Tripura,17.1,65,57.2,LOW,LIGHT_RAIN,GOOD,17.9,2.1
T000154,NH-08,2026-06-18 11:06:00,Tripura,Sipahijala,9.7,65,33.8,MODERATE,HEAVY_RAIN,GOOD,17.2,8.2
T000155,NH-08,2026-06-18 11:08:00,Tripura,Dhalai,16.1,55,12.1,HIGH,TORRENTIAL_RAIN,GOOD,79.8,62.2
T000156,NH-13,2026-06-18 11:10:00,Arunachal Pradesh,Tawang,17.6,35,23.5,MODERATE,CLEAR,POOR,44.9,14.7
T000157,NH-13,2026-06-18 11:12:00,Arunachal Pradesh,West Kameng,14.1,40,26.8,MODERATE,CLEAR,POOR,31.6,10.5
T000158,NH-415,2026-06-18 11:14:00,Arunachal Pradesh,Papum Pare,5.9,50,50.0,LOW,CLEAR,FAIR,7.1,0.0
T000159,NH-515,2026-06-18 11:16:00,Arunachal Pradesh,East Siang,13.1,60,45.0,LOW,MODERATE_RAIN,GOOD,17.5,4.4
T000160,NH-13,2026-06-18 11:18:00,Arunachal Pradesh,Lower Subansiri,9.1,40,7.6,STANDSTILL,HEAVY_RAIN,POOR,71.8,58.1
T000161,NH-27,2026-06-18 11:20:00,Assam,Kamrup Metropolitan,19.7,80,60.0,LOW,MODERATE_RAIN,GOOD,19.7,4.9
T000162,NH-27,2026-06-18 11:22:00,Assam,Kamrup Rural,7.8,80,41.6,MODERATE,HEAVY_RAIN,GOOD,11.2,5.3
T000163,NH-15,2026-06-18 11:24:00,Assam,Darrang,11.8,65,65.0,LOW,CLEAR,GOOD,10.9,0.0
T000164,NH-15,2026-06-18 11:26:00,Assam,Sonitpur,17.4,70,36.4,MODERATE,HEAVY_RAIN,GOOD,28.7,13.8
T000165,NH-37,2026-06-18 11:28:00,Assam,Dibrugarh,7.8,70,52.5,LOW,MODERATE_RAIN,GOOD,8.9,2.2
T000166,NH-37,2026-06-18 11:30:00,Assam,Cachar,9.7,60,52.8,LOW,LIGHT_RAIN,GOOD,11.0,1.3
T000167,NH-27,2026-06-18 11:32:00,Assam,Nagaon,18.8,75,66.0,LOW,LIGHT_RAIN,GOOD,17.1,2.1
T000168,NH-206,2026-06-18 11:34:00,Meghalaya,East Khasi Hills,21.8,40,7.6,STANDSTILL,HEAVY_RAIN,POOR,172.1,139.4
T000169,NH-127B,2026-06-18 11:36:00,Meghalaya,West Khasi Hills,14.2,45,9.9,HIGH,TORRENTIAL_RAIN,FAIR,86.1,67.2
T000170,NH-06,2026-06-18 11:38:00,Meghalaya,Ri-Bhoi,10.8,65,33.8,MODERATE,HEAVY_RAIN,GOOD,19.2,9.2
T000171,NH-06,2026-06-18 11:40:00,Meghalaya,West Jaintia Hills,9.3,45,9.9,HIGH,TORRENTIAL_RAIN,FAIR,56.4,44.0
T000172,NH-10,2026-06-18 11:42:00,Sikkim,East Sikkim,7.2,35,6.6,STANDSTILL,HEAVY_RAIN,POOR,65.5,53.2
T000173,NH-310,2026-06-18 11:44:00,Sikkim,North Sikkim,21.9,30,16.5,HIGH,LIGHT_RAIN,POOR,79.6,35.8
T000174,NH-510,2026-06-18 11:46:00,Sikkim,South Sikkim,13.3,40,7.6,STANDSTILL,HEAVY_RAIN,POOR,105.0,85.0
T000175,NH-29,2026-06-18 11:48:00,Nagaland,Kohima,17.5,40,22.0,MODERATE,LIGHT_RAIN,POOR,47.7,21.5
T000176,NH-29,2026-06-18 11:50:00,Nagaland,Dimapur,5.3,65,57.2,LOW,LIGHT_RAIN,GOOD,5.6,0.7
T000177,NH-02,2026-06-18 11:52:00,Nagaland,Mokokchung,8.4,40,7.6,STANDSTILL,HEAVY_RAIN,POOR,66.3,53.7
T000178,NH-02,2026-06-18 11:54:00,Manipur,Imphal West,5.8,60,60.0,LOW,CLEAR,GOOD,5.8,0.0
T000179,NH-02,2026-06-18 11:56:00,Manipur,Bishnupur,12.2,55,55.0,LOW,CLEAR,GOOD,13.3,0.0
T000180,NH-02,2026-06-18 11:58:00,Manipur,Senapati,13.7,45,23.4,MODERATE,HEAVY_RAIN,FAIR,35.1,16.8
T000181,NH-54,2026-06-18 12:00:00,Mizoram,Aizawl,19.9,40,16.8,HIGH,MODERATE_RAIN,POOR,71.1,41.2
T000182,NH-54,2026-06-18 12:02:00,Mizoram,Kolasib,21.6,45,23.4,MODERATE,HEAVY_RAIN,FAIR,55.4,26.6
T000183,NH-54,2026-06-18 12:04:00,Mizoram,Lunglei,8.7,40,4.0,STANDSTILL,TORRENTIAL_RAIN,POOR,130.5,117.5
T000184,NH-08,2026-06-18 12:06:00,Tripura,West Tripura,15.3,65,57.2,LOW,LIGHT_RAIN,GOOD,16.0,1.9
T000185,NH-08,2026-06-18 12:08:00,Tripura,Sipahijala,15.9,65,48.8,LOW,MODERATE_RAIN,GOOD,19.5,4.8
T000186,NH-08,2026-06-18 12:10:00,Tripura,Dhalai,19.3,55,55.0,LOW,CLEAR,GOOD,21.1,0.0
T000187,NH-13,2026-06-18 12:12:00,Arunachal Pradesh,Tawang,16.4,35,6.6,STANDSTILL,HEAVY_RAIN,POOR,149.1,121.0
T000188,NH-13,2026-06-18 12:14:00,Arunachal Pradesh,West Kameng,6.5,40,4.0,STANDSTILL,TORRENTIAL_RAIN,POOR,97.5,87.8
T000189,NH-415,2026-06-18 12:16:00,Arunachal Pradesh,Papum Pare,14.4,50,26.0,MODERATE,HEAVY_RAIN,FAIR,33.2,15.9
T000190,NH-515,2026-06-18 12:18:00,Arunachal Pradesh,East Siang,9.3,60,45.0,LOW,MODERATE_RAIN,GOOD,12.4,3.1
T000191,NH-13,2026-06-18 12:20:00,Arunachal Pradesh,Lower Subansiri,9.4,40,35.2,MODERATE,LIGHT_RAIN,FAIR,16.0,1.9
T000192,NH-27,2026-06-18 12:22:00,Assam,Kamrup Metropolitan,8.7,80,17.6,HIGH,TORRENTIAL_RAIN,GOOD,29.7,23.2
T000193,NH-27,2026-06-18 12:24:00,Assam,Kamrup Rural,21.4,80,80.0,LOW,CLEAR,GOOD,16.0,0.0
T000194,NH-15,2026-06-18 12:26:00,Assam,Darrang,9.8,65,33.8,MODERATE,HEAVY_RAIN,GOOD,17.4,8.4
T000195,NH-15,2026-06-18 12:28:00,Assam,Sonitpur,21.5,70,70.0,LOW,CLEAR,GOOD,18.4,0.0
T000196,NH-37,2026-06-18 12:30:00,Assam,Dibrugarh,18.9,70,70.0,LOW,CLEAR,GOOD,16.2,0.0
T000197,NH-37,2026-06-18 12:32:00,Assam,Cachar,17.0,60,13.2,HIGH,TORRENTIAL_RAIN,GOOD,77.3,60.3
T000198,NH-27,2026-06-18 12:34:00,Assam,Nagaon,17.4,75,39.0,MODERATE,HEAVY_RAIN,GOOD,26.8,12.9
T000199,NH-206,2026-06-18 12:36:00,Meghalaya,East Khasi Hills,11.0,40,7.6,STANDSTILL,HEAVY_RAIN,POOR,86.8,70.3
T000200,NH-127B,2026-06-18 12:38:00,Meghalaya,West Khasi Hills,17.6,45,39.6,MODERATE,LIGHT_RAIN,FAIR,26.7,3.2
T000201,NH-06,2026-06-18 12:40:00,Meghalaya,Ri-Bhoi,8.0,65,33.8,MODERATE,HEAVY_RAIN,FAIR,14.2,6.8
T000202,NH-06,2026-06-18 12:42:00,Meghalaya,West Jaintia Hills,5.3,45,33.8,MODERATE,MODERATE_RAIN,FAIR,9.4,2.3
T000203,NH-10,2026-06-18 12:44:00,Sikkim,East Sikkim,17.7,35,6.6,STANDSTILL,HEAVY_RAIN,POOR,160.9,130.6
T000204,NH-310,2026-06-18 12:46:00,Sikkim,North Sikkim,15.0,30,4.0,STANDSTILL,TORRENTIAL_RAIN,POOR,225.0,195.0
T000205,NH-510,2026-06-18 12:48:00,Sikkim,South Sikkim,21.5,40,7.6,STANDSTILL,HEAVY_RAIN,POOR,169.7,137.4
T000206,NH-29,2026-06-18 12:50:00,Nagaland,Kohima,8.6,40,16.8,HIGH,MODERATE_RAIN,POOR,30.7,17.8
T000207,NH-29,2026-06-18 12:52:00,Nagaland,Dimapur,13.8,65,33.8,MODERATE,HEAVY_RAIN,GOOD,24.5,11.8
T000208,NH-02,2026-06-18 12:54:00,Nagaland,Mokokchung,10.7,40,7.6,STANDSTILL,HEAVY_RAIN,POOR,84.5,68.5
T000209,NH-02,2026-06-18 12:56:00,Manipur,Imphal West,18.6,60,52.8,LOW,LIGHT_RAIN,GOOD,21.1,2.5
T000210,NH-02,2026-06-18 12:58:00,Manipur,Bishnupur,7.2,55,55.0,LOW,CLEAR,GOOD,7.9,0.0
T000211,NH-02,2026-06-18 13:00:00,Manipur,Senapati,8.3,45,9.9,HIGH,TORRENTIAL_RAIN,FAIR,50.3,39.2
T000212,NH-54,2026-06-18 13:02:00,Mizoram,Aizawl,10.6,40,4.0,STANDSTILL,TORRENTIAL_RAIN,POOR,159.0,143.1
T000213,NH-54,2026-06-18 13:04:00,Mizoram,Kolasib,8.8,45,9.9,HIGH,TORRENTIAL_RAIN,FAIR,53.3,41.6
T000214,NH-54,2026-06-18 13:06:00,Mizoram,Lunglei,13.5,40,16.8,HIGH,MODERATE_RAIN,POOR,48.2,28.0
T000215,NH-08,2026-06-18 13:08:00,Tripura,West Tripura,21.0,65,33.8,MODERATE,HEAVY_RAIN,GOOD,37.3,17.9
T000216,NH-08,2026-06-18 13:10:00,Tripura,Sipahijala,12.3,65,65.0,LOW,CLEAR,GOOD,11.4,0.0
T000217,NH-08,2026-06-18 13:12:00,Tripura,Dhalai,7.7,55,55.0,LOW,CLEAR,GOOD,8.4,0.0
T000218,NH-13,2026-06-18 13:14:00,Arunachal Pradesh,Tawang,8.4,35,6.6,STANDSTILL,HEAVY_RAIN,POOR,76.4,62.0
T000219,NH-13,2026-06-18 13:16:00,Arunachal Pradesh,West Kameng,20.4,40,22.0,MODERATE,LIGHT_RAIN,POOR,55.6,25.0
T000220,NH-415,2026-06-18 13:18:00,Arunachal Pradesh,Papum Pare,18.6,50,44.0,MODERATE,LIGHT_RAIN,FAIR,25.4,3.1
T000221,NH-515,2026-06-18 13:20:00,Arunachal Pradesh,East Siang,9.2,60,52.8,LOW,LIGHT_RAIN,GOOD,10.5,1.3
T000222,NH-13,2026-06-18 13:22:00,Arunachal Pradesh,Lower Subansiri,7.8,40,4.0,STANDSTILL,TORRENTIAL_RAIN,POOR,117.0,105.3
T000223,NH-27,2026-06-18 13:24:00,Assam,Kamrup Metropolitan,6.0,80,80.0,LOW,CLEAR,GOOD,4.5,0.0
T000224,NH-27,2026-06-18 13:26:00,Assam,Kamrup Rural,5.2,80,17.6,HIGH,TORRENTIAL_RAIN,GOOD,17.7,13.8
T000225,NH-15,2026-06-18 13:28:00,Assam,Darrang,13.6,65,33.8,MODERATE,HEAVY_RAIN,GOOD,24.1,11.5
T000226,NH-15,2026-06-18 13:30:00,Assam,Sonitpur,20.6,70,70.0,LOW,CLEAR,GOOD,17.7,0.0
T000227,NH-37,2026-06-18 13:32:00,Assam,Dibrugarh,8.4,70,52.5,LOW,MODERATE_RAIN,GOOD,9.6,2.4
T000228,NH-37,2026-06-18 13:34:00,Assam,Cachar,10.3,60,60.0,LOW,CLEAR,GOOD,10.3,0.0
T000229,NH-27,2026-06-18 13:36:00,Assam,Nagaon,20.2,75,39.0,MODERATE,HEAVY_RAIN,GOOD,31.1,14.9
T000230,NH-206,2026-06-18 13:38:00,Meghalaya,East Khasi Hills,20.4,40,22.0,MODERATE,LIGHT_RAIN,POOR,55.6,25.0
T000231,NH-127B,2026-06-18 13:40:00,Meghalaya,West Khasi Hills,17.9,45,39.6,MODERATE,LIGHT_RAIN,FAIR,27.1,3.2
T000232,NH-06,2026-06-18 13:42:00,Meghalaya,Ri-Bhoi,19.1,65,48.8,LOW,MODERATE_RAIN,FAIR,23.5,5.9
T000233,NH-06,2026-06-18 13:44:00,Meghalaya,West Jaintia Hills,8.2,45,33.8,MODERATE,MODERATE_RAIN,FAIR,14.6,3.7
T000234,NH-10,2026-06-18 13:46:00,Sikkim,East Sikkim,21.0,35,14.7,HIGH,MODERATE_RAIN,POOR,85.7,49.7
T000235,NH-310,2026-06-18 13:48:00,Sikkim,North Sikkim,15.1,30,4.0,STANDSTILL,TORRENTIAL_RAIN,POOR,226.5,196.3
T000236,NH-510,2026-06-18 13:50:00,Sikkim,South Sikkim,17.4,40,7.6,STANDSTILL,HEAVY_RAIN,POOR,137.4,111.3
T000237,NH-29,2026-06-18 13:52:00,Nagaland,Kohima,16.3,40,22.0,MODERATE,LIGHT_RAIN,POOR,44.5,20.0
T000238,NH-29,2026-06-18 13:54:00,Nagaland,Dimapur,14.2,65,14.3,HIGH,TORRENTIAL_RAIN,GOOD,59.6,46.5
T000239,NH-02,2026-06-18 13:56:00,Nagaland,Mokokchung,5.2,40,40.0,MODERATE,CLEAR,FAIR,7.8,0.0
T000240,NH-02,2026-06-18 13:58:00,Manipur,Imphal West,10.4,60,31.2,MODERATE,HEAVY_RAIN,GOOD,20.0,9.6
T000241,NH-02,2026-06-18 14:00:00,Manipur,Bishnupur,17.8,55,28.6,MODERATE,HEAVY_RAIN,GOOD,37.3,17.9
T000242,NH-02,2026-06-18 14:02:00,Manipur,Senapati,12.0,45,8.5,HIGH,HEAVY_RAIN,POOR,84.7,68.7
T000243,NH-54,2026-06-18 14:04:00,Mizoram,Aizawl,11.5,40,7.6,STANDSTILL,HEAVY_RAIN,POOR,90.8,73.5
T000244,NH-54,2026-06-18 14:06:00,Mizoram,Kolasib,9.6,45,23.4,MODERATE,HEAVY_RAIN,FAIR,24.6,11.8
T000245,NH-54,2026-06-18 14:08:00,Mizoram,Lunglei,5.1,40,4.0,STANDSTILL,TORRENTIAL_RAIN,POOR,76.5,68.8
T000246,NH-08,2026-06-18 14:10:00,Tripura,West Tripura,8.6,65,57.2,LOW,LIGHT_RAIN,GOOD,9.0,1.1
T000247,NH-08,2026-06-18 14:12:00,Tripura,Sipahijala,13.0,65,65.0,LOW,CLEAR,GOOD,12.0,0.0
T000248,NH-08,2026-06-18 14:14:00,Tripura,Dhalai,17.5,55,55.0,LOW,CLEAR,GOOD,19.1,0.0
T000249,NH-13,2026-06-18 14:16:00,Arunachal Pradesh,Tawang,15.7,35,6.6,STANDSTILL,HEAVY_RAIN,POOR,142.7,115.8
T000250,NH-13,2026-06-18 14:18:00,Arunachal Pradesh,West Kameng,15.9,40,22.0,MODERATE,LIGHT_RAIN,POOR,43.4,19.5
T000251,NH-415,2026-06-18 14:20:00,Arunachal Pradesh,Papum Pare,15.4,50,37.5,MODERATE,MODERATE_RAIN,FAIR,24.6,6.1
T000252,NH-515,2026-06-18 14:22:00,Arunachal Pradesh,East Siang,15.2,60,13.2,HIGH,TORRENTIAL_RAIN,GOOD,69.1,53.9
T000253,NH-13,2026-06-18 14:24:00,Arunachal Pradesh,Lower Subansiri,16.9,40,26.8,MODERATE,CLEAR,POOR,37.8,12.4
T000254,NH-27,2026-06-18 14:26:00,Assam,Kamrup Metropolitan,9.0,80,80.0,LOW,CLEAR,GOOD,6.8,0.0
T000255,NH-27,2026-06-18 14:28:00,Assam,Kamrup Rural,8.9,80,70.4,LOW,LIGHT_RAIN,GOOD,7.6,0.9
T000256,NH-15,2026-06-18 14:30:00,Assam,Darrang,13.9,65,33.8,MODERATE,HEAVY_RAIN,GOOD,24.7,11.9
T000257,NH-15,2026-06-18 14:32:00,Assam,Sonitpur,16.2,70,36.4,MODERATE,HEAVY_RAIN,GOOD,26.7,12.8
T000258,NH-37,2026-06-18 14:34:00,Assam,Dibrugarh,9.6,70,15.4,HIGH,TORRENTIAL_RAIN,GOOD,37.4,29.2
T000259,NH-37,2026-06-18 14:36:00,Assam,Cachar,21.3,60,45.0,LOW,MODERATE_RAIN,GOOD,28.4,7.1
T000260,NH-27,2026-06-18 14:38:00,Assam,Nagaon,7.9,75,16.5,HIGH,TORRENTIAL_RAIN,GOOD,28.7,22.4
T000261,NH-206,2026-06-18 14:40:00,Meghalaya,East Khasi Hills,19.0,40,26.8,MODERATE,CLEAR,POOR,42.5,14.0
T000262,NH-127B,2026-06-18 14:42:00,Meghalaya,West Khasi Hills,12.5,45,23.4,MODERATE,HEAVY_RAIN,FAIR,32.1,15.4
T000263,NH-06,2026-06-18 14:44:00,Meghalaya,Ri-Bhoi,19.9,65,33.8,MODERATE,HEAVY_RAIN,FAIR,35.3,16.9
T000264,NH-06,2026-06-18 14:46:00,Meghalaya,West Jaintia Hills,10.6,45,33.8,MODERATE,MODERATE_RAIN,FAIR,18.8,4.7
T000265,NH-10,2026-06-18 14:48:00,Sikkim,East Sikkim,14.1,35,14.7,HIGH,MODERATE_RAIN,POOR,57.6,33.4
T000266,NH-310,2026-06-18 14:50:00,Sikkim,North Sikkim,12.0,30,20.1,HIGH,CLEAR,POOR,35.8,11.8
T000267,NH-510,2026-06-18 14:52:00,Sikkim,South Sikkim,14.3,40,7.6,STANDSTILL,HEAVY_RAIN,POOR,112.9,91.5
T000268,NH-29,2026-06-18 14:54:00,Nagaland,Kohima,10.6,40,16.8,HIGH,MODERATE_RAIN,POOR,37.9,22.0
T000269,NH-29,2026-06-18 14:56:00,Nagaland,Dimapur,18.9,65,33.8,MODERATE,HEAVY_RAIN,GOOD,33.6,16.2
T000270,NH-02,2026-06-18 14:58:00,Nagaland,Mokokchung,9.0,40,4.0,STANDSTILL,TORRENTIAL_RAIN,POOR,135.0,121.5
T000271,NH-02,2026-06-18 15:00:00,Manipur,Imphal West,17.4,60,45.0,LOW,MODERATE_RAIN,GOOD,23.2,5.8
T000272,NH-02,2026-06-18 15:02:00,Manipur,Bishnupur,7.8,55,41.2,MODERATE,MODERATE_RAIN,GOOD,11.4,2.9
T000273,NH-02,2026-06-18 15:04:00,Manipur,Senapati,12.7,45,9.9,HIGH,TORRENTIAL_RAIN,FAIR,77.0,60.1
T000274,NH-54,2026-06-18 15:06:00,Mizoram,Aizawl,20.0,40,26.8,MODERATE,CLEAR,POOR,44.8,14.8
T000275,NH-54,2026-06-18 15:08:00,Mizoram,Kolasib,12.5,45,23.4,MODERATE,HEAVY_RAIN,FAIR,32.1,15.4
T000276,NH-54,2026-06-18 15:10:00,Mizoram,Lunglei,15.9,40,8.8,HIGH,TORRENTIAL_RAIN,FAIR,108.4,84.6
T000277,NH-08,2026-06-18 15:12:00,Tripura,West Tripura,11.2,65,33.8,MODERATE,HEAVY_RAIN,GOOD,19.9,9.6
T000278,NH-08,2026-06-18 15:14:00,Tripura,Sipahijala,11.4,65,33.8,MODERATE,HEAVY_RAIN,GOOD,20.2,9.7
T000279,NH-08,2026-06-18 15:16:00,Tripura,Dhalai,10.9,55,48.4,LOW,LIGHT_RAIN,GOOD,13.5,1.6
T000280,NH-13,2026-06-18 15:18:00,Arunachal Pradesh,Tawang,7.4,35,19.2,HIGH,LIGHT_RAIN,POOR,23.1,10.4
T000281,NH-13,2026-06-18 15:20:00,Arunachal Pradesh,West Kameng,15.8,40,7.6,STANDSTILL,HEAVY_RAIN,POOR,124.7,101.0
T000282,NH-415,2026-06-18 15:22:00,Arunachal Pradesh,Papum Pare,12.4,50,44.0,MODERATE,LIGHT_RAIN,FAIR,16.9,2.0
T000283,NH-515,2026-06-18 15:24:00,Arunachal Pradesh,East Siang,12.2,60,45.0,LOW,MODERATE_RAIN,GOOD,16.3,4.1
T000284,NH-13,2026-06-18 15:26:00,Arunachal Pradesh,Lower Subansiri,6.2,40,4.0,STANDSTILL,TORRENTIAL_RAIN,POOR,93.0,83.7
T000285,NH-27,2026-06-18 15:28:00,Assam,Kamrup Metropolitan,16.6,80,41.6,MODERATE,HEAVY_RAIN,GOOD,23.9,11.4
T000286,NH-27,2026-06-18 15:30:00,Assam,Kamrup Rural,12.3,80,80.0,LOW,CLEAR,GOOD,9.2,0.0
T000287,NH-15,2026-06-18 15:32:00,Assam,Darrang,21.8,65,57.2,LOW,LIGHT_RAIN,GOOD,22.9,2.8
T000288,NH-15,2026-06-18 15:34:00,Assam,Sonitpur,21.0,70,36.4,MODERATE,HEAVY_RAIN,GOOD,34.6,16.6
T000289,NH-37,2026-06-18 15:36:00,Assam,Dibrugarh,20.2,70,52.5,LOW,MODERATE_RAIN,GOOD,23.1,5.8
T000290,NH-37,2026-06-18 15:38:00,Assam,Cachar,5.0,60,31.2,MODERATE,HEAVY_RAIN,GOOD,9.6,4.6
T000291,NH-27,2026-06-18 15:40:00,Assam,Nagaon,5.0,75,16.5,HIGH,TORRENTIAL_RAIN,GOOD,18.2,14.2
T000292,NH-206,2026-06-18 15:42:00,Meghalaya,East Khasi Hills,17.9,40,20.8,HIGH,HEAVY_RAIN,FAIR,51.6,24.8
T000293,NH-127B,2026-06-18 15:44:00,Meghalaya,West Khasi Hills,13.6,45,23.4,MODERATE,HEAVY_RAIN,FAIR,34.9,16.8
T000294,NH-06,2026-06-18 15:46:00,Meghalaya,Ri-Bhoi,11.9,65,57.2,LOW,LIGHT_RAIN,GOOD,12.5,1.5
T000295,NH-06,2026-06-18 15:48:00,Meghalaya,West Jaintia Hills,10.1,45,9.9,HIGH,TORRENTIAL_RAIN,FAIR,61.2,47.7
T000296,NH-10,2026-06-18 15:50:00,Sikkim,East Sikkim,18.7,35,19.2,HIGH,LIGHT_RAIN,POOR,58.4,26.3
T000297,NH-310,2026-06-18 15:52:00,Sikkim,North Sikkim,7.4,30,4.0,STANDSTILL,TORRENTIAL_RAIN,POOR,111.0,96.2
T000298,NH-510,2026-06-18 15:54:00,Sikkim,South Sikkim,9.1,40,7.6,STANDSTILL,HEAVY_RAIN,POOR,71.8,58.1
T000299,NH-29,2026-06-18 15:56:00,Nagaland,Kohima,7.8,40,22.0,MODERATE,LIGHT_RAIN,POOR,21.3,9.6
T000300,NH-29,2026-06-18 15:58:00,Nagaland,Dimapur,13.0,65,65.0,LOW,CLEAR,GOOD,12.0,0.0
T000301,NH-02,2026-06-18 16:00:00,Nagaland,Mokokchung,14.7,40,8.8,HIGH,TORRENTIAL_RAIN,FAIR,100.2,78.2
T000302,NH-02,2026-06-18 16:02:00,Manipur,Imphal West,16.6,60,60.0,LOW,CLEAR,GOOD,16.6,0.0
T000303,NH-02,2026-06-18 16:04:00,Manipur,Bishnupur,21.5,55,28.6,MODERATE,HEAVY_RAIN,GOOD,45.1,21.6
T000304,NH-02,2026-06-18 16:06:00,Manipur,Senapati,5.0,45,33.8,MODERATE,MODERATE_RAIN,FAIR,8.9,2.2
T000305,NH-54,2026-06-18 16:08:00,Mizoram,Aizawl,10.1,40,26.8,MODERATE,CLEAR,POOR,22.6,7.5
T000306,NH-54,2026-06-18 16:10:00,Mizoram,Kolasib,15.3,45,9.9,HIGH,TORRENTIAL_RAIN,FAIR,92.7,72.3
T000307,NH-54,2026-06-18 16:12:00,Mizoram,Lunglei,8.0,40,22.0,MODERATE,LIGHT_RAIN,POOR,21.8,9.8
T000308,NH-08,2026-06-18 16:14:00,Tripura,West Tripura,16.1,65,65.0,LOW,CLEAR,GOOD,14.9,0.0
T000309,NH-08,2026-06-18 16:16:00,Tripura,Sipahijala,6.1,65,65.0,LOW,CLEAR,GOOD,5.6,0.0
T000310,NH-08,2026-06-18 16:18:00,Tripura,Dhalai,8.5,55,12.1,HIGH,TORRENTIAL_RAIN,GOOD,42.1,32.8
T000311,NH-13,2026-06-18 16:20:00,Arunachal Pradesh,Tawang,20.6,35,6.6,STANDSTILL,HEAVY_RAIN,POOR,187.3,152.0
T000312,NH-13,2026-06-18 16:22:00,Arunachal Pradesh,West Kameng,11.3,40,16.8,HIGH,MODERATE_RAIN,POOR,40.4,23.4
T000313,NH-415,2026-06-18 16:24:00,Arunachal Pradesh,Papum Pare,6.4,50,11.0,HIGH,TORRENTIAL_RAIN,FAIR,34.9,27.2
T000314,NH-515,2026-06-18 16:26:00,Arunachal Pradesh,East Siang,20.8,60,31.2,MODERATE,HEAVY_RAIN,GOOD,40.0,19.2
T000315,NH-13,2026-06-18 16:28:00,Arunachal Pradesh,Lower Subansiri,14.4,40,22.0,MODERATE,LIGHT_RAIN,POOR,39.3,17.7
T000316,NH-27,2026-06-18 16:30:00,Assam,Kamrup Metropolitan,19.8,80,17.6,HIGH,TORRENTIAL_RAIN,GOOD,67.5,52.6
T000317,NH-27,2026-06-18 16:32:00,Assam,Kamrup Rural,17.7,80,17.6,HIGH,TORRENTIAL_RAIN,GOOD,60.3,47.0
T000318,NH-15,2026-06-18 16:34:00,Assam,Darrang,20.4,65,33.8,MODERATE,HEAVY_RAIN,GOOD,36.2,17.4
T000319,NH-15,2026-06-18 16:36:00,Assam,Sonitpur,6.7,70,36.4,MODERATE,HEAVY_RAIN,GOOD,11.0,5.3
T000320,NH-37,2026-06-18 16:38:00,Assam,Dibrugarh,9.0,70,36.4,MODERATE,HEAVY_RAIN,GOOD,14.8,7.1
T000321,NH-37,2026-06-18 16:40:00,Assam,Cachar,5.5,60,60.0,LOW,CLEAR,GOOD,5.5,0.0
T000322,NH-27,2026-06-18 16:42:00,Assam,Nagaon,8.3,75,56.2,LOW,MODERATE_RAIN,GOOD,8.9,2.3
T000323,NH-206,2026-06-18 16:44:00,Meghalaya,East Khasi Hills,18.6,40,35.2,MODERATE,LIGHT_RAIN,FAIR,31.7,3.8
T000324,NH-127B,2026-06-18 16:46:00,Meghalaya,West Khasi Hills,15.6,45,23.4,MODERATE,HEAVY_RAIN,FAIR,40.0,19.2
T000325,NH-06,2026-06-18 16:48:00,Meghalaya,Ri-Bhoi,20.7,65,14.3,HIGH,TORRENTIAL_RAIN,FAIR,86.9,67.8
T000326,NH-06,2026-06-18 16:50:00,Meghalaya,West Jaintia Hills,11.8,45,45.0,LOW,CLEAR,FAIR,15.7,0.0
T000327,NH-10,2026-06-18 16:52:00,Sikkim,East Sikkim,6.4,35,6.6,STANDSTILL,HEAVY_RAIN,POOR,58.2,47.2
T000328,NH-310,2026-06-18 16:54:00,Sikkim,North Sikkim,7.6,30,16.5,HIGH,LIGHT_RAIN,POOR,27.6,12.4
T000329,NH-510,2026-06-18 16:56:00,Sikkim,South Sikkim,8.6,40,22.0,MODERATE,LIGHT_RAIN,POOR,23.5,10.6
T000330,NH-29,2026-06-18 16:58:00,Nagaland,Kohima,7.9,40,7.6,STANDSTILL,HEAVY_RAIN,POOR,62.4,50.5
T000331,NH-29,2026-06-18 17:00:00,Nagaland,Dimapur,16.0,65,14.3,HIGH,TORRENTIAL_RAIN,GOOD,67.1,52.3
T000332,NH-02,2026-06-18 17:02:00,Nagaland,Mokokchung,17.9,40,26.8,MODERATE,CLEAR,POOR,40.1,13.3
T000333,NH-02,2026-06-18 17:04:00,Manipur,Imphal West,21.3,60,52.8,LOW,LIGHT_RAIN,GOOD,24.2,2.9
T000334,NH-02,2026-06-18 17:06:00,Manipur,Bishnupur,6.6,55,12.1,HIGH,TORRENTIAL_RAIN,GOOD,32.7,25.5
T000335,NH-02,2026-06-18 17:08:00,Manipur,Senapati,9.2,45,23.4,MODERATE,HEAVY_RAIN,FAIR,23.6,11.3
T000336,NH-54,2026-06-18 17:10:00,Mizoram,Aizawl,11.0,40,4.0,STANDSTILL,TORRENTIAL_RAIN,POOR,165.0,148.5
T000337,NH-54,2026-06-18 17:12:00,Mizoram,Kolasib,15.3,45,33.8,MODERATE,MODERATE_RAIN,FAIR,27.2,6.8
T000338,NH-54,2026-06-18 17:14:00,Mizoram,Lunglei,20.6,40,22.0,MODERATE,LIGHT_RAIN,POOR,56.2,25.3
T000339,NH-08,2026-06-18 17:16:00,Tripura,West Tripura,19.6,65,14.3,HIGH,TORRENTIAL_RAIN,GOOD,82.2,64.1
T000340,NH-08,2026-06-18 17:18:00,Tripura,Sipahijala,21.2,65,14.3,HIGH,TORRENTIAL_RAIN,GOOD,89.0,69.4
T000341,NH-08,2026-06-18 17:20:00,Tripura,Dhalai,21.7,55,28.6,MODERATE,HEAVY_RAIN,GOOD,45.5,21.8
T000342,NH-13,2026-06-18 17:22:00,Arunachal Pradesh,Tawang,19.7,35,14.7,HIGH,MODERATE_RAIN,POOR,80.4,46.6
T000343,NH-13,2026-06-18 17:24:00,Arunachal Pradesh,West Kameng,11.0,40,7.6,STANDSTILL,HEAVY_RAIN,POOR,86.8,70.3
T000344,NH-415,2026-06-18 17:26:00,Arunachal Pradesh,Papum Pare,11.8,50,50.0,LOW,CLEAR,FAIR,14.2,0.0
T000345,NH-515,2026-06-18 17:28:00,Arunachal Pradesh,East Siang,9.4,60,13.2,HIGH,TORRENTIAL_RAIN,GOOD,42.7,33.3
T000346,NH-13,2026-06-18 17:30:00,Arunachal Pradesh,Lower Subansiri,19.5,40,26.8,MODERATE,CLEAR,POOR,43.7,14.5
T000347,NH-27,2026-06-18 17:32:00,Assam,Kamrup Metropolitan,6.5,80,70.4,LOW,LIGHT_RAIN,GOOD,5.5,0.6
T000348,NH-27,2026-06-18 17:34:00,Assam,Kamrup Rural,13.3,80,70.4,LOW,LIGHT_RAIN,GOOD,11.3,1.3
T000349,NH-15,2026-06-18 17:36:00,Assam,Darrang,11.1,65,14.3,HIGH,TORRENTIAL_RAIN,GOOD,46.6,36.4
T000350,NH-15,2026-06-18 17:38:00,Assam,Sonitpur,13.5,70,70.0,LOW,CLEAR,GOOD,11.6,0.0
T000351,NH-37,2026-06-18 17:40:00,Assam,Dibrugarh,12.0,70,36.4,MODERATE,HEAVY_RAIN,GOOD,19.8,9.5
T000352,NH-37,2026-06-18 17:42:00,Assam,Cachar,6.6,60,52.8,LOW,LIGHT_RAIN,GOOD,7.5,0.9
T000353,NH-27,2026-06-18 17:44:00,Assam,Nagaon,7.9,75,39.0,MODERATE,HEAVY_RAIN,GOOD,12.2,5.9
T000354,NH-206,2026-06-18 17:46:00,Meghalaya,East Khasi Hills,11.2,40,26.8,MODERATE,CLEAR,POOR,25.1,8.3
T000355,NH-127B,2026-06-18 17:48:00,Meghalaya,West Khasi Hills,5.9,45,33.8,MODERATE,MODERATE_RAIN,FAIR,10.5,2.6
T000356,NH-06,2026-06-18 17:50:00,Meghalaya,Ri-Bhoi,18.9,65,33.8,MODERATE,HEAVY_RAIN,FAIR,33.6,16.2
T000357,NH-06,2026-06-18 17:52:00,Meghalaya,West Jaintia Hills,10.3,45,9.9,HIGH,TORRENTIAL_RAIN,FAIR,62.4,48.7
T000358,NH-10,2026-06-18 17:54:00,Sikkim,East Sikkim,10.7,35,14.7,HIGH,MODERATE_RAIN,POOR,43.7,25.4
T000359,NH-310,2026-06-18 17:56:00,Sikkim,North Sikkim,7.5,30,5.7,STANDSTILL,HEAVY_RAIN,POOR,78.9,63.9
T000360,NH-510,2026-06-18 17:58:00,Sikkim,South Sikkim,11.4,40,26.8,MODERATE,CLEAR,POOR,25.5,8.4
T000361,NH-29,2026-06-18 18:00:00,Nagaland,Kohima,8.1,40,4.0,STANDSTILL,TORRENTIAL_RAIN,POOR,121.5,109.3
T000362,NH-29,2026-06-18 18:02:00,Nagaland,Dimapur,9.6,65,57.2,LOW,LIGHT_RAIN,GOOD,10.1,1.2
T000363,NH-02,2026-06-18 18:04:00,Nagaland,Mokokchung,10.2,40,16.8,HIGH,MODERATE_RAIN,POOR,36.4,21.1
T000364,NH-02,2026-06-18 18:06:00,Manipur,Imphal West,19.6,60,52.8,LOW,LIGHT_RAIN,GOOD,22.3,2.7
T000365,NH-02,2026-06-18 18:08:00,Manipur,Bishnupur,5.5,55,12.1,HIGH,TORRENTIAL_RAIN,GOOD,27.3,21.3
T000366,NH-02,2026-06-18 18:10:00,Manipur,Senapati,14.3,45,8.5,HIGH,HEAVY_RAIN,POOR,100.9,81.8
T000367,NH-54,2026-06-18 18:12:00,Mizoram,Aizawl,20.1,40,4.0,STANDSTILL,TORRENTIAL_RAIN,POOR,301.5,271.4
T000368,NH-54,2026-06-18 18:14:00,Mizoram,Kolasib,13.3,45,33.8,MODERATE,MODERATE_RAIN,FAIR,23.6,5.9
T000369,NH-54,2026-06-18 18:16:00,Mizoram,Lunglei,16.9,40,4.0,STANDSTILL,TORRENTIAL_RAIN,POOR,253.5,228.2
T000370,NH-08,2026-06-18 18:18:00,Tripura,West Tripura,8.3,65,14.3,HIGH,TORRENTIAL_RAIN,GOOD,34.8,27.1
T000371,NH-08,2026-06-18 18:20:00,Tripura,Sipahijala,8.3,65,57.2,LOW,LIGHT_RAIN,GOOD,8.7,1.0
T000372,NH-08,2026-06-18 18:22:00,Tripura,Dhalai,16.7,55,48.4,LOW,LIGHT_RAIN,GOOD,20.7,2.5
T000373,NH-13,2026-06-18 18:24:00,Arunachal Pradesh,Tawang,16.2,35,4.0,STANDSTILL,TORRENTIAL_RAIN,POOR,243.0,215.2
T000374,NH-13,2026-06-18 18:26:00,Arunachal Pradesh,West Kameng,21.6,40,26.8,MODERATE,CLEAR,POOR,48.4,16.0
T000375,NH-415,2026-06-18 18:28:00,Arunachal Pradesh,Papum Pare,7.3,50,44.0,MODERATE,LIGHT_RAIN,FAIR,10.0,1.2
T000376,NH-515,2026-06-18 18:30:00,Arunachal Pradesh,East Siang,15.7,60,52.8,LOW,LIGHT_RAIN,GOOD,17.8,2.1
T000377,NH-13,2026-06-18 18:32:00,Arunachal Pradesh,Lower Subansiri,14.9,40,22.0,MODERATE,LIGHT_RAIN,POOR,40.6,18.2
T000378,NH-27,2026-06-18 18:34:00,Assam,Kamrup Metropolitan,14.3,80,70.4,LOW,LIGHT_RAIN,GOOD,12.2,1.5
T000379,NH-27,2026-06-18 18:36:00,Assam,Kamrup Rural,13.6,80,41.6,MODERATE,HEAVY_RAIN,GOOD,19.6,9.4
T000380,NH-15,2026-06-18 18:38:00,Assam,Darrang,12.6,65,14.3,HIGH,TORRENTIAL_RAIN,GOOD,52.9,41.3
T000381,NH-15,2026-06-18 18:40:00,Assam,Sonitpur,17.4,70,36.4,MODERATE,HEAVY_RAIN,GOOD,28.7,13.8
T000382,NH-37,2026-06-18 18:42:00,Assam,Dibrugarh,8.4,70,61.6,LOW,LIGHT_RAIN,GOOD,8.2,1.0
T000383,NH-37,2026-06-18 18:44:00,Assam,Cachar,10.4,60,60.0,LOW,CLEAR,GOOD,10.4,0.0
T000384,NH-27,2026-06-18 18:46:00,Assam,Nagaon,8.9,75,39.0,MODERATE,HEAVY_RAIN,GOOD,13.7,6.6
T000385,NH-206,2026-06-18 18:48:00,Meghalaya,East Khasi Hills,9.4,40,22.0,MODERATE,LIGHT_RAIN,POOR,25.6,11.5
T000386,NH-127B,2026-06-18 18:50:00,Meghalaya,West Khasi Hills,20.9,45,33.8,MODERATE,MODERATE_RAIN,FAIR,37.1,9.2
T000387,NH-06,2026-06-18 18:52:00,Meghalaya,Ri-Bhoi,20.0,65,65.0,LOW,CLEAR,FAIR,18.5,0.0
T000388,NH-06,2026-06-18 18:54:00,Meghalaya,West Jaintia Hills,21.8,45,39.6,MODERATE,LIGHT_RAIN,FAIR,33.0,3.9
T000389,NH-10,2026-06-18 18:56:00,Sikkim,East Sikkim,19.9,35,6.6,STANDSTILL,HEAVY_RAIN,POOR,180.9,146.8
T000390,NH-310,2026-06-18 18:58:00,Sikkim,North Sikkim,14.0,30,4.0,STANDSTILL,TORRENTIAL_RAIN,POOR,210.0,182.0
T000391,NH-510,2026-06-18 19:00:00,Sikkim,South Sikkim,21.3,40,22.0,MODERATE,LIGHT_RAIN,POOR,58.1,26.2
T000392,NH-29,2026-06-18 19:02:00,Nagaland,Kohima,5.0,40,16.8,HIGH,MODERATE_RAIN,POOR,17.9,10.4
T000393,NH-29,2026-06-18 19:04:00,Nagaland,Dimapur,19.9,65,33.8,MODERATE,HEAVY_RAIN,GOOD,35.3,16.9
T000394,NH-02,2026-06-18 19:06:00,Nagaland,Mokokchung,9.9,40,8.8,HIGH,TORRENTIAL_RAIN,FAIR,67.5,52.6
T000395,NH-02,2026-06-18 19:08:00,Manipur,Imphal West,13.6,60,13.2,HIGH,TORRENTIAL_RAIN,GOOD,61.8,48.2
T000396,NH-02,2026-06-18 19:10:00,Manipur,Bishnupur,13.9,55,28.6,MODERATE,HEAVY_RAIN,GOOD,29.2,14.0
T000397,NH-02,2026-06-18 19:12:00,Manipur,Senapati,11.9,45,45.0,LOW,CLEAR,FAIR,15.9,0.0
T000398,NH-54,2026-06-18 19:14:00,Mizoram,Aizawl,19.5,40,4.0,STANDSTILL,TORRENTIAL_RAIN,POOR,292.5,263.2
T000399,NH-54,2026-06-18 19:16:00,Mizoram,Kolasib,8.5,45,23.4,MODERATE,HEAVY_RAIN,FAIR,21.8,10.5
T000400,NH-54,2026-06-18 19:18:00,Mizoram,Lunglei,10.0,40,22.0,MODERATE,LIGHT_RAIN,POOR,27.3,12.3
T000401,NH-08,2026-06-18 19:20:00,Tripura,West Tripura,9.1,65,65.0,LOW,CLEAR,GOOD,8.4,0.0
T000402,NH-08,2026-06-18 19:22:00,Tripura,Sipahijala,9.2,65,14.3,HIGH,TORRENTIAL_RAIN,GOOD,38.6,30.1
T000403,NH-08,2026-06-18 19:24:00,Tripura,Dhalai,9.6,55,28.6,MODERATE,HEAVY_RAIN,GOOD,20.1,9.6
T000404,NH-13,2026-06-18 19:26:00,Arunachal Pradesh,Tawang,18.1,35,23.5,MODERATE,CLEAR,POOR,46.2,15.2
T000405,NH-13,2026-06-18 19:28:00,Arunachal Pradesh,West Kameng,21.7,40,7.6,STANDSTILL,HEAVY_RAIN,POOR,171.3,138.8
T000406,NH-415,2026-06-18 19:30:00,Arunachal Pradesh,Papum Pare,11.4,50,50.0,LOW,CLEAR,FAIR,13.7,0.0
T000407,NH-515,2026-06-18 19:32:00,Arunachal Pradesh,East Siang,15.9,60,31.2,MODERATE,HEAVY_RAIN,GOOD,30.6,14.7
T000408,NH-13,2026-06-18 19:34:00,Arunachal Pradesh,Lower Subansiri,5.6,40,4.0,STANDSTILL,TORRENTIAL_RAIN,POOR,84.0,75.6
T000409,NH-27,2026-06-18 19:36:00,Assam,Kamrup Metropolitan,5.8,80,17.6,HIGH,TORRENTIAL_RAIN,GOOD,19.8,15.5
T000410,NH-27,2026-06-18 19:38:00,Assam,Kamrup Rural,8.5,80,70.4,LOW,LIGHT_RAIN,GOOD,7.2,0.8
T000411,NH-15,2026-06-18 19:40:00,Assam,Darrang,18.1,65,65.0,LOW,CLEAR,GOOD,16.7,0.0
T000412,NH-15,2026-06-18 19:42:00,Assam,Sonitpur,12.4,70,70.0,LOW,CLEAR,GOOD,10.6,0.0
T000413,NH-37,2026-06-18 19:44:00,Assam,Dibrugarh,18.3,70,52.5,LOW,MODERATE_RAIN,GOOD,20.9,5.2
T000414,NH-37,2026-06-18 19:46:00,Assam,Cachar,17.6,60,45.0,LOW,MODERATE_RAIN,GOOD,23.5,5.9
T000415,NH-27,2026-06-18 19:48:00,Assam,Nagaon,11.4,75,75.0,LOW,CLEAR,GOOD,9.1,0.0
T000416,NH-206,2026-06-18 19:50:00,Meghalaya,East Khasi Hills,11.6,40,35.2,MODERATE,LIGHT_RAIN,FAIR,19.8,2.4
T000417,NH-127B,2026-06-18 19:52:00,Meghalaya,West Khasi Hills,5.9,45,45.0,LOW,CLEAR,FAIR,7.9,0.0
T000418,NH-06,2026-06-18 19:54:00,Meghalaya,Ri-Bhoi,12.4,65,65.0,LOW,CLEAR,FAIR,11.4,0.0
T000419,NH-06,2026-06-18 19:56:00,Meghalaya,West Jaintia Hills,7.5,45,45.0,LOW,CLEAR,FAIR,10.0,0.0
T000420,NH-10,2026-06-18 19:58:00,Sikkim,East Sikkim,14.5,35,4.0,STANDSTILL,TORRENTIAL_RAIN,POOR,217.5,192.6
T000421,NH-310,2026-06-18 20:00:00,Sikkim,North Sikkim,5.3,30,16.5,HIGH,LIGHT_RAIN,POOR,19.3,8.7
T000422,NH-510,2026-06-18 20:02:00,Sikkim,South Sikkim,12.4,40,26.8,MODERATE,CLEAR,POOR,27.8,9.2
T000423,NH-29,2026-06-18 20:04:00,Nagaland,Kohima,5.2,40,22.0,MODERATE,LIGHT_RAIN,POOR,14.2,6.4
T000424,NH-29,2026-06-18 20:06:00,Nagaland,Dimapur,21.8,65,14.3,HIGH,TORRENTIAL_RAIN,GOOD,91.5,71.4
T000425,NH-02,2026-06-18 20:08:00,Nagaland,Mokokchung,14.5,40,4.0,STANDSTILL,TORRENTIAL_RAIN,POOR,217.5,195.8
T000426,NH-02,2026-06-18 20:10:00,Manipur,Imphal West,16.6,60,52.8,LOW,LIGHT_RAIN,GOOD,18.9,2.3
T000427,NH-02,2026-06-18 20:12:00,Manipur,Bishnupur,15.2,55,28.6,MODERATE,HEAVY_RAIN,GOOD,31.9,15.3
T000428,NH-02,2026-06-18 20:14:00,Manipur,Senapati,15.8,45,39.6,MODERATE,LIGHT_RAIN,FAIR,23.9,2.8
T000429,NH-54,2026-06-18 20:16:00,Mizoram,Aizawl,15.3,40,22.0,MODERATE,LIGHT_RAIN,POOR,41.7,18.8
T000430,NH-54,2026-06-18 20:18:00,Mizoram,Kolasib,7.0,45,45.0,LOW,CLEAR,FAIR,9.3,0.0
T000431,NH-54,2026-06-18 20:20:00,Mizoram,Lunglei,15.9,40,22.0,MODERATE,LIGHT_RAIN,POOR,43.4,19.5
T000432,NH-08,2026-06-18 20:22:00,Tripura,West Tripura,11.8,65,33.8,MODERATE,HEAVY_RAIN,GOOD,20.9,10.0
T000433,NH-08,2026-06-18 20:24:00,Tripura,Sipahijala,11.0,65,48.8,LOW,MODERATE_RAIN,GOOD,13.5,3.3
T000434,NH-08,2026-06-18 20:26:00,Tripura,Dhalai,8.8,55,12.1,HIGH,TORRENTIAL_RAIN,GOOD,43.6,34.0
T000435,NH-13,2026-06-18 20:28:00,Arunachal Pradesh,Tawang,8.3,35,19.2,HIGH,LIGHT_RAIN,POOR,25.9,11.7
T000436,NH-13,2026-06-18 20:30:00,Arunachal Pradesh,West Kameng,17.6,40,16.8,HIGH,MODERATE_RAIN,POOR,62.9,36.5
T000437,NH-415,2026-06-18 20:32:00,Arunachal Pradesh,Papum Pare,13.1,50,11.0,HIGH,TORRENTIAL_RAIN,FAIR,71.5,55.8
T000438,NH-515,2026-06-18 20:34:00,Arunachal Pradesh,East Siang,13.6,60,52.8,LOW,LIGHT_RAIN,GOOD,15.5,1.9
T000439,NH-13,2026-06-18 20:36:00,Arunachal Pradesh,Lower Subansiri,10.1,40,7.6,STANDSTILL,HEAVY_RAIN,POOR,79.7,64.5
T000440,NH-27,2026-06-18 20:38:00,Assam,Kamrup Metropolitan,14.1,80,17.6,HIGH,TORRENTIAL_RAIN,GOOD,48.1,37.5
T000441,NH-27,2026-06-18 20:40:00,Assam,Kamrup Rural,19.9,80,70.4,LOW,LIGHT_RAIN,GOOD,17.0,2.1
T000442,NH-15,2026-06-18 20:42:00,Assam,Darrang,15.4,65,14.3,HIGH,TORRENTIAL_RAIN,GOOD,64.6,50.4
T000443,NH-15,2026-06-18 20:44:00,Assam,Sonitpur,18.2,70,52.5,LOW,MODERATE_RAIN,GOOD,20.8,5.2
T000444,NH-37,2026-06-18 20:46:00,Assam,Dibrugarh,20.2,70,61.6,LOW,LIGHT_RAIN,GOOD,19.7,2.4
T000445,NH-37,2026-06-18 20:48:00,Assam,Cachar,6.9,60,45.0,LOW,MODERATE_RAIN,GOOD,9.2,2.3
T000446,NH-27,2026-06-18 20:50:00,Assam,Nagaon,19.8,75,16.5,HIGH,TORRENTIAL_RAIN,GOOD,72.0,56.2
T000447,NH-206,2026-06-18 20:52:00,Meghalaya,East Khasi Hills,18.4,40,8.8,HIGH,TORRENTIAL_RAIN,FAIR,125.5,97.9
T000448,NH-127B,2026-06-18 20:54:00,Meghalaya,West Khasi Hills,14.8,45,9.9,HIGH,TORRENTIAL_RAIN,FAIR,89.7,70.0
T000449,NH-06,2026-06-18 20:56:00,Meghalaya,Ri-Bhoi,12.1,65,57.2,LOW,LIGHT_RAIN,FAIR,12.7,1.5
T000450,NH-06,2026-06-18 20:58:00,Meghalaya,West Jaintia Hills,14.4,45,45.0,LOW,CLEAR,FAIR,19.2,0.0
T000451,NH-10,2026-06-18 21:00:00,Sikkim,East Sikkim,18.1,35,4.0,STANDSTILL,TORRENTIAL_RAIN,POOR,271.5,240.5
T000452,NH-310,2026-06-18 21:02:00,Sikkim,North Sikkim,11.3,30,12.6,HIGH,MODERATE_RAIN,POOR,53.8,31.2
T000453,NH-510,2026-06-18 21:04:00,Sikkim,South Sikkim,12.7,40,22.0,MODERATE,LIGHT_RAIN,POOR,34.6,15.6
T000454,NH-29,2026-06-18 21:06:00,Nagaland,Kohima,13.8,40,16.8,HIGH,MODERATE_RAIN,POOR,49.3,28.6
T000455,NH-29,2026-06-18 21:08:00,Nagaland,Dimapur,15.5,65,48.8,LOW,MODERATE_RAIN,GOOD,19.1,4.8
T000456,NH-02,2026-06-18 21:10:00,Nagaland,Mokokchung,18.3,40,26.8,MODERATE,CLEAR,POOR,41.0,13.5
T000457,NH-02,2026-06-18 21:12:00,Manipur,Imphal West,7.1,60,45.0,LOW,MODERATE_RAIN,GOOD,9.5,2.4
T000458,NH-02,2026-06-18 21:14:00,Manipur,Bishnupur,17.5,55,12.1,HIGH,TORRENTIAL_RAIN,GOOD,86.8,67.7
T000459,NH-02,2026-06-18 21:16:00,Manipur,Senapati,10.9,45,45.0,LOW,CLEAR,FAIR,14.5,0.0
T000460,NH-54,2026-06-18 21:18:00,Mizoram,Aizawl,14.6,40,4.0,STANDSTILL,TORRENTIAL_RAIN,POOR,219.0,197.1
T000461,NH-54,2026-06-18 21:20:00,Mizoram,Kolasib,5.5,45,33.8,MODERATE,MODERATE_RAIN,FAIR,9.8,2.5
T000462,NH-54,2026-06-18 21:22:00,Mizoram,Lunglei,20.0,40,4.0,STANDSTILL,TORRENTIAL_RAIN,POOR,300.0,270.0
T000463,NH-08,2026-06-18 21:24:00,Tripura,West Tripura,17.7,65,14.3,HIGH,TORRENTIAL_RAIN,GOOD,74.3,58.0
T000464,NH-08,2026-06-18 21:26:00,Tripura,Sipahijala,15.0,65,65.0,LOW,CLEAR,GOOD,13.8,0.0
T000465,NH-08,2026-06-18 21:28:00,Tripura,Dhalai,7.6,55,55.0,LOW,CLEAR,GOOD,8.3,0.0
T000466,NH-13,2026-06-18 21:30:00,Arunachal Pradesh,Tawang,6.6,35,23.5,MODERATE,CLEAR,POOR,16.9,5.6
T000467,NH-13,2026-06-18 21:32:00,Arunachal Pradesh,West Kameng,14.1,40,16.8,HIGH,MODERATE_RAIN,POOR,50.4,29.2
T000468,NH-415,2026-06-18 21:34:00,Arunachal Pradesh,Papum Pare,5.6,50,44.0,MODERATE,LIGHT_RAIN,FAIR,7.6,0.9
T000469,NH-515,2026-06-18 21:36:00,Arunachal Pradesh,East Siang,14.7,60,13.2,HIGH,TORRENTIAL_RAIN,GOOD,66.8,52.1
T000470,NH-13,2026-06-18 21:38:00,Arunachal Pradesh,Lower Subansiri,20.7,40,22.0,MODERATE,LIGHT_RAIN,POOR,56.5,25.5
T000471,NH-27,2026-06-18 21:40:00,Assam,Kamrup Metropolitan,6.1,80,80.0,LOW,CLEAR,GOOD,4.6,0.0
T000472,NH-27,2026-06-18 21:42:00,Assam,Kamrup Rural,5.1,80,41.6,MODERATE,HEAVY_RAIN,GOOD,7.4,3.6
T000473,NH-15,2026-06-18 21:44:00,Assam,Darrang,16.4,65,48.8,LOW,MODERATE_RAIN,GOOD,20.2,5.1
T000474,NH-15,2026-06-18 21:46:00,Assam,Sonitpur,16.6,70,36.4,MODERATE,HEAVY_RAIN,GOOD,27.4,13.2
T000475,NH-37,2026-06-18 21:48:00,Assam,Dibrugarh,9.2,70,36.4,MODERATE,HEAVY_RAIN,GOOD,15.2,7.3
T000476,NH-37,2026-06-18 21:50:00,Assam,Cachar,9.2,60,52.8,LOW,LIGHT_RAIN,GOOD,10.5,1.3
T000477,NH-27,2026-06-18 21:52:00,Assam,Nagaon,14.7,75,16.5,HIGH,TORRENTIAL_RAIN,GOOD,53.5,41.7
T000478,NH-206,2026-06-18 21:54:00,Meghalaya,East Khasi Hills,19.1,40,26.8,MODERATE,CLEAR,POOR,42.8,14.1
T000479,NH-127B,2026-06-18 21:56:00,Meghalaya,West Khasi Hills,9.8,45,45.0,LOW,CLEAR,FAIR,13.1,0.0
T000480,NH-06,2026-06-18 21:58:00,Meghalaya,Ri-Bhoi,15.1,65,33.8,MODERATE,HEAVY_RAIN,GOOD,26.8,12.9
T000481,NH-06,2026-06-18 22:00:00,Meghalaya,West Jaintia Hills,6.2,45,9.9,HIGH,TORRENTIAL_RAIN,FAIR,37.6,29.3
T000482,NH-10,2026-06-18 22:02:00,Sikkim,East Sikkim,9.9,35,19.2,HIGH,LIGHT_RAIN,POOR,30.9,13.9
T000483,NH-310,2026-06-18 22:04:00,Sikkim,North Sikkim,8.0,30,20.1,HIGH,CLEAR,POOR,23.9,7.9
T000484,NH-510,2026-06-18 22:06:00,Sikkim,South Sikkim,8.4,40,16.8,HIGH,MODERATE_RAIN,POOR,30.0,17.4
T000485,NH-29,2026-06-18 22:08:00,Nagaland,Kohima,20.9,40,16.8,HIGH,MODERATE_RAIN,POOR,74.6,43.2
T000486,NH-29,2026-06-18 22:10:00,Nagaland,Dimapur,5.7,65,65.0,LOW,CLEAR,GOOD,5.3,0.0
T000487,NH-02,2026-06-18 22:12:00,Nagaland,Mokokchung,9.2,40,22.0,MODERATE,LIGHT_RAIN,POOR,25.1,11.3
T000488,NH-02,2026-06-18 22:14:00,Manipur,Imphal West,17.1,60,31.2,MODERATE,HEAVY_RAIN,GOOD,32.9,15.8
T000489,NH-02,2026-06-18 22:16:00,Manipur,Bishnupur,12.4,55,48.4,LOW,LIGHT_RAIN,GOOD,15.4,1.9
T000490,NH-02,2026-06-18 22:18:00,Manipur,Senapati,6.7,45,45.0,LOW,CLEAR,FAIR,8.9,0.0
T000491,NH-54,2026-06-18 22:20:00,Mizoram,Aizawl,16.6,40,26.8,MODERATE,CLEAR,POOR,37.2,12.3
T000492,NH-54,2026-06-18 22:22:00,Mizoram,Kolasib,19.2,45,39.6,MODERATE,LIGHT_RAIN,FAIR,29.1,3.5
T000493,NH-54,2026-06-18 22:24:00,Mizoram,Lunglei,11.9,40,7.6,STANDSTILL,HEAVY_RAIN,POOR,93.9,76.1
T000494,NH-08,2026-06-18 22:26:00,Tripura,West Tripura,11.2,65,57.2,LOW,LIGHT_RAIN,GOOD,11.7,1.4
T000495,NH-08,2026-06-18 22:28:00,Tripura,Sipahijala,5.4,65,33.8,MODERATE,HEAVY_RAIN,GOOD,9.6,4.6
T000496,NH-08,2026-06-18 22:30:00,Tripura,Dhalai,15.2,55,55.0,LOW,CLEAR,GOOD,16.6,0.0
T000497,NH-13,2026-06-18 22:32:00,Arunachal Pradesh,Tawang,18.8,35,19.2,HIGH,LIGHT_RAIN,POOR,58.8,26.6
T000498,NH-13,2026-06-18 22:34:00,Arunachal Pradesh,West Kameng,14.5,40,22.0,MODERATE,LIGHT_RAIN,POOR,39.5,17.8
T000499,NH-415,2026-06-18 22:36:00,Arunachal Pradesh,Papum Pare,17.0,50,26.0,MODERATE,HEAVY_RAIN,FAIR,39.2,18.8
T000500,NH-515,2026-06-18 22:38:00,Arunachal Pradesh,East Siang,8.8,60,60.0,LOW,CLEAR,GOOD,8.8,0.0
T000501,NH-13,2026-06-18 22:40:00,Arunachal Pradesh,Lower Subansiri,13.9,40,16.8,HIGH,MODERATE_RAIN,POOR,49.6,28.8
T000502,NH-27,2026-06-18 22:42:00,Assam,Kamrup Metropolitan,12.5,80,80.0,LOW,CLEAR,GOOD,9.4,0.0
T000503,NH-27,2026-06-18 22:44:00,Assam,Kamrup Rural,20.7,80,60.0,LOW,MODERATE_RAIN,GOOD,20.7,5.2
T000504,NH-15,2026-06-18 22:46:00,Assam,Darrang,5.6,65,57.2,LOW,LIGHT_RAIN,GOOD,5.9,0.7
T000505,NH-15,2026-06-18 22:48:00,Assam,Sonitpur,15.2,70,61.6,LOW,LIGHT_RAIN,GOOD,14.8,1.8
T000506,NH-37,2026-06-18 22:50:00,Assam,Dibrugarh,12.6,70,15.4,HIGH,TORRENTIAL_RAIN,GOOD,49.1,38.3
T000507,NH-37,2026-06-18 22:52:00,Assam,Cachar,10.6,60,45.0,LOW,MODERATE_RAIN,GOOD,14.1,3.5
T000508,NH-27,2026-06-18 22:54:00,Assam,Nagaon,5.9,75,56.2,LOW,MODERATE_RAIN,GOOD,6.3,1.6
T000509,NH-206,2026-06-18 22:56:00,Meghalaya,East Khasi Hills,13.3,40,7.6,STANDSTILL,HEAVY_RAIN,POOR,105.0,85.0
T000510,NH-127B,2026-06-18 22:58:00,Meghalaya,West Khasi Hills,20.7,45,23.4,MODERATE,HEAVY_RAIN,FAIR,53.1,25.5
T000511,NH-06,2026-06-18 23:00:00,Meghalaya,Ri-Bhoi,15.0,65,57.2,LOW,LIGHT_RAIN,FAIR,15.7,1.9
T000512,NH-06,2026-06-18 23:02:00,Meghalaya,West Jaintia Hills,20.0,45,45.0,LOW,CLEAR,FAIR,26.7,0.0
T000513,NH-10,2026-06-18 23:04:00,Sikkim,East Sikkim,13.6,35,19.2,HIGH,LIGHT_RAIN,POOR,42.5,19.2
T000514,NH-310,2026-06-18 23:06:00,Sikkim,North Sikkim,14.2,30,12.6,HIGH,MODERATE_RAIN,POOR,67.6,39.2
T000515,NH-510,2026-06-18 23:08:00,Sikkim,South Sikkim,6.8,40,4.0,STANDSTILL,TORRENTIAL_RAIN,POOR,102.0,91.8
T000516,NH-29,2026-06-18 23:10:00,Nagaland,Kohima,20.8,40,16.8,HIGH,MODERATE_RAIN,POOR,74.3,43.1
T000517,NH-29,2026-06-18 23:12:00,Nagaland,Dimapur,19.9,65,14.3,HIGH,TORRENTIAL_RAIN,GOOD,83.5,65.1
T000518,NH-02,2026-06-18 23:14:00,Nagaland,Mokokchung,10.5,40,16.8,HIGH,MODERATE_RAIN,POOR,37.5,21.8
T000519,NH-02,2026-06-18 23:16:00,Manipur,Imphal West,13.4,60,52.8,LOW,LIGHT_RAIN,GOOD,15.2,1.8
T000520,NH-02,2026-06-18 23:18:00,Manipur,Bishnupur,20.6,55,28.6,MODERATE,HEAVY_RAIN,GOOD,43.2,20.7
T000521,NH-02,2026-06-18 23:20:00,Manipur,Senapati,16.1,45,8.5,HIGH,HEAVY_RAIN,POOR,113.6,92.1
T000522,NH-54,2026-06-18 23:22:00,Mizoram,Aizawl,9.4,40,22.0,MODERATE,LIGHT_RAIN,POOR,25.6,11.5
T000523,NH-54,2026-06-18 23:24:00,Mizoram,Kolasib,12.0,45,45.0,LOW,CLEAR,FAIR,16.0,0.0
T000524,NH-54,2026-06-18 23:26:00,Mizoram,Lunglei,7.5,40,26.8,MODERATE,CLEAR,POOR,16.8,5.6
T000525,NH-08,2026-06-18 23:28:00,Tripura,West Tripura,17.6,65,33.8,MODERATE,HEAVY_RAIN,GOOD,31.2,15.0
T000526,NH-08,2026-06-18 23:30:00,Tripura,Sipahijala,8.7,65,65.0,LOW,CLEAR,GOOD,8.0,0.0
T000527,NH-08,2026-06-18 23:32:00,Tripura,Dhalai,20.2,55,41.2,MODERATE,MODERATE_RAIN,GOOD,29.4,7.4
T000528,NH-13,2026-06-18 23:34:00,Arunachal Pradesh,Tawang,7.8,35,23.5,MODERATE,CLEAR,POOR,19.9,6.5
T000529,NH-13,2026-06-18 23:36:00,Arunachal Pradesh,West Kameng,10.6,40,22.0,MODERATE,LIGHT_RAIN,POOR,28.9,13.0
T000530,NH-415,2026-06-18 23:38:00,Arunachal Pradesh,Papum Pare,13.5,50,11.0,HIGH,TORRENTIAL_RAIN,FAIR,73.6,57.4
T000531,NH-515,2026-06-18 23:40:00,Arunachal Pradesh,East Siang,17.6,60,60.0,LOW,CLEAR,GOOD,17.6,0.0
T000532,NH-13,2026-06-18 23:42:00,Arunachal Pradesh,Lower Subansiri,18.5,40,22.0,MODERATE,LIGHT_RAIN,POOR,50.5,22.8
T000533,NH-27,2026-06-18 23:44:00,Assam,Kamrup Metropolitan,18.8,80,70.4,LOW,LIGHT_RAIN,GOOD,16.0,1.9
T000534,NH-27,2026-06-18 23:46:00,Assam,Kamrup Rural,15.4,80,17.6,HIGH,TORRENTIAL_RAIN,GOOD,52.5,41.0
T000535,NH-15,2026-06-18 23:48:00,Assam,Darrang,7.8,65,48.8,LOW,MODERATE_RAIN,GOOD,9.6,2.4
T000536,NH-15,2026-06-18 23:50:00,Assam,Sonitpur,19.8,70,36.4,MODERATE,HEAVY_RAIN,GOOD,32.6,15.6
T000537,NH-37,2026-06-18 23:52:00,Assam,Dibrugarh,16.0,70,36.4,MODERATE,HEAVY_RAIN,GOOD,26.4,12.7
T000538,NH-37,2026-06-18 23:54:00,Assam,Cachar,10.4,60,60.0,LOW,CLEAR,GOOD,10.4,0.0
T000539,NH-27,2026-06-18 23:56:00,Assam,Nagaon,21.3,75,75.0,LOW,CLEAR,GOOD,17.0,0.0
T000540,NH-206,2026-06-18 23:58:00,Meghalaya,East Khasi Hills,6.1,40,4.0,STANDSTILL,TORRENTIAL_RAIN,POOR,91.5,82.3
T000541,NH-127B,2026-06-19 00:00:00,Meghalaya,West Khasi Hills,10.7,45,23.4,MODERATE,HEAVY_RAIN,FAIR,27.4,13.1
T000542,NH-06,2026-06-19 00:02:00,Meghalaya,Ri-Bhoi,15.8,65,57.2,LOW,LIGHT_RAIN,FAIR,16.6,2.0
T000543,NH-06,2026-06-19 00:04:00,Meghalaya,West Jaintia Hills,5.5,45,33.8,MODERATE,MODERATE_RAIN,FAIR,9.8,2.5
T000544,NH-10,2026-06-19 00:06:00,Sikkim,East Sikkim,10.8,35,4.0,STANDSTILL,TORRENTIAL_RAIN,POOR,162.0,143.5
T000545,NH-310,2026-06-19 00:08:00,Sikkim,North Sikkim,17.4,30,5.7,STANDSTILL,HEAVY_RAIN,POOR,183.2,148.4
T000546,NH-510,2026-06-19 00:10:00,Sikkim,South Sikkim,15.7,40,16.8,HIGH,MODERATE_RAIN,POOR,56.1,32.6
T000547,NH-29,2026-06-19 00:12:00,Nagaland,Kohima,8.6,40,7.6,STANDSTILL,HEAVY_RAIN,POOR,67.9,55.0
T000548,NH-29,2026-06-19 00:14:00,Nagaland,Dimapur,14.6,65,65.0,LOW,CLEAR,GOOD,13.5,0.0
T000549,NH-02,2026-06-19 00:16:00,Nagaland,Mokokchung,20.7,40,26.8,MODERATE,CLEAR,POOR,46.3,15.2
T000550,NH-02,2026-06-19 00:18:00,Manipur,Imphal West,10.5,60,60.0,LOW,CLEAR,GOOD,10.5,0.0
T000551,NH-02,2026-06-19 00:20:00,Manipur,Bishnupur,18.6,55,55.0,LOW,CLEAR,GOOD,20.3,0.0
T000552,NH-02,2026-06-19 00:22:00,Manipur,Senapati,9.8,45,23.4,MODERATE,HEAVY_RAIN,FAIR,25.1,12.0
T000553,NH-54,2026-06-19 00:24:00,Mizoram,Aizawl,10.2,40,16.8,HIGH,MODERATE_RAIN,POOR,36.4,21.1
T000554,NH-54,2026-06-19 00:26:00,Mizoram,Kolasib,11.9,45,23.4,MODERATE,HEAVY_RAIN,FAIR,30.5,14.6
T000555,NH-54,2026-06-19 00:28:00,Mizoram,Lunglei,9.5,40,22.0,MODERATE,LIGHT_RAIN,POOR,25.9,11.6
T000556,NH-08,2026-06-19 00:30:00,Tripura,West Tripura,20.8,65,14.3,HIGH,TORRENTIAL_RAIN,GOOD,87.3,68.1
T000557,NH-08,2026-06-19 00:32:00,Tripura,Sipahijala,13.3,65,48.8,LOW,MODERATE_RAIN,GOOD,16.4,4.1
T000558,NH-08,2026-06-19 00:34:00,Tripura,Dhalai,12.1,55,28.6,MODERATE,HEAVY_RAIN,GOOD,25.4,12.2
T000559,NH-13,2026-06-19 00:36:00,Arunachal Pradesh,Tawang,15.4,35,19.2,HIGH,LIGHT_RAIN,POOR,48.1,21.7
T000560,NH-13,2026-06-19 00:38:00,Arunachal Pradesh,West Kameng,10.2,40,7.6,STANDSTILL,HEAVY_RAIN,POOR,80.5,65.2
T000561,NH-415,2026-06-19 00:40:00,Arunachal Pradesh,Papum Pare,18.2,50,11.0,HIGH,TORRENTIAL_RAIN,FAIR,99.3,77.5
T000562,NH-515,2026-06-19 00:42:00,Arunachal Pradesh,East Siang,6.0,60,45.0,LOW,MODERATE_RAIN,GOOD,8.0,2.0
T000563,NH-13,2026-06-19 00:44:00,Arunachal Pradesh,Lower Subansiri,16.7,40,16.8,HIGH,MODERATE_RAIN,POOR,59.6,34.6
T000564,NH-27,2026-06-19 00:46:00,Assam,Kamrup Metropolitan,7.8,80,41.6,MODERATE,HEAVY_RAIN,GOOD,11.2,5.3
T000565,NH-27,2026-06-19 00:48:00,Assam,Kamrup Rural,20.2,80,60.0,LOW,MODERATE_RAIN,GOOD,20.2,5.0
T000566,NH-15,2026-06-19 00:50:00,Assam,Darrang,14.4,65,33.8,MODERATE,HEAVY_RAIN,GOOD,25.6,12.3
T000567,NH-15,2026-06-19 00:52:00,Assam,Sonitpur,8.4,70,70.0,LOW,CLEAR,GOOD,7.2,0.0
T000568,NH-37,2026-06-19 00:54:00,Assam,Dibrugarh,9.1,70,61.6,LOW,LIGHT_RAIN,GOOD,8.9,1.1
T000569,NH-37,2026-06-19 00:56:00,Assam,Cachar,8.8,60,13.2,HIGH,TORRENTIAL_RAIN,GOOD,40.0,31.2
T000570,NH-27,2026-06-19 00:58:00,Assam,Nagaon,6.6,75,66.0,LOW,LIGHT_RAIN,GOOD,6.0,0.7
T000571,NH-206,2026-06-19 01:00:00,Meghalaya,East Khasi Hills,5.2,40,40.0,MODERATE,CLEAR,FAIR,7.8,0.0
T000572,NH-127B,2026-06-19 01:02:00,Meghalaya,West Khasi Hills,12.3,45,23.4,MODERATE,HEAVY_RAIN,FAIR,31.5,15.1
T000573,NH-06,2026-06-19 01:04:00,Meghalaya,Ri-Bhoi,11.5,65,33.8,MODERATE,HEAVY_RAIN,GOOD,20.4,9.8
T000574,NH-06,2026-06-19 01:06:00,Meghalaya,West Jaintia Hills,10.8,45,23.4,MODERATE,HEAVY_RAIN,FAIR,27.7,13.3
T000575,NH-10,2026-06-19 01:08:00,Sikkim,East Sikkim,10.3,35,23.5,MODERATE,CLEAR,POOR,26.3,8.6
T000576,NH-310,2026-06-19 01:10:00,Sikkim,North Sikkim,8.6,30,5.7,STANDSTILL,HEAVY_RAIN,POOR,90.5,73.3
T000577,NH-510,2026-06-19 01:12:00,Sikkim,South Sikkim,14.2,40,26.8,MODERATE,CLEAR,POOR,31.8,10.5
T000578,NH-29,2026-06-19 01:14:00,Nagaland,Kohima,17.4,40,4.0,STANDSTILL,TORRENTIAL_RAIN,POOR,261.0,234.9
T000579,NH-29,2026-06-19 01:16:00,Nagaland,Dimapur,12.6,65,57.2,LOW,LIGHT_RAIN,GOOD,13.2,1.6
T000580,NH-02,2026-06-19 01:18:00,Nagaland,Mokokchung,11.1,40,7.6,STANDSTILL,HEAVY_RAIN,POOR,87.6,70.9
T000581,NH-02,2026-06-19 01:20:00,Manipur,Imphal West,8.2,60,60.0,LOW,CLEAR,GOOD,8.2,0.0
T000582,NH-02,2026-06-19 01:22:00,Manipur,Bishnupur,7.1,55,55.0,LOW,CLEAR,GOOD,7.7,0.0
T000583,NH-02,2026-06-19 01:24:00,Manipur,Senapati,12.7,45,8.5,HIGH,HEAVY_RAIN,POOR,89.6,72.7
T000584,NH-54,2026-06-19 01:26:00,Mizoram,Aizawl,18.1,40,16.8,HIGH,MODERATE_RAIN,POOR,64.6,37.4
T000585,NH-54,2026-06-19 01:28:00,Mizoram,Kolasib,7.6,45,23.4,MODERATE,HEAVY_RAIN,FAIR,19.5,9.4
T000586,NH-54,2026-06-19 01:30:00,Mizoram,Lunglei,8.2,40,40.0,MODERATE,CLEAR,FAIR,12.3,0.0
T000587,NH-08,2026-06-19 01:32:00,Tripura,West Tripura,11.8,65,14.3,HIGH,TORRENTIAL_RAIN,GOOD,49.5,38.6
T000588,NH-08,2026-06-19 01:34:00,Tripura,Sipahijala,18.8,65,48.8,LOW,MODERATE_RAIN,GOOD,23.1,5.7
T000589,NH-08,2026-06-19 01:36:00,Tripura,Dhalai,12.8,55,55.0,LOW,CLEAR,GOOD,14.0,0.0
T000590,NH-13,2026-06-19 01:38:00,Arunachal Pradesh,Tawang,11.9,35,14.7,HIGH,MODERATE_RAIN,POOR,48.6,28.2
T000591,NH-13,2026-06-19 01:40:00,Arunachal Pradesh,West Kameng,8.6,40,16.8,HIGH,MODERATE_RAIN,POOR,30.7,17.8
T000592,NH-415,2026-06-19 01:42:00,Arunachal Pradesh,Papum Pare,9.1,50,37.5,MODERATE,MODERATE_RAIN,FAIR,14.6,3.7
T000593,NH-515,2026-06-19 01:44:00,Arunachal Pradesh,East Siang,12.4,60,13.2,HIGH,TORRENTIAL_RAIN,GOOD,56.4,44.0
T000594,NH-13,2026-06-19 01:46:00,Arunachal Pradesh,Lower Subansiri,16.4,40,4.0,STANDSTILL,TORRENTIAL_RAIN,POOR,246.0,221.4
T000595,NH-27,2026-06-19 01:48:00,Assam,Kamrup Metropolitan,5.3,80,41.6,MODERATE,HEAVY_RAIN,GOOD,7.6,3.6
T000596,NH-27,2026-06-19 01:50:00,Assam,Kamrup Rural,6.1,80,17.6,HIGH,TORRENTIAL_RAIN,GOOD,20.8,16.2
T000597,NH-15,2026-06-19 01:52:00,Assam,Darrang,6.5,65,14.3,HIGH,TORRENTIAL_RAIN,GOOD,27.3,21.3
T000598,NH-15,2026-06-19 01:54:00,Assam,Sonitpur,13.5,70,70.0,LOW,CLEAR,GOOD,11.6,0.0
T000599,NH-37,2026-06-19 01:56:00,Assam,Dibrugarh,19.2,70,36.4,MODERATE,HEAVY_RAIN,GOOD,31.6,15.1
T000600,NH-37,2026-06-19 01:58:00,Assam,Cachar,21.2,60,13.2,HIGH,TORRENTIAL_RAIN,GOOD,96.4,75.2
T000601,NH-27,2026-06-19 02:00:00,Assam,Nagaon,13.2,75,66.0,LOW,LIGHT_RAIN,GOOD,12.0,1.4
T000602,NH-206,2026-06-19 02:02:00,Meghalaya,East Khasi Hills,8.2,40,22.0,MODERATE,LIGHT_RAIN,POOR,22.4,10.1
T000603,NH-127B,2026-06-19 02:04:00,Meghalaya,West Khasi Hills,8.6,45,39.6,MODERATE,LIGHT_RAIN,FAIR,13.0,1.5
T000604,NH-06,2026-06-19 02:06:00,Meghalaya,Ri-Bhoi,7.3,65,57.2,LOW,LIGHT_RAIN,FAIR,7.7,1.0
T000605,NH-06,2026-06-19 02:08:00,Meghalaya,West Jaintia Hills,10.9,45,33.8,MODERATE,MODERATE_RAIN,FAIR,19.3,4.8
T000606,NH-10,2026-06-19 02:10:00,Sikkim,East Sikkim,18.2,35,19.2,HIGH,LIGHT_RAIN,POOR,56.9,25.7
T000607,NH-310,2026-06-19 02:12:00,Sikkim,North Sikkim,17.7,30,12.6,HIGH,MODERATE_RAIN,POOR,84.3,48.9
T000608,NH-510,2026-06-19 02:14:00,Sikkim,South Sikkim,18.4,40,16.8,HIGH,MODERATE_RAIN,POOR,65.7,38.1
T000609,NH-29,2026-06-19 02:16:00,Nagaland,Kohima,10.0,40,22.0,MODERATE,LIGHT_RAIN,POOR,27.3,12.3
T000610,NH-29,2026-06-19 02:18:00,Nagaland,Dimapur,8.1,65,65.0,LOW,CLEAR,GOOD,7.5,0.0
T000611,NH-02,2026-06-19 02:20:00,Nagaland,Mokokchung,13.9,40,7.6,STANDSTILL,HEAVY_RAIN,POOR,109.7,88.8
T000612,NH-02,2026-06-19 02:22:00,Manipur,Imphal West,9.1,60,13.2,HIGH,TORRENTIAL_RAIN,GOOD,41.4,32.3
T000613,NH-02,2026-06-19 02:24:00,Manipur,Bishnupur,8.4,55,28.6,MODERATE,HEAVY_RAIN,GOOD,17.6,8.4
T000614,NH-02,2026-06-19 02:26:00,Manipur,Senapati,14.3,45,39.6,MODERATE,LIGHT_RAIN,FAIR,21.7,2.6
T000615,NH-54,2026-06-19 02:28:00,Mizoram,Aizawl,21.3,40,7.6,STANDSTILL,HEAVY_RAIN,POOR,168.2,136.2
T000616,NH-54,2026-06-19 02:30:00,Mizoram,Kolasib,14.3,45,39.6,MODERATE,LIGHT_RAIN,FAIR,21.7,2.6
T000617,NH-54,2026-06-19 02:32:00,Mizoram,Lunglei,13.1,40,40.0,MODERATE,CLEAR,FAIR,19.7,0.0
T000618,NH-08,2026-06-19 02:34:00,Tripura,West Tripura,21.7,65,14.3,HIGH,TORRENTIAL_RAIN,GOOD,91.0,71.0
T000619,NH-08,2026-06-19 02:36:00,Tripura,Sipahijala,11.9,65,48.8,LOW,MODERATE_RAIN,GOOD,14.6,3.6
T000620,NH-08,2026-06-19 02:38:00,Tripura,Dhalai,20.7,55,48.4,LOW,LIGHT_RAIN,GOOD,25.7,3.1
T000621,NH-13,2026-06-19 02:40:00,Arunachal Pradesh,Tawang,6.1,35,19.2,HIGH,LIGHT_RAIN,POOR,19.1,8.6
T000622,NH-13,2026-06-19 02:42:00,Arunachal Pradesh,West Kameng,12.2,40,4.0,STANDSTILL,TORRENTIAL_RAIN,POOR,183.0,164.7
T000623,NH-415,2026-06-19 02:44:00,Arunachal Pradesh,Papum Pare,5.7,50,26.0,MODERATE,HEAVY_RAIN,FAIR,13.2,6.4
T000624,NH-515,2026-06-19 02:46:00,Arunachal Pradesh,East Siang,5.8,60,52.8,LOW,LIGHT_RAIN,GOOD,6.6,0.8
T000625,NH-13,2026-06-19 02:48:00,Arunachal Pradesh,Lower Subansiri,18.9,40,26.8,MODERATE,CLEAR,POOR,42.3,13.9
T000626,NH-27,2026-06-19 02:50:00,Assam,Kamrup Metropolitan,17.5,80,41.6,MODERATE,HEAVY_RAIN,GOOD,25.2,12.1
T000627,NH-27,2026-06-19 02:52:00,Assam,Kamrup Rural,9.6,80,70.4,LOW,LIGHT_RAIN,GOOD,8.2,1.0
T000628,NH-15,2026-06-19 02:54:00,Assam,Darrang,18.6,65,48.8,LOW,MODERATE_RAIN,GOOD,22.9,5.7
T000629,NH-15,2026-06-19 02:56:00,Assam,Sonitpur,9.8,70,15.4,HIGH,TORRENTIAL_RAIN,GOOD,38.2,29.8
T000630,NH-37,2026-06-19 02:58:00,Assam,Dibrugarh,15.1,70,15.4,HIGH,TORRENTIAL_RAIN,GOOD,58.8,45.9
T000631,NH-37,2026-06-19 03:00:00,Assam,Cachar,7.0,60,13.2,HIGH,TORRENTIAL_RAIN,GOOD,31.8,24.8
T000632,NH-27,2026-06-19 03:02:00,Assam,Nagaon,16.8,75,66.0,LOW,LIGHT_RAIN,GOOD,15.3,1.9
T000633,NH-206,2026-06-19 03:04:00,Meghalaya,East Khasi Hills,16.1,40,4.0,STANDSTILL,TORRENTIAL_RAIN,POOR,241.5,217.3
T000634,NH-127B,2026-06-19 03:06:00,Meghalaya,West Khasi Hills,19.5,45,33.8,MODERATE,MODERATE_RAIN,FAIR,34.6,8.6
T000635,NH-06,2026-06-19 03:08:00,Meghalaya,Ri-Bhoi,7.9,65,33.8,MODERATE,HEAVY_RAIN,FAIR,14.0,6.7
T000636,NH-06,2026-06-19 03:10:00,Meghalaya,West Jaintia Hills,8.1,45,33.8,MODERATE,MODERATE_RAIN,FAIR,14.4,3.6
T000637,NH-10,2026-06-19 03:12:00,Sikkim,East Sikkim,17.2,35,14.7,HIGH,MODERATE_RAIN,POOR,70.2,40.7
T000638,NH-310,2026-06-19 03:14:00,Sikkim,North Sikkim,6.3,30,4.0,STANDSTILL,TORRENTIAL_RAIN,POOR,94.5,81.9
T000639,NH-510,2026-06-19 03:16:00,Sikkim,South Sikkim,21.5,40,16.8,HIGH,MODERATE_RAIN,POOR,76.8,44.5
T000640,NH-29,2026-06-19 03:18:00,Nagaland,Kohima,11.8,40,7.6,STANDSTILL,HEAVY_RAIN,POOR,93.2,75.5
T000641,NH-29,2026-06-19 03:20:00,Nagaland,Dimapur,12.3,65,65.0,LOW,CLEAR,GOOD,11.4,0.0
T000642,NH-02,2026-06-19 03:22:00,Nagaland,Mokokchung,14.4,40,22.0,MODERATE,LIGHT_RAIN,POOR,39.3,17.7
T000643,NH-02,2026-06-19 03:24:00,Manipur,Imphal West,13.8,60,13.2,HIGH,TORRENTIAL_RAIN,GOOD,62.7,48.9
T000644,NH-02,2026-06-19 03:26:00,Manipur,Bishnupur,9.0,55,28.6,MODERATE,HEAVY_RAIN,GOOD,18.9,9.1
T000645,NH-02,2026-06-19 03:28:00,Manipur,Senapati,14.7,45,9.9,HIGH,TORRENTIAL_RAIN,FAIR,89.1,69.5
T000646,NH-54,2026-06-19 03:30:00,Mizoram,Aizawl,5.0,40,4.0,STANDSTILL,TORRENTIAL_RAIN,POOR,75.0,67.5
T000647,NH-54,2026-06-19 03:32:00,Mizoram,Kolasib,10.9,45,33.8,MODERATE,MODERATE_RAIN,FAIR,19.3,4.8
T000648,NH-54,2026-06-19 03:34:00,Mizoram,Lunglei,11.1,40,7.6,STANDSTILL,HEAVY_RAIN,POOR,87.6,70.9
T000649,NH-08,2026-06-19 03:36:00,Tripura,West Tripura,17.7,65,57.2,LOW,LIGHT_RAIN,GOOD,18.6,2.3
T000650,NH-08,2026-06-19 03:38:00,Tripura,Sipahijala,18.9,65,48.8,LOW,MODERATE_RAIN,GOOD,23.2,5.8
T000651,NH-08,2026-06-19 03:40:00,Tripura,Dhalai,7.6,55,48.4,LOW,LIGHT_RAIN,GOOD,9.4,1.1
T000652,NH-13,2026-06-19 03:42:00,Arunachal Pradesh,Tawang,12.2,35,14.7,HIGH,MODERATE_RAIN,POOR,49.8,28.9
T000653,NH-13,2026-06-19 03:44:00,Arunachal Pradesh,West Kameng,14.8,40,22.0,MODERATE,LIGHT_RAIN,POOR,40.4,18.2
T000654,NH-415,2026-06-19 03:46:00,Arunachal Pradesh,Papum Pare,11.5,50,50.0,LOW,CLEAR,FAIR,13.8,0.0
T000655,NH-515,2026-06-19 03:48:00,Arunachal Pradesh,East Siang,16.7,60,45.0,LOW,MODERATE_RAIN,GOOD,22.3,5.6
T000656,NH-13,2026-06-19 03:50:00,Arunachal Pradesh,Lower Subansiri,15.9,40,7.6,STANDSTILL,HEAVY_RAIN,POOR,125.5,101.7
T000657,NH-27,2026-06-19 03:52:00,Assam,Kamrup Metropolitan,7.3,80,80.0,LOW,CLEAR,GOOD,5.5,0.0
T000658,NH-27,2026-06-19 03:54:00,Assam,Kamrup Rural,12.3,80,17.6,HIGH,TORRENTIAL_RAIN,GOOD,41.9,32.7
T000659,NH-15,2026-06-19 03:56:00,Assam,Darrang,5.7,65,33.8,MODERATE,HEAVY_RAIN,GOOD,10.1,4.8
T000660,NH-15,2026-06-19 03:58:00,Assam,Sonitpur,20.5,70,61.6,LOW,LIGHT_RAIN,GOOD,20.0,2.4
T000661,NH-37,2026-06-19 04:00:00,Assam,Dibrugarh,12.0,70,70.0,LOW,CLEAR,GOOD,10.3,0.0
T000662,NH-37,2026-06-19 04:02:00,Assam,Cachar,19.9,60,31.2,MODERATE,HEAVY_RAIN,GOOD,38.3,18.4
T000663,NH-27,2026-06-19 04:04:00,Assam,Nagaon,8.9,75,66.0,LOW,LIGHT_RAIN,GOOD,8.1,1.0
T000664,NH-206,2026-06-19 04:06:00,Meghalaya,East Khasi Hills,13.1,40,35.2,MODERATE,LIGHT_RAIN,FAIR,22.3,2.6
T000665,NH-127B,2026-06-19 04:08:00,Meghalaya,West Khasi Hills,8.6,45,33.8,MODERATE,MODERATE_RAIN,FAIR,15.3,3.8
T000666,NH-06,2026-06-19 04:10:00,Meghalaya,Ri-Bhoi,8.1,65,14.3,HIGH,TORRENTIAL_RAIN,FAIR,34.0,26.5
T000667,NH-06,2026-06-19 04:12:00,Meghalaya,West Jaintia Hills,5.9,45,45.0,LOW,CLEAR,FAIR,7.9,0.0
T000668,NH-10,2026-06-19 04:14:00,Sikkim,East Sikkim,5.0,35,14.7,HIGH,MODERATE_RAIN,POOR,20.4,11.8
T000669,NH-310,2026-06-19 04:16:00,Sikkim,North Sikkim,13.4,30,5.7,STANDSTILL,HEAVY_RAIN,POOR,141.1,114.3
T000670,NH-510,2026-06-19 04:18:00,Sikkim,South Sikkim,21.4,40,16.8,HIGH,MODERATE_RAIN,POOR,76.4,44.3
T000671,NH-29,2026-06-19 04:20:00,Nagaland,Kohima,21.2,40,4.0,STANDSTILL,TORRENTIAL_RAIN,POOR,318.0,286.2
T000672,NH-29,2026-06-19 04:22:00,Nagaland,Dimapur,18.5,65,33.8,MODERATE,HEAVY_RAIN,GOOD,32.8,15.7
T000673,NH-02,2026-06-19 04:24:00,Nagaland,Mokokchung,13.6,40,4.0,STANDSTILL,TORRENTIAL_RAIN,POOR,204.0,183.6
T000674,NH-02,2026-06-19 04:26:00,Manipur,Imphal West,17.8,60,31.2,MODERATE,HEAVY_RAIN,GOOD,34.2,16.4
T000675,NH-02,2026-06-19 04:28:00,Manipur,Bishnupur,19.3,55,48.4,LOW,LIGHT_RAIN,GOOD,23.9,2.8
T000676,NH-02,2026-06-19 04:30:00,Manipur,Senapati,5.7,45,4.0,STANDSTILL,TORRENTIAL_RAIN,POOR,85.5,77.9
T000677,NH-54,2026-06-19 04:32:00,Mizoram,Aizawl,5.8,40,16.8,HIGH,MODERATE_RAIN,POOR,20.7,12.0
T000678,NH-54,2026-06-19 04:34:00,Mizoram,Kolasib,7.8,45,39.6,MODERATE,LIGHT_RAIN,FAIR,11.8,1.4
T000679,NH-54,2026-06-19 04:36:00,Mizoram,Lunglei,11.5,40,26.8,MODERATE,CLEAR,POOR,25.7,8.4
T000680,NH-08,2026-06-19 04:38:00,Tripura,West Tripura,9.3,65,48.8,LOW,MODERATE_RAIN,GOOD,11.4,2.8
T000681,NH-08,2026-06-19 04:40:00,Tripura,Sipahijala,15.8,65,65.0,LOW,CLEAR,GOOD,14.6,0.0
T000682,NH-08,2026-06-19 04:42:00,Tripura,Dhalai,11.2,55,48.4,LOW,LIGHT_RAIN,GOOD,13.9,1.7
T000683,NH-13,2026-06-19 04:44:00,Arunachal Pradesh,Tawang,17.0,35,14.7,HIGH,MODERATE_RAIN,POOR,69.4,40.3
T000684,NH-13,2026-06-19 04:46:00,Arunachal Pradesh,West Kameng,19.5,40,26.8,MODERATE,CLEAR,POOR,43.7,14.5
T000685,NH-415,2026-06-19 04:48:00,Arunachal Pradesh,Papum Pare,19.4,50,26.0,MODERATE,HEAVY_RAIN,FAIR,44.8,21.5
T000686,NH-515,2026-06-19 04:50:00,Arunachal Pradesh,East Siang,13.5,60,31.2,MODERATE,HEAVY_RAIN,GOOD,26.0,12.5
T000687,NH-13,2026-06-19 04:52:00,Arunachal Pradesh,Lower Subansiri,13.4,40,26.8,MODERATE,CLEAR,POOR,30.0,9.9
T000688,NH-27,2026-06-19 04:54:00,Assam,Kamrup Metropolitan,12.4,80,17.6,HIGH,TORRENTIAL_RAIN,GOOD,42.3,33.0
T000689,NH-27,2026-06-19 04:56:00,Assam,Kamrup Rural,6.0,80,60.0,LOW,MODERATE_RAIN,GOOD,6.0,1.5
T000690,NH-15,2026-06-19 04:58:00,Assam,Darrang,7.8,65,65.0,LOW,CLEAR,GOOD,7.2,0.0
T000691,NH-15,2026-06-19 05:00:00,Assam,Sonitpur,18.3,70,70.0,LOW,CLEAR,GOOD,15.7,0.0
T000692,NH-37,2026-06-19 05:02:00,Assam,Dibrugarh,15.7,70,70.0,LOW,CLEAR,GOOD,13.5,0.0
T000693,NH-37,2026-06-19 05:04:00,Assam,Cachar,20.4,60,52.8,LOW,LIGHT_RAIN,GOOD,23.2,2.8
T000694,NH-27,2026-06-19 05:06:00,Assam,Nagaon,7.1,75,16.5,HIGH,TORRENTIAL_RAIN,GOOD,25.8,20.1
T000695,NH-206,2026-06-19 05:08:00,Meghalaya,East Khasi Hills,7.9,40,16.8,HIGH,MODERATE_RAIN,POOR,28.2,16.3
T000696,NH-127B,2026-06-19 05:10:00,Meghalaya,West Khasi Hills,14.0,45,39.6,MODERATE,LIGHT_RAIN,FAIR,21.2,2.5
T000697,NH-06,2026-06-19 05:12:00,Meghalaya,Ri-Bhoi,11.7,65,14.3,HIGH,TORRENTIAL_RAIN,FAIR,49.1,38.3
T000698,NH-06,2026-06-19 05:14:00,Meghalaya,West Jaintia Hills,12.6,45,9.9,HIGH,TORRENTIAL_RAIN,FAIR,76.4,59.6
T000699,NH-10,2026-06-19 05:16:00,Sikkim,East Sikkim,8.5,35,14.7,HIGH,MODERATE_RAIN,POOR,34.7,20.1
T000700,NH-310,2026-06-19 05:18:00,Sikkim,North Sikkim,17.0,30,4.0,STANDSTILL,TORRENTIAL_RAIN,POOR,255.0,221.0
T000701,NH-510,2026-06-19 05:20:00,Sikkim,South Sikkim,6.0,40,16.8,HIGH,MODERATE_RAIN,POOR,21.4,12.4
T000702,NH-29,2026-06-19 05:22:00,Nagaland,Kohima,14.6,40,16.8,HIGH,MODERATE_RAIN,POOR,52.1,30.2
T000703,NH-29,2026-06-19 05:24:00,Nagaland,Dimapur,21.2,65,33.8,MODERATE,HEAVY_RAIN,GOOD,37.6,18.0
T000704,NH-02,2026-06-19 05:26:00,Nagaland,Mokokchung,11.4,40,7.6,STANDSTILL,HEAVY_RAIN,POOR,90.0,72.9
T000705,NH-02,2026-06-19 05:28:00,Manipur,Imphal West,19.4,60,45.0,LOW,MODERATE_RAIN,GOOD,25.9,6.5
T000706,NH-02,2026-06-19 05:30:00,Manipur,Bishnupur,12.9,55,48.4,LOW,LIGHT_RAIN,GOOD,16.0,1.9
T000707,NH-02,2026-06-19 05:32:00,Manipur,Senapati,20.1,45,23.4,MODERATE,HEAVY_RAIN,FAIR,51.5,24.7
T000708,NH-54,2026-06-19 05:34:00,Mizoram,Aizawl,20.1,40,4.0,STANDSTILL,TORRENTIAL_RAIN,POOR,301.5,271.4
T000709,NH-54,2026-06-19 05:36:00,Mizoram,Kolasib,7.0,45,33.8,MODERATE,MODERATE_RAIN,FAIR,12.4,3.1
T000710,NH-54,2026-06-19 05:38:00,Mizoram,Lunglei,20.2,40,4.0,STANDSTILL,TORRENTIAL_RAIN,POOR,303.0,272.7
T000711,NH-08,2026-06-19 05:40:00,Tripura,West Tripura,16.6,65,48.8,LOW,MODERATE_RAIN,GOOD,20.4,5.1
T000712,NH-08,2026-06-19 05:42:00,Tripura,Sipahijala,5.7,65,48.8,LOW,MODERATE_RAIN,GOOD,7.0,1.7
T000713,NH-08,2026-06-19 05:44:00,Tripura,Dhalai,6.7,55,28.6,MODERATE,HEAVY_RAIN,GOOD,14.1,6.8
T000714,NH-13,2026-06-19 05:46:00,Arunachal Pradesh,Tawang,8.8,35,14.7,HIGH,MODERATE_RAIN,POOR,35.9,20.8
T000715,NH-13,2026-06-19 05:48:00,Arunachal Pradesh,West Kameng,21.4,40,26.8,MODERATE,CLEAR,POOR,47.9,15.8
T000716,NH-415,2026-06-19 05:50:00,Arunachal Pradesh,Papum Pare,17.1,50,37.5,MODERATE,MODERATE_RAIN,FAIR,27.4,6.9
T000717,NH-515,2026-06-19 05:52:00,Arunachal Pradesh,East Siang,20.3,60,52.8,LOW,LIGHT_RAIN,GOOD,23.1,2.8
T000718,NH-13,2026-06-19 05:54:00,Arunachal Pradesh,Lower Subansiri,11.1,40,4.0,STANDSTILL,TORRENTIAL_RAIN,POOR,166.5,149.8
T000719,NH-27,2026-06-19 05:56:00,Assam,Kamrup Metropolitan,10.0,80,41.6,MODERATE,HEAVY_RAIN,GOOD,14.4,6.9
T000720,NH-27,2026-06-19 05:58:00,Assam,Kamrup Rural,19.9,80,41.6,MODERATE,HEAVY_RAIN,GOOD,28.7,13.8
T000721,NH-15,2026-06-19 06:00:00,Assam,Darrang,7.9,65,33.8,MODERATE,HEAVY_RAIN,GOOD,14.0,6.7
T000722,NH-15,2026-06-19 06:02:00,Assam,Sonitpur,7.4,70,15.4,HIGH,TORRENTIAL_RAIN,GOOD,28.8,22.5
T000723,NH-37,2026-06-19 06:04:00,Assam,Dibrugarh,13.7,70,15.4,HIGH,TORRENTIAL_RAIN,GOOD,53.4,41.7
T000724,NH-37,2026-06-19 06:06:00,Assam,Cachar,11.4,60,60.0,LOW,CLEAR,GOOD,11.4,0.0
T000725,NH-27,2026-06-19 06:08:00,Assam,Nagaon,12.9,75,66.0,LOW,LIGHT_RAIN,GOOD,11.7,1.4
T000726,NH-206,2026-06-19 06:10:00,Meghalaya,East Khasi Hills,10.4,40,7.6,STANDSTILL,HEAVY_RAIN,POOR,82.1,66.5
T000727,NH-127B,2026-06-19 06:12:00,Meghalaya,West Khasi Hills,15.2,45,23.4,MODERATE,HEAVY_RAIN,FAIR,39.0,18.7
T000728,NH-06,2026-06-19 06:14:00,Meghalaya,Ri-Bhoi,12.0,65,14.3,HIGH,TORRENTIAL_RAIN,FAIR,50.3,39.2
T000729,NH-06,2026-06-19 06:16:00,Meghalaya,West Jaintia Hills,10.0,45,33.8,MODERATE,MODERATE_RAIN,FAIR,17.8,4.5
T000730,NH-10,2026-06-19 06:18:00,Sikkim,East Sikkim,11.7,35,14.7,HIGH,MODERATE_RAIN,POOR,47.8,27.7
T000731,NH-310,2026-06-19 06:20:00,Sikkim,North Sikkim,20.2,30,20.1,HIGH,CLEAR,POOR,60.3,19.9
T000732,NH-510,2026-06-19 06:22:00,Sikkim,South Sikkim,18.5,40,4.0,STANDSTILL,TORRENTIAL_RAIN,POOR,277.5,249.8
T000733,NH-29,2026-06-19 06:24:00,Nagaland,Kohima,10.1,40,16.8,HIGH,MODERATE_RAIN,POOR,36.1,21.0
T000734,NH-29,2026-06-19 06:26:00,Nagaland,Dimapur,15.1,65,57.2,LOW,LIGHT_RAIN,GOOD,15.8,1.9
T000735,NH-02,2026-06-19 06:28:00,Nagaland,Mokokchung,9.6,40,7.6,STANDSTILL,HEAVY_RAIN,POOR,75.8,61.4
T000736,NH-02,2026-06-19 06:30:00,Manipur,Imphal West,21.9,60,31.2,MODERATE,HEAVY_RAIN,GOOD,42.1,20.2
T000737,NH-02,2026-06-19 06:32:00,Manipur,Bishnupur,18.3,55,28.6,MODERATE,HEAVY_RAIN,GOOD,38.4,18.4
T000738,NH-02,2026-06-19 06:34:00,Manipur,Senapati,15.9,45,23.4,MODERATE,HEAVY_RAIN,FAIR,40.8,19.6
T000739,NH-54,2026-06-19 06:36:00,Mizoram,Aizawl,6.1,40,16.8,HIGH,MODERATE_RAIN,POOR,21.8,12.7
T000740,NH-54,2026-06-19 06:38:00,Mizoram,Kolasib,8.1,45,23.4,MODERATE,HEAVY_RAIN,FAIR,20.8,10.0
T000741,NH-54,2026-06-19 06:40:00,Mizoram,Lunglei,8.3,40,26.8,MODERATE,CLEAR,POOR,18.6,6.2
T000742,NH-08,2026-06-19 06:42:00,Tripura,West Tripura,16.1,65,65.0,LOW,CLEAR,GOOD,14.9,0.0
T000743,NH-08,2026-06-19 06:44:00,Tripura,Sipahijala,18.6,65,33.8,MODERATE,HEAVY_RAIN,GOOD,33.0,15.8
T000744,NH-08,2026-06-19 06:46:00,Tripura,Dhalai,7.4,55,28.6,MODERATE,HEAVY_RAIN,GOOD,15.5,7.4
T000745,NH-13,2026-06-19 06:48:00,Arunachal Pradesh,Tawang,21.0,35,19.2,HIGH,LIGHT_RAIN,POOR,65.6,29.6
T000746,NH-13,2026-06-19 06:50:00,Arunachal Pradesh,West Kameng,21.4,40,7.6,STANDSTILL,HEAVY_RAIN,POOR,168.9,136.8
T000747,NH-415,2026-06-19 06:52:00,Arunachal Pradesh,Papum Pare,6.5,50,44.0,MODERATE,LIGHT_RAIN,FAIR,8.9,1.1
T000748,NH-515,2026-06-19 06:54:00,Arunachal Pradesh,East Siang,10.5,60,31.2,MODERATE,HEAVY_RAIN,GOOD,20.2,9.7
T000749,NH-13,2026-06-19 06:56:00,Arunachal Pradesh,Lower Subansiri,15.1,40,16.8,HIGH,MODERATE_RAIN,POOR,53.9,31.2
T000750,NH-27,2026-06-19 06:58:00,Assam,Kamrup Metropolitan,19.1,80,41.6,MODERATE,HEAVY_RAIN,GOOD,27.5,13.2
T000751,NH-27,2026-06-19 07:00:00,Assam,Kamrup Rural,16.9,80,80.0,LOW,CLEAR,GOOD,12.7,0.0
T000752,NH-15,2026-06-19 07:02:00,Assam,Darrang,7.9,65,33.8,MODERATE,HEAVY_RAIN,GOOD,14.0,6.7
T000753,NH-15,2026-06-19 07:04:00,Assam,Sonitpur,8.8,70,52.5,LOW,MODERATE_RAIN,GOOD,10.1,2.6
T000754,NH-37,2026-06-19 07:06:00,Assam,Dibrugarh,5.9,70,61.6,LOW,LIGHT_RAIN,GOOD,5.7,0.6
T000755,NH-37,2026-06-19 07:08:00,Assam,Cachar,20.0,60,60.0,LOW,CLEAR,GOOD,20.0,0.0
T000756,NH-27,2026-06-19 07:10:00,Assam,Nagaon,16.5,75,75.0,LOW,CLEAR,GOOD,13.2,0.0
T000757,NH-206,2026-06-19 07:12:00,Meghalaya,East Khasi Hills,13.1,40,8.8,HIGH,TORRENTIAL_RAIN,FAIR,89.3,69.6
T000758,NH-127B,2026-06-19 07:14:00,Meghalaya,West Khasi Hills,21.1,45,45.0,LOW,CLEAR,FAIR,28.1,0.0
T000759,NH-06,2026-06-19 07:16:00,Meghalaya,Ri-Bhoi,5.1,65,14.3,HIGH,TORRENTIAL_RAIN,FAIR,21.4,16.7
T000760,NH-06,2026-06-19 07:18:00,Meghalaya,West Jaintia Hills,9.2,45,39.6,MODERATE,LIGHT_RAIN,FAIR,13.9,1.6
T000761,NH-10,2026-06-19 07:20:00,Sikkim,East Sikkim,12.4,35,23.5,MODERATE,CLEAR,POOR,31.7,10.4
T000762,NH-310,2026-06-19 07:22:00,Sikkim,North Sikkim,20.6,30,20.1,HIGH,CLEAR,POOR,61.5,20.3
T000763,NH-510,2026-06-19 07:24:00,Sikkim,South Sikkim,17.3,40,22.0,MODERATE,LIGHT_RAIN,POOR,47.2,21.3
T000764,NH-29,2026-06-19 07:26:00,Nagaland,Kohima,8.8,40,4.0,STANDSTILL,TORRENTIAL_RAIN,POOR,132.0,118.8
T000765,NH-29,2026-06-19 07:28:00,Nagaland,Dimapur,5.2,65,14.3,HIGH,TORRENTIAL_RAIN,GOOD,21.8,17.0
T000766,NH-02,2026-06-19 07:30:00,Nagaland,Mokokchung,12.2,40,22.0,MODERATE,LIGHT_RAIN,POOR,33.3,15.0
T000767,NH-02,2026-06-19 07:32:00,Manipur,Imphal West,5.3,60,13.2,HIGH,TORRENTIAL_RAIN,GOOD,24.1,18.8
T000768,NH-02,2026-06-19 07:34:00,Manipur,Bishnupur,10.8,55,48.4,LOW,LIGHT_RAIN,GOOD,13.4,1.6
T000769,NH-02,2026-06-19 07:36:00,Manipur,Senapati,6.0,45,33.8,MODERATE,MODERATE_RAIN,FAIR,10.7,2.7
T000770,NH-54,2026-06-19 07:38:00,Mizoram,Aizawl,11.7,40,22.0,MODERATE,LIGHT_RAIN,POOR,31.9,14.4
T000771,NH-54,2026-06-19 07:40:00,Mizoram,Kolasib,8.9,45,33.8,MODERATE,MODERATE_RAIN,FAIR,15.8,3.9
T000772,NH-54,2026-06-19 07:42:00,Mizoram,Lunglei,8.4,40,7.6,STANDSTILL,HEAVY_RAIN,POOR,66.3,53.7
T000773,NH-08,2026-06-19 07:44:00,Tripura,West Tripura,14.0,65,48.8,LOW,MODERATE_RAIN,GOOD,17.2,4.3
T000774,NH-08,2026-06-19 07:46:00,Tripura,Sipahijala,16.9,65,65.0,LOW,CLEAR,GOOD,15.6,0.0
T000775,NH-08,2026-06-19 07:48:00,Tripura,Dhalai,16.0,55,48.4,LOW,LIGHT_RAIN,GOOD,19.8,2.3
T000776,NH-13,2026-06-19 07:50:00,Arunachal Pradesh,Tawang,16.3,35,23.5,MODERATE,CLEAR,POOR,41.6,13.7
T000777,NH-13,2026-06-19 07:52:00,Arunachal Pradesh,West Kameng,16.9,40,4.0,STANDSTILL,TORRENTIAL_RAIN,POOR,253.5,228.2
T000778,NH-415,2026-06-19 07:54:00,Arunachal Pradesh,Papum Pare,12.3,50,37.5,MODERATE,MODERATE_RAIN,FAIR,19.7,4.9
T000779,NH-515,2026-06-19 07:56:00,Arunachal Pradesh,East Siang,13.4,60,52.8,LOW,LIGHT_RAIN,GOOD,15.2,1.8
T000780,NH-13,2026-06-19 07:58:00,Arunachal Pradesh,Lower Subansiri,12.3,40,26.8,MODERATE,CLEAR,POOR,27.5,9.1
T000781,NH-27,2026-06-19 08:00:00,Assam,Kamrup Metropolitan,8.4,80,41.6,MODERATE,HEAVY_RAIN,GOOD,12.1,5.8
T000782,NH-27,2026-06-19 08:02:00,Assam,Kamrup Rural,13.4,80,80.0,LOW,CLEAR,GOOD,10.1,0.0
T000783,NH-15,2026-06-19 08:04:00,Assam,Darrang,15.5,65,14.3,HIGH,TORRENTIAL_RAIN,GOOD,65.0,50.7
T000784,NH-15,2026-06-19 08:06:00,Assam,Sonitpur,17.7,70,15.4,HIGH,TORRENTIAL_RAIN,GOOD,69.0,53.8
T000785,NH-37,2026-06-19 08:08:00,Assam,Dibrugarh,16.9,70,52.5,LOW,MODERATE_RAIN,GOOD,19.3,4.8
T000786,NH-37,2026-06-19 08:10:00,Assam,Cachar,21.3,60,45.0,LOW,MODERATE_RAIN,GOOD,28.4,7.1
T000787,NH-27,2026-06-19 08:12:00,Assam,Nagaon,10.4,75,56.2,LOW,MODERATE_RAIN,GOOD,11.1,2.8
T000788,NH-206,2026-06-19 08:14:00,Meghalaya,East Khasi Hills,16.8,40,4.0,STANDSTILL,TORRENTIAL_RAIN,POOR,252.0,226.8
T000789,NH-127B,2026-06-19 08:16:00,Meghalaya,West Khasi Hills,18.9,45,45.0,LOW,CLEAR,FAIR,25.2,0.0
T000790,NH-06,2026-06-19 08:18:00,Meghalaya,Ri-Bhoi,10.0,65,33.8,MODERATE,HEAVY_RAIN,FAIR,17.8,8.6
T000791,NH-06,2026-06-19 08:20:00,Meghalaya,West Jaintia Hills,18.1,45,23.4,MODERATE,HEAVY_RAIN,FAIR,46.4,22.3
T000792,NH-10,2026-06-19 08:22:00,Sikkim,East Sikkim,8.7,35,23.5,MODERATE,CLEAR,POOR,22.2,7.3
T000793,NH-310,2026-06-19 08:24:00,Sikkim,North Sikkim,21.9,30,5.7,STANDSTILL,HEAVY_RAIN,POOR,230.5,186.7
T000794,NH-510,2026-06-19 08:26:00,Sikkim,South Sikkim,10.9,40,4.0,STANDSTILL,TORRENTIAL_RAIN,POOR,163.5,147.2
T000795,NH-29,2026-06-19 08:28:00,Nagaland,Kohima,10.7,40,22.0,MODERATE,LIGHT_RAIN,POOR,29.2,13.2
T000796,NH-29,2026-06-19 08:30:00,Nagaland,Dimapur,11.7,65,48.8,LOW,MODERATE_RAIN,GOOD,14.4,3.6
T000797,NH-02,2026-06-19 08:32:00,Nagaland,Mokokchung,15.1,40,16.8,HIGH,MODERATE_RAIN,POOR,53.9,31.2
T000798,NH-02,2026-06-19 08:34:00,Manipur,Imphal West,8.4,60,45.0,LOW,MODERATE_RAIN,GOOD,11.2,2.8
T000799,NH-02,2026-06-19 08:36:00,Manipur,Bishnupur,7.3,55,55.0,LOW,CLEAR,GOOD,8.0,0.0
T000800,NH-02,2026-06-19 08:38:00,Manipur,Senapati,12.9,45,23.4,MODERATE,HEAVY_RAIN,FAIR,33.1,15.9
T000801,NH-54,2026-06-19 08:40:00,Mizoram,Aizawl,13.0,40,7.6,STANDSTILL,HEAVY_RAIN,POOR,102.6,83.1
T000802,NH-54,2026-06-19 08:42:00,Mizoram,Kolasib,11.6,45,39.6,MODERATE,LIGHT_RAIN,FAIR,17.6,2.1
T000803,NH-54,2026-06-19 08:44:00,Mizoram,Lunglei,5.0,40,26.8,MODERATE,CLEAR,POOR,11.2,3.7
T000804,NH-08,2026-06-19 08:46:00,Tripura,West Tripura,19.6,65,65.0,LOW,CLEAR,GOOD,18.1,0.0
T000805,NH-08,2026-06-19 08:48:00,Tripura,Sipahijala,6.8,65,48.8,LOW,MODERATE_RAIN,GOOD,8.4,2.1
T000806,NH-08,2026-06-19 08:50:00,Tripura,Dhalai,11.5,55,28.6,MODERATE,HEAVY_RAIN,GOOD,24.1,11.6
T000807,NH-13,2026-06-19 08:52:00,Arunachal Pradesh,Tawang,8.3,35,4.0,STANDSTILL,TORRENTIAL_RAIN,POOR,124.5,110.3
T000808,NH-13,2026-06-19 08:54:00,Arunachal Pradesh,West Kameng,14.4,40,22.0,MODERATE,LIGHT_RAIN,POOR,39.3,17.7
T000809,NH-415,2026-06-19 08:56:00,Arunachal Pradesh,Papum Pare,18.3,50,37.5,MODERATE,MODERATE_RAIN,FAIR,29.3,7.3
T000810,NH-515,2026-06-19 08:58:00,Arunachal Pradesh,East Siang,13.4,60,13.2,HIGH,TORRENTIAL_RAIN,GOOD,60.9,47.5
T000811,NH-13,2026-06-19 09:00:00,Arunachal Pradesh,Lower Subansiri,8.4,40,7.6,STANDSTILL,HEAVY_RAIN,POOR,66.3,53.7
T000812,NH-27,2026-06-19 09:02:00,Assam,Kamrup Metropolitan,14.6,80,70.4,LOW,LIGHT_RAIN,GOOD,12.4,1.5
T000813,NH-27,2026-06-19 09:04:00,Assam,Kamrup Rural,21.3,80,17.6,HIGH,TORRENTIAL_RAIN,GOOD,72.6,56.6
T000814,NH-15,2026-06-19 09:06:00,Assam,Darrang,5.4,65,48.8,LOW,MODERATE_RAIN,GOOD,6.6,1.6
T000815,NH-15,2026-06-19 09:08:00,Assam,Sonitpur,20.2,70,52.5,LOW,MODERATE_RAIN,GOOD,23.1,5.8
T000816,NH-37,2026-06-19 09:10:00,Assam,Dibrugarh,10.0,70,61.6,LOW,LIGHT_RAIN,GOOD,9.7,1.1
T000817,NH-37,2026-06-19 09:12:00,Assam,Cachar,13.8,60,52.8,LOW,LIGHT_RAIN,GOOD,15.7,1.9
T000818,NH-27,2026-06-19 09:14:00,Assam,Nagaon,14.5,75,56.2,LOW,MODERATE_RAIN,GOOD,15.5,3.9
T000819,NH-206,2026-06-19 09:16:00,Meghalaya,East Khasi Hills,16.8,40,22.0,MODERATE,LIGHT_RAIN,POOR,45.8,20.6
T000820,NH-127B,2026-06-19 09:18:00,Meghalaya,West Khasi Hills,15.1,45,39.6,MODERATE,LIGHT_RAIN,FAIR,22.9,2.8
T000821,NH-06,2026-06-19 09:20:00,Meghalaya,Ri-Bhoi,19.6,65,65.0,LOW,CLEAR,FAIR,18.1,0.0
T000822,NH-06,2026-06-19 09:22:00,Meghalaya,West Jaintia Hills,20.1,45,39.6,MODERATE,LIGHT_RAIN,FAIR,30.5,3.7
T000823,NH-10,2026-06-19 09:24:00,Sikkim,East Sikkim,19.7,35,23.5,MODERATE,CLEAR,POOR,50.3,16.5
T000824,NH-310,2026-06-19 09:26:00,Sikkim,North Sikkim,17.1,30,5.7,STANDSTILL,HEAVY_RAIN,POOR,180.0,145.8
T000825,NH-510,2026-06-19 09:28:00,Sikkim,South Sikkim,20.6,40,26.8,MODERATE,CLEAR,POOR,46.1,15.2
T000826,NH-29,2026-06-19 09:30:00,Nagaland,Kohima,8.6,40,16.8,HIGH,MODERATE_RAIN,POOR,30.7,17.8
T000827,NH-29,2026-06-19 09:32:00,Nagaland,Dimapur,8.1,65,14.3,HIGH,TORRENTIAL_RAIN,GOOD,34.0,26.5
T000828,NH-02,2026-06-19 09:34:00,Nagaland,Mokokchung,11.1,40,8.8,HIGH,TORRENTIAL_RAIN,FAIR,75.7,59.1
T000829,NH-02,2026-06-19 09:36:00,Manipur,Imphal West,10.3,60,60.0,LOW,CLEAR,GOOD,10.3,0.0
T000830,NH-02,2026-06-19 09:38:00,Manipur,Bishnupur,19.0,55,55.0,LOW,CLEAR,GOOD,20.7,0.0
T000831,NH-02,2026-06-19 09:40:00,Manipur,Senapati,8.2,45,23.4,MODERATE,HEAVY_RAIN,FAIR,21.0,10.1
T000832,NH-54,2026-06-19 09:42:00,Mizoram,Aizawl,9.6,40,7.6,STANDSTILL,HEAVY_RAIN,POOR,75.8,61.4
T000833,NH-54,2026-06-19 09:44:00,Mizoram,Kolasib,8.7,45,9.9,HIGH,TORRENTIAL_RAIN,FAIR,52.7,41.1
T000834,NH-54,2026-06-19 09:46:00,Mizoram,Lunglei,21.1,40,16.8,HIGH,MODERATE_RAIN,POOR,75.4,43.8
T000835,NH-08,2026-06-19 09:48:00,Tripura,West Tripura,13.2,65,14.3,HIGH,TORRENTIAL_RAIN,GOOD,55.4,43.2
T000836,NH-08,2026-06-19 09:50:00,Tripura,Sipahijala,20.2,65,48.8,LOW,MODERATE_RAIN,GOOD,24.8,6.2
T000837,NH-08,2026-06-19 09:52:00,Tripura,Dhalai,14.0,55,28.6,MODERATE,HEAVY_RAIN,GOOD,29.4,14.1
T000838,NH-13,2026-06-19 09:54:00,Arunachal Pradesh,Tawang,15.7,35,14.7,HIGH,MODERATE_RAIN,POOR,64.1,37.2
T000839,NH-13,2026-06-19 09:56:00,Arunachal Pradesh,West Kameng,8.6,40,26.8,MODERATE,CLEAR,POOR,19.3,6.4
T000840,NH-415,2026-06-19 09:58:00,Arunachal Pradesh,Papum Pare,8.0,50,11.0,HIGH,TORRENTIAL_RAIN,FAIR,43.6,34.0
T000841,NH-515,2026-06-19 10:00:00,Arunachal Pradesh,East Siang,16.0,60,45.0,LOW,MODERATE_RAIN,GOOD,21.3,5.3
T000842,NH-13,2026-06-19 10:02:00,Arunachal Pradesh,Lower Subansiri,20.5,40,7.6,STANDSTILL,HEAVY_RAIN,POOR,161.8,131.1
T000843,NH-27,2026-06-19 10:04:00,Assam,Kamrup Metropolitan,15.2,80,17.6,HIGH,TORRENTIAL_RAIN,GOOD,51.8,40.4
T000844,NH-27,2026-06-19 10:06:00,Assam,Kamrup Rural,18.0,80,41.6,MODERATE,HEAVY_RAIN,GOOD,26.0,12.5
T000845,NH-15,2026-06-19 10:08:00,Assam,Darrang,11.7,65,48.8,LOW,MODERATE_RAIN,GOOD,14.4,3.6
T000846,NH-15,2026-06-19 10:10:00,Assam,Sonitpur,10.1,70,70.0,LOW,CLEAR,GOOD,8.7,0.0
T000847,NH-37,2026-06-19 10:12:00,Assam,Dibrugarh,7.0,70,70.0,LOW,CLEAR,GOOD,6.0,0.0
T000848,NH-37,2026-06-19 10:14:00,Assam,Cachar,8.9,60,60.0,LOW,CLEAR,GOOD,8.9,0.0
T000849,NH-27,2026-06-19 10:16:00,Assam,Nagaon,21.9,75,56.2,LOW,MODERATE_RAIN,GOOD,23.4,5.9
T000850,NH-206,2026-06-19 10:18:00,Meghalaya,East Khasi Hills,21.4,40,4.0,STANDSTILL,TORRENTIAL_RAIN,POOR,321.0,288.9
T000851,NH-127B,2026-06-19 10:20:00,Meghalaya,West Khasi Hills,20.5,45,45.0,LOW,CLEAR,FAIR,27.3,0.0
T000852,NH-06,2026-06-19 10:22:00,Meghalaya,Ri-Bhoi,9.8,65,14.3,HIGH,TORRENTIAL_RAIN,FAIR,41.1,32.1
T000853,NH-06,2026-06-19 10:24:00,Meghalaya,West Jaintia Hills,16.5,45,23.4,MODERATE,HEAVY_RAIN,FAIR,42.3,20.3
T000854,NH-10,2026-06-19 10:26:00,Sikkim,East Sikkim,14.3,35,6.6,STANDSTILL,HEAVY_RAIN,POOR,130.0,105.5
T000855,NH-310,2026-06-19 10:28:00,Sikkim,North Sikkim,21.5,30,20.1,HIGH,CLEAR,POOR,64.2,21.2
T000856,NH-510,2026-06-19 10:30:00,Sikkim,South Sikkim,12.7,40,26.8,MODERATE,CLEAR,POOR,28.4,9.3
T000857,NH-29,2026-06-19 10:32:00,Nagaland,Kohima,13.9,40,7.6,STANDSTILL,HEAVY_RAIN,POOR,109.7,88.8
T000858,NH-29,2026-06-19 10:34:00,Nagaland,Dimapur,10.8,65,14.3,HIGH,TORRENTIAL_RAIN,GOOD,45.3,35.3
T000859,NH-02,2026-06-19 10:36:00,Nagaland,Mokokchung,12.7,40,22.0,MODERATE,LIGHT_RAIN,POOR,34.6,15.6
T000860,NH-02,2026-06-19 10:38:00,Manipur,Imphal West,15.7,60,60.0,LOW,CLEAR,GOOD,15.7,0.0
T000861,NH-02,2026-06-19 10:40:00,Manipur,Bishnupur,10.1,55,48.4,LOW,LIGHT_RAIN,GOOD,12.5,1.5
T000862,NH-02,2026-06-19 10:42:00,Manipur,Senapati,10.4,45,9.9,HIGH,TORRENTIAL_RAIN,FAIR,63.0,49.1
T000863,NH-54,2026-06-19 10:44:00,Mizoram,Aizawl,12.7,40,22.0,MODERATE,LIGHT_RAIN,POOR,34.6,15.6
T000864,NH-54,2026-06-19 10:46:00,Mizoram,Kolasib,10.9,45,45.0,LOW,CLEAR,FAIR,14.5,0.0
T000865,NH-54,2026-06-19 10:48:00,Mizoram,Lunglei,6.4,40,16.8,HIGH,MODERATE_RAIN,POOR,22.9,13.3
T000866,NH-08,2026-06-19 10:50:00,Tripura,West Tripura,18.6,65,48.8,LOW,MODERATE_RAIN,GOOD,22.9,5.7
T000867,NH-08,2026-06-19 10:52:00,Tripura,Sipahijala,6.5,65,33.8,MODERATE,HEAVY_RAIN,GOOD,11.5,5.5
T000868,NH-08,2026-06-19 10:54:00,Tripura,Dhalai,12.6,55,48.4,LOW,LIGHT_RAIN,GOOD,15.6,1.9
T000869,NH-13,2026-06-19 10:56:00,Arunachal Pradesh,Tawang,15.9,35,4.0,STANDSTILL,TORRENTIAL_RAIN,POOR,238.5,211.2
T000870,NH-13,2026-06-19 10:58:00,Arunachal Pradesh,West Kameng,15.7,40,16.8,HIGH,MODERATE_RAIN,POOR,56.1,32.6
T000871,NH-415,2026-06-19 11:00:00,Arunachal Pradesh,Papum Pare,8.7,50,50.0,LOW,CLEAR,FAIR,10.4,0.0
T000872,NH-515,2026-06-19 11:02:00,Arunachal Pradesh,East Siang,20.5,60,52.8,LOW,LIGHT_RAIN,GOOD,23.3,2.8
T000873,NH-13,2026-06-19 11:04:00,Arunachal Pradesh,Lower Subansiri,7.8,40,7.6,STANDSTILL,HEAVY_RAIN,POOR,61.6,49.9
T000874,NH-27,2026-06-19 11:06:00,Assam,Kamrup Metropolitan,11.2,80,17.6,HIGH,TORRENTIAL_RAIN,GOOD,38.2,29.8
T000875,NH-27,2026-06-19 11:08:00,Assam,Kamrup Rural,7.2,80,70.4,LOW,LIGHT_RAIN,GOOD,6.1,0.7
T000876,NH-15,2026-06-19 11:10:00,Assam,Darrang,20.3,65,14.3,HIGH,TORRENTIAL_RAIN,GOOD,85.2,66.5
T000877,NH-15,2026-06-19 11:12:00,Assam,Sonitpur,6.9,70,52.5,LOW,MODERATE_RAIN,GOOD,7.9,2.0
T000878,NH-37,2026-06-19 11:14:00,Assam,Dibrugarh,9.8,70,15.4,HIGH,TORRENTIAL_RAIN,GOOD,38.2,29.8
T000879,NH-37,2026-06-19 11:16:00,Assam,Cachar,8.2,60,13.2,HIGH,TORRENTIAL_RAIN,GOOD,37.3,29.1
T000880,NH-27,2026-06-19 11:18:00,Assam,Nagaon,15.3,75,56.2,LOW,MODERATE_RAIN,GOOD,16.3,4.1
T000881,NH-206,2026-06-19 11:20:00,Meghalaya,East Khasi Hills,10.8,40,4.0,STANDSTILL,TORRENTIAL_RAIN,POOR,162.0,145.8
T000882,NH-127B,2026-06-19 11:22:00,Meghalaya,West Khasi Hills,6.9,45,45.0,LOW,CLEAR,FAIR,9.2,0.0
T000883,NH-06,2026-06-19 11:24:00,Meghalaya,Ri-Bhoi,10.6,65,57.2,LOW,LIGHT_RAIN,GOOD,11.1,1.3
T000884,NH-06,2026-06-19 11:26:00,Meghalaya,West Jaintia Hills,13.0,45,9.9,HIGH,TORRENTIAL_RAIN,FAIR,78.8,61.5
T000885,NH-10,2026-06-19 11:28:00,Sikkim,East Sikkim,17.9,35,23.5,MODERATE,CLEAR,POOR,45.7,15.0
T000886,NH-310,2026-06-19 11:30:00,Sikkim,North Sikkim,21.4,30,16.5,HIGH,LIGHT_RAIN,POOR,77.8,35.0
T000887,NH-510,2026-06-19 11:32:00,Sikkim,South Sikkim,7.6,40,4.0,STANDSTILL,TORRENTIAL_RAIN,POOR,114.0,102.6
T000888,NH-29,2026-06-19 11:34:00,Nagaland,Kohima,11.2,40,4.0,STANDSTILL,TORRENTIAL_RAIN,POOR,168.0,151.2
T000889,NH-29,2026-06-19 11:36:00,Nagaland,Dimapur,8.7,65,48.8,LOW,MODERATE_RAIN,GOOD,10.7,2.7
T000890,NH-02,2026-06-19 11:38:00,Nagaland,Mokokchung,16.0,40,16.8,HIGH,MODERATE_RAIN,POOR,57.1,33.1
T000891,NH-02,2026-06-19 11:40:00,Manipur,Imphal West,12.0,60,60.0,LOW,CLEAR,GOOD,12.0,0.0
T000892,NH-02,2026-06-19 11:42:00,Manipur,Bishnupur,19.1,55,28.6,MODERATE,HEAVY_RAIN,GOOD,40.1,19.3
T000893,NH-02,2026-06-19 11:44:00,Manipur,Senapati,19.4,45,33.8,MODERATE,MODERATE_RAIN,FAIR,34.4,8.5
T000894,NH-54,2026-06-19 11:46:00,Mizoram,Aizawl,6.5,40,26.8,MODERATE,CLEAR,POOR,14.6,4.8
T000895,NH-54,2026-06-19 11:48:00,Mizoram,Kolasib,18.7,45,9.9,HIGH,TORRENTIAL_RAIN,FAIR,113.3,88.4
T000896,NH-54,2026-06-19 11:50:00,Mizoram,Lunglei,21.0,40,7.6,STANDSTILL,HEAVY_RAIN,POOR,165.8,134.3
T000897,NH-08,2026-06-19 11:52:00,Tripura,West Tripura,13.6,65,33.8,MODERATE,HEAVY_RAIN,GOOD,24.1,11.5
T000898,NH-08,2026-06-19 11:54:00,Tripura,Sipahijala,10.8,65,65.0,LOW,CLEAR,GOOD,10.0,0.0
T000899,NH-08,2026-06-19 11:56:00,Tripura,Dhalai,16.6,55,28.6,MODERATE,HEAVY_RAIN,GOOD,34.8,16.7
T000900,NH-13,2026-06-19 11:58:00,Arunachal Pradesh,Tawang,20.2,35,14.7,HIGH,MODERATE_RAIN,POOR,82.4,47.8
T000901,NH-13,2026-06-19 12:00:00,Arunachal Pradesh,West Kameng,17.2,40,7.6,STANDSTILL,HEAVY_RAIN,POOR,135.8,110.0
T000902,NH-415,2026-06-19 12:02:00,Arunachal Pradesh,Papum Pare,8.1,50,11.0,HIGH,TORRENTIAL_RAIN,FAIR,44.2,34.5
T000903,NH-515,2026-06-19 12:04:00,Arunachal Pradesh,East Siang,11.7,60,60.0,LOW,CLEAR,GOOD,11.7,0.0
T000904,NH-13,2026-06-19 12:06:00,Arunachal Pradesh,Lower Subansiri,14.3,40,22.0,MODERATE,LIGHT_RAIN,POOR,39.0,17.5
T000905,NH-27,2026-06-19 12:08:00,Assam,Kamrup Metropolitan,17.7,80,80.0,LOW,CLEAR,GOOD,13.3,0.0
T000906,NH-27,2026-06-19 12:10:00,Assam,Kamrup Rural,15.0,80,41.6,MODERATE,HEAVY_RAIN,GOOD,21.6,10.4
T000907,NH-15,2026-06-19 12:12:00,Assam,Darrang,15.8,65,57.2,LOW,LIGHT_RAIN,GOOD,16.6,2.0
T000908,NH-15,2026-06-19 12:14:00,Assam,Sonitpur,15.7,70,36.4,MODERATE,HEAVY_RAIN,GOOD,25.9,12.4
T000909,NH-37,2026-06-19 12:16:00,Assam,Dibrugarh,7.1,70,61.6,LOW,LIGHT_RAIN,GOOD,6.9,0.8
T000910,NH-37,2026-06-19 12:18:00,Assam,Cachar,18.7,60,31.2,MODERATE,HEAVY_RAIN,GOOD,36.0,17.3
T000911,NH-27,2026-06-19 12:20:00,Assam,Nagaon,8.6,75,39.0,MODERATE,HEAVY_RAIN,GOOD,13.2,6.3
T000912,NH-206,2026-06-19 12:22:00,Meghalaya,East Khasi Hills,8.1,40,35.2,MODERATE,LIGHT_RAIN,FAIR,13.8,1.7
T000913,NH-127B,2026-06-19 12:24:00,Meghalaya,West Khasi Hills,5.2,45,45.0,LOW,CLEAR,FAIR,6.9,0.0
T000914,NH-06,2026-06-19 12:26:00,Meghalaya,Ri-Bhoi,10.0,65,14.3,HIGH,TORRENTIAL_RAIN,FAIR,42.0,32.8
T000915,NH-06,2026-06-19 12:28:00,Meghalaya,West Jaintia Hills,11.2,45,23.4,MODERATE,HEAVY_RAIN,FAIR,28.7,13.8
T000916,NH-10,2026-06-19 12:30:00,Sikkim,East Sikkim,5.7,35,14.7,HIGH,MODERATE_RAIN,POOR,23.3,13.5
T000917,NH-310,2026-06-19 12:32:00,Sikkim,North Sikkim,18.5,30,5.7,STANDSTILL,HEAVY_RAIN,POOR,194.7,157.7
T000918,NH-510,2026-06-19 12:34:00,Sikkim,South Sikkim,11.9,40,7.6,STANDSTILL,HEAVY_RAIN,POOR,93.9,76.1
T000919,NH-29,2026-06-19 12:36:00,Nagaland,Kohima,10.8,40,26.8,MODERATE,CLEAR,POOR,24.2,8.0
T000920,NH-29,2026-06-19 12:38:00,Nagaland,Dimapur,16.2,65,33.8,MODERATE,HEAVY_RAIN,GOOD,28.8,13.8
T000921,NH-02,2026-06-19 12:40:00,Nagaland,Mokokchung,6.3,40,22.0,MODERATE,LIGHT_RAIN,POOR,17.2,7.8
T000922,NH-02,2026-06-19 12:42:00,Manipur,Imphal West,13.2,60,31.2,MODERATE,HEAVY_RAIN,GOOD,25.4,12.2
T000923,NH-02,2026-06-19 12:44:00,Manipur,Bishnupur,14.8,55,12.1,HIGH,TORRENTIAL_RAIN,GOOD,73.4,57.3
T000924,NH-02,2026-06-19 12:46:00,Manipur,Senapati,19.4,45,18.9,HIGH,MODERATE_RAIN,POOR,61.6,35.7
T000925,NH-54,2026-06-19 12:48:00,Mizoram,Aizawl,9.1,40,4.0,STANDSTILL,TORRENTIAL_RAIN,POOR,136.5,122.8
T000926,NH-54,2026-06-19 12:50:00,Mizoram,Kolasib,12.4,45,9.9,HIGH,TORRENTIAL_RAIN,FAIR,75.2,58.7
T000927,NH-54,2026-06-19 12:52:00,Mizoram,Lunglei,8.4,40,4.0,STANDSTILL,TORRENTIAL_RAIN,POOR,126.0,113.4
T000928,NH-08,2026-06-19 12:54:00,Tripura,West Tripura,6.4,65,65.0,LOW,CLEAR,GOOD,5.9,0.0
T000929,NH-08,2026-06-19 12:56:00,Tripura,Sipahijala,13.2,65,57.2,LOW,LIGHT_RAIN,GOOD,13.8,1.6
T000930,NH-08,2026-06-19 12:58:00,Tripura,Dhalai,18.2,55,48.4,LOW,LIGHT_RAIN,GOOD,22.6,2.7
T000931,NH-13,2026-06-19 13:00:00,Arunachal Pradesh,Tawang,12.0,35,4.0,STANDSTILL,TORRENTIAL_RAIN,POOR,180.0,159.4
T000932,NH-13,2026-06-19 13:02:00,Arunachal Pradesh,West Kameng,12.1,40,26.8,MODERATE,CLEAR,POOR,27.1,9.0
T000933,NH-415,2026-06-19 13:04:00,Arunachal Pradesh,Papum Pare,19.6,50,50.0,LOW,CLEAR,FAIR,23.5,0.0
T000934,NH-515,2026-06-19 13:06:00,Arunachal Pradesh,East Siang,18.6,60,31.2,MODERATE,HEAVY_RAIN,GOOD,35.8,17.2
T000935,NH-13,2026-06-19 13:08:00,Arunachal Pradesh,Lower Subansiri,14.8,40,8.8,HIGH,TORRENTIAL_RAIN,FAIR,100.9,78.7
T000936,NH-27,2026-06-19 13:10:00,Assam,Kamrup Metropolitan,13.4,80,17.6,HIGH,TORRENTIAL_RAIN,GOOD,45.7,35.7
T000937,NH-27,2026-06-19 13:12:00,Assam,Kamrup Rural,20.1,80,70.4,LOW,LIGHT_RAIN,GOOD,17.1,2.0
T000938,NH-15,2026-06-19 13:14:00,Assam,Darrang,6.8,65,65.0,LOW,CLEAR,GOOD,6.3,0.0
T000939,NH-15,2026-06-19 13:16:00,Assam,Sonitpur,14.3,70,70.0,LOW,CLEAR,GOOD,12.3,0.0
T000940,NH-37,2026-06-19 13:18:00,Assam,Dibrugarh,16.5,70,52.5,LOW,MODERATE_RAIN,GOOD,18.9,4.8
T000941,NH-37,2026-06-19 13:20:00,Assam,Cachar,8.9,60,13.2,HIGH,TORRENTIAL_RAIN,GOOD,40.5,31.6
T000942,NH-27,2026-06-19 13:22:00,Assam,Nagaon,13.0,75,16.5,HIGH,TORRENTIAL_RAIN,GOOD,47.3,36.9
T000943,NH-206,2026-06-19 13:24:00,Meghalaya,East Khasi Hills,5.9,40,20.8,HIGH,HEAVY_RAIN,FAIR,17.0,8.1
T000944,NH-127B,2026-06-19 13:26:00,Meghalaya,West Khasi Hills,17.2,45,45.0,LOW,CLEAR,FAIR,22.9,0.0
T000945,NH-06,2026-06-19 13:28:00,Meghalaya,Ri-Bhoi,9.2,65,33.8,MODERATE,HEAVY_RAIN,FAIR,16.3,7.8
T000946,NH-06,2026-06-19 13:30:00,Meghalaya,West Jaintia Hills,21.0,45,39.6,MODERATE,LIGHT_RAIN,FAIR,31.8,3.8
T000947,NH-10,2026-06-19 13:32:00,Sikkim,East Sikkim,9.2,35,19.2,HIGH,LIGHT_RAIN,POOR,28.7,12.9
T000948,NH-310,2026-06-19 13:34:00,Sikkim,North Sikkim,16.3,30,20.1,HIGH,CLEAR,POOR,48.7,16.1
T000949,NH-510,2026-06-19 13:36:00,Sikkim,South Sikkim,20.7,40,16.8,HIGH,MODERATE_RAIN,POOR,73.9,42.9
T000950,NH-29,2026-06-19 13:38:00,Nagaland,Kohima,10.1,40,4.0,STANDSTILL,TORRENTIAL_RAIN,POOR,151.5,136.3
T000951,NH-29,2026-06-19 13:40:00,Nagaland,Dimapur,5.6,65,33.8,MODERATE,HEAVY_RAIN,GOOD,9.9,4.7
T000952,NH-02,2026-06-19 13:42:00,Nagaland,Mokokchung,7.2,40,8.8,HIGH,TORRENTIAL_RAIN,FAIR,49.1,38.3
T000953,NH-02,2026-06-19 13:44:00,Manipur,Imphal West,7.4,60,31.2,MODERATE,HEAVY_RAIN,GOOD,14.2,6.8
T000954,NH-02,2026-06-19 13:46:00,Manipur,Bishnupur,10.9,55,28.6,MODERATE,HEAVY_RAIN,GOOD,22.9,11.0
T000955,NH-02,2026-06-19 13:48:00,Manipur,Senapati,18.1,45,4.0,STANDSTILL,TORRENTIAL_RAIN,POOR,271.5,247.4
T000956,NH-54,2026-06-19 13:50:00,Mizoram,Aizawl,15.0,40,16.8,HIGH,MODERATE_RAIN,POOR,53.6,31.1
T000957,NH-54,2026-06-19 13:52:00,Mizoram,Kolasib,12.4,45,33.8,MODERATE,MODERATE_RAIN,FAIR,22.0,5.5
T000958,NH-54,2026-06-19 13:54:00,Mizoram,Lunglei,12.4,40,16.8,HIGH,MODERATE_RAIN,POOR,44.3,25.7
T000959,NH-08,2026-06-19 13:56:00,Tripura,West Tripura,15.2,65,57.2,LOW,LIGHT_RAIN,GOOD,15.9,1.9
T000960,NH-08,2026-06-19 13:58:00,Tripura,Sipahijala,7.6,65,65.0,LOW,CLEAR,GOOD,7.0,0.0
T000961,NH-08,2026-06-19 14:00:00,Tripura,Dhalai,9.3,55,55.0,LOW,CLEAR,GOOD,10.1,0.0
T000962,NH-13,2026-06-19 14:02:00,Arunachal Pradesh,Tawang,13.2,35,14.7,HIGH,MODERATE_RAIN,POOR,53.9,31.3
T000963,NH-13,2026-06-19 14:04:00,Arunachal Pradesh,West Kameng,17.4,40,26.8,MODERATE,CLEAR,POOR,39.0,12.9
T000964,NH-415,2026-06-19 14:06:00,Arunachal Pradesh,Papum Pare,6.6,50,11.0,HIGH,TORRENTIAL_RAIN,FAIR,36.0,28.1
T000965,NH-515,2026-06-19 14:08:00,Arunachal Pradesh,East Siang,19.1,60,31.2,MODERATE,HEAVY_RAIN,GOOD,36.7,17.6
T000966,NH-13,2026-06-19 14:10:00,Arunachal Pradesh,Lower Subansiri,6.7,40,22.0,MODERATE,LIGHT_RAIN,POOR,18.3,8.2
T000967,NH-27,2026-06-19 14:12:00,Assam,Kamrup Metropolitan,12.5,80,70.4,LOW,LIGHT_RAIN,GOOD,10.7,1.3
T000968,NH-27,2026-06-19 14:14:00,Assam,Kamrup Rural,17.5,80,17.6,HIGH,TORRENTIAL_RAIN,GOOD,59.7,46.6
T000969,NH-15,2026-06-19 14:16:00,Assam,Darrang,5.4,65,57.2,LOW,LIGHT_RAIN,GOOD,5.7,0.7
T000970,NH-15,2026-06-19 14:18:00,Assam,Sonitpur,12.0,70,36.4,MODERATE,HEAVY_RAIN,GOOD,19.8,9.5
T000971,NH-37,2026-06-19 14:20:00,Assam,Dibrugarh,6.2,70,36.4,MODERATE,HEAVY_RAIN,GOOD,10.2,4.9
T000972,NH-37,2026-06-19 14:22:00,Assam,Cachar,18.3,60,52.8,LOW,LIGHT_RAIN,GOOD,20.8,2.5
T000973,NH-27,2026-06-19 14:24:00,Assam,Nagaon,21.0,75,66.0,LOW,LIGHT_RAIN,GOOD,19.1,2.3
T000974,NH-206,2026-06-19 14:26:00,Meghalaya,East Khasi Hills,21.4,40,4.0,STANDSTILL,TORRENTIAL_RAIN,POOR,321.0,288.9
T000975,NH-127B,2026-06-19 14:28:00,Meghalaya,West Khasi Hills,15.3,45,9.9,HIGH,TORRENTIAL_RAIN,FAIR,92.7,72.3
T000976,NH-06,2026-06-19 14:30:00,Meghalaya,Ri-Bhoi,11.6,65,14.3,HIGH,TORRENTIAL_RAIN,FAIR,48.7,38.0
T000977,NH-06,2026-06-19 14:32:00,Meghalaya,West Jaintia Hills,11.0,45,33.8,MODERATE,MODERATE_RAIN,FAIR,19.5,4.8
T000978,NH-10,2026-06-19 14:34:00,Sikkim,East Sikkim,15.9,35,6.6,STANDSTILL,HEAVY_RAIN,POOR,144.5,117.2
T000979,NH-310,2026-06-19 14:36:00,Sikkim,North Sikkim,15.2,30,16.5,HIGH,LIGHT_RAIN,POOR,55.3,24.9
T000980,NH-510,2026-06-19 14:38:00,Sikkim,South Sikkim,14.7,40,16.8,HIGH,MODERATE_RAIN,POOR,52.5,30.4
T000981,NH-29,2026-06-19 14:40:00,Nagaland,Kohima,5.1,40,4.0,STANDSTILL,TORRENTIAL_RAIN,POOR,76.5,68.8
T000982,NH-29,2026-06-19 14:42:00,Nagaland,Dimapur,16.3,65,65.0,LOW,CLEAR,GOOD,15.0,0.0
T000983,NH-02,2026-06-19 14:44:00,Nagaland,Mokokchung,20.8,40,7.6,STANDSTILL,HEAVY_RAIN,POOR,164.2,133.0
T000984,NH-02,2026-06-19 14:46:00,Manipur,Imphal West,9.1,60,31.2,MODERATE,HEAVY_RAIN,GOOD,17.5,8.4
T000985,NH-02,2026-06-19 14:48:00,Manipur,Bishnupur,20.6,55,41.2,MODERATE,MODERATE_RAIN,GOOD,30.0,7.5
T000986,NH-02,2026-06-19 14:50:00,Manipur,Senapati,11.7,45,45.0,LOW,CLEAR,FAIR,15.6,0.0
T000987,NH-54,2026-06-19 14:52:00,Mizoram,Aizawl,13.7,40,7.6,STANDSTILL,HEAVY_RAIN,POOR,108.2,87.7
T000988,NH-54,2026-06-19 14:54:00,Mizoram,Kolasib,17.6,45,33.8,MODERATE,MODERATE_RAIN,FAIR,31.2,7.7
T000989,NH-54,2026-06-19 14:56:00,Mizoram,Lunglei,5.9,40,7.6,STANDSTILL,HEAVY_RAIN,POOR,46.6,37.8
T000990,NH-08,2026-06-19 14:58:00,Tripura,West Tripura,16.8,65,14.3,HIGH,TORRENTIAL_RAIN,GOOD,70.5,55.0
T000991,NH-08,2026-06-19 15:00:00,Tripura,Sipahijala,15.0,65,65.0,LOW,CLEAR,GOOD,13.8,0.0
T000992,NH-08,2026-06-19 15:02:00,Tripura,Dhalai,17.9,55,55.0,LOW,CLEAR,GOOD,19.5,0.0
T000993,NH-13,2026-06-19 15:04:00,Arunachal Pradesh,Tawang,19.4,35,14.7,HIGH,MODERATE_RAIN,POOR,79.2,45.9
T000994,NH-13,2026-06-19 15:06:00,Arunachal Pradesh,West Kameng,8.4,40,26.8,MODERATE,CLEAR,POOR,18.8,6.2
T000995,NH-415,2026-06-19 15:08:00,Arunachal Pradesh,Papum Pare,21.5,50,37.5,MODERATE,MODERATE_RAIN,FAIR,34.4,8.6
T000996,NH-515,2026-06-19 15:10:00,Arunachal Pradesh,East Siang,14.8,60,31.2,MODERATE,HEAVY_RAIN,GOOD,28.5,13.7
T000997,NH-13,2026-06-19 15:12:00,Arunachal Pradesh,Lower Subansiri,8.3,40,16.8,HIGH,MODERATE_RAIN,POOR,29.6,17.1
T000998,NH-27,2026-06-19 15:14:00,Assam,Kamrup Metropolitan,20.2,80,60.0,LOW,MODERATE_RAIN,GOOD,20.2,5.0
T000999,NH-27,2026-06-19 15:16:00,Assam,Kamrup Rural,17.7,80,80.0,LOW,CLEAR,GOOD,13.3,0.0
T001000,NH-15,2026-06-19 15:18:00,Assam,Darrang,16.0,65,65.0,LOW,CLEAR,GOOD,14.8,0.0
T001001,NH-15,2026-06-19 15:20:00,Assam,Sonitpur,17.5,70,15.4,HIGH,TORRENTIAL_RAIN,GOOD,68.2,53.2
T001002,NH-37,2026-06-19 15:22:00,Assam,Dibrugarh,7.7,70,15.4,HIGH,TORRENTIAL_RAIN,GOOD,30.0,23.4
T001003,NH-37,2026-06-19 15:24:00,Assam,Cachar,11.4,60,45.0,LOW,MODERATE_RAIN,GOOD,15.2,3.8
T001004,NH-27,2026-06-19 15:26:00,Assam,Nagaon,19.5,75,16.5,HIGH,TORRENTIAL_RAIN,GOOD,70.9,55.3
T001005,NH-206,2026-06-19 15:28:00,Meghalaya,East Khasi Hills,12.2,40,7.6,STANDSTILL,HEAVY_RAIN,POOR,96.3,78.0
T001006,NH-127B,2026-06-19 15:30:00,Meghalaya,West Khasi Hills,6.3,45,9.9,HIGH,TORRENTIAL_RAIN,FAIR,38.2,29.8
T001007,NH-06,2026-06-19 15:32:00,Meghalaya,Ri-Bhoi,6.8,65,33.8,MODERATE,HEAVY_RAIN,GOOD,12.1,5.8
T001008,NH-06,2026-06-19 15:34:00,Meghalaya,West Jaintia Hills,11.1,45,33.8,MODERATE,MODERATE_RAIN,FAIR,19.7,4.9
T001009,NH-10,2026-06-19 15:36:00,Sikkim,East Sikkim,15.7,35,4.0,STANDSTILL,TORRENTIAL_RAIN,POOR,235.5,208.6
T001010,NH-310,2026-06-19 15:38:00,Sikkim,North Sikkim,8.3,30,4.0,STANDSTILL,TORRENTIAL_RAIN,POOR,124.5,107.9
T001011,NH-510,2026-06-19 15:40:00,Sikkim,South Sikkim,5.9,40,16.8,HIGH,MODERATE_RAIN,POOR,21.1,12.2
T001012,NH-29,2026-06-19 15:42:00,Nagaland,Kohima,5.1,40,16.8,HIGH,MODERATE_RAIN,POOR,18.2,10.5
T001013,NH-29,2026-06-19 15:44:00,Nagaland,Dimapur,7.8,65,14.3,HIGH,TORRENTIAL_RAIN,GOOD,32.7,25.5
T001014,NH-02,2026-06-19 15:46:00,Nagaland,Mokokchung,10.4,40,26.8,MODERATE,CLEAR,POOR,23.3,7.7
T001015,NH-02,2026-06-19 15:48:00,Manipur,Imphal West,21.3,60,60.0,LOW,CLEAR,GOOD,21.3,0.0
T001016,NH-02,2026-06-19 15:50:00,Manipur,Bishnupur,9.2,55,28.6,MODERATE,HEAVY_RAIN,GOOD,19.3,9.3
T001017,NH-02,2026-06-19 15:52:00,Manipur,Senapati,19.1,45,23.4,MODERATE,HEAVY_RAIN,FAIR,49.0,23.5
T001018,NH-54,2026-06-19 15:54:00,Mizoram,Aizawl,21.8,40,22.0,MODERATE,LIGHT_RAIN,POOR,59.5,26.8
T001019,NH-54,2026-06-19 15:56:00,Mizoram,Kolasib,8.5,45,33.8,MODERATE,MODERATE_RAIN,FAIR,15.1,3.8
T001020,NH-54,2026-06-19 15:58:00,Mizoram,Lunglei,12.2,40,22.0,MODERATE,LIGHT_RAIN,POOR,33.3,15.0
T001021,NH-08,2026-06-19 16:00:00,Tripura,West Tripura,12.3,65,48.8,LOW,MODERATE_RAIN,GOOD,15.1,3.7
T001022,NH-08,2026-06-19 16:02:00,Tripura,Sipahijala,15.9,65,65.0,LOW,CLEAR,GOOD,14.7,0.0
T001023,NH-08,2026-06-19 16:04:00,Tripura,Dhalai,22.0,55,41.2,MODERATE,MODERATE_RAIN,GOOD,32.0,8.0
T001024,NH-13,2026-06-19 16:06:00,Arunachal Pradesh,Tawang,21.3,35,19.2,HIGH,LIGHT_RAIN,POOR,66.6,30.1
T001025,NH-13,2026-06-19 16:08:00,Arunachal Pradesh,West Kameng,19.5,40,16.8,HIGH,MODERATE_RAIN,POOR,69.6,40.3
T001026,NH-415,2026-06-19 16:10:00,Arunachal Pradesh,Papum Pare,7.8,50,37.5,MODERATE,MODERATE_RAIN,FAIR,12.5,3.1
T001027,NH-515,2026-06-19 16:12:00,Arunachal Pradesh,East Siang,17.4,60,13.2,HIGH,TORRENTIAL_RAIN,GOOD,79.1,61.7
T001028,NH-13,2026-06-19 16:14:00,Arunachal Pradesh,Lower Subansiri,19.6,40,22.0,MODERATE,LIGHT_RAIN,POOR,53.5,24.1
T001029,NH-27,2026-06-19 16:16:00,Assam,Kamrup Metropolitan,18.2,80,60.0,LOW,MODERATE_RAIN,GOOD,18.2,4.6
T001030,NH-27,2026-06-19 16:18:00,Assam,Kamrup Rural,6.4,80,41.6,MODERATE,HEAVY_RAIN,GOOD,9.2,4.4
T001031,NH-15,2026-06-19 16:20:00,Assam,Darrang,13.6,65,65.0,LOW,CLEAR,GOOD,12.6,0.0
T001032,NH-15,2026-06-19 16:22:00,Assam,Sonitpur,17.9,70,36.4,MODERATE,HEAVY_RAIN,GOOD,29.5,14.2
T001033,NH-37,2026-06-19 16:24:00,Assam,Dibrugarh,7.4,70,52.5,LOW,MODERATE_RAIN,GOOD,8.5,2.2
T001034,NH-37,2026-06-19 16:26:00,Assam,Cachar,12.4,60,60.0,LOW,CLEAR,GOOD,12.4,0.0
T001035,NH-27,2026-06-19 16:28:00,Assam,Nagaon,13.3,75,16.5,HIGH,TORRENTIAL_RAIN,GOOD,48.4,37.8
T001036,NH-206,2026-06-19 16:30:00,Meghalaya,East Khasi Hills,14.0,40,16.8,HIGH,MODERATE_RAIN,POOR,50.0,29.0
T001037,NH-127B,2026-06-19 16:32:00,Meghalaya,West Khasi Hills,5.3,45,45.0,LOW,CLEAR,FAIR,7.1,0.0
T001038,NH-06,2026-06-19 16:34:00,Meghalaya,Ri-Bhoi,20.1,65,65.0,LOW,CLEAR,FAIR,18.6,0.0
T001039,NH-06,2026-06-19 16:36:00,Meghalaya,West Jaintia Hills,20.7,45,33.8,MODERATE,MODERATE_RAIN,FAIR,36.7,9.1
T001040,NH-10,2026-06-19 16:38:00,Sikkim,East Sikkim,6.3,35,23.5,MODERATE,CLEAR,POOR,16.1,5.3
T001041,NH-310,2026-06-19 16:40:00,Sikkim,North Sikkim,17.9,30,12.6,HIGH,MODERATE_RAIN,POOR,85.2,49.4
T001042,NH-510,2026-06-19 16:42:00,Sikkim,South Sikkim,7.0,40,26.8,MODERATE,CLEAR,POOR,15.7,5.2
T001043,NH-29,2026-06-19 16:44:00,Nagaland,Kohima,14.7,40,22.0,MODERATE,LIGHT_RAIN,POOR,40.1,18.1
T001044,NH-29,2026-06-19 16:46:00,Nagaland,Dimapur,6.4,65,48.8,LOW,MODERATE_RAIN,GOOD,7.9,2.0
T001045,NH-02,2026-06-19 16:48:00,Nagaland,Mokokchung,10.4,40,16.8,HIGH,MODERATE_RAIN,POOR,37.1,21.5
T001046,NH-02,2026-06-19 16:50:00,Manipur,Imphal West,6.9,60,45.0,LOW,MODERATE_RAIN,GOOD,9.2,2.3
T001047,NH-02,2026-06-19 16:52:00,Manipur,Bishnupur,13.6,55,48.4,LOW,LIGHT_RAIN,GOOD,16.9,2.1
T001048,NH-02,2026-06-19 16:54:00,Manipur,Senapati,7.3,45,39.6,MODERATE,LIGHT_RAIN,FAIR,11.1,1.4
T001049,NH-54,2026-06-19 16:56:00,Mizoram,Aizawl,10.3,40,16.8,HIGH,MODERATE_RAIN,POOR,36.8,21.3
T001050,NH-54,2026-06-19 16:58:00,Mizoram,Kolasib,12.9,45,23.4,MODERATE,HEAVY_RAIN,FAIR,33.1,15.9
T001051,NH-54,2026-06-19 17:00:00,Mizoram,Lunglei,19.3,40,22.0,MODERATE,LIGHT_RAIN,POOR,52.6,23.6
T001052,NH-08,2026-06-19 17:02:00,Tripura,West Tripura,14.6,65,65.0,LOW,CLEAR,GOOD,13.5,0.0
T001053,NH-08,2026-06-19 17:04:00,Tripura,Sipahijala,21.5,65,65.0,LOW,CLEAR,GOOD,19.8,0.0
T001054,NH-08,2026-06-19 17:06:00,Tripura,Dhalai,15.4,55,41.2,MODERATE,MODERATE_RAIN,GOOD,22.4,5.6
T001055,NH-13,2026-06-19 17:08:00,Arunachal Pradesh,Tawang,12.2,35,14.7,HIGH,MODERATE_RAIN,POOR,49.8,28.9
T001056,NH-13,2026-06-19 17:10:00,Arunachal Pradesh,West Kameng,20.8,40,22.0,MODERATE,LIGHT_RAIN,POOR,56.7,25.5
T001057,NH-415,2026-06-19 17:12:00,Arunachal Pradesh,Papum Pare,13.7,50,37.5,MODERATE,MODERATE_RAIN,FAIR,21.9,5.5
T001058,NH-515,2026-06-19 17:14:00,Arunachal Pradesh,East Siang,20.8,60,31.2,MODERATE,HEAVY_RAIN,GOOD,40.0,19.2
T001059,NH-13,2026-06-19 17:16:00,Arunachal Pradesh,Lower Subansiri,7.5,40,16.8,HIGH,MODERATE_RAIN,POOR,26.8,15.6
T001060,NH-27,2026-06-19 17:18:00,Assam,Kamrup Metropolitan,15.9,80,80.0,LOW,CLEAR,GOOD,11.9,0.0
T001061,NH-27,2026-06-19 17:20:00,Assam,Kamrup Rural,16.9,80,70.4,LOW,LIGHT_RAIN,GOOD,14.4,1.7
T001062,NH-15,2026-06-19 17:22:00,Assam,Darrang,17.7,65,33.8,MODERATE,HEAVY_RAIN,GOOD,31.4,15.1
T001063,NH-15,2026-06-19 17:24:00,Assam,Sonitpur,11.9,70,70.0,LOW,CLEAR,GOOD,10.2,0.0
T001064,NH-37,2026-06-19 17:26:00,Assam,Dibrugarh,18.2,70,15.4,HIGH,TORRENTIAL_RAIN,GOOD,70.9,55.3
T001065,NH-37,2026-06-19 17:28:00,Assam,Cachar,5.6,60,13.2,HIGH,TORRENTIAL_RAIN,GOOD,25.5,19.9
T001066,NH-27,2026-06-19 17:30:00,Assam,Nagaon,16.1,75,39.0,MODERATE,HEAVY_RAIN,GOOD,24.8,11.9
T001067,NH-206,2026-06-19 17:32:00,Meghalaya,East Khasi Hills,7.6,40,30.0,MODERATE,MODERATE_RAIN,FAIR,15.2,3.8
T001068,NH-127B,2026-06-19 17:34:00,Meghalaya,West Khasi Hills,19.6,45,9.9,HIGH,TORRENTIAL_RAIN,FAIR,118.8,92.7
T001069,NH-06,2026-06-19 17:36:00,Meghalaya,Ri-Bhoi,11.3,65,48.8,LOW,MODERATE_RAIN,FAIR,13.9,3.5
T001070,NH-06,2026-06-19 17:38:00,Meghalaya,West Jaintia Hills,7.5,45,39.6,MODERATE,LIGHT_RAIN,FAIR,11.4,1.4
T001071,NH-10,2026-06-19 17:40:00,Sikkim,East Sikkim,19.4,35,19.2,HIGH,LIGHT_RAIN,POOR,60.6,27.3
T001072,NH-310,2026-06-19 17:42:00,Sikkim,North Sikkim,6.8,30,12.6,HIGH,MODERATE_RAIN,POOR,32.4,18.8
T001073,NH-510,2026-06-19 17:44:00,Sikkim,South Sikkim,11.3,40,22.0,MODERATE,LIGHT_RAIN,POOR,30.8,13.8
T001074,NH-29,2026-06-19 17:46:00,Nagaland,Kohima,6.8,40,16.8,HIGH,MODERATE_RAIN,POOR,24.3,14.1
T001075,NH-29,2026-06-19 17:48:00,Nagaland,Dimapur,16.2,65,65.0,LOW,CLEAR,GOOD,15.0,0.0
T001076,NH-02,2026-06-19 17:50:00,Nagaland,Mokokchung,9.6,40,20.8,HIGH,HEAVY_RAIN,FAIR,27.7,13.3
T001077,NH-02,2026-06-19 17:52:00,Manipur,Imphal West,13.5,60,45.0,LOW,MODERATE_RAIN,GOOD,18.0,4.5
T001078,NH-02,2026-06-19 17:54:00,Manipur,Bishnupur,20.4,55,28.6,MODERATE,HEAVY_RAIN,GOOD,42.8,20.5
T001079,NH-02,2026-06-19 17:56:00,Manipur,Senapati,20.0,45,23.4,MODERATE,HEAVY_RAIN,FAIR,51.3,24.6
T001080,NH-54,2026-06-19 17:58:00,Mizoram,Aizawl,10.5,40,7.6,STANDSTILL,HEAVY_RAIN,POOR,82.9,67.2
T001081,NH-54,2026-06-19 18:00:00,Mizoram,Kolasib,7.7,45,9.9,HIGH,TORRENTIAL_RAIN,FAIR,46.7,36.4
T001082,NH-54,2026-06-19 18:02:00,Mizoram,Lunglei,7.0,40,22.0,MODERATE,LIGHT_RAIN,POOR,19.1,8.6
T001083,NH-08,2026-06-19 18:04:00,Tripura,West Tripura,17.3,65,14.3,HIGH,TORRENTIAL_RAIN,GOOD,72.6,56.6
T001084,NH-08,2026-06-19 18:06:00,Tripura,Sipahijala,7.5,65,65.0,LOW,CLEAR,GOOD,6.9,0.0
T001085,NH-08,2026-06-19 18:08:00,Tripura,Dhalai,5.1,55,12.1,HIGH,TORRENTIAL_RAIN,GOOD,25.3,19.7
T001086,NH-13,2026-06-19 18:10:00,Arunachal Pradesh,Tawang,21.3,35,6.6,STANDSTILL,HEAVY_RAIN,POOR,193.6,157.1
T001087,NH-13,2026-06-19 18:12:00,Arunachal Pradesh,West Kameng,18.6,40,16.8,HIGH,MODERATE_RAIN,POOR,66.4,38.5
T001088,NH-415,2026-06-19 18:14:00,Arunachal Pradesh,Papum Pare,17.4,50,37.5,MODERATE,MODERATE_RAIN,FAIR,27.8,6.9
T001089,NH-515,2026-06-19 18:16:00,Arunachal Pradesh,East Siang,15.7,60,52.8,LOW,LIGHT_RAIN,GOOD,17.8,2.1
T001090,NH-13,2026-06-19 18:18:00,Arunachal Pradesh,Lower Subansiri,18.8,40,26.8,MODERATE,CLEAR,POOR,42.1,13.9
T001091,NH-27,2026-06-19 18:20:00,Assam,Kamrup Metropolitan,6.0,80,80.0,LOW,CLEAR,GOOD,4.5,0.0
T001092,NH-27,2026-06-19 18:22:00,Assam,Kamrup Rural,7.8,80,60.0,LOW,MODERATE_RAIN,GOOD,7.8,1.9
T001093,NH-15,2026-06-19 18:24:00,Assam,Darrang,20.7,65,14.3,HIGH,TORRENTIAL_RAIN,GOOD,86.9,67.8
T001094,NH-15,2026-06-19 18:26:00,Assam,Sonitpur,9.2,70,61.6,LOW,LIGHT_RAIN,GOOD,9.0,1.1
T001095,NH-37,2026-06-19 18:28:00,Assam,Dibrugarh,8.7,70,52.5,LOW,MODERATE_RAIN,GOOD,9.9,2.4
T001096,NH-37,2026-06-19 18:30:00,Assam,Cachar,15.8,60,60.0,LOW,CLEAR,GOOD,15.8,0.0
T001097,NH-27,2026-06-19 18:32:00,Assam,Nagaon,16.4,75,75.0,LOW,CLEAR,GOOD,13.1,0.0
T001098,NH-206,2026-06-19 18:34:00,Meghalaya,East Khasi Hills,14.3,40,20.8,HIGH,HEAVY_RAIN,FAIR,41.2,19.8
T001099,NH-127B,2026-06-19 18:36:00,Meghalaya,West Khasi Hills,10.5,45,9.9,HIGH,TORRENTIAL_RAIN,FAIR,63.6,49.6
T001100,NH-06,2026-06-19 18:38:00,Meghalaya,Ri-Bhoi,15.8,65,33.8,MODERATE,HEAVY_RAIN,FAIR,28.0,13.4
T001101,NH-06,2026-06-19 18:40:00,Meghalaya,West Jaintia Hills,17.6,45,23.4,MODERATE,HEAVY_RAIN,FAIR,45.1,21.6
T001102,NH-10,2026-06-19 18:42:00,Sikkim,East Sikkim,20.7,35,4.0,STANDSTILL,TORRENTIAL_RAIN,POOR,310.5,275.0
T001103,NH-310,2026-06-19 18:44:00,Sikkim,North Sikkim,17.4,30,20.1,HIGH,CLEAR,POOR,51.9,17.1
T001104,NH-510,2026-06-19 18:46:00,Sikkim,South Sikkim,13.1,40,16.8,HIGH,MODERATE_RAIN,POOR,46.8,27.1
T001105,NH-29,2026-06-19 18:48:00,Nagaland,Kohima,19.2,40,7.6,STANDSTILL,HEAVY_RAIN,POOR,151.6,122.8
T001106,NH-29,2026-06-19 18:50:00,Nagaland,Dimapur,12.0,65,65.0,LOW,CLEAR,GOOD,11.1,0.0
T001107,NH-02,2026-06-19 18:52:00,Nagaland,Mokokchung,8.8,40,22.0,MODERATE,LIGHT_RAIN,POOR,24.0,10.8
T001108,NH-02,2026-06-19 18:54:00,Manipur,Imphal West,5.4,60,52.8,LOW,LIGHT_RAIN,GOOD,6.1,0.7
T001109,NH-02,2026-06-19 18:56:00,Manipur,Bishnupur,18.8,55,28.6,MODERATE,HEAVY_RAIN,GOOD,39.4,18.9
T001110,NH-02,2026-06-19 18:58:00,Manipur,Senapati,7.5,45,24.8,MODERATE,LIGHT_RAIN,POOR,18.1,8.1
T001111,NH-54,2026-06-19 19:00:00,Mizoram,Aizawl,6.5,40,16.8,HIGH,MODERATE_RAIN,POOR,23.2,13.4
T001112,NH-54,2026-06-19 19:02:00,Mizoram,Kolasib,5.2,45,23.4,MODERATE,HEAVY_RAIN,FAIR,13.3,6.4
T001113,NH-54,2026-06-19 19:04:00,Mizoram,Lunglei,9.5,40,22.0,MODERATE,LIGHT_RAIN,POOR,25.9,11.6
T001114,NH-08,2026-06-19 19:06:00,Tripura,West Tripura,16.5,65,14.3,HIGH,TORRENTIAL_RAIN,GOOD,69.2,54.0
T001115,NH-08,2026-06-19 19:08:00,Tripura,Sipahijala,11.4,65,33.8,MODERATE,HEAVY_RAIN,GOOD,20.2,9.7
T001116,NH-08,2026-06-19 19:10:00,Tripura,Dhalai,11.9,55,55.0,LOW,CLEAR,GOOD,13.0,0.0
T001117,NH-13,2026-06-19 19:12:00,Arunachal Pradesh,Tawang,16.9,35,19.2,HIGH,LIGHT_RAIN,POOR,52.8,23.8
T001118,NH-13,2026-06-19 19:14:00,Arunachal Pradesh,West Kameng,17.6,40,26.8,MODERATE,CLEAR,POOR,39.4,13.0
T001119,NH-415,2026-06-19 19:16:00,Arunachal Pradesh,Papum Pare,9.0,50,44.0,MODERATE,LIGHT_RAIN,FAIR,12.3,1.5
T001120,NH-515,2026-06-19 19:18:00,Arunachal Pradesh,East Siang,5.9,60,45.0,LOW,MODERATE_RAIN,GOOD,7.9,2.0
T001121,NH-13,2026-06-19 19:20:00,Arunachal Pradesh,Lower Subansiri,12.9,40,26.8,MODERATE,CLEAR,POOR,28.9,9.5
T001122,NH-27,2026-06-19 19:22:00,Assam,Kamrup Metropolitan,21.6,80,60.0,LOW,MODERATE_RAIN,GOOD,21.6,5.4
T001123,NH-27,2026-06-19 19:24:00,Assam,Kamrup Rural,6.8,80,60.0,LOW,MODERATE_RAIN,GOOD,6.8,1.7
T001124,NH-15,2026-06-19 19:26:00,Assam,Darrang,15.4,65,57.2,LOW,LIGHT_RAIN,GOOD,16.2,2.0
T001125,NH-15,2026-06-19 19:28:00,Assam,Sonitpur,13.1,70,61.6,LOW,LIGHT_RAIN,GOOD,12.8,1.6
T001126,NH-37,2026-06-19 19:30:00,Assam,Dibrugarh,11.3,70,61.6,LOW,LIGHT_RAIN,GOOD,11.0,1.3
T001127,NH-37,2026-06-19 19:32:00,Assam,Cachar,19.2,60,13.2,HIGH,TORRENTIAL_RAIN,GOOD,87.3,68.1
T001128,NH-27,2026-06-19 19:34:00,Assam,Nagaon,12.4,75,66.0,LOW,LIGHT_RAIN,GOOD,11.3,1.4
T001129,NH-206,2026-06-19 19:36:00,Meghalaya,East Khasi Hills,14.8,40,7.6,STANDSTILL,HEAVY_RAIN,POOR,116.8,94.6
T001130,NH-127B,2026-06-19 19:38:00,Meghalaya,West Khasi Hills,10.9,45,23.4,MODERATE,HEAVY_RAIN,FAIR,27.9,13.4
T001131,NH-06,2026-06-19 19:40:00,Meghalaya,Ri-Bhoi,14.3,65,57.2,LOW,LIGHT_RAIN,GOOD,15.0,1.8
T001132,NH-06,2026-06-19 19:42:00,Meghalaya,West Jaintia Hills,13.6,45,23.4,MODERATE,HEAVY_RAIN,FAIR,34.9,16.8
T001133,NH-10,2026-06-19 19:44:00,Sikkim,East Sikkim,8.4,35,19.2,HIGH,LIGHT_RAIN,POOR,26.3,11.9
T001134,NH-310,2026-06-19 19:46:00,Sikkim,North Sikkim,11.3,30,16.5,HIGH,LIGHT_RAIN,POOR,41.1,18.5
T001135,NH-510,2026-06-19 19:48:00,Sikkim,South Sikkim,8.8,40,16.8,HIGH,MODERATE_RAIN,POOR,31.4,18.2
T001136,NH-29,2026-06-19 19:50:00,Nagaland,Kohima,5.6,40,16.8,HIGH,MODERATE_RAIN,POOR,20.0,11.6
T001137,NH-29,2026-06-19 19:52:00,Nagaland,Dimapur,8.3,65,14.3,HIGH,TORRENTIAL_RAIN,GOOD,34.8,27.1
T001138,NH-02,2026-06-19 19:54:00,Nagaland,Mokokchung,18.6,40,26.8,MODERATE,CLEAR,POOR,41.6,13.7
T001139,NH-02,2026-06-19 19:56:00,Manipur,Imphal West,18.2,60,52.8,LOW,LIGHT_RAIN,GOOD,20.7,2.5
T001140,NH-02,2026-06-19 19:58:00,Manipur,Bishnupur,12.2,55,12.1,HIGH,TORRENTIAL_RAIN,GOOD,60.5,47.2
T001141,NH-02,2026-06-19 20:00:00,Manipur,Senapati,7.6,45,8.5,HIGH,HEAVY_RAIN,POOR,53.6,43.5
T001142,NH-54,2026-06-19 20:02:00,Mizoram,Aizawl,10.6,40,4.0,STANDSTILL,TORRENTIAL_RAIN,POOR,159.0,143.1
T001143,NH-54,2026-06-19 20:04:00,Mizoram,Kolasib,21.0,45,23.4,MODERATE,HEAVY_RAIN,FAIR,53.8,25.8
T001144,NH-54,2026-06-19 20:06:00,Mizoram,Lunglei,8.4,40,26.8,MODERATE,CLEAR,POOR,18.8,6.2
T001145,NH-08,2026-06-19 20:08:00,Tripura,West Tripura,6.0,65,33.8,MODERATE,HEAVY_RAIN,GOOD,10.7,5.2
T001146,NH-08,2026-06-19 20:10:00,Tripura,Sipahijala,8.3,65,14.3,HIGH,TORRENTIAL_RAIN,GOOD,34.8,27.1
T001147,NH-08,2026-06-19 20:12:00,Tripura,Dhalai,21.8,55,28.6,MODERATE,HEAVY_RAIN,GOOD,45.7,21.9
T001148,NH-13,2026-06-19 20:14:00,Arunachal Pradesh,Tawang,13.3,35,19.2,HIGH,LIGHT_RAIN,POOR,41.6,18.8
T001149,NH-13,2026-06-19 20:16:00,Arunachal Pradesh,West Kameng,5.2,40,26.8,MODERATE,CLEAR,POOR,11.6,3.8
T001150,NH-415,2026-06-19 20:18:00,Arunachal Pradesh,Papum Pare,5.2,50,44.0,MODERATE,LIGHT_RAIN,FAIR,7.1,0.9
T001151,NH-515,2026-06-19 20:20:00,Arunachal Pradesh,East Siang,19.7,60,52.8,LOW,LIGHT_RAIN,GOOD,22.4,2.7
T001152,NH-13,2026-06-19 20:22:00,Arunachal Pradesh,Lower Subansiri,13.8,40,22.0,MODERATE,LIGHT_RAIN,POOR,37.6,16.9
T001153,NH-27,2026-06-19 20:24:00,Assam,Kamrup Metropolitan,6.5,80,80.0,LOW,CLEAR,GOOD,4.9,0.0
T001154,NH-27,2026-06-19 20:26:00,Assam,Kamrup Rural,21.2,80,70.4,LOW,LIGHT_RAIN,GOOD,18.1,2.2
T001155,NH-15,2026-06-19 20:28:00,Assam,Darrang,15.4,65,33.8,MODERATE,HEAVY_RAIN,GOOD,27.3,13.1
T001156,NH-15,2026-06-19 20:30:00,Assam,Sonitpur,10.0,70,61.6,LOW,LIGHT_RAIN,GOOD,9.7,1.1
T001157,NH-37,2026-06-19 20:32:00,Assam,Dibrugarh,21.4,70,15.4,HIGH,TORRENTIAL_RAIN,GOOD,83.4,65.1
T001158,NH-37,2026-06-19 20:34:00,Assam,Cachar,20.4,60,31.2,MODERATE,HEAVY_RAIN,GOOD,39.2,18.8
T001159,NH-27,2026-06-19 20:36:00,Assam,Nagaon,16.9,75,56.2,LOW,MODERATE_RAIN,GOOD,18.0,4.5
T001160,NH-206,2026-06-19 20:38:00,Meghalaya,East Khasi Hills,20.9,40,4.0,STANDSTILL,TORRENTIAL_RAIN,POOR,313.5,282.1
T001161,NH-127B,2026-06-19 20:40:00,Meghalaya,West Khasi Hills,21.3,45,33.8,MODERATE,MODERATE_RAIN,FAIR,37.8,9.4
T001162,NH-06,2026-06-19 20:42:00,Meghalaya,Ri-Bhoi,13.3,65,65.0,LOW,CLEAR,FAIR,12.3,0.0
T001163,NH-06,2026-06-19 20:44:00,Meghalaya,West Jaintia Hills,9.2,45,45.0,LOW,CLEAR,FAIR,12.3,0.0
T001164,NH-10,2026-06-19 20:46:00,Sikkim,East Sikkim,18.7,35,19.2,HIGH,LIGHT_RAIN,POOR,58.4,26.3
T001165,NH-310,2026-06-19 20:48:00,Sikkim,North Sikkim,20.6,30,5.7,STANDSTILL,HEAVY_RAIN,POOR,216.8,175.6
T001166,NH-510,2026-06-19 20:50:00,Sikkim,South Sikkim,6.8,40,22.0,MODERATE,LIGHT_RAIN,POOR,18.5,8.3
T001167,NH-29,2026-06-19 20:52:00,Nagaland,Kohima,13.6,40,22.0,MODERATE,LIGHT_RAIN,POOR,37.1,16.7
T001168,NH-29,2026-06-19 20:54:00,Nagaland,Dimapur,9.7,65,33.8,MODERATE,HEAVY_RAIN,GOOD,17.2,8.2
T001169,NH-02,2026-06-19 20:56:00,Nagaland,Mokokchung,15.9,40,20.8,HIGH,HEAVY_RAIN,FAIR,45.9,22.0
T001170,NH-02,2026-06-19 20:58:00,Manipur,Imphal West,15.6,60,60.0,LOW,CLEAR,GOOD,15.6,0.0
T001171,NH-02,2026-06-19 21:00:00,Manipur,Bishnupur,11.6,55,41.2,MODERATE,MODERATE_RAIN,GOOD,16.9,4.2
T001172,NH-02,2026-06-19 21:02:00,Manipur,Senapati,21.5,45,9.9,HIGH,TORRENTIAL_RAIN,FAIR,130.3,101.6
T001173,NH-54,2026-06-19 21:04:00,Mizoram,Aizawl,8.6,40,22.0,MODERATE,LIGHT_RAIN,POOR,23.5,10.6
T001174,NH-54,2026-06-19 21:06:00,Mizoram,Kolasib,8.4,45,23.4,MODERATE,HEAVY_RAIN,FAIR,21.5,10.3
T001175,NH-54,2026-06-19 21:08:00,Mizoram,Lunglei,13.6,40,22.0,MODERATE,LIGHT_RAIN,POOR,37.1,16.7
T001176,NH-08,2026-06-19 21:10:00,Tripura,West Tripura,21.1,65,14.3,HIGH,TORRENTIAL_RAIN,GOOD,88.5,69.0
T001177,NH-08,2026-06-19 21:12:00,Tripura,Sipahijala,20.2,65,14.3,HIGH,TORRENTIAL_RAIN,GOOD,84.8,66.2
T001178,NH-08,2026-06-19 21:14:00,Tripura,Dhalai,19.5,55,55.0,LOW,CLEAR,GOOD,21.3,0.0
T001179,NH-13,2026-06-19 21:16:00,Arunachal Pradesh,Tawang,16.5,35,19.2,HIGH,LIGHT_RAIN,POOR,51.6,23.3
T001180,NH-13,2026-06-19 21:18:00,Arunachal Pradesh,West Kameng,10.8,40,7.6,STANDSTILL,HEAVY_RAIN,POOR,85.3,69.1
T001181,NH-415,2026-06-19 21:20:00,Arunachal Pradesh,Papum Pare,5.7,50,26.0,MODERATE,HEAVY_RAIN,FAIR,13.2,6.4
T001182,NH-515,2026-06-19 21:22:00,Arunachal Pradesh,East Siang,19.0,60,60.0,LOW,CLEAR,GOOD,19.0,0.0
T001183,NH-13,2026-06-19 21:24:00,Arunachal Pradesh,Lower Subansiri,7.4,40,7.6,STANDSTILL,HEAVY_RAIN,POOR,58.4,47.3
T001184,NH-27,2026-06-19 21:26:00,Assam,Kamrup Metropolitan,19.2,80,41.6,MODERATE,HEAVY_RAIN,GOOD,27.7,13.3
T001185,NH-27,2026-06-19 21:28:00,Assam,Kamrup Rural,16.8,80,60.0,LOW,MODERATE_RAIN,GOOD,16.8,4.2
T001186,NH-15,2026-06-19 21:30:00,Assam,Darrang,17.4,65,48.8,LOW,MODERATE_RAIN,GOOD,21.4,5.3
T001187,NH-15,2026-06-19 21:32:00,Assam,Sonitpur,10.3,70,36.4,MODERATE,HEAVY_RAIN,GOOD,17.0,8.2
T001188,NH-37,2026-06-19 21:34:00,Assam,Dibrugarh,9.6,70,52.5,LOW,MODERATE_RAIN,GOOD,11.0,2.8
T001189,NH-37,2026-06-19 21:36:00,Assam,Cachar,10.7,60,13.2,HIGH,TORRENTIAL_RAIN,GOOD,48.6,37.9
T001190,NH-27,2026-06-19 21:38:00,Assam,Nagaon,8.1,75,75.0,LOW,CLEAR,GOOD,6.5,0.0
T001191,NH-206,2026-06-19 21:40:00,Meghalaya,East Khasi Hills,8.4,40,4.0,STANDSTILL,TORRENTIAL_RAIN,POOR,126.0,113.4
T001192,NH-127B,2026-06-19 21:42:00,Meghalaya,West Khasi Hills,18.3,45,39.6,MODERATE,LIGHT_RAIN,FAIR,27.7,3.3
T001193,NH-06,2026-06-19 21:44:00,Meghalaya,Ri-Bhoi,14.5,65,33.8,MODERATE,HEAVY_RAIN,FAIR,25.7,12.3
T001194,NH-06,2026-06-19 21:46:00,Meghalaya,West Jaintia Hills,19.1,45,39.6,MODERATE,LIGHT_RAIN,FAIR,28.9,3.4
T001195,NH-10,2026-06-19 21:48:00,Sikkim,East Sikkim,8.9,35,23.5,MODERATE,CLEAR,POOR,22.7,7.4
T001196,NH-310,2026-06-19 21:50:00,Sikkim,North Sikkim,12.5,30,16.5,HIGH,LIGHT_RAIN,POOR,45.5,20.5
T001197,NH-510,2026-06-19 21:52:00,Sikkim,South Sikkim,12.9,40,16.8,HIGH,MODERATE_RAIN,POOR,46.1,26.8
T001198,NH-29,2026-06-19 21:54:00,Nagaland,Kohima,8.6,40,7.6,STANDSTILL,HEAVY_RAIN,POOR,67.9,55.0
T001199,NH-29,2026-06-19 21:56:00,Nagaland,Dimapur,9.6,65,48.8,LOW,MODERATE_RAIN,GOOD,11.8,2.9
T001200,NH-02,2026-06-19 21:58:00,Nagaland,Mokokchung,18.6,40,16.8,HIGH,MODERATE_RAIN,POOR,66.4,38.5
T001201,NH-02,2026-06-19 22:00:00,Manipur,Imphal West,5.2,60,52.8,LOW,LIGHT_RAIN,GOOD,5.9,0.7
T001202,NH-02,2026-06-19 22:02:00,Manipur,Bishnupur,21.1,55,41.2,MODERATE,MODERATE_RAIN,GOOD,30.7,7.7
T001203,NH-02,2026-06-19 22:04:00,Manipur,Senapati,19.0,45,33.8,MODERATE,MODERATE_RAIN,FAIR,33.7,8.4
T001204,NH-54,2026-06-19 22:06:00,Mizoram,Aizawl,16.0,40,26.8,MODERATE,CLEAR,POOR,35.8,11.8
T001205,NH-54,2026-06-19 22:08:00,Mizoram,Kolasib,7.2,45,39.6,MODERATE,LIGHT_RAIN,FAIR,10.9,1.3
T001206,NH-54,2026-06-19 22:10:00,Mizoram,Lunglei,10.2,40,22.0,MODERATE,LIGHT_RAIN,POOR,27.8,12.5
T001207,NH-08,2026-06-19 22:12:00,Tripura,West Tripura,13.8,65,57.2,LOW,LIGHT_RAIN,GOOD,14.5,1.8
T001208,NH-08,2026-06-19 22:14:00,Tripura,Sipahijala,10.7,65,14.3,HIGH,TORRENTIAL_RAIN,GOOD,44.9,35.0
T001209,NH-08,2026-06-19 22:16:00,Tripura,Dhalai,15.7,55,28.6,MODERATE,HEAVY_RAIN,GOOD,32.9,15.8
T001210,NH-13,2026-06-19 22:18:00,Arunachal Pradesh,Tawang,20.7,35,23.5,MODERATE,CLEAR,POOR,52.9,17.4
T001211,NH-13,2026-06-19 22:20:00,Arunachal Pradesh,West Kameng,16.2,40,26.8,MODERATE,CLEAR,POOR,36.3,12.0
T001212,NH-415,2026-06-19 22:22:00,Arunachal Pradesh,Papum Pare,20.3,50,50.0,LOW,CLEAR,FAIR,24.4,0.0
T001213,NH-515,2026-06-19 22:24:00,Arunachal Pradesh,East Siang,20.2,60,60.0,LOW,CLEAR,GOOD,20.2,0.0
T001214,NH-13,2026-06-19 22:26:00,Arunachal Pradesh,Lower Subansiri,9.1,40,7.6,STANDSTILL,HEAVY_RAIN,POOR,71.8,58.1
T001215,NH-27,2026-06-19 22:28:00,Assam,Kamrup Metropolitan,13.4,80,17.6,HIGH,TORRENTIAL_RAIN,GOOD,45.7,35.7
T001216,NH-27,2026-06-19 22:30:00,Assam,Kamrup Rural,17.1,80,70.4,LOW,LIGHT_RAIN,GOOD,14.6,1.8
T001217,NH-15,2026-06-19 22:32:00,Assam,Darrang,8.8,65,33.8,MODERATE,HEAVY_RAIN,GOOD,15.6,7.5
T001218,NH-15,2026-06-19 22:34:00,Assam,Sonitpur,14.7,70,70.0,LOW,CLEAR,GOOD,12.6,0.0
T001219,NH-37,2026-06-19 22:36:00,Assam,Dibrugarh,5.2,70,61.6,LOW,LIGHT_RAIN,GOOD,5.1,0.6
T001220,NH-37,2026-06-19 22:38:00,Assam,Cachar,8.3,60,31.2,MODERATE,HEAVY_RAIN,GOOD,16.0,7.7
T001221,NH-27,2026-06-19 22:40:00,Assam,Nagaon,20.3,75,56.2,LOW,MODERATE_RAIN,GOOD,21.7,5.5
T001222,NH-206,2026-06-19 22:42:00,Meghalaya,East Khasi Hills,20.2,40,8.8,HIGH,TORRENTIAL_RAIN,FAIR,137.7,107.4
T001223,NH-127B,2026-06-19 22:44:00,Meghalaya,West Khasi Hills,5.2,45,39.6,MODERATE,LIGHT_RAIN,FAIR,7.9,1.0
T001224,NH-06,2026-06-19 22:46:00,Meghalaya,Ri-Bhoi,5.6,65,65.0,LOW,CLEAR,FAIR,5.2,0.0
T001225,NH-06,2026-06-19 22:48:00,Meghalaya,West Jaintia Hills,21.4,45,9.9,HIGH,TORRENTIAL_RAIN,FAIR,129.7,101.2
T001226,NH-10,2026-06-19 22:50:00,Sikkim,East Sikkim,11.6,35,4.0,STANDSTILL,TORRENTIAL_RAIN,POOR,174.0,154.1
T001227,NH-310,2026-06-19 22:52:00,Sikkim,North Sikkim,10.6,30,12.6,HIGH,MODERATE_RAIN,POOR,50.5,29.3
T001228,NH-510,2026-06-19 22:54:00,Sikkim,South Sikkim,8.4,40,26.8,MODERATE,CLEAR,POOR,18.8,6.2
T001229,NH-29,2026-06-19 22:56:00,Nagaland,Kohima,11.8,40,16.8,HIGH,MODERATE_RAIN,POOR,42.1,24.4
T001230,NH-29,2026-06-19 22:58:00,Nagaland,Dimapur,16.9,65,48.8,LOW,MODERATE_RAIN,GOOD,20.8,5.2
T001231,NH-02,2026-06-19 23:00:00,Nagaland,Mokokchung,10.4,40,20.8,HIGH,HEAVY_RAIN,FAIR,30.0,14.4
T001232,NH-02,2026-06-19 23:02:00,Manipur,Imphal West,19.0,60,31.2,MODERATE,HEAVY_RAIN,GOOD,36.5,17.5
T001233,NH-02,2026-06-19 23:04:00,Manipur,Bishnupur,11.0,55,41.2,MODERATE,MODERATE_RAIN,GOOD,16.0,4.0
T001234,NH-02,2026-06-19 23:06:00,Manipur,Senapati,21.0,45,45.0,LOW,CLEAR,FAIR,28.0,0.0
T001235,NH-54,2026-06-19 23:08:00,Mizoram,Aizawl,21.1,40,7.6,STANDSTILL,HEAVY_RAIN,POOR,166.6,134.9
T001236,NH-54,2026-06-19 23:10:00,Mizoram,Kolasib,21.4,45,23.4,MODERATE,HEAVY_RAIN,FAIR,54.9,26.4
T001237,NH-54,2026-06-19 23:12:00,Mizoram,Lunglei,6.5,40,20.8,HIGH,HEAVY_RAIN,FAIR,18.8,9.1
T001238,NH-08,2026-06-19 23:14:00,Tripura,West Tripura,7.8,65,65.0,LOW,CLEAR,GOOD,7.2,0.0
T001239,NH-08,2026-06-19 23:16:00,Tripura,Sipahijala,11.0,65,33.8,MODERATE,HEAVY_RAIN,GOOD,19.5,9.3
T001240,NH-08,2026-06-19 23:18:00,Tripura,Dhalai,8.3,55,28.6,MODERATE,HEAVY_RAIN,GOOD,17.4,8.3
T001241,NH-13,2026-06-19 23:20:00,Arunachal Pradesh,Tawang,8.0,35,4.0,STANDSTILL,TORRENTIAL_RAIN,POOR,120.0,106.3
T001242,NH-13,2026-06-19 23:22:00,Arunachal Pradesh,West Kameng,20.5,40,16.8,HIGH,MODERATE_RAIN,POOR,73.2,42.5
T001243,NH-415,2026-06-19 23:24:00,Arunachal Pradesh,Papum Pare,16.2,50,44.0,MODERATE,LIGHT_RAIN,FAIR,22.1,2.7
T001244,NH-515,2026-06-19 23:26:00,Arunachal Pradesh,East Siang,6.0,60,60.0,LOW,CLEAR,GOOD,6.0,0.0
T001245,NH-13,2026-06-19 23:28:00,Arunachal Pradesh,Lower Subansiri,16.4,40,16.8,HIGH,MODERATE_RAIN,POOR,58.6,34.0
T001246,NH-27,2026-06-19 23:30:00,Assam,Kamrup Metropolitan,14.5,80,41.6,MODERATE,HEAVY_RAIN,GOOD,20.9,10.0
T001247,NH-27,2026-06-19 23:32:00,Assam,Kamrup Rural,6.3,80,70.4,LOW,LIGHT_RAIN,GOOD,5.4,0.7
T001248,NH-15,2026-06-19 23:34:00,Assam,Darrang,13.0,65,65.0,LOW,CLEAR,GOOD,12.0,0.0
T001249,NH-15,2026-06-19 23:36:00,Assam,Sonitpur,9.6,70,61.6,LOW,LIGHT_RAIN,GOOD,9.4,1.2
T001250,NH-37,2026-06-19 23:38:00,Assam,Dibrugarh,16.3,70,15.4,HIGH,TORRENTIAL_RAIN,GOOD,63.5,49.5
T001251,NH-37,2026-06-19 23:40:00,Assam,Cachar,11.5,60,45.0,LOW,MODERATE_RAIN,GOOD,15.3,3.8
T001252,NH-27,2026-06-19 23:42:00,Assam,Nagaon,6.7,75,39.0,MODERATE,HEAVY_RAIN,GOOD,10.3,4.9
T001253,NH-206,2026-06-19 23:44:00,Meghalaya,East Khasi Hills,13.1,40,16.8,HIGH,MODERATE_RAIN,POOR,46.8,27.1
T001254,NH-127B,2026-06-19 23:46:00,Meghalaya,West Khasi Hills,9.9,45,33.8,MODERATE,MODERATE_RAIN,FAIR,17.6,4.4
T001255,NH-06,2026-06-19 23:48:00,Meghalaya,Ri-Bhoi,5.6,65,57.2,LOW,LIGHT_RAIN,FAIR,5.9,0.7
T001256,NH-06,2026-06-19 23:50:00,Meghalaya,West Jaintia Hills,11.5,45,23.4,MODERATE,HEAVY_RAIN,FAIR,29.5,14.2
T001257,NH-10,2026-06-19 23:52:00,Sikkim,East Sikkim,19.3,35,6.6,STANDSTILL,HEAVY_RAIN,POOR,175.5,142.4
T001258,NH-310,2026-06-19 23:54:00,Sikkim,North Sikkim,10.4,30,4.0,STANDSTILL,TORRENTIAL_RAIN,POOR,156.0,135.2
T001259,NH-510,2026-06-19 23:56:00,Sikkim,South Sikkim,7.0,40,26.8,MODERATE,CLEAR,POOR,15.7,5.2
T001260,NH-29,2026-06-19 23:58:00,Nagaland,Kohima,19.0,40,26.8,MODERATE,CLEAR,POOR,42.5,14.0
T001261,NH-29,2026-06-20 00:00:00,Nagaland,Dimapur,6.1,65,57.2,LOW,LIGHT_RAIN,GOOD,6.4,0.8
T001262,NH-02,2026-06-20 00:02:00,Nagaland,Mokokchung,17.6,40,4.0,STANDSTILL,TORRENTIAL_RAIN,POOR,264.0,237.6
T001263,NH-02,2026-06-20 00:04:00,Manipur,Imphal West,8.6,60,31.2,MODERATE,HEAVY_RAIN,GOOD,16.5,7.9
T001264,NH-02,2026-06-20 00:06:00,Manipur,Bishnupur,5.7,55,41.2,MODERATE,MODERATE_RAIN,GOOD,8.3,2.1
T001265,NH-02,2026-06-20 00:08:00,Manipur,Senapati,17.4,45,24.8,MODERATE,LIGHT_RAIN,POOR,42.1,18.9
T001266,NH-54,2026-06-20 00:10:00,Mizoram,Aizawl,5.5,40,4.0,STANDSTILL,TORRENTIAL_RAIN,POOR,82.5,74.2
T001267,NH-54,2026-06-20 00:12:00,Mizoram,Kolasib,18.8,45,33.8,MODERATE,MODERATE_RAIN,FAIR,33.4,8.3
T001268,NH-54,2026-06-20 00:14:00,Mizoram,Lunglei,11.9,40,26.8,MODERATE,CLEAR,POOR,26.6,8.8
T001269,NH-08,2026-06-20 00:16:00,Tripura,West Tripura,10.1,65,14.3,HIGH,TORRENTIAL_RAIN,GOOD,42.4,33.1
T001270,NH-08,2026-06-20 00:18:00,Tripura,Sipahijala,14.9,65,48.8,LOW,MODERATE_RAIN,GOOD,18.3,4.5
T001271,NH-08,2026-06-20 00:20:00,Tripura,Dhalai,5.9,55,41.2,MODERATE,MODERATE_RAIN,GOOD,8.6,2.2
T001272,NH-13,2026-06-20 00:22:00,Arunachal Pradesh,Tawang,9.7,35,19.2,HIGH,LIGHT_RAIN,POOR,30.3,13.7
T001273,NH-13,2026-06-20 00:24:00,Arunachal Pradesh,West Kameng,21.0,40,7.6,STANDSTILL,HEAVY_RAIN,POOR,165.8,134.3
T001274,NH-415,2026-06-20 00:26:00,Arunachal Pradesh,Papum Pare,10.4,50,26.0,MODERATE,HEAVY_RAIN,FAIR,24.0,11.5
T001275,NH-515,2026-06-20 00:28:00,Arunachal Pradesh,East Siang,18.3,60,52.8,LOW,LIGHT_RAIN,GOOD,20.8,2.5
T001276,NH-13,2026-06-20 00:30:00,Arunachal Pradesh,Lower Subansiri,5.8,40,26.8,MODERATE,CLEAR,POOR,13.0,4.3
T001277,NH-27,2026-06-20 00:32:00,Assam,Kamrup Metropolitan,6.9,80,70.4,LOW,LIGHT_RAIN,GOOD,5.9,0.7
T001278,NH-27,2026-06-20 00:34:00,Assam,Kamrup Rural,16.3,80,70.4,LOW,LIGHT_RAIN,GOOD,13.9,1.7
T001279,NH-15,2026-06-20 00:36:00,Assam,Darrang,13.2,65,57.2,LOW,LIGHT_RAIN,GOOD,13.8,1.6
T001280,NH-15,2026-06-20 00:38:00,Assam,Sonitpur,7.6,70,15.4,HIGH,TORRENTIAL_RAIN,GOOD,29.6,23.1
T001281,NH-37,2026-06-20 00:40:00,Assam,Dibrugarh,6.0,70,52.5,LOW,MODERATE_RAIN,GOOD,6.9,1.8
T001282,NH-37,2026-06-20 00:42:00,Assam,Cachar,18.9,60,31.2,MODERATE,HEAVY_RAIN,GOOD,36.3,17.4
T001283,NH-27,2026-06-20 00:44:00,Assam,Nagaon,16.7,75,75.0,LOW,CLEAR,GOOD,13.4,0.0
T001284,NH-206,2026-06-20 00:46:00,Meghalaya,East Khasi Hills,7.4,40,20.8,HIGH,HEAVY_RAIN,FAIR,21.3,10.2
T001285,NH-127B,2026-06-20 00:48:00,Meghalaya,West Khasi Hills,19.1,45,45.0,LOW,CLEAR,FAIR,25.5,0.0
T001286,NH-06,2026-06-20 00:50:00,Meghalaya,Ri-Bhoi,19.5,65,48.8,LOW,MODERATE_RAIN,FAIR,24.0,6.0
T001287,NH-06,2026-06-20 00:52:00,Meghalaya,West Jaintia Hills,11.7,45,23.4,MODERATE,HEAVY_RAIN,FAIR,30.0,14.4
T001288,NH-10,2026-06-20 00:54:00,Sikkim,East Sikkim,6.7,35,6.6,STANDSTILL,HEAVY_RAIN,POOR,60.9,49.4
T001289,NH-310,2026-06-20 00:56:00,Sikkim,North Sikkim,16.8,30,5.7,STANDSTILL,HEAVY_RAIN,POOR,176.8,143.2
T001290,NH-510,2026-06-20 00:58:00,Sikkim,South Sikkim,7.2,40,7.6,STANDSTILL,HEAVY_RAIN,POOR,56.8,46.0
T001291,NH-29,2026-06-20 01:00:00,Nagaland,Kohima,20.3,40,22.0,MODERATE,LIGHT_RAIN,POOR,55.4,24.9
T001292,NH-29,2026-06-20 01:02:00,Nagaland,Dimapur,20.4,65,65.0,LOW,CLEAR,GOOD,18.8,0.0
T001293,NH-02,2026-06-20 01:04:00,Nagaland,Mokokchung,9.6,40,7.6,STANDSTILL,HEAVY_RAIN,POOR,75.8,61.4
T001294,NH-02,2026-06-20 01:06:00,Manipur,Imphal West,12.9,60,45.0,LOW,MODERATE_RAIN,GOOD,17.2,4.3
T001295,NH-02,2026-06-20 01:08:00,Manipur,Bishnupur,17.2,55,41.2,MODERATE,MODERATE_RAIN,GOOD,25.0,6.2
T001296,NH-02,2026-06-20 01:10:00,Manipur,Senapati,5.6,45,8.5,HIGH,HEAVY_RAIN,POOR,39.5,32.0
T001297,NH-54,2026-06-20 01:12:00,Mizoram,Aizawl,7.1,40,16.8,HIGH,MODERATE_RAIN,POOR,25.4,14.8
T001298,NH-54,2026-06-20 01:14:00,Mizoram,Kolasib,13.9,45,45.0,LOW,CLEAR,FAIR,18.5,0.0
T001299,NH-54,2026-06-20 01:16:00,Mizoram,Lunglei,14.4,40,7.6,STANDSTILL,HEAVY_RAIN,POOR,113.7,92.1
T001300,NH-08,2026-06-20 01:18:00,Tripura,West Tripura,6.2,65,57.2,LOW,LIGHT_RAIN,GOOD,6.5,0.8
T001301,NH-08,2026-06-20 01:20:00,Tripura,Sipahijala,10.2,65,33.8,MODERATE,HEAVY_RAIN,GOOD,18.1,8.7
T001302,NH-08,2026-06-20 01:22:00,Tripura,Dhalai,6.2,55,28.6,MODERATE,HEAVY_RAIN,GOOD,13.0,6.2
T001303,NH-13,2026-06-20 01:24:00,Arunachal Pradesh,Tawang,15.7,35,19.2,HIGH,LIGHT_RAIN,POOR,49.1,22.2
T001304,NH-13,2026-06-20 01:26:00,Arunachal Pradesh,West Kameng,19.6,40,4.0,STANDSTILL,TORRENTIAL_RAIN,POOR,294.0,264.6
T001305,NH-415,2026-06-20 01:28:00,Arunachal Pradesh,Papum Pare,14.3,50,11.0,HIGH,TORRENTIAL_RAIN,FAIR,78.0,60.8
T001306,NH-515,2026-06-20 01:30:00,Arunachal Pradesh,East Siang,18.3,60,31.2,MODERATE,HEAVY_RAIN,GOOD,35.2,16.9
T001307,NH-13,2026-06-20 01:32:00,Arunachal Pradesh,Lower Subansiri,19.8,40,7.6,STANDSTILL,HEAVY_RAIN,POOR,156.3,126.6
T001308,NH-27,2026-06-20 01:34:00,Assam,Kamrup Metropolitan,19.2,80,60.0,LOW,MODERATE_RAIN,GOOD,19.2,4.8
T001309,NH-27,2026-06-20 01:36:00,Assam,Kamrup Rural,21.7,80,17.6,HIGH,TORRENTIAL_RAIN,GOOD,74.0,57.7
T001310,NH-15,2026-06-20 01:38:00,Assam,Darrang,18.1,65,14.3,HIGH,TORRENTIAL_RAIN,GOOD,75.9,59.2
T001311,NH-15,2026-06-20 01:40:00,Assam,Sonitpur,13.1,70,36.4,MODERATE,HEAVY_RAIN,GOOD,21.6,10.4
T001312,NH-37,2026-06-20 01:42:00,Assam,Dibrugarh,14.4,70,61.6,LOW,LIGHT_RAIN,GOOD,14.0,1.7
T001313,NH-37,2026-06-20 01:44:00,Assam,Cachar,11.9,60,13.2,HIGH,TORRENTIAL_RAIN,GOOD,54.1,42.2
T001314,NH-27,2026-06-20 01:46:00,Assam,Nagaon,7.1,75,75.0,LOW,CLEAR,GOOD,5.7,0.0
T001315,NH-206,2026-06-20 01:48:00,Meghalaya,East Khasi Hills,13.1,40,4.0,STANDSTILL,TORRENTIAL_RAIN,POOR,196.5,176.8
T001316,NH-127B,2026-06-20 01:50:00,Meghalaya,West Khasi Hills,11.6,45,9.9,HIGH,TORRENTIAL_RAIN,FAIR,70.3,54.8
T001317,NH-06,2026-06-20 01:52:00,Meghalaya,Ri-Bhoi,6.4,65,33.8,MODERATE,HEAVY_RAIN,FAIR,11.4,5.5
T001318,NH-06,2026-06-20 01:54:00,Meghalaya,West Jaintia Hills,15.2,45,39.6,MODERATE,LIGHT_RAIN,FAIR,23.0,2.7
T001319,NH-10,2026-06-20 01:56:00,Sikkim,East Sikkim,17.0,35,4.0,STANDSTILL,TORRENTIAL_RAIN,POOR,255.0,225.9
T001320,NH-310,2026-06-20 01:58:00,Sikkim,North Sikkim,13.6,30,12.6,HIGH,MODERATE_RAIN,POOR,64.8,37.6
T001321,NH-510,2026-06-20 02:00:00,Sikkim,South Sikkim,5.3,40,22.0,MODERATE,LIGHT_RAIN,POOR,14.5,6.5
T001322,NH-29,2026-06-20 02:02:00,Nagaland,Kohima,16.2,40,16.8,HIGH,MODERATE_RAIN,POOR,57.9,33.6
T001323,NH-29,2026-06-20 02:04:00,Nagaland,Dimapur,13.6,65,57.2,LOW,LIGHT_RAIN,GOOD,14.3,1.7
T001324,NH-02,2026-06-20 02:06:00,Nagaland,Mokokchung,12.0,40,4.0,STANDSTILL,TORRENTIAL_RAIN,POOR,180.0,162.0
T001325,NH-02,2026-06-20 02:08:00,Manipur,Imphal West,5.5,60,31.2,MODERATE,HEAVY_RAIN,GOOD,10.6,5.1
T001326,NH-02,2026-06-20 02:10:00,Manipur,Bishnupur,15.4,55,28.6,MODERATE,HEAVY_RAIN,GOOD,32.3,15.5
T001327,NH-02,2026-06-20 02:12:00,Manipur,Senapati,9.0,45,24.8,MODERATE,LIGHT_RAIN,POOR,21.8,9.8
T001328,NH-54,2026-06-20 02:14:00,Mizoram,Aizawl,6.9,40,4.0,STANDSTILL,TORRENTIAL_RAIN,POOR,103.5,93.2
T001329,NH-54,2026-06-20 02:16:00,Mizoram,Kolasib,12.8,45,23.4,MODERATE,HEAVY_RAIN,FAIR,32.8,15.7
T001330,NH-54,2026-06-20 02:18:00,Mizoram,Lunglei,12.7,40,16.8,HIGH,MODERATE_RAIN,POOR,45.4,26.3
T001331,NH-08,2026-06-20 02:20:00,Tripura,West Tripura,7.9,65,48.8,LOW,MODERATE_RAIN,GOOD,9.7,2.4
T001332,NH-08,2026-06-20 02:22:00,Tripura,Sipahijala,10.3,65,57.2,LOW,LIGHT_RAIN,GOOD,10.8,1.3
T001333,NH-08,2026-06-20 02:24:00,Tripura,Dhalai,18.8,55,28.6,MODERATE,HEAVY_RAIN,GOOD,39.4,18.9
T001334,NH-13,2026-06-20 02:26:00,Arunachal Pradesh,Tawang,21.8,35,4.0,STANDSTILL,TORRENTIAL_RAIN,POOR,327.0,289.6
T001335,NH-13,2026-06-20 02:28:00,Arunachal Pradesh,West Kameng,5.0,40,4.0,STANDSTILL,TORRENTIAL_RAIN,POOR,75.0,67.5
T001336,NH-415,2026-06-20 02:30:00,Arunachal Pradesh,Papum Pare,14.7,50,50.0,LOW,CLEAR,FAIR,17.6,0.0
T001337,NH-515,2026-06-20 02:32:00,Arunachal Pradesh,East Siang,11.7,60,31.2,MODERATE,HEAVY_RAIN,GOOD,22.5,10.8
T001338,NH-13,2026-06-20 02:34:00,Arunachal Pradesh,Lower Subansiri,14.8,40,26.8,MODERATE,CLEAR,POOR,33.1,10.9
T001339,NH-27,2026-06-20 02:36:00,Assam,Kamrup Metropolitan,19.1,80,41.6,MODERATE,HEAVY_RAIN,GOOD,27.5,13.2
T001340,NH-27,2026-06-20 02:38:00,Assam,Kamrup Rural,15.1,80,41.6,MODERATE,HEAVY_RAIN,GOOD,21.8,10.5
T001341,NH-15,2026-06-20 02:40:00,Assam,Darrang,10.3,65,14.3,HIGH,TORRENTIAL_RAIN,GOOD,43.2,33.7
T001342,NH-15,2026-06-20 02:42:00,Assam,Sonitpur,14.4,70,61.6,LOW,LIGHT_RAIN,GOOD,14.0,1.7
T001343,NH-37,2026-06-20 02:44:00,Assam,Dibrugarh,8.5,70,36.4,MODERATE,HEAVY_RAIN,GOOD,14.0,6.7
T001344,NH-37,2026-06-20 02:46:00,Assam,Cachar,7.7,60,45.0,LOW,MODERATE_RAIN,GOOD,10.3,2.6
T001345,NH-27,2026-06-20 02:48:00,Assam,Nagaon,17.0,75,56.2,LOW,MODERATE_RAIN,GOOD,18.1,4.5
T001346,NH-206,2026-06-20 02:50:00,Meghalaya,East Khasi Hills,9.6,40,8.8,HIGH,TORRENTIAL_RAIN,FAIR,65.5,51.1
T001347,NH-127B,2026-06-20 02:52:00,Meghalaya,West Khasi Hills,12.7,45,39.6,MODERATE,LIGHT_RAIN,FAIR,19.2,2.3
T001348,NH-06,2026-06-20 02:54:00,Meghalaya,Ri-Bhoi,7.9,65,57.2,LOW,LIGHT_RAIN,FAIR,8.3,1.0
T001349,NH-06,2026-06-20 02:56:00,Meghalaya,West Jaintia Hills,6.7,45,39.6,MODERATE,LIGHT_RAIN,FAIR,10.2,1.3
T001350,NH-10,2026-06-20 02:58:00,Sikkim,East Sikkim,20.2,35,14.7,HIGH,MODERATE_RAIN,POOR,82.4,47.8
T001351,NH-310,2026-06-20 03:00:00,Sikkim,North Sikkim,20.5,30,20.1,HIGH,CLEAR,POOR,61.2,20.2
T001352,NH-510,2026-06-20 03:02:00,Sikkim,South Sikkim,5.1,40,16.8,HIGH,MODERATE_RAIN,POOR,18.2,10.5
T001353,NH-29,2026-06-20 03:04:00,Nagaland,Kohima,21.1,40,22.0,MODERATE,LIGHT_RAIN,POOR,57.5,25.8
T001354,NH-29,2026-06-20 03:06:00,Nagaland,Dimapur,17.5,65,48.8,LOW,MODERATE_RAIN,GOOD,21.5,5.3
T001355,NH-02,2026-06-20 03:08:00,Nagaland,Mokokchung,21.3,40,7.6,STANDSTILL,HEAVY_RAIN,POOR,168.2,136.2
T001356,NH-02,2026-06-20 03:10:00,Manipur,Imphal West,21.4,60,52.8,LOW,LIGHT_RAIN,GOOD,24.3,2.9
T001357,NH-02,2026-06-20 03:12:00,Manipur,Bishnupur,10.6,55,55.0,LOW,CLEAR,GOOD,11.6,0.0
T001358,NH-02,2026-06-20 03:14:00,Manipur,Senapati,10.1,45,18.9,HIGH,MODERATE_RAIN,POOR,32.1,18.6
T001359,NH-54,2026-06-20 03:16:00,Mizoram,Aizawl,8.3,40,16.8,HIGH,MODERATE_RAIN,POOR,29.6,17.1
T001360,NH-54,2026-06-20 03:18:00,Mizoram,Kolasib,5.8,45,33.8,MODERATE,MODERATE_RAIN,FAIR,10.3,2.6
T001361,NH-54,2026-06-20 03:20:00,Mizoram,Lunglei,7.7,40,26.8,MODERATE,CLEAR,POOR,17.2,5.6
T001362,NH-08,2026-06-20 03:22:00,Tripura,West Tripura,8.6,65,57.2,LOW,LIGHT_RAIN,GOOD,9.0,1.1
T001363,NH-08,2026-06-20 03:24:00,Tripura,Sipahijala,5.1,65,33.8,MODERATE,HEAVY_RAIN,GOOD,9.1,4.4
T001364,NH-08,2026-06-20 03:26:00,Tripura,Dhalai,21.9,55,55.0,LOW,CLEAR,GOOD,23.9,0.0
T001365,NH-13,2026-06-20 03:28:00,Arunachal Pradesh,Tawang,8.8,35,19.2,HIGH,LIGHT_RAIN,POOR,27.5,12.4
T001366,NH-13,2026-06-20 03:30:00,Arunachal Pradesh,West Kameng,11.8,40,4.0,STANDSTILL,TORRENTIAL_RAIN,POOR,177.0,159.3
T001367,NH-415,2026-06-20 03:32:00,Arunachal Pradesh,Papum Pare,14.2,50,11.0,HIGH,TORRENTIAL_RAIN,FAIR,77.5,60.5
T001368,NH-515,2026-06-20 03:34:00,Arunachal Pradesh,East Siang,9.7,60,52.8,LOW,LIGHT_RAIN,GOOD,11.0,1.3
T001369,NH-13,2026-06-20 03:36:00,Arunachal Pradesh,Lower Subansiri,10.0,40,26.8,MODERATE,CLEAR,POOR,22.4,7.4
T001370,NH-27,2026-06-20 03:38:00,Assam,Kamrup Metropolitan,7.5,80,80.0,LOW,CLEAR,GOOD,5.6,0.0
T001371,NH-27,2026-06-20 03:40:00,Assam,Kamrup Rural,14.6,80,60.0,LOW,MODERATE_RAIN,GOOD,14.6,3.7
T001372,NH-15,2026-06-20 03:42:00,Assam,Darrang,9.6,65,65.0,LOW,CLEAR,GOOD,8.9,0.0
T001373,NH-15,2026-06-20 03:44:00,Assam,Sonitpur,8.8,70,61.6,LOW,LIGHT_RAIN,GOOD,8.6,1.1
T001374,NH-37,2026-06-20 03:46:00,Assam,Dibrugarh,12.0,70,61.6,LOW,LIGHT_RAIN,GOOD,11.7,1.4
T001375,NH-37,2026-06-20 03:48:00,Assam,Cachar,13.7,60,13.2,HIGH,TORRENTIAL_RAIN,GOOD,62.3,48.6
T001376,NH-27,2026-06-20 03:50:00,Assam,Nagaon,6.6,75,16.5,HIGH,TORRENTIAL_RAIN,GOOD,24.0,18.7
T001377,NH-206,2026-06-20 03:52:00,Meghalaya,East Khasi Hills,11.0,40,26.8,MODERATE,CLEAR,POOR,24.6,8.1
T001378,NH-127B,2026-06-20 03:54:00,Meghalaya,West Khasi Hills,5.5,45,9.9,HIGH,TORRENTIAL_RAIN,FAIR,33.3,26.0
T001379,NH-06,2026-06-20 03:56:00,Meghalaya,Ri-Bhoi,6.7,65,14.3,HIGH,TORRENTIAL_RAIN,FAIR,28.1,21.9
T001380,NH-06,2026-06-20 03:58:00,Meghalaya,West Jaintia Hills,20.9,45,23.4,MODERATE,HEAVY_RAIN,FAIR,53.6,25.7
T001381,NH-10,2026-06-20 04:00:00,Sikkim,East Sikkim,10.7,35,4.0,STANDSTILL,TORRENTIAL_RAIN,POOR,160.5,142.2
T001382,NH-310,2026-06-20 04:02:00,Sikkim,North Sikkim,10.0,30,20.1,HIGH,CLEAR,POOR,29.9,9.9
T001383,NH-510,2026-06-20 04:04:00,Sikkim,South Sikkim,18.4,40,26.8,MODERATE,CLEAR,POOR,41.2,13.6
T001384,NH-29,2026-06-20 04:06:00,Nagaland,Kohima,8.2,40,4.0,STANDSTILL,TORRENTIAL_RAIN,POOR,123.0,110.7
T001385,NH-29,2026-06-20 04:08:00,Nagaland,Dimapur,13.4,65,65.0,LOW,CLEAR,GOOD,12.4,0.0
T001386,NH-02,2026-06-20 04:10:00,Nagaland,Mokokchung,18.1,40,26.8,MODERATE,CLEAR,POOR,40.5,13.3
T001387,NH-02,2026-06-20 04:12:00,Manipur,Imphal West,17.6,60,60.0,LOW,CLEAR,GOOD,17.6,0.0
T001388,NH-02,2026-06-20 04:14:00,Manipur,Bishnupur,14.1,55,28.6,MODERATE,HEAVY_RAIN,GOOD,29.6,14.2
T001389,NH-02,2026-06-20 04:16:00,Manipur,Senapati,20.8,45,39.6,MODERATE,LIGHT_RAIN,FAIR,31.5,3.8
T001390,NH-54,2026-06-20 04:18:00,Mizoram,Aizawl,7.6,40,22.0,MODERATE,LIGHT_RAIN,POOR,20.7,9.3
T001391,NH-54,2026-06-20 04:20:00,Mizoram,Kolasib,13.7,45,33.8,MODERATE,MODERATE_RAIN,FAIR,24.3,6.0
T001392,NH-54,2026-06-20 04:22:00,Mizoram,Lunglei,10.0,40,7.6,STANDSTILL,HEAVY_RAIN,POOR,78.9,63.9
T001393,NH-08,2026-06-20 04:24:00,Tripura,West Tripura,12.0,65,14.3,HIGH,TORRENTIAL_RAIN,GOOD,50.3,39.2
T001394,NH-08,2026-06-20 04:26:00,Tripura,Sipahijala,9.4,65,33.8,MODERATE,HEAVY_RAIN,GOOD,16.7,8.0
T001395,NH-08,2026-06-20 04:28:00,Tripura,Dhalai,13.2,55,55.0,LOW,CLEAR,GOOD,14.4,0.0
T001396,NH-13,2026-06-20 04:30:00,Arunachal Pradesh,Tawang,16.7,35,6.6,STANDSTILL,HEAVY_RAIN,POOR,151.8,123.2
T001397,NH-13,2026-06-20 04:32:00,Arunachal Pradesh,West Kameng,20.6,40,16.8,HIGH,MODERATE_RAIN,POOR,73.6,42.7
T001398,NH-415,2026-06-20 04:34:00,Arunachal Pradesh,Papum Pare,9.3,50,50.0,LOW,CLEAR,FAIR,11.2,0.0
T001399,NH-515,2026-06-20 04:36:00,Arunachal Pradesh,East Siang,14.9,60,45.0,LOW,MODERATE_RAIN,GOOD,19.9,5.0
T001400,NH-13,2026-06-20 04:38:00,Arunachal Pradesh,Lower Subansiri,10.1,40,20.8,HIGH,HEAVY_RAIN,FAIR,29.1,14.0
T001401,NH-27,2026-06-20 04:40:00,Assam,Kamrup Metropolitan,9.5,80,41.6,MODERATE,HEAVY_RAIN,GOOD,13.7,6.6
T001402,NH-27,2026-06-20 04:42:00,Assam,Kamrup Rural,11.9,80,60.0,LOW,MODERATE_RAIN,GOOD,11.9,3.0
T001403,NH-15,2026-06-20 04:44:00,Assam,Darrang,10.1,65,65.0,LOW,CLEAR,GOOD,9.3,0.0
T001404,NH-15,2026-06-20 04:46:00,Assam,Sonitpur,5.8,70,36.4,MODERATE,HEAVY_RAIN,GOOD,9.6,4.6
T001405,NH-37,2026-06-20 04:48:00,Assam,Dibrugarh,7.1,70,61.6,LOW,LIGHT_RAIN,GOOD,6.9,0.8
T001406,NH-37,2026-06-20 04:50:00,Assam,Cachar,5.8,60,13.2,HIGH,TORRENTIAL_RAIN,GOOD,26.4,20.6
T001407,NH-27,2026-06-20 04:52:00,Assam,Nagaon,18.3,75,56.2,LOW,MODERATE_RAIN,GOOD,19.5,4.9
T001408,NH-206,2026-06-20 04:54:00,Meghalaya,East Khasi Hills,17.8,40,35.2,MODERATE,LIGHT_RAIN,FAIR,30.3,3.6
T001409,NH-127B,2026-06-20 04:56:00,Meghalaya,West Khasi Hills,7.4,45,45.0,LOW,CLEAR,FAIR,9.9,0.0
T001410,NH-06,2026-06-20 04:58:00,Meghalaya,Ri-Bhoi,20.1,65,57.2,LOW,LIGHT_RAIN,FAIR,21.1,2.5
T001411,NH-06,2026-06-20 05:00:00,Meghalaya,West Jaintia Hills,17.5,45,23.4,MODERATE,HEAVY_RAIN,FAIR,44.9,21.6
T001412,NH-10,2026-06-20 05:02:00,Sikkim,East Sikkim,16.6,35,6.6,STANDSTILL,HEAVY_RAIN,POOR,150.9,122.4
T001413,NH-310,2026-06-20 05:04:00,Sikkim,North Sikkim,12.7,30,4.0,STANDSTILL,TORRENTIAL_RAIN,POOR,190.5,165.1
T001414,NH-510,2026-06-20 05:06:00,Sikkim,South Sikkim,17.4,40,22.0,MODERATE,LIGHT_RAIN,POOR,47.5,21.4
T001415,NH-29,2026-06-20 05:08:00,Nagaland,Kohima,14.9,40,26.8,MODERATE,CLEAR,POOR,33.4,11.0
T001416,NH-29,2026-06-20 05:10:00,Nagaland,Dimapur,13.7,65,33.8,MODERATE,HEAVY_RAIN,GOOD,24.3,11.7
T001417,NH-02,2026-06-20 05:12:00,Nagaland,Mokokchung,18.0,40,22.0,MODERATE,LIGHT_RAIN,POOR,49.1,22.1
T001418,NH-02,2026-06-20 05:14:00,Manipur,Imphal West,7.4,60,13.2,HIGH,TORRENTIAL_RAIN,GOOD,33.6,26.2
T001419,NH-02,2026-06-20 05:16:00,Manipur,Bishnupur,6.8,55,12.1,HIGH,TORRENTIAL_RAIN,GOOD,33.7,26.3
T001420,NH-02,2026-06-20 05:18:00,Manipur,Senapati,7.3,45,18.9,HIGH,MODERATE_RAIN,POOR,23.2,13.5
T001421,NH-54,2026-06-20 05:20:00,Mizoram,Aizawl,16.4,40,26.8,MODERATE,CLEAR,POOR,36.7,12.1
T001422,NH-54,2026-06-20 05:22:00,Mizoram,Kolasib,17.6,45,33.8,MODERATE,MODERATE_RAIN,FAIR,31.2,7.7
T001423,NH-54,2026-06-20 05:24:00,Mizoram,Lunglei,17.5,40,7.6,STANDSTILL,HEAVY_RAIN,POOR,138.2,111.9
T001424,NH-08,2026-06-20 05:26:00,Tripura,West Tripura,21.1,65,48.8,LOW,MODERATE_RAIN,GOOD,25.9,6.4
T001425,NH-08,2026-06-20 05:28:00,Tripura,Sipahijala,9.0,65,65.0,LOW,CLEAR,GOOD,8.3,0.0
T001426,NH-08,2026-06-20 05:30:00,Tripura,Dhalai,7.8,55,48.4,LOW,LIGHT_RAIN,GOOD,9.7,1.2
T001427,NH-13,2026-06-20 05:32:00,Arunachal Pradesh,Tawang,11.7,35,6.6,STANDSTILL,HEAVY_RAIN,POOR,106.4,86.3
T001428,NH-13,2026-06-20 05:34:00,Arunachal Pradesh,West Kameng,13.4,40,22.0,MODERATE,LIGHT_RAIN,POOR,36.5,16.4
T001429,NH-415,2026-06-20 05:36:00,Arunachal Pradesh,Papum Pare,6.8,50,26.0,MODERATE,HEAVY_RAIN,FAIR,15.7,7.5
T001430,NH-515,2026-06-20 05:38:00,Arunachal Pradesh,East Siang,14.1,60,45.0,LOW,MODERATE_RAIN,GOOD,18.8,4.7
T001431,NH-13,2026-06-20 05:40:00,Arunachal Pradesh,Lower Subansiri,5.5,40,22.0,MODERATE,LIGHT_RAIN,POOR,15.0,6.8
T001432,NH-27,2026-06-20 05:42:00,Assam,Kamrup Metropolitan,13.4,80,60.0,LOW,MODERATE_RAIN,GOOD,13.4,3.3
T001433,NH-27,2026-06-20 05:44:00,Assam,Kamrup Rural,9.9,80,80.0,LOW,CLEAR,GOOD,7.4,0.0
T001434,NH-15,2026-06-20 05:46:00,Assam,Darrang,17.7,65,33.8,MODERATE,HEAVY_RAIN,GOOD,31.4,15.1
T001435,NH-15,2026-06-20 05:48:00,Assam,Sonitpur,16.8,70,52.5,LOW,MODERATE_RAIN,GOOD,19.2,4.8
T001436,NH-37,2026-06-20 05:50:00,Assam,Dibrugarh,7.3,70,15.4,HIGH,TORRENTIAL_RAIN,GOOD,28.4,22.1
T001437,NH-37,2026-06-20 05:52:00,Assam,Cachar,12.7,60,52.8,LOW,LIGHT_RAIN,GOOD,14.4,1.7
T001438,NH-27,2026-06-20 05:54:00,Assam,Nagaon,13.7,75,75.0,LOW,CLEAR,GOOD,11.0,0.0
T001439,NH-206,2026-06-20 05:56:00,Meghalaya,East Khasi Hills,17.2,40,4.0,STANDSTILL,TORRENTIAL_RAIN,POOR,258.0,232.2
T001440,NH-127B,2026-06-20 05:58:00,Meghalaya,West Khasi Hills,13.4,45,33.8,MODERATE,MODERATE_RAIN,FAIR,23.8,5.9
T001441,NH-06,2026-06-20 06:00:00,Meghalaya,Ri-Bhoi,17.5,65,14.3,HIGH,TORRENTIAL_RAIN,FAIR,73.4,57.2
T001442,NH-06,2026-06-20 06:02:00,Meghalaya,West Jaintia Hills,9.3,45,39.6,MODERATE,LIGHT_RAIN,FAIR,14.1,1.7
T001443,NH-10,2026-06-20 06:04:00,Sikkim,East Sikkim,16.2,35,23.5,MODERATE,CLEAR,POOR,41.4,13.6
T001444,NH-310,2026-06-20 06:06:00,Sikkim,North Sikkim,11.1,30,4.0,STANDSTILL,TORRENTIAL_RAIN,POOR,166.5,144.3
T001445,NH-510,2026-06-20 06:08:00,Sikkim,South Sikkim,12.7,40,7.6,STANDSTILL,HEAVY_RAIN,POOR,100.3,81.2
T001446,NH-29,2026-06-20 06:10:00,Nagaland,Kohima,15.2,40,16.8,HIGH,MODERATE_RAIN,POOR,54.3,31.5
T001447,NH-29,2026-06-20 06:12:00,Nagaland,Dimapur,14.4,65,65.0,LOW,CLEAR,GOOD,13.3,0.0
T001448,NH-02,2026-06-20 06:14:00,Nagaland,Mokokchung,16.8,40,22.0,MODERATE,LIGHT_RAIN,POOR,45.8,20.6
T001449,NH-02,2026-06-20 06:16:00,Manipur,Imphal West,21.9,60,13.2,HIGH,TORRENTIAL_RAIN,GOOD,99.5,77.6
T001450,NH-02,2026-06-20 06:18:00,Manipur,Bishnupur,13.8,55,48.4,LOW,LIGHT_RAIN,GOOD,17.1,2.0
T001451,NH-02,2026-06-20 06:20:00,Manipur,Senapati,14.9,45,30.2,MODERATE,CLEAR,POOR,29.6,9.7
T001452,NH-54,2026-06-20 06:22:00,Mizoram,Aizawl,15.7,40,4.0,STANDSTILL,TORRENTIAL_RAIN,POOR,235.5,211.9
T001453,NH-54,2026-06-20 06:24:00,Mizoram,Kolasib,11.7,45,33.8,MODERATE,MODERATE_RAIN,FAIR,20.8,5.2
T001454,NH-54,2026-06-20 06:26:00,Mizoram,Lunglei,9.6,40,26.8,MODERATE,CLEAR,POOR,21.5,7.1
T001455,NH-08,2026-06-20 06:28:00,Tripura,West Tripura,10.9,65,14.3,HIGH,TORRENTIAL_RAIN,GOOD,45.7,35.6
T001456,NH-08,2026-06-20 06:30:00,Tripura,Sipahijala,8.8,65,14.3,HIGH,TORRENTIAL_RAIN,GOOD,36.9,28.8
T001457,NH-08,2026-06-20 06:32:00,Tripura,Dhalai,10.6,55,12.1,HIGH,TORRENTIAL_RAIN,GOOD,52.6,41.0
T001458,NH-13,2026-06-20 06:34:00,Arunachal Pradesh,Tawang,14.1,35,4.0,STANDSTILL,TORRENTIAL_RAIN,POOR,211.5,187.3
T001459,NH-13,2026-06-20 06:36:00,Arunachal Pradesh,West Kameng,6.1,40,4.0,STANDSTILL,TORRENTIAL_RAIN,POOR,91.5,82.3
T001460,NH-415,2026-06-20 06:38:00,Arunachal Pradesh,Papum Pare,11.4,50,11.0,HIGH,TORRENTIAL_RAIN,FAIR,62.2,48.5
T001461,NH-515,2026-06-20 06:40:00,Arunachal Pradesh,East Siang,12.1,60,45.0,LOW,MODERATE_RAIN,GOOD,16.1,4.0
T001462,NH-13,2026-06-20 06:42:00,Arunachal Pradesh,Lower Subansiri,16.0,40,22.0,MODERATE,LIGHT_RAIN,POOR,43.6,19.6
T001463,NH-27,2026-06-20 06:44:00,Assam,Kamrup Metropolitan,9.1,80,41.6,MODERATE,HEAVY_RAIN,GOOD,13.1,6.3
T001464,NH-27,2026-06-20 06:46:00,Assam,Kamrup Rural,6.6,80,60.0,LOW,MODERATE_RAIN,GOOD,6.6,1.7
T001465,NH-15,2026-06-20 06:48:00,Assam,Darrang,21.6,65,33.8,MODERATE,HEAVY_RAIN,GOOD,38.3,18.4
T001466,NH-15,2026-06-20 06:50:00,Assam,Sonitpur,17.4,70,61.6,LOW,LIGHT_RAIN,GOOD,16.9,2.0
T001467,NH-37,2026-06-20 06:52:00,Assam,Dibrugarh,8.9,70,52.5,LOW,MODERATE_RAIN,GOOD,10.2,2.6
T001468,NH-37,2026-06-20 06:54:00,Assam,Cachar,8.5,60,45.0,LOW,MODERATE_RAIN,GOOD,11.3,2.8
T001469,NH-27,2026-06-20 06:56:00,Assam,Nagaon,6.2,75,16.5,HIGH,TORRENTIAL_RAIN,GOOD,22.5,17.5
T001470,NH-206,2026-06-20 06:58:00,Meghalaya,East Khasi Hills,8.0,40,30.0,MODERATE,MODERATE_RAIN,FAIR,16.0,4.0
T001471,NH-127B,2026-06-20 07:00:00,Meghalaya,West Khasi Hills,19.1,45,45.0,LOW,CLEAR,FAIR,25.5,0.0
T001472,NH-06,2026-06-20 07:02:00,Meghalaya,Ri-Bhoi,20.8,65,48.8,LOW,MODERATE_RAIN,FAIR,25.6,6.4
T001473,NH-06,2026-06-20 07:04:00,Meghalaya,West Jaintia Hills,20.9,45,23.4,MODERATE,HEAVY_RAIN,FAIR,53.6,25.7
T001474,NH-10,2026-06-20 07:06:00,Sikkim,East Sikkim,17.6,35,14.7,HIGH,MODERATE_RAIN,POOR,71.8,41.6
T001475,NH-310,2026-06-20 07:08:00,Sikkim,North Sikkim,5.5,30,16.5,HIGH,LIGHT_RAIN,POOR,20.0,9.0
T001476,NH-510,2026-06-20 07:10:00,Sikkim,South Sikkim,7.8,40,4.0,STANDSTILL,TORRENTIAL_RAIN,POOR,117.0,105.3
T001477,NH-29,2026-06-20 07:12:00,Nagaland,Kohima,9.5,40,4.0,STANDSTILL,TORRENTIAL_RAIN,POOR,142.5,128.2
T001478,NH-29,2026-06-20 07:14:00,Nagaland,Dimapur,9.1,65,57.2,LOW,LIGHT_RAIN,GOOD,9.5,1.1
T001479,NH-02,2026-06-20 07:16:00,Nagaland,Mokokchung,21.0,40,35.2,MODERATE,LIGHT_RAIN,FAIR,35.8,4.3
T001480,NH-02,2026-06-20 07:18:00,Manipur,Imphal West,5.1,60,45.0,LOW,MODERATE_RAIN,GOOD,6.8,1.7
T001481,NH-02,2026-06-20 07:20:00,Manipur,Bishnupur,13.8,55,48.4,LOW,LIGHT_RAIN,GOOD,17.1,2.0
T001482,NH-02,2026-06-20 07:22:00,Manipur,Senapati,13.9,45,18.9,HIGH,MODERATE_RAIN,POOR,44.1,25.6
T001483,NH-54,2026-06-20 07:24:00,Mizoram,Aizawl,16.3,40,4.0,STANDSTILL,TORRENTIAL_RAIN,POOR,244.5,220.1
T001484,NH-54,2026-06-20 07:26:00,Mizoram,Kolasib,20.7,45,39.6,MODERATE,LIGHT_RAIN,FAIR,31.4,3.8
T001485,NH-54,2026-06-20 07:28:00,Mizoram,Lunglei,16.7,40,4.0,STANDSTILL,TORRENTIAL_RAIN,POOR,250.5,225.4
T001486,NH-08,2026-06-20 07:30:00,Tripura,West Tripura,21.4,65,57.2,LOW,LIGHT_RAIN,GOOD,22.4,2.6
T001487,NH-08,2026-06-20 07:32:00,Tripura,Sipahijala,7.0,65,65.0,LOW,CLEAR,GOOD,6.5,0.0
T001488,NH-08,2026-06-20 07:34:00,Tripura,Dhalai,20.5,55,41.2,MODERATE,MODERATE_RAIN,GOOD,29.9,7.5
T001489,NH-13,2026-06-20 07:36:00,Arunachal Pradesh,Tawang,6.4,35,4.0,STANDSTILL,TORRENTIAL_RAIN,POOR,96.0,85.0
T001490,NH-13,2026-06-20 07:38:00,Arunachal Pradesh,West Kameng,19.5,40,7.6,STANDSTILL,HEAVY_RAIN,POOR,153.9,124.7
T001491,NH-415,2026-06-20 07:40:00,Arunachal Pradesh,Papum Pare,7.0,50,26.0,MODERATE,HEAVY_RAIN,FAIR,16.2,7.8
T001492,NH-515,2026-06-20 07:42:00,Arunachal Pradesh,East Siang,21.7,60,60.0,LOW,CLEAR,GOOD,21.7,0.0
T001493,NH-13,2026-06-20 07:44:00,Arunachal Pradesh,Lower Subansiri,14.6,40,4.0,STANDSTILL,TORRENTIAL_RAIN,POOR,219.0,197.1
T001494,NH-27,2026-06-20 07:46:00,Assam,Kamrup Metropolitan,11.7,80,60.0,LOW,MODERATE_RAIN,GOOD,11.7,2.9
T001495,NH-27,2026-06-20 07:48:00,Assam,Kamrup Rural,14.8,80,60.0,LOW,MODERATE_RAIN,GOOD,14.8,3.7
T001496,NH-15,2026-06-20 07:50:00,Assam,Darrang,21.1,65,65.0,LOW,CLEAR,GOOD,19.5,0.0
T001497,NH-15,2026-06-20 07:52:00,Assam,Sonitpur,21.6,70,61.6,LOW,LIGHT_RAIN,GOOD,21.0,2.5
T001498,NH-37,2026-06-20 07:54:00,Assam,Dibrugarh,8.0,70,61.6,LOW,LIGHT_RAIN,GOOD,7.8,0.9
T001499,NH-37,2026-06-20 07:56:00,Assam,Cachar,10.0,60,52.8,LOW,LIGHT_RAIN,GOOD,11.4,1.4
T001500,NH-27,2026-06-20 07:58:00,Assam,Nagaon,10.7,75,66.0,LOW,LIGHT_RAIN,GOOD,9.7,1.1
T001501,NH-206,2026-06-20 08:00:00,Meghalaya,East Khasi Hills,13.6,40,20.8,HIGH,HEAVY_RAIN,FAIR,39.2,18.8
T001502,NH-127B,2026-06-20 08:02:00,Meghalaya,West Khasi Hills,7.0,45,33.8,MODERATE,MODERATE_RAIN,FAIR,12.4,3.1
T001503,NH-06,2026-06-20 08:04:00,Meghalaya,Ri-Bhoi,15.9,65,33.8,MODERATE,HEAVY_RAIN,FAIR,28.2,13.5
T001504,NH-06,2026-06-20 08:06:00,Meghalaya,West Jaintia Hills,10.6,45,23.4,MODERATE,HEAVY_RAIN,FAIR,27.2,13.1
T001505,NH-10,2026-06-20 08:08:00,Sikkim,East Sikkim,8.5,35,4.0,STANDSTILL,TORRENTIAL_RAIN,POOR,127.5,112.9
T001506,NH-310,2026-06-20 08:10:00,Sikkim,North Sikkim,21.5,30,16.5,HIGH,LIGHT_RAIN,POOR,78.2,35.2
T001507,NH-510,2026-06-20 08:12:00,Sikkim,South Sikkim,11.8,40,26.8,MODERATE,CLEAR,POOR,26.4,8.7
T001508,NH-29,2026-06-20 08:14:00,Nagaland,Kohima,16.0,40,7.6,STANDSTILL,HEAVY_RAIN,POOR,126.3,102.3
T001509,NH-29,2026-06-20 08:16:00,Nagaland,Dimapur,20.7,65,65.0,LOW,CLEAR,GOOD,19.1,0.0
T001510,NH-02,2026-06-20 08:18:00,Nagaland,Mokokchung,14.7,40,16.8,HIGH,MODERATE_RAIN,POOR,52.5,30.4
T001511,NH-02,2026-06-20 08:20:00,Manipur,Imphal West,18.8,60,52.8,LOW,LIGHT_RAIN,GOOD,21.4,2.6
T001512,NH-02,2026-06-20 08:22:00,Manipur,Bishnupur,9.5,55,41.2,MODERATE,MODERATE_RAIN,GOOD,13.8,3.4
T001513,NH-02,2026-06-20 08:24:00,Manipur,Senapati,7.8,45,33.8,MODERATE,MODERATE_RAIN,FAIR,13.8,3.4
T001514,NH-54,2026-06-20 08:26:00,Mizoram,Aizawl,13.9,40,16.8,HIGH,MODERATE_RAIN,POOR,49.6,28.8
T001515,NH-54,2026-06-20 08:28:00,Mizoram,Kolasib,12.7,45,45.0,LOW,CLEAR,FAIR,16.9,0.0
T001516,NH-54,2026-06-20 08:30:00,Mizoram,Lunglei,14.2,40,30.0,MODERATE,MODERATE_RAIN,FAIR,28.4,7.1
T001517,NH-08,2026-06-20 08:32:00,Tripura,West Tripura,19.1,65,65.0,LOW,CLEAR,GOOD,17.6,0.0
T001518,NH-08,2026-06-20 08:34:00,Tripura,Sipahijala,16.7,65,57.2,LOW,LIGHT_RAIN,GOOD,17.5,2.1
T001519,NH-08,2026-06-20 08:36:00,Tripura,Dhalai,9.9,55,41.2,MODERATE,MODERATE_RAIN,GOOD,14.4,3.6
T001520,NH-13,2026-06-20 08:38:00,Arunachal Pradesh,Tawang,13.3,35,4.0,STANDSTILL,TORRENTIAL_RAIN,POOR,199.5,176.7
T001521,NH-13,2026-06-20 08:40:00,Arunachal Pradesh,West Kameng,20.6,40,22.0,MODERATE,LIGHT_RAIN,POOR,56.2,25.3
T001522,NH-415,2026-06-20 08:42:00,Arunachal Pradesh,Papum Pare,5.9,50,37.5,MODERATE,MODERATE_RAIN,FAIR,9.4,2.3
T001523,NH-515,2026-06-20 08:44:00,Arunachal Pradesh,East Siang,16.8,60,31.2,MODERATE,HEAVY_RAIN,GOOD,32.3,15.5
T001524,NH-13,2026-06-20 08:46:00,Arunachal Pradesh,Lower Subansiri,15.9,40,22.0,MODERATE,LIGHT_RAIN,POOR,43.4,19.5
T001525,NH-27,2026-06-20 08:48:00,Assam,Kamrup Metropolitan,10.5,80,60.0,LOW,MODERATE_RAIN,GOOD,10.5,2.6
T001526,NH-27,2026-06-20 08:50:00,Assam,Kamrup Rural,8.2,80,60.0,LOW,MODERATE_RAIN,GOOD,8.2,2.0
T001527,NH-15,2026-06-20 08:52:00,Assam,Darrang,10.3,65,48.8,LOW,MODERATE_RAIN,GOOD,12.7,3.2
T001528,NH-15,2026-06-20 08:54:00,Assam,Sonitpur,15.4,70,15.4,HIGH,TORRENTIAL_RAIN,GOOD,60.0,46.8
T001529,NH-37,2026-06-20 08:56:00,Assam,Dibrugarh,16.6,70,52.5,LOW,MODERATE_RAIN,GOOD,19.0,4.8
T001530,NH-37,2026-06-20 08:58:00,Assam,Cachar,16.2,60,13.2,HIGH,TORRENTIAL_RAIN,GOOD,73.6,57.4
T001531,NH-27,2026-06-20 09:00:00,Assam,Nagaon,12.8,75,39.0,MODERATE,HEAVY_RAIN,GOOD,19.7,9.5
T001532,NH-206,2026-06-20 09:02:00,Meghalaya,East Khasi Hills,15.8,40,26.8,MODERATE,CLEAR,POOR,35.4,11.7
T001533,NH-127B,2026-06-20 09:04:00,Meghalaya,West Khasi Hills,7.3,45,23.4,MODERATE,HEAVY_RAIN,FAIR,18.7,9.0
T001534,NH-06,2026-06-20 09:06:00,Meghalaya,Ri-Bhoi,5.1,65,57.2,LOW,LIGHT_RAIN,FAIR,5.3,0.6
T001535,NH-06,2026-06-20 09:08:00,Meghalaya,West Jaintia Hills,9.3,45,39.6,MODERATE,LIGHT_RAIN,FAIR,14.1,1.7
T001536,NH-10,2026-06-20 09:10:00,Sikkim,East Sikkim,19.6,35,19.2,HIGH,LIGHT_RAIN,POOR,61.3,27.7
T001537,NH-310,2026-06-20 09:12:00,Sikkim,North Sikkim,11.3,30,16.5,HIGH,LIGHT_RAIN,POOR,41.1,18.5
T001538,NH-510,2026-06-20 09:14:00,Sikkim,South Sikkim,19.0,40,7.6,STANDSTILL,HEAVY_RAIN,POOR,150.0,121.5
T001539,NH-29,2026-06-20 09:16:00,Nagaland,Kohima,17.1,40,7.6,STANDSTILL,HEAVY_RAIN,POOR,135.0,109.3
T001540,NH-29,2026-06-20 09:18:00,Nagaland,Dimapur,13.1,65,65.0,LOW,CLEAR,GOOD,12.1,0.0
T001541,NH-02,2026-06-20 09:20:00,Nagaland,Mokokchung,11.7,40,7.6,STANDSTILL,HEAVY_RAIN,POOR,92.4,74.9
T001542,NH-02,2026-06-20 09:22:00,Manipur,Imphal West,8.9,60,52.8,LOW,LIGHT_RAIN,GOOD,10.1,1.2
T001543,NH-02,2026-06-20 09:24:00,Manipur,Bishnupur,21.3,55,28.6,MODERATE,HEAVY_RAIN,GOOD,44.7,21.5
T001544,NH-02,2026-06-20 09:26:00,Manipur,Senapati,16.2,45,45.0,LOW,CLEAR,FAIR,21.6,0.0
T001545,NH-54,2026-06-20 09:28:00,Mizoram,Aizawl,18.9,40,7.6,STANDSTILL,HEAVY_RAIN,POOR,149.2,120.8
T001546,NH-54,2026-06-20 09:30:00,Mizoram,Kolasib,7.8,45,33.8,MODERATE,MODERATE_RAIN,FAIR,13.8,3.4
T001547,NH-54,2026-06-20 09:32:00,Mizoram,Lunglei,17.5,40,16.8,HIGH,MODERATE_RAIN,POOR,62.5,36.2
T001548,NH-08,2026-06-20 09:34:00,Tripura,West Tripura,7.9,65,33.8,MODERATE,HEAVY_RAIN,GOOD,14.0,6.7
T001549,NH-08,2026-06-20 09:36:00,Tripura,Sipahijala,17.5,65,14.3,HIGH,TORRENTIAL_RAIN,GOOD,73.4,57.2
T001550,NH-08,2026-06-20 09:38:00,Tripura,Dhalai,11.5,55,28.6,MODERATE,HEAVY_RAIN,GOOD,24.1,11.6
T001551,NH-13,2026-06-20 09:40:00,Arunachal Pradesh,Tawang,12.4,35,23.5,MODERATE,CLEAR,POOR,31.7,10.4
T001552,NH-13,2026-06-20 09:42:00,Arunachal Pradesh,West Kameng,21.5,40,26.8,MODERATE,CLEAR,POOR,48.1,15.9
T001553,NH-415,2026-06-20 09:44:00,Arunachal Pradesh,Papum Pare,15.7,50,50.0,LOW,CLEAR,FAIR,18.8,0.0
T001554,NH-515,2026-06-20 09:46:00,Arunachal Pradesh,East Siang,16.9,60,52.8,LOW,LIGHT_RAIN,GOOD,19.2,2.3
T001555,NH-13,2026-06-20 09:48:00,Arunachal Pradesh,Lower Subansiri,18.1,40,4.0,STANDSTILL,TORRENTIAL_RAIN,POOR,271.5,244.3
T001556,NH-27,2026-06-20 09:50:00,Assam,Kamrup Metropolitan,8.3,80,41.6,MODERATE,HEAVY_RAIN,GOOD,12.0,5.8
T001557,NH-27,2026-06-20 09:52:00,Assam,Kamrup Rural,16.6,80,41.6,MODERATE,HEAVY_RAIN,GOOD,23.9,11.4
T001558,NH-15,2026-06-20 09:54:00,Assam,Darrang,11.7,65,57.2,LOW,LIGHT_RAIN,GOOD,12.3,1.5
T001559,NH-15,2026-06-20 09:56:00,Assam,Sonitpur,11.7,70,70.0,LOW,CLEAR,GOOD,10.0,0.0
T001560,NH-37,2026-06-20 09:58:00,Assam,Dibrugarh,13.6,70,15.4,HIGH,TORRENTIAL_RAIN,GOOD,53.0,41.3
T001561,NH-37,2026-06-20 10:00:00,Assam,Cachar,21.4,60,45.0,LOW,MODERATE_RAIN,GOOD,28.5,7.1
T001562,NH-27,2026-06-20 10:02:00,Assam,Nagaon,14.3,75,16.5,HIGH,TORRENTIAL_RAIN,GOOD,52.0,40.6
T001563,NH-206,2026-06-20 10:04:00,Meghalaya,East Khasi Hills,19.4,40,22.0,MODERATE,LIGHT_RAIN,POOR,52.9,23.8
T001564,NH-127B,2026-06-20 10:06:00,Meghalaya,West Khasi Hills,15.7,45,23.4,MODERATE,HEAVY_RAIN,FAIR,40.3,19.4
T001565,NH-06,2026-06-20 10:08:00,Meghalaya,Ri-Bhoi,19.9,65,65.0,LOW,CLEAR,GOOD,18.4,0.0
T001566,NH-06,2026-06-20 10:10:00,Meghalaya,West Jaintia Hills,8.5,45,33.8,MODERATE,MODERATE_RAIN,FAIR,15.1,3.8
T001567,NH-10,2026-06-20 10:12:00,Sikkim,East Sikkim,14.5,35,14.7,HIGH,MODERATE_RAIN,POOR,59.2,34.3
T001568,NH-310,2026-06-20 10:14:00,Sikkim,North Sikkim,8.5,30,5.7,STANDSTILL,HEAVY_RAIN,POOR,89.5,72.5
T001569,NH-510,2026-06-20 10:16:00,Sikkim,South Sikkim,13.4,40,4.0,STANDSTILL,TORRENTIAL_RAIN,POOR,201.0,180.9
T001570,NH-29,2026-06-20 10:18:00,Nagaland,Kohima,13.2,40,22.0,MODERATE,LIGHT_RAIN,POOR,36.0,16.2
T001571,NH-29,2026-06-20 10:20:00,Nagaland,Dimapur,9.9,65,33.8,MODERATE,HEAVY_RAIN,GOOD,17.6,8.5
T001572,NH-02,2026-06-20 10:22:00,Nagaland,Mokokchung,10.3,40,16.8,HIGH,MODERATE_RAIN,POOR,36.8,21.3
T001573,NH-02,2026-06-20 10:24:00,Manipur,Imphal West,13.4,60,45.0,LOW,MODERATE_RAIN,GOOD,17.9,4.5
T001574,NH-02,2026-06-20 10:26:00,Manipur,Bishnupur,21.3,55,48.4,LOW,LIGHT_RAIN,GOOD,26.4,3.2
T001575,NH-02,2026-06-20 10:28:00,Manipur,Senapati,14.7,45,39.6,MODERATE,LIGHT_RAIN,FAIR,22.3,2.7
T001576,NH-54,2026-06-20 10:30:00,Mizoram,Aizawl,16.8,40,22.0,MODERATE,LIGHT_RAIN,POOR,45.8,20.6
T001577,NH-54,2026-06-20 10:32:00,Mizoram,Kolasib,19.1,45,33.8,MODERATE,MODERATE_RAIN,FAIR,33.9,8.4
T001578,NH-54,2026-06-20 10:34:00,Mizoram,Lunglei,18.7,40,4.0,STANDSTILL,TORRENTIAL_RAIN,POOR,280.5,252.4
T001579,NH-08,2026-06-20 10:36:00,Tripura,West Tripura,14.1,65,33.8,MODERATE,HEAVY_RAIN,GOOD,25.0,12.0
T001580,NH-08,2026-06-20 10:38:00,Tripura,Sipahijala,21.5,65,65.0,LOW,CLEAR,GOOD,19.8,0.0
T001581,NH-08,2026-06-20 10:40:00,Tripura,Dhalai,18.6,55,48.4,LOW,LIGHT_RAIN,GOOD,23.1,2.8
T001582,NH-13,2026-06-20 10:42:00,Arunachal Pradesh,Tawang,7.4,35,23.5,MODERATE,CLEAR,POOR,18.9,6.2
T001583,NH-13,2026-06-20 10:44:00,Arunachal Pradesh,West Kameng,20.2,40,26.8,MODERATE,CLEAR,POOR,45.2,14.9
T001584,NH-415,2026-06-20 10:46:00,Arunachal Pradesh,Papum Pare,17.0,50,26.0,MODERATE,HEAVY_RAIN,FAIR,39.2,18.8
T001585,NH-515,2026-06-20 10:48:00,Arunachal Pradesh,East Siang,13.8,60,13.2,HIGH,TORRENTIAL_RAIN,GOOD,62.7,48.9
T001586,NH-13,2026-06-20 10:50:00,Arunachal Pradesh,Lower Subansiri,15.5,40,26.8,MODERATE,CLEAR,POOR,34.7,11.5
T001587,NH-27,2026-06-20 10:52:00,Assam,Kamrup Metropolitan,18.8,80,17.6,HIGH,TORRENTIAL_RAIN,GOOD,64.1,50.0
T001588,NH-27,2026-06-20 10:54:00,Assam,Kamrup Rural,20.0,80,41.6,MODERATE,HEAVY_RAIN,GOOD,28.8,13.8
T001589,NH-15,2026-06-20 10:56:00,Assam,Darrang,10.5,65,33.8,MODERATE,HEAVY_RAIN,GOOD,18.6,8.9
T001590,NH-15,2026-06-20 10:58:00,Assam,Sonitpur,18.0,70,61.6,LOW,LIGHT_RAIN,GOOD,17.5,2.1
T001591,NH-37,2026-06-20 11:00:00,Assam,Dibrugarh,8.3,70,52.5,LOW,MODERATE_RAIN,GOOD,9.5,2.4
T001592,NH-37,2026-06-20 11:02:00,Assam,Cachar,21.5,60,45.0,LOW,MODERATE_RAIN,GOOD,28.7,7.2
T001593,NH-27,2026-06-20 11:04:00,Assam,Nagaon,15.0,75,56.2,LOW,MODERATE_RAIN,GOOD,16.0,4.0
T001594,NH-206,2026-06-20 11:06:00,Meghalaya,East Khasi Hills,5.7,40,7.6,STANDSTILL,HEAVY_RAIN,POOR,45.0,36.5
T001595,NH-127B,2026-06-20 11:08:00,Meghalaya,West Khasi Hills,6.8,45,23.4,MODERATE,HEAVY_RAIN,FAIR,17.4,8.3
T001596,NH-06,2026-06-20 11:10:00,Meghalaya,Ri-Bhoi,10.6,65,57.2,LOW,LIGHT_RAIN,FAIR,11.1,1.3
T001597,NH-06,2026-06-20 11:12:00,Meghalaya,West Jaintia Hills,10.0,45,23.4,MODERATE,HEAVY_RAIN,FAIR,25.6,12.3
T001598,NH-10,2026-06-20 11:14:00,Sikkim,East Sikkim,15.2,35,4.0,STANDSTILL,TORRENTIAL_RAIN,POOR,228.0,201.9
T001599,NH-310,2026-06-20 11:16:00,Sikkim,North Sikkim,15.3,30,20.1,HIGH,CLEAR,POOR,45.7,15.1
T001600,NH-510,2026-06-20 11:18:00,Sikkim,South Sikkim,7.6,40,26.8,MODERATE,CLEAR,POOR,17.0,5.6
T001601,NH-29,2026-06-20 11:20:00,Nagaland,Kohima,18.9,40,16.8,HIGH,MODERATE_RAIN,POOR,67.5,39.2
T001602,NH-29,2026-06-20 11:22:00,Nagaland,Dimapur,8.1,65,48.8,LOW,MODERATE_RAIN,GOOD,10.0,2.5
T001603,NH-02,2026-06-20 11:24:00,Nagaland,Mokokchung,11.8,40,30.0,MODERATE,MODERATE_RAIN,FAIR,23.6,5.9
T001604,NH-02,2026-06-20 11:26:00,Manipur,Imphal West,7.7,60,52.8,LOW,LIGHT_RAIN,GOOD,8.8,1.1
T001605,NH-02,2026-06-20 11:28:00,Manipur,Bishnupur,10.0,55,41.2,MODERATE,MODERATE_RAIN,GOOD,14.6,3.7
T001606,NH-02,2026-06-20 11:30:00,Manipur,Senapati,14.3,45,30.2,MODERATE,CLEAR,POOR,28.4,9.3
T001607,NH-54,2026-06-20 11:32:00,Mizoram,Aizawl,8.2,40,7.6,STANDSTILL,HEAVY_RAIN,POOR,64.7,52.4
T001608,NH-54,2026-06-20 11:34:00,Mizoram,Kolasib,11.5,45,33.8,MODERATE,MODERATE_RAIN,FAIR,20.4,5.1
T001609,NH-54,2026-06-20 11:36:00,Mizoram,Lunglei,10.0,40,26.8,MODERATE,CLEAR,POOR,22.4,7.4
T001610,NH-08,2026-06-20 11:38:00,Tripura,West Tripura,6.8,65,57.2,LOW,LIGHT_RAIN,GOOD,7.1,0.8
T001611,NH-08,2026-06-20 11:40:00,Tripura,Sipahijala,13.5,65,14.3,HIGH,TORRENTIAL_RAIN,GOOD,56.6,44.1
T001612,NH-08,2026-06-20 11:42:00,Tripura,Dhalai,5.0,55,41.2,MODERATE,MODERATE_RAIN,GOOD,7.3,1.8
T001613,NH-13,2026-06-20 11:44:00,Arunachal Pradesh,Tawang,9.1,35,23.5,MODERATE,CLEAR,POOR,23.2,7.6
T001614,NH-13,2026-06-20 11:46:00,Arunachal Pradesh,West Kameng,14.1,40,22.0,MODERATE,LIGHT_RAIN,POOR,38.5,17.4
T001615,NH-415,2026-06-20 11:48:00,Arunachal Pradesh,Papum Pare,9.8,50,44.0,MODERATE,LIGHT_RAIN,FAIR,13.4,1.6
T001616,NH-515,2026-06-20 11:50:00,Arunachal Pradesh,East Siang,19.6,60,13.2,HIGH,TORRENTIAL_RAIN,GOOD,89.1,69.5
T001617,NH-13,2026-06-20 11:52:00,Arunachal Pradesh,Lower Subansiri,5.0,40,7.6,STANDSTILL,HEAVY_RAIN,POOR,39.5,32.0
T001618,NH-27,2026-06-20 11:54:00,Assam,Kamrup Metropolitan,19.1,80,70.4,LOW,LIGHT_RAIN,GOOD,16.3,2.0
T001619,NH-27,2026-06-20 11:56:00,Assam,Kamrup Rural,7.7,80,70.4,LOW,LIGHT_RAIN,GOOD,6.6,0.8
T001620,NH-15,2026-06-20 11:58:00,Assam,Darrang,9.0,65,65.0,LOW,CLEAR,GOOD,8.3,0.0
T001621,NH-15,2026-06-20 12:00:00,Assam,Sonitpur,11.7,70,52.5,LOW,MODERATE_RAIN,GOOD,13.4,3.4
T001622,NH-37,2026-06-20 12:02:00,Assam,Dibrugarh,17.5,70,52.5,LOW,MODERATE_RAIN,GOOD,20.0,5.0
T001623,NH-37,2026-06-20 12:04:00,Assam,Cachar,15.8,60,52.8,LOW,LIGHT_RAIN,GOOD,18.0,2.2
T001624,NH-27,2026-06-20 12:06:00,Assam,Nagaon,8.8,75,75.0,LOW,CLEAR,GOOD,7.0,0.0
T001625,NH-206,2026-06-20 12:08:00,Meghalaya,East Khasi Hills,18.7,40,22.0,MODERATE,LIGHT_RAIN,POOR,51.0,23.0
T001626,NH-127B,2026-06-20 12:10:00,Meghalaya,West Khasi Hills,20.7,45,33.8,MODERATE,MODERATE_RAIN,FAIR,36.7,9.1
T001627,NH-06,2026-06-20 12:12:00,Meghalaya,Ri-Bhoi,6.1,65,14.3,HIGH,TORRENTIAL_RAIN,GOOD,25.6,20.0
T001628,NH-06,2026-06-20 12:14:00,Meghalaya,West Jaintia Hills,8.7,45,23.4,MODERATE,HEAVY_RAIN,FAIR,22.3,10.7
T001629,NH-10,2026-06-20 12:16:00,Sikkim,East Sikkim,18.8,35,6.6,STANDSTILL,HEAVY_RAIN,POOR,170.9,138.7
T001630,NH-310,2026-06-20 12:18:00,Sikkim,North Sikkim,15.5,30,20.1,HIGH,CLEAR,POOR,46.3,15.3
T001631,NH-510,2026-06-20 12:20:00,Sikkim,South Sikkim,5.6,40,26.8,MODERATE,CLEAR,POOR,12.5,4.1
T001632,NH-29,2026-06-20 12:22:00,Nagaland,Kohima,7.7,40,16.8,HIGH,MODERATE_RAIN,POOR,27.5,15.9
T001633,NH-29,2026-06-20 12:24:00,Nagaland,Dimapur,15.7,65,33.8,MODERATE,HEAVY_RAIN,GOOD,27.9,13.4
T001634,NH-02,2026-06-20 12:26:00,Nagaland,Mokokchung,14.6,40,35.2,MODERATE,LIGHT_RAIN,FAIR,24.9,3.0
T001635,NH-02,2026-06-20 12:28:00,Manipur,Imphal West,6.6,60,31.2,MODERATE,HEAVY_RAIN,GOOD,12.7,6.1
T001636,NH-02,2026-06-20 12:30:00,Manipur,Bishnupur,9.0,55,48.4,LOW,LIGHT_RAIN,GOOD,11.2,1.4
T001637,NH-02,2026-06-20 12:32:00,Manipur,Senapati,20.0,45,45.0,LOW,CLEAR,FAIR,26.7,0.0
T001638,NH-54,2026-06-20 12:34:00,Mizoram,Aizawl,21.2,40,26.8,MODERATE,CLEAR,POOR,47.5,15.7
T001639,NH-54,2026-06-20 12:36:00,Mizoram,Kolasib,21.0,45,45.0,LOW,CLEAR,FAIR,28.0,0.0
T001640,NH-54,2026-06-20 12:38:00,Mizoram,Lunglei,21.5,40,16.8,HIGH,MODERATE_RAIN,POOR,76.8,44.5
T001641,NH-08,2026-06-20 12:40:00,Tripura,West Tripura,20.9,65,14.3,HIGH,TORRENTIAL_RAIN,GOOD,87.7,68.4
T001642,NH-08,2026-06-20 12:42:00,Tripura,Sipahijala,19.4,65,48.8,LOW,MODERATE_RAIN,GOOD,23.9,6.0
T001643,NH-08,2026-06-20 12:44:00,Tripura,Dhalai,20.4,55,55.0,LOW,CLEAR,GOOD,22.3,0.0
T001644,NH-13,2026-06-20 12:46:00,Arunachal Pradesh,Tawang,21.6,35,19.2,HIGH,LIGHT_RAIN,POOR,67.5,30.5
T001645,NH-13,2026-06-20 12:48:00,Arunachal Pradesh,West Kameng,9.0,40,4.0,STANDSTILL,TORRENTIAL_RAIN,POOR,135.0,121.5
T001646,NH-415,2026-06-20 12:50:00,Arunachal Pradesh,Papum Pare,14.3,50,11.0,HIGH,TORRENTIAL_RAIN,FAIR,78.0,60.8
T001647,NH-515,2026-06-20 12:52:00,Arunachal Pradesh,East Siang,5.1,60,52.8,LOW,LIGHT_RAIN,GOOD,5.8,0.7
T001648,NH-13,2026-06-20 12:54:00,Arunachal Pradesh,Lower Subansiri,6.2,40,16.8,HIGH,MODERATE_RAIN,POOR,22.1,12.8
T001649,NH-27,2026-06-20 12:56:00,Assam,Kamrup Metropolitan,19.8,80,70.4,LOW,LIGHT_RAIN,GOOD,16.9,2.0
T001650,NH-27,2026-06-20 12:58:00,Assam,Kamrup Rural,14.0,80,80.0,LOW,CLEAR,GOOD,10.5,0.0
T001651,NH-15,2026-06-20 13:00:00,Assam,Darrang,6.4,65,33.8,MODERATE,HEAVY_RAIN,GOOD,11.4,5.5
T001652,NH-15,2026-06-20 13:02:00,Assam,Sonitpur,15.3,70,70.0,LOW,CLEAR,GOOD,13.1,0.0
T001653,NH-37,2026-06-20 13:04:00,Assam,Dibrugarh,9.8,70,61.6,LOW,LIGHT_RAIN,GOOD,9.5,1.1
T001654,NH-37,2026-06-20 13:06:00,Assam,Cachar,12.9,60,45.0,LOW,MODERATE_RAIN,GOOD,17.2,4.3
T001655,NH-27,2026-06-20 13:08:00,Assam,Nagaon,15.4,75,75.0,LOW,CLEAR,GOOD,12.3,0.0
T001656,NH-206,2026-06-20 13:10:00,Meghalaya,East Khasi Hills,15.3,40,8.8,HIGH,TORRENTIAL_RAIN,FAIR,104.3,81.3
T001657,NH-127B,2026-06-20 13:12:00,Meghalaya,West Khasi Hills,8.2,45,23.4,MODERATE,HEAVY_RAIN,FAIR,21.0,10.1
T001658,NH-06,2026-06-20 13:14:00,Meghalaya,Ri-Bhoi,7.9,65,14.3,HIGH,TORRENTIAL_RAIN,GOOD,33.1,25.8
T001659,NH-06,2026-06-20 13:16:00,Meghalaya,West Jaintia Hills,12.6,45,33.8,MODERATE,MODERATE_RAIN,FAIR,22.4,5.6
T001660,NH-10,2026-06-20 13:18:00,Sikkim,East Sikkim,16.5,35,19.2,HIGH,LIGHT_RAIN,POOR,51.6,23.3
T001661,NH-310,2026-06-20 13:20:00,Sikkim,North Sikkim,10.9,30,20.1,HIGH,CLEAR,POOR,32.5,10.7
T001662,NH-510,2026-06-20 13:22:00,Sikkim,South Sikkim,17.0,40,7.6,STANDSTILL,HEAVY_RAIN,POOR,134.2,108.7
T001663,NH-29,2026-06-20 13:24:00,Nagaland,Kohima,7.5,40,4.0,STANDSTILL,TORRENTIAL_RAIN,POOR,112.5,101.2
T001664,NH-29,2026-06-20 13:26:00,Nagaland,Dimapur,10.1,65,65.0,LOW,CLEAR,GOOD,9.3,0.0
T001665,NH-02,2026-06-20 13:28:00,Nagaland,Mokokchung,9.5,40,20.8,HIGH,HEAVY_RAIN,FAIR,27.4,13.1
T001666,NH-02,2026-06-20 13:30:00,Manipur,Imphal West,12.0,60,52.8,LOW,LIGHT_RAIN,GOOD,13.6,1.6
T001667,NH-02,2026-06-20 13:32:00,Manipur,Bishnupur,5.1,55,55.0,LOW,CLEAR,GOOD,5.6,0.0
T001668,NH-02,2026-06-20 13:34:00,Manipur,Senapati,18.4,45,24.8,MODERATE,LIGHT_RAIN,POOR,44.5,20.0
T001669,NH-54,2026-06-20 13:36:00,Mizoram,Aizawl,21.4,40,16.8,HIGH,MODERATE_RAIN,POOR,76.4,44.3
T001670,NH-54,2026-06-20 13:38:00,Mizoram,Kolasib,7.1,45,33.8,MODERATE,MODERATE_RAIN,FAIR,12.6,3.1
T001671,NH-54,2026-06-20 13:40:00,Mizoram,Lunglei,9.5,40,4.0,STANDSTILL,TORRENTIAL_RAIN,POOR,142.5,128.2
T001672,NH-08,2026-06-20 13:42:00,Tripura,West Tripura,13.8,65,57.2,LOW,LIGHT_RAIN,GOOD,14.5,1.8
T001673,NH-08,2026-06-20 13:44:00,Tripura,Sipahijala,12.9,65,33.8,MODERATE,HEAVY_RAIN,GOOD,22.9,11.0
T001674,NH-08,2026-06-20 13:46:00,Tripura,Dhalai,14.3,55,41.2,MODERATE,MODERATE_RAIN,GOOD,20.8,5.2
T001675,NH-13,2026-06-20 13:48:00,Arunachal Pradesh,Tawang,12.5,35,23.5,MODERATE,CLEAR,POOR,31.9,10.5
T001676,NH-13,2026-06-20 13:50:00,Arunachal Pradesh,West Kameng,7.0,40,7.6,STANDSTILL,HEAVY_RAIN,POOR,55.3,44.8
T001677,NH-415,2026-06-20 13:52:00,Arunachal Pradesh,Papum Pare,17.9,50,11.0,HIGH,TORRENTIAL_RAIN,FAIR,97.6,76.1
T001678,NH-515,2026-06-20 13:54:00,Arunachal Pradesh,East Siang,13.2,60,31.2,MODERATE,HEAVY_RAIN,GOOD,25.4,12.2
T001679,NH-13,2026-06-20 13:56:00,Arunachal Pradesh,Lower Subansiri,9.5,40,26.8,MODERATE,CLEAR,POOR,21.3,7.1
T001680,NH-27,2026-06-20 13:58:00,Assam,Kamrup Metropolitan,11.8,80,17.6,HIGH,TORRENTIAL_RAIN,GOOD,40.2,31.4
T001681,NH-27,2026-06-20 14:00:00,Assam,Kamrup Rural,13.9,80,80.0,LOW,CLEAR,GOOD,10.4,0.0
T001682,NH-15,2026-06-20 14:02:00,Assam,Darrang,11.3,65,65.0,LOW,CLEAR,GOOD,10.4,0.0
T001683,NH-15,2026-06-20 14:04:00,Assam,Sonitpur,13.9,70,15.4,HIGH,TORRENTIAL_RAIN,GOOD,54.2,42.3
T001684,NH-37,2026-06-20 14:06:00,Assam,Dibrugarh,19.9,70,70.0,LOW,CLEAR,GOOD,17.1,0.0
T001685,NH-37,2026-06-20 14:08:00,Assam,Cachar,6.5,60,60.0,LOW,CLEAR,GOOD,6.5,0.0
T001686,NH-27,2026-06-20 14:10:00,Assam,Nagaon,11.3,75,75.0,LOW,CLEAR,GOOD,9.0,0.0
T001687,NH-206,2026-06-20 14:12:00,Meghalaya,East Khasi Hills,16.3,40,40.0,MODERATE,CLEAR,FAIR,24.5,0.0
T001688,NH-127B,2026-06-20 14:14:00,Meghalaya,West Khasi Hills,21.9,45,39.6,MODERATE,LIGHT_RAIN,FAIR,33.2,4.0
T001689,NH-06,2026-06-20 14:16:00,Meghalaya,Ri-Bhoi,17.6,65,33.8,MODERATE,HEAVY_RAIN,FAIR,31.2,15.0
T001690,NH-06,2026-06-20 14:18:00,Meghalaya,West Jaintia Hills,7.9,45,9.9,HIGH,TORRENTIAL_RAIN,FAIR,47.9,37.4
T001691,NH-10,2026-06-20 14:20:00,Sikkim,East Sikkim,13.1,35,23.5,MODERATE,CLEAR,POOR,33.4,10.9
T001692,NH-310,2026-06-20 14:22:00,Sikkim,North Sikkim,7.7,30,4.0,STANDSTILL,TORRENTIAL_RAIN,POOR,115.5,100.1
T001693,NH-510,2026-06-20 14:24:00,Sikkim,South Sikkim,7.6,40,22.0,MODERATE,LIGHT_RAIN,POOR,20.7,9.3
T001694,NH-29,2026-06-20 14:26:00,Nagaland,Kohima,7.9,40,16.8,HIGH,MODERATE_RAIN,POOR,28.2,16.3
T001695,NH-29,2026-06-20 14:28:00,Nagaland,Dimapur,20.9,65,57.2,LOW,LIGHT_RAIN,GOOD,21.9,2.6
T001696,NH-02,2026-06-20 14:30:00,Nagaland,Mokokchung,7.8,40,22.0,MODERATE,LIGHT_RAIN,POOR,21.3,9.6
T001697,NH-02,2026-06-20 14:32:00,Manipur,Imphal West,5.6,60,31.2,MODERATE,HEAVY_RAIN,GOOD,10.8,5.2
T001698,NH-02,2026-06-20 14:34:00,Manipur,Bishnupur,20.5,55,55.0,LOW,CLEAR,GOOD,22.4,0.0
T001699,NH-02,2026-06-20 14:36:00,Manipur,Senapati,16.9,45,39.6,MODERATE,LIGHT_RAIN,FAIR,25.6,3.1
T001700,NH-54,2026-06-20 14:38:00,Mizoram,Aizawl,11.6,40,22.0,MODERATE,LIGHT_RAIN,POOR,31.6,14.2
T001701,NH-54,2026-06-20 14:40:00,Mizoram,Kolasib,18.0,45,39.6,MODERATE,LIGHT_RAIN,FAIR,27.3,3.3
T001702,NH-54,2026-06-20 14:42:00,Mizoram,Lunglei,8.4,40,22.0,MODERATE,LIGHT_RAIN,POOR,22.9,10.3
T001703,NH-08,2026-06-20 14:44:00,Tripura,West Tripura,19.1,65,33.8,MODERATE,HEAVY_RAIN,GOOD,33.9,16.3
T001704,NH-08,2026-06-20 14:46:00,Tripura,Sipahijala,9.3,65,57.2,LOW,LIGHT_RAIN,GOOD,9.8,1.2
T001705,NH-08,2026-06-20 14:48:00,Tripura,Dhalai,18.2,55,28.6,MODERATE,HEAVY_RAIN,GOOD,38.2,18.3
T001706,NH-13,2026-06-20 14:50:00,Arunachal Pradesh,Tawang,17.2,35,19.2,HIGH,LIGHT_RAIN,POOR,53.8,24.3
T001707,NH-13,2026-06-20 14:52:00,Arunachal Pradesh,West Kameng,19.1,40,22.0,MODERATE,LIGHT_RAIN,POOR,52.1,23.4
T001708,NH-415,2026-06-20 14:54:00,Arunachal Pradesh,Papum Pare,8.3,50,11.0,HIGH,TORRENTIAL_RAIN,FAIR,45.3,35.3
T001709,NH-515,2026-06-20 14:56:00,Arunachal Pradesh,East Siang,13.9,60,52.8,LOW,LIGHT_RAIN,GOOD,15.8,1.9
T001710,NH-13,2026-06-20 14:58:00,Arunachal Pradesh,Lower Subansiri,13.2,40,26.8,MODERATE,CLEAR,POOR,29.6,9.8
T001711,NH-27,2026-06-20 15:00:00,Assam,Kamrup Metropolitan,11.6,80,70.4,LOW,LIGHT_RAIN,GOOD,9.9,1.2
T001712,NH-27,2026-06-20 15:02:00,Assam,Kamrup Rural,15.5,80,70.4,LOW,LIGHT_RAIN,GOOD,13.2,1.6
T001713,NH-15,2026-06-20 15:04:00,Assam,Darrang,18.2,65,33.8,MODERATE,HEAVY_RAIN,GOOD,32.3,15.5
T001714,NH-15,2026-06-20 15:06:00,Assam,Sonitpur,15.8,70,52.5,LOW,MODERATE_RAIN,GOOD,18.1,4.6
T001715,NH-37,2026-06-20 15:08:00,Assam,Dibrugarh,7.3,70,36.4,MODERATE,HEAVY_RAIN,GOOD,12.0,5.7
T001716,NH-37,2026-06-20 15:10:00,Assam,Cachar,14.7,60,45.0,LOW,MODERATE_RAIN,GOOD,19.6,4.9
T001717,NH-27,2026-06-20 15:12:00,Assam,Nagaon,17.4,75,66.0,LOW,LIGHT_RAIN,GOOD,15.8,1.9
T001718,NH-206,2026-06-20 15:14:00,Meghalaya,East Khasi Hills,16.2,40,40.0,MODERATE,CLEAR,FAIR,24.3,0.0
T001719,NH-127B,2026-06-20 15:16:00,Meghalaya,West Khasi Hills,13.1,45,39.6,MODERATE,LIGHT_RAIN,FAIR,19.8,2.3
T001720,NH-06,2026-06-20 15:18:00,Meghalaya,Ri-Bhoi,7.9,65,33.8,MODERATE,HEAVY_RAIN,FAIR,14.0,6.7
T001721,NH-06,2026-06-20 15:20:00,Meghalaya,West Jaintia Hills,10.8,45,9.9,HIGH,TORRENTIAL_RAIN,FAIR,65.5,51.1
T001722,NH-10,2026-06-20 15:22:00,Sikkim,East Sikkim,13.6,35,4.0,STANDSTILL,TORRENTIAL_RAIN,POOR,204.0,180.7
T001723,NH-310,2026-06-20 15:24:00,Sikkim,North Sikkim,12.7,30,12.6,HIGH,MODERATE_RAIN,POOR,60.5,35.1
T001724,NH-510,2026-06-20 15:26:00,Sikkim,South Sikkim,9.0,40,7.6,STANDSTILL,HEAVY_RAIN,POOR,71.1,57.6
T001725,NH-29,2026-06-20 15:28:00,Nagaland,Kohima,10.7,40,4.0,STANDSTILL,TORRENTIAL_RAIN,POOR,160.5,144.4
T001726,NH-29,2026-06-20 15:30:00,Nagaland,Dimapur,8.4,65,33.8,MODERATE,HEAVY_RAIN,GOOD,14.9,7.1
T001727,NH-02,2026-06-20 15:32:00,Nagaland,Mokokchung,15.2,40,26.8,MODERATE,CLEAR,POOR,34.0,11.2
T001728,NH-02,2026-06-20 15:34:00,Manipur,Imphal West,8.4,60,13.2,HIGH,TORRENTIAL_RAIN,GOOD,38.2,29.8
T001729,NH-02,2026-06-20 15:36:00,Manipur,Bishnupur,14.2,55,55.0,LOW,CLEAR,GOOD,15.5,0.0
T001730,NH-02,2026-06-20 15:38:00,Manipur,Senapati,9.6,45,18.9,HIGH,MODERATE_RAIN,POOR,30.5,17.7
T001731,NH-54,2026-06-20 15:40:00,Mizoram,Aizawl,12.3,40,16.8,HIGH,MODERATE_RAIN,POOR,43.9,25.4
T001732,NH-54,2026-06-20 15:42:00,Mizoram,Kolasib,12.4,45,9.9,HIGH,TORRENTIAL_RAIN,FAIR,75.2,58.7
T001733,NH-54,2026-06-20 15:44:00,Mizoram,Lunglei,16.9,40,8.8,HIGH,TORRENTIAL_RAIN,FAIR,115.2,89.9
T001734,NH-08,2026-06-20 15:46:00,Tripura,West Tripura,15.8,65,33.8,MODERATE,HEAVY_RAIN,GOOD,28.0,13.4
T001735,NH-08,2026-06-20 15:48:00,Tripura,Sipahijala,17.6,65,33.8,MODERATE,HEAVY_RAIN,GOOD,31.2,15.0
T001736,NH-08,2026-06-20 15:50:00,Tripura,Dhalai,14.9,55,55.0,LOW,CLEAR,GOOD,16.3,0.0
T001737,NH-13,2026-06-20 15:52:00,Arunachal Pradesh,Tawang,14.3,35,14.7,HIGH,MODERATE_RAIN,POOR,58.4,33.9
T001738,NH-13,2026-06-20 15:54:00,Arunachal Pradesh,West Kameng,21.7,40,7.6,STANDSTILL,HEAVY_RAIN,POOR,171.3,138.8
T001739,NH-415,2026-06-20 15:56:00,Arunachal Pradesh,Papum Pare,6.8,50,44.0,MODERATE,LIGHT_RAIN,FAIR,9.3,1.1
T001740,NH-515,2026-06-20 15:58:00,Arunachal Pradesh,East Siang,17.0,60,60.0,LOW,CLEAR,GOOD,17.0,0.0
T001741,NH-13,2026-06-20 16:00:00,Arunachal Pradesh,Lower Subansiri,13.1,40,16.8,HIGH,MODERATE_RAIN,POOR,46.8,27.1
T001742,NH-27,2026-06-20 16:02:00,Assam,Kamrup Metropolitan,13.1,80,17.6,HIGH,TORRENTIAL_RAIN,GOOD,44.7,34.9
T001743,NH-27,2026-06-20 16:04:00,Assam,Kamrup Rural,6.1,80,17.6,HIGH,TORRENTIAL_RAIN,GOOD,20.8,16.2
T001744,NH-15,2026-06-20 16:06:00,Assam,Darrang,14.2,65,33.8,MODERATE,HEAVY_RAIN,GOOD,25.2,12.1
T001745,NH-15,2026-06-20 16:08:00,Assam,Sonitpur,12.2,70,70.0,LOW,CLEAR,GOOD,10.5,0.0
T001746,NH-37,2026-06-20 16:10:00,Assam,Dibrugarh,13.1,70,70.0,LOW,CLEAR,GOOD,11.2,0.0
T001747,NH-37,2026-06-20 16:12:00,Assam,Cachar,15.8,60,31.2,MODERATE,HEAVY_RAIN,GOOD,30.4,14.6
T001748,NH-27,2026-06-20 16:14:00,Assam,Nagaon,9.0,75,56.2,LOW,MODERATE_RAIN,GOOD,9.6,2.4
T001749,NH-206,2026-06-20 16:16:00,Meghalaya,East Khasi Hills,8.8,40,40.0,MODERATE,CLEAR,FAIR,13.2,0.0
T001750,NH-127B,2026-06-20 16:18:00,Meghalaya,West Khasi Hills,21.1,45,23.4,MODERATE,HEAVY_RAIN,FAIR,54.1,26.0
T001751,NH-06,2026-06-20 16:20:00,Meghalaya,Ri-Bhoi,11.1,65,57.2,LOW,LIGHT_RAIN,FAIR,11.6,1.4
T001752,NH-06,2026-06-20 16:22:00,Meghalaya,West Jaintia Hills,7.7,45,9.9,HIGH,TORRENTIAL_RAIN,FAIR,46.7,36.4
T001753,NH-10,2026-06-20 16:24:00,Sikkim,East Sikkim,12.6,35,19.2,HIGH,LIGHT_RAIN,POOR,39.4,17.8
T001754,NH-310,2026-06-20 16:26:00,Sikkim,North Sikkim,14.5,30,5.7,STANDSTILL,HEAVY_RAIN,POOR,152.6,123.6
T001755,NH-510,2026-06-20 16:28:00,Sikkim,South Sikkim,21.2,40,22.0,MODERATE,LIGHT_RAIN,POOR,57.8,26.0
T001756,NH-29,2026-06-20 16:30:00,Nagaland,Kohima,11.0,40,4.0,STANDSTILL,TORRENTIAL_RAIN,POOR,165.0,148.5
T001757,NH-29,2026-06-20 16:32:00,Nagaland,Dimapur,9.6,65,57.2,LOW,LIGHT_RAIN,GOOD,10.1,1.2
T001758,NH-02,2026-06-20 16:34:00,Nagaland,Mokokchung,21.7,40,26.8,MODERATE,CLEAR,POOR,48.6,16.1
T001759,NH-02,2026-06-20 16:36:00,Manipur,Imphal West,17.9,60,31.2,MODERATE,HEAVY_RAIN,GOOD,34.4,16.5
T001760,NH-02,2026-06-20 16:38:00,Manipur,Bishnupur,14.4,55,48.4,LOW,LIGHT_RAIN,GOOD,17.9,2.2
T001761,NH-02,2026-06-20 16:40:00,Manipur,Senapati,6.1,45,39.6,MODERATE,LIGHT_RAIN,FAIR,9.2,1.1
T001762,NH-54,2026-06-20 16:42:00,Mizoram,Aizawl,14.3,40,26.8,MODERATE,CLEAR,POOR,32.0,10.5
T001763,NH-54,2026-06-20 16:44:00,Mizoram,Kolasib,21.5,45,23.4,MODERATE,HEAVY_RAIN,FAIR,55.1,26.4
T001764,NH-54,2026-06-20 16:46:00,Mizoram,Lunglei,8.4,40,26.8,MODERATE,CLEAR,POOR,18.8,6.2
T001765,NH-08,2026-06-20 16:48:00,Tripura,West Tripura,13.7,65,14.3,HIGH,TORRENTIAL_RAIN,GOOD,57.5,44.9
T001766,NH-08,2026-06-20 16:50:00,Tripura,Sipahijala,14.4,65,48.8,LOW,MODERATE_RAIN,GOOD,17.7,4.4
T001767,NH-08,2026-06-20 16:52:00,Tripura,Dhalai,7.1,55,41.2,MODERATE,MODERATE_RAIN,GOOD,10.3,2.6
T001768,NH-13,2026-06-20 16:54:00,Arunachal Pradesh,Tawang,11.3,35,6.6,STANDSTILL,HEAVY_RAIN,POOR,102.7,83.3
T001769,NH-13,2026-06-20 16:56:00,Arunachal Pradesh,West Kameng,19.3,40,26.8,MODERATE,CLEAR,POOR,43.2,14.2
T001770,NH-415,2026-06-20 16:58:00,Arunachal Pradesh,Papum Pare,14.6,50,50.0,LOW,CLEAR,FAIR,17.5,0.0
T001771,NH-515,2026-06-20 17:00:00,Arunachal Pradesh,East Siang,19.8,60,31.2,MODERATE,HEAVY_RAIN,GOOD,38.1,18.3
T001772,NH-13,2026-06-20 17:02:00,Arunachal Pradesh,Lower Subansiri,10.4,40,22.0,MODERATE,LIGHT_RAIN,POOR,28.4,12.8
T001773,NH-27,2026-06-20 17:04:00,Assam,Kamrup Metropolitan,10.0,80,70.4,LOW,LIGHT_RAIN,GOOD,8.5,1.0
T001774,NH-27,2026-06-20 17:06:00,Assam,Kamrup Rural,13.0,80,41.6,MODERATE,HEAVY_RAIN,GOOD,18.8,9.1
T001775,NH-15,2026-06-20 17:08:00,Assam,Darrang,20.4,65,14.3,HIGH,TORRENTIAL_RAIN,GOOD,85.6,66.8
T001776,NH-15,2026-06-20 17:10:00,Assam,Sonitpur,21.9,70,15.4,HIGH,TORRENTIAL_RAIN,GOOD,85.3,66.5
T001777,NH-37,2026-06-20 17:12:00,Assam,Dibrugarh,19.8,70,52.5,LOW,MODERATE_RAIN,GOOD,22.6,5.6
T001778,NH-37,2026-06-20 17:14:00,Assam,Cachar,17.8,60,45.0,LOW,MODERATE_RAIN,GOOD,23.7,5.9
T001779,NH-27,2026-06-20 17:16:00,Assam,Nagaon,11.2,75,66.0,LOW,LIGHT_RAIN,GOOD,10.2,1.2
T001780,NH-206,2026-06-20 17:18:00,Meghalaya,East Khasi Hills,5.5,40,16.8,HIGH,MODERATE_RAIN,POOR,19.6,11.4
T001781,NH-127B,2026-06-20 17:20:00,Meghalaya,West Khasi Hills,7.4,45,23.4,MODERATE,HEAVY_RAIN,FAIR,19.0,9.1
T001782,NH-06,2026-06-20 17:22:00,Meghalaya,Ri-Bhoi,12.1,65,57.2,LOW,LIGHT_RAIN,FAIR,12.7,1.5
T001783,NH-06,2026-06-20 17:24:00,Meghalaya,West Jaintia Hills,14.4,45,45.0,LOW,CLEAR,FAIR,19.2,0.0
T001784,NH-10,2026-06-20 17:26:00,Sikkim,East Sikkim,17.0,35,6.6,STANDSTILL,HEAVY_RAIN,POOR,154.5,125.4
T001785,NH-310,2026-06-20 17:28:00,Sikkim,North Sikkim,9.0,30,5.7,STANDSTILL,HEAVY_RAIN,POOR,94.7,76.7
T001786,NH-510,2026-06-20 17:30:00,Sikkim,South Sikkim,9.7,40,22.0,MODERATE,LIGHT_RAIN,POOR,26.5,12.0
T001787,NH-29,2026-06-20 17:32:00,Nagaland,Kohima,14.1,40,22.0,MODERATE,LIGHT_RAIN,POOR,38.5,17.4
T001788,NH-29,2026-06-20 17:34:00,Nagaland,Dimapur,14.5,65,14.3,HIGH,TORRENTIAL_RAIN,GOOD,60.8,47.4
T001789,NH-02,2026-06-20 17:36:00,Nagaland,Mokokchung,7.3,40,4.0,STANDSTILL,TORRENTIAL_RAIN,POOR,109.5,98.5
T001790,NH-02,2026-06-20 17:38:00,Manipur,Imphal West,15.3,60,13.2,HIGH,TORRENTIAL_RAIN,GOOD,69.5,54.2
T001791,NH-02,2026-06-20 17:40:00,Manipur,Bishnupur,11.2,55,41.2,MODERATE,MODERATE_RAIN,GOOD,16.3,4.1
T001792,NH-02,2026-06-20 17:42:00,Manipur,Senapati,18.5,45,33.8,MODERATE,MODERATE_RAIN,FAIR,32.8,8.1
T001793,NH-54,2026-06-20 17:44:00,Mizoram,Aizawl,5.3,40,16.8,HIGH,MODERATE_RAIN,POOR,18.9,10.9
T001794,NH-54,2026-06-20 17:46:00,Mizoram,Kolasib,21.1,45,45.0,LOW,CLEAR,FAIR,28.1,0.0
T001795,NH-54,2026-06-20 17:48:00,Mizoram,Lunglei,18.1,40,8.8,HIGH,TORRENTIAL_RAIN,FAIR,123.4,96.2
T001796,NH-08,2026-06-20 17:50:00,Tripura,West Tripura,17.9,65,14.3,HIGH,TORRENTIAL_RAIN,GOOD,75.1,58.6
T001797,NH-08,2026-06-20 17:52:00,Tripura,Sipahijala,18.4,65,65.0,LOW,CLEAR,GOOD,17.0,0.0
T001798,NH-08,2026-06-20 17:54:00,Tripura,Dhalai,18.3,55,12.1,HIGH,TORRENTIAL_RAIN,GOOD,90.7,70.7
T001799,NH-13,2026-06-20 17:56:00,Arunachal Pradesh,Tawang,18.7,35,6.6,STANDSTILL,HEAVY_RAIN,POOR,170.0,137.9
T001800,NH-13,2026-06-20 17:58:00,Arunachal Pradesh,West Kameng,5.7,40,7.6,STANDSTILL,HEAVY_RAIN,POOR,45.0,36.5
T001801,NH-415,2026-06-20 18:00:00,Arunachal Pradesh,Papum Pare,13.0,50,11.0,HIGH,TORRENTIAL_RAIN,FAIR,70.9,55.3
T001802,NH-515,2026-06-20 18:02:00,Arunachal Pradesh,East Siang,21.8,60,52.8,LOW,LIGHT_RAIN,GOOD,24.8,3.0
T001803,NH-13,2026-06-20 18:04:00,Arunachal Pradesh,Lower Subansiri,20.1,40,16.8,HIGH,MODERATE_RAIN,POOR,71.8,41.6
T001804,NH-27,2026-06-20 18:06:00,Assam,Kamrup Metropolitan,15.3,80,70.4,LOW,LIGHT_RAIN,GOOD,13.0,1.5
T001805,NH-27,2026-06-20 18:08:00,Assam,Kamrup Rural,21.0,80,70.4,LOW,LIGHT_RAIN,GOOD,17.9,2.1
T001806,NH-15,2026-06-20 18:10:00,Assam,Darrang,8.3,65,14.3,HIGH,TORRENTIAL_RAIN,GOOD,34.8,27.1
T001807,NH-15,2026-06-20 18:12:00,Assam,Sonitpur,7.3,70,52.5,LOW,MODERATE_RAIN,GOOD,8.3,2.0
T001808,NH-37,2026-06-20 18:14:00,Assam,Dibrugarh,20.0,70,15.4,HIGH,TORRENTIAL_RAIN,GOOD,77.9,60.8
T001809,NH-37,2026-06-20 18:16:00,Assam,Cachar,5.9,60,31.2,MODERATE,HEAVY_RAIN,GOOD,11.3,5.4
T001810,NH-27,2026-06-20 18:18:00,Assam,Nagaon,14.3,75,56.2,LOW,MODERATE_RAIN,GOOD,15.3,3.9
T001811,NH-206,2026-06-20 18:20:00,Meghalaya,East Khasi Hills,19.0,40,4.0,STANDSTILL,TORRENTIAL_RAIN,POOR,285.0,256.5
T001812,NH-127B,2026-06-20 18:22:00,Meghalaya,West Khasi Hills,21.4,45,9.9,HIGH,TORRENTIAL_RAIN,FAIR,129.7,101.2
T001813,NH-06,2026-06-20 18:24:00,Meghalaya,Ri-Bhoi,10.0,65,65.0,LOW,CLEAR,FAIR,9.2,0.0
T001814,NH-06,2026-06-20 18:26:00,Meghalaya,West Jaintia Hills,15.5,45,39.6,MODERATE,LIGHT_RAIN,FAIR,23.5,2.8
T001815,NH-10,2026-06-20 18:28:00,Sikkim,East Sikkim,22.0,35,14.7,HIGH,MODERATE_RAIN,POOR,89.8,52.1
T001816,NH-310,2026-06-20 18:30:00,Sikkim,North Sikkim,13.4,30,12.6,HIGH,MODERATE_RAIN,POOR,63.8,37.0
T001817,NH-510,2026-06-20 18:32:00,Sikkim,South Sikkim,20.4,40,7.6,STANDSTILL,HEAVY_RAIN,POOR,161.1,130.5
T001818,NH-29,2026-06-20 18:34:00,Nagaland,Kohima,15.6,40,7.6,STANDSTILL,HEAVY_RAIN,POOR,123.2,99.8
T001819,NH-29,2026-06-20 18:36:00,Nagaland,Dimapur,14.6,65,14.3,HIGH,TORRENTIAL_RAIN,GOOD,61.3,47.8
T001820,NH-02,2026-06-20 18:38:00,Nagaland,Mokokchung,7.6,40,4.0,STANDSTILL,TORRENTIAL_RAIN,POOR,114.0,102.6
T001821,NH-02,2026-06-20 18:40:00,Manipur,Imphal West,19.7,60,52.8,LOW,LIGHT_RAIN,GOOD,22.4,2.7
T001822,NH-02,2026-06-20 18:42:00,Manipur,Bishnupur,10.0,55,12.1,HIGH,TORRENTIAL_RAIN,GOOD,49.6,38.7
T001823,NH-02,2026-06-20 18:44:00,Manipur,Senapati,8.3,45,33.8,MODERATE,MODERATE_RAIN,FAIR,14.7,3.6
T001824,NH-54,2026-06-20 18:46:00,Mizoram,Aizawl,5.6,40,26.8,MODERATE,CLEAR,POOR,12.5,4.1
T001825,NH-54,2026-06-20 18:48:00,Mizoram,Kolasib,16.7,45,23.4,MODERATE,HEAVY_RAIN,FAIR,42.8,20.5
T001826,NH-54,2026-06-20 18:50:00,Mizoram,Lunglei,6.9,40,7.6,STANDSTILL,HEAVY_RAIN,POOR,54.5,44.1
T001827,NH-08,2026-06-20 18:52:00,Tripura,West Tripura,8.0,65,65.0,LOW,CLEAR,GOOD,7.4,0.0
T001828,NH-08,2026-06-20 18:54:00,Tripura,Sipahijala,21.8,65,14.3,HIGH,TORRENTIAL_RAIN,GOOD,91.5,71.4
T001829,NH-08,2026-06-20 18:56:00,Tripura,Dhalai,8.4,55,41.2,MODERATE,MODERATE_RAIN,GOOD,12.2,3.0
T001830,NH-13,2026-06-20 18:58:00,Arunachal Pradesh,Tawang,9.5,35,4.0,STANDSTILL,TORRENTIAL_RAIN,POOR,142.5,126.2
T001831,NH-13,2026-06-20 19:00:00,Arunachal Pradesh,West Kameng,17.4,40,22.0,MODERATE,LIGHT_RAIN,POOR,47.5,21.4
T001832,NH-415,2026-06-20 19:02:00,Arunachal Pradesh,Papum Pare,10.5,50,44.0,MODERATE,LIGHT_RAIN,FAIR,14.3,1.7
T001833,NH-515,2026-06-20 19:04:00,Arunachal Pradesh,East Siang,11.9,60,52.8,LOW,LIGHT_RAIN,GOOD,13.5,1.6
T001834,NH-13,2026-06-20 19:06:00,Arunachal Pradesh,Lower Subansiri,15.6,40,7.6,STANDSTILL,HEAVY_RAIN,POOR,123.2,99.8
T001835,NH-27,2026-06-20 19:08:00,Assam,Kamrup Metropolitan,12.9,80,80.0,LOW,CLEAR,GOOD,9.7,0.0
T001836,NH-27,2026-06-20 19:10:00,Assam,Kamrup Rural,12.4,80,41.6,MODERATE,HEAVY_RAIN,GOOD,17.9,8.6
T001837,NH-15,2026-06-20 19:12:00,Assam,Darrang,16.1,65,14.3,HIGH,TORRENTIAL_RAIN,GOOD,67.6,52.7
T001838,NH-15,2026-06-20 19:14:00,Assam,Sonitpur,8.7,70,61.6,LOW,LIGHT_RAIN,GOOD,8.5,1.0
T001839,NH-37,2026-06-20 19:16:00,Assam,Dibrugarh,17.1,70,52.5,LOW,MODERATE_RAIN,GOOD,19.5,4.8
T001840,NH-37,2026-06-20 19:18:00,Assam,Cachar,11.3,60,13.2,HIGH,TORRENTIAL_RAIN,GOOD,51.4,40.1
T001841,NH-27,2026-06-20 19:20:00,Assam,Nagaon,21.1,75,56.2,LOW,MODERATE_RAIN,GOOD,22.5,5.6
T001842,NH-206,2026-06-20 19:22:00,Meghalaya,East Khasi Hills,21.2,40,8.8,HIGH,TORRENTIAL_RAIN,FAIR,144.5,112.7
T001843,NH-127B,2026-06-20 19:24:00,Meghalaya,West Khasi Hills,10.2,45,9.9,HIGH,TORRENTIAL_RAIN,FAIR,61.8,48.2
T001844,NH-06,2026-06-20 19:26:00,Meghalaya,Ri-Bhoi,17.7,65,33.8,MODERATE,HEAVY_RAIN,FAIR,31.4,15.1
T001845,NH-06,2026-06-20 19:28:00,Meghalaya,West Jaintia Hills,7.7,45,9.9,HIGH,TORRENTIAL_RAIN,FAIR,46.7,36.4
T001846,NH-10,2026-06-20 19:30:00,Sikkim,East Sikkim,6.3,35,4.0,STANDSTILL,TORRENTIAL_RAIN,POOR,94.5,83.7
T001847,NH-310,2026-06-20 19:32:00,Sikkim,North Sikkim,11.6,30,5.7,STANDSTILL,HEAVY_RAIN,POOR,122.1,98.9
T001848,NH-510,2026-06-20 19:34:00,Sikkim,South Sikkim,10.2,40,16.8,HIGH,MODERATE_RAIN,POOR,36.4,21.1
T001849,NH-29,2026-06-20 19:36:00,Nagaland,Kohima,16.4,40,26.8,MODERATE,CLEAR,POOR,36.7,12.1
T001850,NH-29,2026-06-20 19:38:00,Nagaland,Dimapur,18.9,65,48.8,LOW,MODERATE_RAIN,GOOD,23.2,5.8
T001851,NH-02,2026-06-20 19:40:00,Nagaland,Mokokchung,11.4,40,20.8,HIGH,HEAVY_RAIN,FAIR,32.9,15.8
T001852,NH-02,2026-06-20 19:42:00,Manipur,Imphal West,6.2,60,60.0,LOW,CLEAR,GOOD,6.2,0.0
T001853,NH-02,2026-06-20 19:44:00,Manipur,Bishnupur,6.2,55,28.6,MODERATE,HEAVY_RAIN,GOOD,13.0,6.2
T001854,NH-02,2026-06-20 19:46:00,Manipur,Senapati,10.1,45,39.6,MODERATE,LIGHT_RAIN,FAIR,15.3,1.8
T001855,NH-54,2026-06-20 19:48:00,Mizoram,Aizawl,21.6,40,7.6,STANDSTILL,HEAVY_RAIN,POOR,170.5,138.1
T001856,NH-54,2026-06-20 19:50:00,Mizoram,Kolasib,8.6,45,39.6,MODERATE,LIGHT_RAIN,FAIR,13.0,1.5
T001857,NH-54,2026-06-20 19:52:00,Mizoram,Lunglei,15.7,40,4.0,STANDSTILL,TORRENTIAL_RAIN,POOR,235.5,211.9
T001858,NH-08,2026-06-20 19:54:00,Tripura,West Tripura,19.0,65,65.0,LOW,CLEAR,GOOD,17.5,0.0
T001859,NH-08,2026-06-20 19:56:00,Tripura,Sipahijala,8.8,65,48.8,LOW,MODERATE_RAIN,GOOD,10.8,2.7
T001860,NH-08,2026-06-20 19:58:00,Tripura,Dhalai,17.1,55,48.4,LOW,LIGHT_RAIN,GOOD,21.2,2.5
T001861,NH-13,2026-06-20 20:00:00,Arunachal Pradesh,Tawang,17.3,35,4.0,STANDSTILL,TORRENTIAL_RAIN,POOR,259.5,229.8
T001862,NH-13,2026-06-20 20:02:00,Arunachal Pradesh,West Kameng,10.1,40,7.6,STANDSTILL,HEAVY_RAIN,POOR,79.7,64.5
T001863,NH-415,2026-06-20 20:04:00,Arunachal Pradesh,Papum Pare,9.9,50,11.0,HIGH,TORRENTIAL_RAIN,FAIR,54.0,42.1
T001864,NH-515,2026-06-20 20:06:00,Arunachal Pradesh,East Siang,9.9,60,45.0,LOW,MODERATE_RAIN,GOOD,13.2,3.3
T001865,NH-13,2026-06-20 20:08:00,Arunachal Pradesh,Lower Subansiri,5.9,40,16.8,HIGH,MODERATE_RAIN,POOR,21.1,12.2
T001866,NH-27,2026-06-20 20:10:00,Assam,Kamrup Metropolitan,5.5,80,41.6,MODERATE,HEAVY_RAIN,GOOD,7.9,3.8
T001867,NH-27,2026-06-20 20:12:00,Assam,Kamrup Rural,12.7,80,41.6,MODERATE,HEAVY_RAIN,GOOD,18.3,8.8
T001868,NH-15,2026-06-20 20:14:00,Assam,Darrang,19.9,65,48.8,LOW,MODERATE_RAIN,GOOD,24.5,6.1
T001869,NH-15,2026-06-20 20:16:00,Assam,Sonitpur,7.4,70,70.0,LOW,CLEAR,GOOD,6.3,0.0
T001870,NH-37,2026-06-20 20:18:00,Assam,Dibrugarh,5.1,70,52.5,LOW,MODERATE_RAIN,GOOD,5.8,1.4
T001871,NH-37,2026-06-20 20:20:00,Assam,Cachar,14.8,60,45.0,LOW,MODERATE_RAIN,GOOD,19.7,4.9
T001872,NH-27,2026-06-20 20:22:00,Assam,Nagaon,21.9,75,75.0,LOW,CLEAR,GOOD,17.5,0.0
T001873,NH-206,2026-06-20 20:24:00,Meghalaya,East Khasi Hills,18.2,40,16.8,HIGH,MODERATE_RAIN,POOR,65.0,37.7
T001874,NH-127B,2026-06-20 20:26:00,Meghalaya,West Khasi Hills,7.2,45,9.9,HIGH,TORRENTIAL_RAIN,FAIR,43.6,34.0
T001875,NH-06,2026-06-20 20:28:00,Meghalaya,Ri-Bhoi,7.7,65,48.8,LOW,MODERATE_RAIN,FAIR,9.5,2.4
T001876,NH-06,2026-06-20 20:30:00,Meghalaya,West Jaintia Hills,10.2,45,9.9,HIGH,TORRENTIAL_RAIN,FAIR,61.8,48.2
T001877,NH-10,2026-06-20 20:32:00,Sikkim,East Sikkim,15.8,35,23.5,MODERATE,CLEAR,POOR,40.3,13.2
T001878,NH-310,2026-06-20 20:34:00,Sikkim,North Sikkim,5.3,30,4.0,STANDSTILL,TORRENTIAL_RAIN,POOR,79.5,68.9
T001879,NH-510,2026-06-20 20:36:00,Sikkim,South Sikkim,11.4,40,7.6,STANDSTILL,HEAVY_RAIN,POOR,90.0,72.9
T001880,NH-29,2026-06-20 20:38:00,Nagaland,Kohima,7.6,40,26.8,MODERATE,CLEAR,POOR,17.0,5.6
T001881,NH-29,2026-06-20 20:40:00,Nagaland,Dimapur,16.4,65,65.0,LOW,CLEAR,GOOD,15.1,0.0
T001882,NH-02,2026-06-20 20:42:00,Nagaland,Mokokchung,10.7,40,30.0,MODERATE,MODERATE_RAIN,FAIR,21.4,5.4
T001883,NH-02,2026-06-20 20:44:00,Manipur,Imphal West,12.3,60,13.2,HIGH,TORRENTIAL_RAIN,GOOD,55.9,43.6
T001884,NH-02,2026-06-20 20:46:00,Manipur,Bishnupur,16.3,55,12.1,HIGH,TORRENTIAL_RAIN,GOOD,80.8,63.0
T001885,NH-02,2026-06-20 20:48:00,Manipur,Senapati,12.5,45,18.9,HIGH,MODERATE_RAIN,POOR,39.7,23.0
T001886,NH-54,2026-06-20 20:50:00,Mizoram,Aizawl,15.9,40,7.6,STANDSTILL,HEAVY_RAIN,POOR,125.5,101.7
T001887,NH-54,2026-06-20 20:52:00,Mizoram,Kolasib,12.3,45,33.8,MODERATE,MODERATE_RAIN,FAIR,21.8,5.4
T001888,NH-54,2026-06-20 20:54:00,Mizoram,Lunglei,20.4,40,4.0,STANDSTILL,TORRENTIAL_RAIN,POOR,306.0,275.4
T001889,NH-08,2026-06-20 20:56:00,Tripura,West Tripura,9.1,65,57.2,LOW,LIGHT_RAIN,GOOD,9.5,1.1
T001890,NH-08,2026-06-20 20:58:00,Tripura,Sipahijala,15.1,65,33.8,MODERATE,HEAVY_RAIN,GOOD,26.8,12.9
T001891,NH-08,2026-06-20 21:00:00,Tripura,Dhalai,8.2,55,28.6,MODERATE,HEAVY_RAIN,GOOD,17.2,8.3
T001892,NH-13,2026-06-20 21:02:00,Arunachal Pradesh,Tawang,8.7,35,23.5,MODERATE,CLEAR,POOR,22.2,7.3
T001893,NH-13,2026-06-20 21:04:00,Arunachal Pradesh,West Kameng,19.8,40,22.0,MODERATE,LIGHT_RAIN,POOR,54.0,24.3
T001894,NH-415,2026-06-20 21:06:00,Arunachal Pradesh,Papum Pare,15.2,50,44.0,MODERATE,LIGHT_RAIN,FAIR,20.7,2.5
T001895,NH-515,2026-06-20 21:08:00,Arunachal Pradesh,East Siang,15.9,60,13.2,HIGH,TORRENTIAL_RAIN,GOOD,72.3,56.4
T001896,NH-13,2026-06-20 21:10:00,Arunachal Pradesh,Lower Subansiri,13.8,40,4.0,STANDSTILL,TORRENTIAL_RAIN,POOR,207.0,186.3
T001897,NH-27,2026-06-20 21:12:00,Assam,Kamrup Metropolitan,5.1,80,60.0,LOW,MODERATE_RAIN,GOOD,5.1,1.3
T001898,NH-27,2026-06-20 21:14:00,Assam,Kamrup Rural,6.9,80,17.6,HIGH,TORRENTIAL_RAIN,GOOD,23.5,18.3
T001899,NH-15,2026-06-20 21:16:00,Assam,Darrang,15.6,65,33.8,MODERATE,HEAVY_RAIN,GOOD,27.7,13.3
T001900,NH-15,2026-06-20 21:18:00,Assam,Sonitpur,21.2,70,15.4,HIGH,TORRENTIAL_RAIN,GOOD,82.6,64.4
T001901,NH-37,2026-06-20 21:20:00,Assam,Dibrugarh,12.5,70,15.4,HIGH,TORRENTIAL_RAIN,GOOD,48.7,38.0
T001902,NH-37,2026-06-20 21:22:00,Assam,Cachar,12.3,60,52.8,LOW,LIGHT_RAIN,GOOD,14.0,1.7
T001903,NH-27,2026-06-20 21:24:00,Assam,Nagaon,14.8,75,39.0,MODERATE,HEAVY_RAIN,GOOD,22.8,11.0
T001904,NH-206,2026-06-20 21:26:00,Meghalaya,East Khasi Hills,17.6,40,16.8,HIGH,MODERATE_RAIN,POOR,62.9,36.5
T001905,NH-127B,2026-06-20 21:28:00,Meghalaya,West Khasi Hills,14.4,45,9.9,HIGH,TORRENTIAL_RAIN,FAIR,87.3,68.1
T001906,NH-06,2026-06-20 21:30:00,Meghalaya,Ri-Bhoi,8.7,65,14.3,HIGH,TORRENTIAL_RAIN,FAIR,36.5,28.5
T001907,NH-06,2026-06-20 21:32:00,Meghalaya,West Jaintia Hills,13.4,45,33.8,MODERATE,MODERATE_RAIN,FAIR,23.8,5.9
T001908,NH-10,2026-06-20 21:34:00,Sikkim,East Sikkim,9.2,35,19.2,HIGH,LIGHT_RAIN,POOR,28.7,12.9
T001909,NH-310,2026-06-20 21:36:00,Sikkim,North Sikkim,13.5,30,20.1,HIGH,CLEAR,POOR,40.3,13.3
T001910,NH-510,2026-06-20 21:38:00,Sikkim,South Sikkim,19.3,40,26.8,MODERATE,CLEAR,POOR,43.2,14.2
T001911,NH-29,2026-06-20 21:40:00,Nagaland,Kohima,15.7,40,7.6,STANDSTILL,HEAVY_RAIN,POOR,123.9,100.4
T001912,NH-29,2026-06-20 21:42:00,Nagaland,Dimapur,8.0,65,57.2,LOW,LIGHT_RAIN,GOOD,8.4,1.0
T001913,NH-02,2026-06-20 21:44:00,Nagaland,Mokokchung,21.8,40,22.0,MODERATE,LIGHT_RAIN,POOR,59.5,26.8
T001914,NH-02,2026-06-20 21:46:00,Manipur,Imphal West,5.3,60,13.2,HIGH,TORRENTIAL_RAIN,GOOD,24.1,18.8
T001915,NH-02,2026-06-20 21:48:00,Manipur,Bishnupur,22.0,55,28.6,MODERATE,HEAVY_RAIN,GOOD,46.2,22.2
T001916,NH-02,2026-06-20 21:50:00,Manipur,Senapati,18.1,45,39.6,MODERATE,LIGHT_RAIN,FAIR,27.4,3.3
T001917,NH-54,2026-06-20 21:52:00,Mizoram,Aizawl,20.0,40,4.0,STANDSTILL,TORRENTIAL_RAIN,POOR,300.0,270.0
T001918,NH-54,2026-06-20 21:54:00,Mizoram,Kolasib,10.7,45,23.4,MODERATE,HEAVY_RAIN,FAIR,27.4,13.1
T001919,NH-54,2026-06-20 21:56:00,Mizoram,Lunglei,15.7,40,35.2,MODERATE,LIGHT_RAIN,FAIR,26.8,3.3
T001920,NH-08,2026-06-20 21:58:00,Tripura,West Tripura,14.0,65,65.0,LOW,CLEAR,GOOD,12.9,0.0
T001921,NH-08,2026-06-20 22:00:00,Tripura,Sipahijala,18.2,65,48.8,LOW,MODERATE_RAIN,GOOD,22.4,5.6
T001922,NH-08,2026-06-20 22:02:00,Tripura,Dhalai,14.9,55,28.6,MODERATE,HEAVY_RAIN,GOOD,31.3,15.0
T001923,NH-13,2026-06-20 22:04:00,Arunachal Pradesh,Tawang,8.0,35,14.7,HIGH,MODERATE_RAIN,POOR,32.7,19.0
T001924,NH-13,2026-06-20 22:06:00,Arunachal Pradesh,West Kameng,21.9,40,26.8,MODERATE,CLEAR,POOR,49.0,16.1
T001925,NH-415,2026-06-20 22:08:00,Arunachal Pradesh,Papum Pare,16.1,50,44.0,MODERATE,LIGHT_RAIN,FAIR,22.0,2.7
T001926,NH-515,2026-06-20 22:10:00,Arunachal Pradesh,East Siang,6.3,60,45.0,LOW,MODERATE_RAIN,GOOD,8.4,2.1
T001927,NH-13,2026-06-20 22:12:00,Arunachal Pradesh,Lower Subansiri,17.0,40,7.6,STANDSTILL,HEAVY_RAIN,POOR,134.2,108.7
T001928,NH-27,2026-06-20 22:14:00,Assam,Kamrup Metropolitan,21.4,80,41.6,MODERATE,HEAVY_RAIN,GOOD,30.9,14.9
T001929,NH-27,2026-06-20 22:16:00,Assam,Kamrup Rural,6.7,80,70.4,LOW,LIGHT_RAIN,GOOD,5.7,0.7
T001930,NH-15,2026-06-20 22:18:00,Assam,Darrang,9.7,65,57.2,LOW,LIGHT_RAIN,GOOD,10.2,1.2
T001931,NH-15,2026-06-20 22:20:00,Assam,Sonitpur,15.3,70,15.4,HIGH,TORRENTIAL_RAIN,GOOD,59.6,46.5
T001932,NH-37,2026-06-20 22:22:00,Assam,Dibrugarh,12.1,70,52.5,LOW,MODERATE_RAIN,GOOD,13.8,3.4
T001933,NH-37,2026-06-20 22:24:00,Assam,Cachar,14.0,60,52.8,LOW,LIGHT_RAIN,GOOD,15.9,1.9
T001934,NH-27,2026-06-20 22:26:00,Assam,Nagaon,15.6,75,66.0,LOW,LIGHT_RAIN,GOOD,14.2,1.7
T001935,NH-206,2026-06-20 22:28:00,Meghalaya,East Khasi Hills,8.1,40,30.0,MODERATE,MODERATE_RAIN,FAIR,16.2,4.1
T001936,NH-127B,2026-06-20 22:30:00,Meghalaya,West Khasi Hills,8.8,45,39.6,MODERATE,LIGHT_RAIN,FAIR,13.3,1.6
T001937,NH-06,2026-06-20 22:32:00,Meghalaya,Ri-Bhoi,16.8,65,33.8,MODERATE,HEAVY_RAIN,FAIR,29.8,14.3
T001938,NH-06,2026-06-20 22:34:00,Meghalaya,West Jaintia Hills,18.0,45,45.0,LOW,CLEAR,FAIR,24.0,0.0
T001939,NH-10,2026-06-20 22:36:00,Sikkim,East Sikkim,10.4,35,19.2,HIGH,LIGHT_RAIN,POOR,32.5,14.7
T001940,NH-310,2026-06-20 22:38:00,Sikkim,North Sikkim,8.5,30,12.6,HIGH,MODERATE_RAIN,POOR,40.5,23.5
T001941,NH-510,2026-06-20 22:40:00,Sikkim,South Sikkim,17.3,40,4.0,STANDSTILL,TORRENTIAL_RAIN,POOR,259.5,233.6
T001942,NH-29,2026-06-20 22:42:00,Nagaland,Kohima,6.2,40,4.0,STANDSTILL,TORRENTIAL_RAIN,POOR,93.0,83.7
T001943,NH-29,2026-06-20 22:44:00,Nagaland,Dimapur,6.9,65,14.3,HIGH,TORRENTIAL_RAIN,GOOD,29.0,22.6
T001944,NH-02,2026-06-20 22:46:00,Nagaland,Mokokchung,6.0,40,40.0,MODERATE,CLEAR,FAIR,9.0,0.0
T001945,NH-02,2026-06-20 22:48:00,Manipur,Imphal West,11.3,60,45.0,LOW,MODERATE_RAIN,GOOD,15.1,3.8
T001946,NH-02,2026-06-20 22:50:00,Manipur,Bishnupur,18.1,55,41.2,MODERATE,MODERATE_RAIN,GOOD,26.4,6.7
T001947,NH-02,2026-06-20 22:52:00,Manipur,Senapati,13.8,45,23.4,MODERATE,HEAVY_RAIN,FAIR,35.4,17.0
T001948,NH-54,2026-06-20 22:54:00,Mizoram,Aizawl,16.5,40,4.0,STANDSTILL,TORRENTIAL_RAIN,POOR,247.5,222.8
T001949,NH-54,2026-06-20 22:56:00,Mizoram,Kolasib,6.1,45,45.0,LOW,CLEAR,FAIR,8.1,0.0
T001950,NH-54,2026-06-20 22:58:00,Mizoram,Lunglei,9.4,40,26.8,MODERATE,CLEAR,POOR,21.0,6.9
T001951,NH-08,2026-06-20 23:00:00,Tripura,West Tripura,17.5,65,33.8,MODERATE,HEAVY_RAIN,GOOD,31.1,14.9
T001952,NH-08,2026-06-20 23:02:00,Tripura,Sipahijala,16.8,65,65.0,LOW,CLEAR,GOOD,15.5,0.0
T001953,NH-08,2026-06-20 23:04:00,Tripura,Dhalai,10.9,55,48.4,LOW,LIGHT_RAIN,GOOD,13.5,1.6
T001954,NH-13,2026-06-20 23:06:00,Arunachal Pradesh,Tawang,13.5,35,14.7,HIGH,MODERATE_RAIN,POOR,55.1,32.0
T001955,NH-13,2026-06-20 23:08:00,Arunachal Pradesh,West Kameng,5.5,40,16.8,HIGH,MODERATE_RAIN,POOR,19.6,11.4
T001956,NH-415,2026-06-20 23:10:00,Arunachal Pradesh,Papum Pare,11.2,50,44.0,MODERATE,LIGHT_RAIN,FAIR,15.3,1.9
T001957,NH-515,2026-06-20 23:12:00,Arunachal Pradesh,East Siang,19.1,60,52.8,LOW,LIGHT_RAIN,GOOD,21.7,2.6
T001958,NH-13,2026-06-20 23:14:00,Arunachal Pradesh,Lower Subansiri,12.0,40,16.8,HIGH,MODERATE_RAIN,POOR,42.9,24.9
T001959,NH-27,2026-06-20 23:16:00,Assam,Kamrup Metropolitan,11.6,80,80.0,LOW,CLEAR,GOOD,8.7,0.0
T001960,NH-27,2026-06-20 23:18:00,Assam,Kamrup Rural,11.9,80,17.6,HIGH,TORRENTIAL_RAIN,GOOD,40.6,31.7
T001961,NH-15,2026-06-20 23:20:00,Assam,Darrang,8.0,65,14.3,HIGH,TORRENTIAL_RAIN,GOOD,33.6,26.2
T001962,NH-15,2026-06-20 23:22:00,Assam,Sonitpur,14.3,70,61.6,LOW,LIGHT_RAIN,GOOD,13.9,1.6
T001963,NH-37,2026-06-20 23:24:00,Assam,Dibrugarh,9.2,70,52.5,LOW,MODERATE_RAIN,GOOD,10.5,2.6
T001964,NH-37,2026-06-20 23:26:00,Assam,Cachar,14.0,60,60.0,LOW,CLEAR,GOOD,14.0,0.0
T001965,NH-27,2026-06-20 23:28:00,Assam,Nagaon,14.7,75,16.5,HIGH,TORRENTIAL_RAIN,GOOD,53.5,41.7
T001966,NH-206,2026-06-20 23:30:00,Meghalaya,East Khasi Hills,12.0,40,26.8,MODERATE,CLEAR,POOR,26.9,8.9
T001967,NH-127B,2026-06-20 23:32:00,Meghalaya,West Khasi Hills,14.8,45,23.4,MODERATE,HEAVY_RAIN,FAIR,37.9,18.2
T001968,NH-06,2026-06-20 23:34:00,Meghalaya,Ri-Bhoi,19.3,65,48.8,LOW,MODERATE_RAIN,FAIR,23.7,5.9
T001969,NH-06,2026-06-20 23:36:00,Meghalaya,West Jaintia Hills,10.5,45,39.6,MODERATE,LIGHT_RAIN,FAIR,15.9,1.9
T001970,NH-10,2026-06-20 23:38:00,Sikkim,East Sikkim,12.5,35,6.6,STANDSTILL,HEAVY_RAIN,POOR,113.6,92.2
T001971,NH-310,2026-06-20 23:40:00,Sikkim,North Sikkim,16.2,30,12.6,HIGH,MODERATE_RAIN,POOR,77.1,44.7
T001972,NH-510,2026-06-20 23:42:00,Sikkim,South Sikkim,17.6,40,7.6,STANDSTILL,HEAVY_RAIN,POOR,138.9,112.5
T001973,NH-29,2026-06-20 23:44:00,Nagaland,Kohima,13.7,40,26.8,MODERATE,CLEAR,POOR,30.7,10.2
T001974,NH-29,2026-06-20 23:46:00,Nagaland,Dimapur,8.9,65,57.2,LOW,LIGHT_RAIN,GOOD,9.3,1.1
T001975,NH-02,2026-06-20 23:48:00,Nagaland,Mokokchung,15.4,40,40.0,MODERATE,CLEAR,FAIR,23.1,0.0
T001976,NH-02,2026-06-20 23:50:00,Manipur,Imphal West,13.1,60,31.2,MODERATE,HEAVY_RAIN,GOOD,25.2,12.1
T001977,NH-02,2026-06-20 23:52:00,Manipur,Bishnupur,7.8,55,12.1,HIGH,TORRENTIAL_RAIN,GOOD,38.7,30.2
T001978,NH-02,2026-06-20 23:54:00,Manipur,Senapati,11.8,45,45.0,LOW,CLEAR,FAIR,15.7,0.0
T001979,NH-54,2026-06-20 23:56:00,Mizoram,Aizawl,7.1,40,16.8,HIGH,MODERATE_RAIN,POOR,25.4,14.8
T001980,NH-54,2026-06-20 23:58:00,Mizoram,Kolasib,19.7,45,23.4,MODERATE,HEAVY_RAIN,FAIR,50.5,24.2
T001981,NH-54,2026-06-21 00:00:00,Mizoram,Lunglei,20.8,40,8.8,HIGH,TORRENTIAL_RAIN,FAIR,141.8,110.6
T001982,NH-08,2026-06-21 00:02:00,Tripura,West Tripura,8.6,65,48.8,LOW,MODERATE_RAIN,GOOD,10.6,2.7
T001983,NH-08,2026-06-21 00:04:00,Tripura,Sipahijala,13.5,65,33.8,MODERATE,HEAVY_RAIN,GOOD,24.0,11.5
T001984,NH-08,2026-06-21 00:06:00,Tripura,Dhalai,13.4,55,28.6,MODERATE,HEAVY_RAIN,GOOD,28.1,13.5
T001985,NH-13,2026-06-21 00:08:00,Arunachal Pradesh,Tawang,8.3,35,23.5,MODERATE,CLEAR,POOR,21.2,7.0
T001986,NH-13,2026-06-21 00:10:00,Arunachal Pradesh,West Kameng,20.1,40,26.8,MODERATE,CLEAR,POOR,45.0,14.8
T001987,NH-415,2026-06-21 00:12:00,Arunachal Pradesh,Papum Pare,16.2,50,11.0,HIGH,TORRENTIAL_RAIN,FAIR,88.4,69.0
T001988,NH-515,2026-06-21 00:14:00,Arunachal Pradesh,East Siang,16.7,60,45.0,LOW,MODERATE_RAIN,GOOD,22.3,5.6
T001989,NH-13,2026-06-21 00:16:00,Arunachal Pradesh,Lower Subansiri,16.0,40,16.8,HIGH,MODERATE_RAIN,POOR,57.1,33.1
T001990,NH-27,2026-06-21 00:18:00,Assam,Kamrup Metropolitan,19.5,80,70.4,LOW,LIGHT_RAIN,GOOD,16.6,2.0
T001991,NH-27,2026-06-21 00:20:00,Assam,Kamrup Rural,13.3,80,41.6,MODERATE,HEAVY_RAIN,GOOD,19.2,9.2
T001992,NH-15,2026-06-21 00:22:00,Assam,Darrang,21.6,65,48.8,LOW,MODERATE_RAIN,GOOD,26.6,6.7
T001993,NH-15,2026-06-21 00:24:00,Assam,Sonitpur,6.4,70,70.0,LOW,CLEAR,GOOD,5.5,0.0
T001994,NH-37,2026-06-21 00:26:00,Assam,Dibrugarh,5.2,70,70.0,LOW,CLEAR,GOOD,4.5,0.0
T001995,NH-37,2026-06-21 00:28:00,Assam,Cachar,20.4,60,45.0,LOW,MODERATE_RAIN,GOOD,27.2,6.8
T001996,NH-27,2026-06-21 00:30:00,Assam,Nagaon,7.4,75,75.0,LOW,CLEAR,GOOD,5.9,0.0
T001997,NH-206,2026-06-21 00:32:00,Meghalaya,East Khasi Hills,11.9,40,40.0,MODERATE,CLEAR,FAIR,17.8,0.0
T001998,NH-127B,2026-06-21 00:34:00,Meghalaya,West Khasi Hills,10.3,45,9.9,HIGH,TORRENTIAL_RAIN,FAIR,62.4,48.7
T001999,NH-06,2026-06-21 00:36:00,Meghalaya,Ri-Bhoi,15.2,65,48.8,LOW,MODERATE_RAIN,FAIR,18.7,4.7
T002000,NH-06,2026-06-21 00:38:00,Meghalaya,West Jaintia Hills,18.9,45,45.0,LOW,CLEAR,FAIR,25.2,0.0
T002001,NH-10,2026-06-21 00:40:00,Sikkim,East Sikkim,21.3,35,19.2,HIGH,LIGHT_RAIN,POOR,66.6,30.1
T002002,NH-310,2026-06-21 00:42:00,Sikkim,North Sikkim,6.1,30,12.6,HIGH,MODERATE_RAIN,POOR,29.0,16.8
T002003,NH-510,2026-06-21 00:44:00,Sikkim,South Sikkim,13.5,40,4.0,STANDSTILL,TORRENTIAL_RAIN,POOR,202.5,182.2
T002004,NH-29,2026-06-21 00:46:00,Nagaland,Kohima,10.4,40,16.8,HIGH,MODERATE_RAIN,POOR,37.1,21.5
T002005,NH-29,2026-06-21 00:48:00,Nagaland,Dimapur,10.8,65,33.8,MODERATE,HEAVY_RAIN,GOOD,19.2,9.2
T002006,NH-02,2026-06-21 00:50:00,Nagaland,Mokokchung,16.9,40,16.8,HIGH,MODERATE_RAIN,POOR,60.4,35.0
T002007,NH-02,2026-06-21 00:52:00,Manipur,Imphal West,11.8,60,45.0,LOW,MODERATE_RAIN,GOOD,15.7,3.9
T002008,NH-02,2026-06-21 00:54:00,Manipur,Bishnupur,12.2,55,55.0,LOW,CLEAR,GOOD,13.3,0.0
T002009,NH-02,2026-06-21 00:56:00,Manipur,Senapati,13.2,45,23.4,MODERATE,HEAVY_RAIN,FAIR,33.8,16.2
T002010,NH-54,2026-06-21 00:58:00,Mizoram,Aizawl,12.5,40,26.8,MODERATE,CLEAR,POOR,28.0,9.2
T002011,NH-54,2026-06-21 01:00:00,Mizoram,Kolasib,18.0,45,9.9,HIGH,TORRENTIAL_RAIN,FAIR,109.1,85.1
T002012,NH-54,2026-06-21 01:02:00,Mizoram,Lunglei,14.2,40,22.0,MODERATE,LIGHT_RAIN,POOR,38.7,17.4
T002013,NH-08,2026-06-21 01:04:00,Tripura,West Tripura,16.0,65,57.2,LOW,LIGHT_RAIN,GOOD,16.8,2.0
T002014,NH-08,2026-06-21 01:06:00,Tripura,Sipahijala,22.0,65,48.8,LOW,MODERATE_RAIN,GOOD,27.0,6.7
T002015,NH-08,2026-06-21 01:08:00,Tripura,Dhalai,18.7,55,55.0,LOW,CLEAR,GOOD,20.4,0.0
T002016,NH-13,2026-06-21 01:10:00,Arunachal Pradesh,Tawang,8.1,35,19.2,HIGH,LIGHT_RAIN,POOR,25.3,11.4
T002017,NH-13,2026-06-21 01:12:00,Arunachal Pradesh,West Kameng,7.8,40,26.8,MODERATE,CLEAR,POOR,17.5,5.8
T002018,NH-415,2026-06-21 01:14:00,Arunachal Pradesh,Papum Pare,11.8,50,50.0,LOW,CLEAR,FAIR,14.2,0.0
T002019,NH-515,2026-06-21 01:16:00,Arunachal Pradesh,East Siang,20.4,60,45.0,LOW,MODERATE_RAIN,GOOD,27.2,6.8
T002020,NH-13,2026-06-21 01:18:00,Arunachal Pradesh,Lower Subansiri,16.6,40,26.8,MODERATE,CLEAR,POOR,37.2,12.3
T002021,NH-27,2026-06-21 01:20:00,Assam,Kamrup Metropolitan,12.6,80,70.4,LOW,LIGHT_RAIN,GOOD,10.7,1.2
T002022,NH-27,2026-06-21 01:22:00,Assam,Kamrup Rural,13.1,80,80.0,LOW,CLEAR,GOOD,9.8,0.0
T002023,NH-15,2026-06-21 01:24:00,Assam,Darrang,20.4,65,48.8,LOW,MODERATE_RAIN,GOOD,25.1,6.3
T002024,NH-15,2026-06-21 01:26:00,Assam,Sonitpur,16.1,70,61.6,LOW,LIGHT_RAIN,GOOD,15.7,1.9
T002025,NH-37,2026-06-21 01:28:00,Assam,Dibrugarh,19.9,70,52.5,LOW,MODERATE_RAIN,GOOD,22.7,5.6
T002026,NH-37,2026-06-21 01:30:00,Assam,Cachar,19.2,60,52.8,LOW,LIGHT_RAIN,GOOD,21.8,2.6
T002027,NH-27,2026-06-21 01:32:00,Assam,Nagaon,5.7,75,66.0,LOW,LIGHT_RAIN,GOOD,5.2,0.6
T002028,NH-206,2026-06-21 01:34:00,Meghalaya,East Khasi Hills,6.1,40,26.8,MODERATE,CLEAR,POOR,13.7,4.5
T002029,NH-127B,2026-06-21 01:36:00,Meghalaya,West Khasi Hills,17.4,45,9.9,HIGH,TORRENTIAL_RAIN,FAIR,105.5,82.3
T002030,NH-06,2026-06-21 01:38:00,Meghalaya,Ri-Bhoi,9.2,65,48.8,LOW,MODERATE_RAIN,FAIR,11.3,2.8
T002031,NH-06,2026-06-21 01:40:00,Meghalaya,West Jaintia Hills,21.4,45,23.4,MODERATE,HEAVY_RAIN,FAIR,54.9,26.4
T002032,NH-10,2026-06-21 01:42:00,Sikkim,East Sikkim,8.2,35,14.7,HIGH,MODERATE_RAIN,POOR,33.5,19.4
T002033,NH-310,2026-06-21 01:44:00,Sikkim,North Sikkim,10.4,30,5.7,STANDSTILL,HEAVY_RAIN,POOR,109.5,88.7
T002034,NH-510,2026-06-21 01:46:00,Sikkim,South Sikkim,19.1,40,7.6,STANDSTILL,HEAVY_RAIN,POOR,150.8,122.2
T002035,NH-29,2026-06-21 01:48:00,Nagaland,Kohima,17.7,40,16.8,HIGH,MODERATE_RAIN,POOR,63.2,36.7
T002036,NH-29,2026-06-21 01:50:00,Nagaland,Dimapur,8.2,65,33.8,MODERATE,HEAVY_RAIN,GOOD,14.6,7.0
T002037,NH-02,2026-06-21 01:52:00,Nagaland,Mokokchung,19.8,40,22.0,MODERATE,LIGHT_RAIN,POOR,54.0,24.3
T002038,NH-02,2026-06-21 01:54:00,Manipur,Imphal West,20.8,60,45.0,LOW,MODERATE_RAIN,GOOD,27.7,6.9
T002039,NH-02,2026-06-21 01:56:00,Manipur,Bishnupur,20.4,55,55.0,LOW,CLEAR,GOOD,22.3,0.0
T002040,NH-02,2026-06-21 01:58:00,Manipur,Senapati,17.2,45,24.8,MODERATE,LIGHT_RAIN,POOR,41.6,18.7
T002041,NH-54,2026-06-21 02:00:00,Mizoram,Aizawl,21.0,40,16.8,HIGH,MODERATE_RAIN,POOR,75.0,43.5
T002042,NH-54,2026-06-21 02:02:00,Mizoram,Kolasib,17.2,45,45.0,LOW,CLEAR,FAIR,22.9,0.0
T002043,NH-54,2026-06-21 02:04:00,Mizoram,Lunglei,17.7,40,26.8,MODERATE,CLEAR,POOR,39.6,13.1
T002044,NH-08,2026-06-21 02:06:00,Tripura,West Tripura,18.6,65,33.8,MODERATE,HEAVY_RAIN,GOOD,33.0,15.8
T002045,NH-08,2026-06-21 02:08:00,Tripura,Sipahijala,14.9,65,33.8,MODERATE,HEAVY_RAIN,GOOD,26.4,12.6
T002046,NH-08,2026-06-21 02:10:00,Tripura,Dhalai,17.2,55,48.4,LOW,LIGHT_RAIN,GOOD,21.3,2.5
T002047,NH-13,2026-06-21 02:12:00,Arunachal Pradesh,Tawang,19.6,35,6.6,STANDSTILL,HEAVY_RAIN,POOR,178.2,144.6
T002048,NH-13,2026-06-21 02:14:00,Arunachal Pradesh,West Kameng,11.8,40,16.8,HIGH,MODERATE_RAIN,POOR,42.1,24.4
T002049,NH-415,2026-06-21 02:16:00,Arunachal Pradesh,Papum Pare,5.1,50,11.0,HIGH,TORRENTIAL_RAIN,FAIR,27.8,21.7
T002050,NH-515,2026-06-21 02:18:00,Arunachal Pradesh,East Siang,5.6,60,45.0,LOW,MODERATE_RAIN,GOOD,7.5,1.9
T002051,NH-13,2026-06-21 02:20:00,Arunachal Pradesh,Lower Subansiri,8.4,40,7.6,STANDSTILL,HEAVY_RAIN,POOR,66.3,53.7
T002052,NH-27,2026-06-21 02:22:00,Assam,Kamrup Metropolitan,18.0,80,70.4,LOW,LIGHT_RAIN,GOOD,15.3,1.8
T002053,NH-27,2026-06-21 02:24:00,Assam,Kamrup Rural,11.9,80,17.6,HIGH,TORRENTIAL_RAIN,GOOD,40.6,31.7
T002054,NH-15,2026-06-21 02:26:00,Assam,Darrang,9.9,65,14.3,HIGH,TORRENTIAL_RAIN,GOOD,41.5,32.4
T002055,NH-15,2026-06-21 02:28:00,Assam,Sonitpur,17.7,70,36.4,MODERATE,HEAVY_RAIN,GOOD,29.2,14.0
T002056,NH-37,2026-06-21 02:30:00,Assam,Dibrugarh,21.4,70,70.0,LOW,CLEAR,GOOD,18.3,0.0
T002057,NH-37,2026-06-21 02:32:00,Assam,Cachar,10.4,60,13.2,HIGH,TORRENTIAL_RAIN,GOOD,47.3,36.9
T002058,NH-27,2026-06-21 02:34:00,Assam,Nagaon,5.7,75,75.0,LOW,CLEAR,GOOD,4.6,0.0
T002059,NH-206,2026-06-21 02:36:00,Meghalaya,East Khasi Hills,15.6,40,30.0,MODERATE,MODERATE_RAIN,FAIR,31.2,7.8
T002060,NH-127B,2026-06-21 02:38:00,Meghalaya,West Khasi Hills,14.6,45,33.8,MODERATE,MODERATE_RAIN,FAIR,25.9,6.4
T002061,NH-06,2026-06-21 02:40:00,Meghalaya,Ri-Bhoi,20.8,65,65.0,LOW,CLEAR,FAIR,19.2,0.0
T002062,NH-06,2026-06-21 02:42:00,Meghalaya,West Jaintia Hills,9.2,45,9.9,HIGH,TORRENTIAL_RAIN,FAIR,55.8,43.5
T002063,NH-10,2026-06-21 02:44:00,Sikkim,East Sikkim,19.6,35,6.6,STANDSTILL,HEAVY_RAIN,POOR,178.2,144.6
T002064,NH-310,2026-06-21 02:46:00,Sikkim,North Sikkim,18.1,30,5.7,STANDSTILL,HEAVY_RAIN,POOR,190.5,154.3
T002065,NH-510,2026-06-21 02:48:00,Sikkim,South Sikkim,10.8,40,7.6,STANDSTILL,HEAVY_RAIN,POOR,85.3,69.1
T002066,NH-29,2026-06-21 02:50:00,Nagaland,Kohima,11.7,40,22.0,MODERATE,LIGHT_RAIN,POOR,31.9,14.4
T002067,NH-29,2026-06-21 02:52:00,Nagaland,Dimapur,8.4,65,14.3,HIGH,TORRENTIAL_RAIN,GOOD,35.2,27.4
T002068,NH-02,2026-06-21 02:54:00,Nagaland,Mokokchung,5.2,40,16.8,HIGH,MODERATE_RAIN,POOR,18.6,10.8
T002069,NH-02,2026-06-21 02:56:00,Manipur,Imphal West,9.3,60,31.2,MODERATE,HEAVY_RAIN,GOOD,17.9,8.6
T002070,NH-02,2026-06-21 02:58:00,Manipur,Bishnupur,8.5,55,28.6,MODERATE,HEAVY_RAIN,GOOD,17.8,8.5
T002071,NH-02,2026-06-21 03:00:00,Manipur,Senapati,12.6,45,9.9,HIGH,TORRENTIAL_RAIN,FAIR,76.4,59.6
T002072,NH-54,2026-06-21 03:02:00,Mizoram,Aizawl,13.5,40,16.8,HIGH,MODERATE_RAIN,POOR,48.2,28.0
T002073,NH-54,2026-06-21 03:04:00,Mizoram,Kolasib,21.9,45,33.8,MODERATE,MODERATE_RAIN,FAIR,38.9,9.7
T002074,NH-54,2026-06-21 03:06:00,Mizoram,Lunglei,17.4,40,16.8,HIGH,MODERATE_RAIN,POOR,62.1,36.0
T002075,NH-08,2026-06-21 03:08:00,Tripura,West Tripura,21.4,65,65.0,LOW,CLEAR,GOOD,19.8,0.0
T002076,NH-08,2026-06-21 03:10:00,Tripura,Sipahijala,16.9,65,33.8,MODERATE,HEAVY_RAIN,GOOD,30.0,14.4
T002077,NH-08,2026-06-21 03:12:00,Tripura,Dhalai,8.2,55,41.2,MODERATE,MODERATE_RAIN,GOOD,11.9,3.0
T002078,NH-13,2026-06-21 03:14:00,Arunachal Pradesh,Tawang,17.1,35,23.5,MODERATE,CLEAR,POOR,43.7,14.4
T002079,NH-13,2026-06-21 03:16:00,Arunachal Pradesh,West Kameng,5.5,40,4.0,STANDSTILL,TORRENTIAL_RAIN,POOR,82.5,74.2
T002080,NH-415,2026-06-21 03:18:00,Arunachal Pradesh,Papum Pare,20.9,50,44.0,MODERATE,LIGHT_RAIN,FAIR,28.5,3.4
T002081,NH-515,2026-06-21 03:20:00,Arunachal Pradesh,East Siang,17.9,60,60.0,LOW,CLEAR,GOOD,17.9,0.0
T002082,NH-13,2026-06-21 03:22:00,Arunachal Pradesh,Lower Subansiri,6.3,40,7.6,STANDSTILL,HEAVY_RAIN,POOR,49.7,40.2
T002083,NH-27,2026-06-21 03:24:00,Assam,Kamrup Metropolitan,17.7,80,60.0,LOW,MODERATE_RAIN,GOOD,17.7,4.4
T002084,NH-27,2026-06-21 03:26:00,Assam,Kamrup Rural,10.2,80,17.6,HIGH,TORRENTIAL_RAIN,GOOD,34.8,27.1
T002085,NH-15,2026-06-21 03:28:00,Assam,Darrang,11.8,65,57.2,LOW,LIGHT_RAIN,GOOD,12.4,1.5
T002086,NH-15,2026-06-21 03:30:00,Assam,Sonitpur,12.2,70,15.4,HIGH,TORRENTIAL_RAIN,GOOD,47.5,37.0
T002087,NH-37,2026-06-21 03:32:00,Assam,Dibrugarh,14.7,70,36.4,MODERATE,HEAVY_RAIN,GOOD,24.2,11.6
T002088,NH-37,2026-06-21 03:34:00,Assam,Cachar,8.4,60,60.0,LOW,CLEAR,GOOD,8.4,0.0
T002089,NH-27,2026-06-21 03:36:00,Assam,Nagaon,6.8,75,66.0,LOW,LIGHT_RAIN,GOOD,6.2,0.8
T002090,NH-206,2026-06-21 03:38:00,Meghalaya,East Khasi Hills,17.9,40,8.8,HIGH,TORRENTIAL_RAIN,FAIR,122.0,95.2
T002091,NH-127B,2026-06-21 03:40:00,Meghalaya,West Khasi Hills,16.5,45,9.9,HIGH,TORRENTIAL_RAIN,FAIR,100.0,78.0
T002092,NH-06,2026-06-21 03:42:00,Meghalaya,Ri-Bhoi,11.2,65,33.8,MODERATE,HEAVY_RAIN,GOOD,19.9,9.6
T002093,NH-06,2026-06-21 03:44:00,Meghalaya,West Jaintia Hills,11.6,45,23.4,MODERATE,HEAVY_RAIN,FAIR,29.7,14.2
T002094,NH-10,2026-06-21 03:46:00,Sikkim,East Sikkim,14.7,35,4.0,STANDSTILL,TORRENTIAL_RAIN,POOR,220.5,195.3
T002095,NH-310,2026-06-21 03:48:00,Sikkim,North Sikkim,10.8,30,12.6,HIGH,MODERATE_RAIN,POOR,51.4,29.8
T002096,NH-510,2026-06-21 03:50:00,Sikkim,South Sikkim,8.5,40,7.6,STANDSTILL,HEAVY_RAIN,POOR,67.1,54.3
T002097,NH-29,2026-06-21 03:52:00,Nagaland,Kohima,18.0,40,7.6,STANDSTILL,HEAVY_RAIN,POOR,142.1,115.1
T002098,NH-29,2026-06-21 03:54:00,Nagaland,Dimapur,9.8,65,33.8,MODERATE,HEAVY_RAIN,GOOD,17.4,8.4
T002099,NH-02,2026-06-21 03:56:00,Nagaland,Mokokchung,16.0,40,26.8,MODERATE,CLEAR,POOR,35.8,11.8
T002100,NH-02,2026-06-21 03:58:00,Manipur,Imphal West,18.2,60,31.2,MODERATE,HEAVY_RAIN,GOOD,35.0,16.8
T002101,NH-02,2026-06-21 04:00:00,Manipur,Bishnupur,12.3,55,12.1,HIGH,TORRENTIAL_RAIN,GOOD,61.0,47.6
T002102,NH-02,2026-06-21 04:02:00,Manipur,Senapati,13.9,45,45.0,LOW,CLEAR,FAIR,18.5,0.0
T002103,NH-54,2026-06-21 04:04:00,Mizoram,Aizawl,17.0,40,26.8,MODERATE,CLEAR,POOR,38.1,12.6
T002104,NH-54,2026-06-21 04:06:00,Mizoram,Kolasib,17.3,45,39.6,MODERATE,LIGHT_RAIN,FAIR,26.2,3.1
T002105,NH-54,2026-06-21 04:08:00,Mizoram,Lunglei,11.0,40,26.8,MODERATE,CLEAR,POOR,24.6,8.1
T002106,NH-08,2026-06-21 04:10:00,Tripura,West Tripura,15.9,65,65.0,LOW,CLEAR,GOOD,14.7,0.0
T002107,NH-08,2026-06-21 04:12:00,Tripura,Sipahijala,20.8,65,57.2,LOW,LIGHT_RAIN,GOOD,21.8,2.6
T002108,NH-08,2026-06-21 04:14:00,Tripura,Dhalai,15.5,55,12.1,HIGH,TORRENTIAL_RAIN,GOOD,76.9,60.0
T002109,NH-13,2026-06-21 04:16:00,Arunachal Pradesh,Tawang,13.5,35,19.2,HIGH,LIGHT_RAIN,POOR,42.2,19.1
T002110,NH-13,2026-06-21 04:18:00,Arunachal Pradesh,West Kameng,17.8,40,26.8,MODERATE,CLEAR,POOR,39.9,13.2
T002111,NH-415,2026-06-21 04:20:00,Arunachal Pradesh,Papum Pare,21.8,50,37.5,MODERATE,MODERATE_RAIN,FAIR,34.9,8.7
T002112,NH-515,2026-06-21 04:22:00,Arunachal Pradesh,East Siang,6.2,60,13.2,HIGH,TORRENTIAL_RAIN,GOOD,28.2,22.0
T002113,NH-13,2026-06-21 04:24:00,Arunachal Pradesh,Lower Subansiri,10.2,40,7.6,STANDSTILL,HEAVY_RAIN,POOR,80.5,65.2
T002114,NH-27,2026-06-21 04:26:00,Assam,Kamrup Metropolitan,16.5,80,60.0,LOW,MODERATE_RAIN,GOOD,16.5,4.1
T002115,NH-27,2026-06-21 04:28:00,Assam,Kamrup Rural,13.2,80,70.4,LOW,LIGHT_RAIN,GOOD,11.2,1.3
T002116,NH-15,2026-06-21 04:30:00,Assam,Darrang,18.9,65,57.2,LOW,LIGHT_RAIN,GOOD,19.8,2.4
T002117,NH-15,2026-06-21 04:32:00,Assam,Sonitpur,11.1,70,70.0,LOW,CLEAR,GOOD,9.5,0.0
T002118,NH-37,2026-06-21 04:34:00,Assam,Dibrugarh,18.8,70,15.4,HIGH,TORRENTIAL_RAIN,GOOD,73.2,57.1
T002119,NH-37,2026-06-21 04:36:00,Assam,Cachar,17.8,60,60.0,LOW,CLEAR,GOOD,17.8,0.0
T002120,NH-27,2026-06-21 04:38:00,Assam,Nagaon,12.3,75,16.5,HIGH,TORRENTIAL_RAIN,GOOD,44.7,34.9
T002121,NH-206,2026-06-21 04:40:00,Meghalaya,East Khasi Hills,8.2,40,7.6,STANDSTILL,HEAVY_RAIN,POOR,64.7,52.4
T002122,NH-127B,2026-06-21 04:42:00,Meghalaya,West Khasi Hills,5.2,45,23.4,MODERATE,HEAVY_RAIN,FAIR,13.3,6.4
T002123,NH-06,2026-06-21 04:44:00,Meghalaya,Ri-Bhoi,18.7,65,65.0,LOW,CLEAR,GOOD,17.3,0.0
T002124,NH-06,2026-06-21 04:46:00,Meghalaya,West Jaintia Hills,6.8,45,9.9,HIGH,TORRENTIAL_RAIN,FAIR,41.2,32.1
T002125,NH-10,2026-06-21 04:48:00,Sikkim,East Sikkim,18.1,35,19.2,HIGH,LIGHT_RAIN,POOR,56.6,25.6
T002126,NH-310,2026-06-21 04:50:00,Sikkim,North Sikkim,6.6,30,20.1,HIGH,CLEAR,POOR,19.7,6.5
T002127,NH-510,2026-06-21 04:52:00,Sikkim,South Sikkim,21.7,40,22.0,MODERATE,LIGHT_RAIN,POOR,59.2,26.7
T002128,NH-29,2026-06-21 04:54:00,Nagaland,Kohima,16.0,40,7.6,STANDSTILL,HEAVY_RAIN,POOR,126.3,102.3
T002129,NH-29,2026-06-21 04:56:00,Nagaland,Dimapur,11.3,65,14.3,HIGH,TORRENTIAL_RAIN,GOOD,47.4,37.0
T002130,NH-02,2026-06-21 04:58:00,Nagaland,Mokokchung,7.5,40,26.8,MODERATE,CLEAR,POOR,16.8,5.6
T002131,NH-02,2026-06-21 05:00:00,Manipur,Imphal West,21.8,60,52.8,LOW,LIGHT_RAIN,GOOD,24.8,3.0
T002132,NH-02,2026-06-21 05:02:00,Manipur,Bishnupur,12.2,55,55.0,LOW,CLEAR,GOOD,13.3,0.0
T002133,NH-02,2026-06-21 05:04:00,Manipur,Senapati,9.5,45,23.4,MODERATE,HEAVY_RAIN,FAIR,24.4,11.7
T002134,NH-54,2026-06-21 05:06:00,Mizoram,Aizawl,14.9,40,22.0,MODERATE,LIGHT_RAIN,POOR,40.6,18.2
T002135,NH-54,2026-06-21 05:08:00,Mizoram,Kolasib,16.2,45,45.0,LOW,CLEAR,FAIR,21.6,0.0
T002136,NH-54,2026-06-21 05:10:00,Mizoram,Lunglei,15.7,40,22.0,MODERATE,LIGHT_RAIN,POOR,42.8,19.2
T002137,NH-08,2026-06-21 05:12:00,Tripura,West Tripura,21.3,65,65.0,LOW,CLEAR,GOOD,19.7,0.0
T002138,NH-08,2026-06-21 05:14:00,Tripura,Sipahijala,10.6,65,65.0,LOW,CLEAR,GOOD,9.8,0.0
T002139,NH-08,2026-06-21 05:16:00,Tripura,Dhalai,12.0,55,28.6,MODERATE,HEAVY_RAIN,GOOD,25.2,12.1
T002140,NH-13,2026-06-21 05:18:00,Arunachal Pradesh,Tawang,15.4,35,6.6,STANDSTILL,HEAVY_RAIN,POOR,140.0,113.6
T002141,NH-13,2026-06-21 05:20:00,Arunachal Pradesh,West Kameng,9.6,40,22.0,MODERATE,LIGHT_RAIN,POOR,26.2,11.8
T002142,NH-415,2026-06-21 05:22:00,Arunachal Pradesh,Papum Pare,5.2,50,26.0,MODERATE,HEAVY_RAIN,FAIR,12.0,5.8
T002143,NH-515,2026-06-21 05:24:00,Arunachal Pradesh,East Siang,6.4,60,60.0,LOW,CLEAR,GOOD,6.4,0.0
T002144,NH-13,2026-06-21 05:26:00,Arunachal Pradesh,Lower Subansiri,6.7,40,22.0,MODERATE,LIGHT_RAIN,POOR,18.3,8.2
T002145,NH-27,2026-06-21 05:28:00,Assam,Kamrup Metropolitan,21.4,80,17.6,HIGH,TORRENTIAL_RAIN,GOOD,73.0,57.0
T002146,NH-27,2026-06-21 05:30:00,Assam,Kamrup Rural,12.8,80,80.0,LOW,CLEAR,GOOD,9.6,0.0
T002147,NH-15,2026-06-21 05:32:00,Assam,Darrang,18.2,65,33.8,MODERATE,HEAVY_RAIN,GOOD,32.3,15.5
T002148,NH-15,2026-06-21 05:34:00,Assam,Sonitpur,5.4,70,61.6,LOW,LIGHT_RAIN,GOOD,5.3,0.7
T002149,NH-37,2026-06-21 05:36:00,Assam,Dibrugarh,14.9,70,70.0,LOW,CLEAR,GOOD,12.8,0.0
T002150,NH-37,2026-06-21 05:38:00,Assam,Cachar,17.2,60,45.0,LOW,MODERATE_RAIN,GOOD,22.9,5.7
T002151,NH-27,2026-06-21 05:40:00,Assam,Nagaon,19.6,75,56.2,LOW,MODERATE_RAIN,GOOD,20.9,5.2
T002152,NH-206,2026-06-21 05:42:00,Meghalaya,East Khasi Hills,13.5,40,7.6,STANDSTILL,HEAVY_RAIN,POOR,106.6,86.3
T002153,NH-127B,2026-06-21 05:44:00,Meghalaya,West Khasi Hills,6.6,45,39.6,MODERATE,LIGHT_RAIN,FAIR,10.0,1.2
T002154,NH-06,2026-06-21 05:46:00,Meghalaya,Ri-Bhoi,10.2,65,65.0,LOW,CLEAR,FAIR,9.4,0.0
T002155,NH-06,2026-06-21 05:48:00,Meghalaya,West Jaintia Hills,16.7,45,39.6,MODERATE,LIGHT_RAIN,FAIR,25.3,3.0
T002156,NH-10,2026-06-21 05:50:00,Sikkim,East Sikkim,14.6,35,14.7,HIGH,MODERATE_RAIN,POOR,59.6,34.6
T002157,NH-310,2026-06-21 05:52:00,Sikkim,North Sikkim,16.1,30,20.1,HIGH,CLEAR,POOR,48.1,15.9
T002158,NH-510,2026-06-21 05:54:00,Sikkim,South Sikkim,8.6,40,16.8,HIGH,MODERATE_RAIN,POOR,30.7,17.8
T002159,NH-29,2026-06-21 05:56:00,Nagaland,Kohima,15.6,40,16.8,HIGH,MODERATE_RAIN,POOR,55.7,32.3
T002160,NH-29,2026-06-21 05:58:00,Nagaland,Dimapur,10.9,65,57.2,LOW,LIGHT_RAIN,GOOD,11.4,1.3
T002161,NH-02,2026-06-21 06:00:00,Nagaland,Mokokchung,17.8,40,16.8,HIGH,MODERATE_RAIN,POOR,63.6,36.9
T002162,NH-02,2026-06-21 06:02:00,Manipur,Imphal West,18.6,60,31.2,MODERATE,HEAVY_RAIN,GOOD,35.8,17.2
T002163,NH-02,2026-06-21 06:04:00,Manipur,Bishnupur,20.9,55,41.2,MODERATE,MODERATE_RAIN,GOOD,30.4,7.6
T002164,NH-02,2026-06-21 06:06:00,Manipur,Senapati,5.1,45,45.0,LOW,CLEAR,FAIR,6.8,0.0
T002165,NH-54,2026-06-21 06:08:00,Mizoram,Aizawl,19.5,40,7.6,STANDSTILL,HEAVY_RAIN,POOR,153.9,124.7
T002166,NH-54,2026-06-21 06:10:00,Mizoram,Kolasib,9.7,45,9.9,HIGH,TORRENTIAL_RAIN,FAIR,58.8,45.9
T002167,NH-54,2026-06-21 06:12:00,Mizoram,Lunglei,6.7,40,22.0,MODERATE,LIGHT_RAIN,POOR,18.3,8.2
T002168,NH-08,2026-06-21 06:14:00,Tripura,West Tripura,19.8,65,57.2,LOW,LIGHT_RAIN,GOOD,20.8,2.5
T002169,NH-08,2026-06-21 06:16:00,Tripura,Sipahijala,15.7,65,33.8,MODERATE,HEAVY_RAIN,GOOD,27.9,13.4
T002170,NH-08,2026-06-21 06:18:00,Tripura,Dhalai,21.0,55,12.1,HIGH,TORRENTIAL_RAIN,GOOD,104.1,81.2
T002171,NH-13,2026-06-21 06:20:00,Arunachal Pradesh,Tawang,21.3,35,23.5,MODERATE,CLEAR,POOR,54.4,17.9
T002172,NH-13,2026-06-21 06:22:00,Arunachal Pradesh,West Kameng,10.8,40,16.8,HIGH,MODERATE_RAIN,POOR,38.6,22.4
T002173,NH-415,2026-06-21 06:24:00,Arunachal Pradesh,Papum Pare,7.0,50,26.0,MODERATE,HEAVY_RAIN,FAIR,16.2,7.8
T002174,NH-515,2026-06-21 06:26:00,Arunachal Pradesh,East Siang,15.5,60,52.8,LOW,LIGHT_RAIN,GOOD,17.6,2.1
T002175,NH-13,2026-06-21 06:28:00,Arunachal Pradesh,Lower Subansiri,16.2,40,26.8,MODERATE,CLEAR,POOR,36.3,12.0
T002176,NH-27,2026-06-21 06:30:00,Assam,Kamrup Metropolitan,16.0,80,60.0,LOW,MODERATE_RAIN,GOOD,16.0,4.0
T002177,NH-27,2026-06-21 06:32:00,Assam,Kamrup Rural,19.7,80,80.0,LOW,CLEAR,GOOD,14.8,0.0
T002178,NH-15,2026-06-21 06:34:00,Assam,Darrang,15.1,65,33.8,MODERATE,HEAVY_RAIN,GOOD,26.8,12.9
T002179,NH-15,2026-06-21 06:36:00,Assam,Sonitpur,9.4,70,70.0,LOW,CLEAR,GOOD,8.1,0.0
T002180,NH-37,2026-06-21 06:38:00,Assam,Dibrugarh,13.8,70,36.4,MODERATE,HEAVY_RAIN,GOOD,22.7,10.9
T002181,NH-37,2026-06-21 06:40:00,Assam,Cachar,6.9,60,13.2,HIGH,TORRENTIAL_RAIN,GOOD,31.4,24.5
T002182,NH-27,2026-06-21 06:42:00,Assam,Nagaon,13.7,75,75.0,LOW,CLEAR,GOOD,11.0,0.0
T002183,NH-206,2026-06-21 06:44:00,Meghalaya,East Khasi Hills,20.5,40,30.0,MODERATE,MODERATE_RAIN,FAIR,41.0,10.3
T002184,NH-127B,2026-06-21 06:46:00,Meghalaya,West Khasi Hills,7.5,45,23.4,MODERATE,HEAVY_RAIN,FAIR,19.2,9.2
T002185,NH-06,2026-06-21 06:48:00,Meghalaya,Ri-Bhoi,14.8,65,14.3,HIGH,TORRENTIAL_RAIN,FAIR,62.1,48.4
T002186,NH-06,2026-06-21 06:50:00,Meghalaya,West Jaintia Hills,17.5,45,33.8,MODERATE,MODERATE_RAIN,FAIR,31.1,7.8
T002187,NH-10,2026-06-21 06:52:00,Sikkim,East Sikkim,14.3,35,6.6,STANDSTILL,HEAVY_RAIN,POOR,130.0,105.5
T002188,NH-310,2026-06-21 06:54:00,Sikkim,North Sikkim,6.3,30,20.1,HIGH,CLEAR,POOR,18.8,6.2
T002189,NH-510,2026-06-21 06:56:00,Sikkim,South Sikkim,21.2,40,4.0,STANDSTILL,TORRENTIAL_RAIN,POOR,318.0,286.2
T002190,NH-29,2026-06-21 06:58:00,Nagaland,Kohima,10.8,40,7.6,STANDSTILL,HEAVY_RAIN,POOR,85.3,69.1
T002191,NH-29,2026-06-21 07:00:00,Nagaland,Dimapur,8.2,65,65.0,LOW,CLEAR,GOOD,7.6,0.0
T002192,NH-02,2026-06-21 07:02:00,Nagaland,Mokokchung,10.1,40,16.8,HIGH,MODERATE_RAIN,POOR,36.1,21.0
T002193,NH-02,2026-06-21 07:04:00,Manipur,Imphal West,18.0,60,13.2,HIGH,TORRENTIAL_RAIN,GOOD,81.8,63.8
T002194,NH-02,2026-06-21 07:06:00,Manipur,Bishnupur,17.0,55,28.6,MODERATE,HEAVY_RAIN,GOOD,35.7,17.2
T002195,NH-02,2026-06-21 07:08:00,Manipur,Senapati,19.8,45,4.0,STANDSTILL,TORRENTIAL_RAIN,POOR,297.0,270.6
T002196,NH-54,2026-06-21 07:10:00,Mizoram,Aizawl,18.5,40,22.0,MODERATE,LIGHT_RAIN,POOR,50.5,22.8
T002197,NH-54,2026-06-21 07:12:00,Mizoram,Kolasib,6.3,45,23.4,MODERATE,HEAVY_RAIN,FAIR,16.2,7.8
T002198,NH-54,2026-06-21 07:14:00,Mizoram,Lunglei,12.9,40,40.0,MODERATE,CLEAR,FAIR,19.4,0.0
T002199,NH-08,2026-06-21 07:16:00,Tripura,West Tripura,13.9,65,57.2,LOW,LIGHT_RAIN,GOOD,14.6,1.8
T002200,NH-08,2026-06-21 07:18:00,Tripura,Sipahijala,5.5,65,33.8,MODERATE,HEAVY_RAIN,GOOD,9.8,4.7
T002201,NH-08,2026-06-21 07:20:00,Tripura,Dhalai,7.1,55,55.0,LOW,CLEAR,GOOD,7.7,0.0
T002202,NH-13,2026-06-21 07:22:00,Arunachal Pradesh,Tawang,8.0,35,4.0,STANDSTILL,TORRENTIAL_RAIN,POOR,120.0,106.3
T002203,NH-13,2026-06-21 07:24:00,Arunachal Pradesh,West Kameng,9.1,40,16.8,HIGH,MODERATE_RAIN,POOR,32.5,18.9
T002204,NH-415,2026-06-21 07:26:00,Arunachal Pradesh,Papum Pare,7.7,50,50.0,LOW,CLEAR,FAIR,9.2,0.0
T002205,NH-515,2026-06-21 07:28:00,Arunachal Pradesh,East Siang,20.1,60,31.2,MODERATE,HEAVY_RAIN,GOOD,38.7,18.6
T002206,NH-13,2026-06-21 07:30:00,Arunachal Pradesh,Lower Subansiri,12.2,40,26.8,MODERATE,CLEAR,POOR,27.3,9.0
T002207,NH-27,2026-06-21 07:32:00,Assam,Kamrup Metropolitan,5.8,80,17.6,HIGH,TORRENTIAL_RAIN,GOOD,19.8,15.5
T002208,NH-27,2026-06-21 07:34:00,Assam,Kamrup Rural,13.3,80,60.0,LOW,MODERATE_RAIN,GOOD,13.3,3.3
T002209,NH-15,2026-06-21 07:36:00,Assam,Darrang,21.9,65,14.3,HIGH,TORRENTIAL_RAIN,GOOD,91.9,71.7
T002210,NH-15,2026-06-21 07:38:00,Assam,Sonitpur,15.7,70,52.5,LOW,MODERATE_RAIN,GOOD,17.9,4.4
T002211,NH-37,2026-06-21 07:40:00,Assam,Dibrugarh,19.7,70,61.6,LOW,LIGHT_RAIN,GOOD,19.2,2.3
T002212,NH-37,2026-06-21 07:42:00,Assam,Cachar,6.7,60,60.0,LOW,CLEAR,GOOD,6.7,0.0
T002213,NH-27,2026-06-21 07:44:00,Assam,Nagaon,21.3,75,16.5,HIGH,TORRENTIAL_RAIN,GOOD,77.5,60.5
T002214,NH-206,2026-06-21 07:46:00,Meghalaya,East Khasi Hills,5.1,40,20.8,HIGH,HEAVY_RAIN,FAIR,14.7,7.0
T002215,NH-127B,2026-06-21 07:48:00,Meghalaya,West Khasi Hills,11.7,45,33.8,MODERATE,MODERATE_RAIN,FAIR,20.8,5.2
T002216,NH-06,2026-06-21 07:50:00,Meghalaya,Ri-Bhoi,5.1,65,33.8,MODERATE,HEAVY_RAIN,FAIR,9.1,4.4
T002217,NH-06,2026-06-21 07:52:00,Meghalaya,West Jaintia Hills,10.3,45,9.9,HIGH,TORRENTIAL_RAIN,FAIR,62.4,48.7
T002218,NH-10,2026-06-21 07:54:00,Sikkim,East Sikkim,20.8,35,4.0,STANDSTILL,TORRENTIAL_RAIN,POOR,312.0,276.3
T002219,NH-310,2026-06-21 07:56:00,Sikkim,North Sikkim,9.1,30,5.7,STANDSTILL,HEAVY_RAIN,POOR,95.8,77.6
T002220,NH-510,2026-06-21 07:58:00,Sikkim,South Sikkim,19.8,40,22.0,MODERATE,LIGHT_RAIN,POOR,54.0,24.3
T002221,NH-29,2026-06-21 08:00:00,Nagaland,Kohima,7.1,40,4.0,STANDSTILL,TORRENTIAL_RAIN,POOR,106.5,95.8
T002222,NH-29,2026-06-21 08:02:00,Nagaland,Dimapur,13.2,65,14.3,HIGH,TORRENTIAL_RAIN,GOOD,55.4,43.2
T002223,NH-02,2026-06-21 08:04:00,Nagaland,Mokokchung,12.5,40,40.0,MODERATE,CLEAR,FAIR,18.8,0.1
T002224,NH-02,2026-06-21 08:06:00,Manipur,Imphal West,6.3,60,52.8,LOW,LIGHT_RAIN,GOOD,7.2,0.9
T002225,NH-02,2026-06-21 08:08:00,Manipur,Bishnupur,8.1,55,28.6,MODERATE,HEAVY_RAIN,GOOD,17.0,8.2
T002226,NH-02,2026-06-21 08:10:00,Manipur,Senapati,19.2,45,33.8,MODERATE,MODERATE_RAIN,FAIR,34.1,8.5
T002227,NH-54,2026-06-21 08:12:00,Mizoram,Aizawl,15.7,40,22.0,MODERATE,LIGHT_RAIN,POOR,42.8,19.2
T002228,NH-54,2026-06-21 08:14:00,Mizoram,Kolasib,6.3,45,23.4,MODERATE,HEAVY_RAIN,FAIR,16.2,7.8
T002229,NH-54,2026-06-21 08:16:00,Mizoram,Lunglei,7.7,40,26.8,MODERATE,CLEAR,POOR,17.2,5.6
T002230,NH-08,2026-06-21 08:18:00,Tripura,West Tripura,18.7,65,57.2,LOW,LIGHT_RAIN,GOOD,19.6,2.3
T002231,NH-08,2026-06-21 08:20:00,Tripura,Sipahijala,11.5,65,48.8,LOW,MODERATE_RAIN,GOOD,14.1,3.5
T002232,NH-08,2026-06-21 08:22:00,Tripura,Dhalai,5.3,55,12.1,HIGH,TORRENTIAL_RAIN,GOOD,26.3,20.5
T002233,NH-13,2026-06-21 08:24:00,Arunachal Pradesh,Tawang,19.2,35,6.6,STANDSTILL,HEAVY_RAIN,POOR,174.5,141.6
T002234,NH-13,2026-06-21 08:26:00,Arunachal Pradesh,West Kameng,21.9,40,26.8,MODERATE,CLEAR,POOR,49.0,16.1
T002235,NH-415,2026-06-21 08:28:00,Arunachal Pradesh,Papum Pare,7.5,50,26.0,MODERATE,HEAVY_RAIN,FAIR,17.3,8.3
T002236,NH-515,2026-06-21 08:30:00,Arunachal Pradesh,East Siang,16.4,60,52.8,LOW,LIGHT_RAIN,GOOD,18.6,2.2
T002237,NH-13,2026-06-21 08:32:00,Arunachal Pradesh,Lower Subansiri,10.0,40,4.0,STANDSTILL,TORRENTIAL_RAIN,POOR,150.0,135.0
T002238,NH-27,2026-06-21 08:34:00,Assam,Kamrup Metropolitan,19.6,80,17.6,HIGH,TORRENTIAL_RAIN,GOOD,66.8,52.1
T002239,NH-27,2026-06-21 08:36:00,Assam,Kamrup Rural,18.5,80,41.6,MODERATE,HEAVY_RAIN,GOOD,26.7,12.8
T002240,NH-15,2026-06-21 08:38:00,Assam,Darrang,18.9,65,57.2,LOW,LIGHT_RAIN,GOOD,19.8,2.4
T002241,NH-15,2026-06-21 08:40:00,Assam,Sonitpur,10.2,70,52.5,LOW,MODERATE_RAIN,GOOD,11.7,3.0
T002242,NH-37,2026-06-21 08:42:00,Assam,Dibrugarh,19.0,70,70.0,LOW,CLEAR,GOOD,16.3,0.0
T002243,NH-37,2026-06-21 08:44:00,Assam,Cachar,12.3,60,45.0,LOW,MODERATE_RAIN,GOOD,16.4,4.1
T002244,NH-27,2026-06-21 08:46:00,Assam,Nagaon,8.6,75,66.0,LOW,LIGHT_RAIN,GOOD,7.8,0.9
T002245,NH-206,2026-06-21 08:48:00,Meghalaya,East Khasi Hills,5.8,40,22.0,MODERATE,LIGHT_RAIN,POOR,15.8,7.1
T002246,NH-127B,2026-06-21 08:50:00,Meghalaya,West Khasi Hills,8.5,45,33.8,MODERATE,MODERATE_RAIN,FAIR,15.1,3.8
T002247,NH-06,2026-06-21 08:52:00,Meghalaya,Ri-Bhoi,10.1,65,57.2,LOW,LIGHT_RAIN,FAIR,10.6,1.3
T002248,NH-06,2026-06-21 08:54:00,Meghalaya,West Jaintia Hills,14.6,45,39.6,MODERATE,LIGHT_RAIN,FAIR,22.1,2.6
T002249,NH-10,2026-06-21 08:56:00,Sikkim,East Sikkim,13.7,35,23.5,MODERATE,CLEAR,POOR,35.0,11.5
T002250,NH-310,2026-06-21 08:58:00,Sikkim,North Sikkim,19.7,30,5.7,STANDSTILL,HEAVY_RAIN,POOR,207.4,168.0
T002251,NH-510,2026-06-21 09:00:00,Sikkim,South Sikkim,14.7,40,26.8,MODERATE,CLEAR,POOR,32.9,10.8
T002252,NH-29,2026-06-21 09:02:00,Nagaland,Kohima,8.2,40,16.8,HIGH,MODERATE_RAIN,POOR,29.3,17.0
T002253,NH-29,2026-06-21 09:04:00,Nagaland,Dimapur,19.4,65,65.0,LOW,CLEAR,GOOD,17.9,0.0
T002254,NH-02,2026-06-21 09:06:00,Nagaland,Mokokchung,17.9,40,20.8,HIGH,HEAVY_RAIN,FAIR,51.6,24.8
T002255,NH-02,2026-06-21 09:08:00,Manipur,Imphal West,10.5,60,45.0,LOW,MODERATE_RAIN,GOOD,14.0,3.5
T002256,NH-02,2026-06-21 09:10:00,Manipur,Bishnupur,17.1,55,55.0,LOW,CLEAR,GOOD,18.7,0.0
T002257,NH-02,2026-06-21 09:12:00,Manipur,Senapati,19.4,45,18.9,HIGH,MODERATE_RAIN,POOR,61.6,35.7
T002258,NH-54,2026-06-21 09:14:00,Mizoram,Aizawl,10.2,40,16.8,HIGH,MODERATE_RAIN,POOR,36.4,21.1
T002259,NH-54,2026-06-21 09:16:00,Mizoram,Kolasib,15.8,45,23.4,MODERATE,HEAVY_RAIN,FAIR,40.5,19.4
T002260,NH-54,2026-06-21 09:18:00,Mizoram,Lunglei,11.7,40,26.8,MODERATE,CLEAR,POOR,26.2,8.7
T002261,NH-08,2026-06-21 09:20:00,Tripura,West Tripura,20.2,65,33.8,MODERATE,HEAVY_RAIN,GOOD,35.9,17.3
T002262,NH-08,2026-06-21 09:22:00,Tripura,Sipahijala,12.8,65,57.2,LOW,LIGHT_RAIN,GOOD,13.4,1.6
T002263,NH-08,2026-06-21 09:24:00,Tripura,Dhalai,8.6,55,28.6,MODERATE,HEAVY_RAIN,GOOD,18.0,8.6
T002264,NH-13,2026-06-21 09:26:00,Arunachal Pradesh,Tawang,11.8,35,14.7,HIGH,MODERATE_RAIN,POOR,48.2,28.0
T002265,NH-13,2026-06-21 09:28:00,Arunachal Pradesh,West Kameng,12.1,40,22.0,MODERATE,LIGHT_RAIN,POOR,33.0,14.9
T002266,NH-415,2026-06-21 09:30:00,Arunachal Pradesh,Papum Pare,6.6,50,26.0,MODERATE,HEAVY_RAIN,FAIR,15.2,7.3
T002267,NH-515,2026-06-21 09:32:00,Arunachal Pradesh,East Siang,6.6,60,31.2,MODERATE,HEAVY_RAIN,GOOD,12.7,6.1
T002268,NH-13,2026-06-21 09:34:00,Arunachal Pradesh,Lower Subansiri,6.4,40,16.8,HIGH,MODERATE_RAIN,POOR,22.9,13.3
T002269,NH-27,2026-06-21 09:36:00,Assam,Kamrup Metropolitan,5.3,80,70.4,LOW,LIGHT_RAIN,GOOD,4.5,0.5
T002270,NH-27,2026-06-21 09:38:00,Assam,Kamrup Rural,20.1,80,60.0,LOW,MODERATE_RAIN,GOOD,20.1,5.0
T002271,NH-15,2026-06-21 09:40:00,Assam,Darrang,14.6,65,57.2,LOW,LIGHT_RAIN,GOOD,15.3,1.8
T002272,NH-15,2026-06-21 09:42:00,Assam,Sonitpur,10.9,70,70.0,LOW,CLEAR,GOOD,9.3,0.0
T002273,NH-37,2026-06-21 09:44:00,Assam,Dibrugarh,5.7,70,70.0,LOW,CLEAR,GOOD,4.9,0.0
T002274,NH-37,2026-06-21 09:46:00,Assam,Cachar,18.4,60,60.0,LOW,CLEAR,GOOD,18.4,0.0
T002275,NH-27,2026-06-21 09:48:00,Assam,Nagaon,6.6,75,39.0,MODERATE,HEAVY_RAIN,GOOD,10.2,4.9
T002276,NH-206,2026-06-21 09:50:00,Meghalaya,East Khasi Hills,17.5,40,40.0,MODERATE,CLEAR,FAIR,26.2,0.0
T002277,NH-127B,2026-06-21 09:52:00,Meghalaya,West Khasi Hills,12.7,45,33.8,MODERATE,MODERATE_RAIN,FAIR,22.5,5.6
T002278,NH-06,2026-06-21 09:54:00,Meghalaya,Ri-Bhoi,6.7,65,33.8,MODERATE,HEAVY_RAIN,FAIR,11.9,5.7
T002279,NH-06,2026-06-21 09:56:00,Meghalaya,West Jaintia Hills,18.9,45,23.4,MODERATE,HEAVY_RAIN,FAIR,48.5,23.3
T002280,NH-10,2026-06-21 09:58:00,Sikkim,East Sikkim,18.2,35,23.5,MODERATE,CLEAR,POOR,46.5,15.3
T002281,NH-310,2026-06-21 10:00:00,Sikkim,North Sikkim,21.2,30,12.6,HIGH,MODERATE_RAIN,POOR,101.0,58.6
T002282,NH-510,2026-06-21 10:02:00,Sikkim,South Sikkim,14.4,40,22.0,MODERATE,LIGHT_RAIN,POOR,39.3,17.7
T002283,NH-29,2026-06-21 10:04:00,Nagaland,Kohima,6.6,40,7.6,STANDSTILL,HEAVY_RAIN,POOR,52.1,42.2
T002284,NH-29,2026-06-21 10:06:00,Nagaland,Dimapur,18.8,65,65.0,LOW,CLEAR,GOOD,17.4,0.0
T002285,NH-02,2026-06-21 10:08:00,Nagaland,Mokokchung,5.8,40,7.6,STANDSTILL,HEAVY_RAIN,POOR,45.8,37.1
T002286,NH-02,2026-06-21 10:10:00,Manipur,Imphal West,11.2,60,45.0,LOW,MODERATE_RAIN,GOOD,14.9,3.7
T002287,NH-02,2026-06-21 10:12:00,Manipur,Bishnupur,8.3,55,41.2,MODERATE,MODERATE_RAIN,GOOD,12.1,3.0
T002288,NH-02,2026-06-21 10:14:00,Manipur,Senapati,15.9,45,45.0,LOW,CLEAR,FAIR,21.2,0.0
T002289,NH-54,2026-06-21 10:16:00,Mizoram,Aizawl,16.2,40,26.8,MODERATE,CLEAR,POOR,36.3,12.0
T002290,NH-54,2026-06-21 10:18:00,Mizoram,Kolasib,19.7,45,23.4,MODERATE,HEAVY_RAIN,FAIR,50.5,24.2
T002291,NH-54,2026-06-21 10:20:00,Mizoram,Lunglei,17.9,40,26.8,MODERATE,CLEAR,POOR,40.1,13.3
T002292,NH-08,2026-06-21 10:22:00,Tripura,West Tripura,5.7,65,48.8,LOW,MODERATE_RAIN,GOOD,7.0,1.7
T002293,NH-08,2026-06-21 10:24:00,Tripura,Sipahijala,13.6,65,14.3,HIGH,TORRENTIAL_RAIN,GOOD,57.1,44.5
T002294,NH-08,2026-06-21 10:26:00,Tripura,Dhalai,11.0,55,48.4,LOW,LIGHT_RAIN,GOOD,13.6,1.6
T002295,NH-13,2026-06-21 10:28:00,Arunachal Pradesh,Tawang,12.6,35,6.6,STANDSTILL,HEAVY_RAIN,POOR,114.5,92.9
T002296,NH-13,2026-06-21 10:30:00,Arunachal Pradesh,West Kameng,16.3,40,4.0,STANDSTILL,TORRENTIAL_RAIN,POOR,244.5,220.1
T002297,NH-415,2026-06-21 10:32:00,Arunachal Pradesh,Papum Pare,8.1,50,11.0,HIGH,TORRENTIAL_RAIN,FAIR,44.2,34.5
T002298,NH-515,2026-06-21 10:34:00,Arunachal Pradesh,East Siang,14.6,60,45.0,LOW,MODERATE_RAIN,GOOD,19.5,4.9
T002299,NH-13,2026-06-21 10:36:00,Arunachal Pradesh,Lower Subansiri,13.5,40,16.8,HIGH,MODERATE_RAIN,POOR,48.2,28.0
T002300,NH-27,2026-06-21 10:38:00,Assam,Kamrup Metropolitan,18.7,80,80.0,LOW,CLEAR,GOOD,14.0,0.0
T002301,NH-27,2026-06-21 10:40:00,Assam,Kamrup Rural,17.4,80,70.4,LOW,LIGHT_RAIN,GOOD,14.8,1.8
T002302,NH-15,2026-06-21 10:42:00,Assam,Darrang,17.2,65,48.8,LOW,MODERATE_RAIN,GOOD,21.1,5.2
T002303,NH-15,2026-06-21 10:44:00,Assam,Sonitpur,15.3,70,15.4,HIGH,TORRENTIAL_RAIN,GOOD,59.6,46.5
T002304,NH-37,2026-06-21 10:46:00,Assam,Dibrugarh,16.7,70,36.4,MODERATE,HEAVY_RAIN,GOOD,27.5,13.2
T002305,NH-37,2026-06-21 10:48:00,Assam,Cachar,6.0,60,13.2,HIGH,TORRENTIAL_RAIN,GOOD,27.3,21.3
T002306,NH-27,2026-06-21 10:50:00,Assam,Nagaon,8.6,75,39.0,MODERATE,HEAVY_RAIN,GOOD,13.2,6.3
T002307,NH-206,2026-06-21 10:52:00,Meghalaya,East Khasi Hills,21.7,40,16.8,HIGH,MODERATE_RAIN,POOR,77.5,45.0
T002308,NH-127B,2026-06-21 10:54:00,Meghalaya,West Khasi Hills,15.9,45,33.8,MODERATE,MODERATE_RAIN,FAIR,28.2,7.0
T002309,NH-06,2026-06-21 10:56:00,Meghalaya,Ri-Bhoi,19.4,65,48.8,LOW,MODERATE_RAIN,FAIR,23.9,6.0
T002310,NH-06,2026-06-21 10:58:00,Meghalaya,West Jaintia Hills,16.8,45,23.4,MODERATE,HEAVY_RAIN,FAIR,43.1,20.7
T002311,NH-10,2026-06-21 11:00:00,Sikkim,East Sikkim,15.1,35,4.0,STANDSTILL,TORRENTIAL_RAIN,POOR,226.5,200.6
T002312,NH-310,2026-06-21 11:02:00,Sikkim,North Sikkim,8.4,30,5.7,STANDSTILL,HEAVY_RAIN,POOR,88.4,71.6
T002313,NH-510,2026-06-21 11:04:00,Sikkim,South Sikkim,16.3,40,7.6,STANDSTILL,HEAVY_RAIN,POOR,128.7,104.2
T002314,NH-29,2026-06-21 11:06:00,Nagaland,Kohima,20.7,40,22.0,MODERATE,LIGHT_RAIN,POOR,56.5,25.5
T002315,NH-29,2026-06-21 11:08:00,Nagaland,Dimapur,6.1,65,33.8,MODERATE,HEAVY_RAIN,GOOD,10.8,5.2
T002316,NH-02,2026-06-21 11:10:00,Nagaland,Mokokchung,17.5,40,26.8,MODERATE,CLEAR,POOR,39.2,13.0
T002317,NH-02,2026-06-21 11:12:00,Manipur,Imphal West,18.9,60,52.8,LOW,LIGHT_RAIN,GOOD,21.5,2.6
T002318,NH-02,2026-06-21 11:14:00,Manipur,Bishnupur,12.7,55,28.6,MODERATE,HEAVY_RAIN,GOOD,26.6,12.7
T002319,NH-02,2026-06-21 11:16:00,Manipur,Senapati,20.3,45,30.2,MODERATE,CLEAR,POOR,40.3,13.2
T002320,NH-54,2026-06-21 11:18:00,Mizoram,Aizawl,17.3,40,22.0,MODERATE,LIGHT_RAIN,POOR,47.2,21.3
T002321,NH-54,2026-06-21 11:20:00,Mizoram,Kolasib,20.4,45,9.9,HIGH,TORRENTIAL_RAIN,FAIR,123.6,96.4
T002322,NH-54,2026-06-21 11:22:00,Mizoram,Lunglei,6.2,40,26.8,MODERATE,CLEAR,POOR,13.9,4.6
T002323,NH-08,2026-06-21 11:24:00,Tripura,West Tripura,8.4,65,65.0,LOW,CLEAR,GOOD,7.8,0.0
T002324,NH-08,2026-06-21 11:26:00,Tripura,Sipahijala,11.6,65,14.3,HIGH,TORRENTIAL_RAIN,GOOD,48.7,38.0
T002325,NH-08,2026-06-21 11:28:00,Tripura,Dhalai,15.9,55,55.0,LOW,CLEAR,GOOD,17.3,0.0
T002326,NH-13,2026-06-21 11:30:00,Arunachal Pradesh,Tawang,19.0,35,19.2,HIGH,LIGHT_RAIN,POOR,59.4,26.8
T002327,NH-13,2026-06-21 11:32:00,Arunachal Pradesh,West Kameng,15.1,40,4.0,STANDSTILL,TORRENTIAL_RAIN,POOR,226.5,203.8
T002328,NH-415,2026-06-21 11:34:00,Arunachal Pradesh,Papum Pare,5.8,50,50.0,LOW,CLEAR,FAIR,7.0,0.0
T002329,NH-515,2026-06-21 11:36:00,Arunachal Pradesh,East Siang,16.7,60,13.2,HIGH,TORRENTIAL_RAIN,GOOD,75.9,59.2
T002330,NH-13,2026-06-21 11:38:00,Arunachal Pradesh,Lower Subansiri,11.4,40,7.6,STANDSTILL,HEAVY_RAIN,POOR,90.0,72.9
T002331,NH-27,2026-06-21 11:40:00,Assam,Kamrup Metropolitan,11.5,80,41.6,MODERATE,HEAVY_RAIN,GOOD,16.6,8.0
T002332,NH-27,2026-06-21 11:42:00,Assam,Kamrup Rural,7.7,80,80.0,LOW,CLEAR,GOOD,5.8,0.0
T002333,NH-15,2026-06-21 11:44:00,Assam,Darrang,12.7,65,65.0,LOW,CLEAR,GOOD,11.7,0.0
T002334,NH-15,2026-06-21 11:46:00,Assam,Sonitpur,15.7,70,61.6,LOW,LIGHT_RAIN,GOOD,15.3,1.8
T002335,NH-37,2026-06-21 11:48:00,Assam,Dibrugarh,17.9,70,15.4,HIGH,TORRENTIAL_RAIN,GOOD,69.7,54.4
T002336,NH-37,2026-06-21 11:50:00,Assam,Cachar,20.9,60,52.8,LOW,LIGHT_RAIN,GOOD,23.8,2.9
T002337,NH-27,2026-06-21 11:52:00,Assam,Nagaon,9.2,75,66.0,LOW,LIGHT_RAIN,GOOD,8.4,1.0
T002338,NH-206,2026-06-21 11:54:00,Meghalaya,East Khasi Hills,9.8,40,22.0,MODERATE,LIGHT_RAIN,POOR,26.7,12.0
T002339,NH-127B,2026-06-21 11:56:00,Meghalaya,West Khasi Hills,10.4,45,9.9,HIGH,TORRENTIAL_RAIN,FAIR,63.0,49.1
T002340,NH-06,2026-06-21 11:58:00,Meghalaya,Ri-Bhoi,12.2,65,65.0,LOW,CLEAR,FAIR,11.3,0.0
T002341,NH-06,2026-06-21 12:00:00,Meghalaya,West Jaintia Hills,17.3,45,39.6,MODERATE,LIGHT_RAIN,FAIR,26.2,3.1
T002342,NH-10,2026-06-21 12:02:00,Sikkim,East Sikkim,21.4,35,4.0,STANDSTILL,TORRENTIAL_RAIN,POOR,321.0,284.3
T002343,NH-310,2026-06-21 12:04:00,Sikkim,North Sikkim,17.8,30,16.5,HIGH,LIGHT_RAIN,POOR,64.7,29.1
T002344,NH-510,2026-06-21 12:06:00,Sikkim,South Sikkim,11.6,40,26.8,MODERATE,CLEAR,POOR,26.0,8.6
T002345,NH-29,2026-06-21 12:08:00,Nagaland,Kohima,14.6,40,26.8,MODERATE,CLEAR,POOR,32.7,10.8
T002346,NH-29,2026-06-21 12:10:00,Nagaland,Dimapur,14.9,65,33.8,MODERATE,HEAVY_RAIN,GOOD,26.4,12.6
T002347,NH-02,2026-06-21 12:12:00,Nagaland,Mokokchung,18.8,40,7.6,STANDSTILL,HEAVY_RAIN,POOR,148.4,120.2
T002348,NH-02,2026-06-21 12:14:00,Manipur,Imphal West,13.0,60,13.2,HIGH,TORRENTIAL_RAIN,GOOD,59.1,46.1
T002349,NH-02,2026-06-21 12:16:00,Manipur,Bishnupur,12.0,55,55.0,LOW,CLEAR,GOOD,13.1,0.0
T002350,NH-02,2026-06-21 12:18:00,Manipur,Senapati,19.7,45,18.9,HIGH,MODERATE_RAIN,POOR,62.5,36.2
T002351,NH-54,2026-06-21 12:20:00,Mizoram,Aizawl,17.9,40,7.6,STANDSTILL,HEAVY_RAIN,POOR,141.3,114.5
T002352,NH-54,2026-06-21 12:22:00,Mizoram,Kolasib,19.2,45,39.6,MODERATE,LIGHT_RAIN,FAIR,29.1,3.5
T002353,NH-54,2026-06-21 12:24:00,Mizoram,Lunglei,11.2,40,26.8,MODERATE,CLEAR,POOR,25.1,8.3
T002354,NH-08,2026-06-21 12:26:00,Tripura,West Tripura,16.8,65,57.2,LOW,LIGHT_RAIN,GOOD,17.6,2.1
T002355,NH-08,2026-06-21 12:28:00,Tripura,Sipahijala,20.6,65,65.0,LOW,CLEAR,GOOD,19.0,0.0
T002356,NH-08,2026-06-21 12:30:00,Tripura,Dhalai,18.6,55,12.1,HIGH,TORRENTIAL_RAIN,GOOD,92.2,71.9
T002357,NH-13,2026-06-21 12:32:00,Arunachal Pradesh,Tawang,6.8,35,23.5,MODERATE,CLEAR,POOR,17.4,5.7
T002358,NH-13,2026-06-21 12:34:00,Arunachal Pradesh,West Kameng,11.9,40,16.8,HIGH,MODERATE_RAIN,POOR,42.5,24.7
T002359,NH-415,2026-06-21 12:36:00,Arunachal Pradesh,Papum Pare,8.4,50,26.0,MODERATE,HEAVY_RAIN,FAIR,19.4,9.3
T002360,NH-515,2026-06-21 12:38:00,Arunachal Pradesh,East Siang,13.1,60,45.0,LOW,MODERATE_RAIN,GOOD,17.5,4.4
T002361,NH-13,2026-06-21 12:40:00,Arunachal Pradesh,Lower Subansiri,9.8,40,22.0,MODERATE,LIGHT_RAIN,POOR,26.7,12.0
T002362,NH-27,2026-06-21 12:42:00,Assam,Kamrup Metropolitan,14.5,80,80.0,LOW,CLEAR,GOOD,10.9,0.0
T002363,NH-27,2026-06-21 12:44:00,Assam,Kamrup Rural,11.7,80,41.6,MODERATE,HEAVY_RAIN,GOOD,16.9,8.1
T002364,NH-15,2026-06-21 12:46:00,Assam,Darrang,16.2,65,57.2,LOW,LIGHT_RAIN,GOOD,17.0,2.0
T002365,NH-15,2026-06-21 12:48:00,Assam,Sonitpur,17.1,70,15.4,HIGH,TORRENTIAL_RAIN,GOOD,66.6,51.9
T002366,NH-37,2026-06-21 12:50:00,Assam,Dibrugarh,20.0,70,61.6,LOW,LIGHT_RAIN,GOOD,19.5,2.4
T002367,NH-37,2026-06-21 12:52:00,Assam,Cachar,14.8,60,31.2,MODERATE,HEAVY_RAIN,GOOD,28.5,13.7
T002368,NH-27,2026-06-21 12:54:00,Assam,Nagaon,13.3,75,56.2,LOW,MODERATE_RAIN,GOOD,14.2,3.6
T002369,NH-206,2026-06-21 12:56:00,Meghalaya,East Khasi Hills,16.7,40,7.6,STANDSTILL,HEAVY_RAIN,POOR,131.8,106.8
T002370,NH-127B,2026-06-21 12:58:00,Meghalaya,West Khasi Hills,8.2,45,9.9,HIGH,TORRENTIAL_RAIN,FAIR,49.7,38.8
T002371,NH-06,2026-06-21 13:00:00,Meghalaya,Ri-Bhoi,14.2,65,48.8,LOW,MODERATE_RAIN,FAIR,17.5,4.4
T002372,NH-06,2026-06-21 13:02:00,Meghalaya,West Jaintia Hills,20.1,45,45.0,LOW,CLEAR,FAIR,26.8,0.0
T002373,NH-10,2026-06-21 13:04:00,Sikkim,East Sikkim,12.9,35,23.5,MODERATE,CLEAR,POOR,32.9,10.8
T002374,NH-310,2026-06-21 13:06:00,Sikkim,North Sikkim,10.1,30,4.0,STANDSTILL,TORRENTIAL_RAIN,POOR,151.5,131.3
T002375,NH-510,2026-06-21 13:08:00,Sikkim,South Sikkim,17.5,40,4.0,STANDSTILL,TORRENTIAL_RAIN,POOR,262.5,236.2
T002376,NH-29,2026-06-21 13:10:00,Nagaland,Kohima,15.3,40,26.8,MODERATE,CLEAR,POOR,34.3,11.3
T002377,NH-29,2026-06-21 13:12:00,Nagaland,Dimapur,12.4,65,65.0,LOW,CLEAR,GOOD,11.4,0.0
T002378,NH-02,2026-06-21 13:14:00,Nagaland,Mokokchung,11.2,40,22.0,MODERATE,LIGHT_RAIN,POOR,30.5,13.7
T002379,NH-02,2026-06-21 13:16:00,Manipur,Imphal West,20.7,60,52.8,LOW,LIGHT_RAIN,GOOD,23.5,2.8
T002380,NH-02,2026-06-21 13:18:00,Manipur,Bishnupur,13.9,55,48.4,LOW,LIGHT_RAIN,GOOD,17.2,2.0
T002381,NH-02,2026-06-21 13:20:00,Manipur,Senapati,8.8,45,30.2,MODERATE,CLEAR,POOR,17.5,5.8
T002382,NH-54,2026-06-21 13:22:00,Mizoram,Aizawl,10.3,40,26.8,MODERATE,CLEAR,POOR,23.1,7.7
T002383,NH-54,2026-06-21 13:24:00,Mizoram,Kolasib,17.4,45,45.0,LOW,CLEAR,FAIR,23.2,0.0
T002384,NH-54,2026-06-21 13:26:00,Mizoram,Lunglei,9.9,40,20.8,HIGH,HEAVY_RAIN,FAIR,28.6,13.8
T002385,NH-08,2026-06-21 13:28:00,Tripura,West Tripura,14.2,65,65.0,LOW,CLEAR,GOOD,13.1,0.0
T002386,NH-08,2026-06-21 13:30:00,Tripura,Sipahijala,20.2,65,33.8,MODERATE,HEAVY_RAIN,GOOD,35.9,17.3
T002387,NH-08,2026-06-21 13:32:00,Tripura,Dhalai,6.5,55,48.4,LOW,LIGHT_RAIN,GOOD,8.1,1.0
T002388,NH-13,2026-06-21 13:34:00,Arunachal Pradesh,Tawang,5.1,35,6.6,STANDSTILL,HEAVY_RAIN,POOR,46.4,37.7
T002389,NH-13,2026-06-21 13:36:00,Arunachal Pradesh,West Kameng,12.3,40,7.6,STANDSTILL,HEAVY_RAIN,POOR,97.1,78.6
T002390,NH-415,2026-06-21 13:38:00,Arunachal Pradesh,Papum Pare,6.3,50,37.5,MODERATE,MODERATE_RAIN,FAIR,10.1,2.5
T002391,NH-515,2026-06-21 13:40:00,Arunachal Pradesh,East Siang,11.2,60,45.0,LOW,MODERATE_RAIN,GOOD,14.9,3.7
T002392,NH-13,2026-06-21 13:42:00,Arunachal Pradesh,Lower Subansiri,11.8,40,26.8,MODERATE,CLEAR,POOR,26.4,8.7
T002393,NH-27,2026-06-21 13:44:00,Assam,Kamrup Metropolitan,9.4,80,41.6,MODERATE,HEAVY_RAIN,GOOD,13.6,6.5
T002394,NH-27,2026-06-21 13:46:00,Assam,Kamrup Rural,12.5,80,60.0,LOW,MODERATE_RAIN,GOOD,12.5,3.1
T002395,NH-15,2026-06-21 13:48:00,Assam,Darrang,18.9,65,65.0,LOW,CLEAR,GOOD,17.4,0.0
T002396,NH-15,2026-06-21 13:50:00,Assam,Sonitpur,10.9,70,36.4,MODERATE,HEAVY_RAIN,GOOD,18.0,8.7
T002397,NH-37,2026-06-21 13:52:00,Assam,Dibrugarh,5.9,70,36.4,MODERATE,HEAVY_RAIN,GOOD,9.7,4.6
T002398,NH-37,2026-06-21 13:54:00,Assam,Cachar,7.3,60,31.2,MODERATE,HEAVY_RAIN,GOOD,14.0,6.7
T002399,NH-27,2026-06-21 13:56:00,Assam,Nagaon,15.9,75,39.0,MODERATE,HEAVY_RAIN,GOOD,24.5,11.8
T002400,NH-206,2026-06-21 13:58:00,Meghalaya,East Khasi Hills,10.2,40,35.2,MODERATE,LIGHT_RAIN,FAIR,17.4,2.1
T002401,NH-127B,2026-06-21 14:00:00,Meghalaya,West Khasi Hills,5.0,45,39.6,MODERATE,LIGHT_RAIN,FAIR,7.6,0.9
T002402,NH-06,2026-06-21 14:02:00,Meghalaya,Ri-Bhoi,14.6,65,33.8,MODERATE,HEAVY_RAIN,FAIR,25.9,12.4
T002403,NH-06,2026-06-21 14:04:00,Meghalaya,West Jaintia Hills,19.0,45,23.4,MODERATE,HEAVY_RAIN,FAIR,48.7,23.4
T002404,NH-10,2026-06-21 14:06:00,Sikkim,East Sikkim,6.4,35,14.7,HIGH,MODERATE_RAIN,POOR,26.1,15.1
T002405,NH-310,2026-06-21 14:08:00,Sikkim,North Sikkim,16.8,30,5.7,STANDSTILL,HEAVY_RAIN,POOR,176.8,143.2
T002406,NH-510,2026-06-21 14:10:00,Sikkim,South Sikkim,7.7,40,16.8,HIGH,MODERATE_RAIN,POOR,27.5,15.9
T002407,NH-29,2026-06-21 14:12:00,Nagaland,Kohima,6.8,40,4.0,STANDSTILL,TORRENTIAL_RAIN,POOR,102.0,91.8
T002408,NH-29,2026-06-21 14:14:00,Nagaland,Dimapur,7.7,65,57.2,LOW,LIGHT_RAIN,GOOD,8.1,1.0
T002409,NH-02,2026-06-21 14:16:00,Nagaland,Mokokchung,7.9,40,4.0,STANDSTILL,TORRENTIAL_RAIN,POOR,118.5,106.7
T002410,NH-02,2026-06-21 14:18:00,Manipur,Imphal West,14.4,60,45.0,LOW,MODERATE_RAIN,GOOD,19.2,4.8
T002411,NH-02,2026-06-21 14:20:00,Manipur,Bishnupur,14.1,55,12.1,HIGH,TORRENTIAL_RAIN,GOOD,69.9,54.5
T002412,NH-02,2026-06-21 14:22:00,Manipur,Senapati,18.1,45,33.8,MODERATE,MODERATE_RAIN,FAIR,32.1,8.0
T002413,NH-54,2026-06-21 14:24:00,Mizoram,Aizawl,16.5,40,22.0,MODERATE,LIGHT_RAIN,POOR,45.0,20.2
T002414,NH-54,2026-06-21 14:26:00,Mizoram,Kolasib,19.9,45,23.4,MODERATE,HEAVY_RAIN,FAIR,51.0,24.5
T002415,NH-54,2026-06-21 14:28:00,Mizoram,Lunglei,6.9,40,40.0,MODERATE,CLEAR,FAIR,10.4,0.0
T002416,NH-08,2026-06-21 14:30:00,Tripura,West Tripura,19.7,65,65.0,LOW,CLEAR,GOOD,18.2,0.0
T002417,NH-08,2026-06-21 14:32:00,Tripura,Sipahijala,10.9,65,33.8,MODERATE,HEAVY_RAIN,GOOD,19.3,9.2
T002418,NH-08,2026-06-21 14:34:00,Tripura,Dhalai,12.4,55,12.1,HIGH,TORRENTIAL_RAIN,GOOD,61.5,48.0
T002419,NH-13,2026-06-21 14:36:00,Arunachal Pradesh,Tawang,21.1,35,19.2,HIGH,LIGHT_RAIN,POOR,65.9,29.7
T002420,NH-13,2026-06-21 14:38:00,Arunachal Pradesh,West Kameng,9.0,40,16.8,HIGH,MODERATE_RAIN,POOR,32.1,18.6
T002421,NH-415,2026-06-21 14:40:00,Arunachal Pradesh,Papum Pare,11.1,50,44.0,MODERATE,LIGHT_RAIN,FAIR,15.1,1.8
T002422,NH-515,2026-06-21 14:42:00,Arunachal Pradesh,East Siang,11.0,60,52.8,LOW,LIGHT_RAIN,GOOD,12.5,1.5
T002423,NH-13,2026-06-21 14:44:00,Arunachal Pradesh,Lower Subansiri,12.8,40,4.0,STANDSTILL,TORRENTIAL_RAIN,POOR,192.0,172.8
T002424,NH-27,2026-06-21 14:46:00,Assam,Kamrup Metropolitan,7.4,80,60.0,LOW,MODERATE_RAIN,GOOD,7.4,1.9
T002425,NH-27,2026-06-21 14:48:00,Assam,Kamrup Rural,6.3,80,17.6,HIGH,TORRENTIAL_RAIN,GOOD,21.5,16.8
T002426,NH-15,2026-06-21 14:50:00,Assam,Darrang,15.1,65,65.0,LOW,CLEAR,GOOD,13.9,0.0
T002427,NH-15,2026-06-21 14:52:00,Assam,Sonitpur,8.8,70,70.0,LOW,CLEAR,GOOD,7.5,0.0
T002428,NH-37,2026-06-21 14:54:00,Assam,Dibrugarh,15.4,70,36.4,MODERATE,HEAVY_RAIN,GOOD,25.4,12.2
T002429,NH-37,2026-06-21 14:56:00,Assam,Cachar,18.7,60,31.2,MODERATE,HEAVY_RAIN,GOOD,36.0,17.3
T002430,NH-27,2026-06-21 14:58:00,Assam,Nagaon,13.7,75,75.0,LOW,CLEAR,GOOD,11.0,0.0
T002431,NH-206,2026-06-21 15:00:00,Meghalaya,East Khasi Hills,16.2,40,30.0,MODERATE,MODERATE_RAIN,FAIR,32.4,8.1
T002432,NH-127B,2026-06-21 15:02:00,Meghalaya,West Khasi Hills,9.2,45,9.9,HIGH,TORRENTIAL_RAIN,FAIR,55.8,43.5
T002433,NH-06,2026-06-21 15:04:00,Meghalaya,Ri-Bhoi,18.6,65,14.3,HIGH,TORRENTIAL_RAIN,GOOD,78.0,60.8
T002434,NH-06,2026-06-21 15:06:00,Meghalaya,West Jaintia Hills,10.3,45,9.9,HIGH,TORRENTIAL_RAIN,FAIR,62.4,48.7
T002435,NH-10,2026-06-21 15:08:00,Sikkim,East Sikkim,8.7,35,6.6,STANDSTILL,HEAVY_RAIN,POOR,79.1,64.2
T002436,NH-310,2026-06-21 15:10:00,Sikkim,North Sikkim,18.7,30,12.6,HIGH,MODERATE_RAIN,POOR,89.0,51.6
T002437,NH-510,2026-06-21 15:12:00,Sikkim,South Sikkim,15.9,40,26.8,MODERATE,CLEAR,POOR,35.6,11.8
T002438,NH-29,2026-06-21 15:14:00,Nagaland,Kohima,15.8,40,4.0,STANDSTILL,TORRENTIAL_RAIN,POOR,237.0,213.3
T002439,NH-29,2026-06-21 15:16:00,Nagaland,Dimapur,18.9,65,57.2,LOW,LIGHT_RAIN,GOOD,19.8,2.4
T002440,NH-02,2026-06-21 15:18:00,Nagaland,Mokokchung,12.2,40,7.6,STANDSTILL,HEAVY_RAIN,POOR,96.3,78.0
T002441,NH-02,2026-06-21 15:20:00,Manipur,Imphal West,14.8,60,52.8,LOW,LIGHT_RAIN,GOOD,16.8,2.0
T002442,NH-02,2026-06-21 15:22:00,Manipur,Bishnupur,8.2,55,41.2,MODERATE,MODERATE_RAIN,GOOD,11.9,3.0
T002443,NH-02,2026-06-21 15:24:00,Manipur,Senapati,16.1,45,33.8,MODERATE,MODERATE_RAIN,FAIR,28.6,7.1
T002444,NH-54,2026-06-21 15:26:00,Mizoram,Aizawl,17.4,40,16.8,HIGH,MODERATE_RAIN,POOR,62.1,36.0
T002445,NH-54,2026-06-21 15:28:00,Mizoram,Kolasib,7.5,45,39.6,MODERATE,LIGHT_RAIN,FAIR,11.4,1.4
T002446,NH-54,2026-06-21 15:30:00,Mizoram,Lunglei,6.3,40,16.8,HIGH,MODERATE_RAIN,POOR,22.5,13.1
T002447,NH-08,2026-06-21 15:32:00,Tripura,West Tripura,14.9,65,65.0,LOW,CLEAR,GOOD,13.8,0.0
T002448,NH-08,2026-06-21 15:34:00,Tripura,Sipahijala,14.1,65,65.0,LOW,CLEAR,GOOD,13.0,0.0
T002449,NH-08,2026-06-21 15:36:00,Tripura,Dhalai,12.9,55,48.4,LOW,LIGHT_RAIN,GOOD,16.0,1.9
T002450,NH-13,2026-06-21 15:38:00,Arunachal Pradesh,Tawang,18.8,35,14.7,HIGH,MODERATE_RAIN,POOR,76.7,44.5
T002451,NH-13,2026-06-21 15:40:00,Arunachal Pradesh,West Kameng,13.8,40,22.0,MODERATE,LIGHT_RAIN,POOR,37.6,16.9
T002452,NH-415,2026-06-21 15:42:00,Arunachal Pradesh,Papum Pare,17.5,50,26.0,MODERATE,HEAVY_RAIN,FAIR,40.4,19.4
T002453,NH-515,2026-06-21 15:44:00,Arunachal Pradesh,East Siang,7.3,60,13.2,HIGH,TORRENTIAL_RAIN,GOOD,33.2,25.9
T002454,NH-13,2026-06-21 15:46:00,Arunachal Pradesh,Lower Subansiri,6.9,40,7.6,STANDSTILL,HEAVY_RAIN,POOR,54.5,44.1
T002455,NH-27,2026-06-21 15:48:00,Assam,Kamrup Metropolitan,20.2,80,70.4,LOW,LIGHT_RAIN,GOOD,17.2,2.0
T002456,NH-27,2026-06-21 15:50:00,Assam,Kamrup Rural,8.6,80,41.6,MODERATE,HEAVY_RAIN,GOOD,12.4,6.0
T002457,NH-15,2026-06-21 15:52:00,Assam,Darrang,18.9,65,14.3,HIGH,TORRENTIAL_RAIN,GOOD,79.3,61.9
T002458,NH-15,2026-06-21 15:54:00,Assam,Sonitpur,10.7,70,15.4,HIGH,TORRENTIAL_RAIN,GOOD,41.7,32.5
T002459,NH-37,2026-06-21 15:56:00,Assam,Dibrugarh,19.8,70,70.0,LOW,CLEAR,GOOD,17.0,0.0
T002460,NH-37,2026-06-21 15:58:00,Assam,Cachar,12.9,60,31.2,MODERATE,HEAVY_RAIN,GOOD,24.8,11.9
T002461,NH-27,2026-06-21 16:00:00,Assam,Nagaon,19.4,75,56.2,LOW,MODERATE_RAIN,GOOD,20.7,5.2
T002462,NH-206,2026-06-21 16:02:00,Meghalaya,East Khasi Hills,16.9,40,26.8,MODERATE,CLEAR,POOR,37.8,12.4
T002463,NH-127B,2026-06-21 16:04:00,Meghalaya,West Khasi Hills,8.5,45,23.4,MODERATE,HEAVY_RAIN,FAIR,21.8,10.5
T002464,NH-06,2026-06-21 16:06:00,Meghalaya,Ri-Bhoi,21.1,65,57.2,LOW,LIGHT_RAIN,FAIR,22.1,2.6
T002465,NH-06,2026-06-21 16:08:00,Meghalaya,West Jaintia Hills,7.5,45,23.4,MODERATE,HEAVY_RAIN,FAIR,19.2,9.2
T002466,NH-10,2026-06-21 16:10:00,Sikkim,East Sikkim,18.9,35,19.2,HIGH,LIGHT_RAIN,POOR,59.1,26.7
T002467,NH-310,2026-06-21 16:12:00,Sikkim,North Sikkim,8.4,30,20.1,HIGH,CLEAR,POOR,25.1,8.3
T002468,NH-510,2026-06-21 16:14:00,Sikkim,South Sikkim,11.8,40,7.6,STANDSTILL,HEAVY_RAIN,POOR,93.2,75.5
T002469,NH-29,2026-06-21 16:16:00,Nagaland,Kohima,5.6,40,7.6,STANDSTILL,HEAVY_RAIN,POOR,44.2,35.8
T002470,NH-29,2026-06-21 16:18:00,Nagaland,Dimapur,10.8,65,48.8,LOW,MODERATE_RAIN,GOOD,13.3,3.3
T002471,NH-02,2026-06-21 16:20:00,Nagaland,Mokokchung,20.5,40,30.0,MODERATE,MODERATE_RAIN,FAIR,41.0,10.3
T002472,NH-02,2026-06-21 16:22:00,Manipur,Imphal West,9.5,60,52.8,LOW,LIGHT_RAIN,GOOD,10.8,1.3
T002473,NH-02,2026-06-21 16:24:00,Manipur,Bishnupur,11.0,55,48.4,LOW,LIGHT_RAIN,GOOD,13.6,1.6
T002474,NH-02,2026-06-21 16:26:00,Manipur,Senapati,15.9,45,23.4,MODERATE,HEAVY_RAIN,FAIR,40.8,19.6
T002475,NH-54,2026-06-21 16:28:00,Mizoram,Aizawl,14.9,40,4.0,STANDSTILL,TORRENTIAL_RAIN,POOR,223.5,201.2
T002476,NH-54,2026-06-21 16:30:00,Mizoram,Kolasib,5.4,45,33.8,MODERATE,MODERATE_RAIN,FAIR,9.6,2.4
T002477,NH-54,2026-06-21 16:32:00,Mizoram,Lunglei,18.4,40,22.0,MODERATE,LIGHT_RAIN,POOR,50.2,22.6
T002478,NH-08,2026-06-21 16:34:00,Tripura,West Tripura,5.6,65,14.3,HIGH,TORRENTIAL_RAIN,GOOD,23.5,18.3
T002479,NH-08,2026-06-21 16:36:00,Tripura,Sipahijala,16.2,65,65.0,LOW,CLEAR,GOOD,15.0,0.0
T002480,NH-08,2026-06-21 16:38:00,Tripura,Dhalai,12.4,55,41.2,MODERATE,MODERATE_RAIN,GOOD,18.1,4.6
T002481,NH-13,2026-06-21 16:40:00,Arunachal Pradesh,Tawang,13.1,35,4.0,STANDSTILL,TORRENTIAL_RAIN,POOR,196.5,174.0
T002482,NH-13,2026-06-21 16:42:00,Arunachal Pradesh,West Kameng,12.6,40,22.0,MODERATE,LIGHT_RAIN,POOR,34.4,15.5
T002483,NH-415,2026-06-21 16:44:00,Arunachal Pradesh,Papum Pare,5.4,50,37.5,MODERATE,MODERATE_RAIN,FAIR,8.6,2.1
T002484,NH-515,2026-06-21 16:46:00,Arunachal Pradesh,East Siang,10.3,60,13.2,HIGH,TORRENTIAL_RAIN,GOOD,46.8,36.5
T002485,NH-13,2026-06-21 16:48:00,Arunachal Pradesh,Lower Subansiri,13.5,40,26.8,MODERATE,CLEAR,POOR,30.2,9.9
T002486,NH-27,2026-06-21 16:50:00,Assam,Kamrup Metropolitan,16.7,80,60.0,LOW,MODERATE_RAIN,GOOD,16.7,4.2
T002487,NH-27,2026-06-21 16:52:00,Assam,Kamrup Rural,6.6,80,70.4,LOW,LIGHT_RAIN,GOOD,5.6,0.7
T002488,NH-15,2026-06-21 16:54:00,Assam,Darrang,8.1,65,33.8,MODERATE,HEAVY_RAIN,GOOD,14.4,6.9
T002489,NH-15,2026-06-21 16:56:00,Assam,Sonitpur,8.2,70,15.4,HIGH,TORRENTIAL_RAIN,GOOD,31.9,24.9
T002490,NH-37,2026-06-21 16:58:00,Assam,Dibrugarh,12.4,70,36.4,MODERATE,HEAVY_RAIN,GOOD,20.4,9.8
T002491,NH-37,2026-06-21 17:00:00,Assam,Cachar,16.2,60,60.0,LOW,CLEAR,GOOD,16.2,0.0
T002492,NH-27,2026-06-21 17:02:00,Assam,Nagaon,10.9,75,16.5,HIGH,TORRENTIAL_RAIN,GOOD,39.6,30.9
T002493,NH-206,2026-06-21 17:04:00,Meghalaya,East Khasi Hills,8.2,40,4.0,STANDSTILL,TORRENTIAL_RAIN,POOR,123.0,110.7
T002494,NH-127B,2026-06-21 17:06:00,Meghalaya,West Khasi Hills,7.0,45,9.9,HIGH,TORRENTIAL_RAIN,FAIR,42.4,33.1
T002495,NH-06,2026-06-21 17:08:00,Meghalaya,Ri-Bhoi,19.4,65,33.8,MODERATE,HEAVY_RAIN,FAIR,34.4,16.5
T002496,NH-06,2026-06-21 17:10:00,Meghalaya,West Jaintia Hills,18.6,45,33.8,MODERATE,MODERATE_RAIN,FAIR,33.0,8.2
T002497,NH-10,2026-06-21 17:12:00,Sikkim,East Sikkim,7.3,35,14.7,HIGH,MODERATE_RAIN,POOR,29.8,17.3
T002498,NH-310,2026-06-21 17:14:00,Sikkim,North Sikkim,15.7,30,12.6,HIGH,MODERATE_RAIN,POOR,74.8,43.4
T002499,NH-510,2026-06-21 17:16:00,Sikkim,South Sikkim,11.8,40,16.8,HIGH,MODERATE_RAIN,POOR,42.1,24.4
T002500,NH-29,2026-06-21 17:18:00,Nagaland,Kohima,6.5,40,16.8,HIGH,MODERATE_RAIN,POOR,23.2,13.4
