weather_id,timestamp,state,district,latitude,longitude,rainfall_1h_mm,rainfall_6h_mm,rainfall_24h_mm,rainfall_3day_mm,temperature_c,humidity_percent,wind_speed_kmph,pressure_hpa,weather_condition
W000001,2025-04-01 06:00:00,Arunachal Pradesh,Tawang,27.6279,91.7169,1.8,7.7,12.0,32.7,10.2,70,37.4,731.5,LIGHT_RAIN
W000002,2025-04-01 08:24:00,Arunachal Pradesh,West Kameng,27.1452,92.4881,0.6,1.6,1.9,6.2,10.3,50,16.0,796.7,LIGHT_RAIN
W000003,2025-04-01 10:48:00,Arunachal Pradesh,Papum Pare,26.9593,93.5322,1.3,3.4,5.2,12.5,25.4,59,39.9,981.4,LIGHT_RAIN
W000004,2025-04-01 13:12:00,Arunachal Pradesh,East Siang,28.1308,95.3864,0.2,0.4,0.6,1.3,31.5,48,18.1,998.7,CLEAR
W000005,2025-04-01 15:36:00,Arunachal Pradesh,Lower Subansiri,27.6428,93.6819,1.2,3.2,4.1,10.1,9.7,71,23.9,856.1,LIGHT_RAIN
W000006,2025-04-01 18:00:00,Assam,Kamrup Metropolitan,26.0779,91.6508,0.1,0.3,0.5,1.3,22.8,63,12.2,1004.2,CLEAR
W000007,2025-04-01 20:24:00,Assam,Kamrup Rural,26.064,91.6662,1.0,3.8,5.4,14.6,30.3,54,30.6,1005.9,LIGHT_RAIN
W000008,2025-04-01 22:48:00,Assam,Darrang,26.4398,91.9184,0.1,0.5,0.9,3.0,28.9,71,38.2,1002.4,CLEAR
W000009,2025-04-02 01:12:00,Assam,Sonitpur,26.7326,92.8282,0.6,2.4,4.2,13.3,31.2,68,21.0,1000.7,LIGHT_RAIN
W000010,2025-04-02 03:36:00,Assam,Dibrugarh,27.3437,94.9604,0.4,1.3,2.3,7.0,30.9,60,13.0,998.9,LIGHT_RAIN
W000011,2025-04-02 06:00:00,Assam,Cachar,24.7531,92.6592,1.6,4.9,6.3,21.4,27.8,60,12.6,1011.2,LIGHT_RAIN
W000012,2025-04-02 08:24:00,Assam,Nagaon,26.244,92.6406,2.0,4.5,6.2,13.1,34.3,73,32.0,1004.5,LIGHT_RAIN
W000013,2025-04-02 10:48:00,Meghalaya,East Khasi Hills,25.6232,91.926,2.2,8.8,13.2,43.3,28.2,68,20.2,871.0,LIGHT_RAIN
W000014,2025-04-02 13:12:00,Meghalaya,West Khasi Hills,25.4987,91.191,0.6,1.1,1.8,4.8,28.2,49,38.5,882.1,LIGHT_RAIN
W000015,2025-04-02 15:36:00,Meghalaya,Ri-Bhoi,25.9554,91.9829,2.9,6.4,9.7,32.1,34.9,65,15.9,955.5,LIGHT_RAIN
W000016,2025-04-02 18:00:00,Meghalaya,West Jaintia Hills,25.5415,92.1703,0.2,0.5,0.8,1.8,22.1,71,31.4,888.0,CLEAR
W000017,2025-04-02 20:24:00,Sikkim,East Sikkim,27.4518,88.5509,3.4,6.7,13.2,29.0,11.3,50,38.8,849.2,LIGHT_RAIN
W000018,2025-04-02 22:48:00,Sikkim,North Sikkim,27.5429,88.4429,1.9,6.9,8.3,25.4,10.1,68,33.1,777.3,LIGHT_RAIN
W000019,2025-04-03 01:12:00,Sikkim,South Sikkim,27.0988,88.3754,0.8,3.7,5.8,16.2,28.0,69,19.7,880.5,LIGHT_RAIN
W000020,2025-04-03 03:36:00,Nagaland,Kohima,25.8243,94.0001,0.7,1.5,2.2,7.0,25.1,71,16.8,871.8,LIGHT_RAIN
W000021,2025-04-03 06:00:00,Nagaland,Dimapur,25.7897,93.7657,2.7,9.4,11.8,35.7,23.7,69,14.1,990.1,LIGHT_RAIN
W000022,2025-04-03 08:24:00,Nagaland,Mokokchung,26.2904,94.5488,1.6,7.0,9.9,26.0,23.4,50,23.8,883.9,LIGHT_RAIN
W000023,2025-04-03 10:48:00,Manipur,Imphal West,24.9252,93.7902,1.7,3.2,5.2,10.8,28.4,60,9.9,933.1,LIGHT_RAIN
W000024,2025-04-03 13:12:00,Manipur,Bishnupur,24.7077,93.8451,1.1,2.8,4.1,8.5,25.5,64,27.6,939.4,LIGHT_RAIN
W000025,2025-04-03 15:36:00,Manipur,Senapati,25.2461,94.1461,0.7,2.7,3.3,10.4,34.4,48,27.9,885.6,LIGHT_RAIN
W000026,2025-04-03 18:00:00,Mizoram,Aizawl,23.8057,92.7199,1.8,9.1,11.3,34.1,34.9,77,35.0,907.1,LIGHT_RAIN
W000027,2025-04-03 20:24:00,Mizoram,Kolasib,24.2617,92.7127,0.1,0.2,0.2,0.4,27.2,62,10.6,957.4,CLEAR
W000028,2025-04-03 22:48:00,Mizoram,Lunglei,23.016,92.8667,0.7,2.8,5.9,15.3,33.5,48,15.3,907.7,LIGHT_RAIN
W000029,2025-04-04 01:12:00,Tripura,West Tripura,23.6873,91.4155,3.0,7.4,14.0,45.2,22.5,58,8.4,1004.7,LIGHT_RAIN
W000030,2025-04-04 03:36:00,Tripura,Sipahijala,23.5568,91.2343,0.1,0.2,0.5,1.3,28.0,55,17.5,1008.9,CLEAR
W000031,2025-04-04 06:00:00,Tripura,Dhalai,23.8458,91.7208,2.6,6.4,8.1,20.7,29.3,71,22.7,995.9,LIGHT_RAIN
W000032,2025-04-04 08:24:00,Arunachal Pradesh,Tawang,27.634,91.9935,0.8,2.3,3.4,11.3,6.9,59,39.6,732.8,LIGHT_RAIN
W000033,2025-04-04 10:48:00,Arunachal Pradesh,West Kameng,27.2414,92.3294,0.6,2.1,3.6,10.8,15.9,64,11.7,796.7,LIGHT_RAIN
W000034,2025-04-04 13:12:00,Arunachal Pradesh,Papum Pare,27.1643,93.5863,2.4,4.6,8.5,22.0,24.1,70,14.1,979.4,LIGHT_RAIN
W000035,2025-04-04 15:36:00,Arunachal Pradesh,East Siang,28.0713,95.2123,1.9,8.2,12.1,37.9,24.9,67,18.1,1001.1,LIGHT_RAIN
W000036,2025-04-04 18:00:00,Arunachal Pradesh,Lower Subansiri,27.5662,93.8565,3.3,5.1,10.8,34.0,31.3,61,30.0,866.2,LIGHT_RAIN
W000037,2025-04-04 20:24:00,Assam,Kamrup Metropolitan,26.0632,91.8578,2.6,6.0,11.5,33.0,26.6,54,24.6,1002.9,LIGHT_RAIN
W000038,2025-04-04 22:48:00,Assam,Kamrup Rural,26.1185,91.5576,2.3,5.2,8.7,22.4,22.0,73,22.8,1006.6,LIGHT_RAIN
W000039,2025-04-05 01:12:00,Assam,Darrang,26.4733,92.0228,2.5,7.4,11.4,27.9,27.4,74,13.8,1004.2,LIGHT_RAIN
W000040,2025-04-05 03:36:00,Assam,Sonitpur,26.5121,92.8403,2.1,6.3,7.6,20.9,33.0,53,9.6,1007.0,LIGHT_RAIN
W000041,2025-04-05 06:00:00,Assam,Dibrugarh,27.5415,94.964,0.4,1.6,2.6,8.2,25.9,72,29.1,1000.5,LIGHT_RAIN
W000042,2025-04-05 08:24:00,Assam,Cachar,24.7851,92.8874,1.0,3.2,3.9,10.8,24.3,52,40.5,1011.2,LIGHT_RAIN
W000043,2025-04-05 10:48:00,Assam,Nagaon,26.2373,92.589,0.6,2.9,3.5,7.9,22.9,52,20.7,1007.0,LIGHT_RAIN
W000044,2025-04-05 13:12:00,Meghalaya,East Khasi Hills,25.5617,92.0017,1.8,7.2,9.1,18.1,30.0,69,41.6,866.2,LIGHT_RAIN
W000045,2025-04-05 15:36:00,Meghalaya,West Khasi Hills,25.5222,91.1144,1.2,2.9,4.0,7.8,33.1,65,35.6,892.6,LIGHT_RAIN
W000046,2025-04-05 18:00:00,Meghalaya,Ri-Bhoi,25.7999,91.8757,2.1,8.6,11.3,32.0,31.8,55,37.8,962.5,LIGHT_RAIN
W000047,2025-04-05 20:24:00,Meghalaya,West Jaintia Hills,25.3494,92.0506,0.7,3.4,4.1,11.4,23.7,72,8.9,883.9,LIGHT_RAIN
W000048,2025-04-05 22:48:00,Sikkim,East Sikkim,27.3254,88.5834,2.3,6.7,7.9,17.7,8.0,76,17.2,848.3,LIGHT_RAIN
W000049,2025-04-06 01:12:00,Sikkim,North Sikkim,27.5655,88.4464,0.6,2.6,3.8,9.8,10.3,65,18.6,775.4,LIGHT_RAIN
W000050,2025-04-06 03:36:00,Sikkim,South Sikkim,27.2407,88.2183,3.2,6.2,12.2,24.2,23.9,77,21.7,887.8,LIGHT_RAIN
W000051,2025-04-06 06:00:00,Nagaland,Kohima,25.676,94.2144,0.2,0.7,1.1,2.5,22.9,48,14.2,876.0,LIGHT_RAIN
W000052,2025-04-06 08:24:00,Nagaland,Dimapur,26.0122,93.5981,2.0,5.3,10.8,23.8,27.8,66,35.1,999.2,LIGHT_RAIN
W000053,2025-04-06 10:48:00,Nagaland,Mokokchung,26.211,94.6371,1.3,5.2,8.2,24.2,23.3,59,32.6,886.7,LIGHT_RAIN
W000054,2025-04-06 13:12:00,Manipur,Imphal West,24.6916,93.984,0.4,1.5,1.8,4.7,24.0,73,29.4,935.1,LIGHT_RAIN
W000055,2025-04-06 15:36:00,Manipur,Bishnupur,24.5437,93.8294,1.2,4.5,5.6,11.8,22.3,66,12.1,940.7,LIGHT_RAIN
W000056,2025-04-06 18:00:00,Manipur,Senapati,25.3037,93.9972,2.0,5.1,11.3,31.5,30.6,74,38.7,885.0,LIGHT_RAIN
W000057,2025-04-06 20:24:00,Mizoram,Aizawl,23.7146,92.8671,0.7,2.1,4.4,9.5,23.4,58,15.8,907.2,LIGHT_RAIN
W000058,2025-04-06 22:48:00,Mizoram,Kolasib,24.1496,92.81,0.6,2.3,4.6,10.2,32.0,51,29.8,948.3,LIGHT_RAIN
W000059,2025-04-07 01:12:00,Mizoram,Lunglei,22.8155,92.7215,1.1,2.0,4.2,13.3,28.3,65,29.7,912.4,LIGHT_RAIN
W000060,2025-04-07 03:36:00,Tripura,West Tripura,23.9777,91.333,0.9,1.8,3.7,10.9,25.3,51,41.0,1011.2,LIGHT_RAIN
W000061,2025-04-07 06:00:00,Tripura,Sipahijala,23.7645,91.1931,1.2,5.5,7.0,19.9,30.8,69,26.3,1005.0,LIGHT_RAIN
W000062,2025-04-07 08:24:00,Tripura,Dhalai,23.7321,91.866,0.2,1.3,1.5,2.9,32.0,62,9.4,1002.0,LIGHT_RAIN
W000063,2025-04-07 10:48:00,Arunachal Pradesh,Tawang,27.539,91.9156,1.4,4.7,6.9,23.1,16.6,70,28.0,724.2,LIGHT_RAIN
W000064,2025-04-07 13:12:00,Arunachal Pradesh,West Kameng,27.3861,92.5197,3.0,6.7,13.8,44.3,17.3,52,23.9,802.4,LIGHT_RAIN
W000065,2025-04-07 15:36:00,Arunachal Pradesh,Papum Pare,26.9636,93.5667,1.4,4.7,7.6,15.1,28.8,67,34.7,986.2,LIGHT_RAIN
W000066,2025-04-07 18:00:00,Arunachal Pradesh,East Siang,28.1384,95.3415,1.2,2.6,5.0,15.0,24.2,71,31.8,998.6,LIGHT_RAIN
W000067,2025-04-07 20:24:00,Arunachal Pradesh,Lower Subansiri,27.6835,93.8873,2.3,6.1,9.9,21.4,31.6,55,24.4,864.3,LIGHT_RAIN
W000068,2025-04-07 22:48:00,Assam,Kamrup Metropolitan,26.1693,91.6306,2.8,5.5,9.2,30.2,33.2,67,18.8,1011.2,LIGHT_RAIN
W000069,2025-04-08 01:12:00,Assam,Kamrup Rural,26.3149,91.7037,1.6,3.2,5.2,14.2,24.2,74,8.3,1011.2,LIGHT_RAIN
W000070,2025-04-08 03:36:00,Assam,Darrang,26.3769,91.9118,0.2,1.1,1.5,4.3,30.3,53,38.0,1004.3,LIGHT_RAIN
W000071,2025-04-08 06:00:00,Assam,Sonitpur,26.776,92.8674,0.7,2.6,4.2,11.7,25.3,53,8.4,999.9,LIGHT_RAIN
W000072,2025-04-08 08:24:00,Assam,Dibrugarh,27.6157,95.0052,1.9,6.1,11.9,39.1,23.1,65,14.0,997.5,LIGHT_RAIN
W000073,2025-04-08 10:48:00,Assam,Cachar,24.9606,92.8636,0.0,0.1,0.2,0.5,24.2,68,9.4,1011.2,CLEAR
W000074,2025-04-08 13:12:00,Assam,Nagaon,26.4384,92.614,0.7,4.7,5.7,18.5,32.8,49,27.7,1003.0,LIGHT_RAIN
W000075,2025-04-08 15:36:00,Meghalaya,East Khasi Hills,25.4404,91.8845,1.0,3.9,6.0,14.0,22.5,69,28.9,870.6,LIGHT_RAIN
W000076,2025-04-08 18:00:00,Meghalaya,West Khasi Hills,25.4516,91.3486,0.2,0.5,0.7,1.6,31.9,64,14.0,890.8,CLEAR
W000077,2025-04-08 20:24:00,Meghalaya,Ri-Bhoi,25.8695,91.8136,0.7,1.1,2.2,7.3,24.9,73,31.6,964.4,LIGHT_RAIN
W000078,2025-04-08 22:48:00,Meghalaya,West Jaintia Hills,25.4924,92.1699,0.7,3.9,5.9,15.3,30.6,57,17.6,878.3,LIGHT_RAIN
W000079,2025-04-09 01:12:00,Sikkim,East Sikkim,27.2235,88.7476,0.4,1.0,1.6,5.1,12.0,61,12.4,855.2,LIGHT_RAIN
W000080,2025-04-09 03:36:00,Sikkim,North Sikkim,27.3615,88.579,1.1,2.9,3.9,9.5,6.7,57,23.7,774.7,LIGHT_RAIN
W000081,2025-04-09 06:00:00,Sikkim,South Sikkim,27.2019,88.3534,0.6,1.8,2.8,7.1,23.9,54,11.8,886.9,LIGHT_RAIN
W000082,2025-04-09 08:24:00,Nagaland,Kohima,25.5384,94.0894,4.5,10.5,13.8,28.6,30.4,71,16.8,871.5,LIGHT_RAIN
W000083,2025-04-09 10:48:00,Nagaland,Dimapur,25.9726,93.8001,3.4,5.7,10.0,33.1,31.3,59,17.4,991.6,LIGHT_RAIN
W000084,2025-04-09 13:12:00,Nagaland,Mokokchung,26.4597,94.6462,1.7,8.6,11.4,29.5,28.0,67,21.2,882.0,LIGHT_RAIN
W000085,2025-04-09 15:36:00,Manipur,Imphal West,24.8829,93.8769,1.7,4.1,5.1,15.4,27.5,68,34.9,938.3,LIGHT_RAIN
W000086,2025-04-09 18:00:00,Manipur,Bishnupur,24.6916,93.7808,1.4,7.1,8.5,26.6,33.4,72,24.1,941.3,LIGHT_RAIN
W000087,2025-04-09 20:24:00,Manipur,Senapati,25.3132,94.1308,1.7,8.1,12.0,23.2,23.1,73,29.1,888.9,LIGHT_RAIN
W000088,2025-04-09 22:48:00,Mizoram,Aizawl,23.8272,92.6588,1.3,5.8,7.9,15.5,24.2,64,23.1,905.8,LIGHT_RAIN
W000089,2025-04-10 01:12:00,Mizoram,Kolasib,24.2664,92.6695,0.7,2.8,3.7,8.0,25.5,60,19.4,953.8,LIGHT_RAIN
W000090,2025-04-10 03:36:00,Mizoram,Lunglei,22.9681,92.8779,0.9,1.9,2.7,6.9,31.9,48,20.2,909.9,LIGHT_RAIN
W000091,2025-04-10 06:00:00,Tripura,West Tripura,23.8361,91.3267,1.0,3.1,4.1,10.1,31.9,60,27.3,1011.2,LIGHT_RAIN
W000092,2025-04-10 08:24:00,Tripura,Sipahijala,23.5555,91.2551,0.9,2.1,3.9,9.9,31.2,49,8.4,1005.9,LIGHT_RAIN
W000093,2025-04-10 10:48:00,Tripura,Dhalai,23.7735,91.8425,3.4,7.2,13.4,43.0,30.1,57,33.2,994.8,LIGHT_RAIN
W000094,2025-04-10 13:12:00,Arunachal Pradesh,Tawang,27.7019,91.8821,0.5,2.8,3.8,8.6,15.5,66,36.4,726.0,LIGHT_RAIN
W000095,2025-04-10 15:36:00,Arunachal Pradesh,West Kameng,27.1877,92.4627,0.1,0.3,0.5,1.0,14.2,49,24.6,803.5,CLEAR
W000096,2025-04-10 18:00:00,Arunachal Pradesh,Papum Pare,27.216,93.7001,1.9,4.4,9.1,20.3,28.6,75,16.9,985.0,LIGHT_RAIN
W000097,2025-04-10 20:24:00,Arunachal Pradesh,East Siang,28.0714,95.1911,0.4,2.2,3.0,6.1,31.8,73,40.7,1000.9,LIGHT_RAIN
W000098,2025-04-10 22:48:00,Arunachal Pradesh,Lower Subansiri,27.44,93.8194,1.1,4.0,4.9,15.6,23.7,74,33.7,859.6,LIGHT_RAIN
W000099,2025-04-11 01:12:00,Assam,Kamrup Metropolitan,26.2795,91.8536,1.9,4.6,5.7,17.5,26.8,56,31.6,1006.0,LIGHT_RAIN
W000100,2025-04-11 03:36:00,Assam,Kamrup Rural,26.163,91.6841,2.2,5.4,7.3,20.1,34.2,52,24.2,1007.8,LIGHT_RAIN
W000101,2025-04-11 06:00:00,Assam,Darrang,26.4444,91.9588,2.5,4.8,9.7,29.7,26.0,49,23.5,1010.9,LIGHT_RAIN
W000102,2025-04-11 08:24:00,Assam,Sonitpur,26.7171,92.788,2.9,5.4,11.8,39.7,26.7,70,22.6,1008.5,LIGHT_RAIN
W000103,2025-04-11 10:48:00,Assam,Dibrugarh,27.4085,94.8435,0.6,3.5,4.7,12.1,33.9,65,16.4,1004.6,LIGHT_RAIN
W000104,2025-04-11 13:12:00,Assam,Cachar,24.7285,92.7438,0.1,0.2,0.4,0.9,32.6,62,34.9,1011.2,CLEAR
W000105,2025-04-11 15:36:00,Assam,Nagaon,26.3175,92.6968,3.1,6.4,12.7,38.1,27.5,74,24.2,1007.6,LIGHT_RAIN
W000106,2025-04-11 18:00:00,Meghalaya,East Khasi Hills,25.5456,91.9742,1.5,3.9,8.0,15.4,28.7,63,25.2,864.3,LIGHT_RAIN
W000107,2025-04-11 20:24:00,Meghalaya,West Khasi Hills,25.5327,91.2531,1.1,2.7,4.6,12.9,32.7,59,33.5,881.9,LIGHT_RAIN
W000108,2025-04-11 22:48:00,Meghalaya,Ri-Bhoi,26.006,92.016,1.3,5.8,8.0,17.2,28.7,66,36.8,960.0,LIGHT_RAIN
W000109,2025-04-12 01:12:00,Meghalaya,West Jaintia Hills,25.54,92.3193,3.7,4.9,10.6,33.6,32.4,67,36.8,882.7,LIGHT_RAIN
W000110,2025-04-12 03:36:00,Sikkim,East Sikkim,27.1976,88.5573,3.1,8.0,11.8,24.9,7.9,61,16.9,849.0,LIGHT_RAIN
W000111,2025-04-12 06:00:00,Sikkim,North Sikkim,27.6022,88.6759,2.6,8.8,12.0,24.2,16.4,68,23.1,771.2,LIGHT_RAIN
W000112,2025-04-12 08:24:00,Sikkim,South Sikkim,27.1976,88.3989,1.0,4.5,5.7,17.3,27.2,52,39.7,890.7,LIGHT_RAIN
W000113,2025-04-12 10:48:00,Nagaland,Kohima,25.6636,93.9737,3.1,6.1,9.5,31.5,29.5,53,36.5,873.3,LIGHT_RAIN
W000114,2025-04-12 13:12:00,Nagaland,Dimapur,25.8581,93.8414,1.6,10.0,11.8,36.9,34.1,62,27.1,996.5,LIGHT_RAIN
W000115,2025-04-12 15:36:00,Nagaland,Mokokchung,26.2507,94.3946,1.1,4.7,5.9,13.0,32.5,61,23.6,889.5,LIGHT_RAIN
W000116,2025-04-12 18:00:00,Manipur,Imphal West,24.9526,93.8541,1.6,7.9,12.8,40.3,29.9,53,28.0,941.4,LIGHT_RAIN
W000117,2025-04-12 20:24:00,Manipur,Bishnupur,24.7087,93.8994,0.4,1.6,2.2,5.9,34.4,55,38.1,941.2,LIGHT_RAIN
W000118,2025-04-12 22:48:00,Manipur,Senapati,25.1816,94.0021,1.6,5.5,9.4,27.5,30.3,68,11.8,895.2,LIGHT_RAIN
W000119,2025-04-13 01:12:00,Mizoram,Aizawl,23.7869,92.7977,1.3,4.2,5.0,12.9,34.9,65,10.2,906.3,LIGHT_RAIN
W000120,2025-04-13 03:36:00,Mizoram,Kolasib,24.2855,92.7633,1.2,2.5,4.8,11.8,35.0,63,40.6,957.3,LIGHT_RAIN
W000121,2025-04-13 06:00:00,Mizoram,Lunglei,22.7377,92.6836,0.9,2.5,3.8,11.6,30.6,55,9.8,910.7,LIGHT_RAIN
W000122,2025-04-13 08:24:00,Tripura,West Tripura,23.9639,91.1963,0.7,1.5,2.1,6.3,28.1,64,22.1,1008.3,LIGHT_RAIN
W000123,2025-04-13 10:48:00,Tripura,Sipahijala,23.5156,91.3937,2.3,4.2,7.0,17.3,30.3,67,31.0,1005.4,LIGHT_RAIN
W000124,2025-04-13 13:12:00,Tripura,Dhalai,23.9389,91.8698,1.3,3.3,4.8,14.6,33.7,49,20.9,1004.9,LIGHT_RAIN
W000125,2025-04-13 15:36:00,Arunachal Pradesh,Tawang,27.5473,91.8612,3.8,8.1,11.9,35.5,8.1,73,25.4,730.7,LIGHT_RAIN
W000126,2025-04-13 18:00:00,Arunachal Pradesh,West Kameng,27.2616,92.396,0.8,2.9,4.6,9.1,12.0,76,41.2,799.0,LIGHT_RAIN
W000127,2025-04-13 20:24:00,Arunachal Pradesh,Papum Pare,27.1626,93.5972,1.1,3.6,5.8,11.4,22.4,66,9.1,978.6,LIGHT_RAIN
W000128,2025-04-13 22:48:00,Arunachal Pradesh,East Siang,28.1008,95.4519,2.9,7.1,9.0,23.2,27.2,63,28.4,994.2,LIGHT_RAIN
W000129,2025-04-14 01:12:00,Arunachal Pradesh,Lower Subansiri,27.6193,93.7605,0.9,4.6,5.8,13.6,9.9,63,33.6,855.5,LIGHT_RAIN
W000130,2025-04-14 03:36:00,Assam,Kamrup Metropolitan,26.0782,91.7214,0.1,0.3,0.4,1.1,30.6,76,40.3,1004.3,CLEAR
W000131,2025-04-14 06:00:00,Assam,Kamrup Rural,26.1487,91.4206,0.7,1.8,2.6,5.3,27.4,48,39.9,1002.8,LIGHT_RAIN
W000132,2025-04-14 08:24:00,Assam,Darrang,26.4084,91.9585,2.7,7.7,9.6,23.8,23.4,71,21.8,1010.6,LIGHT_RAIN
W000133,2025-04-14 10:48:00,Assam,Sonitpur,26.5667,92.6456,0.5,1.2,1.9,6.0,25.1,51,9.9,1009.1,LIGHT_RAIN
W000134,2025-04-14 13:12:00,Assam,Dibrugarh,27.4694,94.9894,1.7,8.7,10.6,23.2,33.7,55,17.2,999.9,LIGHT_RAIN
W000135,2025-04-14 15:36:00,Assam,Cachar,24.8178,92.6341,1.2,3.2,4.6,10.0,25.3,77,31.1,1011.2,LIGHT_RAIN
W000136,2025-04-14 18:00:00,Assam,Nagaon,26.2871,92.7085,4.0,5.9,12.3,23.6,31.7,72,39.6,1006.9,LIGHT_RAIN
W000137,2025-04-14 20:24:00,Meghalaya,East Khasi Hills,25.7278,91.9084,0.3,1.6,2.0,4.4,29.8,65,39.9,868.7,LIGHT_RAIN
W000138,2025-04-14 22:48:00,Meghalaya,West Khasi Hills,25.4354,91.1462,0.4,1.3,2.2,4.2,29.2,55,23.3,891.3,LIGHT_RAIN
W000139,2025-04-15 01:12:00,Meghalaya,Ri-Bhoi,26.0353,91.937,3.8,5.5,11.5,32.4,30.4,61,12.5,962.8,LIGHT_RAIN
W000140,2025-04-15 03:36:00,Meghalaya,West Jaintia Hills,25.5174,92.343,1.9,6.1,10.6,33.6,33.6,57,20.0,882.2,LIGHT_RAIN
W000141,2025-04-15 06:00:00,Sikkim,East Sikkim,27.4387,88.5454,0.9,1.7,3.1,9.4,14.5,72,34.9,852.9,LIGHT_RAIN
W000142,2025-04-15 08:24:00,Sikkim,North Sikkim,27.5102,88.4823,2.0,5.0,10.9,24.7,11.1,69,36.6,778.4,LIGHT_RAIN
W000143,2025-04-15 10:48:00,Sikkim,South Sikkim,27.0579,88.4605,3.1,6.3,12.6,40.5,29.4,77,16.5,885.6,LIGHT_RAIN
W000144,2025-04-15 13:12:00,Nagaland,Kohima,25.6104,94.1022,1.7,3.2,5.2,11.1,24.6,51,22.5,873.7,LIGHT_RAIN
W000145,2025-04-15 15:36:00,Nagaland,Dimapur,26.0391,93.7208,1.6,3.7,5.3,15.0,28.9,56,10.5,989.7,LIGHT_RAIN
W000146,2025-04-15 18:00:00,Nagaland,Mokokchung,26.3481,94.5759,1.0,4.1,5.2,17.4,33.1,67,13.9,887.9,LIGHT_RAIN
W000147,2025-04-15 20:24:00,Manipur,Imphal West,24.7582,94.085,3.6,5.5,10.5,28.2,24.4,76,27.2,940.7,LIGHT_RAIN
W000148,2025-04-15 22:48:00,Manipur,Bishnupur,24.6612,93.8,0.4,1.1,1.8,6.0,34.3,65,21.9,933.9,LIGHT_RAIN
W000149,2025-04-16 01:12:00,Manipur,Senapati,25.2428,94.118,0.5,1.8,2.6,7.2,33.6,66,35.9,891.3,LIGHT_RAIN
W000150,2025-04-16 03:36:00,Mizoram,Aizawl,23.76,92.7896,2.4,6.3,8.2,24.6,25.2,57,26.8,898.8,LIGHT_RAIN
W000151,2025-04-16 06:00:00,Mizoram,Kolasib,24.2681,92.5771,2.3,4.5,6.7,17.4,28.4,66,20.7,957.1,LIGHT_RAIN
W000152,2025-04-16 08:24:00,Mizoram,Lunglei,22.8526,92.7968,1.3,5.5,10.9,24.9,24.2,63,37.5,913.2,LIGHT_RAIN
W000153,2025-04-16 10:48:00,Tripura,West Tripura,23.8936,91.3477,0.9,1.9,3.5,8.4,29.8,70,41.2,1010.0,LIGHT_RAIN
W000154,2025-04-16 13:12:00,Tripura,Sipahijala,23.5644,91.3994,1.3,4.2,8.4,16.1,22.1,49,18.1,1008.6,LIGHT_RAIN
W000155,2025-04-16 15:36:00,Tripura,Dhalai,23.8275,91.8634,2.5,5.8,9.1,22.7,32.9,69,40.1,997.3,LIGHT_RAIN
W000156,2025-04-16 18:00:00,Arunachal Pradesh,Tawang,27.4788,91.7273,2.5,9.5,13.4,30.0,6.9,56,39.8,725.0,LIGHT_RAIN
W000157,2025-04-16 20:24:00,Arunachal Pradesh,West Kameng,27.2853,92.3525,0.2,0.5,1.0,2.7,13.1,57,38.6,802.0,CLEAR
W000158,2025-04-16 22:48:00,Arunachal Pradesh,Papum Pare,27.0712,93.5483,2.7,5.5,11.8,33.3,27.7,57,30.8,981.0,LIGHT_RAIN
W000159,2025-04-17 01:12:00,Arunachal Pradesh,East Siang,27.928,95.3056,1.2,3.0,4.2,12.4,25.9,48,29.1,999.9,LIGHT_RAIN
W000160,2025-04-17 03:36:00,Arunachal Pradesh,Lower Subansiri,27.4687,93.8823,1.5,6.5,9.9,22.3,16.1,48,39.7,855.4,LIGHT_RAIN
W000161,2025-04-17 06:00:00,Assam,Kamrup Metropolitan,26.2944,91.7879,3.0,11.5,13.9,28.5,34.3,64,29.1,1010.4,LIGHT_RAIN
W000162,2025-04-17 08:24:00,Assam,Kamrup Rural,26.0876,91.5677,0.6,1.4,1.8,5.7,29.1,77,35.8,1007.9,LIGHT_RAIN
W000163,2025-04-17 10:48:00,Assam,Darrang,26.4776,92.0714,2.9,5.6,9.1,19.1,22.1,62,20.4,1007.9,LIGHT_RAIN
W000164,2025-04-17 13:12:00,Assam,Sonitpur,26.6063,92.7389,1.1,6.1,8.8,22.1,34.2,60,19.3,1010.2,LIGHT_RAIN
W000165,2025-04-17 15:36:00,Assam,Dibrugarh,27.5309,94.8485,2.0,4.8,6.7,20.1,34.5,56,36.8,996.7,LIGHT_RAIN
W000166,2025-04-17 18:00:00,Assam,Cachar,24.6943,92.6553,1.3,2.5,4.3,9.8,31.2,57,40.8,1011.2,LIGHT_RAIN
W000167,2025-04-17 20:24:00,Assam,Nagaon,26.3165,92.6884,2.1,6.4,9.2,29.2,23.3,49,24.7,1011.2,LIGHT_RAIN
W000168,2025-04-17 22:48:00,Meghalaya,East Khasi Hills,25.5528,91.7996,0.4,1.8,2.8,9.4,22.8,60,33.8,868.6,LIGHT_RAIN
W000169,2025-04-18 01:12:00,Meghalaya,West Khasi Hills,25.4926,91.1255,1.7,5.0,10.7,31.5,32.8,70,27.9,890.3,LIGHT_RAIN
W000170,2025-04-18 03:36:00,Meghalaya,Ri-Bhoi,25.8814,91.9395,2.6,6.6,10.1,22.1,28.0,53,32.9,963.7,LIGHT_RAIN
W000171,2025-04-18 06:00:00,Meghalaya,West Jaintia Hills,25.5398,92.2629,3.6,6.5,11.3,35.8,25.7,66,34.5,884.9,LIGHT_RAIN
W000172,2025-04-18 08:24:00,Sikkim,East Sikkim,27.2169,88.7542,0.9,5.2,6.9,18.6,16.5,71,18.7,846.0,LIGHT_RAIN
W000173,2025-04-18 10:48:00,Sikkim,North Sikkim,27.5443,88.4462,0.3,0.4,0.9,2.8,11.3,50,33.7,767.3,CLEAR
W000174,2025-04-18 13:12:00,Sikkim,South Sikkim,27.102,88.4504,0.2,0.5,1.0,3.3,29.2,71,20.1,885.8,CLEAR
W000175,2025-04-18 15:36:00,Nagaland,Kohima,25.6402,94.2352,1.2,4.8,6.8,21.7,29.7,50,20.0,871.6,LIGHT_RAIN
W000176,2025-04-18 18:00:00,Nagaland,Dimapur,25.7777,93.8093,0.5,1.9,2.7,5.4,32.3,63,19.7,989.3,LIGHT_RAIN
W000177,2025-04-18 20:24:00,Nagaland,Mokokchung,26.3273,94.6162,1.1,5.7,7.6,15.5,33.6,61,17.2,886.2,LIGHT_RAIN
W000178,2025-04-18 22:48:00,Manipur,Imphal West,24.841,93.9848,2.4,6.7,11.2,31.4,23.5,59,30.0,931.4,LIGHT_RAIN
W000179,2025-04-19 01:12:00,Manipur,Bishnupur,24.5859,93.7801,1.4,6.5,11.5,32.0,33.6,72,32.4,936.9,LIGHT_RAIN
W000180,2025-04-19 03:36:00,Manipur,Senapati,25.3709,94.1542,0.9,3.0,4.5,15.2,34.9,55,39.4,893.6,LIGHT_RAIN
W000181,2025-04-19 06:00:00,Mizoram,Aizawl,23.8098,92.5807,1.5,4.8,10.0,27.1,30.9,65,21.4,899.0,LIGHT_RAIN
W000182,2025-04-19 08:24:00,Mizoram,Kolasib,24.1844,92.8265,0.8,1.7,2.2,5.0,26.8,72,26.9,949.4,LIGHT_RAIN
W000183,2025-04-19 10:48:00,Mizoram,Lunglei,22.8786,92.6011,1.8,8.0,9.6,28.9,30.6,64,8.4,912.8,LIGHT_RAIN
W000184,2025-04-19 13:12:00,Tripura,West Tripura,23.7116,91.3903,0.9,4.0,5.5,11.2,33.7,56,22.9,1011.2,LIGHT_RAIN
W000185,2025-04-19 15:36:00,Tripura,Sipahijala,23.7017,91.285,2.7,6.2,8.4,20.3,27.4,54,39.7,1007.8,LIGHT_RAIN
W000186,2025-04-19 18:00:00,Tripura,Dhalai,23.9345,91.7795,1.9,4.7,8.5,16.4,33.8,75,33.9,997.6,LIGHT_RAIN
W000187,2025-04-19 20:24:00,Arunachal Pradesh,Tawang,27.6916,91.9651,2.7,7.7,11.8,39.5,12.9,77,9.4,724.2,LIGHT_RAIN
W000188,2025-04-19 22:48:00,Arunachal Pradesh,West Kameng,27.3025,92.5321,0.8,1.7,2.4,6.7,13.6,64,32.6,797.4,LIGHT_RAIN
W000189,2025-04-20 01:12:00,Arunachal Pradesh,Papum Pare,26.9709,93.6559,3.1,5.5,9.7,21.7,23.2,68,39.0,976.3,LIGHT_RAIN
W000190,2025-04-20 03:36:00,Arunachal Pradesh,East Siang,27.9431,95.4695,2.4,5.5,11.4,30.8,29.2,64,19.7,994.4,LIGHT_RAIN
W000191,2025-04-20 06:00:00,Arunachal Pradesh,Lower Subansiri,27.5331,93.8882,2.0,8.0,11.2,23.2,14.0,48,41.8,854.9,LIGHT_RAIN
W000192,2025-04-20 08:24:00,Assam,Kamrup Metropolitan,26.0113,91.6937,3.1,5.7,11.2,21.6,24.9,75,31.1,1008.3,LIGHT_RAIN
W000193,2025-04-20 10:48:00,Assam,Kamrup Rural,26.2048,91.6498,2.3,4.0,6.7,15.5,28.2,68,34.9,1011.2,LIGHT_RAIN
W000194,2025-04-20 13:12:00,Assam,Darrang,26.4168,92.0859,3.3,8.7,12.1,25.5,30.3,53,23.1,1007.8,LIGHT_RAIN
W000195,2025-04-20 15:36:00,Assam,Sonitpur,26.6221,92.7188,0.2,0.4,0.9,2.5,26.4,55,17.3,1008.3,CLEAR
W000196,2025-04-20 18:00:00,Assam,Dibrugarh,27.4624,94.8483,2.8,7.4,12.3,30.9,33.3,53,19.1,1001.7,LIGHT_RAIN
W000197,2025-04-20 20:24:00,Assam,Cachar,24.787,92.8052,2.2,4.8,10.6,23.8,22.2,70,10.5,1008.7,LIGHT_RAIN
W000198,2025-04-20 22:48:00,Assam,Nagaon,26.3323,92.6246,0.9,4.5,7.5,23.4,33.8,48,38.8,1008.0,LIGHT_RAIN
W000199,2025-04-21 01:12:00,Meghalaya,East Khasi Hills,25.5432,91.851,0.9,5.9,7.2,14.2,25.1,59,16.1,869.4,LIGHT_RAIN
W000200,2025-04-21 03:36:00,Meghalaya,West Khasi Hills,25.6534,91.3075,2.4,5.8,11.6,31.3,30.3,67,22.6,890.2,LIGHT_RAIN
W000201,2025-04-21 06:00:00,Meghalaya,Ri-Bhoi,25.9835,92.0221,3.1,8.0,11.7,22.4,24.8,49,12.0,953.8,LIGHT_RAIN
W000202,2025-04-21 08:24:00,Meghalaya,West Jaintia Hills,25.5712,92.1359,0.7,1.3,2.3,4.5,26.7,48,16.9,878.7,LIGHT_RAIN
W000203,2025-04-21 10:48:00,Sikkim,East Sikkim,27.2546,88.5135,0.4,1.8,2.2,6.7,13.0,68,20.5,854.2,LIGHT_RAIN
W000204,2025-04-21 13:12:00,Sikkim,North Sikkim,27.5478,88.6515,3.0,9.4,12.0,40.2,7.0,66,26.1,771.1,LIGHT_RAIN
W000205,2025-04-21 15:36:00,Sikkim,South Sikkim,27.0318,88.4366,0.2,0.4,0.6,2.0,34.3,76,30.5,891.3,CLEAR
W000206,2025-04-21 18:00:00,Nagaland,Kohima,25.5521,94.0471,0.7,2.5,3.6,12.0,22.6,56,26.9,868.7,LIGHT_RAIN
W000207,2025-04-21 20:24:00,Nagaland,Dimapur,25.9928,93.8404,2.4,6.9,8.5,19.0,23.2,64,29.4,995.5,LIGHT_RAIN
W000208,2025-04-21 22:48:00,Nagaland,Mokokchung,26.4241,94.4471,0.4,1.0,1.7,4.8,28.9,56,36.5,879.4,LIGHT_RAIN
W000209,2025-04-22 01:12:00,Manipur,Imphal West,24.7555,94.0479,0.8,3.3,4.0,8.5,24.2,71,20.6,932.2,LIGHT_RAIN
W000210,2025-04-22 03:36:00,Manipur,Bishnupur,24.5246,93.9045,0.5,0.8,1.7,5.0,26.9,55,35.6,932.8,LIGHT_RAIN
W000211,2025-04-22 06:00:00,Manipur,Senapati,25.2292,94.1137,0.3,0.7,1.4,3.8,22.4,48,23.3,889.6,LIGHT_RAIN
W000212,2025-04-22 08:24:00,Mizoram,Aizawl,23.5813,92.7286,2.6,7.3,9.0,22.6,23.7,58,41.8,902.7,LIGHT_RAIN
W000213,2025-04-22 10:48:00,Mizoram,Kolasib,24.1486,92.6443,1.0,2.5,5.1,17.0,30.9,50,15.8,951.4,LIGHT_RAIN
W000214,2025-04-22 13:12:00,Mizoram,Lunglei,22.8001,92.5975,3.4,6.3,10.2,31.8,26.1,49,25.9,908.0,LIGHT_RAIN
W000215,2025-04-22 15:36:00,Tripura,West Tripura,23.8645,91.3311,1.6,4.2,8.0,18.8,24.7,65,18.5,1007.7,LIGHT_RAIN
W000216,2025-04-22 18:00:00,Tripura,Sipahijala,23.5757,91.2845,1.1,4.8,7.9,18.1,31.7,54,31.1,1011.2,LIGHT_RAIN
W000217,2025-04-22 20:24:00,Tripura,Dhalai,23.9988,91.7348,1.5,3.7,4.5,12.5,26.2,61,27.5,1002.4,LIGHT_RAIN
W000218,2025-04-22 22:48:00,Arunachal Pradesh,Tawang,27.5722,91.9105,3.0,8.5,10.3,29.4,12.6,61,33.3,725.6,LIGHT_RAIN
W000219,2025-04-23 01:12:00,Arunachal Pradesh,West Kameng,27.2907,92.4839,1.2,2.9,4.2,10.7,11.0,51,16.0,792.4,LIGHT_RAIN
W000220,2025-04-23 03:36:00,Arunachal Pradesh,Papum Pare,27.0972,93.589,3.5,8.0,12.3,34.9,29.3,59,40.5,984.3,LIGHT_RAIN
W000221,2025-04-23 06:00:00,Arunachal Pradesh,East Siang,28.049,95.4612,1.2,4.0,5.2,17.5,34.9,68,36.8,993.2,LIGHT_RAIN
W000222,2025-04-23 08:24:00,Arunachal Pradesh,Lower Subansiri,27.5102,93.9505,1.6,6.2,11.2,35.7,32.5,51,14.3,858.2,LIGHT_RAIN
W000223,2025-04-23 10:48:00,Assam,Kamrup Metropolitan,26.0514,91.6228,0.1,0.2,0.4,0.9,33.1,52,32.0,1003.1,CLEAR
W000224,2025-04-23 13:12:00,Assam,Kamrup Rural,26.0986,91.6038,1.7,7.1,9.8,21.7,35.0,60,16.8,1011.2,LIGHT_RAIN
W000225,2025-04-23 15:36:00,Assam,Darrang,26.5986,92.1171,0.6,1.3,2.6,5.9,24.1,59,35.3,1011.2,LIGHT_RAIN
W000226,2025-04-23 18:00:00,Assam,Sonitpur,26.5459,92.7074,2.8,10.7,13.5,38.9,25.4,61,39.2,1000.6,LIGHT_RAIN
W000227,2025-04-23 20:24:00,Assam,Dibrugarh,27.5594,94.9408,2.5,4.7,8.7,23.5,26.4,52,12.6,1005.1,LIGHT_RAIN
W000228,2025-04-23 22:48:00,Assam,Cachar,24.7223,92.7041,1.2,4.7,9.6,28.2,22.0,60,14.4,1011.2,LIGHT_RAIN
W000229,2025-04-24 01:12:00,Assam,Nagaon,26.2347,92.6415,1.7,6.0,10.7,22.5,34.5,62,10.4,1003.0,LIGHT_RAIN
W000230,2025-04-24 03:36:00,Meghalaya,East Khasi Hills,25.4811,91.759,1.3,5.7,8.3,25.7,28.3,72,37.3,863.8,LIGHT_RAIN
W000231,2025-04-24 06:00:00,Meghalaya,West Khasi Hills,25.3791,91.2445,0.8,2.7,4.6,14.9,22.7,75,19.0,889.1,LIGHT_RAIN
W000232,2025-04-24 08:24:00,Meghalaya,Ri-Bhoi,25.9012,92.0136,2.1,3.8,8.0,21.8,24.9,48,32.4,964.7,LIGHT_RAIN
W000233,2025-04-24 10:48:00,Meghalaya,West Jaintia Hills,25.4977,92.1405,1.0,3.0,5.5,16.0,24.4,70,41.8,880.7,LIGHT_RAIN
W000234,2025-04-24 13:12:00,Sikkim,East Sikkim,27.3326,88.577,1.6,5.1,10.1,26.0,11.9,54,10.6,848.9,LIGHT_RAIN
W000235,2025-04-24 15:36:00,Sikkim,North Sikkim,27.4831,88.6698,2.9,10.4,12.4,41.3,11.1,56,24.3,775.0,LIGHT_RAIN
W000236,2025-04-24 18:00:00,Sikkim,South Sikkim,27.1025,88.3899,2.9,6.9,13.0,31.7,25.1,71,19.4,884.8,LIGHT_RAIN
W000237,2025-04-24 20:24:00,Nagaland,Kohima,25.7043,94.0471,1.2,3.4,4.4,9.3,25.7,69,9.3,871.7,LIGHT_RAIN
W000238,2025-04-24 22:48:00,Nagaland,Dimapur,25.9673,93.8333,1.9,4.9,6.6,13.8,28.4,48,30.0,991.8,LIGHT_RAIN
W000239,2025-04-25 01:12:00,Nagaland,Mokokchung,26.4346,94.499,1.8,3.6,6.1,13.1,27.9,52,27.4,878.6,LIGHT_RAIN
W000240,2025-04-25 03:36:00,Manipur,Imphal West,24.803,93.9116,0.0,0.0,0.0,0.0,22.5,69,14.5,941.0,CLEAR
W000241,2025-04-25 06:00:00,Manipur,Bishnupur,24.5589,93.9006,2.5,5.0,7.1,21.9,34.3,74,35.0,935.1,LIGHT_RAIN
W000242,2025-04-25 08:24:00,Manipur,Senapati,25.3595,93.888,3.8,7.5,13.2,33.9,26.1,62,27.9,895.4,LIGHT_RAIN
W000243,2025-04-25 10:48:00,Mizoram,Aizawl,23.6161,92.5856,0.5,1.2,1.5,4.4,29.4,62,27.5,901.4,LIGHT_RAIN
W000244,2025-04-25 13:12:00,Mizoram,Kolasib,24.1932,92.7921,1.4,6.4,7.6,23.4,25.3,75,25.2,947.5,LIGHT_RAIN
W000245,2025-04-25 15:36:00,Mizoram,Lunglei,22.9463,92.8805,0.1,0.4,0.5,1.6,22.2,56,31.9,911.7,CLEAR
W000246,2025-04-25 18:00:00,Tripura,West Tripura,23.8337,91.1832,1.4,5.7,9.3,29.8,25.9,51,33.3,1009.7,LIGHT_RAIN
W000247,2025-04-25 20:24:00,Tripura,Sipahijala,23.7386,91.2723,2.4,8.2,13.7,28.7,24.0,64,31.9,1006.4,LIGHT_RAIN
W000248,2025-04-25 22:48:00,Tripura,Dhalai,23.8287,91.8683,3.8,5.9,12.3,39.4,23.4,66,27.1,995.8,LIGHT_RAIN
W000249,2025-04-26 01:12:00,Arunachal Pradesh,Tawang,27.6289,91.7173,0.8,2.1,4.8,9.6,14.4,61,31.8,723.3,LIGHT_RAIN
W000250,2025-04-26 03:36:00,Arunachal Pradesh,West Kameng,27.1232,92.3479,2.0,10.5,12.9,40.3,17.7,69,18.3,794.0,LIGHT_RAIN
W000251,2025-04-26 06:00:00,Arunachal Pradesh,Papum Pare,26.9522,93.7276,1.1,5.6,7.0,20.0,26.4,69,33.4,980.7,LIGHT_RAIN
W000252,2025-04-26 08:24:00,Arunachal Pradesh,East Siang,28.1383,95.4675,1.3,6.4,9.7,25.7,23.8,76,15.0,1002.8,LIGHT_RAIN
W000253,2025-04-26 10:48:00,Arunachal Pradesh,Lower Subansiri,27.5259,93.7823,1.8,4.7,7.4,17.7,29.1,73,10.3,861.6,LIGHT_RAIN
W000254,2025-04-26 13:12:00,Assam,Kamrup Metropolitan,26.2769,91.7651,1.5,3.5,7.3,21.9,31.1,55,29.8,1002.6,LIGHT_RAIN
W000255,2025-04-26 15:36:00,Assam,Kamrup Rural,26.2204,91.6142,1.3,4.7,5.6,15.7,34.6,77,21.3,1010.1,LIGHT_RAIN
W000256,2025-04-26 18:00:00,Assam,Darrang,26.4841,92.0053,2.1,6.6,10.5,26.9,25.5,71,21.2,1011.2,LIGHT_RAIN
W000257,2025-04-26 20:24:00,Assam,Sonitpur,26.6128,92.7276,3.0,10.4,12.4,39.5,33.2,61,14.8,1003.0,LIGHT_RAIN
W000258,2025-04-26 22:48:00,Assam,Dibrugarh,27.4153,94.8282,1.5,7.5,11.3,31.2,23.8,50,21.6,1001.0,LIGHT_RAIN
W000259,2025-04-27 01:12:00,Assam,Cachar,24.9669,92.8591,0.0,0.1,0.1,0.2,27.8,63,40.3,1007.1,CLEAR
W000260,2025-04-27 03:36:00,Assam,Nagaon,26.1975,92.7581,1.3,3.1,4.6,11.5,26.3,70,38.2,1010.7,LIGHT_RAIN
W000261,2025-04-27 06:00:00,Meghalaya,East Khasi Hills,25.4978,91.9109,1.7,2.6,4.9,12.8,25.6,48,21.1,864.7,LIGHT_RAIN
W000262,2025-04-27 08:24:00,Meghalaya,West Khasi Hills,25.6185,91.1227,1.5,4.8,6.2,19.3,33.1,56,10.0,893.4,LIGHT_RAIN
W000263,2025-04-27 10:48:00,Meghalaya,Ri-Bhoi,25.8439,91.8588,0.2,0.6,1.0,2.1,24.3,55,18.3,960.2,CLEAR
W000264,2025-04-27 13:12:00,Meghalaya,West Jaintia Hills,25.3346,92.0563,0.2,0.7,1.0,3.3,22.1,72,36.3,884.7,CLEAR
W000265,2025-04-27 15:36:00,Sikkim,East Sikkim,27.3269,88.6634,0.6,1.9,2.8,7.1,12.4,55,18.8,852.9,LIGHT_RAIN
W000266,2025-04-27 18:00:00,Sikkim,North Sikkim,27.423,88.5767,0.9,3.1,6.6,12.7,9.3,53,38.0,772.4,LIGHT_RAIN
W000267,2025-04-27 20:24:00,Sikkim,South Sikkim,27.2437,88.2665,1.4,2.1,4.2,9.3,30.4,49,9.5,882.0,LIGHT_RAIN
W000268,2025-04-27 22:48:00,Nagaland,Kohima,25.5593,94.1116,2.8,6.5,9.7,29.1,24.9,77,34.4,866.7,LIGHT_RAIN
W000269,2025-04-28 01:12:00,Nagaland,Dimapur,26.0443,93.7711,0.5,2.2,3.9,10.8,29.6,60,10.3,998.2,LIGHT_RAIN
W000270,2025-04-28 03:36:00,Nagaland,Mokokchung,26.2342,94.5507,2.2,6.8,8.5,27.9,33.6,74,12.6,880.2,LIGHT_RAIN
W000271,2025-04-28 06:00:00,Manipur,Imphal West,24.9524,93.9752,1.3,2.6,3.8,7.8,26.7,66,25.9,936.4,LIGHT_RAIN
W000272,2025-04-28 08:24:00,Manipur,Bishnupur,24.6171,93.8917,1.4,2.7,4.2,10.2,32.0,70,24.7,936.6,LIGHT_RAIN
W000273,2025-04-28 10:48:00,Manipur,Senapati,25.207,94.1513,4.8,6.3,13.8,32.9,30.3,76,27.5,892.7,LIGHT_RAIN
W000274,2025-04-28 13:12:00,Mizoram,Aizawl,23.7098,92.6584,3.1,6.5,9.5,27.0,29.1,52,41.4,904.9,LIGHT_RAIN
W000275,2025-04-28 15:36:00,Mizoram,Kolasib,24.0923,92.6685,0.0,0.0,0.0,0.0,33.3,73,35.2,958.9,CLEAR
W000276,2025-04-28 18:00:00,Mizoram,Lunglei,22.753,92.8493,2.7,9.0,13.6,45.7,23.8,63,28.8,908.4,LIGHT_RAIN
W000277,2025-04-28 20:24:00,Tripura,West Tripura,23.7968,91.3109,2.8,9.6,12.2,26.0,25.0,64,23.0,1005.8,LIGHT_RAIN
W000278,2025-04-28 22:48:00,Tripura,Sipahijala,23.7577,91.3335,1.2,4.0,6.4,15.6,26.7,76,30.3,1011.2,LIGHT_RAIN
W000279,2025-04-29 01:12:00,Tripura,Dhalai,23.7453,91.7186,0.3,0.7,0.9,3.1,30.9,69,14.8,1004.1,CLEAR
W000280,2025-04-29 03:36:00,Arunachal Pradesh,Tawang,27.7308,91.7347,2.1,3.5,7.0,19.7,15.5,63,21.5,726.8,LIGHT_RAIN
W000281,2025-04-29 06:00:00,Arunachal Pradesh,West Kameng,27.2458,92.3977,2.4,3.5,7.2,18.2,9.3,70,13.7,797.0,LIGHT_RAIN
W000282,2025-04-29 08:24:00,Arunachal Pradesh,Papum Pare,27.2258,93.5828,1.6,8.8,12.5,37.3,26.9,66,17.5,978.0,LIGHT_RAIN
W000283,2025-04-29 10:48:00,Arunachal Pradesh,East Siang,28.1528,95.3702,2.0,3.6,6.4,17.1,23.3,77,14.5,1003.1,LIGHT_RAIN
W000284,2025-04-29 13:12:00,Arunachal Pradesh,Lower Subansiri,27.516,93.7556,0.0,0.0,0.0,0.0,17.6,75,10.9,855.5,CLEAR
W000285,2025-04-29 15:36:00,Assam,Kamrup Metropolitan,26.2565,91.6862,0.4,1.1,1.3,4.0,23.2,64,13.1,1006.4,LIGHT_RAIN
W000286,2025-04-29 18:00:00,Assam,Kamrup Rural,26.1281,91.6088,3.5,8.5,10.9,34.1,29.3,60,26.7,1005.2,LIGHT_RAIN
W000287,2025-04-29 20:24:00,Assam,Darrang,26.5834,91.9739,3.9,9.6,11.7,26.4,28.0,52,30.2,1009.3,LIGHT_RAIN
W000288,2025-04-29 22:48:00,Assam,Sonitpur,26.5221,92.8534,0.4,1.4,1.7,3.3,24.0,53,24.0,1002.2,LIGHT_RAIN
W000289,2025-04-30 01:12:00,Assam,Dibrugarh,27.3508,94.9631,1.5,8.5,11.6,35.9,34.7,57,17.3,1002.1,LIGHT_RAIN
W000290,2025-04-30 03:36:00,Assam,Cachar,24.7374,92.6932,2.7,7.9,11.2,22.2,33.6,56,23.8,1007.0,LIGHT_RAIN
W000291,2025-04-30 06:00:00,Assam,Nagaon,26.2365,92.5571,1.2,3.5,6.3,17.9,27.8,62,18.7,1002.2,LIGHT_RAIN
W000292,2025-04-30 08:24:00,Meghalaya,East Khasi Hills,25.5907,91.9649,1.1,6.5,8.3,26.5,29.0,68,36.7,866.5,LIGHT_RAIN
W000293,2025-04-30 10:48:00,Meghalaya,West Khasi Hills,25.5899,91.1493,2.4,5.0,10.5,29.1,26.2,66,27.0,888.9,LIGHT_RAIN
W000294,2025-04-30 13:12:00,Meghalaya,Ri-Bhoi,25.9579,91.9174,1.0,2.9,4.2,12.5,27.1,60,26.7,953.9,LIGHT_RAIN
W000295,2025-04-30 15:36:00,Meghalaya,West Jaintia Hills,25.4233,92.2529,1.7,4.4,7.1,15.7,22.3,52,8.6,885.8,LIGHT_RAIN
W000296,2025-04-30 18:00:00,Sikkim,East Sikkim,27.4146,88.6916,0.9,3.7,6.7,16.7,7.8,51,29.5,854.5,LIGHT_RAIN
W000297,2025-04-30 20:24:00,Sikkim,North Sikkim,27.5926,88.5407,1.2,7.4,9.4,28.3,12.8,72,11.4,768.6,LIGHT_RAIN
W000298,2025-04-30 22:48:00,Sikkim,South Sikkim,27.1911,88.3322,3.5,8.7,13.0,37.2,33.0,71,11.3,882.1,LIGHT_RAIN
W000299,2025-05-01 01:12:00,Nagaland,Kohima,25.6833,94.2485,3.3,4.9,10.7,33.6,22.1,60,32.3,867.8,LIGHT_RAIN
W000300,2025-05-01 03:36:00,Nagaland,Dimapur,26.0187,93.5932,3.1,9.5,11.9,23.5,29.6,54,34.5,994.0,LIGHT_RAIN
W000301,2025-05-01 06:00:00,Nagaland,Mokokchung,26.2058,94.6238,1.3,5.5,8.3,26.9,24.9,75,25.4,879.1,LIGHT_RAIN
W000302,2025-05-01 08:24:00,Manipur,Imphal West,24.7151,93.9216,2.9,7.4,13.0,42.3,34.0,55,18.8,935.8,LIGHT_RAIN
W000303,2025-05-01 10:48:00,Manipur,Bishnupur,24.7663,93.6811,1.2,3.9,5.9,14.9,28.7,69,15.7,938.0,LIGHT_RAIN
W000304,2025-05-01 13:12:00,Manipur,Senapati,25.2345,93.9789,2.7,9.9,13.6,26.1,28.3,55,11.5,892.0,LIGHT_RAIN
W000305,2025-05-01 15:36:00,Mizoram,Aizawl,23.6896,92.5761,0.7,1.9,2.4,5.3,26.2,58,9.5,896.7,LIGHT_RAIN
W000306,2025-05-01 18:00:00,Mizoram,Kolasib,24.1706,92.5738,2.3,8.5,11.8,23.0,23.7,50,24.3,958.9,LIGHT_RAIN
W000307,2025-05-01 20:24:00,Mizoram,Lunglei,22.9388,92.6316,2.7,4.6,8.4,19.4,32.7,55,18.6,910.3,LIGHT_RAIN
W000308,2025-05-01 22:48:00,Tripura,West Tripura,23.9533,91.1425,3.3,6.8,13.7,27.6,22.8,74,40.3,1011.2,LIGHT_RAIN
W000309,2025-05-02 01:12:00,Tripura,Sipahijala,23.7032,91.3203,2.6,6.8,9.1,30.1,34.7,71,36.9,1011.2,LIGHT_RAIN
W000310,2025-05-02 03:36:00,Tripura,Dhalai,23.7366,91.7715,0.7,1.7,2.8,6.7,31.8,72,34.4,997.4,LIGHT_RAIN
W000311,2025-05-02 06:00:00,Arunachal Pradesh,Tawang,27.4694,91.9809,2.5,5.8,8.4,21.5,16.5,66,26.3,727.4,LIGHT_RAIN
W000312,2025-05-02 08:24:00,Arunachal Pradesh,West Kameng,27.287,92.4815,1.9,8.6,12.2,28.7,15.4,56,22.5,799.9,LIGHT_RAIN
W000313,2025-05-02 10:48:00,Arunachal Pradesh,Papum Pare,27.0226,93.5916,0.9,2.6,4.1,12.8,22.3,70,15.9,979.4,LIGHT_RAIN
W000314,2025-05-02 13:12:00,Arunachal Pradesh,East Siang,28.0242,95.462,3.1,6.7,10.8,25.4,22.3,60,39.9,997.1,LIGHT_RAIN
W000315,2025-05-02 15:36:00,Arunachal Pradesh,Lower Subansiri,27.5662,93.7971,2.0,6.5,8.6,22.9,24.7,51,27.8,860.3,LIGHT_RAIN
W000316,2025-05-02 18:00:00,Assam,Kamrup Metropolitan,26.1065,91.8104,1.6,5.7,7.0,19.6,31.1,52,22.9,1009.3,LIGHT_RAIN
W000317,2025-05-02 20:24:00,Assam,Kamrup Rural,26.2549,91.6005,0.3,1.0,1.5,4.5,31.2,52,36.2,1003.8,LIGHT_RAIN
W000318,2025-05-02 22:48:00,Assam,Darrang,26.342,91.9867,0.9,3.4,4.6,10.8,24.1,72,15.7,1009.8,LIGHT_RAIN
W000319,2025-05-03 01:12:00,Assam,Sonitpur,26.7175,92.782,0.9,3.6,4.2,10.3,29.1,66,16.6,1002.7,LIGHT_RAIN
W000320,2025-05-03 03:36:00,Assam,Dibrugarh,27.3633,94.9768,0.8,2.1,3.5,11.6,33.8,56,35.0,996.7,LIGHT_RAIN
W000321,2025-05-03 06:00:00,Assam,Cachar,24.6964,92.6887,3.4,7.2,11.9,35.6,26.5,66,20.1,1011.2,LIGHT_RAIN
W000322,2025-05-03 08:24:00,Assam,Nagaon,26.3147,92.7786,0.6,2.8,4.0,9.2,34.1,75,11.9,1006.9,LIGHT_RAIN
W000323,2025-05-03 10:48:00,Meghalaya,East Khasi Hills,25.4861,91.8504,0.1,0.4,0.9,1.9,24.2,63,11.2,863.4,CLEAR
W000324,2025-05-03 13:12:00,Meghalaya,West Khasi Hills,25.442,91.3498,1.1,6.2,7.9,18.4,35.0,54,33.9,888.2,LIGHT_RAIN
W000325,2025-05-03 15:36:00,Meghalaya,Ri-Bhoi,26.0184,91.846,3.2,7.1,11.7,37.8,31.2,55,27.1,962.9,LIGHT_RAIN
W000326,2025-05-03 18:00:00,Meghalaya,West Jaintia Hills,25.5773,92.2058,3.0,5.5,9.7,29.1,23.7,72,37.2,878.7,LIGHT_RAIN
W000327,2025-05-03 20:24:00,Sikkim,East Sikkim,27.3181,88.755,1.4,5.3,7.5,17.0,8.8,76,35.6,855.1,LIGHT_RAIN
W000328,2025-05-03 22:48:00,Sikkim,North Sikkim,27.374,88.5983,1.9,3.5,5.9,19.5,6.8,69,27.9,775.2,LIGHT_RAIN
W000329,2025-05-04 01:12:00,Sikkim,South Sikkim,27.07,88.3332,1.6,6.7,9.9,21.6,26.9,61,28.4,886.1,LIGHT_RAIN
W000330,2025-05-04 03:36:00,Nagaland,Kohima,25.6309,94.258,1.1,3.3,5.3,10.7,23.8,57,21.4,874.5,LIGHT_RAIN
W000331,2025-05-04 06:00:00,Nagaland,Dimapur,25.774,93.7789,0.5,2.8,3.4,6.6,32.3,73,12.5,995.0,LIGHT_RAIN
W000332,2025-05-04 08:24:00,Nagaland,Mokokchung,26.3788,94.6558,1.7,6.8,9.8,26.6,22.9,77,32.7,888.0,LIGHT_RAIN
W000333,2025-05-04 10:48:00,Manipur,Imphal West,24.7985,93.8247,3.4,11.0,13.6,35.8,30.0,48,24.1,939.2,LIGHT_RAIN
W000334,2025-05-04 13:12:00,Manipur,Bishnupur,24.5973,93.7847,0.9,3.2,6.3,14.8,32.6,51,18.0,936.1,LIGHT_RAIN
W000335,2025-05-04 15:36:00,Manipur,Senapati,25.2213,93.9932,1.5,6.6,8.6,20.9,28.0,73,38.9,895.7,LIGHT_RAIN
W000336,2025-05-04 18:00:00,Mizoram,Aizawl,23.6965,92.7625,1.2,4.8,6.1,15.0,22.7,64,16.4,905.3,LIGHT_RAIN
W000337,2025-05-04 20:24:00,Mizoram,Kolasib,24.1258,92.6853,2.2,5.0,10.5,29.2,31.8,70,29.9,947.9,LIGHT_RAIN
W000338,2025-05-04 22:48:00,Mizoram,Lunglei,22.8081,92.7239,3.3,7.4,12.5,38.0,30.3,62,22.9,911.5,LIGHT_RAIN
W000339,2025-05-05 01:12:00,Tripura,West Tripura,23.8289,91.1736,2.1,5.8,11.9,33.5,22.3,75,40.9,1005.0,LIGHT_RAIN
W000340,2025-05-05 03:36:00,Tripura,Sipahijala,23.699,91.4612,3.2,5.8,12.9,28.0,32.4,58,32.8,1005.9,LIGHT_RAIN
W000341,2025-05-05 06:00:00,Tripura,Dhalai,23.7959,91.8042,4.3,10.5,13.7,31.6,25.8,68,37.8,1004.6,LIGHT_RAIN
W000342,2025-05-05 08:24:00,Arunachal Pradesh,Tawang,27.5261,91.7567,0.9,3.7,5.6,15.1,13.1,57,33.7,726.1,LIGHT_RAIN
W000343,2025-05-05 10:48:00,Arunachal Pradesh,West Kameng,27.3526,92.4185,1.8,11.0,13.4,31.0,14.9,68,20.7,802.0,LIGHT_RAIN
W000344,2025-05-05 13:12:00,Arunachal Pradesh,Papum Pare,27.0214,93.6148,1.7,3.6,6.8,16.6,23.5,68,28.0,983.2,LIGHT_RAIN
W000345,2025-05-05 15:36:00,Arunachal Pradesh,East Siang,28.1571,95.3415,1.7,5.7,7.4,16.4,23.7,68,17.8,996.2,LIGHT_RAIN
W000346,2025-05-05 18:00:00,Arunachal Pradesh,Lower Subansiri,27.5194,93.8951,1.5,5.1,8.2,23.6,27.5,63,9.8,860.2,LIGHT_RAIN
W000347,2025-05-05 20:24:00,Assam,Kamrup Metropolitan,26.2415,91.6083,1.5,3.5,7.4,15.2,31.1,62,16.3,1009.8,LIGHT_RAIN
W000348,2025-05-05 22:48:00,Assam,Kamrup Rural,26.239,91.5154,1.1,2.5,4.4,14.6,25.3,60,26.2,1002.4,LIGHT_RAIN
W000349,2025-05-06 01:12:00,Assam,Darrang,26.4783,92.1113,0.3,1.8,2.4,6.3,29.1,64,11.3,1011.2,LIGHT_RAIN
W000350,2025-05-06 03:36:00,Assam,Sonitpur,26.5004,92.6798,1.8,5.7,8.6,21.8,23.7,70,36.5,1009.6,LIGHT_RAIN
W000351,2025-05-06 06:00:00,Assam,Dibrugarh,27.6032,94.8296,1.4,4.5,5.7,12.1,27.6,65,14.7,996.7,LIGHT_RAIN
W000352,2025-05-06 08:24:00,Assam,Cachar,24.707,92.6878,3.7,7.8,12.9,29.6,31.2,53,21.7,1009.8,LIGHT_RAIN
W000353,2025-05-06 10:48:00,Assam,Nagaon,26.3795,92.562,0.1,0.4,0.7,1.9,33.4,77,31.5,1004.8,CLEAR
W000354,2025-05-06 13:12:00,Meghalaya,East Khasi Hills,25.4751,91.9409,1.3,3.4,4.7,15.4,23.8,56,11.2,864.0,LIGHT_RAIN
W000355,2025-05-06 15:36:00,Meghalaya,West Khasi Hills,25.6372,91.1224,0.6,2.5,4.0,10.5,23.3,50,18.9,882.9,LIGHT_RAIN
W000356,2025-05-06 18:00:00,Meghalaya,Ri-Bhoi,25.9424,91.903,1.3,4.0,8.2,26.2,27.5,55,36.9,957.0,LIGHT_RAIN
W000357,2025-05-06 20:24:00,Meghalaya,West Jaintia Hills,25.4854,92.0591,1.1,5.8,7.3,16.9,22.4,57,37.5,877.7,LIGHT_RAIN
W000358,2025-05-06 22:48:00,Sikkim,East Sikkim,27.4759,88.6014,1.3,4.3,8.2,20.2,8.1,48,40.7,847.3,LIGHT_RAIN
W000359,2025-05-07 01:12:00,Sikkim,North Sikkim,27.4861,88.6066,3.0,8.2,10.3,21.3,8.9,64,15.1,777.0,LIGHT_RAIN
W000360,2025-05-07 03:36:00,Sikkim,South Sikkim,27.0812,88.382,1.3,5.7,8.1,19.8,28.7,76,12.0,887.8,LIGHT_RAIN
W000361,2025-05-07 06:00:00,Nagaland,Kohima,25.8215,94.0622,0.5,2.1,3.0,7.2,33.2,68,19.3,873.0,LIGHT_RAIN
W000362,2025-05-07 08:24:00,Nagaland,Dimapur,25.9253,93.6732,0.5,1.8,3.0,9.2,25.9,61,35.0,994.2,LIGHT_RAIN
W000363,2025-05-07 10:48:00,Nagaland,Mokokchung,26.2173,94.3852,0.6,1.5,2.4,5.3,24.3,49,35.5,884.9,LIGHT_RAIN
W000364,2025-05-07 13:12:00,Manipur,Imphal West,24.9558,94.0575,2.4,10.0,13.3,38.0,28.2,75,35.9,932.0,LIGHT_RAIN
W000365,2025-05-07 15:36:00,Manipur,Bishnupur,24.5762,93.8434,1.0,2.7,3.9,9.5,30.1,72,20.1,937.4,LIGHT_RAIN
W000366,2025-05-07 18:00:00,Manipur,Senapati,25.3737,94.0092,1.7,8.5,11.7,39.7,34.8,60,35.7,895.5,LIGHT_RAIN
W000367,2025-05-07 20:24:00,Mizoram,Aizawl,23.8671,92.6321,1.1,5.1,7.9,25.6,34.5,59,16.4,903.9,LIGHT_RAIN
W000368,2025-05-07 22:48:00,Mizoram,Kolasib,24.2493,92.7829,1.2,7.3,9.0,22.7,23.4,62,41.7,950.9,LIGHT_RAIN
W000369,2025-05-08 01:12:00,Mizoram,Lunglei,22.9842,92.7193,0.7,2.1,3.1,7.6,25.8,61,41.7,908.1,LIGHT_RAIN
W000370,2025-05-08 03:36:00,Tripura,West Tripura,23.8025,91.1504,1.1,2.4,3.8,9.0,25.0,54,27.7,1011.2,LIGHT_RAIN
W000371,2025-05-08 06:00:00,Tripura,Sipahijala,23.651,91.1841,3.2,4.8,9.7,27.7,32.0,64,19.5,1009.7,LIGHT_RAIN
W000372,2025-05-08 08:24:00,Tripura,Dhalai,23.9476,91.887,0.7,2.8,3.5,10.4,34.9,62,28.1,997.7,LIGHT_RAIN
W000373,2025-05-08 10:48:00,Arunachal Pradesh,Tawang,27.5543,91.9479,0.8,2.0,4.2,12.0,16.4,68,22.2,730.7,LIGHT_RAIN
W000374,2025-05-08 13:12:00,Arunachal Pradesh,West Kameng,27.1578,92.4466,0.7,2.3,2.8,6.7,8.9,67,22.0,798.5,LIGHT_RAIN
W000375,2025-05-08 15:36:00,Arunachal Pradesh,Papum Pare,26.9915,93.5665,1.3,2.5,4.6,12.7,27.4,51,32.8,981.8,LIGHT_RAIN
W000376,2025-05-08 18:00:00,Arunachal Pradesh,East Siang,28.1839,95.2179,0.5,1.4,2.1,4.7,29.9,74,26.6,992.2,LIGHT_RAIN
W000377,2025-05-08 20:24:00,Arunachal Pradesh,Lower Subansiri,27.6972,93.9018,2.0,5.4,9.2,20.6,34.3,50,21.4,862.5,LIGHT_RAIN
W000378,2025-05-08 22:48:00,Assam,Kamrup Metropolitan,26.1474,91.7332,3.0,8.0,10.9,22.2,25.2,62,15.1,1006.6,LIGHT_RAIN
W000379,2025-05-09 01:12:00,Assam,Kamrup Rural,26.1455,91.6141,0.2,1.3,1.8,5.5,32.1,76,17.3,1008.2,LIGHT_RAIN
W000380,2025-05-09 03:36:00,Assam,Darrang,26.5196,92.0874,2.6,7.2,8.6,28.0,22.2,74,21.1,1011.2,LIGHT_RAIN
W000381,2025-05-09 06:00:00,Assam,Sonitpur,26.6805,92.9342,0.6,1.9,3.9,8.1,25.7,71,28.1,1004.2,LIGHT_RAIN
W000382,2025-05-09 08:24:00,Assam,Dibrugarh,27.4979,94.8132,1.2,2.5,4.2,10.0,25.6,52,27.7,1000.7,LIGHT_RAIN
W000383,2025-05-09 10:48:00,Assam,Cachar,24.7974,92.8754,1.8,9.2,11.6,27.2,31.8,54,35.7,1011.2,LIGHT_RAIN
W000384,2025-05-09 13:12:00,Assam,Nagaon,26.2282,92.5397,1.9,6.3,8.4,23.3,32.5,66,18.2,1008.9,LIGHT_RAIN
W000385,2025-05-09 15:36:00,Meghalaya,East Khasi Hills,25.49,91.8938,0.9,1.7,3.0,9.5,23.0,68,14.2,865.4,LIGHT_RAIN
W000386,2025-05-09 18:00:00,Meghalaya,West Khasi Hills,25.5808,91.1287,1.9,4.3,5.8,16.0,23.1,60,41.6,892.0,LIGHT_RAIN
W000387,2025-05-09 20:24:00,Meghalaya,Ri-Bhoi,26.0494,91.8735,0.1,0.2,0.4,0.9,24.9,51,11.6,960.5,CLEAR
W000388,2025-05-09 22:48:00,Meghalaya,West Jaintia Hills,25.5736,92.1527,0.9,4.2,5.5,15.2,23.5,71,16.4,884.3,LIGHT_RAIN
W000389,2025-05-10 01:12:00,Sikkim,East Sikkim,27.3931,88.6976,2.4,3.9,8.4,25.5,8.7,54,41.1,854.1,LIGHT_RAIN
W000390,2025-05-10 03:36:00,Sikkim,North Sikkim,27.424,88.5674,1.0,1.9,3.0,7.9,15.7,76,17.3,776.2,LIGHT_RAIN
W000391,2025-05-10 06:00:00,Sikkim,South Sikkim,27.2514,88.4115,2.1,8.7,11.1,30.2,31.0,50,10.1,883.1,LIGHT_RAIN
W000392,2025-05-10 08:24:00,Nagaland,Kohima,25.6297,94.2387,0.2,0.7,1.0,2.0,34.9,75,11.1,868.1,CLEAR
W000393,2025-05-10 10:48:00,Nagaland,Dimapur,25.9288,93.7405,1.9,3.8,5.6,16.6,30.6,50,8.8,988.8,LIGHT_RAIN
W000394,2025-05-10 13:12:00,Nagaland,Mokokchung,26.4614,94.6114,3.2,9.7,11.9,38.6,22.5,63,36.2,886.1,LIGHT_RAIN
W000395,2025-05-10 15:36:00,Manipur,Imphal West,24.6907,94.064,1.3,2.9,5.8,19.0,35.0,70,10.5,934.0,LIGHT_RAIN
W000396,2025-05-10 18:00:00,Manipur,Bishnupur,24.543,93.7761,1.1,4.9,8.7,18.1,33.0,54,25.1,932.0,LIGHT_RAIN
W000397,2025-05-10 20:24:00,Manipur,Senapati,25.1428,94.0823,2.0,7.0,10.4,33.6,35.0,54,14.7,893.6,LIGHT_RAIN
W000398,2025-05-10 22:48:00,Mizoram,Aizawl,23.7364,92.759,1.7,4.0,6.0,17.4,28.3,76,28.1,907.8,LIGHT_RAIN
W000399,2025-05-11 01:12:00,Mizoram,Kolasib,24.2117,92.7344,0.7,1.4,2.9,6.9,28.2,73,38.0,957.6,LIGHT_RAIN
W000400,2025-05-11 03:36:00,Mizoram,Lunglei,23.0087,92.7121,1.6,8.9,11.1,34.1,23.3,68,39.5,907.5,LIGHT_RAIN
W000401,2025-05-11 06:00:00,Tripura,West Tripura,23.8767,91.3636,4.0,6.5,11.4,29.6,33.3,52,39.7,1011.2,LIGHT_RAIN
W000402,2025-05-11 08:24:00,Tripura,Sipahijala,23.7574,91.1888,2.1,4.4,7.8,16.2,32.9,61,29.5,1008.8,LIGHT_RAIN
W000403,2025-05-11 10:48:00,Tripura,Dhalai,23.9551,91.7112,1.5,3.7,4.4,8.9,34.1,54,22.8,993.9,LIGHT_RAIN
W000404,2025-05-11 13:12:00,Arunachal Pradesh,Tawang,27.4888,91.9853,2.4,7.2,11.9,38.0,8.7,50,26.8,724.4,LIGHT_RAIN
W000405,2025-05-11 15:36:00,Arunachal Pradesh,West Kameng,27.3955,92.5545,1.7,9.5,13.5,31.8,17.7,67,20.9,791.9,LIGHT_RAIN
W000406,2025-05-11 18:00:00,Arunachal Pradesh,Papum Pare,27.0399,93.6474,3.8,5.7,11.0,31.5,23.5,56,9.6,976.2,LIGHT_RAIN
W000407,2025-05-11 20:24:00,Arunachal Pradesh,East Siang,28.2127,95.339,1.4,5.8,9.9,23.7,27.3,67,40.8,997.7,LIGHT_RAIN
W000408,2025-05-11 22:48:00,Arunachal Pradesh,Lower Subansiri,27.5513,93.7619,0.4,1.7,2.6,8.1,10.4,77,14.0,856.1,LIGHT_RAIN
W000409,2025-05-12 01:12:00,Assam,Kamrup Metropolitan,26.1322,91.6634,2.7,7.4,9.2,17.5,30.2,56,32.5,1011.2,LIGHT_RAIN
W000410,2025-05-12 03:36:00,Assam,Kamrup Rural,26.1235,91.6143,0.3,0.6,0.9,2.5,30.0,63,39.1,1011.0,CLEAR
W000411,2025-05-12 06:00:00,Assam,Darrang,26.5711,92.1291,1.1,2.8,5.0,13.8,34.3,54,10.0,1007.6,LIGHT_RAIN
W000412,2025-05-12 08:24:00,Assam,Sonitpur,26.5124,92.9371,1.3,3.6,5.2,15.6,27.6,58,30.6,1005.5,LIGHT_RAIN
W000413,2025-05-12 10:48:00,Assam,Dibrugarh,27.401,94.8327,1.1,4.3,5.6,13.1,23.9,77,23.2,999.1,LIGHT_RAIN
W000414,2025-05-12 13:12:00,Assam,Cachar,24.858,92.8008,2.3,6.1,10.1,21.2,30.5,60,8.9,1011.2,LIGHT_RAIN
W000415,2025-05-12 15:36:00,Assam,Nagaon,26.2138,92.5695,0.7,2.5,5.4,10.6,25.8,77,39.3,1009.0,LIGHT_RAIN
W000416,2025-05-12 18:00:00,Meghalaya,East Khasi Hills,25.7057,92.0096,0.3,1.3,1.6,3.9,30.4,76,37.3,863.5,LIGHT_RAIN
W000417,2025-05-12 20:24:00,Meghalaya,West Khasi Hills,25.6348,91.1985,1.1,2.4,3.6,11.0,23.3,48,40.9,886.0,LIGHT_RAIN
W000418,2025-05-12 22:48:00,Meghalaya,Ri-Bhoi,25.8935,91.8665,2.9,9.2,13.7,27.2,25.5,77,33.8,957.6,LIGHT_RAIN
W000419,2025-05-13 01:12:00,Meghalaya,West Jaintia Hills,25.5738,92.2772,1.7,3.1,6.8,17.1,24.5,69,12.1,878.7,LIGHT_RAIN
W000420,2025-05-13 03:36:00,Sikkim,East Sikkim,27.2631,88.6829,3.3,6.2,12.2,25.8,8.2,53,13.3,846.5,LIGHT_RAIN
W000421,2025-05-13 06:00:00,Sikkim,North Sikkim,27.5085,88.5085,0.0,0.1,0.2,0.4,8.7,77,28.1,767.5,CLEAR
W000422,2025-05-13 08:24:00,Sikkim,South Sikkim,27.1843,88.3516,0.5,2.0,4.2,12.6,29.2,61,35.3,884.5,LIGHT_RAIN
W000423,2025-05-13 10:48:00,Nagaland,Kohima,25.7814,94.0912,1.0,1.6,3.2,6.6,25.2,68,36.1,869.4,LIGHT_RAIN
W000424,2025-05-13 13:12:00,Nagaland,Dimapur,25.7841,93.7306,2.5,7.6,13.2,40.5,27.8,52,34.0,989.9,LIGHT_RAIN
W000425,2025-05-13 15:36:00,Nagaland,Mokokchung,26.2996,94.5392,1.1,5.8,7.4,22.8,27.7,51,31.8,882.8,LIGHT_RAIN
W000426,2025-05-13 18:00:00,Manipur,Imphal West,24.884,93.9056,3.2,6.3,9.3,18.2,31.9,63,9.0,932.0,LIGHT_RAIN
W000427,2025-05-13 20:24:00,Manipur,Bishnupur,24.5043,93.7416,1.6,6.2,13.0,42.2,23.3,56,37.5,934.9,LIGHT_RAIN
W000428,2025-05-13 22:48:00,Manipur,Senapati,25.3904,93.8807,2.3,6.4,13.2,31.7,31.9,71,25.4,884.9,LIGHT_RAIN
W000429,2025-05-14 01:12:00,Mizoram,Aizawl,23.6311,92.6082,4.2,7.0,12.7,33.1,27.3,61,32.9,900.3,LIGHT_RAIN
W000430,2025-05-14 03:36:00,Mizoram,Kolasib,24.1961,92.8279,2.2,4.6,8.8,25.2,30.8,75,15.6,954.6,LIGHT_RAIN
W000431,2025-05-14 06:00:00,Mizoram,Lunglei,22.8432,92.6141,1.6,3.5,5.4,17.7,30.4,77,30.9,910.9,LIGHT_RAIN
W000432,2025-05-14 08:24:00,Tripura,West Tripura,23.9396,91.1724,0.8,2.4,3.2,9.3,23.3,72,29.1,1009.0,LIGHT_RAIN
W000433,2025-05-14 10:48:00,Tripura,Sipahijala,23.7786,91.4124,2.8,10.4,12.7,41.3,32.7,60,27.6,1006.5,LIGHT_RAIN
W000434,2025-05-14 13:12:00,Tripura,Dhalai,23.902,91.8633,0.9,2.6,4.5,10.9,28.4,59,27.5,998.7,LIGHT_RAIN
W000435,2025-05-14 15:36:00,Arunachal Pradesh,Tawang,27.5743,91.7559,1.2,7.4,9.8,21.4,16.8,48,22.2,732.5,LIGHT_RAIN
W000436,2025-05-14 18:00:00,Arunachal Pradesh,West Kameng,27.1484,92.5087,3.4,6.3,13.5,31.7,16.8,63,35.2,798.3,LIGHT_RAIN
W000437,2025-05-14 20:24:00,Arunachal Pradesh,Papum Pare,27.2171,93.5388,1.2,4.5,6.0,14.9,27.5,55,23.4,986.9,LIGHT_RAIN
W000438,2025-05-14 22:48:00,Arunachal Pradesh,East Siang,28.0953,95.387,0.9,1.8,3.8,9.5,23.9,60,39.5,1003.3,LIGHT_RAIN
W000439,2025-05-15 01:12:00,Arunachal Pradesh,Lower Subansiri,27.5317,93.8419,1.5,3.3,5.9,19.2,22.8,58,29.6,856.8,LIGHT_RAIN
W000440,2025-05-15 03:36:00,Assam,Kamrup Metropolitan,26.1457,91.673,1.2,5.3,7.2,20.3,24.1,66,21.5,1003.5,LIGHT_RAIN
W000441,2025-05-15 06:00:00,Assam,Kamrup Rural,26.2082,91.6438,0.9,3.0,3.8,12.1,24.3,72,35.6,1003.2,LIGHT_RAIN
W000442,2025-05-15 08:24:00,Assam,Darrang,26.345,92.0791,2.0,4.1,7.4,15.6,25.3,54,25.4,1011.2,LIGHT_RAIN
W000443,2025-05-15 10:48:00,Assam,Sonitpur,26.6508,92.8201,2.0,6.8,10.7,22.4,23.4,57,16.4,1002.2,LIGHT_RAIN
W000444,2025-05-15 13:12:00,Assam,Dibrugarh,27.451,94.9107,3.2,7.1,12.2,29.4,28.0,73,27.9,1004.2,LIGHT_RAIN
W000445,2025-05-15 15:36:00,Assam,Cachar,24.919,92.7245,0.1,0.3,0.4,1.2,22.2,56,20.5,1011.2,CLEAR
W000446,2025-05-15 18:00:00,Assam,Nagaon,26.2504,92.6954,0.3,0.5,0.9,2.6,30.1,58,28.4,1009.9,CLEAR
W000447,2025-05-15 20:24:00,Meghalaya,East Khasi Hills,25.6411,91.985,1.7,4.0,5.0,11.9,29.0,72,25.9,861.6,LIGHT_RAIN
W000448,2025-05-15 22:48:00,Meghalaya,West Khasi Hills,25.485,91.269,0.6,2.6,3.2,6.8,27.7,53,38.0,888.8,LIGHT_RAIN
W000449,2025-05-16 01:12:00,Meghalaya,Ri-Bhoi,25.944,92.0067,1.2,4.4,8.6,22.6,34.4,66,36.2,954.6,LIGHT_RAIN
W000450,2025-05-16 03:36:00,Meghalaya,West Jaintia Hills,25.5488,92.0655,0.1,0.2,0.4,1.3,24.3,51,31.3,884.0,CLEAR
W000451,2025-05-16 06:00:00,Sikkim,East Sikkim,27.451,88.5129,2.7,5.0,8.3,18.4,16.4,73,21.5,847.9,LIGHT_RAIN
W000452,2025-05-16 08:24:00,Sikkim,North Sikkim,27.4151,88.4627,4.3,10.4,13.8,46.3,7.9,54,13.3,767.6,LIGHT_RAIN
W000453,2025-05-16 10:48:00,Sikkim,South Sikkim,27.0246,88.4811,0.2,0.5,0.6,1.5,24.4,49,11.2,882.5,CLEAR
W000454,2025-05-16 13:12:00,Nagaland,Kohima,25.6688,94.0314,1.2,4.5,8.2,18.6,26.9,54,28.5,870.4,LIGHT_RAIN
W000455,2025-05-16 15:36:00,Nagaland,Dimapur,25.8286,93.674,0.2,0.6,1.2,2.3,31.2,67,22.6,996.4,LIGHT_RAIN
W000456,2025-05-16 18:00:00,Nagaland,Mokokchung,26.2828,94.4485,0.9,3.1,5.3,15.8,30.8,69,10.2,883.4,LIGHT_RAIN
W000457,2025-05-16 20:24:00,Manipur,Imphal West,24.9078,94.0035,2.1,7.1,10.4,19.8,27.8,77,35.6,932.6,LIGHT_RAIN
W000458,2025-05-16 22:48:00,Manipur,Bishnupur,24.5936,93.7387,0.2,1.5,2.0,4.8,32.4,54,33.3,936.6,LIGHT_RAIN
W000459,2025-05-17 01:12:00,Manipur,Senapati,25.1149,94.026,0.2,0.8,1.2,3.1,32.2,71,17.7,889.3,LIGHT_RAIN
W000460,2025-05-17 03:36:00,Mizoram,Aizawl,23.6228,92.6666,1.2,3.0,5.3,12.0,22.2,70,28.9,903.6,LIGHT_RAIN
W000461,2025-05-17 06:00:00,Mizoram,Kolasib,24.2352,92.813,2.7,9.5,13.2,38.9,23.4,50,23.3,955.1,LIGHT_RAIN
W000462,2025-05-17 08:24:00,Mizoram,Lunglei,23.02,92.7825,2.4,5.1,7.0,16.9,26.5,67,30.0,913.0,LIGHT_RAIN
W000463,2025-05-17 10:48:00,Tripura,West Tripura,23.7872,91.1788,1.4,4.9,10.6,29.3,29.2,72,30.0,1008.9,LIGHT_RAIN
W000464,2025-05-17 13:12:00,Tripura,Sipahijala,23.6476,91.3545,0.9,4.8,6.7,20.7,30.1,52,16.4,1011.2,LIGHT_RAIN
W000465,2025-05-17 15:36:00,Tripura,Dhalai,23.7223,91.9454,2.0,6.6,9.5,27.7,27.7,59,36.1,1004.8,LIGHT_RAIN
W000466,2025-05-17 18:00:00,Arunachal Pradesh,Tawang,27.6889,91.7788,1.5,4.9,8.9,18.9,14.4,51,20.1,726.1,LIGHT_RAIN
W000467,2025-05-17 20:24:00,Arunachal Pradesh,West Kameng,27.2513,92.284,0.7,1.3,2.2,6.3,14.8,67,20.5,795.5,LIGHT_RAIN
W000468,2025-05-17 22:48:00,Arunachal Pradesh,Papum Pare,27.0954,93.613,0.7,1.5,3.1,9.8,29.9,53,9.4,987.7,LIGHT_RAIN
W000469,2025-05-18 01:12:00,Arunachal Pradesh,East Siang,27.921,95.3927,2.3,10.3,13.1,40.1,25.2,70,27.2,997.2,LIGHT_RAIN
W000470,2025-05-18 03:36:00,Arunachal Pradesh,Lower Subansiri,27.6439,93.8822,3.1,7.1,9.8,19.7,8.1,61,28.4,856.1,LIGHT_RAIN
W000471,2025-05-18 06:00:00,Assam,Kamrup Metropolitan,26.2699,91.7435,2.8,5.3,8.8,19.5,34.6,70,26.2,1010.8,LIGHT_RAIN
W000472,2025-05-18 08:24:00,Assam,Kamrup Rural,26.2796,91.4922,0.8,2.4,3.6,11.2,28.5,58,10.4,1008.5,LIGHT_RAIN
W000473,2025-05-18 10:48:00,Assam,Darrang,26.4397,91.954,4.5,11.3,13.8,29.1,23.2,71,30.7,1005.3,LIGHT_RAIN
W000474,2025-05-18 13:12:00,Assam,Sonitpur,26.7382,92.8387,0.1,0.3,0.4,1.2,27.1,53,23.1,1000.8,CLEAR
W000475,2025-05-18 15:36:00,Assam,Dibrugarh,27.4444,94.8752,1.9,8.9,11.1,22.1,23.9,53,17.5,1002.6,LIGHT_RAIN
W000476,2025-05-18 18:00:00,Assam,Cachar,24.7347,92.7789,2.3,10.2,13.2,30.0,34.4,58,21.3,1011.2,LIGHT_RAIN
W000477,2025-05-18 20:24:00,Assam,Nagaon,26.4884,92.8262,2.7,8.3,13.0,32.7,28.9,63,28.0,1001.6,LIGHT_RAIN
W000478,2025-05-18 22:48:00,Meghalaya,East Khasi Hills,25.4922,92.0037,0.4,1.7,2.2,5.1,26.8,51,18.4,862.0,LIGHT_RAIN
W000479,2025-05-19 01:12:00,Meghalaya,West Khasi Hills,25.6372,91.3153,1.7,7.3,8.8,24.4,34.6,60,21.0,890.2,LIGHT_RAIN
W000480,2025-05-19 03:36:00,Meghalaya,Ri-Bhoi,25.7599,92.0086,4.1,6.6,13.0,37.8,33.3,70,33.5,961.3,LIGHT_RAIN
W000481,2025-05-19 06:00:00,Meghalaya,West Jaintia Hills,25.3433,92.2962,3.5,6.4,12.3,40.8,31.6,69,28.9,878.5,LIGHT_RAIN
W000482,2025-05-19 08:24:00,Sikkim,East Sikkim,27.2376,88.5286,1.4,5.9,8.2,18.9,8.1,51,11.7,847.0,LIGHT_RAIN
W000483,2025-05-19 10:48:00,Sikkim,North Sikkim,27.5122,88.5152,1.8,3.7,6.1,11.6,8.2,53,38.4,769.8,LIGHT_RAIN
W000484,2025-05-19 13:12:00,Sikkim,South Sikkim,27.2372,88.3502,2.2,4.7,6.5,20.7,30.7,68,17.8,887.4,LIGHT_RAIN
W000485,2025-05-19 15:36:00,Nagaland,Kohima,25.7767,94.0608,1.1,3.3,4.8,15.3,23.8,51,25.7,868.4,LIGHT_RAIN
W000486,2025-05-19 18:00:00,Nagaland,Dimapur,26.0475,93.6754,1.3,4.5,9.8,22.0,29.9,52,17.9,992.0,LIGHT_RAIN
W000487,2025-05-19 20:24:00,Nagaland,Mokokchung,26.3222,94.4767,2.4,6.4,7.8,25.9,32.1,53,29.9,878.0,LIGHT_RAIN
W000488,2025-05-19 22:48:00,Manipur,Imphal West,24.8428,93.9008,3.4,10.1,12.3,36.3,25.5,49,39.4,932.5,LIGHT_RAIN
W000489,2025-05-20 01:12:00,Manipur,Bishnupur,24.6963,93.6391,2.0,4.3,6.8,17.0,27.3,54,12.8,941.8,LIGHT_RAIN
W000490,2025-05-20 03:36:00,Manipur,Senapati,25.1563,93.9769,4.2,8.0,12.1,26.6,23.5,77,38.0,892.1,LIGHT_RAIN
W000491,2025-05-20 06:00:00,Mizoram,Aizawl,23.6696,92.6756,1.5,9.6,11.6,22.9,33.5,68,17.9,905.0,LIGHT_RAIN
W000492,2025-05-20 08:24:00,Mizoram,Kolasib,24.1993,92.6971,1.9,10.0,12.9,39.5,33.3,54,41.8,952.9,LIGHT_RAIN
W000493,2025-05-20 10:48:00,Mizoram,Lunglei,22.8362,92.6179,0.9,2.1,3.0,7.4,34.3,63,39.9,911.7,LIGHT_RAIN
W000494,2025-05-20 13:12:00,Tripura,West Tripura,23.6852,91.2609,2.5,6.3,9.7,29.2,23.1,54,8.3,1005.9,LIGHT_RAIN
W000495,2025-05-20 15:36:00,Tripura,Sipahijala,23.7566,91.4555,1.3,3.3,4.7,10.9,27.7,75,12.5,1008.8,LIGHT_RAIN
W000496,2025-05-20 18:00:00,Tripura,Dhalai,23.7509,91.7807,1.6,4.9,7.9,21.7,32.8,51,14.4,1002.0,LIGHT_RAIN
W000497,2025-05-20 20:24:00,Arunachal Pradesh,Tawang,27.5665,91.8357,0.8,2.9,3.7,12.1,17.2,59,36.0,728.9,LIGHT_RAIN
W000498,2025-05-20 22:48:00,Arunachal Pradesh,West Kameng,27.3978,92.4822,4.4,6.5,13.6,44.2,9.9,51,19.7,797.3,LIGHT_RAIN
W000499,2025-05-21 01:12:00,Arunachal Pradesh,Papum Pare,26.9825,93.558,3.6,10.2,12.6,36.1,29.0,49,40.4,982.8,LIGHT_RAIN
W000500,2025-05-21 03:36:00,Arunachal Pradesh,East Siang,28.1572,95.2749,2.6,7.7,10.3,30.9,25.7,67,10.1,999.8,LIGHT_RAIN
W000501,2025-05-21 06:00:00,Arunachal Pradesh,Lower Subansiri,27.5953,93.8583,0.2,0.5,0.9,2.2,28.6,50,15.3,862.5,CLEAR
W000502,2025-05-21 08:24:00,Assam,Kamrup Metropolitan,26.0548,91.6805,1.1,3.3,4.6,10.6,30.4,62,23.6,1008.8,LIGHT_RAIN
W000503,2025-05-21 10:48:00,Assam,Kamrup Rural,26.2435,91.5593,0.6,2.3,4.9,14.0,23.3,60,39.7,1006.2,LIGHT_RAIN
W000504,2025-05-21 13:12:00,Assam,Darrang,26.3861,92.1168,1.2,3.4,5.3,16.6,29.1,49,40.7,1009.5,LIGHT_RAIN
W000505,2025-05-21 15:36:00,Assam,Sonitpur,26.6615,92.8063,1.3,5.4,8.5,27.8,23.3,74,25.9,1002.9,LIGHT_RAIN
W000506,2025-05-21 18:00:00,Assam,Dibrugarh,27.541,95.0449,2.2,5.0,7.8,16.0,23.2,58,39.5,1005.9,LIGHT_RAIN
W000507,2025-05-21 20:24:00,Assam,Cachar,24.8912,92.8746,1.8,5.0,5.9,12.2,29.4,62,36.3,1006.7,LIGHT_RAIN
W000508,2025-05-21 22:48:00,Assam,Nagaon,26.237,92.6248,1.6,4.5,6.1,13.4,24.6,60,24.2,1009.7,LIGHT_RAIN
W000509,2025-05-22 01:12:00,Meghalaya,East Khasi Hills,25.6655,91.7655,0.1,0.3,0.6,2.0,29.0,59,16.7,865.6,CLEAR
W000510,2025-05-22 03:36:00,Meghalaya,West Khasi Hills,25.512,91.3861,1.2,5.3,9.0,21.5,31.2,64,16.4,885.0,LIGHT_RAIN
W000511,2025-05-22 06:00:00,Meghalaya,Ri-Bhoi,26.0405,91.9405,4.6,9.1,13.3,37.1,31.9,52,13.4,955.1,LIGHT_RAIN
W000512,2025-05-22 08:24:00,Meghalaya,West Jaintia Hills,25.3255,92.2807,0.9,3.6,5.6,17.2,28.3,64,10.3,880.5,LIGHT_RAIN
W000513,2025-05-22 10:48:00,Sikkim,East Sikkim,27.3727,88.6255,1.4,3.8,4.6,11.7,12.1,74,8.1,849.3,LIGHT_RAIN
W000514,2025-05-22 13:12:00,Sikkim,North Sikkim,27.5758,88.6897,2.0,6.3,12.2,32.6,8.9,75,23.7,773.6,LIGHT_RAIN
W000515,2025-05-22 15:36:00,Sikkim,South Sikkim,27.0866,88.4241,1.4,4.6,6.7,20.9,24.9,57,29.7,884.7,LIGHT_RAIN
W000516,2025-05-22 18:00:00,Nagaland,Kohima,25.6588,94.0759,3.2,5.9,11.4,23.8,28.7,76,22.5,868.4,LIGHT_RAIN
W000517,2025-05-22 20:24:00,Nagaland,Dimapur,25.802,93.8768,1.6,9.1,13.6,42.5,34.2,48,39.1,994.0,LIGHT_RAIN
W000518,2025-05-22 22:48:00,Nagaland,Mokokchung,26.4635,94.4048,1.9,9.6,12.9,24.7,27.9,72,26.9,878.0,LIGHT_RAIN
W000519,2025-05-23 01:12:00,Manipur,Imphal West,24.7699,94.0221,1.6,6.4,10.0,26.1,27.9,70,33.7,935.7,LIGHT_RAIN
W000520,2025-05-23 03:36:00,Manipur,Bishnupur,24.6138,93.8235,0.5,1.0,1.7,4.0,31.0,62,25.1,939.7,LIGHT_RAIN
W000521,2025-05-23 06:00:00,Manipur,Senapati,25.3232,93.8668,0.7,3.8,5.5,10.5,33.8,52,9.6,892.4,LIGHT_RAIN
W000522,2025-05-23 08:24:00,Mizoram,Aizawl,23.6264,92.8628,0.6,1.0,2.0,4.7,25.8,54,31.0,905.3,LIGHT_RAIN
W000523,2025-05-23 10:48:00,Mizoram,Kolasib,24.1693,92.6579,0.2,0.5,0.7,2.2,30.6,77,11.2,953.5,CLEAR
W000524,2025-05-23 13:12:00,Mizoram,Lunglei,22.7853,92.7821,2.9,6.4,8.7,22.1,23.6,65,29.5,913.7,LIGHT_RAIN
W000525,2025-05-23 15:36:00,Tripura,West Tripura,23.9464,91.2717,0.3,1.1,1.5,3.6,27.2,71,21.8,1010.4,LIGHT_RAIN
W000526,2025-05-23 18:00:00,Tripura,Sipahijala,23.5467,91.3877,0.1,0.4,0.6,1.6,25.0,56,17.0,1005.9,CLEAR
W000527,2025-05-23 20:24:00,Tripura,Dhalai,23.9399,91.8611,0.1,0.1,0.2,0.7,32.9,76,41.5,1000.9,CLEAR
W000528,2025-05-23 22:48:00,Arunachal Pradesh,Tawang,27.5148,91.9682,1.5,2.8,5.3,13.7,8.8,68,12.3,728.3,LIGHT_RAIN
W000529,2025-05-24 01:12:00,Arunachal Pradesh,West Kameng,27.2311,92.3837,0.2,0.7,1.2,4.1,14.6,61,20.3,802.1,LIGHT_RAIN
W000530,2025-05-24 03:36:00,Arunachal Pradesh,Papum Pare,27.1356,93.7107,1.1,2.5,4.0,12.2,26.3,71,27.9,978.9,LIGHT_RAIN
W000531,2025-05-24 06:00:00,Arunachal Pradesh,East Siang,28.0931,95.3776,0.4,0.5,1.2,3.5,22.6,59,36.2,1000.0,LIGHT_RAIN
W000532,2025-05-24 08:24:00,Arunachal Pradesh,Lower Subansiri,27.4549,93.888,0.3,1.4,2.1,4.4,26.5,65,15.1,859.8,LIGHT_RAIN
W000533,2025-05-24 10:48:00,Assam,Kamrup Metropolitan,26.1669,91.7131,0.8,2.1,3.7,9.6,29.2,73,15.5,1007.6,LIGHT_RAIN
W000534,2025-05-24 13:12:00,Assam,Kamrup Rural,26.2286,91.712,1.0,2.2,4.0,10.6,23.2,53,17.6,1006.4,LIGHT_RAIN
W000535,2025-05-24 15:36:00,Assam,Darrang,26.3581,92.1336,1.4,4.4,5.6,13.9,34.6,69,39.4,1006.2,LIGHT_RAIN
W000536,2025-05-24 18:00:00,Assam,Sonitpur,26.4867,92.6836,2.9,7.8,13.8,43.4,32.6,48,15.1,1001.2,LIGHT_RAIN
W000537,2025-05-24 20:24:00,Assam,Dibrugarh,27.5187,94.8847,4.5,9.6,13.2,41.3,27.3,58,34.5,1002.4,LIGHT_RAIN
W000538,2025-05-24 22:48:00,Assam,Cachar,24.8299,92.6537,0.4,1.2,2.0,6.4,29.7,52,32.5,1011.2,LIGHT_RAIN
W000539,2025-05-25 01:12:00,Assam,Nagaon,26.205,92.6015,1.8,4.4,9.4,18.3,33.4,68,12.8,1009.3,LIGHT_RAIN
W000540,2025-05-25 03:36:00,Meghalaya,East Khasi Hills,25.6516,91.9731,2.1,3.7,7.6,22.0,26.9,48,10.9,866.2,LIGHT_RAIN
W000541,2025-05-25 06:00:00,Meghalaya,West Khasi Hills,25.4404,91.2729,0.1,0.2,0.3,0.9,28.4,51,40.4,889.1,CLEAR
W000542,2025-05-25 08:24:00,Meghalaya,Ri-Bhoi,25.978,91.8624,0.4,2.0,2.8,8.4,34.8,57,22.3,962.5,LIGHT_RAIN
W000543,2025-05-25 10:48:00,Meghalaya,West Jaintia Hills,25.549,92.2754,1.6,6.3,9.2,28.0,33.7,72,11.0,885.0,LIGHT_RAIN
W000544,2025-05-25 13:12:00,Sikkim,East Sikkim,27.2677,88.7152,0.2,0.6,0.8,2.2,13.3,55,26.8,856.3,CLEAR
W000545,2025-05-25 15:36:00,Sikkim,North Sikkim,27.5827,88.4711,2.1,5.6,7.3,17.3,16.0,77,13.9,768.9,LIGHT_RAIN
W000546,2025-05-25 18:00:00,Sikkim,South Sikkim,27.2783,88.3831,3.0,5.3,9.0,29.9,22.8,64,40.1,886.4,LIGHT_RAIN
W000547,2025-05-25 20:24:00,Nagaland,Kohima,25.5871,94.0207,2.8,5.0,10.6,31.9,22.6,55,15.5,877.3,LIGHT_RAIN
W000548,2025-05-25 22:48:00,Nagaland,Dimapur,25.9359,93.628,1.4,3.4,6.2,15.7,24.2,75,8.8,991.2,LIGHT_RAIN
W000549,2025-05-26 01:12:00,Nagaland,Mokokchung,26.4607,94.5243,1.5,9.3,11.0,32.0,27.6,50,37.0,878.5,LIGHT_RAIN
W000550,2025-05-26 03:36:00,Manipur,Imphal West,24.9558,94.0225,3.0,9.2,12.1,39.2,34.8,71,36.8,930.7,LIGHT_RAIN
W000551,2025-05-26 06:00:00,Manipur,Bishnupur,24.6792,93.8249,4.0,6.6,12.2,41.4,33.2,50,41.3,942.1,LIGHT_RAIN
W000552,2025-05-26 08:24:00,Manipur,Senapati,25.3585,94.0884,3.2,6.9,9.5,28.6,22.1,66,24.9,888.2,LIGHT_RAIN
W000553,2025-05-26 10:48:00,Mizoram,Aizawl,23.7668,92.7559,0.6,1.8,2.8,9.4,23.2,65,12.2,903.6,LIGHT_RAIN
W000554,2025-05-26 13:12:00,Mizoram,Kolasib,24.334,92.5579,1.2,3.0,4.3,11.2,27.3,73,30.0,952.9,LIGHT_RAIN
W000555,2025-05-26 15:36:00,Mizoram,Lunglei,22.9932,92.7264,1.5,8.2,10.6,26.9,31.0,50,24.8,913.0,LIGHT_RAIN
W000556,2025-05-26 18:00:00,Tripura,West Tripura,23.9137,91.3566,1.8,4.0,5.6,15.2,34.5,60,16.0,1006.5,LIGHT_RAIN
W000557,2025-05-26 20:24:00,Tripura,Sipahijala,23.6942,91.417,2.5,5.5,7.6,14.7,31.5,59,34.4,1006.0,LIGHT_RAIN
W000558,2025-05-26 22:48:00,Tripura,Dhalai,23.8289,91.7636,2.0,5.5,9.0,25.1,24.4,60,23.1,1002.0,LIGHT_RAIN
W000559,2025-05-27 01:12:00,Arunachal Pradesh,Tawang,27.6003,91.7486,2.8,7.9,11.6,34.0,11.6,59,40.3,724.2,LIGHT_RAIN
W000560,2025-05-27 03:36:00,Arunachal Pradesh,West Kameng,27.3193,92.2804,2.7,7.3,13.9,45.5,13.4,74,26.3,802.3,LIGHT_RAIN
W000561,2025-05-27 06:00:00,Arunachal Pradesh,Papum Pare,26.9553,93.7454,1.9,5.8,8.5,19.2,26.1,64,12.6,985.8,LIGHT_RAIN
W000562,2025-05-27 08:24:00,Arunachal Pradesh,East Siang,28.2034,95.2367,1.1,3.0,4.8,12.2,34.7,73,20.9,995.3,LIGHT_RAIN
W000563,2025-05-27 10:48:00,Arunachal Pradesh,Lower Subansiri,27.4906,93.9423,0.1,0.3,0.3,0.7,15.0,48,9.0,855.2,CLEAR
W000564,2025-05-27 13:12:00,Assam,Kamrup Metropolitan,26.0696,91.6978,0.3,0.8,1.0,2.1,27.7,74,34.5,1002.4,CLEAR
W000565,2025-05-27 15:36:00,Assam,Kamrup Rural,26.2227,91.6298,1.1,2.4,4.6,9.2,32.7,65,40.3,1004.0,LIGHT_RAIN
W000566,2025-05-27 18:00:00,Assam,Darrang,26.5131,91.8813,1.0,3.8,4.9,13.2,27.7,67,36.6,1008.0,LIGHT_RAIN
W000567,2025-05-27 20:24:00,Assam,Sonitpur,26.6396,92.7761,0.9,2.0,4.3,12.4,32.1,48,28.5,1011.2,LIGHT_RAIN
W000568,2025-05-27 22:48:00,Assam,Dibrugarh,27.6192,94.8887,0.9,2.6,3.7,9.9,27.8,73,24.7,1006.9,LIGHT_RAIN
W000569,2025-05-28 01:12:00,Assam,Cachar,24.7101,92.8707,3.1,6.3,9.0,25.8,32.1,65,8.6,1011.2,LIGHT_RAIN
W000570,2025-05-28 03:36:00,Assam,Nagaon,26.2363,92.766,0.5,0.8,1.4,2.7,30.4,59,29.3,1003.4,LIGHT_RAIN
W000571,2025-05-28 06:00:00,Meghalaya,East Khasi Hills,25.6319,91.7638,1.1,5.2,6.9,13.3,30.6,66,13.1,866.0,LIGHT_RAIN
W000572,2025-05-28 08:24:00,Meghalaya,West Khasi Hills,25.492,91.3267,0.4,1.3,2.5,7.0,32.7,67,8.5,885.8,LIGHT_RAIN
W000573,2025-05-28 10:48:00,Meghalaya,Ri-Bhoi,25.9348,91.8627,0.3,1.8,2.4,6.4,24.5,76,35.6,962.5,LIGHT_RAIN
W000574,2025-05-28 13:12:00,Meghalaya,West Jaintia Hills,25.5257,92.2269,3.6,7.8,11.0,27.9,25.4,72,23.3,883.9,LIGHT_RAIN
W000575,2025-05-28 15:36:00,Sikkim,East Sikkim,27.4262,88.5308,1.1,2.5,3.3,7.7,6.8,72,24.8,849.3,LIGHT_RAIN
W000576,2025-05-28 18:00:00,Sikkim,North Sikkim,27.53,88.5823,1.5,7.7,10.9,25.2,11.0,67,28.3,769.3,LIGHT_RAIN
W000577,2025-05-28 20:24:00,Sikkim,South Sikkim,27.2741,88.4627,3.5,10.3,12.6,28.8,31.4,64,24.8,889.1,LIGHT_RAIN
W000578,2025-05-28 22:48:00,Nagaland,Kohima,25.7495,94.0473,0.8,1.6,2.9,7.1,25.3,69,17.5,877.4,LIGHT_RAIN
W000579,2025-05-29 01:12:00,Nagaland,Dimapur,25.8286,93.6933,3.0,7.7,9.2,26.6,27.4,75,25.5,997.0,LIGHT_RAIN
W000580,2025-05-29 03:36:00,Nagaland,Mokokchung,26.3335,94.6633,3.0,6.1,9.3,28.6,29.3,73,30.5,885.2,LIGHT_RAIN
W000581,2025-05-29 06:00:00,Manipur,Imphal West,24.9252,93.9573,3.5,10.7,13.0,37.0,33.1,72,15.3,937.6,LIGHT_RAIN
W000582,2025-05-29 08:24:00,Manipur,Bishnupur,24.6237,93.9107,4.3,9.0,13.7,31.0,22.4,67,23.7,942.7,LIGHT_RAIN
W000583,2025-05-29 10:48:00,Manipur,Senapati,25.1887,93.8719,1.2,4.2,5.1,16.6,25.8,52,38.0,895.9,LIGHT_RAIN
W000584,2025-05-29 13:12:00,Mizoram,Aizawl,23.663,92.7814,1.7,3.9,5.7,16.4,30.4,57,37.6,898.7,LIGHT_RAIN
W000585,2025-05-29 15:36:00,Mizoram,Kolasib,24.0947,92.691,3.6,7.4,10.2,32.6,22.4,48,32.6,951.7,LIGHT_RAIN
W000586,2025-05-29 18:00:00,Mizoram,Lunglei,22.7537,92.8663,1.3,2.5,4.3,12.8,29.7,63,21.6,909.0,LIGHT_RAIN
W000587,2025-05-29 20:24:00,Tripura,West Tripura,23.8574,91.3658,0.7,1.1,2.3,5.0,24.2,77,28.5,1007.5,LIGHT_RAIN
W000588,2025-05-29 22:48:00,Tripura,Sipahijala,23.6946,91.381,0.4,1.7,2.7,6.1,31.6,75,36.7,1005.4,LIGHT_RAIN
W000589,2025-05-30 01:12:00,Tripura,Dhalai,23.9774,91.7348,1.5,6.3,8.3,20.1,30.2,68,16.2,997.7,LIGHT_RAIN
W000590,2025-05-30 03:36:00,Arunachal Pradesh,Tawang,27.6586,91.9316,1.7,6.5,13.0,35.6,10.5,58,31.0,733.4,LIGHT_RAIN
W000591,2025-05-30 06:00:00,Arunachal Pradesh,West Kameng,27.1179,92.4148,2.6,5.5,9.6,23.2,14.1,76,11.2,799.2,LIGHT_RAIN
W000592,2025-05-30 08:24:00,Arunachal Pradesh,Papum Pare,27.1666,93.5167,0.5,1.4,2.9,9.5,29.8,71,31.3,986.2,LIGHT_RAIN
W000593,2025-05-30 10:48:00,Arunachal Pradesh,East Siang,28.1359,95.2114,3.0,7.2,9.6,27.2,32.8,57,10.7,992.6,LIGHT_RAIN
W000594,2025-05-30 13:12:00,Arunachal Pradesh,Lower Subansiri,27.4816,93.6992,3.3,5.0,10.1,22.8,26.6,48,41.8,857.3,LIGHT_RAIN
W000595,2025-05-30 15:36:00,Assam,Kamrup Metropolitan,26.1433,91.7394,0.5,1.9,2.3,7.2,23.9,61,31.0,1011.2,LIGHT_RAIN
W000596,2025-05-30 18:00:00,Assam,Kamrup Rural,26.1453,91.4885,3.9,7.5,12.7,37.3,28.8,62,26.0,1011.2,LIGHT_RAIN
W000597,2025-05-30 20:24:00,Assam,Darrang,26.3366,92.1032,2.1,4.6,7.8,18.8,23.0,66,22.7,1011.2,LIGHT_RAIN
W000598,2025-05-30 22:48:00,Assam,Sonitpur,26.5572,92.7841,0.1,0.5,0.6,1.2,25.0,50,24.2,1006.6,CLEAR
W000599,2025-05-31 01:12:00,Assam,Dibrugarh,27.6109,94.7726,2.4,9.9,12.6,29.8,30.9,68,31.8,998.5,LIGHT_RAIN
W000600,2025-05-31 03:36:00,Assam,Cachar,24.8091,92.7254,2.8,8.3,12.9,35.0,23.4,61,16.4,1011.2,LIGHT_RAIN
W000601,2025-05-31 06:00:00,Assam,Nagaon,26.443,92.7055,0.5,2.8,3.5,11.1,30.7,72,20.7,1011.2,LIGHT_RAIN
W000602,2025-05-31 08:24:00,Meghalaya,East Khasi Hills,25.4826,91.9846,1.7,4.7,5.9,12.7,27.5,74,13.9,872.6,LIGHT_RAIN
W000603,2025-05-31 10:48:00,Meghalaya,West Khasi Hills,25.4995,91.1947,1.4,3.9,5.9,15.7,32.2,61,13.4,883.1,LIGHT_RAIN
W000604,2025-05-31 13:12:00,Meghalaya,Ri-Bhoi,25.887,91.8407,2.8,5.1,8.2,18.5,29.8,60,8.7,961.6,LIGHT_RAIN
W000605,2025-05-31 15:36:00,Meghalaya,West Jaintia Hills,25.4868,92.1892,3.9,8.1,11.8,39.2,27.7,62,10.0,881.4,LIGHT_RAIN
W000606,2025-05-31 18:00:00,Sikkim,East Sikkim,27.4217,88.6762,1.3,3.5,4.7,14.7,12.7,75,12.3,850.6,LIGHT_RAIN
W000607,2025-05-31 20:24:00,Sikkim,North Sikkim,27.3519,88.523,2.7,5.9,9.5,27.7,7.6,53,33.9,776.1,LIGHT_RAIN
W000608,2025-05-31 22:48:00,Sikkim,South Sikkim,27.228,88.2029,0.7,3.0,3.9,12.8,28.9,49,25.1,887.6,LIGHT_RAIN
W000609,2025-06-01 01:12:00,Nagaland,Kohima,25.7798,94.1768,20.4,82.0,144.8,308.2,23.9,93,16.2,876.7,TORRENTIAL_RAIN
W000610,2025-06-01 03:36:00,Nagaland,Dimapur,25.8827,93.8659,9.2,50.7,70.2,191.6,32.2,88,16.4,998.2,HEAVY_RAIN
W000611,2025-06-01 06:00:00,Nagaland,Mokokchung,26.4514,94.6392,9.7,28.7,47.9,118.2,24.4,93,11.7,883.3,MODERATE_RAIN
W000612,2025-06-01 08:24:00,Manipur,Imphal West,24.8045,94.0112,19.1,56.0,74.7,212.4,24.5,86,36.9,934.9,HEAVY_RAIN
W000613,2025-06-01 10:48:00,Manipur,Bishnupur,24.7284,93.6369,10.8,35.9,57.4,162.0,24.9,96,38.1,936.6,HEAVY_RAIN
W000614,2025-06-01 13:12:00,Manipur,Senapati,25.1492,93.9475,38.8,87.7,122.6,340.6,28.3,94,11.6,886.0,HEAVY_RAIN
W000615,2025-06-01 15:36:00,Mizoram,Aizawl,23.7873,92.7882,4.9,22.0,32.1,106.7,34.2,93,21.3,904.4,MODERATE_RAIN
W000616,2025-06-01 18:00:00,Mizoram,Kolasib,24.3531,92.5708,26.9,64.5,135.6,349.6,33.1,92,36.6,949.7,HEAVY_RAIN
W000617,2025-06-01 20:24:00,Mizoram,Lunglei,22.7793,92.7298,12.8,36.7,49.1,147.1,28.4,96,13.3,914.0,MODERATE_RAIN
W000618,2025-06-01 22:48:00,Tripura,West Tripura,23.9126,91.2724,10.7,26.3,43.2,140.4,32.2,91,31.1,1009.9,MODERATE_RAIN
W000619,2025-06-02 01:12:00,Tripura,Sipahijala,23.5323,91.3678,20.5,67.4,88.7,216.3,29.3,94,24.6,1005.7,HEAVY_RAIN
W000620,2025-06-02 03:36:00,Tripura,Dhalai,23.7645,91.957,16.8,70.9,89.7,270.1,32.9,86,37.4,1003.6,HEAVY_RAIN
W000621,2025-06-02 06:00:00,Arunachal Pradesh,Tawang,27.5428,91.8634,9.0,23.0,48.9,152.2,8.5,86,30.0,726.5,MODERATE_RAIN
W000622,2025-06-02 08:24:00,Arunachal Pradesh,West Kameng,27.1667,92.5515,40.6,114.1,169.3,462.6,6.9,87,40.0,792.8,TORRENTIAL_RAIN
W000623,2025-06-02 10:48:00,Arunachal Pradesh,Papum Pare,27.0254,93.6052,48.7,78.2,151.0,358.5,27.2,95,9.6,977.7,CLOUD_BURST
W000624,2025-06-02 13:12:00,Arunachal Pradesh,East Siang,27.9345,95.4103,20.0,69.3,152.8,469.3,32.3,88,31.3,1001.1,TORRENTIAL_RAIN
W000625,2025-06-02 15:36:00,Arunachal Pradesh,Lower Subansiri,27.5117,93.8691,23.9,83.7,119.6,323.5,31.4,88,22.4,858.2,HEAVY_RAIN
W000626,2025-06-02 18:00:00,Assam,Kamrup Metropolitan,26.2697,91.6087,12.8,79.1,98.2,308.9,30.6,91,10.4,1011.2,HEAVY_RAIN
W000627,2025-06-02 20:24:00,Assam,Kamrup Rural,26.2778,91.4396,28.4,80.8,147.6,342.6,22.8,92,13.4,1002.8,TORRENTIAL_RAIN
W000628,2025-06-02 22:48:00,Assam,Darrang,26.3148,92.0193,5.3,21.7,30.4,65.5,32.3,87,34.2,1011.2,MODERATE_RAIN
W000629,2025-06-03 01:12:00,Assam,Sonitpur,26.7011,92.7914,36.1,62.5,129.9,393.4,27.0,86,34.5,1006.7,HEAVY_RAIN
W000630,2025-06-03 03:36:00,Assam,Dibrugarh,27.3872,94.8181,18.4,38.8,85.5,231.4,30.8,94,30.0,1005.1,HEAVY_RAIN
W000631,2025-06-03 06:00:00,Assam,Cachar,24.8675,92.814,43.4,92.9,124.7,349.2,28.1,92,32.0,1008.6,HEAVY_RAIN
W000632,2025-06-03 08:24:00,Assam,Nagaon,26.3604,92.5523,25.7,61.5,117.5,230.8,26.6,86,31.8,1009.4,HEAVY_RAIN
W000633,2025-06-03 10:48:00,Meghalaya,East Khasi Hills,25.6216,91.9825,8.9,43.1,67.4,129.0,23.5,88,27.1,870.0,HEAVY_RAIN
W000634,2025-06-03 13:12:00,Meghalaya,West Khasi Hills,25.5985,91.4068,28.9,162.9,228.8,617.7,29.9,86,15.4,883.8,TORRENTIAL_RAIN
W000635,2025-06-03 15:36:00,Meghalaya,Ri-Bhoi,25.9844,91.8332,9.8,36.2,47.8,154.1,29.6,86,17.0,958.1,MODERATE_RAIN
W000636,2025-06-03 18:00:00,Meghalaya,West Jaintia Hills,25.3539,92.1457,36.8,149.1,181.0,458.0,28.1,93,19.7,886.0,TORRENTIAL_RAIN
W000637,2025-06-03 20:24:00,Sikkim,East Sikkim,27.2732,88.6991,12.1,43.3,82.6,209.9,7.4,91,33.0,851.5,HEAVY_RAIN
W000638,2025-06-03 22:48:00,Sikkim,North Sikkim,27.6499,88.6922,38.8,100.5,139.5,369.8,15.1,96,16.2,777.8,HEAVY_RAIN
W000639,2025-06-04 01:12:00,Sikkim,South Sikkim,27.1801,88.4374,11.2,58.1,77.8,237.1,27.0,95,26.5,882.5,HEAVY_RAIN
W000640,2025-06-04 03:36:00,Nagaland,Kohima,25.5909,94.2126,32.3,101.6,156.9,406.1,24.5,96,25.8,868.0,TORRENTIAL_RAIN
W000641,2025-06-04 06:00:00,Nagaland,Dimapur,26.0543,93.6296,40.5,61.3,130.9,391.9,24.8,94,32.4,997.0,HEAVY_RAIN
W000642,2025-06-04 08:24:00,Nagaland,Mokokchung,26.3843,94.6442,43.5,132.7,159.0,374.1,32.2,97,14.0,889.4,TORRENTIAL_RAIN
W000643,2025-06-04 10:48:00,Manipur,Imphal West,24.8373,93.8294,25.1,39.3,87.3,290.5,23.4,96,22.1,939.8,HEAVY_RAIN
W000644,2025-06-04 13:12:00,Manipur,Bishnupur,24.7735,93.7771,8.1,30.2,43.1,88.5,24.4,92,11.8,941.5,MODERATE_RAIN
W000645,2025-06-04 15:36:00,Manipur,Senapati,25.1798,93.9256,20.3,51.7,83.6,270.1,27.4,91,36.6,890.0,HEAVY_RAIN
W000646,2025-06-04 18:00:00,Mizoram,Aizawl,23.7613,92.8095,17.0,69.3,82.4,204.5,28.6,91,8.7,904.1,HEAVY_RAIN
W000647,2025-06-04 20:24:00,Mizoram,Kolasib,24.3233,92.6271,20.1,67.6,80.9,154.1,25.6,88,31.2,959.1,HEAVY_RAIN
W000648,2025-06-04 22:48:00,Mizoram,Lunglei,22.7725,92.6233,26.6,114.4,154.3,452.9,23.0,89,41.2,912.6,TORRENTIAL_RAIN
W000649,2025-06-05 01:12:00,Tripura,West Tripura,23.7936,91.4194,20.1,108.8,130.8,442.3,29.7,94,13.7,1010.8,HEAVY_RAIN
W000650,2025-06-05 03:36:00,Tripura,Sipahijala,23.5818,91.4548,32.5,107.7,156.2,362.4,22.6,88,20.8,1006.8,TORRENTIAL_RAIN
W000651,2025-06-05 06:00:00,Tripura,Dhalai,23.9882,91.8948,24.0,76.3,156.4,424.6,24.2,92,17.5,1003.2,TORRENTIAL_RAIN
W000652,2025-06-05 08:24:00,Arunachal Pradesh,Tawang,27.703,91.8935,10.0,29.5,60.8,125.9,14.5,95,40.2,730.5,HEAVY_RAIN
W000653,2025-06-05 10:48:00,Arunachal Pradesh,West Kameng,27.1671,92.3579,48.3,98.5,153.4,447.3,12.5,95,36.4,794.9,CLOUD_BURST
W000654,2025-06-05 13:12:00,Arunachal Pradesh,Papum Pare,26.9509,93.6772,23.2,88.7,130.4,422.7,29.6,91,28.4,980.6,HEAVY_RAIN
W000655,2025-06-05 15:36:00,Arunachal Pradesh,East Siang,28.2056,95.1857,31.5,47.6,94.4,248.8,23.4,92,21.9,996.3,HEAVY_RAIN
W000656,2025-06-05 18:00:00,Arunachal Pradesh,Lower Subansiri,27.5834,93.8719,21.2,64.3,97.9,199.9,30.1,94,41.8,864.9,HEAVY_RAIN
W000657,2025-06-05 20:24:00,Assam,Kamrup Metropolitan,26.2181,91.6576,18.4,72.3,150.3,333.2,32.4,96,37.4,1009.8,TORRENTIAL_RAIN
W000658,2025-06-05 22:48:00,Assam,Kamrup Rural,26.0616,91.6247,23.0,35.3,72.3,181.6,32.8,87,23.7,1005.5,HEAVY_RAIN
W000659,2025-06-06 01:12:00,Assam,Darrang,26.3054,91.9439,49.5,100.0,158.9,344.3,33.3,90,22.2,1005.4,CLOUD_BURST
W000660,2025-06-06 03:36:00,Assam,Sonitpur,26.5162,92.643,15.3,45.9,71.2,195.1,22.9,93,38.3,1006.6,HEAVY_RAIN
W000661,2025-06-06 06:00:00,Assam,Dibrugarh,27.3727,94.8862,28.1,69.3,101.0,279.9,29.6,90,41.3,997.5,HEAVY_RAIN
W000662,2025-06-06 08:24:00,Assam,Cachar,24.7137,92.7727,6.9,39.7,52.5,150.4,22.2,86,41.7,1005.9,HEAVY_RAIN
W000663,2025-06-06 10:48:00,Assam,Nagaon,26.2629,92.6694,23.3,56.1,77.0,159.6,24.9,98,14.6,1002.8,HEAVY_RAIN
W000664,2025-06-06 13:12:00,Meghalaya,East Khasi Hills,25.5244,92.0288,72.8,130.8,239.2,623.2,33.2,89,27.7,872.2,CLOUD_BURST
W000665,2025-06-06 15:36:00,Meghalaya,West Khasi Hills,25.4083,91.1325,26.7,148.3,204.3,644.0,25.2,94,28.4,881.9,TORRENTIAL_RAIN
W000666,2025-06-06 18:00:00,Meghalaya,Ri-Bhoi,25.9282,91.9141,41.8,154.7,203.4,540.1,26.4,90,40.9,959.2,TORRENTIAL_RAIN
W000667,2025-06-06 20:24:00,Meghalaya,West Jaintia Hills,25.4961,92.2322,63.0,186.3,228.0,620.7,32.8,87,36.9,883.4,CLOUD_BURST
W000668,2025-06-06 22:48:00,Sikkim,East Sikkim,27.2506,88.5135,28.0,115.9,164.9,349.3,10.2,98,19.6,848.7,TORRENTIAL_RAIN
W000669,2025-06-07 01:12:00,Sikkim,North Sikkim,27.512,88.5982,16.3,69.8,89.1,262.9,8.6,92,37.9,775.3,HEAVY_RAIN
W000670,2025-06-07 03:36:00,Sikkim,South Sikkim,27.1915,88.452,36.1,93.3,115.0,361.9,32.8,97,38.5,889.8,HEAVY_RAIN
W000671,2025-06-07 06:00:00,Nagaland,Kohima,25.5514,94.2058,22.0,111.2,152.1,330.6,24.4,96,12.1,870.1,TORRENTIAL_RAIN
W000672,2025-06-07 08:24:00,Nagaland,Dimapur,25.7645,93.6287,17.9,71.1,103.2,251.5,23.3,87,34.3,996.3,HEAVY_RAIN
W000673,2025-06-07 10:48:00,Nagaland,Mokokchung,26.2097,94.6055,11.1,36.8,64.0,142.5,22.7,88,38.4,883.8,HEAVY_RAIN
W000674,2025-06-07 13:12:00,Manipur,Imphal West,24.6943,93.95,35.6,91.0,138.1,415.0,32.1,93,30.1,939.9,HEAVY_RAIN
W000675,2025-06-07 15:36:00,Manipur,Bishnupur,24.5384,93.6279,23.9,52.3,87.9,270.9,29.0,86,17.4,938.1,HEAVY_RAIN
W000676,2025-06-07 18:00:00,Manipur,Senapati,25.1906,93.8785,32.0,96.3,128.5,360.8,24.3,86,24.4,887.2,HEAVY_RAIN
W000677,2025-06-07 20:24:00,Mizoram,Aizawl,23.7775,92.8101,22.0,95.8,134.8,409.9,23.2,90,10.2,903.2,HEAVY_RAIN
W000678,2025-06-07 22:48:00,Mizoram,Kolasib,24.2361,92.7822,25.2,103.7,148.4,324.7,27.6,85,31.5,949.1,TORRENTIAL_RAIN
W000679,2025-06-08 01:12:00,Mizoram,Lunglei,22.9361,92.8709,12.6,33.9,46.3,155.7,31.2,87,12.5,912.0,MODERATE_RAIN
W000680,2025-06-08 03:36:00,Tripura,West Tripura,23.7052,91.4076,8.5,42.0,53.2,122.7,30.9,92,34.9,1006.7,HEAVY_RAIN
W000681,2025-06-08 06:00:00,Tripura,Sipahijala,23.64,91.3334,39.1,60.5,127.4,370.8,25.2,95,22.8,1008.2,HEAVY_RAIN
W000682,2025-06-08 08:24:00,Tripura,Dhalai,23.8347,91.9847,8.8,57.8,71.7,147.0,32.3,89,13.7,1003.3,HEAVY_RAIN
W000683,2025-06-08 10:48:00,Arunachal Pradesh,Tawang,27.474,91.8364,42.6,136.5,172.5,367.9,17.8,85,31.6,726.4,TORRENTIAL_RAIN
W000684,2025-06-08 13:12:00,Arunachal Pradesh,West Kameng,27.3027,92.5161,25.6,48.9,81.9,241.3,10.0,90,31.9,800.2,HEAVY_RAIN
W000685,2025-06-08 15:36:00,Arunachal Pradesh,Papum Pare,27.1926,93.4927,30.0,151.6,203.6,516.9,22.8,89,41.6,980.8,TORRENTIAL_RAIN
W000686,2025-06-08 18:00:00,Arunachal Pradesh,East Siang,27.9989,95.3134,12.3,22.8,40.4,95.5,26.6,93,29.1,993.0,MODERATE_RAIN
W000687,2025-06-08 20:24:00,Arunachal Pradesh,Lower Subansiri,27.5763,93.9145,8.3,23.5,50.4,119.3,30.3,89,19.0,864.8,HEAVY_RAIN
W000688,2025-06-08 22:48:00,Assam,Kamrup Metropolitan,26.1709,91.8137,11.3,20.1,42.6,139.0,24.3,97,30.7,1001.9,MODERATE_RAIN
W000689,2025-06-09 01:12:00,Assam,Kamrup Rural,26.2689,91.6477,19.2,99.7,140.9,335.0,26.2,88,33.5,1002.5,TORRENTIAL_RAIN
W000690,2025-06-09 03:36:00,Assam,Darrang,26.4253,91.9959,17.7,77.5,110.1,238.0,28.2,94,22.7,1007.9,HEAVY_RAIN
W000691,2025-06-09 06:00:00,Assam,Sonitpur,26.5355,92.7635,41.8,82.5,119.6,366.3,29.4,88,26.3,1003.7,HEAVY_RAIN
W000692,2025-06-09 08:24:00,Assam,Dibrugarh,27.3344,95.0289,7.6,33.4,42.6,120.9,29.0,95,28.7,1004.4,MODERATE_RAIN
W000693,2025-06-09 10:48:00,Assam,Cachar,24.8259,92.7095,8.5,17.5,32.2,99.5,23.6,94,37.2,1011.2,MODERATE_RAIN
W000694,2025-06-09 13:12:00,Assam,Nagaon,26.2861,92.6181,14.4,50.1,69.7,186.0,24.4,90,14.9,1006.7,HEAVY_RAIN
W000695,2025-06-09 15:36:00,Meghalaya,East Khasi Hills,25.7205,91.8117,26.1,75.6,109.3,363.8,25.3,91,11.5,869.3,HEAVY_RAIN
W000696,2025-06-09 18:00:00,Meghalaya,West Khasi Hills,25.6077,91.1908,59.5,154.1,246.8,695.6,31.5,92,34.4,888.4,CLOUD_BURST
W000697,2025-06-09 20:24:00,Meghalaya,Ri-Bhoi,25.8825,92.004,22.8,68.9,122.2,365.5,24.3,98,40.1,960.1,HEAVY_RAIN
W000698,2025-06-09 22:48:00,Meghalaya,West Jaintia Hills,25.5602,92.2963,32.3,102.4,162.5,358.5,32.7,85,37.3,882.4,TORRENTIAL_RAIN
W000699,2025-06-10 01:12:00,Sikkim,East Sikkim,27.4018,88.5775,15.3,35.0,52.0,169.3,12.5,93,20.7,847.7,HEAVY_RAIN
W000700,2025-06-10 03:36:00,Sikkim,North Sikkim,27.3587,88.4578,23.1,42.8,66.7,189.9,6.6,92,35.4,768.6,HEAVY_RAIN
W000701,2025-06-10 06:00:00,Sikkim,South Sikkim,27.0299,88.2152,38.1,62.9,111.7,247.3,29.8,96,24.0,887.2,HEAVY_RAIN
W000702,2025-06-10 08:24:00,Nagaland,Kohima,25.7722,94.1101,13.3,37.1,74.3,202.4,24.6,85,28.1,870.0,HEAVY_RAIN
W000703,2025-06-10 10:48:00,Nagaland,Dimapur,25.8294,93.7241,20.0,73.4,109.5,364.0,24.8,88,17.7,994.4,HEAVY_RAIN
W000704,2025-06-10 13:12:00,Nagaland,Mokokchung,26.3511,94.4749,34.5,92.1,128.5,343.7,27.6,91,26.3,887.8,HEAVY_RAIN
W000705,2025-06-10 15:36:00,Manipur,Imphal West,24.9163,93.8139,24.4,66.4,108.2,222.9,31.1,96,8.8,941.9,HEAVY_RAIN
W000706,2025-06-10 18:00:00,Manipur,Bishnupur,24.6541,93.904,46.4,100.2,146.5,297.0,25.4,91,10.8,932.9,CLOUD_BURST
W000707,2025-06-10 20:24:00,Manipur,Senapati,25.172,94.0555,9.9,25.8,33.6,77.0,34.4,95,40.1,890.2,MODERATE_RAIN
W000708,2025-06-10 22:48:00,Mizoram,Aizawl,23.8074,92.5703,9.2,34.3,43.9,111.0,31.5,85,19.5,897.0,MODERATE_RAIN
W000709,2025-06-11 01:12:00,Mizoram,Kolasib,24.3103,92.5971,24.4,85.5,103.3,302.6,27.0,94,16.9,951.8,HEAVY_RAIN
W000710,2025-06-11 03:36:00,Mizoram,Lunglei,23.0201,92.7828,41.5,79.6,149.7,440.3,34.6,90,38.2,913.8,TORRENTIAL_RAIN
W000711,2025-06-11 06:00:00,Tripura,West Tripura,23.8192,91.2023,41.1,94.6,162.8,524.9,34.9,88,33.8,1011.2,TORRENTIAL_RAIN
W000712,2025-06-11 08:24:00,Tripura,Sipahijala,23.6041,91.1927,6.4,19.8,32.2,102.6,29.5,98,24.5,1009.6,MODERATE_RAIN
W000713,2025-06-11 10:48:00,Tripura,Dhalai,23.9518,91.8684,10.9,52.9,72.0,234.1,33.7,96,22.8,997.9,HEAVY_RAIN
W000714,2025-06-11 13:12:00,Arunachal Pradesh,Tawang,27.4685,91.7286,34.3,83.4,121.8,395.8,15.7,86,40.6,731.5,HEAVY_RAIN
W000715,2025-06-11 15:36:00,Arunachal Pradesh,West Kameng,27.1928,92.4792,36.7,157.7,187.2,547.3,9.3,89,32.0,792.3,TORRENTIAL_RAIN
W000716,2025-06-11 18:00:00,Arunachal Pradesh,Papum Pare,27.1056,93.5387,36.4,94.1,125.1,401.8,25.9,98,10.4,987.0,HEAVY_RAIN
W000717,2025-06-11 20:24:00,Arunachal Pradesh,East Siang,28.096,95.3742,32.7,73.0,111.2,259.2,25.2,95,37.2,995.4,HEAVY_RAIN
W000718,2025-06-11 22:48:00,Arunachal Pradesh,Lower Subansiri,27.5492,93.7687,52.5,101.1,191.4,510.7,9.0,95,10.9,854.8,CLOUD_BURST
W000719,2025-06-12 01:12:00,Assam,Kamrup Metropolitan,26.0051,91.7986,42.3,67.8,133.9,364.7,26.9,89,40.9,1006.5,HEAVY_RAIN
W000720,2025-06-12 03:36:00,Assam,Kamrup Rural,26.249,91.6179,18.9,84.7,112.4,321.9,28.5,90,38.8,1005.5,HEAVY_RAIN
W000721,2025-06-12 06:00:00,Assam,Darrang,26.5036,92.0332,35.4,89.7,152.0,374.5,28.2,97,21.2,1003.4,TORRENTIAL_RAIN
W000722,2025-06-12 08:24:00,Assam,Sonitpur,26.6513,92.7307,11.3,45.4,86.0,217.9,25.3,94,15.2,1005.6,HEAVY_RAIN
W000723,2025-06-12 10:48:00,Assam,Dibrugarh,27.5653,94.9909,23.5,84.1,110.3,272.0,31.6,88,11.6,1006.2,HEAVY_RAIN
W000724,2025-06-12 13:12:00,Assam,Cachar,24.8796,92.6956,13.6,21.0,39.7,97.5,30.8,86,32.3,1011.2,MODERATE_RAIN
W000725,2025-06-12 15:36:00,Assam,Nagaon,26.4316,92.6334,17.1,104.6,130.3,411.4,33.5,89,37.5,1009.6,HEAVY_RAIN
W000726,2025-06-12 18:00:00,Meghalaya,East Khasi Hills,25.4641,91.7594,46.3,74.2,143.0,360.4,23.8,88,21.3,865.1,CLOUD_BURST
W000727,2025-06-12 20:24:00,Meghalaya,West Khasi Hills,25.3814,91.3768,44.6,104.0,159.1,517.5,29.2,97,24.6,887.4,TORRENTIAL_RAIN
W000728,2025-06-12 22:48:00,Meghalaya,Ri-Bhoi,25.909,91.8539,45.1,125.7,150.3,479.2,30.0,94,30.1,954.3,CLOUD_BURST
W000729,2025-06-13 01:12:00,Meghalaya,West Jaintia Hills,25.3601,92.1728,76.2,178.9,243.4,513.0,26.6,87,33.5,881.7,CLOUD_BURST
W000730,2025-06-13 03:36:00,Sikkim,East Sikkim,27.2319,88.7152,43.9,108.7,136.3,455.7,15.5,91,23.8,855.1,HEAVY_RAIN
W000731,2025-06-13 06:00:00,Sikkim,North Sikkim,27.5393,88.453,19.4,58.5,105.3,223.8,17.5,91,23.9,771.0,HEAVY_RAIN
W000732,2025-06-13 08:24:00,Sikkim,South Sikkim,27.0828,88.4321,10.5,24.1,40.9,96.0,23.0,95,34.1,884.5,MODERATE_RAIN
W000733,2025-06-13 10:48:00,Nagaland,Kohima,25.7542,93.985,19.8,82.4,118.0,234.5,22.4,95,27.4,870.3,HEAVY_RAIN
W000734,2025-06-13 13:12:00,Nagaland,Dimapur,25.8855,93.7207,8.6,41.4,67.5,168.6,31.4,87,33.3,1000.0,HEAVY_RAIN
W000735,2025-06-13 15:36:00,Nagaland,Mokokchung,26.2869,94.3742,25.4,84.2,127.5,425.6,26.3,94,20.4,885.7,HEAVY_RAIN
W000736,2025-06-13 18:00:00,Manipur,Imphal West,24.6724,93.788,12.3,40.4,76.2,222.1,34.2,91,9.1,933.0,HEAVY_RAIN
W000737,2025-06-13 20:24:00,Manipur,Bishnupur,24.5857,93.6532,40.4,92.3,122.3,390.4,22.5,91,37.1,938.8,HEAVY_RAIN
W000738,2025-06-13 22:48:00,Manipur,Senapati,25.1296,93.8737,14.8,50.7,107.0,242.7,26.0,98,30.6,893.0,HEAVY_RAIN
W000739,2025-06-14 01:12:00,Mizoram,Aizawl,23.7343,92.6977,19.5,97.5,141.3,430.7,28.5,93,21.6,899.8,TORRENTIAL_RAIN
W000740,2025-06-14 03:36:00,Mizoram,Kolasib,24.3404,92.6378,10.0,48.5,72.4,211.7,26.1,88,40.7,956.9,HEAVY_RAIN
W000741,2025-06-14 06:00:00,Mizoram,Lunglei,22.9736,92.5957,25.0,84.6,136.3,322.8,26.0,91,39.4,916.4,HEAVY_RAIN
W000742,2025-06-14 08:24:00,Tripura,West Tripura,23.9017,91.3137,29.3,60.7,98.9,260.1,22.0,95,32.9,1011.2,HEAVY_RAIN
W000743,2025-06-14 10:48:00,Tripura,Sipahijala,23.7226,91.2746,23.5,67.9,85.6,269.7,29.1,87,28.9,1008.0,HEAVY_RAIN
W000744,2025-06-14 13:12:00,Tripura,Dhalai,23.7146,91.9984,36.9,77.7,130.0,313.9,29.8,90,25.9,997.1,HEAVY_RAIN
W000745,2025-06-14 15:36:00,Arunachal Pradesh,Tawang,27.4506,91.7441,27.1,76.1,147.6,332.0,9.2,95,27.5,729.4,TORRENTIAL_RAIN
W000746,2025-06-14 18:00:00,Arunachal Pradesh,West Kameng,27.2568,92.3118,15.6,40.4,71.6,137.9,9.7,91,16.2,794.9,HEAVY_RAIN
W000747,2025-06-14 20:24:00,Arunachal Pradesh,Papum Pare,27.0767,93.4969,21.3,68.1,132.9,303.0,26.6,88,11.0,981.3,HEAVY_RAIN
W000748,2025-06-14 22:48:00,Arunachal Pradesh,East Siang,27.9571,95.4252,13.7,69.0,107.2,276.2,25.2,92,36.5,1002.6,HEAVY_RAIN
W000749,2025-06-15 01:12:00,Arunachal Pradesh,Lower Subansiri,27.4848,93.9154,24.1,54.3,83.5,179.6,27.9,97,36.1,860.0,HEAVY_RAIN
W000750,2025-06-15 03:36:00,Assam,Kamrup Metropolitan,26.0734,91.7431,5.9,16.8,30.4,62.5,34.1,95,30.9,1011.2,MODERATE_RAIN
W000751,2025-06-15 06:00:00,Assam,Kamrup Rural,26.0831,91.5764,26.4,100.2,153.7,440.8,32.9,98,26.3,1002.0,TORRENTIAL_RAIN
W000752,2025-06-15 08:24:00,Assam,Darrang,26.4012,91.8818,36.8,103.9,130.9,329.9,34.0,97,24.3,1005.7,HEAVY_RAIN
W000753,2025-06-15 10:48:00,Assam,Sonitpur,26.656,92.7908,6.0,22.8,42.9,105.1,28.6,87,12.8,1010.4,MODERATE_RAIN
W000754,2025-06-15 13:12:00,Assam,Dibrugarh,27.5399,95.0334,16.4,80.5,99.4,333.6,32.0,92,10.7,1000.5,HEAVY_RAIN
W000755,2025-06-15 15:36:00,Assam,Cachar,24.7721,92.7682,15.4,38.6,58.4,158.1,30.3,94,24.6,1011.2,HEAVY_RAIN
W000756,2025-06-15 18:00:00,Assam,Nagaon,26.4509,92.6421,22.2,77.8,111.3,315.0,32.5,92,32.0,1004.4,HEAVY_RAIN
W000757,2025-06-15 20:24:00,Meghalaya,East Khasi Hills,25.4573,91.9708,64.7,153.7,188.2,631.7,29.2,90,20.3,872.6,CLOUD_BURST
W000758,2025-06-15 22:48:00,Meghalaya,West Khasi Hills,25.5542,91.2086,50.2,123.5,155.1,382.4,26.5,93,15.3,882.5,CLOUD_BURST
W000759,2025-06-16 01:12:00,Meghalaya,Ri-Bhoi,26.0135,91.7579,28.3,61.3,89.5,211.8,31.9,93,26.6,955.0,HEAVY_RAIN
W000760,2025-06-16 03:36:00,Meghalaya,West Jaintia Hills,25.4201,92.187,25.4,92.7,196.4,430.9,28.9,96,37.4,878.4,TORRENTIAL_RAIN
W000761,2025-06-16 06:00:00,Sikkim,East Sikkim,27.4289,88.6512,8.3,38.5,55.5,173.4,10.1,87,31.4,847.4,HEAVY_RAIN
W000762,2025-06-16 08:24:00,Sikkim,North Sikkim,27.5679,88.6945,37.4,110.9,148.3,335.6,15.3,85,28.0,768.4,TORRENTIAL_RAIN
W000763,2025-06-16 10:48:00,Sikkim,South Sikkim,27.1972,88.4407,24.7,101.5,154.7,329.8,33.8,89,41.7,883.3,TORRENTIAL_RAIN
W000764,2025-06-16 13:12:00,Nagaland,Kohima,25.7588,94.142,14.8,37.0,69.9,141.6,33.5,89,14.7,867.2,HEAVY_RAIN
W000765,2025-06-16 15:36:00,Nagaland,Dimapur,26.0488,93.6167,5.0,20.1,37.3,81.5,32.5,89,23.3,988.5,MODERATE_RAIN
W000766,2025-06-16 18:00:00,Nagaland,Mokokchung,26.3072,94.389,28.0,49.9,101.9,200.9,35.0,95,20.3,881.6,HEAVY_RAIN
W000767,2025-06-16 20:24:00,Manipur,Imphal West,24.8704,94.0171,28.4,59.9,104.1,269.1,31.6,94,16.1,935.0,HEAVY_RAIN
W000768,2025-06-16 22:48:00,Manipur,Bishnupur,24.7691,93.8764,26.9,111.1,138.0,287.0,29.3,98,28.3,937.2,HEAVY_RAIN
W000769,2025-06-17 01:12:00,Manipur,Senapati,25.1386,94.0585,9.2,30.1,43.3,141.0,25.5,87,22.2,893.5,MODERATE_RAIN
W000770,2025-06-17 03:36:00,Mizoram,Aizawl,23.7695,92.6122,41.0,100.0,122.4,380.1,22.3,98,39.2,898.1,HEAVY_RAIN
W000771,2025-06-17 06:00:00,Mizoram,Kolasib,24.0864,92.723,45.3,78.9,131.0,369.9,22.2,97,38.2,957.3,HEAVY_RAIN
W000772,2025-06-17 08:24:00,Mizoram,Lunglei,22.8788,92.6396,41.6,102.0,144.7,309.7,25.3,96,12.2,909.7,TORRENTIAL_RAIN
W000773,2025-06-17 10:48:00,Tripura,West Tripura,23.9725,91.1519,22.1,66.6,102.3,213.7,30.9,93,25.0,1011.2,HEAVY_RAIN
W000774,2025-06-17 13:12:00,Tripura,Sipahijala,23.7301,91.1856,33.0,110.3,155.3,383.8,30.0,95,40.5,1010.5,TORRENTIAL_RAIN
W000775,2025-06-17 15:36:00,Tripura,Dhalai,23.957,91.8341,5.6,19.0,34.1,94.1,34.1,86,8.1,1003.9,MODERATE_RAIN
W000776,2025-06-17 18:00:00,Arunachal Pradesh,Tawang,27.4414,91.8304,17.2,71.2,99.6,284.0,17.1,98,20.0,734.5,HEAVY_RAIN
W000777,2025-06-17 20:24:00,Arunachal Pradesh,West Kameng,27.1418,92.4472,9.3,43.3,61.7,121.8,8.8,87,9.6,795.7,HEAVY_RAIN
W000778,2025-06-17 22:48:00,Arunachal Pradesh,Papum Pare,27.1191,93.663,34.5,120.0,152.3,417.0,30.0,95,16.6,982.0,TORRENTIAL_RAIN
W000779,2025-06-18 01:12:00,Arunachal Pradesh,East Siang,27.9323,95.2429,16.4,36.2,72.6,204.4,23.1,89,38.6,998.2,HEAVY_RAIN
W000780,2025-06-18 03:36:00,Arunachal Pradesh,Lower Subansiri,27.58,93.895,35.6,153.9,181.4,585.4,32.4,85,39.6,861.7,TORRENTIAL_RAIN
W000781,2025-06-18 06:00:00,Assam,Kamrup Metropolitan,26.2223,91.6527,51.8,93.5,153.3,476.6,22.6,92,13.9,1009.5,CLOUD_BURST
W000782,2025-06-18 08:24:00,Assam,Kamrup Rural,26.275,91.5763,25.3,71.1,156.3,480.6,33.0,97,17.0,1008.8,TORRENTIAL_RAIN
W000783,2025-06-18 10:48:00,Assam,Darrang,26.3512,91.9231,33.6,133.8,158.9,532.2,22.5,93,16.7,1005.1,TORRENTIAL_RAIN
W000784,2025-06-18 13:12:00,Assam,Sonitpur,26.5601,92.7014,9.7,30.6,41.3,109.8,27.7,98,16.8,1010.0,MODERATE_RAIN
W000785,2025-06-18 15:36:00,Assam,Dibrugarh,27.4599,94.9964,11.4,20.2,34.8,110.0,27.6,86,25.5,999.6,MODERATE_RAIN
W000786,2025-06-18 18:00:00,Assam,Cachar,24.6973,92.8189,22.9,63.1,96.4,288.4,27.0,90,41.4,1008.2,HEAVY_RAIN
W000787,2025-06-18 20:24:00,Assam,Nagaon,26.3304,92.7315,42.6,88.2,161.8,357.4,30.6,85,30.0,1006.5,TORRENTIAL_RAIN
W000788,2025-06-18 22:48:00,Meghalaya,East Khasi Hills,25.5879,91.7579,35.2,159.1,231.7,747.7,34.9,96,37.5,861.4,TORRENTIAL_RAIN
W000789,2025-06-19 01:12:00,Meghalaya,West Khasi Hills,25.6373,91.3443,19.9,91.5,162.8,512.2,25.6,95,38.7,882.3,TORRENTIAL_RAIN
W000790,2025-06-19 03:36:00,Meghalaya,Ri-Bhoi,25.9691,91.7685,16.0,28.8,63.2,168.3,24.7,86,32.5,960.4,HEAVY_RAIN
W000791,2025-06-19 06:00:00,Meghalaya,West Jaintia Hills,25.3966,92.3144,34.9,68.6,100.1,338.9,26.2,88,13.7,883.5,HEAVY_RAIN
W000792,2025-06-19 08:24:00,Sikkim,East Sikkim,27.4176,88.5386,23.7,60.9,127.0,376.8,7.9,91,27.2,853.2,HEAVY_RAIN
W000793,2025-06-19 10:48:00,Sikkim,North Sikkim,27.39,88.5238,7.4,20.9,36.5,76.4,9.3,90,11.2,770.3,MODERATE_RAIN
W000794,2025-06-19 13:12:00,Sikkim,South Sikkim,27.2729,88.3643,29.6,91.3,129.3,404.7,26.3,88,30.4,887.8,HEAVY_RAIN
W000795,2025-06-19 15:36:00,Nagaland,Kohima,25.7149,94.0189,10.1,55.9,83.2,266.0,31.9,90,29.3,870.2,HEAVY_RAIN
W000796,2025-06-19 18:00:00,Nagaland,Dimapur,26.0332,93.6173,28.2,100.9,131.0,323.6,30.6,93,13.7,991.2,HEAVY_RAIN
W000797,2025-06-19 20:24:00,Nagaland,Mokokchung,26.3262,94.5783,45.2,89.3,134.5,293.0,33.5,92,13.6,885.7,HEAVY_RAIN
W000798,2025-06-19 22:48:00,Manipur,Imphal West,24.8357,93.9616,12.3,77.4,102.4,275.5,24.0,90,9.4,930.4,HEAVY_RAIN
W000799,2025-06-20 01:12:00,Manipur,Bishnupur,24.7068,93.8669,36.0,93.9,151.3,452.6,30.9,96,24.5,940.1,TORRENTIAL_RAIN
W000800,2025-06-20 03:36:00,Manipur,Senapati,25.1138,93.8919,19.9,39.0,85.3,283.5,25.6,96,15.4,891.9,HEAVY_RAIN
W000801,2025-06-20 06:00:00,Mizoram,Aizawl,23.6371,92.7927,46.6,109.7,161.4,507.8,28.2,87,15.9,906.4,CLOUD_BURST
W000802,2025-06-20 08:24:00,Mizoram,Kolasib,24.1139,92.5486,16.1,74.3,115.9,376.2,30.9,94,28.4,949.5,HEAVY_RAIN
W000803,2025-06-20 10:48:00,Mizoram,Lunglei,22.7397,92.8342,12.1,35.9,51.4,118.8,31.2,98,11.0,917.8,HEAVY_RAIN
W000804,2025-06-20 13:12:00,Tripura,West Tripura,23.8501,91.2041,34.6,69.4,122.6,329.8,30.9,98,13.3,1007.6,HEAVY_RAIN
W000805,2025-06-20 15:36:00,Tripura,Sipahijala,23.7203,91.4016,26.5,70.6,89.9,258.7,32.3,93,22.4,1011.2,HEAVY_RAIN
W000806,2025-06-20 18:00:00,Tripura,Dhalai,23.8145,91.825,13.7,46.0,75.2,231.7,22.9,90,29.8,995.6,HEAVY_RAIN
W000807,2025-06-20 20:24:00,Arunachal Pradesh,Tawang,27.6017,91.7133,13.6,57.2,93.5,251.9,11.4,98,8.3,731.7,HEAVY_RAIN
W000808,2025-06-20 22:48:00,Arunachal Pradesh,West Kameng,27.3726,92.3988,45.3,96.4,181.0,543.8,15.9,85,11.7,800.7,CLOUD_BURST
W000809,2025-06-21 01:12:00,Arunachal Pradesh,Papum Pare,27.1447,93.6931,55.2,85.6,176.6,530.6,29.5,94,13.3,981.0,CLOUD_BURST
W000810,2025-06-21 03:36:00,Arunachal Pradesh,East Siang,28.1335,95.234,30.8,132.5,200.8,610.2,32.3,88,34.3,998.3,TORRENTIAL_RAIN
W000811,2025-06-21 06:00:00,Arunachal Pradesh,Lower Subansiri,27.4561,93.7321,33.2,88.6,144.3,284.7,30.2,95,22.8,859.8,TORRENTIAL_RAIN
W000812,2025-06-21 08:24:00,Assam,Kamrup Metropolitan,26.0782,91.6655,42.0,95.5,123.7,397.2,34.6,88,35.0,1011.2,HEAVY_RAIN
W000813,2025-06-21 10:48:00,Assam,Kamrup Rural,26.1342,91.6249,10.7,25.6,56.5,178.4,26.3,88,33.4,1011.2,HEAVY_RAIN
W000814,2025-06-21 13:12:00,Assam,Darrang,26.4811,92.1131,26.0,49.1,80.6,272.4,28.3,97,19.1,1006.1,HEAVY_RAIN
W000815,2025-06-21 15:36:00,Assam,Sonitpur,26.631,92.8144,21.5,39.3,66.8,185.6,33.6,85,38.3,1007.0,HEAVY_RAIN
W000816,2025-06-21 18:00:00,Assam,Dibrugarh,27.4804,95.0491,17.3,71.5,95.4,323.0,30.2,86,12.6,1002.0,HEAVY_RAIN
W000817,2025-06-21 20:24:00,Assam,Cachar,24.8081,92.79,33.6,69.9,114.9,338.4,32.3,93,10.1,1011.2,HEAVY_RAIN
W000818,2025-06-21 22:48:00,Assam,Nagaon,26.3942,92.6333,17.2,73.5,110.9,374.0,27.3,95,39.5,1009.2,HEAVY_RAIN
W000819,2025-06-22 01:12:00,Meghalaya,East Khasi Hills,25.5879,92.0423,18.5,58.6,78.6,169.5,23.1,97,20.2,862.8,HEAVY_RAIN
W000820,2025-06-22 03:36:00,Meghalaya,West Khasi Hills,25.3944,91.2138,36.8,86.8,113.7,359.0,24.8,88,8.7,890.7,HEAVY_RAIN
W000821,2025-06-22 06:00:00,Meghalaya,Ri-Bhoi,25.9363,92.0177,29.8,87.0,150.5,317.3,33.9,90,22.2,956.7,TORRENTIAL_RAIN
W000822,2025-06-22 08:24:00,Meghalaya,West Jaintia Hills,25.5389,92.084,23.9,56.0,92.0,263.3,25.5,95,8.1,885.6,HEAVY_RAIN
W000823,2025-06-22 10:48:00,Sikkim,East Sikkim,27.4623,88.7031,31.6,48.5,105.8,277.3,10.4,94,38.4,852.8,HEAVY_RAIN
W000824,2025-06-22 13:12:00,Sikkim,North Sikkim,27.496,88.4889,41.7,86.0,124.1,247.8,12.1,90,13.2,770.8,HEAVY_RAIN
W000825,2025-06-22 15:36:00,Sikkim,South Sikkim,27.3045,88.2502,22.3,59.3,121.5,286.8,32.1,89,30.9,882.1,HEAVY_RAIN
W000826,2025-06-22 18:00:00,Nagaland,Kohima,25.5447,94.1597,16.1,58.6,88.0,235.8,30.7,88,34.5,868.3,HEAVY_RAIN
W000827,2025-06-22 20:24:00,Nagaland,Dimapur,26.0075,93.6392,18.9,42.1,75.4,193.6,26.6,95,27.8,989.6,HEAVY_RAIN
W000828,2025-06-22 22:48:00,Nagaland,Mokokchung,26.4076,94.564,4.3,20.3,35.0,104.6,25.4,96,15.1,878.0,MODERATE_RAIN
W000829,2025-06-23 01:12:00,Manipur,Imphal West,24.6741,94.0019,24.4,108.0,142.8,386.4,30.5,86,37.2,941.8,TORRENTIAL_RAIN
W000830,2025-06-23 03:36:00,Manipur,Bishnupur,24.7207,93.7819,22.1,69.9,138.1,262.9,29.6,95,37.2,936.5,HEAVY_RAIN
W000831,2025-06-23 06:00:00,Manipur,Senapati,25.2323,93.9953,7.9,30.9,37.3,84.4,33.2,89,20.2,891.6,MODERATE_RAIN
W000832,2025-06-23 08:24:00,Mizoram,Aizawl,23.7791,92.7281,13.8,43.6,92.6,182.6,23.6,89,16.6,900.3,HEAVY_RAIN
W000833,2025-06-23 10:48:00,Mizoram,Kolasib,24.2938,92.5437,15.8,51.7,91.4,305.4,25.1,86,38.4,948.7,HEAVY_RAIN
W000834,2025-06-23 13:12:00,Mizoram,Lunglei,22.7618,92.8261,15.9,32.9,65.4,158.8,26.7,98,19.5,915.4,HEAVY_RAIN
W000835,2025-06-23 15:36:00,Tripura,West Tripura,23.9595,91.2512,11.0,35.9,64.4,215.7,30.2,89,21.4,1005.4,HEAVY_RAIN
W000836,2025-06-23 18:00:00,Tripura,Sipahijala,23.645,91.2029,20.0,47.4,74.4,210.5,26.1,88,12.9,1011.0,HEAVY_RAIN
W000837,2025-06-23 20:24:00,Tripura,Dhalai,23.7885,91.8902,16.4,53.4,79.5,250.5,30.8,93,40.9,1001.6,HEAVY_RAIN
W000838,2025-06-23 22:48:00,Arunachal Pradesh,Tawang,27.6746,91.9282,29.0,56.7,99.4,261.6,17.2,86,21.9,730.3,HEAVY_RAIN
W000839,2025-06-24 01:12:00,Arunachal Pradesh,West Kameng,27.3769,92.3083,14.1,38.1,46.8,143.2,9.5,93,34.4,803.0,MODERATE_RAIN
W000840,2025-06-24 03:36:00,Arunachal Pradesh,Papum Pare,27.1115,93.7507,19.4,82.9,111.1,320.3,34.5,89,8.1,983.9,HEAVY_RAIN
W000841,2025-06-24 06:00:00,Arunachal Pradesh,East Siang,28.1338,95.2395,6.1,25.8,42.2,117.7,34.7,93,11.3,992.6,MODERATE_RAIN
W000842,2025-06-24 08:24:00,Arunachal Pradesh,Lower Subansiri,27.4483,93.7462,39.0,114.6,167.0,497.8,15.8,94,41.1,855.8,TORRENTIAL_RAIN
W000843,2025-06-24 10:48:00,Assam,Kamrup Metropolitan,26.1958,91.7564,9.4,27.0,46.8,112.8,22.5,94,25.0,1011.2,MODERATE_RAIN
W000844,2025-06-24 13:12:00,Assam,Kamrup Rural,26.3333,91.5504,19.4,41.7,68.3,142.3,22.3,93,21.2,1006.5,HEAVY_RAIN
W000845,2025-06-24 15:36:00,Assam,Darrang,26.3772,91.9402,7.4,22.7,32.6,63.5,33.0,95,22.9,1006.7,MODERATE_RAIN
W000846,2025-06-24 18:00:00,Assam,Sonitpur,26.5223,92.8392,7.2,23.6,34.8,99.9,29.5,91,22.7,1010.3,MODERATE_RAIN
W000847,2025-06-24 20:24:00,Assam,Dibrugarh,27.3808,94.9078,37.3,63.6,110.6,322.9,27.2,94,11.7,1004.4,HEAVY_RAIN
W000848,2025-06-24 22:48:00,Assam,Cachar,24.8586,92.7986,34.9,105.0,137.7,398.9,32.0,97,22.4,1011.2,HEAVY_RAIN
W000849,2025-06-25 01:12:00,Assam,Nagaon,26.2458,92.628,15.0,71.5,84.2,259.8,28.3,88,37.9,1003.0,HEAVY_RAIN
W000850,2025-06-25 03:36:00,Meghalaya,East Khasi Hills,25.5596,91.9953,60.0,146.5,213.0,419.2,22.8,86,26.2,871.4,CLOUD_BURST
W000851,2025-06-25 06:00:00,Meghalaya,West Khasi Hills,25.504,91.2436,27.3,76.5,91.4,205.3,26.5,86,14.6,883.9,HEAVY_RAIN
W000852,2025-06-25 08:24:00,Meghalaya,Ri-Bhoi,25.8027,91.912,8.8,22.5,48.0,124.9,33.1,87,29.6,954.7,MODERATE_RAIN
W000853,2025-06-25 10:48:00,Meghalaya,West Jaintia Hills,25.5674,92.1089,43.1,153.4,250.6,728.9,24.9,91,34.2,879.6,TORRENTIAL_RAIN
W000854,2025-06-25 13:12:00,Sikkim,East Sikkim,27.2115,88.4621,23.6,83.0,106.6,212.5,14.5,92,8.8,851.1,HEAVY_RAIN
W000855,2025-06-25 15:36:00,Sikkim,North Sikkim,27.5237,88.6308,39.6,100.8,125.0,239.6,7.1,91,32.5,776.3,HEAVY_RAIN
W000856,2025-06-25 18:00:00,Sikkim,South Sikkim,27.183,88.4996,41.3,86.6,138.6,339.2,32.6,90,8.9,885.8,HEAVY_RAIN
W000857,2025-06-25 20:24:00,Nagaland,Kohima,25.6428,94.226,16.9,28.0,53.5,181.2,27.4,97,24.0,870.6,HEAVY_RAIN
W000858,2025-06-25 22:48:00,Nagaland,Dimapur,25.8962,93.7306,19.9,83.6,109.8,219.9,33.5,97,25.8,995.1,HEAVY_RAIN
W000859,2025-06-26 01:12:00,Nagaland,Mokokchung,26.2467,94.6592,22.3,42.7,87.9,183.7,23.7,87,35.3,882.1,HEAVY_RAIN
W000860,2025-06-26 03:36:00,Manipur,Imphal West,24.7091,93.8346,10.6,20.8,40.2,128.6,32.5,86,11.7,935.1,MODERATE_RAIN
W000861,2025-06-26 06:00:00,Manipur,Bishnupur,24.7727,93.8353,25.7,65.0,96.0,323.3,33.0,96,37.4,937.6,HEAVY_RAIN
W000862,2025-06-26 08:24:00,Manipur,Senapati,25.3384,93.9295,24.5,48.1,83.2,278.4,30.2,88,39.1,893.3,HEAVY_RAIN
W000863,2025-06-26 10:48:00,Mizoram,Aizawl,23.6391,92.8399,20.1,90.2,124.5,295.8,25.7,86,25.7,903.8,HEAVY_RAIN
W000864,2025-06-26 13:12:00,Mizoram,Kolasib,24.3345,92.542,38.3,98.6,137.6,419.2,31.1,86,21.0,951.2,HEAVY_RAIN
W000865,2025-06-26 15:36:00,Mizoram,Lunglei,22.8864,92.8389,21.6,41.5,90.8,218.6,22.8,92,30.0,908.7,HEAVY_RAIN
W000866,2025-06-26 18:00:00,Tripura,West Tripura,23.8525,91.2498,28.7,55.2,102.9,324.8,31.4,92,34.5,1010.9,HEAVY_RAIN
W000867,2025-06-26 20:24:00,Tripura,Sipahijala,23.7356,91.317,33.5,81.5,102.5,339.1,25.4,94,13.6,1011.2,HEAVY_RAIN
W000868,2025-06-26 22:48:00,Tripura,Dhalai,23.8218,91.9452,28.4,103.9,157.7,346.5,26.2,98,38.6,1001.0,TORRENTIAL_RAIN
W000869,2025-06-27 01:12:00,Arunachal Pradesh,Tawang,27.6174,91.86,13.0,39.0,58.5,191.1,6.6,85,24.4,733.2,HEAVY_RAIN
W000870,2025-06-27 03:36:00,Arunachal Pradesh,West Kameng,27.2689,92.3501,58.2,111.9,175.5,460.6,14.9,85,22.3,801.6,CLOUD_BURST
W000871,2025-06-27 06:00:00,Arunachal Pradesh,Papum Pare,27.1656,93.5021,34.3,130.6,155.7,351.2,28.0,87,28.5,984.9,TORRENTIAL_RAIN
W000872,2025-06-27 08:24:00,Arunachal Pradesh,East Siang,27.95,95.3786,8.6,25.4,39.5,124.7,30.3,87,11.2,997.9,MODERATE_RAIN
W000873,2025-06-27 10:48:00,Arunachal Pradesh,Lower Subansiri,27.65,93.6867,12.0,42.8,64.8,173.3,29.3,94,11.5,865.7,HEAVY_RAIN
W000874,2025-06-27 13:12:00,Assam,Kamrup Metropolitan,26.0349,91.74,20.8,38.7,82.6,266.7,30.7,90,18.1,1002.5,HEAVY_RAIN
W000875,2025-06-27 15:36:00,Assam,Kamrup Rural,26.1125,91.466,15.8,51.7,74.3,193.2,23.4,93,21.6,1008.4,HEAVY_RAIN
W000876,2025-06-27 18:00:00,Assam,Darrang,26.3076,92.0969,24.2,55.3,73.6,207.1,22.3,95,16.5,1005.8,HEAVY_RAIN
W000877,2025-06-27 20:24:00,Assam,Sonitpur,26.5488,92.8246,17.6,93.0,137.7,408.2,28.3,85,18.1,1005.6,HEAVY_RAIN
W000878,2025-06-27 22:48:00,Assam,Dibrugarh,27.5719,94.9423,20.5,37.4,75.4,252.0,27.9,85,26.8,998.6,HEAVY_RAIN
W000879,2025-06-28 01:12:00,Assam,Cachar,24.8703,92.7821,26.7,88.0,129.5,282.5,34.9,86,21.3,1011.2,HEAVY_RAIN
W000880,2025-06-28 03:36:00,Assam,Nagaon,26.3312,92.7112,36.0,82.6,158.9,530.9,34.0,85,16.5,1010.0,TORRENTIAL_RAIN
W000881,2025-06-28 06:00:00,Meghalaya,East Khasi Hills,25.4338,91.9001,67.6,179.2,235.1,566.9,24.2,96,12.8,861.7,CLOUD_BURST
W000882,2025-06-28 08:24:00,Meghalaya,West Khasi Hills,25.4049,91.1389,17.6,57.7,70.2,136.0,31.2,91,35.0,887.8,HEAVY_RAIN
W000883,2025-06-28 10:48:00,Meghalaya,Ri-Bhoi,26.0133,91.8894,23.5,121.3,154.1,432.3,24.6,98,26.5,955.8,TORRENTIAL_RAIN
W000884,2025-06-28 13:12:00,Meghalaya,West Jaintia Hills,25.3391,92.231,63.5,107.8,204.7,646.6,30.3,85,20.3,878.5,CLOUD_BURST
W000885,2025-06-28 15:36:00,Sikkim,East Sikkim,27.3925,88.5859,19.0,49.3,62.3,163.2,10.4,88,27.5,852.2,HEAVY_RAIN
W000886,2025-06-28 18:00:00,Sikkim,North Sikkim,27.5089,88.4688,37.9,66.9,134.2,431.3,14.9,89,38.8,769.0,HEAVY_RAIN
W000887,2025-06-28 20:24:00,Sikkim,South Sikkim,27.1252,88.4414,20.6,88.9,133.3,291.1,29.4,90,40.4,880.3,HEAVY_RAIN
W000888,2025-06-28 22:48:00,Nagaland,Kohima,25.5544,93.9988,25.1,74.0,108.7,358.4,26.4,95,28.5,872.0,HEAVY_RAIN
W000889,2025-06-29 01:12:00,Nagaland,Dimapur,25.7819,93.757,14.5,21.0,43.5,114.4,22.3,85,22.0,993.2,MODERATE_RAIN
W000890,2025-06-29 03:36:00,Nagaland,Mokokchung,26.3877,94.6068,12.1,61.8,91.0,183.0,25.3,98,21.0,882.6,HEAVY_RAIN
W000891,2025-06-29 06:00:00,Manipur,Imphal West,24.7795,93.8484,25.5,41.1,74.5,232.0,31.9,93,28.1,932.2,HEAVY_RAIN
W000892,2025-06-29 08:24:00,Manipur,Bishnupur,24.5288,93.81,13.0,39.2,58.2,120.6,29.2,95,21.7,940.5,HEAVY_RAIN
W000893,2025-06-29 10:48:00,Manipur,Senapati,25.2794,94.0436,25.4,73.6,92.7,177.4,25.6,89,40.0,888.1,HEAVY_RAIN
W000894,2025-06-29 13:12:00,Mizoram,Aizawl,23.7427,92.7349,33.7,81.2,118.6,352.7,30.8,94,15.9,906.2,HEAVY_RAIN
W000895,2025-06-29 15:36:00,Mizoram,Kolasib,24.1461,92.622,12.1,30.8,40.8,80.2,24.9,88,34.9,955.0,MODERATE_RAIN
W000896,2025-06-29 18:00:00,Mizoram,Lunglei,22.7714,92.8491,37.5,82.6,131.0,428.2,34.8,97,17.0,917.7,HEAVY_RAIN
W000897,2025-06-29 20:24:00,Tripura,West Tripura,23.8913,91.1853,21.6,66.3,147.2,399.5,33.7,97,27.9,1011.2,TORRENTIAL_RAIN
W000898,2025-06-29 22:48:00,Tripura,Sipahijala,23.7253,91.3462,43.1,92.2,124.6,277.3,23.5,86,19.7,1007.4,HEAVY_RAIN
W000899,2025-06-30 01:12:00,Tripura,Dhalai,23.9894,91.7016,6.5,18.5,32.6,85.6,27.9,95,27.8,1004.3,MODERATE_RAIN
W000900,2025-06-30 03:36:00,Arunachal Pradesh,Tawang,27.6162,91.7358,62.8,150.3,203.8,478.6,12.0,96,11.6,731.6,CLOUD_BURST
W000901,2025-06-30 06:00:00,Arunachal Pradesh,West Kameng,27.1258,92.3812,16.3,32.7,48.0,119.4,16.6,90,30.9,798.5,MODERATE_RAIN
W000902,2025-06-30 08:24:00,Arunachal Pradesh,Papum Pare,27.1639,93.6458,20.0,51.3,100.6,276.4,27.9,87,31.2,978.0,HEAVY_RAIN
W000903,2025-06-30 10:48:00,Arunachal Pradesh,East Siang,28.0477,95.2365,18.0,42.3,75.9,256.8,22.3,87,8.4,995.7,HEAVY_RAIN
W000904,2025-06-30 13:12:00,Arunachal Pradesh,Lower Subansiri,27.4584,93.9152,43.5,77.1,128.1,408.3,31.6,85,22.8,859.8,HEAVY_RAIN
W000905,2025-06-30 15:36:00,Assam,Kamrup Metropolitan,26.0453,91.597,36.7,66.8,127.7,408.4,30.4,97,10.3,1010.8,HEAVY_RAIN
W000906,2025-06-30 18:00:00,Assam,Kamrup Rural,26.0611,91.4948,33.5,76.4,100.1,261.7,30.1,97,38.0,1008.4,HEAVY_RAIN
W000907,2025-06-30 20:24:00,Assam,Darrang,26.4778,92.0363,33.2,90.1,150.2,294.6,30.5,92,38.4,1004.8,TORRENTIAL_RAIN
W000908,2025-06-30 22:48:00,Assam,Sonitpur,26.6487,92.8604,17.5,55.0,84.8,236.1,33.4,96,39.4,1004.5,HEAVY_RAIN
W000909,2025-07-01 01:12:00,Assam,Dibrugarh,27.6118,94.845,11.8,18.6,39.4,100.7,25.1,90,12.4,1001.0,MODERATE_RAIN
W000910,2025-07-01 03:36:00,Assam,Cachar,24.8045,92.6303,17.7,79.0,110.6,215.5,29.0,97,39.2,1011.2,HEAVY_RAIN
W000911,2025-07-01 06:00:00,Assam,Nagaon,26.2169,92.6223,10.9,36.3,68.8,227.9,25.1,96,15.3,1011.2,HEAVY_RAIN
W000912,2025-07-01 08:24:00,Meghalaya,East Khasi Hills,25.6916,91.9872,29.4,95.4,169.8,328.4,27.2,94,8.9,865.9,TORRENTIAL_RAIN
W000913,2025-07-01 10:48:00,Meghalaya,West Khasi Hills,25.4731,91.2551,75.7,151.5,224.0,753.0,31.2,94,8.1,890.6,CLOUD_BURST
W000914,2025-07-01 13:12:00,Meghalaya,Ri-Bhoi,25.8877,91.8682,47.2,91.9,174.6,446.4,33.4,89,12.8,957.8,CLOUD_BURST
W000915,2025-07-01 15:36:00,Meghalaya,West Jaintia Hills,25.3773,92.1648,16.7,64.9,110.4,289.6,32.9,85,21.0,878.9,HEAVY_RAIN
W000916,2025-07-01 18:00:00,Sikkim,East Sikkim,27.2579,88.5512,28.0,126.2,156.9,428.9,9.8,91,40.2,853.0,TORRENTIAL_RAIN
W000917,2025-07-01 20:24:00,Sikkim,North Sikkim,27.5997,88.4745,9.3,43.0,63.1,191.2,15.7,95,16.7,777.9,HEAVY_RAIN
W000918,2025-07-01 22:48:00,Sikkim,South Sikkim,27.1226,88.3664,26.9,64.0,78.9,212.6,22.1,88,23.1,889.5,HEAVY_RAIN
W000919,2025-07-02 01:12:00,Nagaland,Kohima,25.7934,94.0393,25.1,66.7,132.6,318.2,22.4,92,41.0,868.7,HEAVY_RAIN
W000920,2025-07-02 03:36:00,Nagaland,Dimapur,25.9065,93.6374,21.1,72.8,87.3,237.2,22.4,87,15.8,990.8,HEAVY_RAIN
W000921,2025-07-02 06:00:00,Nagaland,Mokokchung,26.2438,94.6205,16.4,54.7,109.7,354.5,33.9,85,38.6,879.2,HEAVY_RAIN
W000922,2025-07-02 08:24:00,Manipur,Imphal West,24.699,94.0629,32.5,66.1,113.9,285.0,27.4,87,28.1,933.7,HEAVY_RAIN
W000923,2025-07-02 10:48:00,Manipur,Bishnupur,24.4844,93.8716,16.2,83.5,107.9,296.6,32.1,87,38.1,943.1,HEAVY_RAIN
W000924,2025-07-02 13:12:00,Manipur,Senapati,25.2046,94.1294,30.1,70.9,97.1,221.1,24.0,89,20.3,885.6,HEAVY_RAIN
W000925,2025-07-02 15:36:00,Mizoram,Aizawl,23.7243,92.8629,21.5,42.2,85.2,278.9,29.5,89,11.9,896.9,HEAVY_RAIN
W000926,2025-07-02 18:00:00,Mizoram,Kolasib,24.2951,92.5685,5.1,16.3,31.1,85.1,22.1,85,19.0,952.7,MODERATE_RAIN
W000927,2025-07-02 20:24:00,Mizoram,Lunglei,22.8922,92.7407,20.1,80.4,124.7,300.2,23.0,98,13.0,914.2,HEAVY_RAIN
W000928,2025-07-02 22:48:00,Tripura,West Tripura,23.8187,91.1729,14.5,38.7,51.5,104.2,33.5,90,20.5,1009.2,HEAVY_RAIN
W000929,2025-07-03 01:12:00,Tripura,Sipahijala,23.4885,91.2252,14.1,44.1,66.7,188.7,30.6,94,9.9,1008.7,HEAVY_RAIN
W000930,2025-07-03 03:36:00,Tripura,Dhalai,23.9586,91.7561,32.0,75.3,149.9,389.7,30.5,85,11.3,1002.1,TORRENTIAL_RAIN
W000931,2025-07-03 06:00:00,Arunachal Pradesh,Tawang,27.62,91.8192,19.1,46.8,69.0,157.3,8.5,85,37.5,728.7,HEAVY_RAIN
W000932,2025-07-03 08:24:00,Arunachal Pradesh,West Kameng,27.3402,92.3754,25.1,88.6,108.9,262.7,15.0,98,35.4,798.5,HEAVY_RAIN
W000933,2025-07-03 10:48:00,Arunachal Pradesh,Papum Pare,26.9897,93.6394,18.7,44.6,74.4,247.6,23.8,88,26.9,984.9,HEAVY_RAIN
W000934,2025-07-03 13:12:00,Arunachal Pradesh,East Siang,28.1572,95.3426,30.8,49.4,108.8,214.7,23.1,88,23.1,993.2,HEAVY_RAIN
W000935,2025-07-03 15:36:00,Arunachal Pradesh,Lower Subansiri,27.6877,93.7249,24.8,87.5,143.3,288.5,15.0,92,25.0,856.1,TORRENTIAL_RAIN
W000936,2025-07-03 18:00:00,Assam,Kamrup Metropolitan,26.0348,91.8542,11.6,19.7,43.5,106.5,31.4,92,24.9,1005.9,MODERATE_RAIN
W000937,2025-07-03 20:24:00,Assam,Kamrup Rural,26.2706,91.502,55.9,116.6,162.5,315.5,23.7,86,12.4,1006.4,CLOUD_BURST
W000938,2025-07-03 22:48:00,Assam,Darrang,26.3317,91.93,11.5,30.9,46.1,137.4,23.6,88,13.1,1011.2,MODERATE_RAIN
W000939,2025-07-04 01:12:00,Assam,Sonitpur,26.6728,92.7776,33.3,83.2,106.3,293.7,33.1,95,27.9,1007.3,HEAVY_RAIN
W000940,2025-07-04 03:36:00,Assam,Dibrugarh,27.49,95.005,25.2,48.3,98.2,265.5,34.2,97,39.1,1004.2,HEAVY_RAIN
W000941,2025-07-04 06:00:00,Assam,Cachar,24.9435,92.9178,19.2,109.7,139.4,432.6,30.4,86,28.5,1011.2,HEAVY_RAIN
W000942,2025-07-04 08:24:00,Assam,Nagaon,26.3567,92.8278,52.9,102.8,161.4,507.7,28.0,94,11.8,1009.3,CLOUD_BURST
W000943,2025-07-04 10:48:00,Meghalaya,East Khasi Hills,25.575,91.9643,40.6,111.0,212.2,581.8,28.1,88,22.0,862.0,TORRENTIAL_RAIN
W000944,2025-07-04 13:12:00,Meghalaya,West Khasi Hills,25.4991,91.397,25.4,61.3,127.2,418.3,25.1,85,18.2,882.8,HEAVY_RAIN
W000945,2025-07-04 15:36:00,Meghalaya,Ri-Bhoi,25.8512,91.9194,57.5,127.9,166.8,434.5,27.8,95,30.0,958.0,CLOUD_BURST
W000946,2025-07-04 18:00:00,Meghalaya,West Jaintia Hills,25.3237,92.1531,44.0,101.0,194.7,589.4,25.9,93,14.7,884.8,TORRENTIAL_RAIN
W000947,2025-07-04 20:24:00,Sikkim,East Sikkim,27.2691,88.6499,47.4,104.3,149.3,387.2,12.2,93,37.5,854.0,CLOUD_BURST
W000948,2025-07-04 22:48:00,Sikkim,North Sikkim,27.6316,88.6244,11.5,64.0,78.9,239.0,16.3,88,25.6,772.5,HEAVY_RAIN
W000949,2025-07-05 01:12:00,Sikkim,South Sikkim,27.0752,88.2069,15.8,62.2,121.3,397.1,22.6,96,17.2,882.6,HEAVY_RAIN
W000950,2025-07-05 03:36:00,Nagaland,Kohima,25.7483,94.1835,12.7,58.1,102.1,238.9,29.6,90,9.7,875.4,HEAVY_RAIN
W000951,2025-07-05 06:00:00,Nagaland,Dimapur,25.7759,93.8411,4.5,19.3,34.1,95.6,27.4,89,15.8,993.1,MODERATE_RAIN
W000952,2025-07-05 08:24:00,Nagaland,Mokokchung,26.3322,94.6688,16.0,44.5,86.1,212.9,32.1,94,12.7,888.4,HEAVY_RAIN
W000953,2025-07-05 10:48:00,Manipur,Imphal West,24.8634,94.0524,20.4,65.0,79.4,177.2,32.2,88,28.2,938.3,HEAVY_RAIN
W000954,2025-07-05 13:12:00,Manipur,Bishnupur,24.6153,93.6524,14.1,33.9,41.4,117.8,22.8,86,19.3,937.1,MODERATE_RAIN
W000955,2025-07-05 15:36:00,Manipur,Senapati,25.3091,94.1181,13.5,68.3,93.0,281.6,24.4,87,18.6,892.6,HEAVY_RAIN
W000956,2025-07-05 18:00:00,Mizoram,Aizawl,23.8384,92.8481,9.1,31.0,38.9,98.5,34.6,85,8.4,901.5,MODERATE_RAIN
W000957,2025-07-05 20:24:00,Mizoram,Kolasib,24.2793,92.5831,7.0,31.8,38.9,120.4,24.8,89,25.9,951.9,MODERATE_RAIN
W000958,2025-07-05 22:48:00,Mizoram,Lunglei,22.9932,92.7205,28.9,74.1,129.5,276.7,29.0,88,35.0,911.2,HEAVY_RAIN
W000959,2025-07-06 01:12:00,Tripura,West Tripura,23.7857,91.2987,39.2,92.5,132.8,388.7,33.9,91,24.2,1005.6,HEAVY_RAIN
W000960,2025-07-06 03:36:00,Tripura,Sipahijala,23.6087,91.2087,54.0,85.8,156.1,435.9,32.3,87,34.2,1011.2,CLOUD_BURST
W000961,2025-07-06 06:00:00,Tripura,Dhalai,23.9544,91.8032,9.9,38.6,52.1,117.5,26.2,85,14.9,999.5,HEAVY_RAIN
W000962,2025-07-06 08:24:00,Arunachal Pradesh,Tawang,27.5837,91.936,18.0,67.5,145.2,487.4,7.1,89,23.4,731.2,TORRENTIAL_RAIN
W000963,2025-07-06 10:48:00,Arunachal Pradesh,West Kameng,27.2024,92.3353,15.9,29.2,50.9,107.8,12.3,88,33.1,803.5,HEAVY_RAIN
W000964,2025-07-06 13:12:00,Arunachal Pradesh,Papum Pare,27.215,93.5977,17.3,79.2,96.0,285.3,25.7,93,12.2,984.7,HEAVY_RAIN
W000965,2025-07-06 15:36:00,Arunachal Pradesh,East Siang,28.0329,95.2895,38.1,109.2,147.7,446.8,31.6,91,20.4,1000.7,TORRENTIAL_RAIN
W000966,2025-07-06 18:00:00,Arunachal Pradesh,Lower Subansiri,27.555,93.92,64.3,102.8,190.5,418.1,34.4,94,21.6,858.6,CLOUD_BURST
W000967,2025-07-06 20:24:00,Assam,Kamrup Metropolitan,26.0799,91.8091,6.3,17.4,32.6,100.0,29.7,87,41.7,1003.6,MODERATE_RAIN
W000968,2025-07-06 22:48:00,Assam,Kamrup Rural,26.0555,91.453,18.3,51.7,76.8,171.5,27.9,88,35.1,1011.2,HEAVY_RAIN
W000969,2025-07-07 01:12:00,Assam,Darrang,26.3836,92.0678,32.2,54.3,99.0,326.8,25.0,89,29.4,1011.2,HEAVY_RAIN
W000970,2025-07-07 03:36:00,Assam,Sonitpur,26.7747,92.6492,24.0,74.8,143.2,321.5,26.0,96,13.2,1010.2,TORRENTIAL_RAIN
W000971,2025-07-07 06:00:00,Assam,Dibrugarh,27.4543,94.7645,44.3,60.7,132.4,364.8,26.9,95,23.6,1007.4,HEAVY_RAIN
W000972,2025-07-07 08:24:00,Assam,Cachar,24.7859,92.7224,6.5,17.5,37.4,122.4,27.2,86,35.9,1006.6,MODERATE_RAIN
W000973,2025-07-07 10:48:00,Assam,Nagaon,26.4043,92.5435,22.8,47.8,74.1,150.8,34.3,89,37.2,1011.2,HEAVY_RAIN
W000974,2025-07-07 13:12:00,Meghalaya,East Khasi Hills,25.4456,91.976,14.8,48.4,57.8,164.8,31.1,88,13.2,872.2,HEAVY_RAIN
W000975,2025-07-07 15:36:00,Meghalaya,West Khasi Hills,25.6287,91.185,50.6,103.7,182.0,438.9,26.0,86,29.1,888.9,CLOUD_BURST
W000976,2025-07-07 18:00:00,Meghalaya,Ri-Bhoi,25.9804,91.8047,25.5,60.2,124.2,295.7,28.6,96,40.0,955.6,HEAVY_RAIN
W000977,2025-07-07 20:24:00,Meghalaya,West Jaintia Hills,25.5984,92.1098,28.5,101.1,207.8,472.6,34.7,98,19.7,879.5,TORRENTIAL_RAIN
W000978,2025-07-07 22:48:00,Sikkim,East Sikkim,27.4835,88.5983,9.4,17.7,32.9,96.5,13.5,88,33.9,848.9,MODERATE_RAIN
W000979,2025-07-08 01:12:00,Sikkim,North Sikkim,27.3976,88.6185,11.1,25.0,39.2,94.1,12.2,95,20.2,769.7,MODERATE_RAIN
W000980,2025-07-08 03:36:00,Sikkim,South Sikkim,27.096,88.3916,51.5,96.0,158.2,489.8,24.3,92,30.1,889.2,CLOUD_BURST
W000981,2025-07-08 06:00:00,Nagaland,Kohima,25.7251,94.2506,34.8,74.2,162.4,499.5,23.6,90,36.7,875.0,TORRENTIAL_RAIN
W000982,2025-07-08 08:24:00,Nagaland,Dimapur,25.807,93.6603,11.0,26.6,40.0,97.9,34.3,91,18.7,998.5,MODERATE_RAIN
W000983,2025-07-08 10:48:00,Nagaland,Mokokchung,26.4657,94.5443,9.3,19.8,31.2,103.3,26.1,89,9.9,881.1,MODERATE_RAIN
W000984,2025-07-08 13:12:00,Manipur,Imphal West,24.7784,93.8136,30.4,72.8,112.0,273.0,30.5,93,23.7,940.2,HEAVY_RAIN
W000985,2025-07-08 15:36:00,Manipur,Bishnupur,24.5839,93.9054,6.6,21.7,40.4,135.2,22.3,98,9.4,934.1,MODERATE_RAIN
W000986,2025-07-08 18:00:00,Manipur,Senapati,25.3034,94.0704,17.2,62.4,133.3,436.5,31.9,90,11.3,886.7,HEAVY_RAIN
W000987,2025-07-08 20:24:00,Mizoram,Aizawl,23.6721,92.7351,6.2,18.7,36.8,115.8,28.8,92,26.3,900.3,MODERATE_RAIN
W000988,2025-07-08 22:48:00,Mizoram,Kolasib,24.2016,92.5879,10.7,48.7,58.0,144.2,23.5,98,26.9,950.7,HEAVY_RAIN
W000989,2025-07-09 01:12:00,Mizoram,Lunglei,22.8052,92.6018,15.5,29.0,45.4,122.7,26.6,92,31.3,910.3,MODERATE_RAIN
W000990,2025-07-09 03:36:00,Tripura,West Tripura,23.8906,91.1937,52.1,73.0,155.9,378.2,22.5,93,19.4,1011.2,CLOUD_BURST
W000991,2025-07-09 06:00:00,Tripura,Sipahijala,23.6255,91.4223,20.8,63.3,84.0,207.5,24.3,85,24.3,1008.5,HEAVY_RAIN
W000992,2025-07-09 08:24:00,Tripura,Dhalai,23.7207,91.7465,11.9,39.8,51.1,152.6,34.8,86,30.7,1001.7,HEAVY_RAIN
W000993,2025-07-09 10:48:00,Arunachal Pradesh,Tawang,27.5723,91.9422,42.5,134.1,190.8,493.6,10.5,88,23.8,728.6,TORRENTIAL_RAIN
W000994,2025-07-09 13:12:00,Arunachal Pradesh,West Kameng,27.1201,92.5229,22.4,59.6,78.2,261.1,9.1,95,28.5,793.8,HEAVY_RAIN
W000995,2025-07-09 15:36:00,Arunachal Pradesh,Papum Pare,26.9694,93.7567,49.4,142.1,206.1,586.0,29.4,86,16.7,977.5,CLOUD_BURST
W000996,2025-07-09 18:00:00,Arunachal Pradesh,East Siang,28.0653,95.3414,54.7,111.9,210.5,545.7,23.0,90,17.0,996.2,CLOUD_BURST
W000997,2025-07-09 20:24:00,Arunachal Pradesh,Lower Subansiri,27.4966,93.7089,9.9,29.9,45.2,134.9,27.8,85,27.1,858.0,MODERATE_RAIN
W000998,2025-07-09 22:48:00,Assam,Kamrup Metropolitan,26.0334,91.8482,43.3,64.3,133.0,313.4,27.6,89,28.7,1011.2,HEAVY_RAIN
W000999,2025-07-10 01:12:00,Assam,Kamrup Rural,26.0445,91.6045,16.9,67.3,79.3,180.3,31.8,92,39.1,1008.6,HEAVY_RAIN
W001000,2025-07-10 03:36:00,Assam,Darrang,26.5124,91.9578,19.9,97.5,118.5,228.0,22.4,89,36.4,1009.5,HEAVY_RAIN
W001001,2025-07-10 06:00:00,Assam,Sonitpur,26.4877,92.9189,15.1,58.8,76.7,173.4,28.1,91,35.0,1003.3,HEAVY_RAIN
W001002,2025-07-10 08:24:00,Assam,Dibrugarh,27.3468,95.0023,5.4,19.5,32.5,95.3,28.3,93,13.5,1007.8,MODERATE_RAIN
W001003,2025-07-10 10:48:00,Assam,Cachar,24.9504,92.8755,17.7,57.6,86.1,250.5,22.2,86,16.9,1006.7,HEAVY_RAIN
W001004,2025-07-10 13:12:00,Assam,Nagaon,26.2749,92.5462,12.8,31.4,37.8,88.3,26.2,94,41.9,1011.2,MODERATE_RAIN
W001005,2025-07-10 15:36:00,Meghalaya,East Khasi Hills,25.4936,91.8991,37.8,70.8,108.4,327.0,22.5,92,39.2,871.9,HEAVY_RAIN
W001006,2025-07-10 18:00:00,Meghalaya,West Khasi Hills,25.4168,91.2679,55.9,144.5,222.9,634.5,25.1,92,12.6,890.6,CLOUD_BURST
W001007,2025-07-10 20:24:00,Meghalaya,Ri-Bhoi,25.9175,91.8974,26.4,57.1,125.5,388.7,32.0,88,15.5,955.9,HEAVY_RAIN
W001008,2025-07-10 22:48:00,Meghalaya,West Jaintia Hills,25.4074,92.1876,23.6,127.5,187.0,436.9,26.1,93,29.0,880.4,TORRENTIAL_RAIN
W001009,2025-07-11 01:12:00,Sikkim,East Sikkim,27.4266,88.6215,7.5,44.0,60.5,179.7,7.7,98,27.3,851.1,HEAVY_RAIN
W001010,2025-07-11 03:36:00,Sikkim,North Sikkim,27.6495,88.5329,22.5,65.3,116.9,354.4,8.3,93,31.6,774.6,HEAVY_RAIN
W001011,2025-07-11 06:00:00,Sikkim,South Sikkim,27.3191,88.4535,18.8,60.4,78.5,167.6,26.4,91,19.1,886.6,HEAVY_RAIN
W001012,2025-07-11 08:24:00,Nagaland,Kohima,25.7429,94.1411,10.2,42.4,84.6,165.5,24.9,98,9.3,870.9,HEAVY_RAIN
W001013,2025-07-11 10:48:00,Nagaland,Dimapur,25.9219,93.8009,18.6,64.6,81.6,274.5,23.3,90,30.4,995.5,HEAVY_RAIN
W001014,2025-07-11 13:12:00,Nagaland,Mokokchung,26.2941,94.5879,28.9,78.1,100.0,205.3,28.7,93,34.3,886.2,HEAVY_RAIN
W001015,2025-07-11 15:36:00,Manipur,Imphal West,24.965,93.8774,32.4,57.6,98.4,247.9,27.6,94,35.2,938.4,HEAVY_RAIN
W001016,2025-07-11 18:00:00,Manipur,Bishnupur,24.5769,93.846,24.6,72.5,144.7,389.4,25.8,88,29.6,931.9,TORRENTIAL_RAIN
W001017,2025-07-11 20:24:00,Manipur,Senapati,25.2761,94.0269,8.6,26.6,34.5,87.1,26.2,91,28.8,885.0,MODERATE_RAIN
W001018,2025-07-11 22:48:00,Mizoram,Aizawl,23.7152,92.6144,43.5,112.4,141.9,329.6,25.9,85,13.4,905.1,TORRENTIAL_RAIN
W001019,2025-07-12 01:12:00,Mizoram,Kolasib,24.1399,92.7733,45.3,82.5,161.9,437.9,32.9,87,10.4,958.2,CLOUD_BURST
W001020,2025-07-12 03:36:00,Mizoram,Lunglei,22.7952,92.6132,25.6,70.8,147.2,360.7,24.9,86,36.4,915.1,TORRENTIAL_RAIN
W001021,2025-07-12 06:00:00,Tripura,West Tripura,23.9292,91.3437,10.9,32.6,44.8,110.7,26.9,93,12.1,1008.5,MODERATE_RAIN
W001022,2025-07-12 08:24:00,Tripura,Sipahijala,23.6777,91.1732,9.7,49.5,65.6,190.5,27.3,90,8.8,1005.9,HEAVY_RAIN
W001023,2025-07-12 10:48:00,Tripura,Dhalai,23.7168,91.9313,27.4,44.5,91.3,242.1,32.8,86,11.5,1001.0,HEAVY_RAIN
W001024,2025-07-12 13:12:00,Arunachal Pradesh,Tawang,27.7152,91.7456,42.8,70.4,140.8,334.1,17.4,98,31.0,725.3,TORRENTIAL_RAIN
W001025,2025-07-12 15:36:00,Arunachal Pradesh,West Kameng,27.2952,92.2693,12.2,41.3,64.1,175.7,14.2,87,10.2,793.8,HEAVY_RAIN
W001026,2025-07-12 18:00:00,Arunachal Pradesh,Papum Pare,27.1077,93.5624,8.5,26.4,46.9,103.0,22.9,86,40.1,980.7,MODERATE_RAIN
W001027,2025-07-12 20:24:00,Arunachal Pradesh,East Siang,27.9822,95.1912,53.5,105.4,214.4,410.5,34.8,97,31.7,994.8,CLOUD_BURST
W001028,2025-07-12 22:48:00,Arunachal Pradesh,Lower Subansiri,27.6259,93.8526,15.3,39.5,79.6,255.6,30.7,89,23.3,865.1,HEAVY_RAIN
W001029,2025-07-13 01:12:00,Assam,Kamrup Metropolitan,26.1128,91.6259,21.1,66.4,97.8,226.1,22.6,98,21.1,1011.2,HEAVY_RAIN
W001030,2025-07-13 03:36:00,Assam,Kamrup Rural,26.1994,91.4908,11.8,28.3,43.5,117.0,22.9,87,16.9,1008.4,MODERATE_RAIN
W001031,2025-07-13 06:00:00,Assam,Darrang,26.3411,91.9215,41.1,84.2,139.0,329.7,23.6,95,23.6,1007.0,HEAVY_RAIN
W001032,2025-07-13 08:24:00,Assam,Sonitpur,26.6552,92.811,27.3,66.5,119.3,236.5,31.4,85,15.3,1002.2,HEAVY_RAIN
W001033,2025-07-13 10:48:00,Assam,Dibrugarh,27.4027,94.891,36.7,90.8,164.1,466.2,30.0,98,23.3,1000.0,TORRENTIAL_RAIN
W001034,2025-07-13 13:12:00,Assam,Cachar,24.8848,92.756,19.3,77.4,111.6,330.6,27.1,98,28.9,1011.2,HEAVY_RAIN
W001035,2025-07-13 15:36:00,Assam,Nagaon,26.3918,92.7649,12.9,25.7,42.0,98.7,22.1,90,15.6,1010.8,MODERATE_RAIN
W001036,2025-07-13 18:00:00,Meghalaya,East Khasi Hills,25.7258,91.876,41.6,80.1,135.8,449.6,31.1,92,19.8,871.3,HEAVY_RAIN
W001037,2025-07-13 20:24:00,Meghalaya,West Khasi Hills,25.43,91.3156,50.7,116.5,240.2,757.8,23.1,98,28.5,891.8,CLOUD_BURST
W001038,2025-07-13 22:48:00,Meghalaya,Ri-Bhoi,25.7837,91.7464,34.1,138.6,181.3,389.5,24.9,85,39.7,957.4,TORRENTIAL_RAIN
W001039,2025-07-14 01:12:00,Meghalaya,West Jaintia Hills,25.546,92.0541,9.4,28.9,51.0,136.8,28.0,89,27.1,880.1,HEAVY_RAIN
W001040,2025-07-14 03:36:00,Sikkim,East Sikkim,27.3303,88.5561,35.8,104.5,134.6,375.1,12.4,92,23.9,848.2,HEAVY_RAIN
W001041,2025-07-14 06:00:00,Sikkim,North Sikkim,27.507,88.4776,26.7,117.0,151.3,293.2,7.1,97,35.1,773.0,TORRENTIAL_RAIN
W001042,2025-07-14 08:24:00,Sikkim,South Sikkim,27.2285,88.4005,4.2,19.7,30.5,101.7,33.2,94,18.6,887.0,MODERATE_RAIN
W001043,2025-07-14 10:48:00,Nagaland,Kohima,25.5381,94.0097,39.2,118.0,152.5,476.4,34.1,91,11.5,874.4,TORRENTIAL_RAIN
W001044,2025-07-14 13:12:00,Nagaland,Dimapur,25.8382,93.717,21.3,76.7,155.8,460.4,27.5,85,9.2,988.2,TORRENTIAL_RAIN
W001045,2025-07-14 15:36:00,Nagaland,Mokokchung,26.2564,94.6256,18.0,55.1,113.2,263.7,23.1,98,20.1,881.5,HEAVY_RAIN
W001046,2025-07-14 18:00:00,Manipur,Imphal West,24.7547,94.0518,31.4,81.2,144.6,325.1,30.7,92,30.6,937.3,TORRENTIAL_RAIN
W001047,2025-07-14 20:24:00,Manipur,Bishnupur,24.7754,93.6444,44.6,105.5,128.6,316.5,24.1,92,11.7,939.7,HEAVY_RAIN
W001048,2025-07-14 22:48:00,Manipur,Senapati,25.1364,93.9197,17.0,72.0,134.8,303.5,25.2,85,39.9,890.9,HEAVY_RAIN
W001049,2025-07-15 01:12:00,Mizoram,Aizawl,23.589,92.8443,9.8,28.8,37.5,104.1,27.0,90,19.8,904.5,MODERATE_RAIN
W001050,2025-07-15 03:36:00,Mizoram,Kolasib,24.1171,92.634,36.2,105.9,127.1,358.4,30.4,91,11.5,954.9,HEAVY_RAIN
W001051,2025-07-15 06:00:00,Mizoram,Lunglei,23.0288,92.8836,31.2,72.9,91.3,278.0,31.0,87,25.2,915.7,HEAVY_RAIN
W001052,2025-07-15 08:24:00,Tripura,West Tripura,23.9451,91.4039,19.7,103.7,126.9,392.0,32.6,96,36.8,1005.5,HEAVY_RAIN
W001053,2025-07-15 10:48:00,Tripura,Sipahijala,23.7697,91.2297,15.8,57.7,80.8,254.8,24.0,91,35.6,1011.2,HEAVY_RAIN
W001054,2025-07-15 13:12:00,Tripura,Dhalai,23.7263,91.8147,28.6,58.0,104.7,211.2,34.0,88,27.6,996.9,HEAVY_RAIN
W001055,2025-07-15 15:36:00,Arunachal Pradesh,Tawang,27.5043,91.7815,57.9,114.3,177.8,500.2,11.6,85,8.2,733.0,CLOUD_BURST
W001056,2025-07-15 18:00:00,Arunachal Pradesh,West Kameng,27.2961,92.4007,27.5,65.9,102.9,230.9,10.2,93,12.0,801.9,HEAVY_RAIN
W001057,2025-07-15 20:24:00,Arunachal Pradesh,Papum Pare,27.1128,93.7066,34.5,96.5,164.9,410.6,32.5,92,14.4,976.9,TORRENTIAL_RAIN
W001058,2025-07-15 22:48:00,Arunachal Pradesh,East Siang,28.1856,95.4489,56.4,117.1,192.9,482.4,32.7,92,28.3,998.5,CLOUD_BURST
W001059,2025-07-16 01:12:00,Arunachal Pradesh,Lower Subansiri,27.4435,93.9599,14.0,29.8,41.7,118.5,10.3,91,36.8,854.7,MODERATE_RAIN
W001060,2025-07-16 03:36:00,Assam,Kamrup Metropolitan,26.1544,91.802,17.4,33.6,61.2,128.4,31.0,98,32.6,1011.2,HEAVY_RAIN
W001061,2025-07-16 06:00:00,Assam,Kamrup Rural,26.2531,91.6416,34.5,122.1,163.1,545.9,26.7,86,36.3,1002.4,TORRENTIAL_RAIN
W001062,2025-07-16 08:24:00,Assam,Darrang,26.393,92.1047,23.0,82.1,117.5,253.9,34.8,85,30.7,1003.7,HEAVY_RAIN
W001063,2025-07-16 10:48:00,Assam,Sonitpur,26.5659,92.8763,41.2,67.1,135.8,415.0,22.7,96,22.4,1010.2,HEAVY_RAIN
W001064,2025-07-16 13:12:00,Assam,Dibrugarh,27.6186,94.9471,27.1,54.6,86.1,236.2,32.2,98,33.4,1001.0,HEAVY_RAIN
W001065,2025-07-16 15:36:00,Assam,Cachar,24.753,92.8351,15.9,95.0,114.6,364.8,22.0,94,26.9,1011.2,HEAVY_RAIN
W001066,2025-07-16 18:00:00,Assam,Nagaon,26.2354,92.7878,14.5,32.4,48.9,115.1,34.6,96,29.2,1006.9,MODERATE_RAIN
W001067,2025-07-16 20:24:00,Meghalaya,East Khasi Hills,25.6844,91.8907,57.4,166.3,206.4,611.6,29.3,90,12.3,871.4,CLOUD_BURST
W001068,2025-07-16 22:48:00,Meghalaya,West Khasi Hills,25.4826,91.4006,31.9,89.0,187.5,543.4,28.9,91,38.2,882.1,TORRENTIAL_RAIN
W001069,2025-07-17 01:12:00,Meghalaya,Ri-Bhoi,25.9727,92.0265,85.0,137.7,251.4,851.7,33.1,98,41.0,955.8,CLOUD_BURST
W001070,2025-07-17 03:36:00,Meghalaya,West Jaintia Hills,25.5864,92.1818,27.0,100.1,198.1,669.9,32.0,92,12.6,881.1,TORRENTIAL_RAIN
W001071,2025-07-17 06:00:00,Sikkim,East Sikkim,27.3262,88.5305,10.5,36.7,48.9,131.5,17.8,96,12.1,852.4,MODERATE_RAIN
W001072,2025-07-17 08:24:00,Sikkim,North Sikkim,27.5973,88.6161,21.8,57.4,81.9,243.8,16.0,87,22.1,774.1,HEAVY_RAIN
W001073,2025-07-17 10:48:00,Sikkim,South Sikkim,27.1981,88.3576,37.1,83.2,133.2,300.8,28.6,89,29.3,880.7,HEAVY_RAIN
W001074,2025-07-17 13:12:00,Nagaland,Kohima,25.5579,94.0957,23.6,69.7,109.8,253.7,32.9,87,34.6,867.0,HEAVY_RAIN
W001075,2025-07-17 15:36:00,Nagaland,Dimapur,25.9124,93.6962,34.1,89.2,120.0,346.5,34.7,86,38.6,990.8,HEAVY_RAIN
W001076,2025-07-17 18:00:00,Nagaland,Mokokchung,26.4045,94.6588,16.2,38.7,50.1,155.7,33.8,87,38.2,887.4,HEAVY_RAIN
W001077,2025-07-17 20:24:00,Manipur,Imphal West,24.7584,94.0351,15.9,43.2,62.5,177.3,26.2,97,39.8,936.4,HEAVY_RAIN
W001078,2025-07-17 22:48:00,Manipur,Bishnupur,24.7581,93.8215,23.7,44.5,72.3,165.3,25.9,92,33.8,932.4,HEAVY_RAIN
W001079,2025-07-18 01:12:00,Manipur,Senapati,25.2455,94.0768,21.1,44.6,63.5,193.7,31.5,91,11.8,895.2,HEAVY_RAIN
W001080,2025-07-18 03:36:00,Mizoram,Aizawl,23.8454,92.7315,23.7,92.5,161.2,541.1,24.9,90,8.8,903.4,TORRENTIAL_RAIN
W001081,2025-07-18 06:00:00,Mizoram,Kolasib,24.1237,92.7071,15.8,84.7,125.5,328.6,32.9,89,19.8,950.4,HEAVY_RAIN
W001082,2025-07-18 08:24:00,Mizoram,Lunglei,22.7571,92.6872,36.3,57.2,121.1,346.4,27.1,97,34.5,911.0,HEAVY_RAIN
W001083,2025-07-18 10:48:00,Tripura,West Tripura,23.897,91.1739,33.9,47.9,101.6,333.6,29.5,94,8.5,1011.2,HEAVY_RAIN
W001084,2025-07-18 13:12:00,Tripura,Sipahijala,23.5106,91.3742,43.6,106.9,128.5,334.3,23.5,87,32.6,1006.8,HEAVY_RAIN
W001085,2025-07-18 15:36:00,Tripura,Dhalai,23.9849,91.8136,24.0,44.8,83.6,182.7,28.6,86,35.1,1000.7,HEAVY_RAIN
W001086,2025-07-18 18:00:00,Arunachal Pradesh,Tawang,27.5367,91.9708,13.5,49.7,69.7,194.1,17.4,91,15.7,724.1,HEAVY_RAIN
W001087,2025-07-18 20:24:00,Arunachal Pradesh,West Kameng,27.1682,92.4795,39.3,80.7,118.9,333.2,10.6,91,27.7,798.3,HEAVY_RAIN
W001088,2025-07-18 22:48:00,Arunachal Pradesh,Papum Pare,27.2387,93.5532,23.4,144.4,173.0,540.5,25.3,91,31.2,985.5,TORRENTIAL_RAIN
W001089,2025-07-19 01:12:00,Arunachal Pradesh,East Siang,27.9769,95.3628,12.0,27.8,51.9,129.1,34.0,85,32.2,1000.8,HEAVY_RAIN
W001090,2025-07-19 03:36:00,Arunachal Pradesh,Lower Subansiri,27.5496,93.9222,38.8,69.0,113.7,327.4,33.2,86,13.5,858.7,HEAVY_RAIN
W001091,2025-07-19 06:00:00,Assam,Kamrup Metropolitan,26.1712,91.7289,29.6,124.8,158.0,348.9,22.4,85,9.5,1008.6,TORRENTIAL_RAIN
W001092,2025-07-19 08:24:00,Assam,Kamrup Rural,26.037,91.6767,14.8,62.6,83.7,222.8,23.9,98,29.4,1010.0,HEAVY_RAIN
W001093,2025-07-19 10:48:00,Assam,Darrang,26.5496,91.8957,40.8,107.5,164.2,366.9,33.8,97,35.2,1011.2,TORRENTIAL_RAIN
W001094,2025-07-19 13:12:00,Assam,Sonitpur,26.5274,92.6523,8.1,26.0,35.3,94.9,23.1,93,15.8,1004.3,MODERATE_RAIN
W001095,2025-07-19 15:36:00,Assam,Dibrugarh,27.5989,94.7767,17.6,71.7,87.6,238.0,23.9,85,12.5,1003.3,HEAVY_RAIN
W001096,2025-07-19 18:00:00,Assam,Cachar,24.7686,92.8272,8.6,17.7,38.6,90.4,29.1,88,30.9,1007.9,MODERATE_RAIN
W001097,2025-07-19 20:24:00,Assam,Nagaon,26.2484,92.6706,25.3,57.5,89.0,262.3,31.9,87,21.4,1005.6,HEAVY_RAIN
W001098,2025-07-19 22:48:00,Meghalaya,East Khasi Hills,25.6594,91.8401,15.9,44.8,60.4,146.8,23.2,94,8.6,861.9,HEAVY_RAIN
W001099,2025-07-20 01:12:00,Meghalaya,West Khasi Hills,25.4882,91.2751,17.0,80.3,122.5,346.4,31.0,95,32.1,890.0,HEAVY_RAIN
W001100,2025-07-20 03:36:00,Meghalaya,Ri-Bhoi,26.0078,91.8288,23.6,39.2,73.5,144.9,24.7,85,23.4,960.1,HEAVY_RAIN
W001101,2025-07-20 06:00:00,Meghalaya,West Jaintia Hills,25.4836,92.0828,14.3,37.6,73.5,211.8,25.0,94,14.5,879.6,HEAVY_RAIN
W001102,2025-07-20 08:24:00,Sikkim,East Sikkim,27.2152,88.6737,10.2,51.9,66.7,154.2,18.0,89,15.0,849.8,HEAVY_RAIN
W001103,2025-07-20 10:48:00,Sikkim,North Sikkim,27.4362,88.5827,10.0,30.9,45.5,144.4,12.9,97,11.8,775.1,MODERATE_RAIN
W001104,2025-07-20 13:12:00,Sikkim,South Sikkim,27.207,88.4781,18.2,43.0,86.1,272.1,32.2,93,36.4,884.0,HEAVY_RAIN
W001105,2025-07-20 15:36:00,Nagaland,Kohima,25.7147,94.1064,25.8,42.5,93.6,206.8,22.0,90,38.9,875.7,HEAVY_RAIN
W001106,2025-07-20 18:00:00,Nagaland,Dimapur,25.8439,93.6356,4.8,18.9,38.7,96.2,29.5,85,31.3,998.5,MODERATE_RAIN
W001107,2025-07-20 20:24:00,Nagaland,Mokokchung,26.2104,94.6244,20.7,40.1,68.8,133.6,26.3,94,24.7,879.7,HEAVY_RAIN
W001108,2025-07-20 22:48:00,Manipur,Imphal West,24.6806,93.8917,17.8,43.3,70.4,207.0,28.7,93,18.1,932.1,HEAVY_RAIN
W001109,2025-07-21 01:12:00,Manipur,Bishnupur,24.5428,93.699,5.6,35.8,46.1,132.8,34.5,90,27.5,933.7,MODERATE_RAIN
W001110,2025-07-21 03:36:00,Manipur,Senapati,25.275,94.0901,17.9,92.3,125.2,274.5,26.3,87,19.3,895.2,HEAVY_RAIN
W001111,2025-07-21 06:00:00,Mizoram,Aizawl,23.7944,92.7524,9.1,26.6,51.6,149.2,34.7,98,19.0,908.0,HEAVY_RAIN
W001112,2025-07-21 08:24:00,Mizoram,Kolasib,24.3201,92.8067,23.5,90.5,143.1,367.4,26.0,89,17.2,953.3,TORRENTIAL_RAIN
W001113,2025-07-21 10:48:00,Mizoram,Lunglei,22.9237,92.7344,10.6,27.7,37.7,99.7,27.3,98,33.4,911.3,MODERATE_RAIN
W001114,2025-07-21 13:12:00,Tripura,West Tripura,23.9503,91.2755,31.2,56.9,121.3,249.8,23.5,89,13.4,1005.5,HEAVY_RAIN
W001115,2025-07-21 15:36:00,Tripura,Sipahijala,23.7355,91.2518,17.5,46.1,73.8,160.3,27.8,92,26.3,1006.9,HEAVY_RAIN
W001116,2025-07-21 18:00:00,Tripura,Dhalai,23.7056,91.8732,14.4,71.0,84.3,195.1,29.6,98,8.7,1001.2,HEAVY_RAIN
W001117,2025-07-21 20:24:00,Arunachal Pradesh,Tawang,27.5422,92.0003,40.2,160.9,198.4,642.1,12.3,94,28.2,731.5,TORRENTIAL_RAIN
W001118,2025-07-21 22:48:00,Arunachal Pradesh,West Kameng,27.2271,92.4262,14.6,28.5,59.7,193.0,16.2,96,12.5,801.4,HEAVY_RAIN
W001119,2025-07-22 01:12:00,Arunachal Pradesh,Papum Pare,27.129,93.726,47.5,87.1,145.9,431.0,34.5,95,30.5,978.3,CLOUD_BURST
W001120,2025-07-22 03:36:00,Arunachal Pradesh,East Siang,28.129,95.2574,33.2,48.2,103.0,309.5,26.6,90,18.9,1002.8,HEAVY_RAIN
W001121,2025-07-22 06:00:00,Arunachal Pradesh,Lower Subansiri,27.5356,93.9652,32.7,99.7,126.0,259.6,24.4,91,28.1,863.6,HEAVY_RAIN
W001122,2025-07-22 08:24:00,Assam,Kamrup Metropolitan,26.1068,91.5974,12.9,59.5,104.0,249.3,27.4,86,37.7,1011.2,HEAVY_RAIN
W001123,2025-07-22 10:48:00,Assam,Kamrup Rural,26.0425,91.5568,23.6,36.3,73.9,251.0,22.0,92,38.3,1007.1,HEAVY_RAIN
W001124,2025-07-22 13:12:00,Assam,Darrang,26.447,92.1432,18.9,49.7,78.1,259.5,32.4,86,19.9,1010.2,HEAVY_RAIN
W001125,2025-07-22 15:36:00,Assam,Sonitpur,26.7453,92.8892,24.6,77.1,155.3,342.8,26.9,92,34.4,999.7,TORRENTIAL_RAIN
W001126,2025-07-22 18:00:00,Assam,Dibrugarh,27.3844,94.773,12.6,20.2,38.2,98.9,30.8,85,30.8,1003.7,MODERATE_RAIN
W001127,2025-07-22 20:24:00,Assam,Cachar,24.6845,92.9086,37.6,79.3,115.8,345.3,22.1,98,24.9,1008.1,HEAVY_RAIN
W001128,2025-07-22 22:48:00,Assam,Nagaon,26.2952,92.8008,11.9,41.1,82.7,187.7,32.9,93,29.7,1011.2,HEAVY_RAIN
W001129,2025-07-23 01:12:00,Meghalaya,East Khasi Hills,25.5225,91.9166,53.2,115.1,167.3,434.9,30.2,98,31.7,869.2,CLOUD_BURST
W001130,2025-07-23 03:36:00,Meghalaya,West Khasi Hills,25.4202,91.196,79.9,191.9,242.2,540.2,28.8,91,26.4,887.0,CLOUD_BURST
W001131,2025-07-23 06:00:00,Meghalaya,Ri-Bhoi,25.7853,91.7748,31.2,121.2,155.1,414.1,31.5,98,27.1,961.8,TORRENTIAL_RAIN
W001132,2025-07-23 08:24:00,Meghalaya,West Jaintia Hills,25.4679,92.0807,37.0,124.5,175.1,476.1,32.0,95,41.0,882.0,TORRENTIAL_RAIN
W001133,2025-07-23 10:48:00,Sikkim,East Sikkim,27.2314,88.6678,26.1,43.8,93.1,303.9,13.0,94,24.0,853.9,HEAVY_RAIN
W001134,2025-07-23 13:12:00,Sikkim,North Sikkim,27.4434,88.6677,18.0,66.3,97.0,273.3,15.5,95,36.0,772.2,HEAVY_RAIN
W001135,2025-07-23 15:36:00,Sikkim,South Sikkim,27.1612,88.4026,26.0,98.1,135.5,388.1,25.3,96,17.4,890.4,HEAVY_RAIN
W001136,2025-07-23 18:00:00,Nagaland,Kohima,25.6427,94.17,18.8,88.5,144.7,471.5,24.2,90,21.1,866.8,TORRENTIAL_RAIN
W001137,2025-07-23 20:24:00,Nagaland,Dimapur,25.9666,93.7624,26.7,95.4,134.1,314.7,27.9,89,27.3,996.1,HEAVY_RAIN
W001138,2025-07-23 22:48:00,Nagaland,Mokokchung,26.4025,94.6128,15.6,94.8,123.1,281.7,26.4,94,25.5,888.7,HEAVY_RAIN
W001139,2025-07-24 01:12:00,Manipur,Imphal West,24.8067,93.8263,36.8,128.4,154.3,440.6,33.2,95,23.7,932.0,TORRENTIAL_RAIN
W001140,2025-07-24 03:36:00,Manipur,Bishnupur,24.5116,93.7076,33.5,93.5,111.8,273.4,33.1,91,33.7,935.6,HEAVY_RAIN
W001141,2025-07-24 06:00:00,Manipur,Senapati,25.1795,93.9271,36.2,95.2,154.5,522.1,29.2,90,25.9,885.8,TORRENTIAL_RAIN
W001142,2025-07-24 08:24:00,Mizoram,Aizawl,23.6861,92.6226,28.0,94.2,164.5,322.2,32.9,94,9.9,896.9,TORRENTIAL_RAIN
W001143,2025-07-24 10:48:00,Mizoram,Kolasib,24.3347,92.666,24.6,69.4,89.8,283.8,28.1,90,37.9,959.0,HEAVY_RAIN
W001144,2025-07-24 13:12:00,Mizoram,Lunglei,22.8736,92.8437,39.0,70.7,122.6,237.6,30.1,91,26.2,915.6,HEAVY_RAIN
W001145,2025-07-24 15:36:00,Tripura,West Tripura,23.7197,91.1677,12.9,43.3,82.4,245.0,28.5,88,16.0,1005.5,HEAVY_RAIN
W001146,2025-07-24 18:00:00,Tripura,Sipahijala,23.6518,91.1833,14.1,38.4,55.5,116.3,29.2,94,9.5,1011.2,HEAVY_RAIN
W001147,2025-07-24 20:24:00,Tripura,Dhalai,23.824,91.8863,7.7,47.0,55.3,116.5,32.7,96,18.7,998.5,HEAVY_RAIN
W001148,2025-07-24 22:48:00,Arunachal Pradesh,Tawang,27.4559,91.7719,11.7,48.6,66.8,198.2,15.8,88,23.3,726.3,HEAVY_RAIN
W001149,2025-07-25 01:12:00,Arunachal Pradesh,West Kameng,27.2451,92.5021,23.7,44.7,85.1,285.3,9.3,91,10.5,796.7,HEAVY_RAIN
W001150,2025-07-25 03:36:00,Arunachal Pradesh,Papum Pare,27.1513,93.6884,29.6,91.2,113.4,315.0,31.2,89,19.7,978.8,HEAVY_RAIN
W001151,2025-07-25 06:00:00,Arunachal Pradesh,East Siang,28.0936,95.3149,41.1,96.4,118.2,251.0,22.5,86,16.6,996.9,HEAVY_RAIN
W001152,2025-07-25 08:24:00,Arunachal Pradesh,Lower Subansiri,27.4924,93.8017,25.2,40.7,73.1,241.2,26.7,88,24.0,858.8,HEAVY_RAIN
W001153,2025-07-25 10:48:00,Assam,Kamrup Metropolitan,26.2259,91.6999,24.5,40.9,82.9,227.6,34.1,93,40.5,1007.5,HEAVY_RAIN
W001154,2025-07-25 13:12:00,Assam,Kamrup Rural,26.1003,91.4537,13.8,37.5,49.9,95.9,27.4,85,33.0,1006.1,MODERATE_RAIN
W001155,2025-07-25 15:36:00,Assam,Darrang,26.3021,91.925,6.8,35.1,44.0,143.4,29.0,88,32.1,1011.2,MODERATE_RAIN
W001156,2025-07-25 18:00:00,Assam,Sonitpur,26.6685,92.7767,7.0,18.9,33.6,91.9,26.6,94,39.9,1008.9,MODERATE_RAIN
W001157,2025-07-25 20:24:00,Assam,Dibrugarh,27.4939,95.036,15.6,66.1,80.1,222.0,22.7,98,15.2,1004.8,HEAVY_RAIN
W001158,2025-07-25 22:48:00,Assam,Cachar,24.8986,92.9034,9.1,48.7,74.9,228.6,29.9,94,39.4,1011.2,HEAVY_RAIN
W001159,2025-07-26 01:12:00,Assam,Nagaon,26.3483,92.7883,15.9,38.2,59.2,188.7,24.5,95,10.1,1002.1,HEAVY_RAIN
W001160,2025-07-26 03:36:00,Meghalaya,East Khasi Hills,25.5935,91.7592,40.4,87.0,188.4,408.2,31.6,88,27.2,864.2,TORRENTIAL_RAIN
W001161,2025-07-26 06:00:00,Meghalaya,West Khasi Hills,25.3929,91.1947,68.3,154.7,197.3,655.4,27.5,98,8.6,893.3,CLOUD_BURST
W001162,2025-07-26 08:24:00,Meghalaya,Ri-Bhoi,25.8683,91.8254,39.7,116.2,244.6,627.7,34.3,94,21.6,960.5,TORRENTIAL_RAIN
W001163,2025-07-26 10:48:00,Meghalaya,West Jaintia Hills,25.3634,92.102,36.9,88.6,142.3,470.7,28.0,97,10.3,887.1,TORRENTIAL_RAIN
W001164,2025-07-26 13:12:00,Sikkim,East Sikkim,27.4662,88.7085,11.0,35.4,76.0,168.0,16.3,88,28.8,855.5,HEAVY_RAIN
W001165,2025-07-26 15:36:00,Sikkim,North Sikkim,27.3877,88.4035,23.6,74.1,91.7,299.7,10.9,95,26.7,770.9,HEAVY_RAIN
W001166,2025-07-26 18:00:00,Sikkim,South Sikkim,27.166,88.331,9.8,40.7,56.1,126.0,31.6,96,10.5,890.0,HEAVY_RAIN
W001167,2025-07-26 20:24:00,Nagaland,Kohima,25.6499,94.0954,27.9,66.4,110.5,317.5,23.9,85,19.5,868.2,HEAVY_RAIN
W001168,2025-07-26 22:48:00,Nagaland,Dimapur,25.9438,93.7138,4.7,17.3,33.4,84.4,33.3,97,12.3,994.7,MODERATE_RAIN
W001169,2025-07-27 01:12:00,Nagaland,Mokokchung,26.2816,94.4257,8.6,31.5,49.6,149.9,24.4,95,18.7,882.2,MODERATE_RAIN
W001170,2025-07-27 03:36:00,Manipur,Imphal West,24.8863,94.0004,22.1,84.7,113.8,307.6,27.8,87,26.6,938.8,HEAVY_RAIN
W001171,2025-07-27 06:00:00,Manipur,Bishnupur,24.5925,93.908,10.5,25.3,49.6,145.8,28.7,94,33.2,936.6,MODERATE_RAIN
W001172,2025-07-27 08:24:00,Manipur,Senapati,25.2841,94.1485,55.2,82.5,159.6,536.9,29.2,97,16.8,895.6,CLOUD_BURST
W001173,2025-07-27 10:48:00,Mizoram,Aizawl,23.8722,92.8627,25.5,85.2,125.0,263.3,33.5,91,8.4,898.6,HEAVY_RAIN
W001174,2025-07-27 13:12:00,Mizoram,Kolasib,24.227,92.713,32.9,83.1,106.7,306.2,33.5,98,23.0,956.3,HEAVY_RAIN
W001175,2025-07-27 15:36:00,Mizoram,Lunglei,23.0181,92.6134,22.2,96.1,123.8,298.8,26.7,88,26.7,911.2,HEAVY_RAIN
W001176,2025-07-27 18:00:00,Tripura,West Tripura,23.8654,91.4079,28.2,82.8,123.8,334.8,22.2,85,31.7,1009.0,HEAVY_RAIN
W001177,2025-07-27 20:24:00,Tripura,Sipahijala,23.6388,91.3028,24.1,71.7,111.8,289.3,33.3,98,10.9,1006.8,HEAVY_RAIN
W001178,2025-07-27 22:48:00,Tripura,Dhalai,23.9933,91.7884,36.2,105.4,152.2,506.9,24.0,89,21.6,1003.3,TORRENTIAL_RAIN
W001179,2025-07-28 01:12:00,Arunachal Pradesh,Tawang,27.6609,91.9275,12.8,32.6,49.8,168.5,16.8,94,10.4,727.8,MODERATE_RAIN
W001180,2025-07-28 03:36:00,Arunachal Pradesh,West Kameng,27.2879,92.4378,31.4,75.7,152.0,294.9,10.4,97,10.5,795.2,TORRENTIAL_RAIN
W001181,2025-07-28 06:00:00,Arunachal Pradesh,Papum Pare,27.1377,93.5526,28.2,75.6,129.5,387.6,27.2,92,35.0,986.7,HEAVY_RAIN
W001182,2025-07-28 08:24:00,Arunachal Pradesh,East Siang,28.1511,95.2516,16.3,36.8,52.0,128.3,35.0,98,27.6,996.2,HEAVY_RAIN
W001183,2025-07-28 10:48:00,Arunachal Pradesh,Lower Subansiri,27.4043,93.7135,13.9,65.9,103.5,278.0,33.7,97,33.9,864.0,HEAVY_RAIN
W001184,2025-07-28 13:12:00,Assam,Kamrup Metropolitan,26.1922,91.6971,24.8,119.1,164.6,371.6,26.9,94,10.8,1011.2,TORRENTIAL_RAIN
W001185,2025-07-28 15:36:00,Assam,Kamrup Rural,26.1805,91.6518,10.4,57.1,83.9,170.2,30.0,94,26.9,1002.6,HEAVY_RAIN
W001186,2025-07-28 18:00:00,Assam,Darrang,26.5922,92.0597,12.1,73.5,100.5,262.0,31.0,95,31.3,1003.7,HEAVY_RAIN
W001187,2025-07-28 20:24:00,Assam,Sonitpur,26.7819,92.8737,31.2,57.1,95.6,187.3,28.1,86,40.3,1008.5,HEAVY_RAIN
W001188,2025-07-28 22:48:00,Assam,Dibrugarh,27.373,94.9353,17.4,52.8,93.6,209.4,34.7,93,32.9,998.0,HEAVY_RAIN
W001189,2025-07-29 01:12:00,Assam,Cachar,24.9099,92.6637,24.8,56.5,110.6,361.4,27.4,94,19.1,1011.2,HEAVY_RAIN
W001190,2025-07-29 03:36:00,Assam,Nagaon,26.3381,92.8185,5.0,30.6,39.1,128.6,22.7,91,35.7,1001.2,MODERATE_RAIN
W001191,2025-07-29 06:00:00,Meghalaya,East Khasi Hills,25.6405,91.8857,43.5,69.4,150.4,325.6,26.8,87,30.6,871.3,TORRENTIAL_RAIN
W001192,2025-07-29 08:24:00,Meghalaya,West Khasi Hills,25.4466,91.3492,26.0,124.4,164.8,468.0,31.1,93,9.1,888.9,TORRENTIAL_RAIN
W001193,2025-07-29 10:48:00,Meghalaya,Ri-Bhoi,25.9549,91.7423,13.5,34.2,49.0,158.2,26.7,93,28.5,953.7,MODERATE_RAIN
W001194,2025-07-29 13:12:00,Meghalaya,West Jaintia Hills,25.5533,92.2331,23.2,74.7,102.8,297.6,34.2,93,37.5,880.6,HEAVY_RAIN
W001195,2025-07-29 15:36:00,Sikkim,East Sikkim,27.269,88.486,22.3,65.2,87.0,224.2,10.1,96,13.7,849.2,HEAVY_RAIN
W001196,2025-07-29 18:00:00,Sikkim,North Sikkim,27.5526,88.4725,13.7,36.4,50.4,153.5,9.5,94,9.9,770.6,HEAVY_RAIN
W001197,2025-07-29 20:24:00,Sikkim,South Sikkim,27.1212,88.4071,7.6,24.3,41.3,123.0,27.7,85,35.0,889.4,MODERATE_RAIN
W001198,2025-07-29 22:48:00,Nagaland,Kohima,25.5276,93.979,24.9,98.7,121.8,413.3,25.1,98,41.4,872.9,HEAVY_RAIN
W001199,2025-07-30 01:12:00,Nagaland,Dimapur,25.8906,93.6433,42.7,102.3,133.6,413.4,27.1,93,34.6,996.4,HEAVY_RAIN
W001200,2025-07-30 03:36:00,Nagaland,Mokokchung,26.3608,94.3871,23.2,55.6,112.1,326.7,26.9,97,36.5,882.3,HEAVY_RAIN
W001201,2025-07-30 06:00:00,Manipur,Imphal West,24.9521,93.9782,17.1,35.5,73.2,226.4,25.9,94,35.2,933.3,HEAVY_RAIN
W001202,2025-07-30 08:24:00,Manipur,Bishnupur,24.6638,93.7273,26.2,60.8,100.3,267.2,25.6,93,9.2,934.1,HEAVY_RAIN
W001203,2025-07-30 10:48:00,Manipur,Senapati,25.4001,94.1288,12.9,29.1,37.9,100.6,24.2,95,30.9,887.9,MODERATE_RAIN
W001204,2025-07-30 13:12:00,Mizoram,Aizawl,23.7752,92.5903,16.3,41.5,90.0,254.3,29.3,87,16.8,902.7,HEAVY_RAIN
W001205,2025-07-30 15:36:00,Mizoram,Kolasib,24.1981,92.801,25.7,111.9,133.3,400.6,23.4,97,11.1,949.7,HEAVY_RAIN
W001206,2025-07-30 18:00:00,Mizoram,Lunglei,22.9642,92.6732,52.7,105.1,160.0,496.2,33.2,98,16.5,918.4,CLOUD_BURST
W001207,2025-07-30 20:24:00,Tripura,West Tripura,23.6995,91.4235,39.6,84.3,121.5,352.6,31.4,93,35.8,1011.2,HEAVY_RAIN
W001208,2025-07-30 22:48:00,Tripura,Sipahijala,23.7788,91.2222,8.1,27.4,40.3,83.7,30.7,85,30.4,1011.0,MODERATE_RAIN
W001209,2025-07-31 01:12:00,Tripura,Dhalai,23.7432,91.9306,21.1,71.5,127.6,421.8,28.9,97,9.4,1002.7,HEAVY_RAIN
W001210,2025-07-31 03:36:00,Arunachal Pradesh,Tawang,27.5686,91.7871,18.0,41.0,66.4,141.6,13.6,98,30.5,734.5,HEAVY_RAIN
W001211,2025-07-31 06:00:00,Arunachal Pradesh,West Kameng,27.1897,92.3997,12.3,36.5,62.6,170.3,8.4,93,37.6,792.3,HEAVY_RAIN
W001212,2025-07-31 08:24:00,Arunachal Pradesh,Papum Pare,26.9507,93.478,67.0,135.0,201.7,414.1,29.9,98,37.0,982.9,CLOUD_BURST
W001213,2025-07-31 10:48:00,Arunachal Pradesh,East Siang,28.1874,95.3484,41.1,130.3,180.2,507.0,29.0,91,21.1,997.5,TORRENTIAL_RAIN
W001214,2025-07-31 13:12:00,Arunachal Pradesh,Lower Subansiri,27.5434,93.8012,23.1,74.8,90.7,302.7,28.3,92,16.6,857.1,HEAVY_RAIN
W001215,2025-07-31 15:36:00,Assam,Kamrup Metropolitan,26.1565,91.5872,28.5,49.1,94.0,215.6,23.0,87,19.4,1005.1,HEAVY_RAIN
W001216,2025-07-31 18:00:00,Assam,Kamrup Rural,26.2052,91.6925,6.6,28.0,36.4,103.1,33.7,90,37.4,1009.0,MODERATE_RAIN
W001217,2025-07-31 20:24:00,Assam,Darrang,26.3186,92.1801,37.6,93.3,143.3,411.8,27.9,98,25.8,1005.9,TORRENTIAL_RAIN
W001218,2025-07-31 22:48:00,Assam,Sonitpur,26.7721,92.6667,30.8,88.2,157.0,419.0,33.5,95,40.9,1005.8,TORRENTIAL_RAIN
W001219,2025-08-01 01:12:00,Assam,Dibrugarh,27.3837,94.9283,7.5,50.5,61.8,203.3,23.8,98,41.7,1003.7,HEAVY_RAIN
W001220,2025-08-01 03:36:00,Assam,Cachar,24.8003,92.6609,35.1,131.3,162.8,310.1,26.3,93,14.2,1008.0,TORRENTIAL_RAIN
W001221,2025-08-01 06:00:00,Assam,Nagaon,26.385,92.7546,24.9,43.4,91.2,268.8,24.7,90,16.5,1011.1,HEAVY_RAIN
W001222,2025-08-01 08:24:00,Meghalaya,East Khasi Hills,25.7277,91.8148,25.1,135.7,172.6,545.8,28.9,96,24.3,868.3,TORRENTIAL_RAIN
W001223,2025-08-01 10:48:00,Meghalaya,West Khasi Hills,25.4523,91.2702,27.7,69.8,97.2,244.0,34.0,85,20.2,883.3,HEAVY_RAIN
W001224,2025-08-01 13:12:00,Meghalaya,Ri-Bhoi,25.7549,91.8318,34.5,119.0,162.5,479.7,25.1,97,40.8,961.0,TORRENTIAL_RAIN
W001225,2025-08-01 15:36:00,Meghalaya,West Jaintia Hills,25.3355,92.2921,27.4,133.6,216.3,610.0,28.7,97,40.9,880.4,TORRENTIAL_RAIN
W001226,2025-08-01 18:00:00,Sikkim,East Sikkim,27.45,88.6175,5.6,32.1,43.8,112.8,17.1,88,9.8,848.2,MODERATE_RAIN
W001227,2025-08-01 20:24:00,Sikkim,North Sikkim,27.3611,88.4425,48.7,74.4,143.0,461.5,14.0,95,24.7,770.8,CLOUD_BURST
W001228,2025-08-01 22:48:00,Sikkim,South Sikkim,27.2055,88.2728,27.3,52.8,102.5,240.6,33.3,89,14.4,883.5,HEAVY_RAIN
W001229,2025-08-02 01:12:00,Nagaland,Kohima,25.5401,94.0508,11.7,19.3,38.5,77.6,29.1,85,26.5,868.1,MODERATE_RAIN
W001230,2025-08-02 03:36:00,Nagaland,Dimapur,26.0074,93.5967,18.1,36.7,55.1,170.6,33.8,90,18.8,989.8,HEAVY_RAIN
W001231,2025-08-02 06:00:00,Nagaland,Mokokchung,26.4148,94.4362,29.8,118.5,149.1,357.4,27.2,88,22.7,879.7,TORRENTIAL_RAIN
W001232,2025-08-02 08:24:00,Manipur,Imphal West,24.9178,94.0082,23.6,82.8,125.7,244.2,30.2,92,25.8,937.2,HEAVY_RAIN
W001233,2025-08-02 10:48:00,Manipur,Bishnupur,24.6552,93.6557,10.4,39.3,75.7,219.1,31.2,90,27.9,933.1,HEAVY_RAIN
W001234,2025-08-02 13:12:00,Manipur,Senapati,25.1237,93.912,29.5,127.2,153.0,353.2,29.7,95,25.9,895.8,TORRENTIAL_RAIN
W001235,2025-08-02 15:36:00,Mizoram,Aizawl,23.7016,92.7765,17.5,57.9,71.9,243.8,32.9,98,23.3,901.5,HEAVY_RAIN
W001236,2025-08-02 18:00:00,Mizoram,Kolasib,24.2446,92.57,5.4,19.1,34.9,101.4,32.9,87,29.0,949.4,MODERATE_RAIN
W001237,2025-08-02 20:24:00,Mizoram,Lunglei,22.9633,92.5947,34.4,51.1,105.0,315.0,33.2,87,13.4,913.0,HEAVY_RAIN
W001238,2025-08-02 22:48:00,Tripura,West Tripura,23.9593,91.3488,10.3,26.7,32.3,86.7,34.7,86,23.0,1008.3,MODERATE_RAIN
W001239,2025-08-03 01:12:00,Tripura,Sipahijala,23.7272,91.3938,34.1,89.5,147.8,375.6,29.0,94,19.5,1007.3,TORRENTIAL_RAIN
W001240,2025-08-03 03:36:00,Tripura,Dhalai,23.7813,91.8351,22.6,69.8,93.6,315.7,31.4,87,25.2,1002.4,HEAVY_RAIN
W001241,2025-08-03 06:00:00,Arunachal Pradesh,Tawang,27.4474,91.7634,44.5,107.7,199.2,458.7,17.7,98,8.2,728.7,TORRENTIAL_RAIN
W001242,2025-08-03 08:24:00,Arunachal Pradesh,West Kameng,27.3624,92.3563,17.3,55.3,70.9,163.0,13.8,96,33.6,798.3,HEAVY_RAIN
W001243,2025-08-03 10:48:00,Arunachal Pradesh,Papum Pare,26.9857,93.6257,56.1,125.9,210.7,477.0,33.6,87,40.4,986.5,CLOUD_BURST
W001244,2025-08-03 13:12:00,Arunachal Pradesh,East Siang,28.212,95.3283,18.8,48.4,61.7,163.5,31.3,85,16.7,998.1,HEAVY_RAIN
W001245,2025-08-03 15:36:00,Arunachal Pradesh,Lower Subansiri,27.4829,93.7381,18.5,55.9,76.4,199.0,7.2,86,23.7,856.3,HEAVY_RAIN
W001246,2025-08-03 18:00:00,Assam,Kamrup Metropolitan,26.2679,91.7355,35.8,65.4,130.6,356.0,32.6,96,39.4,1011.2,HEAVY_RAIN
W001247,2025-08-03 20:24:00,Assam,Kamrup Rural,26.2285,91.4975,9.4,25.3,33.1,65.0,31.4,87,19.6,1008.0,MODERATE_RAIN
W001248,2025-08-03 22:48:00,Assam,Darrang,26.569,92.0169,14.8,47.8,69.2,213.5,30.9,98,35.1,1011.2,HEAVY_RAIN
W001249,2025-08-04 01:12:00,Assam,Sonitpur,26.5366,92.8782,52.1,106.8,150.5,352.1,23.4,91,27.0,1005.4,CLOUD_BURST
W001250,2025-08-04 03:36:00,Assam,Dibrugarh,27.3934,94.8954,19.7,111.2,145.3,367.9,32.2,88,37.6,1001.2,TORRENTIAL_RAIN
W001251,2025-08-04 06:00:00,Assam,Cachar,24.8864,92.7266,22.2,72.5,92.1,311.3,26.5,93,18.1,1006.9,HEAVY_RAIN
W001252,2025-08-04 08:24:00,Assam,Nagaon,26.2663,92.6578,38.2,131.6,160.3,368.2,30.7,91,15.8,1010.4,TORRENTIAL_RAIN
W001253,2025-08-04 10:48:00,Meghalaya,East Khasi Hills,25.5701,91.8886,13.8,67.7,85.7,286.9,24.1,92,19.2,862.0,HEAVY_RAIN
W001254,2025-08-04 13:12:00,Meghalaya,West Khasi Hills,25.5428,91.1634,52.4,99.0,158.4,303.5,33.0,97,16.1,889.0,CLOUD_BURST
W001255,2025-08-04 15:36:00,Meghalaya,Ri-Bhoi,25.9396,92.0227,58.9,119.7,175.2,488.7,32.9,98,22.3,962.7,CLOUD_BURST
W001256,2025-08-04 18:00:00,Meghalaya,West Jaintia Hills,25.4706,92.1342,11.4,37.4,53.1,148.3,24.7,86,40.1,887.4,HEAVY_RAIN
W001257,2025-08-04 20:24:00,Sikkim,East Sikkim,27.2403,88.5596,11.6,19.9,36.4,97.1,14.5,88,40.1,846.3,MODERATE_RAIN
W001258,2025-08-04 22:48:00,Sikkim,North Sikkim,27.5884,88.6858,31.1,58.4,97.3,264.3,9.3,90,29.2,767.7,HEAVY_RAIN
W001259,2025-08-05 01:12:00,Sikkim,South Sikkim,27.2765,88.2259,23.7,55.7,73.3,147.6,29.0,85,12.0,881.0,HEAVY_RAIN
W001260,2025-08-05 03:36:00,Nagaland,Kohima,25.59,94.1006,23.5,79.0,140.5,437.3,26.2,91,12.4,872.2,TORRENTIAL_RAIN
W001261,2025-08-05 06:00:00,Nagaland,Dimapur,25.9777,93.6515,27.6,77.6,118.6,307.3,35.0,97,20.4,996.0,HEAVY_RAIN
W001262,2025-08-05 08:24:00,Nagaland,Mokokchung,26.4532,94.6539,23.2,56.0,88.3,289.2,30.7,89,40.7,878.4,HEAVY_RAIN
W001263,2025-08-05 10:48:00,Manipur,Imphal West,24.9611,93.7988,15.1,51.5,76.0,255.7,22.3,89,38.5,936.3,HEAVY_RAIN
W001264,2025-08-05 13:12:00,Manipur,Bishnupur,24.6101,93.7328,16.5,31.4,62.4,185.0,23.1,86,25.5,933.5,HEAVY_RAIN
W001265,2025-08-05 15:36:00,Manipur,Senapati,25.2457,93.9322,50.4,83.6,148.2,298.1,24.9,89,13.5,889.6,CLOUD_BURST
W001266,2025-08-05 18:00:00,Mizoram,Aizawl,23.6991,92.633,21.0,51.7,72.2,176.9,32.5,85,23.4,903.9,HEAVY_RAIN
W001267,2025-08-05 20:24:00,Mizoram,Kolasib,24.0972,92.6739,29.1,101.1,120.3,258.2,31.9,90,18.7,955.5,HEAVY_RAIN
W001268,2025-08-05 22:48:00,Mizoram,Lunglei,22.9011,92.7651,38.5,108.6,147.9,301.5,32.8,90,18.0,913.4,TORRENTIAL_RAIN
W001269,2025-08-06 01:12:00,Tripura,West Tripura,23.8924,91.1923,10.8,54.0,69.9,137.0,32.5,86,29.4,1004.8,HEAVY_RAIN
W001270,2025-08-06 03:36:00,Tripura,Sipahijala,23.675,91.4201,43.0,84.7,133.3,258.4,31.5,92,18.2,1011.2,HEAVY_RAIN
W001271,2025-08-06 06:00:00,Tripura,Dhalai,23.8593,91.789,11.6,22.4,37.7,120.2,24.2,98,34.7,996.0,MODERATE_RAIN
W001272,2025-08-06 08:24:00,Arunachal Pradesh,Tawang,27.5988,91.9477,31.2,142.6,168.5,322.6,14.6,93,42.0,725.1,TORRENTIAL_RAIN
W001273,2025-08-06 10:48:00,Arunachal Pradesh,West Kameng,27.2152,92.5456,21.6,90.7,115.6,355.9,13.1,86,35.1,797.1,HEAVY_RAIN
W001274,2025-08-06 13:12:00,Arunachal Pradesh,Papum Pare,27.2168,93.4999,13.5,25.4,54.5,162.3,30.6,89,27.4,983.2,HEAVY_RAIN
W001275,2025-08-06 15:36:00,Arunachal Pradesh,East Siang,28.0259,95.3705,18.9,65.1,141.3,464.5,28.2,97,11.0,995.1,TORRENTIAL_RAIN
W001276,2025-08-06 18:00:00,Arunachal Pradesh,Lower Subansiri,27.4614,93.9744,48.6,145.7,179.5,428.5,27.3,86,38.6,863.3,CLOUD_BURST
W001277,2025-08-06 20:24:00,Assam,Kamrup Metropolitan,26.2157,91.8119,14.3,20.7,41.7,129.3,31.6,95,15.9,1002.8,MODERATE_RAIN
W001278,2025-08-06 22:48:00,Assam,Kamrup Rural,26.2585,91.4796,39.1,88.3,138.1,304.3,29.8,94,22.7,1009.0,HEAVY_RAIN
W001279,2025-08-07 01:12:00,Assam,Darrang,26.4289,91.8973,12.2,35.9,53.7,109.1,28.4,89,12.4,1009.4,HEAVY_RAIN
W001280,2025-08-07 03:36:00,Assam,Sonitpur,26.6418,92.6794,20.7,101.5,133.7,378.2,33.5,94,25.1,1002.6,HEAVY_RAIN
W001281,2025-08-07 06:00:00,Assam,Dibrugarh,27.5926,94.8976,21.2,92.9,164.2,523.6,29.3,87,25.9,1003.9,TORRENTIAL_RAIN
W001282,2025-08-07 08:24:00,Assam,Cachar,24.9259,92.9112,27.6,78.8,111.3,330.2,29.5,94,18.3,1011.2,HEAVY_RAIN
W001283,2025-08-07 10:48:00,Assam,Nagaon,26.2214,92.6512,12.8,61.3,78.7,162.2,29.5,93,25.4,1010.7,HEAVY_RAIN
W001284,2025-08-07 13:12:00,Meghalaya,East Khasi Hills,25.4616,91.8261,10.4,35.4,61.2,204.8,31.5,94,11.2,864.3,HEAVY_RAIN
W001285,2025-08-07 15:36:00,Meghalaya,West Khasi Hills,25.4213,91.3956,42.9,153.9,247.2,789.5,27.2,85,18.2,893.4,TORRENTIAL_RAIN
W001286,2025-08-07 18:00:00,Meghalaya,Ri-Bhoi,25.9124,91.7696,77.4,203.3,240.2,784.7,23.1,97,15.4,960.9,CLOUD_BURST
W001287,2025-08-07 20:24:00,Meghalaya,West Jaintia Hills,25.3064,92.1067,40.2,112.4,161.1,520.6,32.3,91,9.2,888.5,TORRENTIAL_RAIN
W001288,2025-08-07 22:48:00,Sikkim,East Sikkim,27.4731,88.6499,17.7,76.3,139.8,308.8,8.3,95,41.5,852.3,HEAVY_RAIN
W001289,2025-08-08 01:12:00,Sikkim,North Sikkim,27.586,88.5458,20.3,45.9,66.8,170.0,17.5,86,38.4,770.7,HEAVY_RAIN
W001290,2025-08-08 03:36:00,Sikkim,South Sikkim,27.1536,88.2912,19.7,44.5,94.1,279.8,27.9,95,13.2,890.1,HEAVY_RAIN
W001291,2025-08-08 06:00:00,Nagaland,Kohima,25.7619,94.0266,33.9,64.1,125.5,252.6,26.9,95,12.0,873.4,HEAVY_RAIN
W001292,2025-08-08 08:24:00,Nagaland,Dimapur,25.771,93.6834,5.5,21.8,33.5,95.9,31.5,86,41.1,994.3,MODERATE_RAIN
W001293,2025-08-08 10:48:00,Nagaland,Mokokchung,26.2232,94.5306,41.6,57.0,120.7,368.8,31.0,91,36.8,887.5,HEAVY_RAIN
W001294,2025-08-08 13:12:00,Manipur,Imphal West,24.8749,93.9867,5.6,27.1,34.2,96.4,33.2,87,22.4,940.3,MODERATE_RAIN
W001295,2025-08-08 15:36:00,Manipur,Bishnupur,24.7805,93.7869,18.5,86.7,147.4,414.4,27.2,93,36.5,938.1,TORRENTIAL_RAIN
W001296,2025-08-08 18:00:00,Manipur,Senapati,25.2787,93.8704,23.2,45.8,83.6,248.6,34.8,88,31.5,892.7,HEAVY_RAIN
W001297,2025-08-08 20:24:00,Mizoram,Aizawl,23.7116,92.8602,8.9,28.4,38.0,90.3,32.6,95,27.7,901.7,MODERATE_RAIN
W001298,2025-08-08 22:48:00,Mizoram,Kolasib,24.1914,92.6798,19.9,104.7,147.0,402.7,24.6,87,18.1,957.5,TORRENTIAL_RAIN
W001299,2025-08-09 01:12:00,Mizoram,Lunglei,22.7768,92.881,43.7,88.2,144.0,465.7,32.1,89,38.0,912.4,TORRENTIAL_RAIN
W001300,2025-08-09 03:36:00,Tripura,West Tripura,23.8931,91.279,24.9,54.4,103.1,331.3,24.2,91,28.4,1011.2,HEAVY_RAIN
W001301,2025-08-09 06:00:00,Tripura,Sipahijala,23.7832,91.3621,7.8,16.1,30.7,82.5,33.6,97,36.5,1005.9,MODERATE_RAIN
W001302,2025-08-09 08:24:00,Tripura,Dhalai,23.8326,91.9067,10.1,40.7,49.1,148.0,26.6,98,11.8,996.2,MODERATE_RAIN
W001303,2025-08-09 10:48:00,Arunachal Pradesh,Tawang,27.6395,91.7445,21.6,100.6,147.8,374.1,6.8,88,18.6,734.6,TORRENTIAL_RAIN
W001304,2025-08-09 13:12:00,Arunachal Pradesh,West Kameng,27.2483,92.2936,56.9,103.5,190.3,503.0,12.9,87,32.2,802.8,CLOUD_BURST
W001305,2025-08-09 15:36:00,Arunachal Pradesh,Papum Pare,27.1083,93.701,23.6,57.7,73.3,160.4,34.4,92,9.1,978.1,HEAVY_RAIN
W001306,2025-08-09 18:00:00,Arunachal Pradesh,East Siang,28.0775,95.3096,34.5,100.7,160.9,430.9,27.4,97,17.3,995.6,TORRENTIAL_RAIN
W001307,2025-08-09 20:24:00,Arunachal Pradesh,Lower Subansiri,27.5183,93.8271,26.4,84.2,114.6,234.6,25.0,95,12.4,858.7,HEAVY_RAIN
W001308,2025-08-09 22:48:00,Assam,Kamrup Metropolitan,26.267,91.6945,12.1,49.0,84.0,271.8,29.5,91,9.3,1011.2,HEAVY_RAIN
W001309,2025-08-10 01:12:00,Assam,Kamrup Rural,26.1508,91.4157,15.5,29.4,65.1,133.8,31.7,88,35.2,1009.1,HEAVY_RAIN
W001310,2025-08-10 03:36:00,Assam,Darrang,26.5643,91.9073,12.9,39.6,79.9,189.2,24.8,90,10.3,1004.9,HEAVY_RAIN
W001311,2025-08-10 06:00:00,Assam,Sonitpur,26.6085,92.7754,17.8,42.2,85.9,213.0,22.4,87,20.8,1009.5,HEAVY_RAIN
W001312,2025-08-10 08:24:00,Assam,Dibrugarh,27.4499,95.0309,10.9,25.7,42.1,127.2,32.2,89,32.1,1006.8,MODERATE_RAIN
W001313,2025-08-10 10:48:00,Assam,Cachar,24.7264,92.7199,22.8,54.0,66.4,143.6,27.2,98,20.9,1005.8,HEAVY_RAIN
W001314,2025-08-10 13:12:00,Assam,Nagaon,26.4751,92.7112,43.8,108.9,131.7,442.0,34.9,91,11.0,1008.1,HEAVY_RAIN
W001315,2025-08-10 15:36:00,Meghalaya,East Khasi Hills,25.7031,91.8677,12.9,57.9,102.4,317.3,25.5,94,17.5,866.1,HEAVY_RAIN
W001316,2025-08-10 18:00:00,Meghalaya,West Khasi Hills,25.6345,91.1698,29.3,84.4,117.2,361.2,22.4,88,8.2,883.3,HEAVY_RAIN
W001317,2025-08-10 20:24:00,Meghalaya,Ri-Bhoi,25.7627,91.9779,16.7,39.7,64.5,217.3,24.0,95,40.5,954.8,HEAVY_RAIN
W001318,2025-08-10 22:48:00,Meghalaya,West Jaintia Hills,25.522,92.1174,51.5,170.7,249.2,812.6,30.9,94,30.2,878.8,CLOUD_BURST
W001319,2025-08-11 01:12:00,Sikkim,East Sikkim,27.4757,88.7068,37.9,95.8,128.1,397.7,11.0,92,26.2,851.5,HEAVY_RAIN
W001320,2025-08-11 03:36:00,Sikkim,North Sikkim,27.4363,88.4538,38.2,98.3,118.8,283.6,14.3,91,41.3,767.6,HEAVY_RAIN
W001321,2025-08-11 06:00:00,Sikkim,South Sikkim,27.0558,88.2832,19.6,83.1,109.0,305.9,23.1,94,38.8,890.9,HEAVY_RAIN
W001322,2025-08-11 08:24:00,Nagaland,Kohima,25.6692,94.0894,5.0,18.1,34.5,107.1,32.3,96,33.6,874.7,MODERATE_RAIN
W001323,2025-08-11 10:48:00,Nagaland,Dimapur,25.9651,93.6134,27.7,122.6,157.9,448.8,29.3,87,33.3,993.6,TORRENTIAL_RAIN
W001324,2025-08-11 13:12:00,Nagaland,Mokokchung,26.2529,94.5445,21.3,42.9,94.0,237.8,32.5,97,19.2,888.0,HEAVY_RAIN
W001325,2025-08-11 15:36:00,Manipur,Imphal West,24.7076,93.8358,23.5,87.5,119.2,281.0,24.4,98,16.7,938.8,HEAVY_RAIN
W001326,2025-08-11 18:00:00,Manipur,Bishnupur,24.7689,93.6291,23.6,76.7,112.8,264.0,32.9,98,33.6,940.0,HEAVY_RAIN
W001327,2025-08-11 20:24:00,Manipur,Senapati,25.2642,94.0899,26.4,79.0,94.3,298.7,23.7,89,25.0,894.3,HEAVY_RAIN
W001328,2025-08-11 22:48:00,Mizoram,Aizawl,23.6272,92.6644,23.4,134.4,160.6,484.0,34.9,98,37.4,904.4,TORRENTIAL_RAIN
W001329,2025-08-12 01:12:00,Mizoram,Kolasib,24.1603,92.7356,26.2,65.6,117.5,304.5,30.6,88,33.5,950.7,HEAVY_RAIN
W001330,2025-08-12 03:36:00,Mizoram,Lunglei,22.8355,92.6331,18.9,78.4,109.0,340.5,31.3,92,36.0,917.5,HEAVY_RAIN
W001331,2025-08-12 06:00:00,Tripura,West Tripura,23.827,91.2389,28.7,57.1,87.0,228.8,23.2,98,37.0,1004.3,HEAVY_RAIN
W001332,2025-08-12 08:24:00,Tripura,Sipahijala,23.636,91.4115,8.3,23.6,37.2,124.6,23.3,94,29.2,1006.0,MODERATE_RAIN
W001333,2025-08-12 10:48:00,Tripura,Dhalai,23.9494,91.8577,22.9,70.9,115.9,233.2,31.6,85,17.2,998.7,HEAVY_RAIN
W001334,2025-08-12 13:12:00,Arunachal Pradesh,Tawang,27.6769,91.8346,72.4,145.0,214.3,587.0,7.5,97,17.8,723.4,CLOUD_BURST
W001335,2025-08-12 15:36:00,Arunachal Pradesh,West Kameng,27.3915,92.4098,48.3,117.4,148.8,461.4,10.1,89,13.1,799.7,CLOUD_BURST
W001336,2025-08-12 18:00:00,Arunachal Pradesh,Papum Pare,27.083,93.7629,65.7,142.6,213.9,611.7,28.3,94,35.5,981.3,CLOUD_BURST
W001337,2025-08-12 20:24:00,Arunachal Pradesh,East Siang,28.129,95.1846,52.1,117.1,164.1,453.0,29.2,94,9.6,993.7,CLOUD_BURST
W001338,2025-08-12 22:48:00,Arunachal Pradesh,Lower Subansiri,27.6083,93.8864,20.5,38.1,63.3,180.8,34.4,91,36.1,862.4,HEAVY_RAIN
W001339,2025-08-13 01:12:00,Assam,Kamrup Metropolitan,26.0181,91.7934,18.9,61.2,76.1,227.8,22.8,92,41.6,1003.9,HEAVY_RAIN
W001340,2025-08-13 03:36:00,Assam,Kamrup Rural,26.1803,91.5414,12.0,75.2,93.3,287.9,25.6,98,39.8,1010.9,HEAVY_RAIN
W001341,2025-08-13 06:00:00,Assam,Darrang,26.456,91.8988,24.2,47.6,95.8,241.9,23.0,98,16.8,1011.2,HEAVY_RAIN
W001342,2025-08-13 08:24:00,Assam,Sonitpur,26.5743,92.6457,22.0,68.3,81.5,277.0,33.1,88,33.8,1010.3,HEAVY_RAIN
W001343,2025-08-13 10:48:00,Assam,Dibrugarh,27.3844,95.0324,27.9,47.6,91.8,280.1,33.4,91,40.6,1006.2,HEAVY_RAIN
W001344,2025-08-13 13:12:00,Assam,Cachar,24.727,92.8528,38.3,114.2,139.8,445.5,32.0,98,14.3,1011.2,HEAVY_RAIN
W001345,2025-08-13 15:36:00,Assam,Nagaon,26.2434,92.6842,27.8,62.4,97.1,227.1,30.8,98,24.8,1003.7,HEAVY_RAIN
W001346,2025-08-13 18:00:00,Meghalaya,East Khasi Hills,25.4493,91.9892,10.8,32.0,47.5,98.9,23.9,88,19.4,863.6,MODERATE_RAIN
W001347,2025-08-13 20:24:00,Meghalaya,West Khasi Hills,25.4175,91.1946,9.3,47.1,66.3,202.6,32.8,92,13.6,882.4,HEAVY_RAIN
W001348,2025-08-13 22:48:00,Meghalaya,Ri-Bhoi,25.9676,92.0073,18.8,68.1,81.2,161.6,27.3,90,32.8,953.7,HEAVY_RAIN
W001349,2025-08-14 01:12:00,Meghalaya,West Jaintia Hills,25.4099,92.2268,17.0,63.1,77.6,245.6,29.1,88,27.4,883.3,HEAVY_RAIN
W001350,2025-08-14 03:36:00,Sikkim,East Sikkim,27.4393,88.7509,37.2,101.1,164.7,412.4,16.0,92,41.2,852.1,TORRENTIAL_RAIN
W001351,2025-08-14 06:00:00,Sikkim,North Sikkim,27.3839,88.6954,16.1,60.9,133.8,391.3,15.1,85,33.7,777.5,HEAVY_RAIN
W001352,2025-08-14 08:24:00,Sikkim,South Sikkim,27.1687,88.3084,38.1,69.3,110.2,343.4,28.3,95,25.9,888.2,HEAVY_RAIN
W001353,2025-08-14 10:48:00,Nagaland,Kohima,25.6235,93.9933,28.6,81.1,99.1,293.1,27.7,96,27.7,874.4,HEAVY_RAIN
W001354,2025-08-14 13:12:00,Nagaland,Dimapur,25.9629,93.8298,12.2,41.0,52.2,158.1,22.5,98,38.3,997.2,HEAVY_RAIN
W001355,2025-08-14 15:36:00,Nagaland,Mokokchung,26.4316,94.4266,14.6,42.4,61.7,179.5,31.0,91,18.4,888.9,HEAVY_RAIN
W001356,2025-08-14 18:00:00,Manipur,Imphal West,24.9487,93.897,19.2,64.7,89.4,252.4,26.5,96,35.1,942.1,HEAVY_RAIN
W001357,2025-08-14 20:24:00,Manipur,Bishnupur,24.514,93.7459,22.0,70.9,120.9,287.1,23.7,91,20.3,935.4,HEAVY_RAIN
W001358,2025-08-14 22:48:00,Manipur,Senapati,25.2284,94.0685,20.0,44.0,67.3,178.6,27.8,93,24.9,895.3,HEAVY_RAIN
W001359,2025-08-15 01:12:00,Mizoram,Aizawl,23.6277,92.6767,13.0,88.3,107.9,211.5,26.0,95,33.7,905.9,HEAVY_RAIN
W001360,2025-08-15 03:36:00,Mizoram,Kolasib,24.3672,92.5668,8.4,20.0,38.2,107.6,34.7,85,12.3,948.8,MODERATE_RAIN
W001361,2025-08-15 06:00:00,Mizoram,Lunglei,22.9594,92.8198,35.5,105.8,130.3,315.1,34.4,90,23.1,911.8,HEAVY_RAIN
W001362,2025-08-15 08:24:00,Tripura,West Tripura,23.8746,91.2569,16.3,46.1,62.6,122.0,34.9,95,35.9,1009.8,HEAVY_RAIN
W001363,2025-08-15 10:48:00,Tripura,Sipahijala,23.7813,91.3154,17.4,81.1,134.7,323.6,27.6,89,30.0,1011.2,HEAVY_RAIN
W001364,2025-08-15 13:12:00,Tripura,Dhalai,23.7752,91.8492,14.1,42.8,66.7,139.0,26.5,92,24.4,997.5,HEAVY_RAIN
W001365,2025-08-15 15:36:00,Arunachal Pradesh,Tawang,27.6574,91.9585,38.5,69.0,150.1,447.3,10.6,96,15.1,728.7,TORRENTIAL_RAIN
W001366,2025-08-15 18:00:00,Arunachal Pradesh,West Kameng,27.2293,92.4697,49.2,114.5,165.9,367.2,8.1,91,15.4,801.6,CLOUD_BURST
W001367,2025-08-15 20:24:00,Arunachal Pradesh,Papum Pare,27.1785,93.6649,13.0,69.7,84.3,248.3,24.1,98,25.7,981.3,HEAVY_RAIN
W001368,2025-08-15 22:48:00,Arunachal Pradesh,East Siang,27.9766,95.3746,39.3,94.5,120.7,376.6,28.5,87,19.5,997.8,HEAVY_RAIN
W001369,2025-08-16 01:12:00,Arunachal Pradesh,Lower Subansiri,27.6428,93.8422,20.2,76.5,140.7,315.8,28.1,95,31.8,866.0,TORRENTIAL_RAIN
W001370,2025-08-16 03:36:00,Assam,Kamrup Metropolitan,26.1236,91.8607,18.2,108.7,149.5,354.1,30.5,88,38.5,1008.9,TORRENTIAL_RAIN
W001371,2025-08-16 06:00:00,Assam,Kamrup Rural,26.1678,91.4228,12.8,32.1,57.6,125.9,33.5,87,12.2,1011.2,HEAVY_RAIN
W001372,2025-08-16 08:24:00,Assam,Darrang,26.3929,92.0928,37.1,75.2,114.6,309.4,26.8,93,40.9,1007.9,HEAVY_RAIN
W001373,2025-08-16 10:48:00,Assam,Sonitpur,26.6005,92.8718,12.7,38.1,47.3,134.3,22.2,91,23.0,1004.4,MODERATE_RAIN
W001374,2025-08-16 13:12:00,Assam,Dibrugarh,27.5284,94.9337,33.5,77.7,110.0,270.3,34.2,94,24.2,1002.6,HEAVY_RAIN
W001375,2025-08-16 15:36:00,Assam,Cachar,24.7,92.7079,23.6,57.8,86.8,281.3,30.5,90,20.6,1009.3,HEAVY_RAIN
W001376,2025-08-16 18:00:00,Assam,Nagaon,26.301,92.8273,23.9,92.9,125.3,368.0,23.2,91,31.7,1008.8,HEAVY_RAIN
W001377,2025-08-16 20:24:00,Meghalaya,East Khasi Hills,25.4673,91.8532,48.1,152.2,212.1,541.4,22.4,87,12.9,863.0,CLOUD_BURST
W001378,2025-08-16 22:48:00,Meghalaya,West Khasi Hills,25.6274,91.2124,36.2,183.4,218.9,733.8,27.6,92,29.0,892.5,TORRENTIAL_RAIN
W001379,2025-08-17 01:12:00,Meghalaya,Ri-Bhoi,25.8736,91.7469,34.6,67.1,101.5,277.5,30.3,93,15.5,962.1,HEAVY_RAIN
W001380,2025-08-17 03:36:00,Meghalaya,West Jaintia Hills,25.4778,92.3231,46.8,90.6,142.1,465.3,30.7,97,31.0,888.0,CLOUD_BURST
W001381,2025-08-17 06:00:00,Sikkim,East Sikkim,27.2398,88.618,8.4,22.3,40.8,83.3,28.6,95,36.0,857.0,MODERATE_RAIN
W001382,2025-08-17 08:24:00,Sikkim,North Sikkim,27.5204,88.6704,17.3,51.6,86.8,175.4,14.4,85,19.3,775.6,HEAVY_RAIN
W001383,2025-08-17 10:48:00,Sikkim,South Sikkim,27.0267,88.295,18.4,68.0,83.5,240.0,27.3,94,9.3,884.5,HEAVY_RAIN
W001384,2025-08-17 13:12:00,Nagaland,Kohima,25.7676,93.9886,20.1,66.7,117.2,296.1,23.2,89,27.3,869.5,HEAVY_RAIN
W001385,2025-08-17 15:36:00,Nagaland,Dimapur,26.0002,93.7777,26.6,61.6,121.6,337.5,31.4,86,32.8,997.9,HEAVY_RAIN
W001386,2025-08-17 18:00:00,Nagaland,Mokokchung,26.3058,94.5191,12.1,35.1,61.2,194.9,27.0,87,19.1,879.1,HEAVY_RAIN
W001387,2025-08-17 20:24:00,Manipur,Imphal West,24.9221,93.851,22.6,86.5,106.4,272.7,24.7,94,22.1,938.9,HEAVY_RAIN
W001388,2025-08-17 22:48:00,Manipur,Bishnupur,24.603,93.6823,19.8,64.6,110.5,308.8,22.1,92,19.8,934.3,HEAVY_RAIN
W001389,2025-08-18 01:12:00,Manipur,Senapati,25.2835,94.0376,25.3,81.1,136.4,418.5,30.5,87,24.0,893.2,HEAVY_RAIN
W001390,2025-08-18 03:36:00,Mizoram,Aizawl,23.7197,92.6305,16.9,46.8,99.3,298.6,23.2,94,33.0,898.4,HEAVY_RAIN
W001391,2025-08-18 06:00:00,Mizoram,Kolasib,24.2214,92.62,53.0,94.9,157.6,388.3,30.9,98,19.9,951.1,CLOUD_BURST
W001392,2025-08-18 08:24:00,Mizoram,Lunglei,22.8507,92.7775,25.0,44.0,82.7,244.5,24.4,98,15.0,913.4,HEAVY_RAIN
W001393,2025-08-18 10:48:00,Tripura,West Tripura,23.9458,91.3252,34.5,104.0,153.9,430.5,22.8,94,8.2,1009.2,TORRENTIAL_RAIN
W001394,2025-08-18 13:12:00,Tripura,Sipahijala,23.5489,91.4506,6.4,29.7,43.0,101.2,28.8,90,41.0,1006.6,MODERATE_RAIN
W001395,2025-08-18 15:36:00,Tripura,Dhalai,23.8914,91.9427,7.3,27.8,33.1,99.9,27.4,89,33.7,994.7,MODERATE_RAIN
W001396,2025-08-18 18:00:00,Arunachal Pradesh,Tawang,27.6059,91.8974,43.4,118.6,174.8,513.3,14.1,92,28.9,728.4,TORRENTIAL_RAIN
W001397,2025-08-18 20:24:00,Arunachal Pradesh,West Kameng,27.1866,92.4898,27.6,96.3,149.6,380.9,7.2,96,30.8,794.0,TORRENTIAL_RAIN
W001398,2025-08-18 22:48:00,Arunachal Pradesh,Papum Pare,27.046,93.7157,33.7,117.9,144.2,337.3,34.2,94,30.5,986.9,TORRENTIAL_RAIN
W001399,2025-08-19 01:12:00,Arunachal Pradesh,East Siang,27.9961,95.2621,37.6,68.9,151.1,366.4,28.4,88,17.2,1001.9,TORRENTIAL_RAIN
W001400,2025-08-19 03:36:00,Arunachal Pradesh,Lower Subansiri,27.5218,93.7141,29.1,65.8,115.4,377.5,32.3,94,40.9,863.8,HEAVY_RAIN
W001401,2025-08-19 06:00:00,Assam,Kamrup Metropolitan,26.0877,91.7318,30.5,82.6,102.8,310.1,32.2,98,19.1,1008.3,HEAVY_RAIN
W001402,2025-08-19 08:24:00,Assam,Kamrup Rural,26.0956,91.4938,24.6,69.7,97.7,242.6,26.5,98,26.8,1011.2,HEAVY_RAIN
W001403,2025-08-19 10:48:00,Assam,Darrang,26.4996,91.9338,27.3,51.3,89.7,230.9,23.2,92,33.6,1003.3,HEAVY_RAIN
W001404,2025-08-19 13:12:00,Assam,Sonitpur,26.7185,92.6592,33.7,54.7,97.8,305.4,26.6,93,21.7,1000.3,HEAVY_RAIN
W001405,2025-08-19 15:36:00,Assam,Dibrugarh,27.583,95.0322,12.4,34.1,73.1,156.2,26.2,87,9.5,1003.4,HEAVY_RAIN
W001406,2025-08-19 18:00:00,Assam,Cachar,24.949,92.748,39.2,114.2,146.2,363.3,27.1,93,29.8,1006.1,TORRENTIAL_RAIN
W001407,2025-08-19 20:24:00,Assam,Nagaon,26.2288,92.7543,11.3,50.0,65.8,147.9,25.3,90,19.2,1001.1,HEAVY_RAIN
W001408,2025-08-19 22:48:00,Meghalaya,East Khasi Hills,25.6029,91.9758,41.6,125.2,255.1,620.8,22.4,88,23.4,866.5,TORRENTIAL_RAIN
W001409,2025-08-20 01:12:00,Meghalaya,West Khasi Hills,25.4314,91.1467,11.7,25.4,47.6,152.4,27.5,89,22.5,883.5,MODERATE_RAIN
W001410,2025-08-20 03:36:00,Meghalaya,Ri-Bhoi,25.9712,91.9718,60.2,111.6,235.8,616.7,25.4,88,22.6,955.9,CLOUD_BURST
W001411,2025-08-20 06:00:00,Meghalaya,West Jaintia Hills,25.3433,92.1025,35.2,177.5,237.8,481.0,23.1,87,35.6,885.3,TORRENTIAL_RAIN
W001412,2025-08-20 08:24:00,Sikkim,East Sikkim,27.3657,88.6036,10.6,26.7,36.0,112.5,11.2,89,19.9,852.8,MODERATE_RAIN
W001413,2025-08-20 10:48:00,Sikkim,North Sikkim,27.5137,88.5425,38.7,100.2,136.5,403.1,13.8,97,9.5,775.9,HEAVY_RAIN
W001414,2025-08-20 13:12:00,Sikkim,South Sikkim,27.3011,88.3089,25.9,78.5,136.4,382.4,24.8,90,36.7,882.8,HEAVY_RAIN
W001415,2025-08-20 15:36:00,Nagaland,Kohima,25.7187,94.2302,24.5,52.6,86.2,176.8,24.9,89,33.5,877.6,HEAVY_RAIN
W001416,2025-08-20 18:00:00,Nagaland,Dimapur,26.0391,93.7847,16.8,91.4,133.5,410.9,28.3,96,8.4,990.2,HEAVY_RAIN
W001417,2025-08-20 20:24:00,Nagaland,Mokokchung,26.2904,94.5617,53.0,78.2,163.9,521.8,32.5,96,11.2,881.0,CLOUD_BURST
W001418,2025-08-20 22:48:00,Manipur,Imphal West,24.7036,94.0469,34.0,69.5,103.2,255.6,33.9,96,28.3,931.5,HEAVY_RAIN
W001419,2025-08-21 01:12:00,Manipur,Bishnupur,24.7706,93.8928,33.3,55.6,112.0,366.2,30.1,95,9.2,932.2,HEAVY_RAIN
W001420,2025-08-21 03:36:00,Manipur,Senapati,25.3568,93.9306,11.5,38.1,78.1,243.6,32.5,88,39.6,894.0,HEAVY_RAIN
W001421,2025-08-21 06:00:00,Mizoram,Aizawl,23.7088,92.6628,18.9,55.7,85.6,264.7,28.4,91,26.2,898.2,HEAVY_RAIN
W001422,2025-08-21 08:24:00,Mizoram,Kolasib,24.0802,92.7899,30.4,59.4,116.7,370.6,31.2,95,40.2,949.0,HEAVY_RAIN
W001423,2025-08-21 10:48:00,Mizoram,Lunglei,22.9511,92.8679,47.6,120.3,144.7,458.9,34.9,85,39.2,915.0,CLOUD_BURST
W001424,2025-08-21 13:12:00,Tripura,West Tripura,23.9276,91.3841,32.2,60.3,124.8,417.4,24.9,96,10.5,1006.9,HEAVY_RAIN
W001425,2025-08-21 15:36:00,Tripura,Sipahijala,23.6113,91.3808,14.2,29.0,56.3,118.4,29.3,98,34.2,1009.1,HEAVY_RAIN
W001426,2025-08-21 18:00:00,Tripura,Dhalai,23.7082,91.7156,18.0,54.4,65.8,206.6,28.2,94,39.8,997.3,HEAVY_RAIN
W001427,2025-08-21 20:24:00,Arunachal Pradesh,Tawang,27.6284,91.7103,24.8,81.8,121.7,301.6,14.7,88,8.2,732.4,HEAVY_RAIN
W001428,2025-08-21 22:48:00,Arunachal Pradesh,West Kameng,27.1392,92.3132,14.8,89.2,109.1,362.3,8.6,90,41.2,797.0,HEAVY_RAIN
W001429,2025-08-22 01:12:00,Arunachal Pradesh,Papum Pare,27.1452,93.5056,7.9,33.6,62.0,123.3,27.0,98,20.6,980.3,HEAVY_RAIN
W001430,2025-08-22 03:36:00,Arunachal Pradesh,East Siang,28.0118,95.3195,10.0,37.3,51.9,111.7,23.5,91,36.3,994.7,HEAVY_RAIN
W001431,2025-08-22 06:00:00,Arunachal Pradesh,Lower Subansiri,27.5779,93.7783,7.0,25.0,50.1,150.0,33.2,94,34.5,862.7,HEAVY_RAIN
W001432,2025-08-22 08:24:00,Assam,Kamrup Metropolitan,26.0491,91.8491,38.7,102.7,148.1,330.6,22.8,89,27.8,1001.9,TORRENTIAL_RAIN
W001433,2025-08-22 10:48:00,Assam,Kamrup Rural,26.0412,91.4189,38.8,89.1,130.6,427.4,22.8,96,15.5,1006.4,HEAVY_RAIN
W001434,2025-08-22 13:12:00,Assam,Darrang,26.5741,92.1732,42.1,80.2,136.7,348.0,30.6,92,28.6,1011.2,HEAVY_RAIN
W001435,2025-08-22 15:36:00,Assam,Sonitpur,26.4987,92.828,20.8,66.1,144.3,400.3,27.0,86,33.9,1004.0,TORRENTIAL_RAIN
W001436,2025-08-22 18:00:00,Assam,Dibrugarh,27.4332,95.0462,19.2,82.6,146.1,284.3,24.1,85,33.7,1007.0,TORRENTIAL_RAIN
W001437,2025-08-22 20:24:00,Assam,Cachar,24.9153,92.9074,43.5,65.0,143.7,299.4,32.2,95,40.0,1006.3,TORRENTIAL_RAIN
W001438,2025-08-22 22:48:00,Assam,Nagaon,26.4093,92.5912,44.6,82.8,150.1,453.4,32.5,96,37.8,1002.0,TORRENTIAL_RAIN
W001439,2025-08-23 01:12:00,Meghalaya,East Khasi Hills,25.6527,91.8579,53.9,125.6,193.3,396.9,22.5,95,36.6,867.7,CLOUD_BURST
W001440,2025-08-23 03:36:00,Meghalaya,West Khasi Hills,25.6586,91.1949,25.9,57.6,103.7,285.1,26.6,96,8.4,885.2,HEAVY_RAIN
W001441,2025-08-23 06:00:00,Meghalaya,Ri-Bhoi,25.9877,91.7386,59.6,110.1,188.8,616.1,28.5,90,12.5,961.9,CLOUD_BURST
W001442,2025-08-23 08:24:00,Meghalaya,West Jaintia Hills,25.3745,92.2249,44.0,148.8,244.2,681.6,24.9,93,26.6,880.7,TORRENTIAL_RAIN
W001443,2025-08-23 10:48:00,Sikkim,East Sikkim,27.2289,88.5535,35.8,66.4,142.5,325.9,13.5,88,18.4,848.8,TORRENTIAL_RAIN
W001444,2025-08-23 13:12:00,Sikkim,North Sikkim,27.465,88.527,32.5,67.8,119.8,292.1,17.2,98,23.1,771.5,HEAVY_RAIN
W001445,2025-08-23 15:36:00,Sikkim,South Sikkim,27.0376,88.2999,17.0,46.4,88.2,268.3,28.9,91,33.6,888.7,HEAVY_RAIN
W001446,2025-08-23 18:00:00,Nagaland,Kohima,25.707,94.1598,35.9,86.3,111.7,244.9,23.2,98,40.9,868.0,HEAVY_RAIN
W001447,2025-08-23 20:24:00,Nagaland,Dimapur,25.7705,93.6536,23.3,68.0,96.9,202.1,34.9,94,20.8,992.2,HEAVY_RAIN
W001448,2025-08-23 22:48:00,Nagaland,Mokokchung,26.3764,94.4097,25.4,45.6,100.0,334.9,34.5,90,28.7,878.5,HEAVY_RAIN
W001449,2025-08-24 01:12:00,Manipur,Imphal West,24.7451,93.9379,18.9,45.0,90.2,224.2,23.8,95,21.6,930.5,HEAVY_RAIN
W001450,2025-08-24 03:36:00,Manipur,Bishnupur,24.5093,93.8276,5.1,21.4,31.1,65.0,32.5,90,26.6,938.2,MODERATE_RAIN
W001451,2025-08-24 06:00:00,Manipur,Senapati,25.1232,93.8984,53.8,110.8,153.9,403.9,22.6,90,20.9,885.7,CLOUD_BURST
W001452,2025-08-24 08:24:00,Mizoram,Aizawl,23.6853,92.6966,41.8,111.6,143.3,335.8,24.1,97,35.9,897.1,TORRENTIAL_RAIN
W001453,2025-08-24 10:48:00,Mizoram,Kolasib,24.2985,92.6091,14.6,47.1,97.1,321.1,26.2,88,40.7,955.4,HEAVY_RAIN
W001454,2025-08-24 13:12:00,Mizoram,Lunglei,22.9511,92.7374,15.1,56.7,75.9,238.8,22.0,89,36.5,917.3,HEAVY_RAIN
W001455,2025-08-24 15:36:00,Tripura,West Tripura,23.8725,91.2688,27.3,86.7,143.1,285.3,24.3,90,36.9,1011.2,TORRENTIAL_RAIN
W001456,2025-08-24 18:00:00,Tripura,Sipahijala,23.4958,91.2401,11.7,53.1,75.8,247.3,33.7,89,34.1,1007.1,HEAVY_RAIN
W001457,2025-08-24 20:24:00,Tripura,Dhalai,23.9686,91.8485,8.2,31.0,55.4,181.6,22.2,93,36.2,999.9,HEAVY_RAIN
W001458,2025-08-24 22:48:00,Arunachal Pradesh,Tawang,27.5817,91.8573,21.6,43.4,79.4,166.0,14.8,86,28.6,724.3,HEAVY_RAIN
W001459,2025-08-25 01:12:00,Arunachal Pradesh,West Kameng,27.2194,92.327,64.4,132.2,194.0,635.3,16.7,88,11.7,800.0,CLOUD_BURST
W001460,2025-08-25 03:36:00,Arunachal Pradesh,Papum Pare,27.103,93.5484,59.9,128.5,181.9,366.1,33.2,96,26.3,976.5,CLOUD_BURST
W001461,2025-08-25 06:00:00,Arunachal Pradesh,East Siang,28.2154,95.1772,42.2,98.8,177.6,579.0,33.2,94,29.6,994.3,TORRENTIAL_RAIN
W001462,2025-08-25 08:24:00,Arunachal Pradesh,Lower Subansiri,27.4231,93.9105,44.5,145.5,192.7,409.8,33.4,85,13.1,857.8,TORRENTIAL_RAIN
W001463,2025-08-25 10:48:00,Assam,Kamrup Metropolitan,26.0798,91.8806,33.9,102.8,155.3,348.2,24.8,93,27.2,1011.2,TORRENTIAL_RAIN
W001464,2025-08-25 13:12:00,Assam,Kamrup Rural,26.3204,91.6631,35.6,58.8,122.0,251.8,22.2,85,31.2,1011.2,HEAVY_RAIN
W001465,2025-08-25 15:36:00,Assam,Darrang,26.5143,92.025,26.0,42.1,81.7,205.3,34.9,92,29.0,1006.1,HEAVY_RAIN
W001466,2025-08-25 18:00:00,Assam,Sonitpur,26.4855,92.9335,42.5,100.1,138.7,338.8,28.2,98,34.4,1003.3,HEAVY_RAIN
W001467,2025-08-25 20:24:00,Assam,Dibrugarh,27.607,95.0619,47.1,91.0,147.6,450.3,25.9,92,26.1,997.1,CLOUD_BURST
W001468,2025-08-25 22:48:00,Assam,Cachar,24.7467,92.6435,16.6,36.5,56.4,160.2,26.1,89,14.3,1008.6,HEAVY_RAIN
W001469,2025-08-26 01:12:00,Assam,Nagaon,26.4183,92.6981,19.4,57.8,116.3,377.8,34.6,94,33.7,1005.3,HEAVY_RAIN
W001470,2025-08-26 03:36:00,Meghalaya,East Khasi Hills,25.4822,92.0328,31.8,137.0,162.3,369.7,26.8,92,25.9,862.3,TORRENTIAL_RAIN
W001471,2025-08-26 06:00:00,Meghalaya,West Khasi Hills,25.4225,91.2266,35.0,69.5,153.4,351.7,27.2,91,39.1,888.6,TORRENTIAL_RAIN
W001472,2025-08-26 08:24:00,Meghalaya,Ri-Bhoi,25.9462,91.7662,47.2,129.7,194.8,653.5,25.9,94,36.1,959.1,CLOUD_BURST
W001473,2025-08-26 10:48:00,Meghalaya,West Jaintia Hills,25.5765,92.3211,40.1,70.2,140.0,397.4,26.1,86,36.6,881.2,HEAVY_RAIN
W001474,2025-08-26 13:12:00,Sikkim,East Sikkim,27.4385,88.6103,19.5,39.7,59.0,165.6,7.7,95,32.1,851.3,HEAVY_RAIN
W001475,2025-08-26 15:36:00,Sikkim,North Sikkim,27.4305,88.5801,11.8,59.4,83.5,218.9,9.9,97,10.8,777.9,HEAVY_RAIN
W001476,2025-08-26 18:00:00,Sikkim,South Sikkim,27.2042,88.3302,24.7,61.7,136.7,427.7,22.2,90,17.4,886.4,HEAVY_RAIN
W001477,2025-08-26 20:24:00,Nagaland,Kohima,25.8171,94.1615,10.5,52.5,68.6,191.8,34.1,89,23.7,869.9,HEAVY_RAIN
W001478,2025-08-26 22:48:00,Nagaland,Dimapur,25.9054,93.7664,11.1,31.8,66.6,206.0,33.1,86,12.2,993.4,HEAVY_RAIN
W001479,2025-08-27 01:12:00,Nagaland,Mokokchung,26.1988,94.6105,25.0,112.7,144.9,468.1,32.2,98,13.6,886.0,TORRENTIAL_RAIN
W001480,2025-08-27 03:36:00,Manipur,Imphal West,24.9379,94.0393,23.1,40.8,88.3,171.1,22.6,87,29.5,935.7,HEAVY_RAIN
W001481,2025-08-27 06:00:00,Manipur,Bishnupur,24.6477,93.8897,11.5,41.8,60.5,148.0,31.2,94,35.7,937.2,HEAVY_RAIN
W001482,2025-08-27 08:24:00,Manipur,Senapati,25.1383,94.0583,33.5,94.3,126.8,340.5,23.2,98,25.4,889.5,HEAVY_RAIN
W001483,2025-08-27 10:48:00,Mizoram,Aizawl,23.7528,92.7982,10.6,30.6,37.2,119.9,23.5,93,13.2,908.1,MODERATE_RAIN
W001484,2025-08-27 13:12:00,Mizoram,Kolasib,24.1239,92.5847,19.0,69.9,111.9,366.7,28.7,91,17.8,954.4,HEAVY_RAIN
W001485,2025-08-27 15:36:00,Mizoram,Lunglei,22.9413,92.6842,49.9,78.6,147.1,305.4,24.2,88,28.5,910.1,CLOUD_BURST
W001486,2025-08-27 18:00:00,Tripura,West Tripura,23.8686,91.2163,8.5,52.6,65.6,126.0,27.9,94,41.3,1004.2,HEAVY_RAIN
W001487,2025-08-27 20:24:00,Tripura,Sipahijala,23.5405,91.3861,41.5,103.2,128.8,346.2,32.4,92,18.5,1008.4,HEAVY_RAIN
W001488,2025-08-27 22:48:00,Tripura,Dhalai,23.8301,91.7054,29.7,51.7,93.7,242.5,24.9,90,37.2,1000.5,HEAVY_RAIN
W001489,2025-08-28 01:12:00,Arunachal Pradesh,Tawang,27.5792,91.9169,42.5,96.2,211.3,614.5,11.7,98,12.7,724.0,TORRENTIAL_RAIN
W001490,2025-08-28 03:36:00,Arunachal Pradesh,West Kameng,27.3323,92.3567,46.6,96.8,189.0,604.5,8.6,94,26.3,793.3,CLOUD_BURST
W001491,2025-08-28 06:00:00,Arunachal Pradesh,Papum Pare,27.1525,93.6737,18.7,32.2,60.2,191.7,27.4,98,13.6,982.8,HEAVY_RAIN
W001492,2025-08-28 08:24:00,Arunachal Pradesh,East Siang,27.9565,95.2332,24.6,85.5,136.5,346.7,31.2,88,15.0,993.7,HEAVY_RAIN
W001493,2025-08-28 10:48:00,Arunachal Pradesh,Lower Subansiri,27.6577,93.7428,61.8,139.1,188.3,459.5,29.6,96,27.4,858.1,CLOUD_BURST
W001494,2025-08-28 13:12:00,Assam,Kamrup Metropolitan,26.2471,91.8437,15.3,72.9,119.4,345.1,27.2,97,26.5,1007.0,HEAVY_RAIN
W001495,2025-08-28 15:36:00,Assam,Kamrup Rural,26.174,91.5542,23.2,86.8,163.5,470.9,25.4,98,25.7,1011.2,TORRENTIAL_RAIN
W001496,2025-08-28 18:00:00,Assam,Darrang,26.5236,92.0146,32.4,108.9,128.1,261.0,34.6,94,41.4,1007.9,HEAVY_RAIN
W001497,2025-08-28 20:24:00,Assam,Sonitpur,26.6594,92.703,27.7,70.5,137.8,315.8,23.5,97,33.5,1004.4,HEAVY_RAIN
W001498,2025-08-28 22:48:00,Assam,Dibrugarh,27.423,94.7928,25.8,59.6,93.1,275.7,26.0,94,39.9,997.9,HEAVY_RAIN
W001499,2025-08-29 01:12:00,Assam,Cachar,24.9379,92.85,24.3,113.3,136.6,279.0,31.0,95,27.7,1009.2,HEAVY_RAIN
W001500,2025-08-29 03:36:00,Assam,Nagaon,26.2063,92.6539,44.9,120.6,155.0,482.0,31.2,93,16.8,1006.4,TORRENTIAL_RAIN
W001501,2025-08-29 06:00:00,Meghalaya,East Khasi Hills,25.6324,91.9883,10.9,42.0,61.8,135.7,23.4,95,21.9,867.0,HEAVY_RAIN
W001502,2025-08-29 08:24:00,Meghalaya,West Khasi Hills,25.3657,91.2829,49.9,161.2,236.8,512.9,27.2,90,24.7,886.8,CLOUD_BURST
W001503,2025-08-29 10:48:00,Meghalaya,Ri-Bhoi,25.8751,91.872,37.3,88.3,148.6,406.9,22.9,96,18.5,959.0,TORRENTIAL_RAIN
W001504,2025-08-29 13:12:00,Meghalaya,West Jaintia Hills,25.4345,92.1809,51.8,71.0,148.1,358.3,32.1,98,8.8,886.8,CLOUD_BURST
W001505,2025-08-29 15:36:00,Sikkim,East Sikkim,27.2921,88.5261,25.5,59.2,103.9,264.8,12.2,86,14.8,854.6,HEAVY_RAIN
W001506,2025-08-29 18:00:00,Sikkim,North Sikkim,27.6265,88.656,30.9,72.3,111.9,280.8,10.7,85,11.2,770.1,HEAVY_RAIN
W001507,2025-08-29 20:24:00,Sikkim,South Sikkim,27.108,88.4134,10.7,24.0,41.1,110.5,22.0,88,33.5,886.5,MODERATE_RAIN
W001508,2025-08-29 22:48:00,Nagaland,Kohima,25.7455,94.1974,15.2,59.8,85.7,260.3,25.4,93,8.4,868.0,HEAVY_RAIN
W001509,2025-08-30 01:12:00,Nagaland,Dimapur,25.819,93.7847,8.7,25.2,30.3,62.0,34.1,95,38.9,998.9,MODERATE_RAIN
W001510,2025-08-30 03:36:00,Nagaland,Mokokchung,26.2348,94.5517,14.4,44.1,63.8,151.1,30.2,96,28.5,888.5,HEAVY_RAIN
W001511,2025-08-30 06:00:00,Manipur,Imphal West,24.8151,93.8572,31.6,129.2,159.0,355.6,30.6,85,23.4,935.2,TORRENTIAL_RAIN
W001512,2025-08-30 08:24:00,Manipur,Bishnupur,24.7467,93.7216,32.5,112.3,156.7,388.7,24.4,85,31.0,941.7,TORRENTIAL_RAIN
W001513,2025-08-30 10:48:00,Manipur,Senapati,25.261,94.102,14.0,34.7,46.0,119.0,27.6,88,13.9,892.4,MODERATE_RAIN
W001514,2025-08-30 13:12:00,Mizoram,Aizawl,23.6133,92.6348,24.0,53.6,79.1,202.4,24.1,88,20.3,905.1,HEAVY_RAIN
W001515,2025-08-30 15:36:00,Mizoram,Kolasib,24.3008,92.761,23.4,128.3,162.9,467.3,26.7,94,29.0,952.3,TORRENTIAL_RAIN
W001516,2025-08-30 18:00:00,Mizoram,Lunglei,22.937,92.7446,16.5,32.6,51.2,106.4,30.9,89,29.0,910.8,HEAVY_RAIN
W001517,2025-08-30 20:24:00,Tripura,West Tripura,23.9654,91.3765,32.4,92.6,142.5,404.4,24.4,96,22.1,1005.2,TORRENTIAL_RAIN
W001518,2025-08-30 22:48:00,Tripura,Sipahijala,23.7195,91.3449,35.8,91.7,140.3,352.1,29.2,92,29.8,1005.3,TORRENTIAL_RAIN
W001519,2025-08-31 01:12:00,Tripura,Dhalai,23.7126,91.7316,30.6,48.4,104.3,316.5,26.5,93,14.8,997.5,HEAVY_RAIN
W001520,2025-08-31 03:36:00,Arunachal Pradesh,Tawang,27.5446,91.9279,20.7,83.6,99.9,319.0,15.9,96,18.0,726.1,HEAVY_RAIN
W001521,2025-08-31 06:00:00,Arunachal Pradesh,West Kameng,27.3343,92.2957,21.4,40.3,76.3,242.9,9.6,97,9.7,795.4,HEAVY_RAIN
W001522,2025-08-31 08:24:00,Arunachal Pradesh,Papum Pare,26.9873,93.5272,16.4,64.6,106.2,280.3,27.5,96,37.7,982.5,HEAVY_RAIN
W001523,2025-08-31 10:48:00,Arunachal Pradesh,East Siang,28.1664,95.3181,43.9,110.3,143.3,430.3,28.7,94,21.2,1000.4,TORRENTIAL_RAIN
W001524,2025-08-31 13:12:00,Arunachal Pradesh,Lower Subansiri,27.5117,93.9065,45.5,103.8,147.6,495.7,31.7,89,36.6,861.7,CLOUD_BURST
W001525,2025-08-31 15:36:00,Assam,Kamrup Metropolitan,26.2205,91.7451,24.3,110.2,139.2,453.9,33.2,94,32.4,1003.9,HEAVY_RAIN
W001526,2025-08-31 18:00:00,Assam,Kamrup Rural,26.159,91.5348,6.0,28.3,47.5,121.8,24.2,94,27.0,1007.7,MODERATE_RAIN
W001527,2025-08-31 20:24:00,Assam,Darrang,26.5067,92.1641,20.8,44.1,66.8,166.8,33.4,93,16.8,1008.5,HEAVY_RAIN
W001528,2025-08-31 22:48:00,Assam,Sonitpur,26.7257,92.9257,25.9,114.6,148.5,360.0,29.2,98,34.3,1010.5,TORRENTIAL_RAIN
W001529,2025-09-01 01:12:00,Assam,Dibrugarh,27.5545,94.8922,11.6,51.5,95.1,211.5,31.5,90,21.7,1003.6,HEAVY_RAIN
W001530,2025-09-01 03:36:00,Assam,Cachar,24.8757,92.8997,15.9,27.6,55.4,139.1,26.9,98,25.8,1011.2,HEAVY_RAIN
W001531,2025-09-01 06:00:00,Assam,Nagaon,26.4349,92.7967,22.8,94.6,124.0,323.9,28.0,85,35.3,1009.2,HEAVY_RAIN
W001532,2025-09-01 08:24:00,Meghalaya,East Khasi Hills,25.639,92.0054,20.9,76.8,104.0,257.9,24.3,98,16.8,864.0,HEAVY_RAIN
W001533,2025-09-01 10:48:00,Meghalaya,West Khasi Hills,25.3624,91.1939,7.6,40.6,52.6,169.3,27.3,92,37.6,887.1,HEAVY_RAIN
W001534,2025-09-01 13:12:00,Meghalaya,Ri-Bhoi,25.8712,91.9232,35.8,75.1,141.1,456.6,34.0,91,30.0,954.1,TORRENTIAL_RAIN
W001535,2025-09-01 15:36:00,Meghalaya,West Jaintia Hills,25.4956,92.2592,35.4,78.3,102.3,332.6,33.2,95,16.4,877.7,HEAVY_RAIN
W001536,2025-09-01 18:00:00,Sikkim,East Sikkim,27.4215,88.7208,49.1,117.5,144.9,318.0,32.2,93,17.0,856.4,CLOUD_BURST
W001537,2025-09-01 20:24:00,Sikkim,North Sikkim,27.5675,88.622,11.6,35.5,75.3,250.9,13.1,96,10.4,777.4,HEAVY_RAIN
W001538,2025-09-01 22:48:00,Sikkim,South Sikkim,27.0841,88.3535,18.5,104.1,148.4,379.1,28.3,92,31.2,887.9,TORRENTIAL_RAIN
W001539,2025-09-02 01:12:00,Nagaland,Kohima,25.5731,93.967,16.2,62.9,110.5,295.8,29.7,91,27.2,868.1,HEAVY_RAIN
W001540,2025-09-02 03:36:00,Nagaland,Dimapur,26.0065,93.6687,22.3,79.2,93.4,298.4,22.3,86,16.6,994.7,HEAVY_RAIN
W001541,2025-09-02 06:00:00,Nagaland,Mokokchung,26.193,94.4819,33.4,106.9,150.1,345.9,34.3,92,15.2,881.9,TORRENTIAL_RAIN
W001542,2025-09-02 08:24:00,Manipur,Imphal West,24.894,94.0692,25.7,62.0,76.1,220.9,32.0,94,21.9,936.6,HEAVY_RAIN
W001543,2025-09-02 10:48:00,Manipur,Bishnupur,24.6183,93.9094,12.5,40.8,55.1,175.8,28.1,91,24.0,933.5,HEAVY_RAIN
W001544,2025-09-02 13:12:00,Manipur,Senapati,25.3244,94.1413,25.3,77.4,94.9,257.4,34.3,98,28.4,888.2,HEAVY_RAIN
W001545,2025-09-02 15:36:00,Mizoram,Aizawl,23.6822,92.653,17.8,51.0,62.3,199.0,29.4,86,24.7,898.5,HEAVY_RAIN
W001546,2025-09-02 18:00:00,Mizoram,Kolasib,24.112,92.6433,16.5,44.0,64.2,214.9,34.5,86,33.0,950.1,HEAVY_RAIN
W001547,2025-09-02 20:24:00,Mizoram,Lunglei,22.9047,92.8369,19.1,37.6,58.0,191.6,27.8,89,31.6,914.6,HEAVY_RAIN
W001548,2025-09-02 22:48:00,Tripura,West Tripura,23.8092,91.2604,16.6,92.1,135.1,410.4,30.2,95,36.7,1011.2,HEAVY_RAIN
W001549,2025-09-03 01:12:00,Tripura,Sipahijala,23.6279,91.2958,25.6,61.5,79.1,182.0,28.4,98,25.9,1011.2,HEAVY_RAIN
W001550,2025-09-03 03:36:00,Tripura,Dhalai,23.8677,91.9336,36.7,75.8,132.8,358.1,25.5,98,35.4,994.5,HEAVY_RAIN
W001551,2025-09-03 06:00:00,Arunachal Pradesh,Tawang,27.5631,91.8414,18.9,59.9,79.0,204.9,11.5,97,30.4,723.2,HEAVY_RAIN
W001552,2025-09-03 08:24:00,Arunachal Pradesh,West Kameng,27.2396,92.3148,19.5,90.7,160.1,367.2,8.0,87,10.0,797.2,TORRENTIAL_RAIN
W001553,2025-09-03 10:48:00,Arunachal Pradesh,Papum Pare,26.9892,93.678,6.0,25.7,40.7,130.4,28.6,96,34.7,976.9,MODERATE_RAIN
W001554,2025-09-03 13:12:00,Arunachal Pradesh,East Siang,28.0526,95.1858,32.2,134.3,180.0,364.3,28.4,92,33.4,1001.9,TORRENTIAL_RAIN
W001555,2025-09-03 15:36:00,Arunachal Pradesh,Lower Subansiri,27.6855,93.8605,23.1,70.5,127.2,292.7,22.5,92,27.5,861.1,HEAVY_RAIN
W001556,2025-09-03 18:00:00,Assam,Kamrup Metropolitan,26.0814,91.743,21.1,38.9,72.6,159.7,24.4,93,23.7,1011.2,HEAVY_RAIN
W001557,2025-09-03 20:24:00,Assam,Kamrup Rural,26.126,91.5578,33.0,118.0,149.8,470.0,24.0,93,34.6,1003.5,TORRENTIAL_RAIN
W001558,2025-09-03 22:48:00,Assam,Darrang,26.4285,92.162,9.5,24.9,46.8,152.9,22.5,86,40.2,1010.2,MODERATE_RAIN
W001559,2025-09-04 01:12:00,Assam,Sonitpur,26.7295,92.7892,25.3,62.8,118.9,229.7,29.8,97,38.9,1010.0,HEAVY_RAIN
W001560,2025-09-04 03:36:00,Assam,Dibrugarh,27.3362,94.9064,26.8,46.3,78.4,262.9,34.7,85,28.3,1004.7,HEAVY_RAIN
W001561,2025-09-04 06:00:00,Assam,Cachar,24.9177,92.7715,33.5,61.7,110.1,340.5,22.8,87,23.7,1007.6,HEAVY_RAIN
W001562,2025-09-04 08:24:00,Assam,Nagaon,26.2368,92.7249,19.5,78.7,154.8,520.4,29.9,88,27.0,1003.3,TORRENTIAL_RAIN
W001563,2025-09-04 10:48:00,Meghalaya,East Khasi Hills,25.6887,91.8409,29.0,135.7,239.3,526.6,30.6,92,31.8,863.1,TORRENTIAL_RAIN
W001564,2025-09-04 13:12:00,Meghalaya,West Khasi Hills,25.4762,91.3801,57.3,123.9,205.1,548.8,32.5,85,26.0,889.4,CLOUD_BURST
W001565,2025-09-04 15:36:00,Meghalaya,Ri-Bhoi,26.017,91.9508,20.3,49.1,72.5,236.7,22.7,98,18.1,957.1,HEAVY_RAIN
W001566,2025-09-04 18:00:00,Meghalaya,West Jaintia Hills,25.3074,92.239,23.8,87.1,106.7,260.2,31.8,91,23.2,879.1,HEAVY_RAIN
W001567,2025-09-04 20:24:00,Sikkim,East Sikkim,27.226,88.6243,17.7,47.6,57.6,122.4,16.1,89,31.1,855.0,HEAVY_RAIN
W001568,2025-09-04 22:48:00,Sikkim,North Sikkim,27.5773,88.6872,19.3,37.2,62.0,125.7,8.3,87,31.1,772.5,HEAVY_RAIN
W001569,2025-09-05 01:12:00,Sikkim,South Sikkim,27.2891,88.2361,42.7,83.2,133.2,307.9,23.7,89,40.5,880.0,HEAVY_RAIN
W001570,2025-09-05 03:36:00,Nagaland,Kohima,25.6076,94.0203,15.9,58.4,98.1,281.5,30.9,95,34.6,867.6,HEAVY_RAIN
W001571,2025-09-05 06:00:00,Nagaland,Dimapur,25.8901,93.8196,16.5,96.9,119.3,332.6,25.2,98,12.2,992.4,HEAVY_RAIN
W001572,2025-09-05 08:24:00,Nagaland,Mokokchung,26.3224,94.6502,25.0,68.2,87.1,208.4,25.9,95,23.4,885.5,HEAVY_RAIN
W001573,2025-09-05 10:48:00,Manipur,Imphal West,24.9249,93.882,13.4,20.0,43.9,130.1,25.8,92,27.9,939.0,MODERATE_RAIN
W001574,2025-09-05 13:12:00,Manipur,Bishnupur,24.6449,93.7001,12.9,26.4,45.5,88.5,29.4,94,17.8,941.4,MODERATE_RAIN
W001575,2025-09-05 15:36:00,Manipur,Senapati,25.202,93.9822,16.3,103.0,126.1,244.7,34.1,90,39.6,894.5,HEAVY_RAIN
W001576,2025-09-05 18:00:00,Mizoram,Aizawl,23.6315,92.7816,15.4,56.0,76.8,235.0,24.7,97,25.3,904.6,HEAVY_RAIN
W001577,2025-09-05 20:24:00,Mizoram,Kolasib,24.1938,92.6273,5.4,30.5,40.5,85.1,24.0,91,19.2,954.6,MODERATE_RAIN
W001578,2025-09-05 22:48:00,Mizoram,Lunglei,22.7456,92.6619,28.2,63.3,90.3,298.0,25.5,93,14.1,911.7,HEAVY_RAIN
W001579,2025-09-06 01:12:00,Tripura,West Tripura,23.9072,91.2523,19.3,34.2,68.3,182.5,23.9,89,28.0,1011.2,HEAVY_RAIN
W001580,2025-09-06 03:36:00,Tripura,Sipahijala,23.6509,91.1816,32.2,89.0,139.5,273.1,28.4,94,37.7,1011.2,HEAVY_RAIN
W001581,2025-09-06 06:00:00,Tripura,Dhalai,23.9658,91.7807,38.8,84.8,150.5,473.8,29.4,95,23.7,998.0,TORRENTIAL_RAIN
W001582,2025-09-06 08:24:00,Arunachal Pradesh,Tawang,27.6025,91.945,24.4,69.0,85.5,218.4,8.0,94,19.6,731.2,HEAVY_RAIN
W001583,2025-09-06 10:48:00,Arunachal Pradesh,West Kameng,27.3684,92.416,35.5,56.2,113.0,270.6,13.2,89,9.0,793.7,HEAVY_RAIN
W001584,2025-09-06 13:12:00,Arunachal Pradesh,Papum Pare,27.246,93.7012,15.3,43.1,68.6,194.6,32.3,90,12.2,981.1,HEAVY_RAIN
W001585,2025-09-06 15:36:00,Arunachal Pradesh,East Siang,28.0825,95.1885,19.8,33.8,66.2,140.4,28.3,90,35.4,993.7,HEAVY_RAIN
W001586,2025-09-06 18:00:00,Arunachal Pradesh,Lower Subansiri,27.4868,93.9716,62.9,169.4,204.3,600.7,24.6,86,38.8,866.2,CLOUD_BURST
W001587,2025-09-06 20:24:00,Assam,Kamrup Metropolitan,26.0765,91.6615,15.2,67.9,116.0,387.5,26.4,88,17.9,1005.2,HEAVY_RAIN
W001588,2025-09-06 22:48:00,Assam,Kamrup Rural,26.2247,91.5875,26.6,62.8,78.0,190.7,27.7,87,12.2,1007.0,HEAVY_RAIN
W001589,2025-09-07 01:12:00,Assam,Darrang,26.4622,91.902,55.7,117.3,163.9,361.4,32.3,97,24.4,1011.2,CLOUD_BURST
W001590,2025-09-07 03:36:00,Assam,Sonitpur,26.5257,92.8095,47.6,99.2,161.0,318.9,32.7,93,33.8,1008.0,CLOUD_BURST
W001591,2025-09-07 06:00:00,Assam,Dibrugarh,27.4742,95.0026,21.6,48.2,70.7,137.5,27.4,95,18.0,997.4,HEAVY_RAIN
W001592,2025-09-07 08:24:00,Assam,Cachar,24.7617,92.8547,5.7,33.2,40.7,118.9,29.3,95,11.2,1011.0,MODERATE_RAIN
W001593,2025-09-07 10:48:00,Assam,Nagaon,26.2917,92.5972,28.6,68.9,127.0,315.8,27.0,85,39.9,1005.4,HEAVY_RAIN
W001594,2025-09-07 13:12:00,Meghalaya,East Khasi Hills,25.4689,92.02,33.2,90.3,189.1,552.2,22.5,93,40.8,865.5,TORRENTIAL_RAIN
W001595,2025-09-07 15:36:00,Meghalaya,West Khasi Hills,25.5618,91.2339,36.6,91.4,154.8,451.8,34.7,85,20.6,882.5,TORRENTIAL_RAIN
W001596,2025-09-07 18:00:00,Meghalaya,Ri-Bhoi,25.8678,91.7543,34.1,99.2,206.0,424.8,32.9,87,13.5,954.2,TORRENTIAL_RAIN
W001597,2025-09-07 20:24:00,Meghalaya,West Jaintia Hills,25.3093,92.2996,13.5,77.8,106.1,310.8,31.5,94,40.0,880.4,HEAVY_RAIN
W001598,2025-09-07 22:48:00,Sikkim,East Sikkim,27.4805,88.5694,20.8,41.3,88.5,288.9,14.2,97,26.5,849.9,HEAVY_RAIN
W001599,2025-09-08 01:12:00,Sikkim,North Sikkim,27.5804,88.6091,27.7,95.9,115.9,393.1,7.2,92,15.2,778.9,HEAVY_RAIN
W001600,2025-09-08 03:36:00,Sikkim,South Sikkim,27.0779,88.2028,23.8,44.2,70.1,143.6,31.8,95,22.7,882.4,HEAVY_RAIN
W001601,2025-09-08 06:00:00,Nagaland,Kohima,25.8015,94.0659,20.5,51.0,63.5,197.3,31.6,92,18.2,876.9,HEAVY_RAIN
W001602,2025-09-08 08:24:00,Nagaland,Dimapur,25.9993,93.6438,20.2,65.3,124.4,379.3,27.7,91,13.1,993.8,HEAVY_RAIN
W001603,2025-09-08 10:48:00,Nagaland,Mokokchung,26.3229,94.5812,26.7,110.6,140.2,320.6,30.4,87,31.3,882.2,TORRENTIAL_RAIN
W001604,2025-09-08 13:12:00,Manipur,Imphal West,24.9133,93.9056,12.3,40.8,52.5,131.8,27.8,95,19.1,931.3,HEAVY_RAIN
W001605,2025-09-08 15:36:00,Manipur,Bishnupur,24.5335,93.6726,11.9,27.2,42.5,133.3,25.9,93,13.7,934.4,MODERATE_RAIN
W001606,2025-09-08 18:00:00,Manipur,Senapati,25.2795,93.8796,18.3,40.0,82.4,271.8,25.3,96,15.4,895.0,HEAVY_RAIN
W001607,2025-09-08 20:24:00,Mizoram,Aizawl,23.8572,92.8242,35.9,80.1,137.1,279.4,26.3,96,21.7,897.4,HEAVY_RAIN
W001608,2025-09-08 22:48:00,Mizoram,Kolasib,24.1276,92.7334,19.5,66.4,118.2,391.5,30.1,96,27.8,950.7,HEAVY_RAIN
W001609,2025-09-09 01:12:00,Mizoram,Lunglei,22.9342,92.8549,7.8,21.3,31.5,77.6,32.0,93,21.3,919.1,MODERATE_RAIN
W001610,2025-09-09 03:36:00,Tripura,West Tripura,23.9644,91.1524,36.7,57.1,120.1,389.9,30.6,92,36.6,1003.9,HEAVY_RAIN
W001611,2025-09-09 06:00:00,Tripura,Sipahijala,23.6071,91.1985,32.5,59.0,107.8,329.7,30.2,97,12.6,1009.5,HEAVY_RAIN
W001612,2025-09-09 08:24:00,Tripura,Dhalai,23.9277,91.9651,19.0,42.9,81.8,161.9,28.1,88,32.0,1002.6,HEAVY_RAIN
W001613,2025-09-09 10:48:00,Arunachal Pradesh,Tawang,27.5958,91.8043,23.1,105.7,174.8,518.9,8.8,90,39.3,730.0,TORRENTIAL_RAIN
W001614,2025-09-09 13:12:00,Arunachal Pradesh,West Kameng,27.286,92.2735,56.7,136.2,163.1,431.2,9.3,97,34.8,794.3,CLOUD_BURST
W001615,2025-09-09 15:36:00,Arunachal Pradesh,Papum Pare,27.2377,93.7417,20.1,74.3,96.5,312.1,30.8,91,21.6,985.3,HEAVY_RAIN
W001616,2025-09-09 18:00:00,Arunachal Pradesh,East Siang,28.1038,95.205,60.5,154.0,182.8,573.7,28.0,90,31.0,997.9,CLOUD_BURST
W001617,2025-09-09 20:24:00,Arunachal Pradesh,Lower Subansiri,27.6392,93.9605,9.8,23.1,48.5,145.6,17.0,93,24.3,855.7,MODERATE_RAIN
W001618,2025-09-09 22:48:00,Assam,Kamrup Metropolitan,26.066,91.6884,23.3,72.1,87.3,200.4,34.6,97,13.6,1011.2,HEAVY_RAIN
W001619,2025-09-10 01:12:00,Assam,Kamrup Rural,26.106,91.4339,7.5,19.3,34.9,89.1,24.5,88,16.6,1005.9,MODERATE_RAIN
W001620,2025-09-10 03:36:00,Assam,Darrang,26.4896,92.0547,6.7,17.3,35.7,104.5,27.6,88,32.3,1011.2,MODERATE_RAIN
W001621,2025-09-10 06:00:00,Assam,Sonitpur,26.597,92.9096,22.3,80.7,146.8,297.2,29.5,93,25.9,1002.8,TORRENTIAL_RAIN
W001622,2025-09-10 08:24:00,Assam,Dibrugarh,27.5985,94.8946,32.7,93.0,120.5,302.8,30.2,88,18.8,1004.8,HEAVY_RAIN
W001623,2025-09-10 10:48:00,Assam,Cachar,24.7138,92.6456,28.1,96.8,145.0,411.6,34.9,97,36.3,1011.2,TORRENTIAL_RAIN
W001624,2025-09-10 13:12:00,Assam,Nagaon,26.2239,92.7596,29.6,103.4,125.8,408.7,27.3,98,14.3,1010.0,HEAVY_RAIN
W001625,2025-09-10 15:36:00,Meghalaya,East Khasi Hills,25.616,91.8793,38.1,109.8,149.0,457.3,23.7,87,11.3,867.3,TORRENTIAL_RAIN
W001626,2025-09-10 18:00:00,Meghalaya,West Khasi Hills,25.5458,91.2119,43.3,97.7,130.7,347.4,34.6,95,24.7,881.9,HEAVY_RAIN
W001627,2025-09-10 20:24:00,Meghalaya,Ri-Bhoi,25.9052,91.9063,8.4,37.7,54.5,146.8,26.5,97,30.2,963.9,HEAVY_RAIN
W001628,2025-09-10 22:48:00,Meghalaya,West Jaintia Hills,25.3203,92.2868,41.5,172.9,220.9,554.4,30.0,85,36.8,886.4,TORRENTIAL_RAIN
W001629,2025-09-11 01:12:00,Sikkim,East Sikkim,27.3416,88.5631,26.4,55.4,93.9,265.8,7.6,86,17.9,851.4,HEAVY_RAIN
W001630,2025-09-11 03:36:00,Sikkim,North Sikkim,27.4229,88.6391,25.1,56.6,72.7,143.0,17.3,85,24.5,778.3,HEAVY_RAIN
W001631,2025-09-11 06:00:00,Sikkim,South Sikkim,27.1739,88.3955,37.4,76.8,128.8,287.4,27.6,85,33.5,887.3,HEAVY_RAIN
W001632,2025-09-11 08:24:00,Nagaland,Kohima,25.7577,94.0028,52.1,74.6,151.1,411.7,27.9,89,39.8,874.1,CLOUD_BURST
W001633,2025-09-11 10:48:00,Nagaland,Dimapur,26.0479,93.7328,20.5,119.9,141.1,318.7,32.8,85,16.4,991.7,TORRENTIAL_RAIN
W001634,2025-09-11 13:12:00,Nagaland,Mokokchung,26.3271,94.6206,24.9,61.7,112.3,228.0,27.4,90,21.5,879.0,HEAVY_RAIN
W001635,2025-09-11 15:36:00,Manipur,Imphal West,24.96,93.979,6.1,21.9,35.8,116.6,34.6,89,8.8,939.7,MODERATE_RAIN
W001636,2025-09-11 18:00:00,Manipur,Bishnupur,24.6828,93.8229,23.6,77.2,133.0,320.2,27.5,98,38.4,937.8,HEAVY_RAIN
W001637,2025-09-11 20:24:00,Manipur,Senapati,25.2835,94.1489,25.8,97.6,121.1,365.9,23.9,95,11.8,888.9,HEAVY_RAIN
W001638,2025-09-11 22:48:00,Mizoram,Aizawl,23.6086,92.8304,10.6,25.2,31.0,98.2,33.9,97,26.7,897.0,MODERATE_RAIN
W001639,2025-09-12 01:12:00,Mizoram,Kolasib,24.0711,92.5969,9.0,20.6,35.6,118.7,32.0,98,10.8,956.5,MODERATE_RAIN
W001640,2025-09-12 03:36:00,Mizoram,Lunglei,22.8742,92.8205,31.7,63.5,100.5,294.7,24.6,87,16.2,908.9,HEAVY_RAIN
W001641,2025-09-12 06:00:00,Tripura,West Tripura,23.7431,91.1921,22.5,106.4,137.9,419.3,33.9,85,37.4,1011.2,HEAVY_RAIN
W001642,2025-09-12 08:24:00,Tripura,Sipahijala,23.494,91.1966,12.3,45.6,66.8,159.0,23.1,97,19.2,1011.2,HEAVY_RAIN
W001643,2025-09-12 10:48:00,Tripura,Dhalai,23.9738,91.808,45.8,95.8,140.4,306.4,33.2,94,15.7,1005.1,CLOUD_BURST
W001644,2025-09-12 13:12:00,Arunachal Pradesh,Tawang,27.5018,91.788,10.4,47.0,65.0,163.7,12.6,89,39.6,732.7,HEAVY_RAIN
W001645,2025-09-12 15:36:00,Arunachal Pradesh,West Kameng,27.1681,92.2723,14.1,44.6,97.1,289.5,10.0,96,30.2,793.0,HEAVY_RAIN
W001646,2025-09-12 18:00:00,Arunachal Pradesh,Papum Pare,27.1998,93.5078,14.3,33.6,50.4,98.2,26.1,85,15.5,979.6,HEAVY_RAIN
W001647,2025-09-12 20:24:00,Arunachal Pradesh,East Siang,28.1968,95.2675,26.5,65.7,88.9,198.8,27.4,95,8.2,1001.0,HEAVY_RAIN
W001648,2025-09-12 22:48:00,Arunachal Pradesh,Lower Subansiri,27.4514,93.8381,36.8,90.2,123.6,270.7,14.6,85,27.6,856.2,HEAVY_RAIN
W001649,2025-09-13 01:12:00,Assam,Kamrup Metropolitan,26.258,91.6058,19.0,63.0,102.9,348.4,25.0,98,9.1,1011.2,HEAVY_RAIN
W001650,2025-09-13 03:36:00,Assam,Kamrup Rural,26.0919,91.5718,16.7,74.5,117.3,368.6,31.7,91,11.8,1004.8,HEAVY_RAIN
W001651,2025-09-13 06:00:00,Assam,Darrang,26.5951,91.9544,15.5,43.8,54.8,118.1,33.7,96,15.6,1011.2,HEAVY_RAIN
W001652,2025-09-13 08:24:00,Assam,Sonitpur,26.7401,92.7309,19.3,45.6,58.6,176.8,23.2,93,36.8,1009.6,HEAVY_RAIN
W001653,2025-09-13 10:48:00,Assam,Dibrugarh,27.5615,95.0239,19.5,50.8,80.5,226.0,26.9,89,11.2,997.9,HEAVY_RAIN
W001654,2025-09-13 13:12:00,Assam,Cachar,24.83,92.8471,27.7,115.0,158.5,435.0,22.4,94,41.4,1006.8,TORRENTIAL_RAIN
W001655,2025-09-13 15:36:00,Assam,Nagaon,26.2147,92.6866,35.0,98.9,122.6,341.4,32.1,93,26.6,1003.4,HEAVY_RAIN
W001656,2025-09-13 18:00:00,Meghalaya,East Khasi Hills,25.5411,91.899,26.5,63.4,98.3,218.0,33.6,89,25.0,870.9,HEAVY_RAIN
W001657,2025-09-13 20:24:00,Meghalaya,West Khasi Hills,25.5684,91.3247,44.1,85.8,155.1,364.5,27.0,94,35.2,887.5,TORRENTIAL_RAIN
W001658,2025-09-13 22:48:00,Meghalaya,Ri-Bhoi,25.9414,91.9672,37.8,64.2,108.4,230.2,31.6,92,39.7,957.0,HEAVY_RAIN
W001659,2025-09-14 01:12:00,Meghalaya,West Jaintia Hills,25.3609,92.309,15.4,80.2,123.6,409.2,27.0,90,27.6,883.8,HEAVY_RAIN
W001660,2025-09-14 03:36:00,Sikkim,East Sikkim,27.302,88.5037,26.5,52.9,82.9,267.0,10.2,87,40.0,846.9,HEAVY_RAIN
W001661,2025-09-14 06:00:00,Sikkim,North Sikkim,27.3903,88.4252,7.9,39.0,54.6,116.9,6.8,86,39.7,773.5,HEAVY_RAIN
W001662,2025-09-14 08:24:00,Sikkim,South Sikkim,27.0323,88.3537,24.0,86.0,115.3,385.0,23.6,91,37.3,887.5,HEAVY_RAIN
W001663,2025-09-14 10:48:00,Nagaland,Kohima,25.6478,94.2,4.8,27.7,32.7,105.6,32.2,91,8.1,874.0,MODERATE_RAIN
W001664,2025-09-14 13:12:00,Nagaland,Dimapur,25.8893,93.6572,30.1,92.7,117.7,224.2,29.2,94,9.7,999.1,HEAVY_RAIN
W001665,2025-09-14 15:36:00,Nagaland,Mokokchung,26.4278,94.5238,51.5,96.0,147.8,370.9,24.2,85,39.6,881.7,CLOUD_BURST
W001666,2025-09-14 18:00:00,Manipur,Imphal West,24.7353,93.8224,37.8,91.2,138.3,359.2,28.4,91,9.7,937.6,HEAVY_RAIN
W001667,2025-09-14 20:24:00,Manipur,Bishnupur,24.5414,93.7133,17.2,34.0,67.5,167.3,23.7,98,11.6,939.9,HEAVY_RAIN
W001668,2025-09-14 22:48:00,Manipur,Senapati,25.3636,93.9172,20.3,57.2,75.3,210.8,27.2,91,40.8,889.0,HEAVY_RAIN
W001669,2025-09-15 01:12:00,Mizoram,Aizawl,23.8028,92.7895,24.1,75.7,90.7,221.6,31.0,92,11.8,897.0,HEAVY_RAIN
W001670,2025-09-15 03:36:00,Mizoram,Kolasib,24.1546,92.634,17.4,51.1,110.0,351.8,33.7,86,15.0,954.3,HEAVY_RAIN
W001671,2025-09-15 06:00:00,Mizoram,Lunglei,22.9573,92.5936,26.7,62.4,84.2,231.8,31.6,91,17.6,911.0,HEAVY_RAIN
W001672,2025-09-15 08:24:00,Tripura,West Tripura,23.7263,91.2561,27.9,52.8,101.6,199.9,28.4,86,23.9,1011.2,HEAVY_RAIN
W001673,2025-09-15 10:48:00,Tripura,Sipahijala,23.5551,91.3381,20.2,43.5,65.9,188.4,24.5,92,26.7,1009.1,HEAVY_RAIN
W001674,2025-09-15 13:12:00,Tripura,Dhalai,23.8384,91.9376,29.9,83.5,128.7,342.9,34.3,88,23.3,1001.4,HEAVY_RAIN
W001675,2025-09-15 15:36:00,Arunachal Pradesh,Tawang,27.7187,91.8347,25.8,56.3,80.9,229.3,14.3,89,26.7,729.4,HEAVY_RAIN
W001676,2025-09-15 18:00:00,Arunachal Pradesh,West Kameng,27.2269,92.4392,13.4,46.5,76.9,212.9,11.9,86,19.9,801.9,HEAVY_RAIN
W001677,2025-09-15 20:24:00,Arunachal Pradesh,Papum Pare,27.1003,93.6643,54.8,121.3,174.7,348.1,26.9,88,29.8,983.3,CLOUD_BURST
W001678,2025-09-15 22:48:00,Arunachal Pradesh,East Siang,28.1217,95.297,12.6,39.2,60.6,167.6,29.4,98,27.6,994.2,HEAVY_RAIN
W001679,2025-09-16 01:12:00,Arunachal Pradesh,Lower Subansiri,27.5761,93.8503,13.3,35.3,76.0,215.9,25.2,92,26.9,865.8,HEAVY_RAIN
W001680,2025-09-16 03:36:00,Assam,Kamrup Metropolitan,26.2803,91.6853,9.5,23.4,35.3,94.4,31.6,95,20.7,1005.9,MODERATE_RAIN
W001681,2025-09-16 06:00:00,Assam,Kamrup Rural,26.2072,91.5293,19.4,32.2,61.8,181.3,22.7,93,17.4,1008.7,HEAVY_RAIN
W001682,2025-09-16 08:24:00,Assam,Darrang,26.4623,91.9375,24.2,66.8,104.1,217.1,24.4,87,28.1,1011.2,HEAVY_RAIN
W001683,2025-09-16 10:48:00,Assam,Sonitpur,26.6755,92.734,19.8,89.6,119.7,249.4,25.0,98,35.2,1009.4,HEAVY_RAIN
W001684,2025-09-16 13:12:00,Assam,Dibrugarh,27.3324,94.9687,8.3,30.4,48.6,125.9,27.6,97,8.3,1002.4,MODERATE_RAIN
W001685,2025-09-16 15:36:00,Assam,Cachar,24.9567,92.7447,17.0,45.6,63.0,196.4,27.7,96,29.9,1011.2,HEAVY_RAIN
W001686,2025-09-16 18:00:00,Assam,Nagaon,26.2162,92.5512,7.3,24.1,37.5,108.4,31.4,95,27.1,1006.3,MODERATE_RAIN
W001687,2025-09-16 20:24:00,Meghalaya,East Khasi Hills,25.7017,91.8606,23.8,116.2,142.5,413.8,24.8,93,15.0,871.7,TORRENTIAL_RAIN
W001688,2025-09-16 22:48:00,Meghalaya,West Khasi Hills,25.5829,91.2267,32.7,47.3,98.3,288.5,28.4,85,28.0,882.4,HEAVY_RAIN
W001689,2025-09-17 01:12:00,Meghalaya,Ri-Bhoi,25.8117,91.8597,53.0,110.4,234.8,541.8,22.5,96,20.9,956.4,CLOUD_BURST
W001690,2025-09-17 03:36:00,Meghalaya,West Jaintia Hills,25.4725,92.1431,39.8,136.8,193.4,655.2,24.4,93,14.7,886.3,TORRENTIAL_RAIN
W001691,2025-09-17 06:00:00,Sikkim,East Sikkim,27.2715,88.4587,23.0,64.8,107.8,338.5,11.8,85,25.7,855.6,HEAVY_RAIN
W001692,2025-09-17 08:24:00,Sikkim,North Sikkim,27.5315,88.4741,9.0,49.3,72.6,167.6,15.4,93,39.1,774.9,HEAVY_RAIN
W001693,2025-09-17 10:48:00,Sikkim,South Sikkim,27.1581,88.3728,9.5,50.4,65.9,131.9,25.9,97,34.5,882.5,HEAVY_RAIN
W001694,2025-09-17 13:12:00,Nagaland,Kohima,25.8008,94.0626,19.8,58.0,110.1,255.2,29.6,86,40.6,867.5,HEAVY_RAIN
W001695,2025-09-17 15:36:00,Nagaland,Dimapur,25.9407,93.8205,10.7,21.2,44.4,120.7,30.3,90,38.4,997.8,MODERATE_RAIN
W001696,2025-09-17 18:00:00,Nagaland,Mokokchung,26.3603,94.4996,16.7,95.1,114.0,347.0,33.2,93,20.6,884.9,HEAVY_RAIN
W001697,2025-09-17 20:24:00,Manipur,Imphal West,24.8376,93.9049,31.2,106.6,161.1,498.6,33.5,86,11.0,941.7,TORRENTIAL_RAIN
W001698,2025-09-17 22:48:00,Manipur,Bishnupur,24.5645,93.8029,16.3,66.6,126.7,327.8,27.1,94,37.6,940.0,HEAVY_RAIN
W001699,2025-09-18 01:12:00,Manipur,Senapati,25.328,94.1307,26.6,117.7,143.0,419.1,27.0,89,40.0,885.2,TORRENTIAL_RAIN
W001700,2025-09-18 03:36:00,Mizoram,Aizawl,23.7429,92.8662,28.3,129.1,152.7,290.9,24.3,86,15.8,907.5,TORRENTIAL_RAIN
W001701,2025-09-18 06:00:00,Mizoram,Kolasib,24.3039,92.653,38.0,87.9,125.7,370.0,23.9,88,17.7,957.2,HEAVY_RAIN
W001702,2025-09-18 08:24:00,Mizoram,Lunglei,22.8687,92.612,30.6,72.2,96.2,218.3,25.8,88,21.0,910.5,HEAVY_RAIN
W001703,2025-09-18 10:48:00,Tripura,West Tripura,23.7846,91.2566,13.0,26.9,38.4,92.6,34.0,91,9.7,1011.2,MODERATE_RAIN
W001704,2025-09-18 13:12:00,Tripura,Sipahijala,23.5194,91.4371,25.8,91.7,119.4,271.6,29.4,96,10.6,1011.2,HEAVY_RAIN
W001705,2025-09-18 15:36:00,Tripura,Dhalai,23.8384,91.7248,31.3,53.1,89.6,222.8,26.4,86,29.5,997.1,HEAVY_RAIN
W001706,2025-09-18 18:00:00,Arunachal Pradesh,Tawang,27.4782,91.9555,48.9,75.9,168.5,363.2,9.8,86,19.5,724.4,CLOUD_BURST
W001707,2025-09-18 20:24:00,Arunachal Pradesh,West Kameng,27.2966,92.3191,12.1,41.3,50.8,122.2,9.4,96,26.0,802.0,HEAVY_RAIN
W001708,2025-09-18 22:48:00,Arunachal Pradesh,Papum Pare,26.9737,93.6957,40.7,103.0,206.5,460.0,24.6,90,32.8,979.3,TORRENTIAL_RAIN
W001709,2025-09-19 01:12:00,Arunachal Pradesh,East Siang,27.9694,95.3903,9.8,34.7,41.2,115.2,34.0,89,22.7,992.7,MODERATE_RAIN
W001710,2025-09-19 03:36:00,Arunachal Pradesh,Lower Subansiri,27.609,93.931,33.3,85.5,172.2,494.2,7.6,90,24.1,856.1,TORRENTIAL_RAIN
W001711,2025-09-19 06:00:00,Assam,Kamrup Metropolitan,26.1925,91.617,7.1,30.8,53.0,159.3,26.0,87,10.9,1005.1,HEAVY_RAIN
W001712,2025-09-19 08:24:00,Assam,Kamrup Rural,26.0364,91.6437,16.0,78.9,109.0,313.4,24.1,93,28.7,1003.8,HEAVY_RAIN
W001713,2025-09-19 10:48:00,Assam,Darrang,26.5746,91.941,18.3,55.2,98.0,296.6,24.8,92,20.3,1011.2,HEAVY_RAIN
W001714,2025-09-19 13:12:00,Assam,Sonitpur,26.5849,92.7002,40.9,85.3,124.9,346.1,25.7,87,18.9,1003.1,HEAVY_RAIN
W001715,2025-09-19 15:36:00,Assam,Dibrugarh,27.3518,95.0126,4.5,15.8,30.8,91.3,23.4,89,9.5,1000.2,MODERATE_RAIN
W001716,2025-09-19 18:00:00,Assam,Cachar,24.808,92.6612,12.1,26.2,37.0,109.3,27.7,98,25.5,1011.2,MODERATE_RAIN
W001717,2025-09-19 20:24:00,Assam,Nagaon,26.3826,92.8143,21.3,70.2,100.3,272.4,31.0,87,14.3,1007.9,HEAVY_RAIN
W001718,2025-09-19 22:48:00,Meghalaya,East Khasi Hills,25.4929,91.8503,31.8,152.8,213.8,552.8,30.7,98,40.4,870.9,TORRENTIAL_RAIN
W001719,2025-09-20 01:12:00,Meghalaya,West Khasi Hills,25.3636,91.1738,45.6,132.9,237.6,679.3,23.6,97,18.7,890.9,CLOUD_BURST
W001720,2025-09-20 03:36:00,Meghalaya,Ri-Bhoi,25.945,91.8407,60.8,143.6,213.0,412.8,23.2,87,25.6,964.4,CLOUD_BURST
W001721,2025-09-20 06:00:00,Meghalaya,West Jaintia Hills,25.5303,92.1999,39.3,137.3,231.2,726.7,28.9,87,40.8,887.5,TORRENTIAL_RAIN
W001722,2025-09-20 08:24:00,Sikkim,East Sikkim,27.4656,88.6273,16.9,56.9,69.1,232.1,14.9,87,32.7,854.2,HEAVY_RAIN
W001723,2025-09-20 10:48:00,Sikkim,North Sikkim,27.6444,88.6089,23.0,67.1,129.2,321.7,16.1,93,42.0,770.6,HEAVY_RAIN
W001724,2025-09-20 13:12:00,Sikkim,South Sikkim,27.0599,88.2526,17.9,29.5,51.3,169.6,34.6,97,13.4,882.2,HEAVY_RAIN
W001725,2025-09-20 15:36:00,Nagaland,Kohima,25.7806,94.1032,22.7,47.7,102.5,263.7,27.0,89,12.6,873.8,HEAVY_RAIN
W001726,2025-09-20 18:00:00,Nagaland,Dimapur,25.8915,93.7308,25.5,130.5,154.0,508.3,30.6,95,24.8,990.8,TORRENTIAL_RAIN
W001727,2025-09-20 20:24:00,Nagaland,Mokokchung,26.4715,94.4398,41.0,91.9,125.3,409.1,25.9,98,31.8,882.1,HEAVY_RAIN
W001728,2025-09-20 22:48:00,Manipur,Imphal West,24.7379,93.9153,35.4,120.0,150.9,303.7,27.8,89,35.0,939.1,TORRENTIAL_RAIN
W001729,2025-09-21 01:12:00,Manipur,Bishnupur,24.5948,93.7035,19.0,78.6,143.8,320.4,22.5,96,37.1,941.8,TORRENTIAL_RAIN
W001730,2025-09-21 03:36:00,Manipur,Senapati,25.1814,94.0776,8.9,25.1,32.5,90.9,33.2,98,12.9,891.1,MODERATE_RAIN
W001731,2025-09-21 06:00:00,Mizoram,Aizawl,23.6605,92.7607,42.0,69.6,137.8,319.0,27.6,89,10.2,898.8,HEAVY_RAIN
W001732,2025-09-21 08:24:00,Mizoram,Kolasib,24.1945,92.7738,35.7,86.5,130.6,379.6,29.7,91,36.7,949.9,HEAVY_RAIN
W001733,2025-09-21 10:48:00,Mizoram,Lunglei,22.8294,92.6627,44.6,96.6,131.6,296.2,29.2,94,15.5,912.4,HEAVY_RAIN
W001734,2025-09-21 13:12:00,Tripura,West Tripura,23.978,91.3772,36.2,61.5,118.8,391.1,29.5,97,30.0,1006.9,HEAVY_RAIN
W001735,2025-09-21 15:36:00,Tripura,Sipahijala,23.5994,91.2585,42.5,122.5,161.0,416.8,30.5,92,24.3,1010.5,TORRENTIAL_RAIN
W001736,2025-09-21 18:00:00,Tripura,Dhalai,23.8475,91.9861,53.9,91.1,162.8,468.2,25.0,97,23.5,1004.8,CLOUD_BURST
W001737,2025-09-21 20:24:00,Arunachal Pradesh,Tawang,27.4974,91.7369,21.2,106.5,153.2,375.5,9.2,96,32.7,727.5,TORRENTIAL_RAIN
W001738,2025-09-21 22:48:00,Arunachal Pradesh,West Kameng,27.1758,92.4181,40.7,114.2,158.6,456.2,10.2,89,23.9,798.2,TORRENTIAL_RAIN
W001739,2025-09-22 01:12:00,Arunachal Pradesh,Papum Pare,27.1669,93.5401,6.0,31.3,49.0,155.9,30.5,91,20.7,985.6,MODERATE_RAIN
W001740,2025-09-22 03:36:00,Arunachal Pradesh,East Siang,28.0889,95.4663,41.0,126.1,165.9,389.3,25.7,93,28.8,1001.4,TORRENTIAL_RAIN
W001741,2025-09-22 06:00:00,Arunachal Pradesh,Lower Subansiri,27.424,93.9718,33.0,117.3,199.2,491.4,27.4,98,12.3,861.3,TORRENTIAL_RAIN
W001742,2025-09-22 08:24:00,Assam,Kamrup Metropolitan,26.1213,91.769,9.7,18.0,39.5,94.3,29.5,86,34.6,1008.3,MODERATE_RAIN
W001743,2025-09-22 10:48:00,Assam,Kamrup Rural,26.2731,91.4179,11.9,38.4,64.7,195.5,24.1,90,19.3,1008.7,HEAVY_RAIN
W001744,2025-09-22 13:12:00,Assam,Darrang,26.5739,91.9711,13.4,34.0,43.6,129.1,31.7,93,19.9,1007.3,MODERATE_RAIN
W001745,2025-09-22 15:36:00,Assam,Sonitpur,26.561,92.7817,9.2,30.7,43.0,104.6,34.0,94,39.2,1005.8,MODERATE_RAIN
W001746,2025-09-22 18:00:00,Assam,Dibrugarh,27.4671,94.862,7.2,19.2,33.5,69.0,25.0,97,39.7,999.6,MODERATE_RAIN
W001747,2025-09-22 20:24:00,Assam,Cachar,24.7402,92.6328,17.9,45.3,61.0,116.8,33.1,95,16.6,1010.4,HEAVY_RAIN
W001748,2025-09-22 22:48:00,Assam,Nagaon,26.3166,92.6587,22.6,78.8,96.3,203.5,25.1,86,37.4,1007.9,HEAVY_RAIN
W001749,2025-09-23 01:12:00,Meghalaya,East Khasi Hills,25.5757,91.9356,34.9,114.8,148.4,475.3,34.5,98,14.8,865.7,TORRENTIAL_RAIN
W001750,2025-09-23 03:36:00,Meghalaya,West Khasi Hills,25.6577,91.1473,68.0,132.3,246.5,773.6,23.5,92,23.0,882.0,CLOUD_BURST
W001751,2025-09-23 06:00:00,Meghalaya,Ri-Bhoi,25.8809,91.8066,74.5,180.2,232.1,668.6,29.4,88,40.1,953.8,CLOUD_BURST
W001752,2025-09-23 08:24:00,Meghalaya,West Jaintia Hills,25.5127,92.2405,24.6,80.1,110.8,335.0,33.4,98,12.1,884.1,HEAVY_RAIN
W001753,2025-09-23 10:48:00,Sikkim,East Sikkim,27.4669,88.6772,33.6,87.6,151.9,421.1,9.3,96,38.3,854.3,TORRENTIAL_RAIN
W001754,2025-09-23 13:12:00,Sikkim,North Sikkim,27.4584,88.612,8.3,41.1,59.4,197.9,9.2,98,38.5,778.7,HEAVY_RAIN
W001755,2025-09-23 15:36:00,Sikkim,South Sikkim,27.0984,88.3366,38.8,84.7,164.5,372.0,32.6,95,19.4,883.2,TORRENTIAL_RAIN
W001756,2025-09-23 18:00:00,Nagaland,Kohima,25.6986,94.1574,52.3,115.9,161.1,312.5,25.1,97,11.2,876.0,CLOUD_BURST
W001757,2025-09-23 20:24:00,Nagaland,Dimapur,25.9501,93.8526,24.3,85.2,138.2,376.0,26.8,86,9.3,995.1,HEAVY_RAIN
W001758,2025-09-23 22:48:00,Nagaland,Mokokchung,26.1991,94.643,4.9,18.4,36.0,72.5,25.3,92,23.2,878.7,MODERATE_RAIN
W001759,2025-09-24 01:12:00,Manipur,Imphal West,24.7429,93.8775,8.7,29.8,48.2,122.3,29.2,92,29.8,935.5,MODERATE_RAIN
W001760,2025-09-24 03:36:00,Manipur,Bishnupur,24.5748,93.738,18.7,54.9,115.4,317.6,29.5,97,37.0,932.6,HEAVY_RAIN
W001761,2025-09-24 06:00:00,Manipur,Senapati,25.1428,94.0318,8.7,26.7,58.3,127.2,26.0,91,15.2,886.6,HEAVY_RAIN
W001762,2025-09-24 08:24:00,Mizoram,Aizawl,23.8017,92.8466,11.0,28.4,57.7,145.2,22.9,85,8.7,903.4,HEAVY_RAIN
W001763,2025-09-24 10:48:00,Mizoram,Kolasib,24.1205,92.6775,17.3,65.4,143.9,336.5,24.6,88,20.5,958.1,TORRENTIAL_RAIN
W001764,2025-09-24 13:12:00,Mizoram,Lunglei,22.8875,92.7864,35.9,91.2,159.6,314.6,28.1,98,13.0,910.0,TORRENTIAL_RAIN
W001765,2025-09-24 15:36:00,Tripura,West Tripura,23.7374,91.1771,33.7,84.0,121.9,296.9,31.8,98,23.8,1009.6,HEAVY_RAIN
W001766,2025-09-24 18:00:00,Tripura,Sipahijala,23.6202,91.4063,27.6,91.1,118.7,239.2,28.8,95,38.3,1011.2,HEAVY_RAIN
W001767,2025-09-24 20:24:00,Tripura,Dhalai,23.9428,91.7576,26.8,68.4,105.5,288.1,33.0,91,22.4,994.1,HEAVY_RAIN
W001768,2025-09-24 22:48:00,Arunachal Pradesh,Tawang,27.71,91.7422,55.7,133.8,168.1,374.3,12.0,94,12.4,726.9,CLOUD_BURST
W001769,2025-09-25 01:12:00,Arunachal Pradesh,West Kameng,27.2278,92.3489,18.6,50.7,76.4,210.9,13.6,94,35.2,799.3,HEAVY_RAIN
W001770,2025-09-25 03:36:00,Arunachal Pradesh,Papum Pare,27.096,93.6948,11.0,25.0,46.3,107.1,23.5,88,19.6,987.6,MODERATE_RAIN
W001771,2025-09-25 06:00:00,Arunachal Pradesh,East Siang,27.9182,95.3507,42.4,98.2,127.0,257.4,31.6,91,32.6,1003.4,HEAVY_RAIN
W001772,2025-09-25 08:24:00,Arunachal Pradesh,Lower Subansiri,27.4022,93.8609,21.5,71.4,88.2,171.6,34.5,93,21.7,856.7,HEAVY_RAIN
W001773,2025-09-25 10:48:00,Assam,Kamrup Metropolitan,26.2216,91.7675,19.9,39.6,72.1,205.5,23.4,97,35.4,1009.5,HEAVY_RAIN
W001774,2025-09-25 13:12:00,Assam,Kamrup Rural,26.3348,91.6571,26.0,80.4,98.8,203.4,34.8,93,16.1,1001.6,HEAVY_RAIN
W001775,2025-09-25 15:36:00,Assam,Darrang,26.4852,92.1736,12.6,49.3,82.8,192.0,26.0,87,16.0,1003.1,HEAVY_RAIN
W001776,2025-09-25 18:00:00,Assam,Sonitpur,26.6209,92.8521,7.6,36.9,54.7,124.6,34.3,88,18.7,1002.4,HEAVY_RAIN
W001777,2025-09-25 20:24:00,Assam,Dibrugarh,27.3305,94.7989,19.5,43.9,86.8,172.0,28.1,93,34.1,1001.9,HEAVY_RAIN
W001778,2025-09-25 22:48:00,Assam,Cachar,24.9278,92.7394,14.1,31.8,56.6,112.2,33.6,90,30.1,1008.9,HEAVY_RAIN
W001779,2025-09-26 01:12:00,Assam,Nagaon,26.3497,92.7321,37.3,91.4,127.1,292.4,34.2,96,23.3,1011.2,HEAVY_RAIN
W001780,2025-09-26 03:36:00,Meghalaya,East Khasi Hills,25.6726,91.7483,58.0,167.0,243.0,612.3,28.1,98,37.7,868.6,CLOUD_BURST
W001781,2025-09-26 06:00:00,Meghalaya,West Khasi Hills,25.5807,91.3134,48.5,130.6,159.1,341.6,31.3,95,41.1,890.8,CLOUD_BURST
W001782,2025-09-26 08:24:00,Meghalaya,Ri-Bhoi,25.9338,91.7544,63.1,98.8,213.7,418.4,32.1,94,8.3,959.9,CLOUD_BURST
W001783,2025-09-26 10:48:00,Meghalaya,West Jaintia Hills,25.4428,92.2475,31.0,72.9,104.5,276.1,34.6,98,34.6,880.0,HEAVY_RAIN
W001784,2025-09-26 13:12:00,Sikkim,East Sikkim,27.2771,88.515,10.1,43.8,69.8,202.6,12.7,85,40.1,855.6,HEAVY_RAIN
W001785,2025-09-26 15:36:00,Sikkim,North Sikkim,27.5855,88.615,13.9,35.6,42.8,144.6,12.8,90,10.8,778.6,MODERATE_RAIN
W001786,2025-09-26 18:00:00,Sikkim,South Sikkim,27.1104,88.4019,29.3,44.1,86.5,220.6,32.0,89,40.2,884.8,HEAVY_RAIN
W001787,2025-09-26 20:24:00,Nagaland,Kohima,25.794,94.2451,27.2,65.6,97.2,245.1,23.1,96,41.3,872.0,HEAVY_RAIN
W001788,2025-09-26 22:48:00,Nagaland,Dimapur,25.8203,93.8035,22.2,44.5,97.8,221.3,26.2,95,31.6,991.7,HEAVY_RAIN
W001789,2025-09-27 01:12:00,Nagaland,Mokokchung,26.473,94.3788,20.4,89.5,119.0,308.8,23.7,96,30.4,878.2,HEAVY_RAIN
W001790,2025-09-27 03:36:00,Manipur,Imphal West,24.8969,93.8529,33.6,93.4,134.3,352.4,33.6,93,35.6,939.0,HEAVY_RAIN
W001791,2025-09-27 06:00:00,Manipur,Bishnupur,24.6836,93.8141,6.4,29.0,38.1,87.3,34.5,92,11.4,932.1,MODERATE_RAIN
W001792,2025-09-27 08:24:00,Manipur,Senapati,25.1371,94.0675,24.4,74.2,92.6,245.4,29.7,86,21.7,885.7,HEAVY_RAIN
W001793,2025-09-27 10:48:00,Mizoram,Aizawl,23.8543,92.587,19.9,49.3,107.4,341.8,23.6,98,31.1,904.1,HEAVY_RAIN
W001794,2025-09-27 13:12:00,Mizoram,Kolasib,24.2908,92.6445,9.0,28.8,38.0,88.6,23.8,86,17.0,951.3,MODERATE_RAIN
W001795,2025-09-27 15:36:00,Mizoram,Lunglei,22.8611,92.66,16.2,46.8,78.2,208.4,23.6,91,28.2,915.9,HEAVY_RAIN
W001796,2025-09-27 18:00:00,Tripura,West Tripura,23.7082,91.359,34.6,69.3,151.2,348.8,33.7,91,14.7,1004.0,TORRENTIAL_RAIN
W001797,2025-09-27 20:24:00,Tripura,Sipahijala,23.6569,91.2002,29.0,86.6,143.8,420.5,25.8,98,35.0,1011.2,TORRENTIAL_RAIN
W001798,2025-09-27 22:48:00,Tripura,Dhalai,23.7005,91.7186,26.6,81.6,135.6,321.8,33.4,94,15.0,998.7,HEAVY_RAIN
W001799,2025-09-28 01:12:00,Arunachal Pradesh,Tawang,27.5632,91.9408,10.2,25.6,51.8,103.6,13.3,97,8.9,724.9,HEAVY_RAIN
W001800,2025-09-28 03:36:00,Arunachal Pradesh,West Kameng,27.2704,92.4464,13.1,40.8,63.1,143.3,11.1,93,9.8,800.7,HEAVY_RAIN
W001801,2025-09-28 06:00:00,Arunachal Pradesh,Papum Pare,27.2061,93.5614,14.4,23.3,44.8,150.8,26.0,87,37.4,977.5,MODERATE_RAIN
W001802,2025-09-28 08:24:00,Arunachal Pradesh,East Siang,28.0659,95.3127,39.0,149.2,176.6,400.3,31.8,96,27.1,996.4,TORRENTIAL_RAIN
W001803,2025-09-28 10:48:00,Arunachal Pradesh,Lower Subansiri,27.6547,93.9283,30.2,97.0,156.5,326.4,27.3,98,18.6,865.8,TORRENTIAL_RAIN
W001804,2025-09-28 13:12:00,Assam,Kamrup Metropolitan,26.2916,91.6232,33.5,92.5,133.2,307.1,23.8,96,10.9,1003.1,HEAVY_RAIN
W001805,2025-09-28 15:36:00,Assam,Kamrup Rural,26.2836,91.5605,20.8,38.7,67.2,171.9,32.1,97,26.2,1004.6,HEAVY_RAIN
W001806,2025-09-28 18:00:00,Assam,Darrang,26.5451,91.9268,12.3,37.5,50.8,144.1,22.8,86,37.0,1005.1,HEAVY_RAIN
W001807,2025-09-28 20:24:00,Assam,Sonitpur,26.7269,92.8527,34.2,62.2,108.4,211.1,32.4,86,19.8,1010.8,HEAVY_RAIN
W001808,2025-09-28 22:48:00,Assam,Dibrugarh,27.5798,94.9802,13.8,47.1,80.0,158.7,24.7,94,39.7,1004.8,HEAVY_RAIN
W001809,2025-09-29 01:12:00,Assam,Cachar,24.9379,92.9262,20.1,49.0,75.0,145.9,22.4,96,18.7,1009.8,HEAVY_RAIN
W001810,2025-09-29 03:36:00,Assam,Nagaon,26.3372,92.6385,42.1,96.6,147.8,410.7,33.5,93,23.3,1007.9,TORRENTIAL_RAIN
W001811,2025-09-29 06:00:00,Meghalaya,East Khasi Hills,25.5137,91.9522,16.3,69.6,90.8,212.7,23.7,87,31.9,870.7,HEAVY_RAIN
W001812,2025-09-29 08:24:00,Meghalaya,West Khasi Hills,25.3892,91.207,33.8,80.2,145.6,446.7,25.6,90,35.0,883.7,TORRENTIAL_RAIN
W001813,2025-09-29 10:48:00,Meghalaya,Ri-Bhoi,26.0049,91.9429,18.6,55.1,97.8,193.6,27.7,90,26.1,959.5,HEAVY_RAIN
W001814,2025-09-29 13:12:00,Meghalaya,West Jaintia Hills,25.4326,92.1947,23.2,87.3,153.4,391.4,34.5,94,20.4,877.6,TORRENTIAL_RAIN
W001815,2025-09-29 15:36:00,Sikkim,East Sikkim,27.4134,88.6771,13.3,50.3,79.3,177.8,33.5,98,20.0,857.3,HEAVY_RAIN
W001816,2025-09-29 18:00:00,Sikkim,North Sikkim,27.3806,88.6356,22.0,91.0,118.0,227.9,7.7,86,38.1,768.3,HEAVY_RAIN
W001817,2025-09-29 20:24:00,Sikkim,South Sikkim,27.1481,88.4525,14.6,51.1,64.3,146.6,34.7,95,28.5,880.1,HEAVY_RAIN
W001818,2025-09-29 22:48:00,Nagaland,Kohima,25.6673,94.2421,10.5,17.0,35.9,113.1,30.0,98,15.6,876.5,MODERATE_RAIN
W001819,2025-09-30 01:12:00,Nagaland,Dimapur,25.9348,93.8684,41.8,91.6,143.7,367.9,23.9,98,20.3,992.1,TORRENTIAL_RAIN
W001820,2025-09-30 03:36:00,Nagaland,Mokokchung,26.2106,94.489,47.4,114.8,156.6,367.2,23.6,90,9.9,886.0,CLOUD_BURST
W001821,2025-09-30 06:00:00,Manipur,Imphal West,24.8628,93.8994,6.4,37.3,47.8,144.6,34.7,95,18.1,933.5,MODERATE_RAIN
W001822,2025-09-30 08:24:00,Manipur,Bishnupur,24.5093,93.7536,31.1,99.7,121.0,276.8,25.5,87,26.9,933.4,HEAVY_RAIN
W001823,2025-09-30 10:48:00,Manipur,Senapati,25.306,93.9702,21.7,42.8,78.3,159.4,33.1,93,17.0,895.1,HEAVY_RAIN
W001824,2025-09-30 13:12:00,Mizoram,Aizawl,23.7695,92.8401,15.5,70.5,85.9,202.7,31.1,97,32.2,905.6,HEAVY_RAIN
W001825,2025-09-30 15:36:00,Mizoram,Kolasib,24.2418,92.6121,17.5,50.8,77.8,161.4,27.8,87,11.7,950.0,HEAVY_RAIN
W001826,2025-09-30 18:00:00,Mizoram,Lunglei,22.8452,92.89,23.4,93.2,125.8,363.3,23.9,95,26.0,910.4,HEAVY_RAIN
W001827,2025-09-30 20:24:00,Tripura,West Tripura,23.7113,91.1558,7.3,34.6,47.9,155.8,24.1,93,15.1,1004.3,MODERATE_RAIN
W001828,2025-09-30 22:48:00,Tripura,Sipahijala,23.6066,91.3722,48.4,93.8,146.4,300.6,27.3,96,32.2,1011.0,CLOUD_BURST
W001829,2025-10-01 01:12:00,Tripura,Dhalai,23.9437,91.8466,2.0,5.0,10.7,32.0,27.1,67,11.4,998.9,LIGHT_RAIN
W001830,2025-10-01 03:36:00,Arunachal Pradesh,Tawang,27.6817,91.9049,0.5,1.5,2.3,7.7,17.6,58,39.9,725.5,LIGHT_RAIN
W001831,2025-10-01 06:00:00,Arunachal Pradesh,West Kameng,27.3838,92.3201,3.0,6.6,9.9,27.8,6.9,71,17.9,796.0,LIGHT_RAIN
W001832,2025-10-01 08:24:00,Arunachal Pradesh,Papum Pare,27.0846,93.5609,2.3,4.6,8.9,29.5,28.8,69,12.6,987.2,LIGHT_RAIN
W001833,2025-10-01 10:48:00,Arunachal Pradesh,East Siang,27.9644,95.3447,3.6,7.1,10.9,33.7,24.4,66,18.8,993.3,LIGHT_RAIN
W001834,2025-10-01 13:12:00,Arunachal Pradesh,Lower Subansiri,27.4374,93.7696,1.2,2.0,3.7,10.6,33.4,53,34.8,859.4,LIGHT_RAIN
W001835,2025-10-01 15:36:00,Assam,Kamrup Metropolitan,26.1919,91.6607,2.4,5.4,10.0,25.3,31.7,53,36.0,1011.2,LIGHT_RAIN
W001836,2025-10-01 18:00:00,Assam,Kamrup Rural,26.2698,91.6097,0.6,2.4,4.8,9.1,27.7,52,16.8,1007.9,LIGHT_RAIN
W001837,2025-10-01 20:24:00,Assam,Darrang,26.3959,92.1542,3.3,10.4,12.5,36.8,27.0,74,30.7,1009.6,LIGHT_RAIN
W001838,2025-10-01 22:48:00,Assam,Sonitpur,26.6902,92.8414,1.6,4.2,5.4,12.0,28.5,58,20.1,1010.9,LIGHT_RAIN
W001839,2025-10-02 01:12:00,Assam,Dibrugarh,27.4127,95.0118,1.2,2.1,3.5,6.7,29.4,53,26.9,1006.8,LIGHT_RAIN
W001840,2025-10-02 03:36:00,Assam,Cachar,24.791,92.6674,0.8,2.1,3.1,7.6,28.2,54,15.9,1008.9,LIGHT_RAIN
W001841,2025-10-02 06:00:00,Assam,Nagaon,26.2734,92.7289,2.0,3.4,6.3,21.3,30.0,77,38.2,1010.8,LIGHT_RAIN
W001842,2025-10-02 08:24:00,Meghalaya,East Khasi Hills,25.5051,91.8709,0.5,2.2,3.9,9.4,33.6,71,31.3,864.4,LIGHT_RAIN
W001843,2025-10-02 10:48:00,Meghalaya,West Khasi Hills,25.5489,91.1908,2.1,3.8,6.4,18.3,33.6,48,13.1,885.7,LIGHT_RAIN
W001844,2025-10-02 13:12:00,Meghalaya,Ri-Bhoi,25.8616,91.9272,0.9,5.3,7.6,19.8,24.2,64,29.4,954.9,LIGHT_RAIN
W001845,2025-10-02 15:36:00,Meghalaya,West Jaintia Hills,25.5465,92.1449,0.2,0.9,1.2,3.2,33.0,77,19.8,878.9,LIGHT_RAIN
W001846,2025-10-02 18:00:00,Sikkim,East Sikkim,27.37,88.4798,1.2,2.5,3.4,9.4,15.4,51,15.1,855.9,LIGHT_RAIN
W001847,2025-10-02 20:24:00,Sikkim,North Sikkim,27.472,88.4988,3.5,9.2,11.4,36.9,12.4,61,19.9,777.9,LIGHT_RAIN
W001848,2025-10-02 22:48:00,Sikkim,South Sikkim,27.102,88.4607,1.4,4.5,6.4,14.1,24.6,72,26.7,888.9,LIGHT_RAIN
W001849,2025-10-03 01:12:00,Nagaland,Kohima,25.8189,94.0253,2.3,6.0,7.5,24.2,25.7,50,19.4,876.7,LIGHT_RAIN
W001850,2025-10-03 03:36:00,Nagaland,Dimapur,25.9147,93.8402,0.7,1.3,2.4,8.0,34.1,49,25.5,992.6,LIGHT_RAIN
W001851,2025-10-03 06:00:00,Nagaland,Mokokchung,26.3337,94.5801,1.8,4.5,7.6,22.4,28.3,58,26.4,878.9,LIGHT_RAIN
W001852,2025-10-03 08:24:00,Manipur,Imphal West,24.6967,93.8012,1.6,7.8,13.3,40.3,25.9,49,29.0,938.2,LIGHT_RAIN
W001853,2025-10-03 10:48:00,Manipur,Bishnupur,24.586,93.8369,2.0,7.0,12.7,32.0,25.8,59,23.1,933.8,LIGHT_RAIN
W001854,2025-10-03 13:12:00,Manipur,Senapati,25.3649,94.0031,2.4,3.5,7.0,22.9,25.7,68,9.3,895.0,LIGHT_RAIN
W001855,2025-10-03 15:36:00,Mizoram,Aizawl,23.7911,92.7649,3.7,7.9,11.1,25.6,30.6,75,31.2,906.6,LIGHT_RAIN
W001856,2025-10-03 18:00:00,Mizoram,Kolasib,24.0859,92.7476,3.2,4.9,9.6,25.3,27.0,67,39.6,954.7,LIGHT_RAIN
W001857,2025-10-03 20:24:00,Mizoram,Lunglei,22.9126,92.802,1.4,5.8,8.5,19.8,27.5,74,40.2,916.9,LIGHT_RAIN
W001858,2025-10-03 22:48:00,Tripura,West Tripura,23.8221,91.2228,2.2,5.8,10.5,20.5,29.2,68,30.8,1010.4,LIGHT_RAIN
W001859,2025-10-04 01:12:00,Tripura,Sipahijala,23.7621,91.2306,2.4,7.2,9.7,31.0,31.1,73,20.2,1008.0,LIGHT_RAIN
W001860,2025-10-04 03:36:00,Tripura,Dhalai,23.822,91.7938,0.8,2.1,4.4,13.3,22.7,67,39.9,1004.3,LIGHT_RAIN
W001861,2025-10-04 06:00:00,Arunachal Pradesh,Tawang,27.5081,91.7375,1.0,4.0,6.4,21.3,12.3,66,30.2,727.7,LIGHT_RAIN
W001862,2025-10-04 08:24:00,Arunachal Pradesh,West Kameng,27.2807,92.4138,1.6,3.6,6.3,16.3,7.1,77,17.5,792.6,LIGHT_RAIN
W001863,2025-10-04 10:48:00,Arunachal Pradesh,Papum Pare,27.1535,93.7463,0.9,1.9,3.0,6.9,30.8,65,41.9,986.1,LIGHT_RAIN
W001864,2025-10-04 13:12:00,Arunachal Pradesh,East Siang,28.2154,95.4424,2.3,7.1,13.0,43.0,29.1,56,8.1,995.2,LIGHT_RAIN
W001865,2025-10-04 15:36:00,Arunachal Pradesh,Lower Subansiri,27.4571,93.9294,0.1,0.3,0.5,1.2,32.4,73,20.7,866.2,CLEAR
W001866,2025-10-04 18:00:00,Assam,Kamrup Metropolitan,26.2194,91.6595,1.8,6.9,11.0,32.4,29.7,70,36.3,1004.5,LIGHT_RAIN
W001867,2025-10-04 20:24:00,Assam,Kamrup Rural,26.3348,91.6955,3.6,5.8,10.8,36.2,31.4,62,15.1,1004.9,LIGHT_RAIN
W001868,2025-10-04 22:48:00,Assam,Darrang,26.5914,92.0834,1.1,2.4,4.8,11.9,28.3,53,10.5,1003.0,LIGHT_RAIN
W001869,2025-10-05 01:12:00,Assam,Sonitpur,26.5362,92.7527,1.4,8.0,11.9,28.7,30.6,73,19.9,1009.8,LIGHT_RAIN
W001870,2025-10-05 03:36:00,Assam,Dibrugarh,27.4496,94.8757,1.7,4.2,8.2,19.3,26.4,59,8.7,1003.9,LIGHT_RAIN
W001871,2025-10-05 06:00:00,Assam,Cachar,24.887,92.8784,2.4,6.4,8.1,26.0,26.3,62,26.3,1006.0,LIGHT_RAIN
W001872,2025-10-05 08:24:00,Assam,Nagaon,26.285,92.6221,1.5,4.2,5.7,12.6,24.6,75,10.5,1010.2,LIGHT_RAIN
W001873,2025-10-05 10:48:00,Meghalaya,East Khasi Hills,25.5469,92.0202,2.2,9.0,12.7,30.6,24.5,65,19.0,861.5,LIGHT_RAIN
W001874,2025-10-05 13:12:00,Meghalaya,West Khasi Hills,25.6077,91.1206,2.5,7.1,10.3,30.1,35.0,61,32.5,887.9,LIGHT_RAIN
W001875,2025-10-05 15:36:00,Meghalaya,Ri-Bhoi,25.7672,91.7318,2.1,4.6,6.2,19.2,27.5,48,17.3,959.5,LIGHT_RAIN
W001876,2025-10-05 18:00:00,Meghalaya,West Jaintia Hills,25.3015,92.3171,1.6,4.0,5.3,12.0,27.8,77,34.7,886.5,LIGHT_RAIN
W001877,2025-10-05 20:24:00,Sikkim,East Sikkim,27.3181,88.5158,1.4,8.2,10.3,27.1,10.1,76,14.7,850.8,LIGHT_RAIN
W001878,2025-10-05 22:48:00,Sikkim,North Sikkim,27.3872,88.5462,1.1,5.8,7.8,24.5,16.9,55,39.0,777.1,LIGHT_RAIN
W001879,2025-10-06 01:12:00,Sikkim,South Sikkim,27.1612,88.3123,1.0,3.1,6.4,15.6,28.2,62,18.2,887.2,LIGHT_RAIN
W001880,2025-10-06 03:36:00,Nagaland,Kohima,25.7686,93.9912,0.0,0.1,0.1,0.3,27.7,51,13.1,872.5,CLEAR
W001881,2025-10-06 06:00:00,Nagaland,Dimapur,25.7988,93.8016,3.1,6.1,10.6,24.5,28.4,58,16.0,1000.0,LIGHT_RAIN
W001882,2025-10-06 08:24:00,Nagaland,Mokokchung,26.2345,94.4269,0.1,0.7,0.9,2.4,28.1,60,32.1,889.2,CLEAR
W001883,2025-10-06 10:48:00,Manipur,Imphal West,24.7664,93.7963,1.5,6.8,9.6,20.2,31.3,65,27.9,933.8,LIGHT_RAIN
W001884,2025-10-06 13:12:00,Manipur,Bishnupur,24.682,93.6942,3.7,8.7,11.2,24.0,26.1,71,8.5,938.4,LIGHT_RAIN
W001885,2025-10-06 15:36:00,Manipur,Senapati,25.3145,93.8982,1.5,7.8,9.8,20.7,31.0,56,17.3,887.2,LIGHT_RAIN
W001886,2025-10-06 18:00:00,Mizoram,Aizawl,23.7277,92.8447,2.4,4.2,7.2,18.6,32.3,50,36.2,897.9,LIGHT_RAIN
W001887,2025-10-06 20:24:00,Mizoram,Kolasib,24.3573,92.7678,1.4,7.7,9.3,26.7,26.9,48,18.7,957.7,LIGHT_RAIN
W001888,2025-10-06 22:48:00,Mizoram,Lunglei,22.9602,92.661,2.4,5.2,7.7,24.9,27.2,72,18.5,910.7,LIGHT_RAIN
W001889,2025-10-07 01:12:00,Tripura,West Tripura,23.8606,91.1392,1.3,5.0,6.2,19.4,34.3,70,21.6,1009.7,LIGHT_RAIN
W001890,2025-10-07 03:36:00,Tripura,Sipahijala,23.7133,91.2363,1.2,3.2,5.2,13.0,25.3,77,9.6,1011.2,LIGHT_RAIN
W001891,2025-10-07 06:00:00,Tripura,Dhalai,23.7843,91.7345,0.6,3.5,4.9,16.1,33.0,52,22.8,1002.1,LIGHT_RAIN
W001892,2025-10-07 08:24:00,Arunachal Pradesh,Tawang,27.6823,91.7689,0.9,2.4,4.6,12.1,7.2,65,26.3,726.1,LIGHT_RAIN
W001893,2025-10-07 10:48:00,Arunachal Pradesh,West Kameng,27.3336,92.4492,1.0,4.7,6.9,18.2,8.2,58,33.2,801.1,LIGHT_RAIN
W001894,2025-10-07 13:12:00,Arunachal Pradesh,Papum Pare,27.1407,93.5354,0.2,1.0,2.0,5.9,26.7,49,38.3,986.2,LIGHT_RAIN
W001895,2025-10-07 15:36:00,Arunachal Pradesh,East Siang,27.9737,95.2199,0.7,1.5,2.4,7.0,30.4,60,31.3,1003.7,LIGHT_RAIN
W001896,2025-10-07 18:00:00,Arunachal Pradesh,Lower Subansiri,27.4153,93.8022,0.1,0.3,0.5,1.2,33.2,60,27.9,862.4,CLEAR
W001897,2025-10-07 20:24:00,Assam,Kamrup Metropolitan,26.061,91.714,1.0,1.7,3.4,7.7,24.5,64,14.5,1011.2,LIGHT_RAIN
W001898,2025-10-07 22:48:00,Assam,Kamrup Rural,26.1263,91.4928,2.6,4.3,7.9,15.2,23.0,75,35.2,1010.0,LIGHT_RAIN
W001899,2025-10-08 01:12:00,Assam,Darrang,26.3761,92.1495,1.9,4.3,7.1,16.2,28.9,58,24.9,1011.2,LIGHT_RAIN
W001900,2025-10-08 03:36:00,Assam,Sonitpur,26.7072,92.7062,1.5,3.1,5.2,14.3,23.4,50,14.6,1005.6,LIGHT_RAIN
W001901,2025-10-08 06:00:00,Assam,Dibrugarh,27.4521,94.8377,2.9,5.0,8.5,25.2,28.8,57,39.9,1002.4,LIGHT_RAIN
W001902,2025-10-08 08:24:00,Assam,Cachar,24.7124,92.633,4.3,7.1,13.4,35.5,31.3,50,16.2,1009.8,LIGHT_RAIN
W001903,2025-10-08 10:48:00,Assam,Nagaon,26.3034,92.777,1.0,3.0,4.9,13.8,34.7,55,41.6,1003.5,LIGHT_RAIN
W001904,2025-10-08 13:12:00,Meghalaya,East Khasi Hills,25.5403,91.9384,2.8,8.7,11.3,27.5,33.5,64,30.6,870.5,LIGHT_RAIN
W001905,2025-10-08 15:36:00,Meghalaya,West Khasi Hills,25.3919,91.2989,0.3,0.8,1.0,2.4,30.9,75,31.5,886.1,CLEAR
W001906,2025-10-08 18:00:00,Meghalaya,Ri-Bhoi,26.0237,91.9263,2.5,7.1,8.4,25.7,33.9,60,17.0,962.8,LIGHT_RAIN
W001907,2025-10-08 20:24:00,Meghalaya,West Jaintia Hills,25.3296,92.3325,1.5,4.2,5.9,14.9,34.3,65,21.4,881.0,LIGHT_RAIN
W001908,2025-10-08 22:48:00,Sikkim,East Sikkim,27.4858,88.5171,4.2,7.0,12.4,31.6,16.4,73,24.5,848.4,LIGHT_RAIN
W001909,2025-10-09 01:12:00,Sikkim,North Sikkim,27.4755,88.6135,1.4,5.3,8.3,24.8,13.5,77,11.1,767.8,LIGHT_RAIN
W001910,2025-10-09 03:36:00,Sikkim,South Sikkim,27.292,88.4925,1.8,10.4,12.3,38.4,28.4,50,33.8,880.5,LIGHT_RAIN
W001911,2025-10-09 06:00:00,Nagaland,Kohima,25.5603,94.0894,3.3,5.5,9.5,28.3,30.8,51,8.3,872.0,LIGHT_RAIN
W001912,2025-10-09 08:24:00,Nagaland,Dimapur,25.908,93.5841,2.1,3.9,7.6,24.9,23.6,73,20.4,992.5,LIGHT_RAIN
W001913,2025-10-09 10:48:00,Nagaland,Mokokchung,26.2619,94.6567,0.1,0.6,1.1,2.7,32.4,53,18.4,889.0,LIGHT_RAIN
W001914,2025-10-09 13:12:00,Manipur,Imphal West,24.8892,93.906,2.5,10.0,13.8,29.3,23.2,58,21.9,933.6,LIGHT_RAIN
W001915,2025-10-09 15:36:00,Manipur,Bishnupur,24.5049,93.7458,1.5,4.7,8.9,26.0,22.5,52,14.4,937.2,LIGHT_RAIN
W001916,2025-10-09 18:00:00,Manipur,Senapati,25.2303,93.9414,0.3,1.0,1.8,4.9,34.4,48,9.8,894.3,LIGHT_RAIN
W001917,2025-10-09 20:24:00,Mizoram,Aizawl,23.7547,92.5703,1.3,5.5,6.9,20.9,32.9,49,17.3,896.8,LIGHT_RAIN
W001918,2025-10-09 22:48:00,Mizoram,Kolasib,24.2823,92.6875,0.3,1.3,2.2,5.2,31.8,58,24.6,955.6,LIGHT_RAIN
W001919,2025-10-10 01:12:00,Mizoram,Lunglei,22.8106,92.6257,1.5,3.9,5.2,11.5,33.3,76,25.5,916.4,LIGHT_RAIN
W001920,2025-10-10 03:36:00,Tripura,West Tripura,23.6932,91.1812,3.2,9.6,12.0,33.7,28.1,52,17.2,1004.6,LIGHT_RAIN
W001921,2025-10-10 06:00:00,Tripura,Sipahijala,23.747,91.1775,1.3,2.1,4.2,13.7,22.2,62,30.8,1011.2,LIGHT_RAIN
W001922,2025-10-10 08:24:00,Tripura,Dhalai,23.7349,91.8946,0.7,1.8,2.4,5.4,34.1,70,24.6,997.5,LIGHT_RAIN
W001923,2025-10-10 10:48:00,Arunachal Pradesh,Tawang,27.4611,91.921,1.5,5.5,8.8,21.2,11.6,49,12.3,728.0,LIGHT_RAIN
W001924,2025-10-10 13:12:00,Arunachal Pradesh,West Kameng,27.384,92.3544,1.7,2.9,5.0,11.8,17.2,56,39.9,802.8,LIGHT_RAIN
W001925,2025-10-10 15:36:00,Arunachal Pradesh,Papum Pare,27.057,93.6857,0.5,1.6,2.5,6.0,30.9,65,35.2,984.3,LIGHT_RAIN
W001926,2025-10-10 18:00:00,Arunachal Pradesh,East Siang,28.0772,95.4696,2.6,5.6,8.1,17.6,31.2,72,40.7,994.2,LIGHT_RAIN
W001927,2025-10-10 20:24:00,Arunachal Pradesh,Lower Subansiri,27.6168,93.8864,1.6,2.4,4.8,15.5,32.8,54,16.5,858.1,LIGHT_RAIN
W001928,2025-10-10 22:48:00,Assam,Kamrup Metropolitan,26.1758,91.648,0.1,0.5,0.7,2.1,34.6,67,19.2,1008.2,CLEAR
W001929,2025-10-11 01:12:00,Assam,Kamrup Rural,26.2095,91.6543,0.5,1.6,2.5,5.5,31.2,72,10.4,1004.0,LIGHT_RAIN
W001930,2025-10-11 03:36:00,Assam,Darrang,26.5209,92.0112,0.6,1.5,1.8,4.0,33.9,68,11.7,1011.2,LIGHT_RAIN
W001931,2025-10-11 06:00:00,Assam,Sonitpur,26.5383,92.6981,2.8,7.6,13.8,40.6,26.7,61,39.3,1000.7,LIGHT_RAIN
W001932,2025-10-11 08:24:00,Assam,Dibrugarh,27.6058,94.8161,4.0,6.4,13.3,40.0,27.5,68,41.4,1005.0,LIGHT_RAIN
W001933,2025-10-11 10:48:00,Assam,Cachar,24.7366,92.7472,0.2,0.3,0.5,1.4,30.7,65,9.6,1009.1,CLEAR
W001934,2025-10-11 13:12:00,Assam,Nagaon,26.3231,92.6705,3.1,5.3,10.0,22.8,24.8,56,16.5,1004.8,LIGHT_RAIN
W001935,2025-10-11 15:36:00,Meghalaya,East Khasi Hills,25.5868,91.9613,3.4,7.8,11.5,35.6,29.6,55,13.3,863.0,LIGHT_RAIN
W001936,2025-10-11 18:00:00,Meghalaya,West Khasi Hills,25.4752,91.143,3.5,4.8,10.6,21.0,30.2,52,38.2,893.5,LIGHT_RAIN
W001937,2025-10-11 20:24:00,Meghalaya,Ri-Bhoi,25.7631,91.8045,1.8,3.4,6.2,13.2,28.6,73,25.2,964.2,LIGHT_RAIN
W001938,2025-10-11 22:48:00,Meghalaya,West Jaintia Hills,25.4799,92.2877,2.8,8.3,12.4,36.0,23.4,66,15.4,888.6,LIGHT_RAIN
W001939,2025-10-12 01:12:00,Sikkim,East Sikkim,27.4097,88.558,1.6,3.5,7.6,14.9,7.0,49,22.4,848.6,LIGHT_RAIN
W001940,2025-10-12 03:36:00,Sikkim,North Sikkim,27.5779,88.6677,1.4,5.8,8.9,28.4,13.9,62,23.2,768.8,LIGHT_RAIN
W001941,2025-10-12 06:00:00,Sikkim,South Sikkim,27.0664,88.2168,1.0,3.1,4.6,9.6,24.2,67,40.8,883.1,LIGHT_RAIN
W001942,2025-10-12 08:24:00,Nagaland,Kohima,25.5315,93.972,1.6,5.1,9.2,23.3,24.8,53,17.8,871.2,LIGHT_RAIN
W001943,2025-10-12 10:48:00,Nagaland,Dimapur,26.0077,93.6201,1.4,4.4,5.3,15.4,33.1,63,39.9,988.6,LIGHT_RAIN
W001944,2025-10-12 13:12:00,Nagaland,Mokokchung,26.2906,94.476,2.1,8.1,10.8,32.4,26.3,61,24.8,886.2,LIGHT_RAIN
W001945,2025-10-12 15:36:00,Manipur,Imphal West,24.7824,94.0521,1.5,2.1,4.4,14.9,26.8,71,36.7,931.9,LIGHT_RAIN
W001946,2025-10-12 18:00:00,Manipur,Bishnupur,24.7796,93.6819,1.8,4.2,7.0,20.7,29.4,75,21.9,940.1,LIGHT_RAIN
W001947,2025-10-12 20:24:00,Manipur,Senapati,25.1455,94.137,1.4,8.4,11.0,31.5,32.0,75,32.0,885.1,LIGHT_RAIN
W001948,2025-10-12 22:48:00,Mizoram,Aizawl,23.6224,92.6962,1.2,3.3,6.3,19.9,31.6,63,29.7,904.2,LIGHT_RAIN
W001949,2025-10-13 01:12:00,Mizoram,Kolasib,24.1151,92.7302,0.3,0.6,1.2,3.9,26.2,69,19.5,955.6,LIGHT_RAIN
W001950,2025-10-13 03:36:00,Mizoram,Lunglei,22.9926,92.6713,1.7,4.0,6.7,20.0,27.9,51,24.5,912.9,LIGHT_RAIN
W001951,2025-10-13 06:00:00,Tripura,West Tripura,23.9247,91.3502,1.1,3.3,5.8,19.2,26.0,49,29.0,1011.2,LIGHT_RAIN
W001952,2025-10-13 08:24:00,Tripura,Sipahijala,23.7784,91.3953,1.6,3.6,6.6,17.4,24.3,64,12.1,1011.2,LIGHT_RAIN
W001953,2025-10-13 10:48:00,Tripura,Dhalai,23.9164,91.9357,1.4,6.1,8.7,18.5,33.6,68,28.6,999.4,LIGHT_RAIN
W001954,2025-10-13 13:12:00,Arunachal Pradesh,Tawang,27.5643,91.9274,0.6,1.1,2.3,6.8,14.2,76,18.4,733.1,LIGHT_RAIN
W001955,2025-10-13 15:36:00,Arunachal Pradesh,West Kameng,27.1691,92.3814,0.8,3.1,5.5,14.3,11.5,67,28.1,799.6,LIGHT_RAIN
W001956,2025-10-13 18:00:00,Arunachal Pradesh,Papum Pare,27.2423,93.6471,1.2,3.8,4.6,12.0,34.1,67,30.3,979.8,LIGHT_RAIN
W001957,2025-10-13 20:24:00,Arunachal Pradesh,East Siang,28.1122,95.2498,2.2,7.6,10.5,20.3,34.4,61,13.3,998.7,LIGHT_RAIN
W001958,2025-10-13 22:48:00,Arunachal Pradesh,Lower Subansiri,27.5478,93.8409,0.9,2.6,4.2,11.8,30.9,54,39.6,863.4,LIGHT_RAIN
W001959,2025-10-14 01:12:00,Assam,Kamrup Metropolitan,26.1211,91.7596,3.2,7.8,11.5,27.2,28.7,63,37.9,1005.1,LIGHT_RAIN
W001960,2025-10-14 03:36:00,Assam,Kamrup Rural,26.0612,91.5205,3.4,4.8,10.4,24.9,29.5,58,29.5,1010.8,LIGHT_RAIN
W001961,2025-10-14 06:00:00,Assam,Darrang,26.4695,92.1683,0.5,1.2,2.3,5.7,31.8,52,35.4,1002.5,LIGHT_RAIN
W001962,2025-10-14 08:24:00,Assam,Sonitpur,26.5921,92.8974,2.1,8.1,10.9,23.3,25.2,76,32.4,1001.7,LIGHT_RAIN
W001963,2025-10-14 10:48:00,Assam,Dibrugarh,27.366,95.018,4.1,9.6,12.3,34.5,24.2,76,32.7,996.8,LIGHT_RAIN
W001964,2025-10-14 13:12:00,Assam,Cachar,24.9316,92.6457,0.6,2.9,3.8,11.1,25.3,55,37.8,1011.2,LIGHT_RAIN
W001965,2025-10-14 15:36:00,Assam,Nagaon,26.2381,92.7539,1.3,2.8,6.0,12.3,34.4,65,33.3,1004.1,LIGHT_RAIN
W001966,2025-10-14 18:00:00,Meghalaya,East Khasi Hills,25.6392,91.9421,0.2,0.7,1.2,3.2,24.2,72,21.1,872.2,LIGHT_RAIN
W001967,2025-10-14 20:24:00,Meghalaya,West Khasi Hills,25.4075,91.1541,2.5,6.8,10.3,26.8,34.7,77,17.2,891.9,LIGHT_RAIN
W001968,2025-10-14 22:48:00,Meghalaya,Ri-Bhoi,25.9208,91.9741,1.1,1.9,3.5,6.7,25.2,76,33.8,963.3,LIGHT_RAIN
W001969,2025-10-15 01:12:00,Meghalaya,West Jaintia Hills,25.342,92.2082,2.5,4.6,9.5,31.7,30.1,57,35.2,885.0,LIGHT_RAIN
W001970,2025-10-15 03:36:00,Sikkim,East Sikkim,27.3221,88.65,0.6,1.5,3.2,8.8,29.0,68,16.0,857.3,LIGHT_RAIN
W001971,2025-10-15 06:00:00,Sikkim,North Sikkim,27.6143,88.4096,0.3,0.7,1.4,3.5,15.0,56,22.3,769.6,LIGHT_RAIN
W001972,2025-10-15 08:24:00,Sikkim,South Sikkim,27.1389,88.3271,0.1,0.7,1.0,3.3,28.4,62,41.0,880.7,CLEAR
W001973,2025-10-15 10:48:00,Nagaland,Kohima,25.6025,94.1302,1.2,2.3,3.5,6.7,32.1,74,13.4,874.1,LIGHT_RAIN
W001974,2025-10-15 13:12:00,Nagaland,Dimapur,25.8038,93.8694,1.5,6.0,11.2,29.7,26.8,48,29.3,993.5,LIGHT_RAIN
W001975,2025-10-15 15:36:00,Nagaland,Mokokchung,26.3979,94.4901,0.5,1.7,3.4,6.8,24.5,72,21.4,889.0,LIGHT_RAIN
W001976,2025-10-15 18:00:00,Manipur,Imphal West,24.8908,93.9546,1.8,5.1,10.6,32.4,29.7,53,13.7,931.7,LIGHT_RAIN
W001977,2025-10-15 20:24:00,Manipur,Bishnupur,24.6256,93.8103,0.1,0.4,0.6,2.0,28.3,49,11.8,938.6,CLEAR
W001978,2025-10-15 22:48:00,Manipur,Senapati,25.351,94.054,2.3,7.0,8.7,28.9,23.3,71,24.5,894.2,LIGHT_RAIN
W001979,2025-10-16 01:12:00,Mizoram,Aizawl,23.6859,92.8012,1.5,3.3,4.5,8.6,31.1,68,30.3,904.2,LIGHT_RAIN
W001980,2025-10-16 03:36:00,Mizoram,Kolasib,24.2325,92.5496,2.6,4.3,8.9,23.1,33.3,73,38.0,951.9,LIGHT_RAIN
W001981,2025-10-16 06:00:00,Mizoram,Lunglei,22.7863,92.6505,1.8,6.5,11.5,27.2,25.1,77,34.7,907.6,LIGHT_RAIN
W001982,2025-10-16 08:24:00,Tripura,West Tripura,23.9745,91.3062,2.1,3.5,7.1,23.2,26.1,69,18.4,1008.6,LIGHT_RAIN
W001983,2025-10-16 10:48:00,Tripura,Sipahijala,23.4994,91.19,1.3,7.3,8.7,17.3,31.3,64,8.4,1011.2,LIGHT_RAIN
W001984,2025-10-16 13:12:00,Tripura,Dhalai,23.7847,91.8194,1.6,3.5,6.8,13.3,25.3,49,16.1,1003.0,LIGHT_RAIN
W001985,2025-10-16 15:36:00,Arunachal Pradesh,Tawang,27.5429,91.7483,4.0,6.3,13.9,44.5,17.2,54,29.3,726.5,LIGHT_RAIN
W001986,2025-10-16 18:00:00,Arunachal Pradesh,West Kameng,27.3369,92.2962,1.2,6.2,8.0,17.2,10.9,68,8.9,793.4,LIGHT_RAIN
W001987,2025-10-16 20:24:00,Arunachal Pradesh,Papum Pare,27.1892,93.6097,3.9,6.5,12.1,27.8,23.0,55,31.2,976.8,LIGHT_RAIN
W001988,2025-10-16 22:48:00,Arunachal Pradesh,East Siang,27.9615,95.3149,1.7,6.7,10.6,22.7,23.9,74,38.1,992.8,LIGHT_RAIN
W001989,2025-10-17 01:12:00,Arunachal Pradesh,Lower Subansiri,27.4695,93.7447,0.2,0.8,1.2,3.3,31.4,52,40.5,857.7,LIGHT_RAIN
W001990,2025-10-17 03:36:00,Assam,Kamrup Metropolitan,26.0428,91.8753,1.7,6.3,10.4,30.4,23.3,70,21.6,1007.2,LIGHT_RAIN
W001991,2025-10-17 06:00:00,Assam,Kamrup Rural,26.192,91.6426,1.0,4.4,7.1,23.3,32.3,70,22.0,1007.8,LIGHT_RAIN
W001992,2025-10-17 08:24:00,Assam,Darrang,26.4101,92.1378,0.5,1.0,1.9,3.9,24.5,59,16.7,1008.6,LIGHT_RAIN
W001993,2025-10-17 10:48:00,Assam,Sonitpur,26.6887,92.7143,0.5,1.8,2.4,5.2,22.5,65,10.8,1003.8,LIGHT_RAIN
W001994,2025-10-17 13:12:00,Assam,Dibrugarh,27.4929,95.0603,3.2,5.6,9.6,27.5,22.3,76,8.4,1007.3,LIGHT_RAIN
W001995,2025-10-17 15:36:00,Assam,Cachar,24.9444,92.793,1.5,7.3,11.1,34.1,22.8,58,23.2,1006.6,LIGHT_RAIN
W001996,2025-10-17 18:00:00,Assam,Nagaon,26.2234,92.6281,1.3,6.2,11.1,26.4,29.1,60,24.6,1001.1,LIGHT_RAIN
W001997,2025-10-17 20:24:00,Meghalaya,East Khasi Hills,25.6018,91.8493,0.3,0.6,0.9,2.3,29.9,49,8.2,872.2,CLEAR
W001998,2025-10-17 22:48:00,Meghalaya,West Khasi Hills,25.4374,91.252,1.6,4.2,9.2,23.7,25.5,56,9.4,890.5,LIGHT_RAIN
W001999,2025-10-18 01:12:00,Meghalaya,Ri-Bhoi,26.0272,92.0119,2.3,7.6,13.1,42.5,23.1,75,23.0,958.1,LIGHT_RAIN
W002000,2025-10-18 03:36:00,Meghalaya,West Jaintia Hills,25.386,92.1727,1.6,4.0,6.4,21.1,23.8,53,8.9,881.0,LIGHT_RAIN
W002001,2025-10-18 06:00:00,Sikkim,East Sikkim,27.2989,88.71,2.9,6.5,11.9,22.8,7.7,70,10.1,853.5,LIGHT_RAIN
W002002,2025-10-18 08:24:00,Sikkim,North Sikkim,27.5018,88.4788,0.3,2.2,2.7,8.6,12.6,50,29.0,768.0,LIGHT_RAIN
W002003,2025-10-18 10:48:00,Sikkim,South Sikkim,27.3132,88.2171,0.1,0.3,0.6,1.5,22.8,68,29.7,881.8,CLEAR
W002004,2025-10-18 13:12:00,Nagaland,Kohima,25.5275,94.2145,3.7,7.5,11.6,23.4,23.2,49,21.4,874.3,LIGHT_RAIN
W002005,2025-10-18 15:36:00,Nagaland,Dimapur,26.0129,93.6444,2.5,6.0,7.6,20.9,33.9,64,40.4,989.1,LIGHT_RAIN
W002006,2025-10-18 18:00:00,Nagaland,Mokokchung,26.3148,94.5627,1.2,7.1,8.8,27.1,25.3,49,33.1,878.5,LIGHT_RAIN
W002007,2025-10-18 20:24:00,Manipur,Imphal West,24.7211,93.8193,1.6,4.8,8.5,24.9,34.2,64,30.4,930.6,LIGHT_RAIN
W002008,2025-10-18 22:48:00,Manipur,Bishnupur,24.6029,93.6338,0.2,0.8,1.7,5.8,34.3,56,38.9,939.4,LIGHT_RAIN
W002009,2025-10-19 01:12:00,Manipur,Senapati,25.3207,94.0029,2.3,7.1,9.8,25.5,27.4,50,37.3,893.2,LIGHT_RAIN
W002010,2025-10-19 03:36:00,Mizoram,Aizawl,23.8617,92.6113,0.5,1.3,1.8,3.7,22.5,52,11.2,905.7,LIGHT_RAIN
W002011,2025-10-19 06:00:00,Mizoram,Kolasib,24.2503,92.6441,1.2,4.9,5.9,15.5,34.3,70,9.4,947.6,LIGHT_RAIN
W002012,2025-10-19 08:24:00,Mizoram,Lunglei,23.0236,92.654,3.4,8.3,12.4,28.2,34.8,76,18.4,916.5,LIGHT_RAIN
W002013,2025-10-19 10:48:00,Tripura,West Tripura,23.8866,91.2178,1.1,4.5,7.1,14.9,33.2,69,10.0,1007.7,LIGHT_RAIN
W002014,2025-10-19 13:12:00,Tripura,Sipahijala,23.5672,91.1865,3.4,9.1,12.8,27.8,25.5,64,24.1,1005.1,LIGHT_RAIN
W002015,2025-10-19 15:36:00,Tripura,Dhalai,23.8574,91.9009,0.9,2.1,3.3,11.1,34.4,66,37.8,1002.1,LIGHT_RAIN
W002016,2025-10-19 18:00:00,Arunachal Pradesh,Tawang,27.7046,91.838,0.7,1.6,2.7,7.0,14.4,48,31.8,725.5,LIGHT_RAIN
W002017,2025-10-19 20:24:00,Arunachal Pradesh,West Kameng,27.3971,92.4104,1.2,2.5,3.6,9.9,11.1,60,32.3,796.8,LIGHT_RAIN
W002018,2025-10-19 22:48:00,Arunachal Pradesh,Papum Pare,27.1594,93.573,2.1,6.8,11.2,30.2,25.5,68,16.4,979.1,LIGHT_RAIN
W002019,2025-10-20 01:12:00,Arunachal Pradesh,East Siang,28.0843,95.4441,1.5,5.9,7.8,24.1,26.5,69,28.5,1001.4,LIGHT_RAIN
W002020,2025-10-20 03:36:00,Arunachal Pradesh,Lower Subansiri,27.585,93.7771,1.9,5.5,7.7,19.3,15.6,52,16.5,855.9,LIGHT_RAIN
W002021,2025-10-20 06:00:00,Assam,Kamrup Metropolitan,26.2155,91.6812,4.4,10.7,13.6,43.3,33.6,76,29.4,1011.2,LIGHT_RAIN
W002022,2025-10-20 08:24:00,Assam,Kamrup Rural,26.1848,91.5069,0.1,0.5,0.8,1.8,32.1,51,31.5,1003.5,CLEAR
W002023,2025-10-20 10:48:00,Assam,Darrang,26.4582,91.8821,0.4,1.4,1.9,4.3,31.0,58,41.1,1008.4,LIGHT_RAIN
W002024,2025-10-20 13:12:00,Assam,Sonitpur,26.6741,92.8343,1.2,4.5,5.8,15.6,27.5,74,14.6,1004.2,LIGHT_RAIN
W002025,2025-10-20 15:36:00,Assam,Dibrugarh,27.6165,94.8881,1.2,3.6,6.4,15.6,31.3,70,38.1,1001.7,LIGHT_RAIN
W002026,2025-10-20 18:00:00,Assam,Cachar,24.7481,92.6918,2.2,10.5,13.2,43.6,23.1,51,19.5,1011.2,LIGHT_RAIN
W002027,2025-10-20 20:24:00,Assam,Nagaon,26.1995,92.7781,2.3,10.5,12.5,30.0,30.3,53,35.6,1011.2,LIGHT_RAIN
W002028,2025-10-20 22:48:00,Meghalaya,East Khasi Hills,25.6745,91.7807,2.1,5.0,8.8,28.0,32.0,59,25.2,866.9,LIGHT_RAIN
W002029,2025-10-21 01:12:00,Meghalaya,West Khasi Hills,25.4831,91.2157,1.7,8.8,12.6,26.3,33.8,56,24.7,886.9,LIGHT_RAIN
W002030,2025-10-21 03:36:00,Meghalaya,Ri-Bhoi,25.8507,92.0079,2.8,6.1,8.5,19.8,29.6,74,41.7,959.5,LIGHT_RAIN
W002031,2025-10-21 06:00:00,Meghalaya,West Jaintia Hills,25.4785,92.2128,0.5,1.3,2.4,5.3,33.8,66,38.0,884.0,LIGHT_RAIN
W002032,2025-10-21 08:24:00,Sikkim,East Sikkim,27.393,88.6467,1.4,4.1,5.2,12.7,16.3,49,18.7,848.7,LIGHT_RAIN
W002033,2025-10-21 10:48:00,Sikkim,North Sikkim,27.6071,88.6986,0.3,1.4,1.7,3.4,12.6,73,24.3,768.9,LIGHT_RAIN
W002034,2025-10-21 13:12:00,Sikkim,South Sikkim,27.0249,88.4797,2.6,6.4,8.0,15.8,34.5,72,27.0,890.4,LIGHT_RAIN
W002035,2025-10-21 15:36:00,Nagaland,Kohima,25.8033,93.9885,1.1,3.1,3.6,7.0,28.5,52,21.8,872.5,LIGHT_RAIN
W002036,2025-10-21 18:00:00,Nagaland,Dimapur,25.9571,93.833,1.4,3.1,4.2,11.4,30.8,77,40.0,997.3,LIGHT_RAIN
W002037,2025-10-21 20:24:00,Nagaland,Mokokchung,26.2893,94.4287,1.3,3.7,4.3,12.3,34.0,66,8.5,883.8,LIGHT_RAIN
W002038,2025-10-21 22:48:00,Manipur,Imphal West,24.9051,93.926,1.7,3.6,5.9,17.6,26.9,73,29.3,930.8,LIGHT_RAIN
W002039,2025-10-22 01:12:00,Manipur,Bishnupur,24.7047,93.6168,0.8,1.9,3.4,7.0,32.6,71,35.1,939.0,LIGHT_RAIN
W002040,2025-10-22 03:36:00,Manipur,Senapati,25.1903,94.0576,1.7,6.0,7.3,20.8,27.0,48,10.6,892.8,LIGHT_RAIN
W002041,2025-10-22 06:00:00,Mizoram,Aizawl,23.7015,92.6401,2.4,6.4,10.8,20.7,23.4,52,8.1,897.1,LIGHT_RAIN
W002042,2025-10-22 08:24:00,Mizoram,Kolasib,24.0779,92.7672,1.7,6.3,10.2,19.4,25.3,49,39.0,948.8,LIGHT_RAIN
W002043,2025-10-22 10:48:00,Mizoram,Lunglei,22.91,92.6905,1.7,5.2,6.7,18.2,32.3,76,25.4,912.0,LIGHT_RAIN
W002044,2025-10-22 13:12:00,Tripura,West Tripura,23.9735,91.1946,0.5,2.6,3.2,6.4,27.1,50,33.4,1007.6,LIGHT_RAIN
W002045,2025-10-22 15:36:00,Tripura,Sipahijala,23.7646,91.2907,1.6,5.2,8.6,27.3,30.0,70,29.0,1004.2,LIGHT_RAIN
W002046,2025-10-22 18:00:00,Tripura,Dhalai,23.7521,91.9713,3.3,7.2,11.4,36.6,24.1,75,30.0,998.9,LIGHT_RAIN
W002047,2025-10-22 20:24:00,Arunachal Pradesh,Tawang,27.6491,91.7473,0.7,2.2,4.0,9.1,6.7,62,36.6,733.4,LIGHT_RAIN
W002048,2025-10-22 22:48:00,Arunachal Pradesh,West Kameng,27.3674,92.4541,0.7,1.6,2.4,6.1,14.8,58,20.5,800.2,LIGHT_RAIN
W002049,2025-10-23 01:12:00,Arunachal Pradesh,Papum Pare,27.0471,93.4946,2.4,4.2,7.3,20.4,33.3,56,41.2,987.4,LIGHT_RAIN
W002050,2025-10-23 03:36:00,Arunachal Pradesh,East Siang,28.094,95.1843,2.6,4.9,9.2,27.9,28.4,70,25.1,995.1,LIGHT_RAIN
W002051,2025-10-23 06:00:00,Arunachal Pradesh,Lower Subansiri,27.5715,93.6876,1.1,4.8,8.3,21.7,28.1,72,29.8,857.1,LIGHT_RAIN
W002052,2025-10-23 08:24:00,Assam,Kamrup Metropolitan,26.184,91.6936,2.0,7.5,11.9,22.9,26.1,66,9.4,1010.8,LIGHT_RAIN
W002053,2025-10-23 10:48:00,Assam,Kamrup Rural,26.0931,91.6641,2.1,6.1,8.2,22.2,26.1,71,35.8,1004.4,LIGHT_RAIN
W002054,2025-10-23 13:12:00,Assam,Darrang,26.5331,92.0788,0.4,1.8,3.2,10.8,27.6,48,12.5,1010.6,LIGHT_RAIN
W002055,2025-10-23 15:36:00,Assam,Sonitpur,26.4907,92.938,1.2,3.1,5.0,14.2,27.0,69,37.1,1000.7,LIGHT_RAIN
W002056,2025-10-23 18:00:00,Assam,Dibrugarh,27.5016,94.7941,1.2,4.2,5.9,19.2,27.1,75,19.1,1005.0,LIGHT_RAIN
W002057,2025-10-23 20:24:00,Assam,Cachar,24.7065,92.8823,0.2,0.5,1.1,2.9,23.7,52,12.7,1005.3,LIGHT_RAIN
W002058,2025-10-23 22:48:00,Assam,Nagaon,26.3425,92.5406,1.2,3.6,4.4,11.8,33.4,51,17.4,1011.2,LIGHT_RAIN
W002059,2025-10-24 01:12:00,Meghalaya,East Khasi Hills,25.4919,91.8693,1.1,4.8,8.2,25.2,30.2,57,20.7,862.0,LIGHT_RAIN
W002060,2025-10-24 03:36:00,Meghalaya,West Khasi Hills,25.6026,91.1639,1.4,3.3,4.7,12.2,27.9,69,28.1,893.5,LIGHT_RAIN
W002061,2025-10-24 06:00:00,Meghalaya,Ri-Bhoi,25.9394,91.9864,0.1,0.4,0.5,1.6,34.0,71,19.0,963.7,CLEAR
W002062,2025-10-24 08:24:00,Meghalaya,West Jaintia Hills,25.4452,92.2342,2.9,10.0,12.5,34.3,31.7,69,32.7,882.0,LIGHT_RAIN
W002063,2025-10-24 10:48:00,Sikkim,East Sikkim,27.2653,88.493,2.1,5.4,10.5,34.8,17.3,70,36.2,849.8,LIGHT_RAIN
W002064,2025-10-24 13:12:00,Sikkim,North Sikkim,27.5035,88.4457,1.8,4.6,5.9,11.7,14.1,72,34.3,768.2,LIGHT_RAIN
W002065,2025-10-24 15:36:00,Sikkim,South Sikkim,27.0288,88.2416,3.8,8.2,11.9,33.9,24.3,56,31.3,890.7,LIGHT_RAIN
W002066,2025-10-24 18:00:00,Nagaland,Kohima,25.6054,94.1031,2.6,9.5,11.9,26.3,30.1,62,31.1,876.9,LIGHT_RAIN
W002067,2025-10-24 20:24:00,Nagaland,Dimapur,25.8451,93.8011,2.7,5.7,8.2,17.3,32.7,67,19.5,993.8,LIGHT_RAIN
W002068,2025-10-24 22:48:00,Nagaland,Mokokchung,26.4517,94.445,0.1,0.4,0.5,1.5,26.5,69,40.0,887.3,CLEAR
W002069,2025-10-25 01:12:00,Manipur,Imphal West,24.7513,93.9046,0.9,3.0,4.0,10.4,26.2,73,26.5,934.9,LIGHT_RAIN
W002070,2025-10-25 03:36:00,Manipur,Bishnupur,24.5321,93.6762,0.3,0.7,1.0,2.8,28.3,69,19.3,934.6,CLEAR
W002071,2025-10-25 06:00:00,Manipur,Senapati,25.2371,94.0841,1.9,5.0,8.6,25.7,31.7,48,10.0,886.4,LIGHT_RAIN
W002072,2025-10-25 08:24:00,Mizoram,Aizawl,23.692,92.6275,0.6,3.8,5.0,11.0,33.5,50,25.9,903.9,LIGHT_RAIN
W002073,2025-10-25 10:48:00,Mizoram,Kolasib,24.0893,92.5802,1.6,4.4,7.0,18.8,30.5,75,41.9,958.9,LIGHT_RAIN
W002074,2025-10-25 13:12:00,Mizoram,Lunglei,22.8529,92.7712,2.0,6.7,12.5,33.3,25.7,69,28.8,908.1,LIGHT_RAIN
W002075,2025-10-25 15:36:00,Tripura,West Tripura,23.7872,91.1458,2.1,5.2,6.7,13.2,25.2,77,33.1,1011.2,LIGHT_RAIN
W002076,2025-10-25 18:00:00,Tripura,Sipahijala,23.5408,91.2356,1.3,7.4,9.5,22.2,23.1,67,16.5,1011.2,LIGHT_RAIN
W002077,2025-10-25 20:24:00,Tripura,Dhalai,23.9339,91.7367,2.9,4.3,9.1,19.8,22.2,66,14.8,1001.4,LIGHT_RAIN
W002078,2025-10-25 22:48:00,Arunachal Pradesh,Tawang,27.5002,91.8796,1.0,2.1,3.1,9.3,14.4,50,27.7,730.9,LIGHT_RAIN
W002079,2025-10-26 01:12:00,Arunachal Pradesh,West Kameng,27.2302,92.4464,3.0,10.9,13.0,42.9,12.2,61,23.8,796.9,LIGHT_RAIN
W002080,2025-10-26 03:36:00,Arunachal Pradesh,Papum Pare,27.1653,93.7505,0.7,2.5,3.4,8.8,26.0,58,19.2,977.6,LIGHT_RAIN
W002081,2025-10-26 06:00:00,Arunachal Pradesh,East Siang,28.1838,95.3025,2.1,10.0,12.4,32.9,30.0,72,31.7,994.5,LIGHT_RAIN
W002082,2025-10-26 08:24:00,Arunachal Pradesh,Lower Subansiri,27.4594,93.6949,0.8,2.1,2.8,5.8,22.7,59,14.9,860.0,LIGHT_RAIN
W002083,2025-10-26 10:48:00,Assam,Kamrup Metropolitan,26.1209,91.6234,0.7,3.4,4.4,11.9,31.5,52,31.5,1011.2,LIGHT_RAIN
W002084,2025-10-26 13:12:00,Assam,Kamrup Rural,26.1059,91.4184,0.9,1.3,2.6,6.4,31.7,50,41.1,1011.2,LIGHT_RAIN
W002085,2025-10-26 15:36:00,Assam,Darrang,26.5984,92.1545,1.4,5.6,7.3,19.0,23.9,55,22.7,1010.5,LIGHT_RAIN
W002086,2025-10-26 18:00:00,Assam,Sonitpur,26.4949,92.8026,2.4,6.8,11.2,26.0,23.4,66,12.2,1004.9,LIGHT_RAIN
W002087,2025-10-26 20:24:00,Assam,Dibrugarh,27.3436,94.7905,2.2,7.5,11.5,29.4,23.4,76,41.3,998.5,LIGHT_RAIN
W002088,2025-10-26 22:48:00,Assam,Cachar,24.7785,92.7326,3.3,7.4,13.4,45.3,30.6,61,37.9,1011.2,LIGHT_RAIN
W002089,2025-10-27 01:12:00,Assam,Nagaon,26.3789,92.652,2.8,5.9,12.5,34.7,22.7,65,36.1,1004.1,LIGHT_RAIN
W002090,2025-10-27 03:36:00,Meghalaya,East Khasi Hills,25.6211,92.0164,2.6,9.2,12.9,27.6,31.6,71,20.3,862.6,LIGHT_RAIN
W002091,2025-10-27 06:00:00,Meghalaya,West Khasi Hills,25.3688,91.1244,1.9,6.6,8.7,18.6,29.1,64,26.0,893.5,LIGHT_RAIN
W002092,2025-10-27 08:24:00,Meghalaya,Ri-Bhoi,26.0084,91.9473,2.8,5.2,10.7,31.1,32.8,65,40.7,962.4,LIGHT_RAIN
W002093,2025-10-27 10:48:00,Meghalaya,West Jaintia Hills,25.5707,92.1607,2.4,5.6,11.6,33.8,26.3,65,33.5,877.5,LIGHT_RAIN
W002094,2025-10-27 13:12:00,Sikkim,East Sikkim,27.3954,88.4722,1.8,7.7,9.8,24.4,18.0,77,22.7,846.3,LIGHT_RAIN
W002095,2025-10-27 15:36:00,Sikkim,North Sikkim,27.6341,88.4225,1.6,8.4,10.7,20.4,9.5,77,13.8,774.9,LIGHT_RAIN
W002096,2025-10-27 18:00:00,Sikkim,South Sikkim,27.1339,88.4096,4.2,9.8,12.2,36.7,26.9,64,19.2,880.1,LIGHT_RAIN
W002097,2025-10-27 20:24:00,Nagaland,Kohima,25.563,94.2172,0.8,3.3,6.9,19.2,31.9,65,19.8,868.6,LIGHT_RAIN
W002098,2025-10-27 22:48:00,Nagaland,Dimapur,26.0254,93.7686,0.2,0.4,0.6,1.5,22.6,75,31.1,991.6,CLEAR
W002099,2025-10-28 01:12:00,Nagaland,Mokokchung,26.3484,94.5684,0.7,2.4,3.2,10.7,33.7,70,38.9,886.3,LIGHT_RAIN
W002100,2025-10-28 03:36:00,Manipur,Imphal West,24.7347,93.8659,1.3,7.1,9.8,28.4,28.0,75,9.1,938.5,LIGHT_RAIN
W002101,2025-10-28 06:00:00,Manipur,Bishnupur,24.7331,93.6872,1.6,6.5,8.9,22.6,30.7,51,11.3,935.6,LIGHT_RAIN
W002102,2025-10-28 08:24:00,Manipur,Senapati,25.1334,94.1515,1.1,6.0,9.3,26.3,32.4,70,21.1,895.9,LIGHT_RAIN
W002103,2025-10-28 10:48:00,Mizoram,Aizawl,23.7175,92.6831,0.9,3.0,3.8,10.0,25.8,53,25.1,902.3,LIGHT_RAIN
W002104,2025-10-28 13:12:00,Mizoram,Kolasib,24.2472,92.6883,4.1,10.3,12.9,39.2,31.8,62,38.6,948.6,LIGHT_RAIN
W002105,2025-10-28 15:36:00,Mizoram,Lunglei,22.9426,92.7866,0.7,2.8,4.7,9.3,33.8,59,39.8,908.5,LIGHT_RAIN
W002106,2025-10-28 18:00:00,Tripura,West Tripura,23.7471,91.2459,0.2,0.6,1.0,2.9,26.7,60,22.2,1010.1,CLEAR
W002107,2025-10-28 20:24:00,Tripura,Sipahijala,23.719,91.2184,2.6,10.2,12.0,38.8,34.7,64,22.3,1011.2,LIGHT_RAIN
W002108,2025-10-28 22:48:00,Tripura,Dhalai,23.9854,91.8732,2.2,6.4,10.4,20.0,29.4,59,12.1,1004.1,LIGHT_RAIN
W002109,2025-10-29 01:12:00,Arunachal Pradesh,Tawang,27.6596,91.7816,1.8,2.8,5.8,12.8,10.3,77,14.4,723.7,LIGHT_RAIN
W002110,2025-10-29 03:36:00,Arunachal Pradesh,West Kameng,27.2574,92.4252,0.8,1.8,3.7,7.9,11.0,60,28.2,799.1,LIGHT_RAIN
W002111,2025-10-29 06:00:00,Arunachal Pradesh,Papum Pare,26.9756,93.596,0.2,0.8,1.1,3.6,27.9,70,18.6,985.9,LIGHT_RAIN
W002112,2025-10-29 08:24:00,Arunachal Pradesh,East Siang,28.0161,95.3084,3.3,7.1,11.8,31.0,26.0,62,33.6,999.3,LIGHT_RAIN
W002113,2025-10-29 10:48:00,Arunachal Pradesh,Lower Subansiri,27.6196,93.8068,1.8,4.4,7.1,15.6,29.4,75,10.0,862.6,LIGHT_RAIN
W002114,2025-10-29 13:12:00,Assam,Kamrup Metropolitan,26.0773,91.7684,0.6,1.3,2.3,5.1,29.4,72,14.2,1007.2,LIGHT_RAIN
W002115,2025-10-29 15:36:00,Assam,Kamrup Rural,26.2289,91.6997,3.3,7.9,10.7,27.1,23.7,48,12.1,1010.7,LIGHT_RAIN
W002116,2025-10-29 18:00:00,Assam,Darrang,26.4746,91.9526,1.4,5.5,6.8,20.7,23.4,59,41.1,1007.3,LIGHT_RAIN
W002117,2025-10-29 20:24:00,Assam,Sonitpur,26.6699,92.8573,1.5,8.2,10.5,33.5,25.2,77,30.2,1006.5,LIGHT_RAIN
W002118,2025-10-29 22:48:00,Assam,Dibrugarh,27.57,94.9695,2.4,6.9,11.7,36.5,22.1,71,13.9,1002.3,LIGHT_RAIN
W002119,2025-10-30 01:12:00,Assam,Cachar,24.7876,92.7153,0.0,0.1,0.2,0.4,31.6,62,20.7,1009.2,CLEAR
W002120,2025-10-30 03:36:00,Assam,Nagaon,26.2507,92.8063,1.6,6.6,8.7,23.3,32.4,48,18.1,1005.1,LIGHT_RAIN
W002121,2025-10-30 06:00:00,Meghalaya,East Khasi Hills,25.7008,91.8149,0.0,0.1,0.1,0.3,24.1,54,15.4,869.1,CLEAR
W002122,2025-10-30 08:24:00,Meghalaya,West Khasi Hills,25.4596,91.2466,0.5,0.9,1.8,4.6,33.2,77,15.0,893.5,LIGHT_RAIN
W002123,2025-10-30 10:48:00,Meghalaya,Ri-Bhoi,25.7562,92.0223,1.7,8.2,11.1,34.2,32.9,50,26.9,954.2,LIGHT_RAIN
W002124,2025-10-30 13:12:00,Meghalaya,West Jaintia Hills,25.5559,92.2282,1.5,8.1,9.7,30.6,29.0,68,22.6,882.9,LIGHT_RAIN
W002125,2025-10-30 15:36:00,Sikkim,East Sikkim,27.2632,88.4893,3.3,7.9,11.5,30.6,17.8,76,30.5,847.2,LIGHT_RAIN
W002126,2025-10-30 18:00:00,Sikkim,North Sikkim,27.4372,88.4685,1.3,5.6,7.9,22.9,7.2,51,30.3,772.7,LIGHT_RAIN
W002127,2025-10-30 20:24:00,Sikkim,South Sikkim,27.0482,88.2914,0.7,1.5,2.3,7.1,22.4,76,29.7,882.5,LIGHT_RAIN
W002128,2025-10-30 22:48:00,Nagaland,Kohima,25.6303,94.1223,1.2,3.6,5.9,17.6,30.0,62,25.2,869.7,LIGHT_RAIN
W002129,2025-10-31 01:12:00,Nagaland,Dimapur,25.7609,93.6833,1.4,7.6,9.1,21.7,28.7,58,14.5,991.2,LIGHT_RAIN
W002130,2025-10-31 03:36:00,Nagaland,Mokokchung,26.3742,94.6295,3.2,6.4,13.7,29.6,30.6,56,41.8,879.2,LIGHT_RAIN
W002131,2025-10-31 06:00:00,Manipur,Imphal West,24.8727,94.0053,2.7,6.3,11.7,33.3,24.6,70,30.4,942.0,LIGHT_RAIN
W002132,2025-10-31 08:24:00,Manipur,Bishnupur,24.5485,93.9127,0.4,1.3,2.2,7.0,27.8,68,22.1,939.2,LIGHT_RAIN
W002133,2025-10-31 10:48:00,Manipur,Senapati,25.3323,94.152,3.0,6.8,11.6,36.2,32.8,69,9.9,892.1,LIGHT_RAIN
W002134,2025-10-31 13:12:00,Mizoram,Aizawl,23.8533,92.6809,1.3,2.7,5.6,17.3,23.6,73,21.5,907.1,LIGHT_RAIN
W002135,2025-10-31 15:36:00,Mizoram,Kolasib,24.2736,92.7998,0.7,1.5,2.1,6.5,29.8,63,13.4,953.7,LIGHT_RAIN
W002136,2025-10-31 18:00:00,Mizoram,Lunglei,22.7825,92.8631,3.4,5.5,10.1,26.8,24.2,48,32.2,914.8,LIGHT_RAIN
W002137,2025-10-31 20:24:00,Tripura,West Tripura,23.8067,91.435,0.8,2.9,4.6,12.2,25.5,50,21.6,1011.2,LIGHT_RAIN
W002138,2025-10-31 22:48:00,Tripura,Sipahijala,23.6956,91.4123,0.4,0.7,1.2,3.8,23.8,75,13.7,1011.2,LIGHT_RAIN
W002139,2025-11-01 01:12:00,Tripura,Dhalai,23.9904,91.9377,0.6,1.4,1.9,3.9,29.4,57,17.1,1001.8,LIGHT_RAIN
W002140,2025-11-01 03:36:00,Arunachal Pradesh,Tawang,27.7143,91.7535,3.6,6.0,13.0,41.4,8.0,57,37.1,726.4,LIGHT_RAIN
W002141,2025-11-01 06:00:00,Arunachal Pradesh,West Kameng,27.3016,92.4652,1.5,5.8,8.1,24.4,9.4,73,23.6,799.8,LIGHT_RAIN
W002142,2025-11-01 08:24:00,Arunachal Pradesh,Papum Pare,27.0388,93.6028,4.0,9.3,11.7,23.6,33.5,75,26.2,985.1,LIGHT_RAIN
W002143,2025-11-01 10:48:00,Arunachal Pradesh,East Siang,27.932,95.2677,1.6,2.8,6.1,18.3,33.5,49,38.4,998.5,LIGHT_RAIN
W002144,2025-11-01 13:12:00,Arunachal Pradesh,Lower Subansiri,27.415,93.7213,3.3,8.2,11.9,35.5,15.1,63,12.8,855.2,LIGHT_RAIN
W002145,2025-11-01 15:36:00,Assam,Kamrup Metropolitan,26.1941,91.8169,0.8,2.4,2.9,8.9,26.7,76,28.1,1011.2,LIGHT_RAIN
W002146,2025-11-01 18:00:00,Assam,Kamrup Rural,26.0778,91.6319,0.8,2.2,2.6,7.2,25.7,52,23.6,1008.0,LIGHT_RAIN
W002147,2025-11-01 20:24:00,Assam,Darrang,26.3677,92.023,0.8,4.4,5.8,16.9,27.3,69,24.8,1009.6,LIGHT_RAIN
W002148,2025-11-01 22:48:00,Assam,Sonitpur,26.5997,92.7623,0.2,0.3,0.6,1.7,22.4,73,15.6,1000.2,CLEAR
W002149,2025-11-02 01:12:00,Assam,Dibrugarh,27.4134,94.8552,1.5,7.3,8.9,18.2,22.9,48,39.0,1001.4,LIGHT_RAIN
W002150,2025-11-02 03:36:00,Assam,Cachar,24.9246,92.6707,1.8,5.5,8.6,29.0,27.8,76,14.8,1007.0,LIGHT_RAIN
W002151,2025-11-02 06:00:00,Assam,Nagaon,26.3615,92.6243,1.2,3.4,6.2,13.9,33.6,58,24.4,1011.2,LIGHT_RAIN
W002152,2025-11-02 08:24:00,Meghalaya,East Khasi Hills,25.5671,91.7983,0.9,4.5,6.4,12.2,27.3,73,24.7,863.3,LIGHT_RAIN
W002153,2025-11-02 10:48:00,Meghalaya,West Khasi Hills,25.4016,91.2426,1.3,2.1,4.0,10.0,28.2,57,21.3,889.7,LIGHT_RAIN
W002154,2025-11-02 13:12:00,Meghalaya,Ri-Bhoi,25.8573,91.8363,1.6,3.0,6.3,14.3,29.8,65,33.3,959.4,LIGHT_RAIN
W002155,2025-11-02 15:36:00,Meghalaya,West Jaintia Hills,25.3083,92.2177,1.7,3.9,4.8,13.8,28.4,77,32.4,879.1,LIGHT_RAIN
W002156,2025-11-02 18:00:00,Sikkim,East Sikkim,27.3735,88.5472,0.1,0.6,0.7,1.8,7.9,73,19.2,854.3,CLEAR
W002157,2025-11-02 20:24:00,Sikkim,North Sikkim,27.5363,88.67,2.1,9.4,13.7,29.6,16.1,60,18.8,768.0,LIGHT_RAIN
W002158,2025-11-02 22:48:00,Sikkim,South Sikkim,27.1378,88.3209,4.1,11.1,13.8,40.4,29.3,63,18.4,891.7,LIGHT_RAIN
W002159,2025-11-03 01:12:00,Nagaland,Kohima,25.6805,94.2104,3.6,7.2,11.9,37.5,29.9,62,32.9,877.0,LIGHT_RAIN
W002160,2025-11-03 03:36:00,Nagaland,Dimapur,25.9518,93.6775,0.1,0.4,0.6,1.2,33.6,49,15.1,998.8,CLEAR
W002161,2025-11-03 06:00:00,Nagaland,Mokokchung,26.3822,94.6293,1.4,4.3,7.1,23.3,31.2,66,32.8,888.2,LIGHT_RAIN
W002162,2025-11-03 08:24:00,Manipur,Imphal West,24.8888,93.8027,1.2,3.0,4.0,9.0,29.5,77,26.9,939.6,LIGHT_RAIN
W002163,2025-11-03 10:48:00,Manipur,Bishnupur,24.7726,93.6554,0.7,2.6,3.9,9.3,29.5,62,25.8,932.4,LIGHT_RAIN
W002164,2025-11-03 13:12:00,Manipur,Senapati,25.2003,93.9533,0.3,0.9,2.0,4.7,34.1,64,16.6,884.9,LIGHT_RAIN
W002165,2025-11-03 15:36:00,Mizoram,Aizawl,23.7834,92.602,1.8,7.8,11.1,22.8,34.6,65,9.4,908.3,LIGHT_RAIN
W002166,2025-11-03 18:00:00,Mizoram,Kolasib,24.2259,92.6042,2.7,8.4,10.6,20.4,25.8,67,17.6,958.0,LIGHT_RAIN
W002167,2025-11-03 20:24:00,Mizoram,Lunglei,22.8631,92.6067,2.2,7.3,11.6,32.9,32.7,49,31.2,917.7,LIGHT_RAIN
W002168,2025-11-03 22:48:00,Tripura,West Tripura,23.7367,91.2073,1.6,7.2,10.6,31.4,30.8,77,21.2,1005.1,LIGHT_RAIN
W002169,2025-11-04 01:12:00,Tripura,Sipahijala,23.6894,91.4198,2.1,3.6,6.0,12.9,31.5,65,18.9,1008.3,LIGHT_RAIN
W002170,2025-11-04 03:36:00,Tripura,Dhalai,23.7065,91.7425,1.9,7.4,13.9,46.2,26.0,67,27.2,996.1,LIGHT_RAIN
W002171,2025-11-04 06:00:00,Arunachal Pradesh,Tawang,27.6586,91.8734,2.6,6.2,11.5,29.8,9.8,68,14.6,729.0,LIGHT_RAIN
W002172,2025-11-04 08:24:00,Arunachal Pradesh,West Kameng,27.1445,92.4425,1.8,4.5,7.4,15.8,15.2,67,29.5,798.9,LIGHT_RAIN
W002173,2025-11-04 10:48:00,Arunachal Pradesh,Papum Pare,27.1597,93.4988,3.8,8.9,12.2,26.5,31.8,55,13.7,982.5,LIGHT_RAIN
W002174,2025-11-04 13:12:00,Arunachal Pradesh,East Siang,28.001,95.212,0.0,0.1,0.1,0.3,29.2,51,15.6,999.1,CLEAR
W002175,2025-11-04 15:36:00,Arunachal Pradesh,Lower Subansiri,27.5935,93.948,1.7,7.7,12.1,30.5,26.4,72,21.8,858.5,LIGHT_RAIN
W002176,2025-11-04 18:00:00,Assam,Kamrup Metropolitan,26.1009,91.628,0.9,3.2,6.3,18.6,33.4,67,26.8,1002.7,LIGHT_RAIN
W002177,2025-11-04 20:24:00,Assam,Kamrup Rural,26.3295,91.5193,0.2,1.0,1.9,6.2,28.9,77,23.1,1002.7,LIGHT_RAIN
W002178,2025-11-04 22:48:00,Assam,Darrang,26.5728,92.0385,2.0,6.7,11.3,32.1,33.8,55,36.4,1007.6,LIGHT_RAIN
W002179,2025-11-05 01:12:00,Assam,Sonitpur,26.5894,92.8584,0.4,1.8,2.9,7.8,23.4,74,13.8,1007.2,LIGHT_RAIN
W002180,2025-11-05 03:36:00,Assam,Dibrugarh,27.3648,94.9975,2.4,8.7,10.6,26.2,26.4,74,10.2,1000.3,LIGHT_RAIN
W002181,2025-11-05 06:00:00,Assam,Cachar,24.9581,92.8224,2.4,10.2,12.9,33.7,25.4,58,31.6,1011.2,LIGHT_RAIN
W002182,2025-11-05 08:24:00,Assam,Nagaon,26.2493,92.7466,0.7,2.6,4.3,9.3,27.8,57,35.4,1006.5,LIGHT_RAIN
W002183,2025-11-05 10:48:00,Meghalaya,East Khasi Hills,25.4676,91.8405,3.2,6.2,9.5,20.1,33.1,52,22.3,865.8,LIGHT_RAIN
W002184,2025-11-05 13:12:00,Meghalaya,West Khasi Hills,25.4811,91.1235,3.1,9.9,11.8,34.9,32.6,58,11.5,883.0,LIGHT_RAIN
W002185,2025-11-05 15:36:00,Meghalaya,Ri-Bhoi,25.9496,91.8798,4.0,7.5,13.0,33.1,33.6,71,26.5,956.8,LIGHT_RAIN
W002186,2025-11-05 18:00:00,Meghalaya,West Jaintia Hills,25.5944,92.2926,0.9,3.0,4.8,14.4,28.4,49,20.5,879.6,LIGHT_RAIN
W002187,2025-11-05 20:24:00,Sikkim,East Sikkim,27.4531,88.6749,2.7,7.3,9.3,25.1,17.7,64,25.1,852.6,LIGHT_RAIN
W002188,2025-11-05 22:48:00,Sikkim,North Sikkim,27.3693,88.5836,0.4,2.0,2.9,6.6,10.2,49,33.8,777.6,LIGHT_RAIN
W002189,2025-11-06 01:12:00,Sikkim,South Sikkim,27.1525,88.3123,1.5,2.1,4.5,14.8,25.9,70,19.7,883.8,LIGHT_RAIN
W002190,2025-11-06 03:36:00,Nagaland,Kohima,25.6214,94.1682,0.5,1.5,2.8,7.6,24.0,57,41.0,873.3,LIGHT_RAIN
W002191,2025-11-06 06:00:00,Nagaland,Dimapur,25.9237,93.6362,0.9,2.9,5.0,9.9,23.0,73,37.7,993.9,LIGHT_RAIN
W002192,2025-11-06 08:24:00,Nagaland,Mokokchung,26.2354,94.4186,3.2,8.3,10.1,28.9,27.2,64,8.3,879.5,LIGHT_RAIN
W002193,2025-11-06 10:48:00,Manipur,Imphal West,24.6928,93.7941,2.7,7.5,9.0,30.5,31.6,75,23.8,933.8,LIGHT_RAIN
W002194,2025-11-06 13:12:00,Manipur,Bishnupur,24.5246,93.6161,1.4,4.0,5.3,13.2,24.1,75,25.4,933.9,LIGHT_RAIN
W002195,2025-11-06 15:36:00,Manipur,Senapati,25.1316,93.9156,2.2,5.6,8.8,26.4,28.3,69,14.1,887.5,LIGHT_RAIN
W002196,2025-11-06 18:00:00,Mizoram,Aizawl,23.7355,92.6246,2.1,8.0,12.5,27.7,29.2,67,17.5,905.8,LIGHT_RAIN
W002197,2025-11-06 20:24:00,Mizoram,Kolasib,24.1756,92.7155,1.7,6.3,7.8,17.0,28.8,65,37.5,952.3,LIGHT_RAIN
W002198,2025-11-06 22:48:00,Mizoram,Lunglei,22.8617,92.7776,3.9,6.6,12.9,38.5,34.4,50,35.0,908.2,LIGHT_RAIN
W002199,2025-11-07 01:12:00,Tripura,West Tripura,23.9162,91.2263,4.5,9.9,13.5,28.5,31.8,48,39.9,1011.2,LIGHT_RAIN
W002200,2025-11-07 03:36:00,Tripura,Sipahijala,23.6472,91.1688,2.9,8.2,14.0,41.0,25.3,69,39.0,1005.7,LIGHT_RAIN
W002201,2025-11-07 06:00:00,Tripura,Dhalai,23.7754,91.911,1.0,2.8,5.0,15.8,30.0,57,38.5,1004.6,LIGHT_RAIN
W002202,2025-11-07 08:24:00,Arunachal Pradesh,Tawang,27.5225,91.8697,4.1,6.0,12.4,37.8,7.1,54,21.7,731.9,LIGHT_RAIN
W002203,2025-11-07 10:48:00,Arunachal Pradesh,West Kameng,27.2645,92.3857,0.1,0.2,0.4,0.9,12.0,57,18.3,802.8,CLEAR
W002204,2025-11-07 13:12:00,Arunachal Pradesh,Papum Pare,27.1252,93.7477,1.6,5.4,8.6,26.8,29.1,59,23.1,984.5,LIGHT_RAIN
W002205,2025-11-07 15:36:00,Arunachal Pradesh,East Siang,28.0424,95.2362,1.8,4.1,6.0,15.3,23.8,53,34.5,992.8,LIGHT_RAIN
W002206,2025-11-07 18:00:00,Arunachal Pradesh,Lower Subansiri,27.5641,93.9002,1.5,6.9,11.1,35.2,11.2,64,21.1,854.6,LIGHT_RAIN
W002207,2025-11-07 20:24:00,Assam,Kamrup Metropolitan,26.0132,91.7343,2.3,8.4,13.4,26.5,30.8,72,40.1,1003.6,LIGHT_RAIN
W002208,2025-11-07 22:48:00,Assam,Kamrup Rural,26.2459,91.6417,0.3,1.3,2.4,5.9,27.7,63,34.9,1011.2,LIGHT_RAIN
W002209,2025-11-08 01:12:00,Assam,Darrang,26.4269,92.1028,1.9,7.4,9.0,26.1,27.1,50,14.9,1002.4,LIGHT_RAIN
W002210,2025-11-08 03:36:00,Assam,Sonitpur,26.7678,92.7238,0.1,0.1,0.2,0.4,24.1,59,38.3,1010.9,CLEAR
W002211,2025-11-08 06:00:00,Assam,Dibrugarh,27.3904,94.8671,0.9,6.0,7.2,21.3,27.3,66,25.5,1002.5,LIGHT_RAIN
W002212,2025-11-08 08:24:00,Assam,Cachar,24.9747,92.6353,3.4,8.1,11.3,26.2,23.0,50,35.4,1011.2,LIGHT_RAIN
W002213,2025-11-08 10:48:00,Assam,Nagaon,26.2541,92.7164,1.1,2.5,3.4,10.8,30.8,54,11.2,1008.1,LIGHT_RAIN
W002214,2025-11-08 13:12:00,Meghalaya,East Khasi Hills,25.5945,91.7589,2.8,6.0,10.0,22.5,26.9,53,33.6,863.5,LIGHT_RAIN
W002215,2025-11-08 15:36:00,Meghalaya,West Khasi Hills,25.5704,91.2749,0.4,1.6,2.0,4.7,25.8,48,29.6,892.3,LIGHT_RAIN
W002216,2025-11-08 18:00:00,Meghalaya,Ri-Bhoi,26.0448,91.8403,2.1,5.0,6.4,15.8,24.1,65,10.6,962.8,LIGHT_RAIN
W002217,2025-11-08 20:24:00,Meghalaya,West Jaintia Hills,25.3715,92.0776,3.1,7.7,11.7,31.5,23.0,59,41.4,888.6,LIGHT_RAIN
W002218,2025-11-08 22:48:00,Sikkim,East Sikkim,27.4554,88.6945,0.8,4.1,5.8,11.5,16.5,74,18.1,850.3,LIGHT_RAIN
W002219,2025-11-09 01:12:00,Sikkim,North Sikkim,27.612,88.475,2.2,5.2,8.3,23.4,10.4,63,29.6,778.3,LIGHT_RAIN
W002220,2025-11-09 03:36:00,Sikkim,South Sikkim,27.0742,88.2131,0.5,0.9,1.5,4.7,33.7,56,40.8,887.4,LIGHT_RAIN
W002221,2025-11-09 06:00:00,Nagaland,Kohima,25.8245,93.9975,1.5,3.9,5.8,13.5,34.8,74,15.5,873.1,LIGHT_RAIN
W002222,2025-11-09 08:24:00,Nagaland,Dimapur,25.7798,93.6526,3.8,7.2,11.6,23.0,24.3,68,13.2,993.2,LIGHT_RAIN
W002223,2025-11-09 10:48:00,Nagaland,Mokokchung,26.419,94.6393,0.7,1.6,3.0,6.9,25.3,73,23.7,879.0,LIGHT_RAIN
W002224,2025-11-09 13:12:00,Manipur,Imphal West,24.9494,94.0209,3.0,5.1,11.2,29.1,24.2,63,8.8,938.5,LIGHT_RAIN
W002225,2025-11-09 15:36:00,Manipur,Bishnupur,24.7503,93.7102,0.9,2.9,3.4,9.7,31.7,73,22.7,936.9,LIGHT_RAIN
W002226,2025-11-09 18:00:00,Manipur,Senapati,25.3801,94.0717,0.3,0.7,1.3,2.9,24.6,51,34.0,888.8,LIGHT_RAIN
W002227,2025-11-09 20:24:00,Mizoram,Aizawl,23.8507,92.82,0.9,2.1,3.6,8.2,32.5,53,39.2,901.9,LIGHT_RAIN
W002228,2025-11-09 22:48:00,Mizoram,Kolasib,24.1332,92.6417,3.4,6.9,12.1,36.8,24.3,48,34.6,949.1,LIGHT_RAIN
W002229,2025-11-10 01:12:00,Mizoram,Lunglei,22.8005,92.7221,2.0,4.8,7.1,17.3,30.5,49,27.9,909.6,LIGHT_RAIN
W002230,2025-11-10 03:36:00,Tripura,West Tripura,23.8312,91.1469,2.8,6.9,14.0,35.9,27.1,48,41.1,1011.2,LIGHT_RAIN
W002231,2025-11-10 06:00:00,Tripura,Sipahijala,23.7745,91.1799,0.6,1.1,2.2,7.4,33.1,70,24.2,1005.3,LIGHT_RAIN
W002232,2025-11-10 08:24:00,Tripura,Dhalai,23.9588,91.8154,0.9,1.8,3.2,10.5,22.8,74,18.0,1004.9,LIGHT_RAIN
W002233,2025-11-10 10:48:00,Arunachal Pradesh,Tawang,27.6341,91.8691,0.2,0.6,0.8,1.7,7.0,70,24.5,726.6,CLEAR
W002234,2025-11-10 13:12:00,Arunachal Pradesh,West Kameng,27.2188,92.2737,2.6,6.4,8.4,19.0,9.1,76,18.1,795.9,LIGHT_RAIN
W002235,2025-11-10 15:36:00,Arunachal Pradesh,Papum Pare,27.1988,93.5454,3.6,8.9,10.6,30.9,25.0,67,20.1,978.3,LIGHT_RAIN
W002236,2025-11-10 18:00:00,Arunachal Pradesh,East Siang,28.0183,95.4248,0.7,1.6,2.9,9.2,29.3,58,25.8,998.5,LIGHT_RAIN
W002237,2025-11-10 20:24:00,Arunachal Pradesh,Lower Subansiri,27.6786,93.9057,0.9,1.8,2.7,7.7,15.9,56,22.0,856.1,LIGHT_RAIN
W002238,2025-11-10 22:48:00,Assam,Kamrup Metropolitan,26.2109,91.7896,0.5,2.4,3.4,9.1,32.6,57,9.9,1003.0,LIGHT_RAIN
W002239,2025-11-11 01:12:00,Assam,Kamrup Rural,26.1622,91.6278,3.9,7.6,11.6,30.7,23.4,65,36.4,1003.8,LIGHT_RAIN
W002240,2025-11-11 03:36:00,Assam,Darrang,26.4164,92.1047,0.2,0.9,1.7,4.5,23.4,66,24.4,1002.4,LIGHT_RAIN
W002241,2025-11-11 06:00:00,Assam,Sonitpur,26.568,92.8474,0.9,2.9,4.0,11.0,31.0,62,24.5,1008.0,LIGHT_RAIN
W002242,2025-11-11 08:24:00,Assam,Dibrugarh,27.4856,94.8633,1.0,1.6,3.5,10.4,26.6,63,38.2,1003.6,LIGHT_RAIN
W002243,2025-11-11 10:48:00,Assam,Cachar,24.7639,92.7041,3.2,6.4,9.6,23.0,34.1,70,24.3,1008.5,LIGHT_RAIN
W002244,2025-11-11 13:12:00,Assam,Nagaon,26.2325,92.7045,2.8,6.7,10.9,36.2,27.8,54,20.9,1008.8,LIGHT_RAIN
W002245,2025-11-11 15:36:00,Meghalaya,East Khasi Hills,25.5619,91.7485,0.2,0.7,0.8,2.1,23.3,48,11.6,873.0,CLEAR
W002246,2025-11-11 18:00:00,Meghalaya,West Khasi Hills,25.5041,91.3633,0.0,0.0,0.0,0.0,24.0,73,12.5,891.0,CLEAR
W002247,2025-11-11 20:24:00,Meghalaya,Ri-Bhoi,25.7739,91.9991,2.5,5.2,7.5,14.3,24.8,55,20.4,958.3,LIGHT_RAIN
W002248,2025-11-11 22:48:00,Meghalaya,West Jaintia Hills,25.3539,92.2798,0.9,3.9,5.6,16.6,28.3,61,12.5,885.3,LIGHT_RAIN
W002249,2025-11-12 01:12:00,Sikkim,East Sikkim,27.2571,88.5088,2.8,7.3,12.9,35.3,7.1,67,11.4,846.5,LIGHT_RAIN
W002250,2025-11-12 03:36:00,Sikkim,North Sikkim,27.3843,88.4116,0.6,1.3,2.7,6.4,9.5,67,10.3,770.5,LIGHT_RAIN
W002251,2025-11-12 06:00:00,Sikkim,South Sikkim,27.1152,88.366,1.1,3.8,4.7,10.0,32.8,76,15.8,888.8,LIGHT_RAIN
W002252,2025-11-12 08:24:00,Nagaland,Kohima,25.6028,94.0358,1.1,7.1,8.6,26.2,26.7,65,12.6,869.5,LIGHT_RAIN
W002253,2025-11-12 10:48:00,Nagaland,Dimapur,25.9189,93.5909,3.1,4.6,9.8,28.2,34.8,53,28.4,997.0,LIGHT_RAIN
W002254,2025-11-12 13:12:00,Nagaland,Mokokchung,26.3081,94.5233,1.8,4.3,7.8,23.1,22.4,50,29.1,886.8,LIGHT_RAIN
W002255,2025-11-12 15:36:00,Manipur,Imphal West,24.9157,93.9911,2.6,4.8,8.4,28.3,25.5,62,30.8,941.3,LIGHT_RAIN
W002256,2025-11-12 18:00:00,Manipur,Bishnupur,24.5253,93.7125,2.9,4.3,9.2,28.0,34.4,49,41.4,933.8,LIGHT_RAIN
W002257,2025-11-12 20:24:00,Manipur,Senapati,25.3792,93.9724,0.9,3.7,6.4,20.1,27.1,73,27.5,884.8,LIGHT_RAIN
W002258,2025-11-12 22:48:00,Mizoram,Aizawl,23.6252,92.581,2.3,8.0,13.2,40.5,22.4,54,31.4,896.7,LIGHT_RAIN
W002259,2025-11-13 01:12:00,Mizoram,Kolasib,24.1019,92.5934,0.1,0.2,0.3,0.8,33.8,69,11.3,955.4,CLEAR
W002260,2025-11-13 03:36:00,Mizoram,Lunglei,22.8825,92.7644,0.2,0.3,0.7,2.2,31.2,62,38.0,914.8,CLEAR
W002261,2025-11-13 06:00:00,Tripura,West Tripura,23.8563,91.3339,1.6,4.8,6.0,11.7,33.1,75,35.4,1011.2,LIGHT_RAIN
W002262,2025-11-13 08:24:00,Tripura,Sipahijala,23.5085,91.1852,3.0,9.6,12.6,32.6,27.9,50,32.4,1004.3,LIGHT_RAIN
W002263,2025-11-13 10:48:00,Tripura,Dhalai,23.9993,91.8891,3.4,6.5,13.3,31.7,28.0,54,16.4,996.2,LIGHT_RAIN
W002264,2025-11-13 13:12:00,Arunachal Pradesh,Tawang,27.6904,91.8677,1.6,5.9,10.7,34.1,11.6,64,32.3,734.3,LIGHT_RAIN
W002265,2025-11-13 15:36:00,Arunachal Pradesh,West Kameng,27.2706,92.361,2.1,5.2,6.3,15.6,15.8,68,26.7,801.1,LIGHT_RAIN
W002266,2025-11-13 18:00:00,Arunachal Pradesh,Papum Pare,27.0236,93.5395,0.3,0.7,0.9,2.5,23.5,73,33.8,978.1,CLEAR
W002267,2025-11-13 20:24:00,Arunachal Pradesh,East Siang,28.0104,95.4677,2.8,5.7,8.7,28.4,24.1,65,30.9,995.3,LIGHT_RAIN
W002268,2025-11-13 22:48:00,Arunachal Pradesh,Lower Subansiri,27.6641,93.7886,0.3,0.4,0.9,2.4,23.3,68,31.0,861.8,CLEAR
W002269,2025-11-14 01:12:00,Assam,Kamrup Metropolitan,26.1032,91.7314,1.5,4.7,7.8,20.3,24.9,69,17.5,1010.8,LIGHT_RAIN
W002270,2025-11-14 03:36:00,Assam,Kamrup Rural,26.2058,91.66,1.4,3.2,6.4,15.2,29.4,77,8.7,1011.2,LIGHT_RAIN
W002271,2025-11-14 06:00:00,Assam,Darrang,26.5748,92.0832,2.5,8.0,11.5,26.3,29.1,75,11.2,1005.7,LIGHT_RAIN
W002272,2025-11-14 08:24:00,Assam,Sonitpur,26.5699,92.7368,1.3,5.0,10.5,31.5,22.5,61,22.0,1010.5,LIGHT_RAIN
W002273,2025-11-14 10:48:00,Assam,Dibrugarh,27.3673,94.9103,0.6,1.8,2.1,4.2,27.5,77,9.4,997.5,LIGHT_RAIN
W002274,2025-11-14 13:12:00,Assam,Cachar,24.9462,92.6336,2.8,5.5,10.8,27.2,31.6,53,27.1,1011.2,LIGHT_RAIN
W002275,2025-11-14 15:36:00,Assam,Nagaon,26.4086,92.675,1.8,7.1,9.3,19.8,34.0,70,16.8,1011.2,LIGHT_RAIN
W002276,2025-11-14 18:00:00,Meghalaya,East Khasi Hills,25.5582,91.9503,1.9,6.4,8.2,23.0,33.6,59,35.1,872.2,LIGHT_RAIN
W002277,2025-11-14 20:24:00,Meghalaya,West Khasi Hills,25.6356,91.3813,2.3,6.5,9.0,28.1,27.3,72,18.9,889.2,LIGHT_RAIN
W002278,2025-11-14 22:48:00,Meghalaya,Ri-Bhoi,25.8224,91.818,1.1,2.3,3.9,12.7,28.0,64,41.3,961.0,LIGHT_RAIN
W002279,2025-11-15 01:12:00,Meghalaya,West Jaintia Hills,25.4774,92.235,2.7,7.8,9.3,24.4,22.9,49,31.8,879.7,LIGHT_RAIN
W002280,2025-11-15 03:36:00,Sikkim,East Sikkim,27.2954,88.5912,0.7,1.9,2.6,6.3,14.7,49,22.6,852.3,LIGHT_RAIN
W002281,2025-11-15 06:00:00,Sikkim,North Sikkim,27.4807,88.6273,2.5,7.6,11.3,24.8,11.1,71,11.6,770.3,LIGHT_RAIN
W002282,2025-11-15 08:24:00,Sikkim,South Sikkim,27.2498,88.4749,0.7,1.9,4.1,8.2,34.0,58,40.4,880.0,LIGHT_RAIN
W002283,2025-11-15 10:48:00,Nagaland,Kohima,25.5274,94.1365,0.2,0.4,0.8,1.6,30.9,73,23.8,869.5,CLEAR
W002284,2025-11-15 13:12:00,Nagaland,Dimapur,25.8884,93.7301,0.6,0.9,2.1,4.3,24.0,61,41.8,992.6,LIGHT_RAIN
W002285,2025-11-15 15:36:00,Nagaland,Mokokchung,26.2447,94.518,2.3,6.4,10.3,22.9,34.4,48,37.7,889.1,LIGHT_RAIN
W002286,2025-11-15 18:00:00,Manipur,Imphal West,24.8409,94.04,1.7,7.8,10.7,22.9,31.4,75,31.4,936.9,LIGHT_RAIN
W002287,2025-11-15 20:24:00,Manipur,Bishnupur,24.7096,93.9006,0.7,1.4,2.9,9.5,27.3,59,39.7,943.1,LIGHT_RAIN
W002288,2025-11-15 22:48:00,Manipur,Senapati,25.4068,93.9232,0.8,1.1,2.4,7.2,26.1,76,21.5,890.1,LIGHT_RAIN
W002289,2025-11-16 01:12:00,Mizoram,Aizawl,23.6714,92.6718,2.4,6.6,13.8,36.8,34.9,56,24.4,906.3,LIGHT_RAIN
W002290,2025-11-16 03:36:00,Mizoram,Kolasib,24.2017,92.7956,0.6,2.6,4.7,14.6,34.9,63,41.4,955.8,LIGHT_RAIN
W002291,2025-11-16 06:00:00,Mizoram,Lunglei,22.9119,92.6218,0.1,0.4,0.6,1.5,33.8,57,35.0,916.3,CLEAR
W002292,2025-11-16 08:24:00,Tripura,West Tripura,23.7436,91.3884,1.3,2.6,4.9,16.0,25.1,48,29.2,1006.2,LIGHT_RAIN
W002293,2025-11-16 10:48:00,Tripura,Sipahijala,23.4969,91.4292,2.4,11.0,13.9,29.6,32.0,49,35.7,1009.3,LIGHT_RAIN
W002294,2025-11-16 13:12:00,Tripura,Dhalai,23.9498,91.7077,1.3,3.7,6.0,14.3,30.5,57,33.0,1002.8,LIGHT_RAIN
W002295,2025-11-16 15:36:00,Arunachal Pradesh,Tawang,27.5641,91.8428,0.4,2.1,2.5,5.2,16.4,77,17.4,733.3,LIGHT_RAIN
W002296,2025-11-16 18:00:00,Arunachal Pradesh,West Kameng,27.1474,92.4778,1.3,3.9,4.7,12.5,11.5,50,26.7,792.9,LIGHT_RAIN
W002297,2025-11-16 20:24:00,Arunachal Pradesh,Papum Pare,27.0984,93.4927,0.0,0.1,0.2,0.7,28.8,76,23.4,986.1,CLEAR
W002298,2025-11-16 22:48:00,Arunachal Pradesh,East Siang,27.9509,95.2821,0.4,2.0,2.6,6.7,29.3,76,30.2,1002.9,LIGHT_RAIN
W002299,2025-11-17 01:12:00,Arunachal Pradesh,Lower Subansiri,27.4223,93.727,1.1,4.2,5.4,11.3,23.4,51,23.0,862.1,LIGHT_RAIN
W002300,2025-11-17 03:36:00,Assam,Kamrup Metropolitan,26.1484,91.8193,2.8,8.3,13.9,36.8,26.7,76,29.2,1004.9,LIGHT_RAIN
W002301,2025-11-17 06:00:00,Assam,Kamrup Rural,26.0465,91.4421,1.3,3.5,5.2,16.8,25.5,50,34.3,1004.6,LIGHT_RAIN
W002302,2025-11-17 08:24:00,Assam,Darrang,26.5544,92.0793,1.3,3.3,4.8,15.2,31.1,65,30.3,1003.0,LIGHT_RAIN
W002303,2025-11-17 10:48:00,Assam,Sonitpur,26.672,92.7164,2.5,8.0,13.1,27.8,27.2,57,8.8,1004.1,LIGHT_RAIN
W002304,2025-11-17 13:12:00,Assam,Dibrugarh,27.5248,94.8416,0.9,3.8,5.4,10.8,23.1,72,40.4,1006.6,LIGHT_RAIN
W002305,2025-11-17 15:36:00,Assam,Cachar,24.8323,92.6684,2.7,10.1,12.2,24.6,29.6,62,25.7,1008.7,LIGHT_RAIN
W002306,2025-11-17 18:00:00,Assam,Nagaon,26.4523,92.7588,1.4,6.5,8.2,17.7,32.4,56,37.5,1011.2,LIGHT_RAIN
W002307,2025-11-17 20:24:00,Meghalaya,East Khasi Hills,25.6122,91.9563,2.2,8.0,11.3,32.8,30.1,62,31.4,872.7,LIGHT_RAIN
W002308,2025-11-17 22:48:00,Meghalaya,West Khasi Hills,25.4741,91.2852,0.5,1.0,1.6,3.3,25.6,59,18.9,885.7,LIGHT_RAIN
W002309,2025-11-18 01:12:00,Meghalaya,Ri-Bhoi,26.0363,91.9934,4.0,8.2,13.1,31.5,24.0,52,36.8,954.7,LIGHT_RAIN
W002310,2025-11-18 03:36:00,Meghalaya,West Jaintia Hills,25.4455,92.289,3.6,8.4,11.1,21.7,30.8,50,41.6,883.8,LIGHT_RAIN
W002311,2025-11-18 06:00:00,Sikkim,East Sikkim,27.2775,88.5222,0.4,0.7,1.5,4.2,11.6,66,26.2,846.4,LIGHT_RAIN
W002312,2025-11-18 08:24:00,Sikkim,North Sikkim,27.4759,88.5342,0.2,0.4,0.6,2.0,9.4,61,34.9,775.9,CLEAR
W002313,2025-11-18 10:48:00,Sikkim,South Sikkim,27.1594,88.2957,1.2,3.5,4.2,12.1,32.6,74,35.5,890.3,LIGHT_RAIN
W002314,2025-11-18 13:12:00,Nagaland,Kohima,25.5635,94.2233,3.0,8.1,12.5,41.1,25.2,69,25.7,867.5,LIGHT_RAIN
W002315,2025-11-18 15:36:00,Nagaland,Dimapur,25.8804,93.648,0.1,0.2,0.3,0.8,22.2,73,38.9,996.3,CLEAR
W002316,2025-11-18 18:00:00,Nagaland,Mokokchung,26.4303,94.4927,1.7,4.0,7.1,15.5,25.7,73,19.6,882.8,LIGHT_RAIN
W002317,2025-11-18 20:24:00,Manipur,Imphal West,24.7623,93.9042,0.1,0.2,0.5,1.5,22.6,59,40.3,936.7,CLEAR
W002318,2025-11-18 22:48:00,Manipur,Bishnupur,24.4988,93.7602,1.1,2.0,3.1,9.7,27.6,72,28.1,940.9,LIGHT_RAIN
W002319,2025-11-19 01:12:00,Manipur,Senapati,25.2026,93.9829,3.0,6.8,8.9,30.3,23.3,69,27.3,889.4,LIGHT_RAIN
W002320,2025-11-19 03:36:00,Mizoram,Aizawl,23.811,92.6007,1.9,4.9,5.9,11.9,33.9,74,38.8,900.7,LIGHT_RAIN
W002321,2025-11-19 06:00:00,Mizoram,Kolasib,24.2319,92.8151,4.2,10.2,13.5,28.6,23.5,69,32.6,959.1,LIGHT_RAIN
W002322,2025-11-19 08:24:00,Mizoram,Lunglei,22.9414,92.8637,1.2,2.6,4.9,15.0,22.7,72,17.1,909.5,LIGHT_RAIN
W002323,2025-11-19 10:48:00,Tripura,West Tripura,23.6963,91.1999,1.8,5.6,7.1,19.7,31.0,57,10.5,1009.0,LIGHT_RAIN
W002324,2025-11-19 13:12:00,Tripura,Sipahijala,23.6457,91.4199,0.3,1.6,2.4,4.6,24.9,69,16.8,1011.2,LIGHT_RAIN
W002325,2025-11-19 15:36:00,Tripura,Dhalai,23.8122,91.824,1.3,4.4,6.1,16.1,33.7,51,22.3,998.5,LIGHT_RAIN
W002326,2025-11-19 18:00:00,Arunachal Pradesh,Tawang,27.4469,91.7154,1.6,4.1,5.0,14.2,8.9,56,27.5,723.1,LIGHT_RAIN
W002327,2025-11-19 20:24:00,Arunachal Pradesh,West Kameng,27.3519,92.2786,0.6,2.6,4.8,12.7,14.3,59,30.1,800.0,LIGHT_RAIN
W002328,2025-11-19 22:48:00,Arunachal Pradesh,Papum Pare,27.1821,93.5408,1.1,3.7,5.6,11.9,31.4,75,37.8,984.4,LIGHT_RAIN
W002329,2025-11-20 01:12:00,Arunachal Pradesh,East Siang,28.0294,95.2962,0.9,2.0,2.7,8.6,22.3,77,41.8,993.7,LIGHT_RAIN
W002330,2025-11-20 03:36:00,Arunachal Pradesh,Lower Subansiri,27.4255,93.7022,4.3,8.4,12.5,32.9,25.3,75,22.0,857.2,LIGHT_RAIN
W002331,2025-11-20 06:00:00,Assam,Kamrup Metropolitan,26.0005,91.809,3.4,8.5,12.5,39.0,34.1,58,16.5,1006.9,LIGHT_RAIN
W002332,2025-11-20 08:24:00,Assam,Kamrup Rural,26.2558,91.6498,1.1,5.7,7.6,22.3,33.1,54,16.3,1011.0,LIGHT_RAIN
W002333,2025-11-20 10:48:00,Assam,Darrang,26.5374,92.0085,1.6,6.7,12.4,28.6,32.6,56,12.8,1004.7,LIGHT_RAIN
W002334,2025-11-20 13:12:00,Assam,Sonitpur,26.5446,92.7219,2.1,5.3,8.9,24.2,28.6,65,8.5,1003.3,LIGHT_RAIN
W002335,2025-11-20 15:36:00,Assam,Dibrugarh,27.4517,94.8287,1.8,6.0,8.6,18.6,30.6,65,35.5,1003.4,LIGHT_RAIN
W002336,2025-11-20 18:00:00,Assam,Cachar,24.9556,92.7889,2.9,6.9,13.3,30.1,29.0,50,13.9,1011.2,LIGHT_RAIN
W002337,2025-11-20 20:24:00,Assam,Nagaon,26.4135,92.8194,1.6,2.4,4.8,10.6,31.6,69,42.0,1003.3,LIGHT_RAIN
W002338,2025-11-20 22:48:00,Meghalaya,East Khasi Hills,25.496,92.0359,3.6,8.6,13.5,37.0,31.7,76,13.5,868.2,LIGHT_RAIN
W002339,2025-11-21 01:12:00,Meghalaya,West Khasi Hills,25.503,91.1427,4.5,10.6,13.5,28.4,28.7,50,23.4,889.8,LIGHT_RAIN
W002340,2025-11-21 03:36:00,Meghalaya,Ri-Bhoi,26.0427,91.7586,0.4,0.7,1.1,3.0,26.7,75,12.5,963.1,LIGHT_RAIN
W002341,2025-11-21 06:00:00,Meghalaya,West Jaintia Hills,25.478,92.0752,1.6,3.1,5.4,13.9,32.1,68,17.4,883.7,LIGHT_RAIN
W002342,2025-11-21 08:24:00,Sikkim,East Sikkim,27.4058,88.6265,4.4,7.8,13.9,31.6,7.3,70,14.3,854.5,LIGHT_RAIN
W002343,2025-11-21 10:48:00,Sikkim,North Sikkim,27.4736,88.6222,0.9,2.6,3.3,8.4,14.1,60,23.9,768.6,LIGHT_RAIN
W002344,2025-11-21 13:12:00,Sikkim,South Sikkim,27.1896,88.322,1.1,5.0,8.0,22.9,34.5,55,24.4,891.7,LIGHT_RAIN
W002345,2025-11-21 15:36:00,Nagaland,Kohima,25.6938,94.1052,2.6,6.5,8.9,18.2,30.6,49,8.1,871.8,LIGHT_RAIN
W002346,2025-11-21 18:00:00,Nagaland,Dimapur,25.8534,93.7902,0.6,2.4,3.2,10.1,24.3,48,10.9,993.6,LIGHT_RAIN
W002347,2025-11-21 20:24:00,Nagaland,Mokokchung,26.3949,94.6464,1.7,4.9,7.6,21.5,26.5,54,37.5,884.4,LIGHT_RAIN
W002348,2025-11-21 22:48:00,Manipur,Imphal West,24.8941,93.8354,1.9,5.3,10.5,23.3,24.9,66,12.6,932.8,LIGHT_RAIN
W002349,2025-11-22 01:12:00,Manipur,Bishnupur,24.7433,93.6486,0.6,1.2,1.8,4.6,24.4,61,20.3,932.5,LIGHT_RAIN
W002350,2025-11-22 03:36:00,Manipur,Senapati,25.3509,94.0062,1.2,8.0,9.4,27.1,28.8,74,14.3,887.3,LIGHT_RAIN
W002351,2025-11-22 06:00:00,Mizoram,Aizawl,23.5799,92.6029,0.5,0.9,1.4,3.6,22.5,69,14.4,904.7,LIGHT_RAIN
W002352,2025-11-22 08:24:00,Mizoram,Kolasib,24.1513,92.6267,1.0,2.4,3.2,8.6,29.0,63,18.1,948.2,LIGHT_RAIN
W002353,2025-11-22 10:48:00,Mizoram,Lunglei,22.7725,92.747,1.4,8.5,11.4,33.1,28.0,75,29.3,916.6,LIGHT_RAIN
W002354,2025-11-22 13:12:00,Tripura,West Tripura,23.7929,91.3182,3.7,6.8,12.4,35.9,32.3,57,33.6,1009.8,LIGHT_RAIN
W002355,2025-11-22 15:36:00,Tripura,Sipahijala,23.7631,91.378,0.2,0.6,0.8,2.4,25.2,65,25.9,1005.3,CLEAR
W002356,2025-11-22 18:00:00,Tripura,Dhalai,23.9145,91.8422,0.9,1.6,3.4,11.5,34.1,57,10.8,1001.4,LIGHT_RAIN
W002357,2025-11-22 20:24:00,Arunachal Pradesh,Tawang,27.4562,92.0025,1.6,4.2,5.9,16.4,9.8,70,23.1,731.1,LIGHT_RAIN
W002358,2025-11-22 22:48:00,Arunachal Pradesh,West Kameng,27.1427,92.4035,1.7,3.0,6.3,21.4,13.0,71,15.3,802.3,LIGHT_RAIN
W002359,2025-11-23 01:12:00,Arunachal Pradesh,Papum Pare,26.9973,93.5717,1.9,4.6,5.8,18.6,26.2,69,34.5,980.8,LIGHT_RAIN
W002360,2025-11-23 03:36:00,Arunachal Pradesh,East Siang,27.9202,95.2338,1.4,2.3,4.6,15.4,23.5,64,33.4,1000.4,LIGHT_RAIN
W002361,2025-11-23 06:00:00,Arunachal Pradesh,Lower Subansiri,27.5753,93.7717,0.8,1.4,2.4,6.8,23.1,56,15.3,858.5,LIGHT_RAIN
W002362,2025-11-23 08:24:00,Assam,Kamrup Metropolitan,26.1628,91.7787,1.5,4.2,6.8,14.9,33.9,65,38.0,1011.2,LIGHT_RAIN
W002363,2025-11-23 10:48:00,Assam,Kamrup Rural,26.2542,91.496,1.5,3.3,4.9,13.9,28.4,61,10.9,1010.2,LIGHT_RAIN
W002364,2025-11-23 13:12:00,Assam,Darrang,26.4587,92.0744,1.8,3.4,6.7,21.4,23.8,49,32.4,1009.2,LIGHT_RAIN
W002365,2025-11-23 15:36:00,Assam,Sonitpur,26.6615,92.7258,0.5,0.8,1.7,3.9,28.6,60,22.2,1001.3,LIGHT_RAIN
W002366,2025-11-23 18:00:00,Assam,Dibrugarh,27.5956,94.8248,0.1,0.4,0.8,2.1,29.6,51,37.5,1008.5,CLEAR
W002367,2025-11-23 20:24:00,Assam,Cachar,24.7107,92.8699,3.2,7.3,10.7,26.7,23.3,68,30.8,1011.2,LIGHT_RAIN
W002368,2025-11-23 22:48:00,Assam,Nagaon,26.1953,92.5573,3.1,5.1,11.3,33.6,30.2,58,31.6,1011.2,LIGHT_RAIN
W002369,2025-11-24 01:12:00,Meghalaya,East Khasi Hills,25.5564,91.8848,2.3,9.0,12.6,33.1,30.8,67,37.8,869.3,LIGHT_RAIN
W002370,2025-11-24 03:36:00,Meghalaya,West Khasi Hills,25.528,91.2232,2.6,6.1,10.1,24.5,30.6,66,35.7,888.8,LIGHT_RAIN
W002371,2025-11-24 06:00:00,Meghalaya,Ri-Bhoi,26.0016,91.8251,0.4,2.4,2.8,5.8,23.6,61,33.3,964.2,LIGHT_RAIN
W002372,2025-11-24 08:24:00,Meghalaya,West Jaintia Hills,25.5866,92.3336,0.2,0.7,0.9,2.1,31.9,55,15.9,878.4,CLEAR
W002373,2025-11-24 10:48:00,Sikkim,East Sikkim,27.3201,88.589,1.2,3.8,6.0,15.8,11.6,55,32.6,848.8,LIGHT_RAIN
W002374,2025-11-24 13:12:00,Sikkim,North Sikkim,27.5174,88.5306,2.4,9.0,11.5,27.6,16.3,57,15.0,774.7,LIGHT_RAIN
W002375,2025-11-24 15:36:00,Sikkim,South Sikkim,27.2766,88.4312,0.2,0.7,1.0,2.6,23.2,48,39.0,887.4,CLEAR
W002376,2025-11-24 18:00:00,Nagaland,Kohima,25.693,94.258,0.3,0.7,1.1,3.5,22.4,71,10.9,866.2,LIGHT_RAIN
W002377,2025-11-24 20:24:00,Nagaland,Dimapur,26.0368,93.8761,2.3,4.3,9.2,29.1,35.0,59,32.1,997.5,LIGHT_RAIN
W002378,2025-11-24 22:48:00,Nagaland,Mokokchung,26.1767,94.4631,1.7,4.5,5.8,13.4,24.0,73,39.2,888.5,LIGHT_RAIN
W002379,2025-11-25 01:12:00,Manipur,Imphal West,24.8178,93.7907,0.2,1.0,1.3,3.0,25.0,59,25.0,938.8,LIGHT_RAIN
W002380,2025-11-25 03:36:00,Manipur,Bishnupur,24.626,93.6277,3.4,8.4,11.3,25.2,26.5,53,39.6,934.9,LIGHT_RAIN
W002381,2025-11-25 06:00:00,Manipur,Senapati,25.1272,94.0317,3.0,8.7,11.9,38.4,26.2,61,33.0,896.3,LIGHT_RAIN
W002382,2025-11-25 08:24:00,Mizoram,Aizawl,23.8763,92.7573,0.9,3.9,5.3,13.8,29.3,50,9.9,902.3,LIGHT_RAIN
W002383,2025-11-25 10:48:00,Mizoram,Kolasib,24.2643,92.6937,1.7,3.8,7.0,19.6,32.6,73,17.1,958.0,LIGHT_RAIN
W002384,2025-11-25 13:12:00,Mizoram,Lunglei,22.9983,92.636,3.0,8.5,10.2,20.5,30.8,50,28.7,909.9,LIGHT_RAIN
W002385,2025-11-25 15:36:00,Tripura,West Tripura,23.7063,91.387,2.3,6.4,8.9,25.9,25.1,71,21.4,1011.2,LIGHT_RAIN
W002386,2025-11-25 18:00:00,Tripura,Sipahijala,23.5037,91.1912,4.0,7.0,12.0,35.4,25.3,65,33.9,1009.2,LIGHT_RAIN
W002387,2025-11-25 20:24:00,Tripura,Dhalai,23.8965,91.9212,1.1,5.6,8.2,19.7,33.6,60,42.0,1001.2,LIGHT_RAIN
W002388,2025-11-25 22:48:00,Arunachal Pradesh,Tawang,27.531,91.9222,0.2,0.5,0.9,2.7,7.9,77,20.2,723.6,CLEAR
W002389,2025-11-26 01:12:00,Arunachal Pradesh,West Kameng,27.2244,92.2702,0.2,0.7,1.1,2.9,15.0,76,32.2,795.2,LIGHT_RAIN
W002390,2025-11-26 03:36:00,Arunachal Pradesh,Papum Pare,27.1513,93.4861,2.9,7.1,9.1,24.1,23.2,70,20.4,977.4,LIGHT_RAIN
W002391,2025-11-26 06:00:00,Arunachal Pradesh,East Siang,27.996,95.2278,3.5,9.7,12.1,35.5,28.2,66,30.8,1003.4,LIGHT_RAIN
W002392,2025-11-26 08:24:00,Arunachal Pradesh,Lower Subansiri,27.5516,93.7319,0.7,2.8,3.4,8.9,30.2,52,35.3,856.9,LIGHT_RAIN
W002393,2025-11-26 10:48:00,Assam,Kamrup Metropolitan,26.0878,91.7544,1.3,2.7,4.4,11.4,31.1,58,18.1,1011.2,LIGHT_RAIN
W002394,2025-11-26 13:12:00,Assam,Kamrup Rural,26.2439,91.5819,2.4,3.9,8.3,16.9,24.4,65,28.6,1007.6,LIGHT_RAIN
W002395,2025-11-26 15:36:00,Assam,Darrang,26.3568,91.9069,2.2,4.2,8.5,19.9,29.1,77,40.0,1010.1,LIGHT_RAIN
W002396,2025-11-26 18:00:00,Assam,Sonitpur,26.7138,92.8792,0.0,0.1,0.1,0.2,31.0,51,41.3,1008.8,CLEAR
W002397,2025-11-26 20:24:00,Assam,Dibrugarh,27.586,95.045,1.4,3.5,5.5,12.6,22.3,49,22.8,1004.7,LIGHT_RAIN
W002398,2025-11-26 22:48:00,Assam,Cachar,24.9537,92.6862,1.9,3.7,7.6,20.1,23.1,52,28.7,1007.2,LIGHT_RAIN
W002399,2025-11-27 01:12:00,Assam,Nagaon,26.309,92.6201,0.2,0.7,0.9,2.6,22.8,65,35.1,1009.4,CLEAR
W002400,2025-11-27 03:36:00,Meghalaya,East Khasi Hills,25.4966,91.7998,2.4,7.6,10.5,34.2,26.4,66,13.3,862.0,LIGHT_RAIN
W002401,2025-11-27 06:00:00,Meghalaya,West Khasi Hills,25.4378,91.2419,2.0,4.9,9.7,26.4,29.2,68,37.6,892.6,LIGHT_RAIN
W002402,2025-11-27 08:24:00,Meghalaya,Ri-Bhoi,25.8547,91.9225,2.1,9.6,12.6,26.8,23.9,71,32.3,959.6,LIGHT_RAIN
W002403,2025-11-27 10:48:00,Meghalaya,West Jaintia Hills,25.3511,92.3349,1.5,4.6,8.5,28.3,29.1,61,28.8,881.5,LIGHT_RAIN
W002404,2025-11-27 13:12:00,Sikkim,East Sikkim,27.2521,88.6672,0.4,0.8,1.5,4.7,13.4,60,24.5,853.1,LIGHT_RAIN
W002405,2025-11-27 15:36:00,Sikkim,North Sikkim,27.4366,88.5027,0.5,1.3,2.2,6.6,9.6,56,20.2,772.7,LIGHT_RAIN
W002406,2025-11-27 18:00:00,Sikkim,South Sikkim,27.1007,88.354,0.1,0.4,0.5,1.1,31.9,75,12.2,889.1,CLEAR
W002407,2025-11-27 20:24:00,Nagaland,Kohima,25.5345,93.9932,1.6,5.6,7.7,20.7,22.6,64,18.7,869.7,LIGHT_RAIN
W002408,2025-11-27 22:48:00,Nagaland,Dimapur,25.897,93.6744,3.2,8.6,10.4,31.5,31.7,58,11.8,992.9,LIGHT_RAIN
W002409,2025-11-28 01:12:00,Nagaland,Mokokchung,26.1852,94.5804,0.0,0.1,0.2,0.5,30.3,74,36.0,881.9,CLEAR
W002410,2025-11-28 03:36:00,Manipur,Imphal West,24.7146,93.9294,1.6,5.7,6.8,15.5,27.7,65,23.2,937.9,LIGHT_RAIN
W002411,2025-11-28 06:00:00,Manipur,Bishnupur,24.7563,93.7064,3.3,9.4,11.4,28.1,32.8,71,18.1,937.8,LIGHT_RAIN
W002412,2025-11-28 08:24:00,Manipur,Senapati,25.2417,94.045,1.9,5.7,10.7,25.2,27.8,56,27.5,889.2,LIGHT_RAIN
W002413,2025-11-28 10:48:00,Mizoram,Aizawl,23.6969,92.8178,2.3,8.8,13.6,44.1,23.9,71,39.7,905.2,LIGHT_RAIN
W002414,2025-11-28 13:12:00,Mizoram,Kolasib,24.2148,92.6503,2.0,3.9,6.0,16.9,23.0,48,15.4,958.8,LIGHT_RAIN
W002415,2025-11-28 15:36:00,Mizoram,Lunglei,22.959,92.8603,1.0,2.9,4.1,9.3,34.8,49,40.8,912.8,LIGHT_RAIN
W002416,2025-11-28 18:00:00,Tripura,West Tripura,23.7623,91.31,0.3,0.9,1.6,4.6,25.3,51,22.2,1008.3,LIGHT_RAIN
W002417,2025-11-28 20:24:00,Tripura,Sipahijala,23.7617,91.428,2.8,6.2,8.7,22.1,29.7,56,40.3,1007.2,LIGHT_RAIN
W002418,2025-11-28 22:48:00,Tripura,Dhalai,23.9917,91.9256,1.2,5.7,6.8,16.8,29.4,70,39.8,1003.8,LIGHT_RAIN
W002419,2025-11-29 01:12:00,Arunachal Pradesh,Tawang,27.4522,91.7365,2.1,4.0,8.1,24.5,12.1,69,21.2,725.0,LIGHT_RAIN
W002420,2025-11-29 03:36:00,Arunachal Pradesh,West Kameng,27.2521,92.3155,1.3,3.6,5.1,13.7,12.5,72,25.2,803.5,LIGHT_RAIN
W002421,2025-11-29 06:00:00,Arunachal Pradesh,Papum Pare,27.002,93.5589,2.3,6.8,8.3,26.6,27.9,55,35.2,985.5,LIGHT_RAIN
W002422,2025-11-29 08:24:00,Arunachal Pradesh,East Siang,27.9431,95.2494,1.5,4.8,8.6,28.7,31.4,75,10.2,995.4,LIGHT_RAIN
W002423,2025-11-29 10:48:00,Arunachal Pradesh,Lower Subansiri,27.4015,93.7278,1.9,3.5,6.1,14.7,25.3,62,17.4,865.0,LIGHT_RAIN
W002424,2025-11-29 13:12:00,Assam,Kamrup Metropolitan,26.2041,91.86,1.0,3.1,6.1,16.2,28.7,61,21.0,1005.4,LIGHT_RAIN
W002425,2025-11-29 15:36:00,Assam,Kamrup Rural,26.1078,91.6871,3.4,9.3,11.4,23.1,29.1,64,25.7,1008.6,LIGHT_RAIN
W002426,2025-11-29 18:00:00,Assam,Darrang,26.3421,92.113,1.1,3.7,4.6,12.5,34.7,51,14.4,1002.8,LIGHT_RAIN
W002427,2025-11-29 20:24:00,Assam,Sonitpur,26.7456,92.8217,2.2,3.8,8.3,16.5,29.7,57,19.9,1004.8,LIGHT_RAIN
W002428,2025-11-29 22:48:00,Assam,Dibrugarh,27.5449,94.9379,0.3,0.9,1.6,3.9,22.4,69,10.3,1005.8,LIGHT_RAIN
W002429,2025-11-30 01:12:00,Assam,Cachar,24.7538,92.7376,0.6,1.6,3.1,7.8,33.2,70,24.0,1010.4,LIGHT_RAIN
W002430,2025-11-30 03:36:00,Assam,Nagaon,26.4207,92.8084,2.2,7.5,13.7,45.3,33.8,71,33.9,1004.8,LIGHT_RAIN
W002431,2025-11-30 06:00:00,Meghalaya,East Khasi Hills,25.4421,91.8339,0.8,3.8,4.7,10.3,31.3,66,24.1,872.0,LIGHT_RAIN
W002432,2025-11-30 08:24:00,Meghalaya,West Khasi Hills,25.4877,91.1955,4.0,9.4,13.1,25.3,27.1,72,25.1,888.8,LIGHT_RAIN
W002433,2025-11-30 10:48:00,Meghalaya,Ri-Bhoi,25.8283,92.0165,1.5,6.2,10.2,19.4,28.4,62,29.4,963.0,LIGHT_RAIN
W002434,2025-11-30 13:12:00,Meghalaya,West Jaintia Hills,25.5503,92.1895,2.1,7.0,8.9,18.9,31.1,62,14.5,887.8,LIGHT_RAIN
W002435,2025-11-30 15:36:00,Sikkim,East Sikkim,27.3857,88.5778,2.6,5.6,11.9,39.2,11.7,65,35.6,847.3,LIGHT_RAIN
W002436,2025-11-30 18:00:00,Sikkim,North Sikkim,27.5224,88.5152,3.2,8.0,10.1,25.4,13.0,67,41.9,773.3,LIGHT_RAIN
W002437,2025-11-30 20:24:00,Sikkim,South Sikkim,27.2211,88.3267,1.4,4.1,7.0,13.4,33.4,49,29.8,891.1,LIGHT_RAIN
W002438,2025-11-30 22:48:00,Nagaland,Kohima,25.7153,94.1397,0.8,1.8,3.9,11.5,29.8,52,28.7,868.0,LIGHT_RAIN
W002439,2025-12-01 01:12:00,Nagaland,Dimapur,25.9911,93.7911,4.7,10.3,13.6,26.4,23.1,75,28.8,989.4,LIGHT_RAIN
W002440,2025-12-01 03:36:00,Nagaland,Mokokchung,26.4106,94.6642,2.8,5.1,9.9,24.1,27.8,52,17.8,883.1,LIGHT_RAIN
W002441,2025-12-01 06:00:00,Manipur,Imphal West,24.691,93.7889,0.7,1.9,3.3,6.7,26.6,62,10.3,930.5,LIGHT_RAIN
W002442,2025-12-01 08:24:00,Manipur,Bishnupur,24.6369,93.7989,1.0,4.1,6.2,18.9,31.4,71,13.6,932.7,LIGHT_RAIN
W002443,2025-12-01 10:48:00,Manipur,Senapati,25.1945,93.8965,2.2,5.5,11.2,36.1,32.2,73,23.7,890.5,LIGHT_RAIN
W002444,2025-12-01 13:12:00,Mizoram,Aizawl,23.7569,92.6784,0.1,0.3,0.5,1.0,26.3,57,14.8,903.0,CLEAR
W002445,2025-12-01 15:36:00,Mizoram,Kolasib,24.3158,92.6928,0.9,4.1,7.7,19.2,30.0,62,22.9,957.1,LIGHT_RAIN
W002446,2025-12-01 18:00:00,Mizoram,Lunglei,22.864,92.6793,0.8,1.8,3.0,9.2,31.6,77,19.9,918.7,LIGHT_RAIN
W002447,2025-12-01 20:24:00,Tripura,West Tripura,23.6925,91.3584,3.5,6.8,11.2,28.3,24.4,71,26.2,1011.2,LIGHT_RAIN
W002448,2025-12-01 22:48:00,Tripura,Sipahijala,23.5228,91.2054,1.1,3.0,4.4,13.5,32.8,53,37.4,1009.8,LIGHT_RAIN
W002449,2025-12-02 01:12:00,Tripura,Dhalai,23.9916,91.9067,1.4,4.6,7.3,23.5,29.2,52,17.8,1002.3,LIGHT_RAIN
W002450,2025-12-02 03:36:00,Arunachal Pradesh,Tawang,27.7158,91.9555,3.4,7.7,13.4,29.9,7.7,55,37.6,727.8,LIGHT_RAIN
W002451,2025-12-02 06:00:00,Arunachal Pradesh,West Kameng,27.2263,92.3099,1.0,2.8,6.0,20.0,10.8,54,21.9,794.5,LIGHT_RAIN
W002452,2025-12-02 08:24:00,Arunachal Pradesh,Papum Pare,27.065,93.7607,1.2,1.9,3.7,11.8,32.1,70,39.6,986.7,LIGHT_RAIN
W002453,2025-12-02 10:48:00,Arunachal Pradesh,East Siang,28.0066,95.2962,0.9,3.9,5.9,15.0,30.7,49,21.6,1001.6,LIGHT_RAIN
W002454,2025-12-02 13:12:00,Arunachal Pradesh,Lower Subansiri,27.5959,93.9449,2.3,4.0,6.7,16.3,15.5,70,33.6,855.7,LIGHT_RAIN
W002455,2025-12-02 15:36:00,Assam,Kamrup Metropolitan,26.2326,91.7575,0.7,2.1,4.6,15.2,31.8,68,23.0,1010.0,LIGHT_RAIN
W002456,2025-12-02 18:00:00,Assam,Kamrup Rural,26.2731,91.6203,1.9,10.6,12.6,29.5,24.3,68,35.3,1011.2,LIGHT_RAIN
W002457,2025-12-02 20:24:00,Assam,Darrang,26.5302,92.0121,2.0,4.9,7.5,15.0,30.2,75,35.4,1004.7,LIGHT_RAIN
W002458,2025-12-02 22:48:00,Assam,Sonitpur,26.6343,92.6563,1.1,4.3,7.4,19.7,31.8,71,29.4,1006.4,LIGHT_RAIN
W002459,2025-12-03 01:12:00,Assam,Dibrugarh,27.4046,94.8842,0.1,0.4,0.7,1.4,32.3,50,10.0,1008.3,CLEAR
W002460,2025-12-03 03:36:00,Assam,Cachar,24.7657,92.7676,2.2,4.9,6.5,18.0,23.5,59,25.8,1006.7,LIGHT_RAIN
W002461,2025-12-03 06:00:00,Assam,Nagaon,26.2616,92.5394,0.5,1.3,1.7,3.4,30.3,66,41.0,1008.8,LIGHT_RAIN
W002462,2025-12-03 08:24:00,Meghalaya,East Khasi Hills,25.6472,91.9261,0.3,0.6,1.3,3.0,30.6,58,9.4,867.4,LIGHT_RAIN
W002463,2025-12-03 10:48:00,Meghalaya,West Khasi Hills,25.4586,91.2267,2.3,8.2,12.2,23.8,30.3,65,12.4,882.0,LIGHT_RAIN
W002464,2025-12-03 13:12:00,Meghalaya,Ri-Bhoi,25.8459,91.9768,1.4,5.4,6.7,19.0,22.5,67,18.5,963.3,LIGHT_RAIN
W002465,2025-12-03 15:36:00,Meghalaya,West Jaintia Hills,25.3632,92.2593,2.9,6.4,11.1,31.9,31.6,73,30.1,880.3,LIGHT_RAIN
W002466,2025-12-03 18:00:00,Sikkim,East Sikkim,27.3871,88.6279,0.9,5.1,7.1,21.9,27.1,64,21.7,856.4,LIGHT_RAIN
W002467,2025-12-03 20:24:00,Sikkim,North Sikkim,27.4536,88.4623,2.2,3.9,6.8,16.2,12.4,70,24.5,772.4,LIGHT_RAIN
W002468,2025-12-03 22:48:00,Sikkim,South Sikkim,27.1146,88.4024,1.3,4.3,7.3,22.4,32.0,74,30.7,891.4,LIGHT_RAIN
W002469,2025-12-04 01:12:00,Nagaland,Kohima,25.7124,94.1281,1.0,2.9,3.6,10.1,32.8,60,31.9,872.8,LIGHT_RAIN
W002470,2025-12-04 03:36:00,Nagaland,Dimapur,26.0488,93.7444,1.2,4.4,9.4,18.4,26.6,65,40.2,993.9,LIGHT_RAIN
W002471,2025-12-04 06:00:00,Nagaland,Mokokchung,26.3363,94.4835,1.4,6.4,7.7,25.1,29.2,70,35.2,879.1,LIGHT_RAIN
W002472,2025-12-04 08:24:00,Manipur,Imphal West,24.7304,93.82,1.5,4.6,5.8,11.9,22.1,65,11.7,938.5,LIGHT_RAIN
W002473,2025-12-04 10:48:00,Manipur,Bishnupur,24.7157,93.8348,1.5,4.0,6.1,15.7,23.0,72,40.4,938.6,LIGHT_RAIN
W002474,2025-12-04 13:12:00,Manipur,Senapati,25.1753,94.1301,1.0,4.3,7.0,17.6,28.9,64,15.6,893.2,LIGHT_RAIN
W002475,2025-12-04 15:36:00,Mizoram,Aizawl,23.6088,92.833,0.1,0.2,0.2,0.5,23.4,53,11.3,900.4,CLEAR
W002476,2025-12-04 18:00:00,Mizoram,Kolasib,24.2307,92.6477,0.2,0.4,0.8,2.6,27.0,52,22.9,948.6,CLEAR
W002477,2025-12-04 20:24:00,Mizoram,Lunglei,22.8159,92.8674,0.5,0.8,1.6,3.3,27.7,65,23.4,917.2,LIGHT_RAIN
W002478,2025-12-04 22:48:00,Tripura,West Tripura,23.768,91.2966,0.8,1.8,2.4,8.0,29.6,75,34.9,1011.2,LIGHT_RAIN
W002479,2025-12-05 01:12:00,Tripura,Sipahijala,23.69,91.1915,3.0,5.8,8.9,21.8,29.2,66,30.0,1008.7,LIGHT_RAIN
W002480,2025-12-05 03:36:00,Tripura,Dhalai,23.8231,91.8909,1.9,5.5,8.6,19.3,24.9,70,34.3,997.6,LIGHT_RAIN
W002481,2025-12-05 06:00:00,Arunachal Pradesh,Tawang,27.5871,91.7336,0.3,1.1,1.3,2.8,17.3,72,17.0,727.7,LIGHT_RAIN
W002482,2025-12-05 08:24:00,Arunachal Pradesh,West Kameng,27.212,92.3409,2.3,6.2,12.7,32.1,6.9,55,34.0,796.4,LIGHT_RAIN
W002483,2025-12-05 10:48:00,Arunachal Pradesh,Papum Pare,27.236,93.4734,1.1,2.9,5.2,12.6,30.6,70,12.9,980.3,LIGHT_RAIN
W002484,2025-12-05 13:12:00,Arunachal Pradesh,East Siang,28.0816,95.435,2.7,8.7,12.6,37.7,26.8,50,30.9,993.3,LIGHT_RAIN
W002485,2025-12-05 15:36:00,Arunachal Pradesh,Lower Subansiri,27.6169,93.7518,2.6,6.3,8.0,26.4,32.6,64,16.6,860.3,LIGHT_RAIN
W002486,2025-12-05 18:00:00,Assam,Kamrup Metropolitan,26.0913,91.6741,2.2,3.6,7.1,19.9,32.5,72,23.1,1002.5,LIGHT_RAIN
W002487,2025-12-05 20:24:00,Assam,Kamrup Rural,26.1728,91.6171,2.8,6.2,8.3,19.7,24.3,62,22.2,1007.9,LIGHT_RAIN
W002488,2025-12-05 22:48:00,Assam,Darrang,26.5938,92.0311,2.3,7.0,9.9,20.6,27.7,73,38.4,1011.2,LIGHT_RAIN
W002489,2025-12-06 01:12:00,Assam,Sonitpur,26.7454,92.9153,0.0,0.0,0.0,0.0,24.5,52,20.0,1008.4,CLEAR
W002490,2025-12-06 03:36:00,Assam,Dibrugarh,27.3249,94.7717,1.3,2.7,5.4,17.9,31.4,72,15.1,1000.1,LIGHT_RAIN
W002491,2025-12-06 06:00:00,Assam,Cachar,24.8244,92.7445,0.5,2.6,3.6,8.7,33.0,65,20.0,1006.8,LIGHT_RAIN
W002492,2025-12-06 08:24:00,Assam,Nagaon,26.41,92.5703,4.2,9.1,13.0,39.8,33.3,58,20.5,1003.1,LIGHT_RAIN
W002493,2025-12-06 10:48:00,Meghalaya,East Khasi Hills,25.6432,91.8749,3.0,6.0,12.6,41.0,30.4,63,13.8,862.8,LIGHT_RAIN
W002494,2025-12-06 13:12:00,Meghalaya,West Khasi Hills,25.4795,91.3567,0.0,0.1,0.2,0.5,24.7,48,30.6,884.0,CLEAR
W002495,2025-12-06 15:36:00,Meghalaya,Ri-Bhoi,26.0282,91.9188,1.6,6.1,9.2,18.9,32.2,52,24.0,959.7,LIGHT_RAIN
W002496,2025-12-06 18:00:00,Meghalaya,West Jaintia Hills,25.3438,92.1287,1.1,5.1,6.3,13.2,27.8,69,22.9,878.5,LIGHT_RAIN
W002497,2025-12-06 20:24:00,Sikkim,East Sikkim,27.4055,88.5664,1.6,5.0,6.1,18.9,16.4,65,36.7,849.1,LIGHT_RAIN
W002498,2025-12-06 22:48:00,Sikkim,North Sikkim,27.5887,88.463,2.6,6.7,10.7,31.7,15.2,65,13.1,777.8,LIGHT_RAIN
W002499,2025-12-07 01:12:00,Sikkim,South Sikkim,27.1575,88.4127,1.5,5.6,8.1,25.0,24.6,62,29.7,882.3,LIGHT_RAIN
W002500,2025-12-07 03:36:00,Nagaland,Kohima,25.6137,94.092,2.4,5.4,6.9,20.9,27.2,63,32.1,868.2,LIGHT_RAIN
W002501,2025-12-07 06:00:00,Arunachal Pradesh,Tawang,27.6279,91.7169,2.7,6.9,8.4,20.1,11.1,60,22.9,731.5,LIGHT_RAIN
W002502,2025-12-07 08:24:00,Arunachal Pradesh,West Kameng,27.1452,92.4881,2.1,3.2,7.0,14.1,7.9,69,34.4,796.7,LIGHT_RAIN
W002503,2025-12-07 10:48:00,Arunachal Pradesh,Papum Pare,26.9593,93.5322,2.8,8.4,12.2,29.4,25.9,75,26.9,981.4,LIGHT_RAIN
W002504,2025-12-07 13:12:00,Arunachal Pradesh,East Siang,28.1308,95.3864,1.2,3.7,7.5,17.8,34.6,76,32.8,998.7,LIGHT_RAIN
W002505,2025-12-07 15:36:00,Arunachal Pradesh,Lower Subansiri,27.6428,93.6819,1.0,4.4,7.2,19.5,6.6,55,12.6,856.1,LIGHT_RAIN
W002506,2025-12-07 18:00:00,Assam,Kamrup Metropolitan,26.0779,91.6508,0.1,0.6,0.8,2.1,32.9,70,28.9,1004.2,CLEAR
W002507,2025-12-07 20:24:00,Assam,Kamrup Rural,26.064,91.6662,4.2,5.9,12.2,29.7,32.1,68,16.2,1005.9,LIGHT_RAIN
W002508,2025-12-07 22:48:00,Assam,Darrang,26.4398,91.9184,2.2,4.0,6.8,15.4,32.5,73,27.7,1002.4,LIGHT_RAIN
W002509,2025-12-08 01:12:00,Assam,Sonitpur,26.7326,92.8282,0.3,0.9,1.2,2.3,27.5,53,32.3,1000.7,LIGHT_RAIN
W002510,2025-12-08 03:36:00,Assam,Dibrugarh,27.3437,94.9604,0.9,2.3,4.9,10.3,33.9,67,35.5,998.9,LIGHT_RAIN
W002511,2025-12-08 06:00:00,Assam,Cachar,24.7531,92.6592,1.5,2.9,4.4,12.4,23.9,75,19.5,1011.2,LIGHT_RAIN
W002512,2025-12-08 08:24:00,Assam,Nagaon,26.244,92.6406,2.2,6.5,8.9,28.5,33.6,76,11.4,1004.5,LIGHT_RAIN
W002513,2025-12-08 10:48:00,Meghalaya,East Khasi Hills,25.6232,91.926,2.0,5.2,11.1,28.0,22.8,63,9.1,871.0,LIGHT_RAIN
W002514,2025-12-08 13:12:00,Meghalaya,West Khasi Hills,25.4987,91.191,1.0,3.1,4.5,12.5,34.0,48,12.6,882.1,LIGHT_RAIN
W002515,2025-12-08 15:36:00,Meghalaya,Ri-Bhoi,25.9554,91.9829,2.1,4.0,8.6,29.2,28.2,58,37.5,955.5,LIGHT_RAIN
W002516,2025-12-08 18:00:00,Meghalaya,West Jaintia Hills,25.5415,92.1703,1.2,4.9,5.9,11.6,28.9,60,11.2,888.0,LIGHT_RAIN
W002517,2025-12-08 20:24:00,Sikkim,East Sikkim,27.4518,88.5509,1.8,3.9,5.5,11.8,9.8,61,15.7,849.2,LIGHT_RAIN
W002518,2025-12-08 22:48:00,Sikkim,North Sikkim,27.5429,88.4429,1.8,10.0,13.8,35.6,17.1,70,27.7,777.3,LIGHT_RAIN
W002519,2025-12-09 01:12:00,Sikkim,South Sikkim,27.0988,88.3754,0.3,2.2,2.7,5.8,33.9,58,34.9,880.5,LIGHT_RAIN
W002520,2025-12-09 03:36:00,Nagaland,Kohima,25.8243,94.0001,1.5,7.2,9.3,24.4,30.2,77,39.8,871.8,LIGHT_RAIN
W002521,2025-12-09 06:00:00,Nagaland,Dimapur,25.7897,93.7657,1.6,4.0,6.9,19.9,30.1,69,36.7,990.1,LIGHT_RAIN
W002522,2025-12-09 08:24:00,Nagaland,Mokokchung,26.2904,94.5488,1.2,4.5,8.6,19.3,23.5,57,13.9,883.9,LIGHT_RAIN
W002523,2025-12-09 10:48:00,Manipur,Imphal West,24.9252,93.7902,2.6,4.3,8.3,22.9,30.7,53,34.2,933.1,LIGHT_RAIN
W002524,2025-12-09 13:12:00,Manipur,Bishnupur,24.7077,93.8451,0.5,2.5,3.6,11.4,25.2,68,36.8,939.4,LIGHT_RAIN
W002525,2025-12-09 15:36:00,Manipur,Senapati,25.2461,94.1461,1.2,2.5,4.1,9.2,23.1,64,34.8,885.6,LIGHT_RAIN
W002526,2025-12-09 18:00:00,Mizoram,Aizawl,23.8057,92.7199,0.9,3.4,5.1,10.1,32.6,72,27.5,907.1,LIGHT_RAIN
W002527,2025-12-09 20:24:00,Mizoram,Kolasib,24.2617,92.7127,1.9,6.4,10.3,25.7,34.8,73,16.2,957.4,LIGHT_RAIN
W002528,2025-12-09 22:48:00,Mizoram,Lunglei,23.016,92.8667,2.4,8.3,11.8,28.9,22.2,72,19.4,907.7,LIGHT_RAIN
W002529,2025-12-10 01:12:00,Tripura,West Tripura,23.6873,91.4155,0.8,1.6,3.4,10.9,28.5,61,9.1,1004.7,LIGHT_RAIN
W002530,2025-12-10 03:36:00,Tripura,Sipahijala,23.5568,91.2343,2.3,4.0,8.1,25.0,23.2,74,35.0,1008.9,LIGHT_RAIN
W002531,2025-12-10 06:00:00,Tripura,Dhalai,23.8458,91.7208,3.7,7.9,10.7,20.4,24.5,55,35.4,995.9,LIGHT_RAIN
W002532,2025-12-10 08:24:00,Arunachal Pradesh,Tawang,27.634,91.9935,1.1,3.2,5.2,10.0,7.1,57,9.1,732.8,LIGHT_RAIN
W002533,2025-12-10 10:48:00,Arunachal Pradesh,West Kameng,27.2414,92.3294,3.4,10.5,12.4,40.6,10.3,48,39.8,796.7,LIGHT_RAIN
W002534,2025-12-10 13:12:00,Arunachal Pradesh,Papum Pare,27.1643,93.5863,0.4,2.0,2.3,4.6,29.4,50,21.2,979.4,LIGHT_RAIN
W002535,2025-12-10 15:36:00,Arunachal Pradesh,East Siang,28.0713,95.2123,1.1,2.4,3.9,12.9,25.0,59,18.0,1001.1,LIGHT_RAIN
W002536,2025-12-10 18:00:00,Arunachal Pradesh,Lower Subansiri,27.5662,93.8565,4.3,6.7,12.7,24.3,28.2,68,12.1,866.2,LIGHT_RAIN
W002537,2025-12-10 20:24:00,Assam,Kamrup Metropolitan,26.0632,91.8578,2.1,7.1,11.1,33.4,22.6,70,28.5,1002.9,LIGHT_RAIN
W002538,2025-12-10 22:48:00,Assam,Kamrup Rural,26.1185,91.5576,1.8,6.0,8.9,24.9,31.2,48,36.2,1006.6,LIGHT_RAIN
W002539,2025-12-11 01:12:00,Assam,Darrang,26.4733,92.0228,2.4,7.1,11.4,35.5,30.3,52,22.2,1004.2,LIGHT_RAIN
W002540,2025-12-11 03:36:00,Assam,Sonitpur,26.5121,92.8403,0.8,1.5,3.2,9.9,25.1,53,11.7,1007.0,LIGHT_RAIN
W002541,2025-12-11 06:00:00,Assam,Dibrugarh,27.5415,94.964,1.2,6.7,9.1,28.3,34.6,71,20.8,1000.5,LIGHT_RAIN
W002542,2025-12-11 08:24:00,Assam,Cachar,24.7851,92.8874,1.8,8.6,13.9,41.9,22.3,56,13.7,1011.2,LIGHT_RAIN
W002543,2025-12-11 10:48:00,Assam,Nagaon,26.2373,92.589,0.9,1.7,2.7,6.3,30.6,65,20.5,1007.0,LIGHT_RAIN
W002544,2025-12-11 13:12:00,Meghalaya,East Khasi Hills,25.5617,92.0017,0.2,0.6,1.2,3.6,33.2,66,29.0,866.2,LIGHT_RAIN
W002545,2025-12-11 15:36:00,Meghalaya,West Khasi Hills,25.5222,91.1144,3.3,8.4,11.7,28.3,27.1,51,25.9,892.6,LIGHT_RAIN
W002546,2025-12-11 18:00:00,Meghalaya,Ri-Bhoi,25.7999,91.8757,3.2,9.7,13.2,41.8,28.8,72,11.9,962.5,LIGHT_RAIN
W002547,2025-12-11 20:24:00,Meghalaya,West Jaintia Hills,25.3494,92.0506,2.8,6.3,11.4,29.8,23.4,73,11.9,883.9,LIGHT_RAIN
W002548,2025-12-11 22:48:00,Sikkim,East Sikkim,27.3254,88.5834,0.1,0.5,0.9,1.9,14.6,63,41.8,848.3,CLEAR
W002549,2025-12-12 01:12:00,Sikkim,North Sikkim,27.5655,88.4464,4.2,7.8,12.4,24.9,14.2,54,10.5,775.4,LIGHT_RAIN
W002550,2025-12-12 03:36:00,Sikkim,South Sikkim,27.2407,88.2183,3.4,8.3,10.4,23.9,29.5,75,31.2,887.8,LIGHT_RAIN
W002551,2025-12-12 06:00:00,Nagaland,Kohima,25.676,94.2144,1.1,4.6,5.6,13.3,22.7,58,33.2,876.0,LIGHT_RAIN
W002552,2025-12-12 08:24:00,Nagaland,Dimapur,26.0122,93.5981,0.0,0.1,0.1,0.3,32.3,75,21.7,999.2,CLEAR
W002553,2025-12-12 10:48:00,Nagaland,Mokokchung,26.211,94.6371,2.9,7.7,12.7,28.1,33.4,51,30.9,886.7,LIGHT_RAIN
W002554,2025-12-12 13:12:00,Manipur,Imphal West,24.6916,93.984,1.5,5.0,6.3,18.3,28.8,72,11.0,935.1,LIGHT_RAIN
W002555,2025-12-12 15:36:00,Manipur,Bishnupur,24.5437,93.8294,0.8,1.9,2.3,6.0,26.9,76,22.3,940.7,LIGHT_RAIN
W002556,2025-12-12 18:00:00,Manipur,Senapati,25.3037,93.9972,0.0,0.1,0.2,0.6,30.4,70,18.8,885.0,CLEAR
W002557,2025-12-12 20:24:00,Mizoram,Aizawl,23.7146,92.8671,3.6,8.9,12.0,35.6,33.4,64,40.6,907.2,LIGHT_RAIN
W002558,2025-12-12 22:48:00,Mizoram,Kolasib,24.1496,92.81,1.6,7.4,11.9,27.6,25.5,68,18.3,948.3,LIGHT_RAIN
W002559,2025-12-13 01:12:00,Mizoram,Lunglei,22.8155,92.7215,3.2,4.4,9.3,19.4,33.4,62,37.8,912.4,LIGHT_RAIN
W002560,2025-12-13 03:36:00,Tripura,West Tripura,23.9777,91.333,3.1,4.7,9.2,30.0,28.9,51,40.4,1011.2,LIGHT_RAIN
W002561,2025-12-13 06:00:00,Tripura,Sipahijala,23.7645,91.1931,0.2,0.7,0.9,2.1,31.7,71,22.4,1005.0,CLEAR
W002562,2025-12-13 08:24:00,Tripura,Dhalai,23.7321,91.866,1.5,3.9,7.2,22.4,34.2,72,11.3,1002.0,LIGHT_RAIN
W002563,2025-12-13 10:48:00,Arunachal Pradesh,Tawang,27.539,91.9156,2.6,5.4,9.8,32.1,11.4,57,10.2,724.2,LIGHT_RAIN
W002564,2025-12-13 13:12:00,Arunachal Pradesh,West Kameng,27.3861,92.5197,2.0,5.8,10.5,22.9,17.1,50,22.7,802.4,LIGHT_RAIN
W002565,2025-12-13 15:36:00,Arunachal Pradesh,Papum Pare,26.9636,93.5667,3.1,7.0,12.1,30.8,32.1,67,17.8,986.2,LIGHT_RAIN
W002566,2025-12-13 18:00:00,Arunachal Pradesh,East Siang,28.1384,95.3415,0.4,0.9,1.3,4.4,30.5,75,29.8,998.6,LIGHT_RAIN
W002567,2025-12-13 20:24:00,Arunachal Pradesh,Lower Subansiri,27.6835,93.8873,0.9,3.3,4.1,9.3,23.4,68,40.2,864.3,LIGHT_RAIN
W002568,2025-12-13 22:48:00,Assam,Kamrup Metropolitan,26.1693,91.6306,2.4,3.6,7.6,20.0,27.6,73,33.5,1011.2,LIGHT_RAIN
W002569,2025-12-14 01:12:00,Assam,Kamrup Rural,26.3149,91.7037,1.3,3.1,6.3,19.5,28.8,77,17.3,1011.2,LIGHT_RAIN
W002570,2025-12-14 03:36:00,Assam,Darrang,26.3769,91.9118,1.9,7.7,9.7,22.5,25.7,57,24.9,1004.3,LIGHT_RAIN
W002571,2025-12-14 06:00:00,Assam,Sonitpur,26.776,92.8674,0.9,2.0,3.3,9.5,30.5,66,16.5,999.9,LIGHT_RAIN
W002572,2025-12-14 08:24:00,Assam,Dibrugarh,27.6157,95.0052,2.4,5.2,10.6,26.9,32.0,52,40.3,997.5,LIGHT_RAIN
W002573,2025-12-14 10:48:00,Assam,Cachar,24.9606,92.8636,1.6,9.1,11.7,34.6,32.4,57,16.6,1011.2,LIGHT_RAIN
W002574,2025-12-14 13:12:00,Assam,Nagaon,26.4384,92.614,0.0,0.0,0.1,0.2,31.7,63,29.1,1003.0,CLEAR
W002575,2025-12-14 15:36:00,Meghalaya,East Khasi Hills,25.4404,91.8845,2.2,4.3,7.8,15.0,30.1,53,8.7,870.6,LIGHT_RAIN
W002576,2025-12-14 18:00:00,Meghalaya,West Khasi Hills,25.4516,91.3486,2.7,6.0,10.1,28.3,28.3,65,25.1,890.8,LIGHT_RAIN
W002577,2025-12-14 20:24:00,Meghalaya,Ri-Bhoi,25.8695,91.8136,1.7,3.8,7.4,18.5,22.6,76,33.2,964.4,LIGHT_RAIN
W002578,2025-12-14 22:48:00,Meghalaya,West Jaintia Hills,25.4924,92.1699,2.3,4.4,8.5,17.1,34.2,50,28.3,878.3,LIGHT_RAIN
W002579,2025-12-15 01:12:00,Sikkim,East Sikkim,27.2235,88.7476,1.5,8.8,12.1,36.1,16.8,72,34.8,855.2,LIGHT_RAIN
W002580,2025-12-15 03:36:00,Sikkim,North Sikkim,27.3615,88.579,0.6,1.8,2.5,8.1,6.8,77,41.9,774.7,LIGHT_RAIN
W002581,2025-12-15 06:00:00,Sikkim,South Sikkim,27.2019,88.3534,1.4,6.8,10.4,22.9,31.9,52,30.7,886.9,LIGHT_RAIN
W002582,2025-12-15 08:24:00,Nagaland,Kohima,25.5384,94.0894,0.6,1.0,1.6,3.4,29.2,71,37.9,871.5,LIGHT_RAIN
W002583,2025-12-15 10:48:00,Nagaland,Dimapur,25.9726,93.8001,1.0,1.5,2.9,7.2,28.5,58,36.0,991.6,LIGHT_RAIN
W002584,2025-12-15 13:12:00,Nagaland,Mokokchung,26.4597,94.6462,1.7,7.8,9.9,32.8,33.6,51,13.9,882.0,LIGHT_RAIN
W002585,2025-12-15 15:36:00,Manipur,Imphal West,24.8829,93.8769,0.9,5.4,6.4,13.0,25.6,53,30.2,938.3,LIGHT_RAIN
W002586,2025-12-15 18:00:00,Manipur,Bishnupur,24.6916,93.7808,1.1,4.0,6.9,18.2,31.1,73,14.1,941.3,LIGHT_RAIN
W002587,2025-12-15 20:24:00,Manipur,Senapati,25.3132,94.1308,3.0,6.3,11.0,23.4,29.9,53,22.9,888.9,LIGHT_RAIN
W002588,2025-12-15 22:48:00,Mizoram,Aizawl,23.8272,92.6588,0.8,1.7,3.3,9.5,27.9,66,29.0,905.8,LIGHT_RAIN
W002589,2025-12-16 01:12:00,Mizoram,Kolasib,24.2664,92.6695,0.3,1.6,2.0,4.8,29.4,67,36.8,953.8,LIGHT_RAIN
W002590,2025-12-16 03:36:00,Mizoram,Lunglei,22.9681,92.8779,1.6,3.7,4.6,14.3,22.0,70,20.4,909.9,LIGHT_RAIN
W002591,2025-12-16 06:00:00,Tripura,West Tripura,23.8361,91.3267,2.8,6.5,9.6,25.4,32.4,69,15.6,1011.2,LIGHT_RAIN
W002592,2025-12-16 08:24:00,Tripura,Sipahijala,23.5555,91.2551,1.2,2.7,4.1,10.6,26.5,52,25.7,1005.9,LIGHT_RAIN
W002593,2025-12-16 10:48:00,Tripura,Dhalai,23.7735,91.8425,1.9,6.3,8.8,28.7,23.7,52,16.1,994.8,LIGHT_RAIN
W002594,2025-12-16 13:12:00,Arunachal Pradesh,Tawang,27.7019,91.8821,0.4,1.0,1.5,3.4,8.9,51,24.2,726.0,LIGHT_RAIN
W002595,2025-12-16 15:36:00,Arunachal Pradesh,West Kameng,27.1877,92.4627,0.9,1.9,2.6,5.6,9.5,77,17.5,803.5,LIGHT_RAIN
W002596,2025-12-16 18:00:00,Arunachal Pradesh,Papum Pare,27.216,93.7001,2.2,4.2,7.4,22.2,23.3,54,36.0,985.0,LIGHT_RAIN
W002597,2025-12-16 20:24:00,Arunachal Pradesh,East Siang,28.0714,95.1911,0.3,0.9,1.8,3.5,28.3,55,33.6,1000.9,LIGHT_RAIN
W002598,2025-12-16 22:48:00,Arunachal Pradesh,Lower Subansiri,27.44,93.8194,3.9,7.9,12.4,41.1,31.8,69,18.3,859.6,LIGHT_RAIN
W002599,2025-12-17 01:12:00,Assam,Kamrup Metropolitan,26.2795,91.8536,2.6,4.5,8.2,15.7,28.8,58,37.9,1006.0,LIGHT_RAIN
W002600,2025-12-17 03:36:00,Assam,Kamrup Rural,26.163,91.6841,2.2,9.4,13.4,28.0,34.3,51,35.7,1007.8,LIGHT_RAIN
W002601,2025-12-17 06:00:00,Assam,Darrang,26.4444,91.9588,1.7,6.2,10.4,20.6,22.1,77,28.3,1010.9,LIGHT_RAIN
W002602,2025-12-17 08:24:00,Assam,Sonitpur,26.7171,92.788,1.3,4.4,6.2,12.5,27.8,64,17.2,1008.5,LIGHT_RAIN
W002603,2025-12-17 10:48:00,Assam,Dibrugarh,27.4085,94.8435,2.1,6.4,8.4,19.1,22.0,61,17.5,1004.6,LIGHT_RAIN
W002604,2025-12-17 13:12:00,Assam,Cachar,24.7285,92.7438,3.0,7.0,9.1,24.7,23.2,71,23.1,1011.2,LIGHT_RAIN
W002605,2025-12-17 15:36:00,Assam,Nagaon,26.3175,92.6968,2.4,5.7,9.4,22.2,26.8,57,22.9,1007.6,LIGHT_RAIN
W002606,2025-12-17 18:00:00,Meghalaya,East Khasi Hills,25.5456,91.9742,2.4,3.1,6.8,22.2,33.9,57,40.1,864.3,LIGHT_RAIN
W002607,2025-12-17 20:24:00,Meghalaya,West Khasi Hills,25.5327,91.2531,2.3,5.9,7.3,19.9,23.3,51,25.4,881.9,LIGHT_RAIN
W002608,2025-12-17 22:48:00,Meghalaya,Ri-Bhoi,26.006,92.016,2.9,6.3,9.3,28.1,28.7,57,35.4,960.0,LIGHT_RAIN
W002609,2025-12-18 01:12:00,Meghalaya,West Jaintia Hills,25.54,92.3193,0.6,1.1,1.9,5.0,34.7,70,40.7,882.7,LIGHT_RAIN
W002610,2025-12-18 03:36:00,Sikkim,East Sikkim,27.1976,88.5573,2.1,3.9,7.2,14.4,10.8,71,11.4,849.0,LIGHT_RAIN
W002611,2025-12-18 06:00:00,Sikkim,North Sikkim,27.6022,88.6759,3.8,6.7,12.4,37.4,11.6,48,22.0,771.2,LIGHT_RAIN
W002612,2025-12-18 08:24:00,Sikkim,South Sikkim,27.1976,88.3989,2.2,6.7,9.5,27.5,27.2,70,15.9,890.7,LIGHT_RAIN
W002613,2025-12-18 10:48:00,Nagaland,Kohima,25.6636,93.9737,0.4,0.7,1.4,3.6,23.2,51,40.7,873.3,LIGHT_RAIN
W002614,2025-12-18 13:12:00,Nagaland,Dimapur,25.8581,93.8414,1.4,2.1,4.7,10.7,24.7,51,14.5,996.5,LIGHT_RAIN
W002615,2025-12-18 15:36:00,Nagaland,Mokokchung,26.2507,94.3946,1.7,6.2,9.6,19.4,28.1,71,15.3,889.5,LIGHT_RAIN
W002616,2025-12-18 18:00:00,Manipur,Imphal West,24.9526,93.8541,2.2,3.7,8.0,16.4,29.0,52,9.7,941.4,LIGHT_RAIN
W002617,2025-12-18 20:24:00,Manipur,Bishnupur,24.7087,93.8994,0.1,0.1,0.2,0.4,28.2,72,21.3,941.2,CLEAR
W002618,2025-12-18 22:48:00,Manipur,Senapati,25.1816,94.0021,2.6,8.4,11.6,24.2,27.6,56,24.3,895.2,LIGHT_RAIN
W002619,2025-12-19 01:12:00,Mizoram,Aizawl,23.7869,92.7977,0.7,1.7,2.1,4.2,27.5,57,12.6,906.3,LIGHT_RAIN
W002620,2025-12-19 03:36:00,Mizoram,Kolasib,24.2855,92.7633,1.2,6.8,9.2,20.5,32.5,76,29.2,957.3,LIGHT_RAIN
W002621,2025-12-19 06:00:00,Mizoram,Lunglei,22.7377,92.6836,0.2,1.1,1.7,3.6,33.7,69,29.1,910.7,LIGHT_RAIN
W002622,2025-12-19 08:24:00,Tripura,West Tripura,23.9639,91.1963,2.0,5.6,6.7,13.0,25.0,68,31.9,1008.3,LIGHT_RAIN
W002623,2025-12-19 10:48:00,Tripura,Sipahijala,23.5156,91.3937,0.1,0.1,0.2,0.6,32.4,77,22.1,1005.4,CLEAR
W002624,2025-12-19 13:12:00,Tripura,Dhalai,23.9389,91.8698,4.0,9.0,12.0,27.8,27.7,76,23.2,1004.9,LIGHT_RAIN
W002625,2025-12-19 15:36:00,Arunachal Pradesh,Tawang,27.5473,91.8612,3.9,9.3,14.0,28.3,14.9,55,41.9,730.7,LIGHT_RAIN
W002626,2025-12-19 18:00:00,Arunachal Pradesh,West Kameng,27.2616,92.396,0.1,0.2,0.5,1.7,10.7,50,38.4,799.0,CLEAR
W002627,2025-12-19 20:24:00,Arunachal Pradesh,Papum Pare,27.1626,93.5972,1.4,3.0,5.2,13.7,34.8,48,34.8,978.6,LIGHT_RAIN
W002628,2025-12-19 22:48:00,Arunachal Pradesh,East Siang,28.1008,95.4519,0.2,0.5,0.7,2.2,29.8,65,16.3,994.2,CLEAR
W002629,2025-12-20 01:12:00,Arunachal Pradesh,Lower Subansiri,27.6193,93.7605,1.6,7.0,12.9,29.5,13.7,57,9.1,855.5,LIGHT_RAIN
W002630,2025-12-20 03:36:00,Assam,Kamrup Metropolitan,26.0782,91.7214,2.5,6.2,10.3,27.0,29.4,73,34.6,1004.3,LIGHT_RAIN
W002631,2025-12-20 06:00:00,Assam,Kamrup Rural,26.1487,91.4206,0.8,2.2,3.8,8.7,34.7,48,38.2,1002.8,LIGHT_RAIN
W002632,2025-12-20 08:24:00,Assam,Darrang,26.4084,91.9585,0.1,0.3,0.5,1.6,25.3,61,26.0,1010.6,CLEAR
W002633,2025-12-20 10:48:00,Assam,Sonitpur,26.5667,92.6456,0.9,2.0,3.0,7.7,24.2,60,17.6,1009.1,LIGHT_RAIN
W002634,2025-12-20 13:12:00,Assam,Dibrugarh,27.4694,94.9894,3.2,6.4,12.5,29.0,27.5,57,22.3,999.9,LIGHT_RAIN
W002635,2025-12-20 15:36:00,Assam,Cachar,24.8178,92.6341,0.2,0.5,1.2,3.1,26.3,50,41.6,1011.2,LIGHT_RAIN
W002636,2025-12-20 18:00:00,Assam,Nagaon,26.2871,92.7085,0.4,0.8,1.6,5.0,26.6,68,20.7,1006.9,LIGHT_RAIN
W002637,2025-12-20 20:24:00,Meghalaya,East Khasi Hills,25.7278,91.9084,1.1,5.3,7.8,21.9,26.0,51,40.0,868.7,LIGHT_RAIN
W002638,2025-12-20 22:48:00,Meghalaya,West Khasi Hills,25.4354,91.1462,1.9,4.9,6.1,18.7,25.3,66,31.2,891.3,LIGHT_RAIN
W002639,2025-12-21 01:12:00,Meghalaya,Ri-Bhoi,26.0353,91.937,2.1,5.3,6.7,22.5,30.6,74,35.8,962.8,LIGHT_RAIN
W002640,2025-12-21 03:36:00,Meghalaya,West Jaintia Hills,25.5174,92.343,1.7,5.4,11.7,39.1,25.0,72,31.8,882.2,LIGHT_RAIN
W002641,2025-12-21 06:00:00,Sikkim,East Sikkim,27.4387,88.5454,0.4,1.1,1.7,3.6,10.0,59,22.1,852.9,LIGHT_RAIN
W002642,2025-12-21 08:24:00,Sikkim,North Sikkim,27.5102,88.4823,0.7,2.1,3.6,9.1,10.7,76,25.2,778.4,LIGHT_RAIN
W002643,2025-12-21 10:48:00,Sikkim,South Sikkim,27.0579,88.4605,2.0,9.1,12.6,25.5,30.6,54,25.3,885.6,LIGHT_RAIN
W002644,2025-12-21 13:12:00,Nagaland,Kohima,25.6104,94.1022,3.5,8.6,10.8,33.4,33.2,66,17.2,873.7,LIGHT_RAIN
W002645,2025-12-21 15:36:00,Nagaland,Dimapur,26.0391,93.7208,2.9,7.9,10.4,34.3,29.7,69,34.6,989.7,LIGHT_RAIN
W002646,2025-12-21 18:00:00,Nagaland,Mokokchung,26.3481,94.5759,1.8,5.4,6.4,13.0,33.2,75,18.2,887.9,LIGHT_RAIN
W002647,2025-12-21 20:24:00,Manipur,Imphal West,24.7582,94.085,2.5,6.3,7.4,14.3,22.1,67,21.1,940.7,LIGHT_RAIN
W002648,2025-12-21 22:48:00,Manipur,Bishnupur,24.6612,93.8,3.8,6.6,11.9,29.8,33.5,71,13.3,933.9,LIGHT_RAIN
W002649,2025-12-22 01:12:00,Manipur,Senapati,25.2428,94.118,2.6,8.3,10.5,27.9,29.3,67,24.2,891.3,LIGHT_RAIN
W002650,2025-12-22 03:36:00,Mizoram,Aizawl,23.76,92.7896,0.7,2.4,3.4,10.6,27.4,55,27.5,898.8,LIGHT_RAIN
W002651,2025-12-22 06:00:00,Mizoram,Kolasib,24.2681,92.5771,2.9,6.1,13.0,29.5,33.1,58,27.1,957.1,LIGHT_RAIN
W002652,2025-12-22 08:24:00,Mizoram,Lunglei,22.8526,92.7968,2.7,7.4,12.0,38.0,29.4,57,22.8,913.2,LIGHT_RAIN
W002653,2025-12-22 10:48:00,Tripura,West Tripura,23.8936,91.3477,1.4,5.3,6.4,19.4,31.0,50,12.1,1010.0,LIGHT_RAIN
W002654,2025-12-22 13:12:00,Tripura,Sipahijala,23.5644,91.3994,0.5,1.6,2.7,6.2,26.5,67,28.8,1008.6,LIGHT_RAIN
W002655,2025-12-22 15:36:00,Tripura,Dhalai,23.8275,91.8634,0.3,1.1,1.6,5.1,33.0,63,20.1,997.3,LIGHT_RAIN
W002656,2025-12-22 18:00:00,Arunachal Pradesh,Tawang,27.4788,91.7273,2.3,7.2,10.5,20.4,10.8,67,32.9,725.0,LIGHT_RAIN
W002657,2025-12-22 20:24:00,Arunachal Pradesh,West Kameng,27.2853,92.3525,1.0,2.0,3.0,8.7,17.8,62,30.5,802.0,LIGHT_RAIN
W002658,2025-12-22 22:48:00,Arunachal Pradesh,Papum Pare,27.0712,93.5483,3.6,7.7,12.0,31.5,32.7,51,9.2,981.0,LIGHT_RAIN
W002659,2025-12-23 01:12:00,Arunachal Pradesh,East Siang,27.928,95.3056,3.5,7.2,11.3,37.2,23.8,58,40.4,999.9,LIGHT_RAIN
W002660,2025-12-23 03:36:00,Arunachal Pradesh,Lower Subansiri,27.4687,93.8823,0.0,0.2,0.3,0.7,13.6,49,36.2,855.4,CLEAR
W002661,2025-12-23 06:00:00,Assam,Kamrup Metropolitan,26.2944,91.7879,2.3,5.8,8.7,22.5,26.2,59,41.8,1010.4,LIGHT_RAIN
W002662,2025-12-23 08:24:00,Assam,Kamrup Rural,26.0876,91.5677,0.5,2.5,3.0,9.9,29.1,58,32.9,1007.9,LIGHT_RAIN
W002663,2025-12-23 10:48:00,Assam,Darrang,26.4776,92.0714,2.7,6.0,9.9,31.2,31.8,60,16.2,1007.9,LIGHT_RAIN
W002664,2025-12-23 13:12:00,Assam,Sonitpur,26.6063,92.7389,0.9,2.5,4.7,13.9,34.8,48,27.2,1010.2,LIGHT_RAIN
W002665,2025-12-23 15:36:00,Assam,Dibrugarh,27.5309,94.8485,0.8,2.2,4.8,12.4,28.1,70,12.4,996.7,LIGHT_RAIN
W002666,2025-12-23 18:00:00,Assam,Cachar,24.6943,92.6553,2.4,4.4,8.8,21.9,26.3,63,26.9,1011.2,LIGHT_RAIN
W002667,2025-12-23 20:24:00,Assam,Nagaon,26.3165,92.6884,0.2,0.6,0.8,1.8,34.2,52,38.0,1011.2,CLEAR
W002668,2025-12-23 22:48:00,Meghalaya,East Khasi Hills,25.5528,91.7996,4.2,6.3,13.8,34.7,27.5,66,9.1,868.6,LIGHT_RAIN
W002669,2025-12-24 01:12:00,Meghalaya,West Khasi Hills,25.4926,91.1255,2.7,5.6,8.9,28.6,25.4,53,38.8,890.3,LIGHT_RAIN
W002670,2025-12-24 03:36:00,Meghalaya,Ri-Bhoi,25.8814,91.9395,2.6,7.1,8.4,18.4,26.7,49,24.4,963.7,LIGHT_RAIN
W002671,2025-12-24 06:00:00,Meghalaya,West Jaintia Hills,25.5398,92.2629,3.5,7.2,11.6,25.9,28.4,71,31.1,884.9,LIGHT_RAIN
W002672,2025-12-24 08:24:00,Sikkim,East Sikkim,27.2169,88.7542,0.7,1.8,3.6,12.2,13.0,49,11.8,846.0,LIGHT_RAIN
W002673,2025-12-24 10:48:00,Sikkim,North Sikkim,27.5443,88.4462,0.7,1.8,2.7,5.2,16.1,62,13.9,767.3,LIGHT_RAIN
W002674,2025-12-24 13:12:00,Sikkim,South Sikkim,27.102,88.4504,1.7,4.2,8.5,23.9,26.5,66,26.0,885.8,LIGHT_RAIN
W002675,2025-12-24 15:36:00,Nagaland,Kohima,25.6402,94.2352,1.6,3.6,6.7,17.5,22.6,63,14.7,871.6,LIGHT_RAIN
W002676,2025-12-24 18:00:00,Nagaland,Dimapur,25.7777,93.8093,3.1,8.2,10.6,29.4,23.8,76,24.3,989.3,LIGHT_RAIN
W002677,2025-12-24 20:24:00,Nagaland,Mokokchung,26.3273,94.6162,1.0,2.0,3.2,10.2,24.3,71,29.2,886.2,LIGHT_RAIN
W002678,2025-12-24 22:48:00,Manipur,Imphal West,24.841,93.9848,0.2,1.0,1.4,4.1,30.3,75,28.8,931.4,LIGHT_RAIN
W002679,2025-12-25 01:12:00,Manipur,Bishnupur,24.5859,93.7801,0.5,1.1,1.7,4.0,33.7,49,10.3,936.9,LIGHT_RAIN
W002680,2025-12-25 03:36:00,Manipur,Senapati,25.3709,94.1542,0.2,1.0,1.5,4.2,23.2,61,20.1,893.6,LIGHT_RAIN
W002681,2025-12-25 06:00:00,Mizoram,Aizawl,23.8098,92.5807,1.7,3.5,4.9,9.5,24.5,54,35.7,899.0,LIGHT_RAIN
W002682,2025-12-25 08:24:00,Mizoram,Kolasib,24.1844,92.8265,1.4,6.3,10.5,34.9,34.8,68,30.0,949.4,LIGHT_RAIN
W002683,2025-12-25 10:48:00,Mizoram,Lunglei,22.8786,92.6011,0.6,2.9,3.6,8.4,24.5,68,32.5,912.8,LIGHT_RAIN
W002684,2025-12-25 13:12:00,Tripura,West Tripura,23.7116,91.3903,1.6,3.7,5.0,17.0,33.5,63,18.2,1011.2,LIGHT_RAIN
W002685,2025-12-25 15:36:00,Tripura,Sipahijala,23.7017,91.285,1.0,1.9,3.4,9.7,30.2,57,33.0,1007.8,LIGHT_RAIN
W002686,2025-12-25 18:00:00,Tripura,Dhalai,23.9345,91.7795,0.0,0.1,0.1,0.3,32.3,68,10.7,997.6,CLEAR
W002687,2025-12-25 20:24:00,Arunachal Pradesh,Tawang,27.6916,91.9651,1.1,3.0,6.4,13.7,7.0,73,20.0,724.2,LIGHT_RAIN
W002688,2025-12-25 22:48:00,Arunachal Pradesh,West Kameng,27.3025,92.5321,0.5,1.5,2.2,5.1,16.2,67,31.0,797.4,LIGHT_RAIN
W002689,2025-12-26 01:12:00,Arunachal Pradesh,Papum Pare,26.9709,93.6559,1.7,6.3,9.8,24.4,29.3,61,32.1,976.3,LIGHT_RAIN
W002690,2025-12-26 03:36:00,Arunachal Pradesh,East Siang,27.9431,95.4695,1.4,5.4,8.2,23.8,29.4,56,28.2,994.4,LIGHT_RAIN
W002691,2025-12-26 06:00:00,Arunachal Pradesh,Lower Subansiri,27.5331,93.8882,3.6,9.4,11.2,28.7,12.3,62,24.9,854.9,LIGHT_RAIN
W002692,2025-12-26 08:24:00,Assam,Kamrup Metropolitan,26.0113,91.6937,2.5,3.6,7.5,17.6,27.8,69,37.1,1008.3,LIGHT_RAIN
W002693,2025-12-26 10:48:00,Assam,Kamrup Rural,26.2048,91.6498,0.5,1.6,2.3,7.1,26.1,73,17.6,1011.2,LIGHT_RAIN
W002694,2025-12-26 13:12:00,Assam,Darrang,26.4168,92.0859,2.4,5.0,10.4,27.8,23.8,56,17.0,1007.8,LIGHT_RAIN
W002695,2025-12-26 15:36:00,Assam,Sonitpur,26.6221,92.7188,1.2,7.6,9.9,27.2,23.8,71,17.5,1008.3,LIGHT_RAIN
W002696,2025-12-26 18:00:00,Assam,Dibrugarh,27.4624,94.8483,2.0,5.2,11.0,36.2,27.5,61,39.4,1001.7,LIGHT_RAIN
W002697,2025-12-26 20:24:00,Assam,Cachar,24.787,92.8052,0.9,3.1,4.1,9.7,23.0,54,15.1,1008.7,LIGHT_RAIN
W002698,2025-12-26 22:48:00,Assam,Nagaon,26.3323,92.6246,0.1,0.7,0.9,2.7,28.6,59,23.1,1008.0,CLEAR
W002699,2025-12-27 01:12:00,Meghalaya,East Khasi Hills,25.5432,91.851,1.0,2.4,3.2,8.4,31.0,69,32.3,869.4,LIGHT_RAIN
W002700,2025-12-27 03:36:00,Meghalaya,West Khasi Hills,25.6534,91.3075,3.9,7.7,13.8,30.2,33.8,61,22.1,890.2,LIGHT_RAIN
W002701,2025-12-27 06:00:00,Meghalaya,Ri-Bhoi,25.9835,92.0221,0.1,0.2,0.4,0.9,23.3,75,41.9,953.8,CLEAR
W002702,2025-12-27 08:24:00,Meghalaya,West Jaintia Hills,25.5712,92.1359,2.6,7.5,11.9,26.8,29.7,72,30.4,878.7,LIGHT_RAIN
W002703,2025-12-27 10:48:00,Sikkim,East Sikkim,27.2546,88.5135,0.4,0.5,1.2,3.5,17.4,64,22.1,854.2,LIGHT_RAIN
W002704,2025-12-27 13:12:00,Sikkim,North Sikkim,27.5478,88.6515,0.3,0.7,1.1,3.5,17.1,52,32.7,771.1,LIGHT_RAIN
W002705,2025-12-27 15:36:00,Sikkim,South Sikkim,27.0318,88.4366,1.6,5.6,12.6,25.4,28.8,58,36.8,891.3,LIGHT_RAIN
W002706,2025-12-27 18:00:00,Nagaland,Kohima,25.5521,94.0471,2.8,3.9,8.3,27.2,26.1,50,40.3,868.7,LIGHT_RAIN
W002707,2025-12-27 20:24:00,Nagaland,Dimapur,25.9928,93.8404,0.9,1.6,3.5,8.1,28.1,49,26.9,995.5,LIGHT_RAIN
W002708,2025-12-27 22:48:00,Nagaland,Mokokchung,26.4241,94.4471,4.2,5.5,11.9,28.0,22.7,74,33.4,879.4,LIGHT_RAIN
W002709,2025-12-28 01:12:00,Manipur,Imphal West,24.7555,94.0479,3.7,8.8,12.9,30.9,34.6,74,39.3,932.2,LIGHT_RAIN
W002710,2025-12-28 03:36:00,Manipur,Bishnupur,24.5246,93.9045,1.2,7.3,8.8,23.1,29.8,53,38.2,932.8,LIGHT_RAIN
W002711,2025-12-28 06:00:00,Manipur,Senapati,25.2292,94.1137,3.7,10.2,12.1,32.0,28.3,61,9.7,889.6,LIGHT_RAIN
W002712,2025-12-28 08:24:00,Mizoram,Aizawl,23.5813,92.7286,1.5,3.6,4.6,11.0,23.9,62,8.3,902.7,LIGHT_RAIN
W002713,2025-12-28 10:48:00,Mizoram,Kolasib,24.1486,92.6443,0.6,2.3,3.8,8.7,22.7,65,17.0,951.4,LIGHT_RAIN
W002714,2025-12-28 13:12:00,Mizoram,Lunglei,22.8001,92.5975,2.5,7.9,10.4,31.9,31.9,58,16.8,908.0,LIGHT_RAIN
W002715,2025-12-28 15:36:00,Tripura,West Tripura,23.8645,91.3311,0.4,1.0,1.5,4.0,32.3,57,27.0,1007.7,LIGHT_RAIN
W002716,2025-12-28 18:00:00,Tripura,Sipahijala,23.5757,91.2845,2.3,6.6,11.0,30.1,34.3,65,30.8,1011.2,LIGHT_RAIN
W002717,2025-12-28 20:24:00,Tripura,Dhalai,23.9988,91.7348,2.4,7.8,12.1,33.1,27.2,70,21.0,1002.4,LIGHT_RAIN
W002718,2025-12-28 22:48:00,Arunachal Pradesh,Tawang,27.5722,91.9105,4.3,7.4,13.4,40.2,7.6,56,41.4,725.6,LIGHT_RAIN
W002719,2025-12-29 01:12:00,Arunachal Pradesh,West Kameng,27.2907,92.4839,2.8,8.6,10.5,32.0,15.1,62,29.4,792.4,LIGHT_RAIN
W002720,2025-12-29 03:36:00,Arunachal Pradesh,Papum Pare,27.0972,93.589,1.0,4.4,7.4,14.5,26.3,51,22.9,984.3,LIGHT_RAIN
W002721,2025-12-29 06:00:00,Arunachal Pradesh,East Siang,28.049,95.4612,1.5,5.4,7.2,15.6,28.6,74,40.2,993.2,LIGHT_RAIN
W002722,2025-12-29 08:24:00,Arunachal Pradesh,Lower Subansiri,27.5102,93.9505,1.2,3.4,6.2,15.6,29.3,63,18.0,858.2,LIGHT_RAIN
W002723,2025-12-29 10:48:00,Assam,Kamrup Metropolitan,26.0514,91.6228,4.1,7.7,12.2,30.2,29.0,61,8.4,1003.1,LIGHT_RAIN
W002724,2025-12-29 13:12:00,Assam,Kamrup Rural,26.0986,91.6038,0.8,3.3,6.0,15.2,29.5,52,39.7,1011.2,LIGHT_RAIN
W002725,2025-12-29 15:36:00,Assam,Darrang,26.5986,92.1171,2.2,5.3,8.3,20.9,23.4,49,16.6,1011.2,LIGHT_RAIN
W002726,2025-12-29 18:00:00,Assam,Sonitpur,26.5459,92.7074,3.6,7.0,12.1,23.5,28.4,48,31.4,1000.6,LIGHT_RAIN
W002727,2025-12-29 20:24:00,Assam,Dibrugarh,27.5594,94.9408,2.4,10.2,12.2,36.2,29.0,48,38.6,1005.1,LIGHT_RAIN
W002728,2025-12-29 22:48:00,Assam,Cachar,24.7223,92.7041,3.2,6.7,12.8,29.8,26.8,61,11.5,1011.2,LIGHT_RAIN
W002729,2025-12-30 01:12:00,Assam,Nagaon,26.2347,92.6415,2.9,5.6,8.8,17.3,27.6,51,11.1,1003.0,LIGHT_RAIN
W002730,2025-12-30 03:36:00,Meghalaya,East Khasi Hills,25.4811,91.759,3.1,5.3,10.2,31.0,25.9,73,16.8,863.8,LIGHT_RAIN
W002731,2025-12-30 06:00:00,Meghalaya,West Khasi Hills,25.3791,91.2445,0.0,0.1,0.1,0.2,24.1,76,33.3,889.1,CLEAR
W002732,2025-12-30 08:24:00,Meghalaya,Ri-Bhoi,25.9012,92.0136,2.1,4.6,8.7,29.0,28.0,77,34.7,964.7,LIGHT_RAIN
W002733,2025-12-30 10:48:00,Meghalaya,West Jaintia Hills,25.4977,92.1405,0.2,0.5,0.8,1.7,32.0,58,27.9,880.7,CLEAR
W002734,2025-12-30 13:12:00,Sikkim,East Sikkim,27.3326,88.577,0.7,2.4,3.7,11.9,11.0,70,26.1,848.9,LIGHT_RAIN
W002735,2025-12-30 15:36:00,Sikkim,North Sikkim,27.4831,88.6698,1.5,6.3,12.0,36.7,10.4,60,12.4,775.0,LIGHT_RAIN
W002736,2025-12-30 18:00:00,Sikkim,South Sikkim,27.1025,88.3899,1.6,5.6,7.4,23.6,29.0,52,24.7,884.8,LIGHT_RAIN
W002737,2025-12-30 20:24:00,Nagaland,Kohima,25.7043,94.0471,2.8,7.3,9.2,29.6,24.2,49,30.2,871.7,LIGHT_RAIN
W002738,2025-12-30 22:48:00,Nagaland,Dimapur,25.9673,93.8333,2.3,5.4,10.1,24.8,26.4,58,38.0,991.8,LIGHT_RAIN
W002739,2025-12-31 01:12:00,Nagaland,Mokokchung,26.4346,94.499,0.2,0.9,1.5,3.7,23.0,69,13.2,878.6,LIGHT_RAIN
W002740,2025-12-31 03:36:00,Manipur,Imphal West,24.803,93.9116,2.6,6.7,8.0,21.7,27.2,74,14.6,941.0,LIGHT_RAIN
W002741,2025-12-31 06:00:00,Manipur,Bishnupur,24.5589,93.9006,1.6,9.1,12.0,27.2,33.2,63,14.4,935.1,LIGHT_RAIN
W002742,2025-12-31 08:24:00,Manipur,Senapati,25.3595,93.888,0.3,1.0,2.0,4.8,25.6,49,26.7,895.4,LIGHT_RAIN
W002743,2025-12-31 10:48:00,Mizoram,Aizawl,23.6161,92.5856,1.6,9.2,13.2,25.4,27.7,72,23.7,901.4,LIGHT_RAIN
W002744,2025-12-31 13:12:00,Mizoram,Kolasib,24.1932,92.7921,1.0,2.0,2.9,7.9,33.8,72,26.2,947.5,LIGHT_RAIN
W002745,2025-12-31 15:36:00,Mizoram,Lunglei,22.9463,92.8805,0.9,2.3,2.8,8.5,34.8,67,22.9,911.7,LIGHT_RAIN
W002746,2025-12-31 18:00:00,Tripura,West Tripura,23.8337,91.1832,0.8,2.6,4.5,15.0,34.5,73,33.7,1009.7,LIGHT_RAIN
W002747,2025-12-31 20:24:00,Tripura,Sipahijala,23.7386,91.2723,1.9,5.1,11.1,21.2,27.6,54,35.6,1006.4,LIGHT_RAIN
W002748,2025-12-31 22:48:00,Tripura,Dhalai,23.8287,91.8683,3.3,5.3,11.7,31.6,31.1,76,24.9,995.8,LIGHT_RAIN
W002749,2026-01-01 01:12:00,Arunachal Pradesh,Tawang,27.6289,91.7173,0.1,0.4,0.5,1.5,11.9,66,8.2,723.3,CLEAR
W002750,2026-01-01 03:36:00,Arunachal Pradesh,West Kameng,27.1232,92.3479,1.3,3.3,4.0,11.4,17.4,70,35.9,794.0,LIGHT_RAIN
W002751,2026-01-01 06:00:00,Arunachal Pradesh,Papum Pare,26.9522,93.7276,0.2,0.4,0.8,2.3,29.5,52,23.5,980.7,CLEAR
W002752,2026-01-01 08:24:00,Arunachal Pradesh,East Siang,28.1383,95.4675,0.5,1.9,3.7,10.8,32.0,57,29.4,1002.8,LIGHT_RAIN
W002753,2026-01-01 10:48:00,Arunachal Pradesh,Lower Subansiri,27.5259,93.7823,0.2,0.6,0.7,1.9,34.4,75,19.2,861.6,CLEAR
W002754,2026-01-01 13:12:00,Assam,Kamrup Metropolitan,26.2769,91.7651,2.2,4.4,6.8,12.9,25.7,62,8.8,1002.6,LIGHT_RAIN
W002755,2026-01-01 15:36:00,Assam,Kamrup Rural,26.2204,91.6142,0.4,1.3,2.2,4.2,24.1,57,14.2,1010.1,LIGHT_RAIN
W002756,2026-01-01 18:00:00,Assam,Darrang,26.4841,92.0053,0.8,3.4,5.2,10.4,32.9,74,12.0,1011.2,LIGHT_RAIN
W002757,2026-01-01 20:24:00,Assam,Sonitpur,26.6128,92.7276,0.8,2.2,4.6,14.3,29.2,62,33.9,1003.0,LIGHT_RAIN
W002758,2026-01-01 22:48:00,Assam,Dibrugarh,27.4153,94.8282,1.3,6.4,10.8,23.9,33.3,70,12.1,1001.0,LIGHT_RAIN
W002759,2026-01-02 01:12:00,Assam,Cachar,24.9669,92.8591,1.3,4.9,7.4,18.0,23.2,56,12.3,1007.1,LIGHT_RAIN
W002760,2026-01-02 03:36:00,Assam,Nagaon,26.1975,92.7581,4.5,6.1,13.5,30.9,34.0,77,33.0,1010.7,LIGHT_RAIN
W002761,2026-01-02 06:00:00,Meghalaya,East Khasi Hills,25.4978,91.9109,1.0,3.6,5.2,17.0,24.8,72,13.2,864.7,LIGHT_RAIN
W002762,2026-01-02 08:24:00,Meghalaya,West Khasi Hills,25.6185,91.1227,1.5,4.4,5.7,14.1,29.4,75,17.0,893.4,LIGHT_RAIN
W002763,2026-01-02 10:48:00,Meghalaya,Ri-Bhoi,25.8439,91.8588,0.7,2.2,3.2,6.3,34.2,68,14.1,960.2,LIGHT_RAIN
W002764,2026-01-02 13:12:00,Meghalaya,West Jaintia Hills,25.3346,92.0563,0.4,2.4,2.9,7.1,24.6,72,22.9,884.7,LIGHT_RAIN
W002765,2026-01-02 15:36:00,Sikkim,East Sikkim,27.3269,88.6634,0.6,1.6,2.1,4.6,8.9,73,28.9,852.9,LIGHT_RAIN
W002766,2026-01-02 18:00:00,Sikkim,North Sikkim,27.423,88.5767,0.4,1.6,1.9,3.8,9.1,60,27.7,772.4,LIGHT_RAIN
W002767,2026-01-02 20:24:00,Sikkim,South Sikkim,27.2437,88.2665,2.7,6.5,12.2,31.0,30.8,53,30.4,882.0,LIGHT_RAIN
W002768,2026-01-02 22:48:00,Nagaland,Kohima,25.5593,94.1116,4.3,9.2,12.6,35.2,32.3,59,22.3,866.7,LIGHT_RAIN
W002769,2026-01-03 01:12:00,Nagaland,Dimapur,26.0443,93.7711,2.2,8.0,10.6,29.4,34.9,75,21.0,998.2,LIGHT_RAIN
W002770,2026-01-03 03:36:00,Nagaland,Mokokchung,26.2342,94.5507,0.9,2.7,3.3,8.9,30.0,65,37.8,880.2,LIGHT_RAIN
W002771,2026-01-03 06:00:00,Manipur,Imphal West,24.9524,93.9752,1.9,7.9,10.9,21.5,24.6,56,35.6,936.4,LIGHT_RAIN
W002772,2026-01-03 08:24:00,Manipur,Bishnupur,24.6171,93.8917,0.9,2.1,2.9,7.8,31.9,51,27.4,936.6,LIGHT_RAIN
W002773,2026-01-03 10:48:00,Manipur,Senapati,25.207,94.1513,0.0,0.0,0.1,0.3,30.6,62,16.8,892.7,CLEAR
W002774,2026-01-03 13:12:00,Mizoram,Aizawl,23.7098,92.6584,0.1,0.3,0.3,0.8,27.7,59,25.5,904.9,CLEAR
W002775,2026-01-03 15:36:00,Mizoram,Kolasib,24.0923,92.6685,2.0,4.7,6.5,16.1,31.6,61,24.2,958.9,LIGHT_RAIN
W002776,2026-01-03 18:00:00,Mizoram,Lunglei,22.753,92.8493,1.5,4.4,7.1,17.9,22.4,54,41.8,908.4,LIGHT_RAIN
W002777,2026-01-03 20:24:00,Tripura,West Tripura,23.7968,91.3109,0.4,1.8,2.7,7.3,34.5,54,38.0,1005.8,LIGHT_RAIN
W002778,2026-01-03 22:48:00,Tripura,Sipahijala,23.7577,91.3335,0.1,0.3,0.6,1.9,29.6,53,23.8,1011.2,CLEAR
W002779,2026-01-04 01:12:00,Tripura,Dhalai,23.7453,91.7186,0.2,0.4,0.7,1.9,34.0,52,8.1,1004.1,CLEAR
W002780,2026-01-04 03:36:00,Arunachal Pradesh,Tawang,27.7308,91.7347,1.9,5.5,7.1,22.3,11.3,53,23.7,726.8,LIGHT_RAIN
W002781,2026-01-04 06:00:00,Arunachal Pradesh,West Kameng,27.2458,92.3977,3.6,8.5,13.1,37.7,16.6,64,27.5,797.0,LIGHT_RAIN
W002782,2026-01-04 08:24:00,Arunachal Pradesh,Papum Pare,27.2258,93.5828,0.0,0.1,0.2,0.5,32.3,68,25.8,978.0,CLEAR
W002783,2026-01-04 10:48:00,Arunachal Pradesh,East Siang,28.1528,95.3702,1.9,8.4,12.3,29.1,33.3,59,26.5,1003.1,LIGHT_RAIN
W002784,2026-01-04 13:12:00,Arunachal Pradesh,Lower Subansiri,27.516,93.7556,0.7,3.1,3.7,9.4,15.4,68,28.3,855.5,LIGHT_RAIN
W002785,2026-01-04 15:36:00,Assam,Kamrup Metropolitan,26.2565,91.6862,0.4,1.6,2.2,6.2,27.9,66,8.3,1006.4,LIGHT_RAIN
W002786,2026-01-04 18:00:00,Assam,Kamrup Rural,26.1281,91.6088,0.4,1.1,1.7,3.9,31.4,66,39.1,1005.2,LIGHT_RAIN
W002787,2026-01-04 20:24:00,Assam,Darrang,26.5834,91.9739,1.4,2.7,4.8,12.9,27.9,65,40.1,1009.3,LIGHT_RAIN
W002788,2026-01-04 22:48:00,Assam,Sonitpur,26.5221,92.8534,2.0,9.3,11.2,25.4,25.3,75,18.8,1002.2,LIGHT_RAIN
W002789,2026-01-05 01:12:00,Assam,Dibrugarh,27.3508,94.9631,1.5,4.3,5.3,15.1,27.0,53,15.4,1002.1,LIGHT_RAIN
W002790,2026-01-05 03:36:00,Assam,Cachar,24.7374,92.6932,2.2,4.3,9.4,27.8,31.7,60,9.9,1007.0,LIGHT_RAIN
W002791,2026-01-05 06:00:00,Assam,Nagaon,26.2365,92.5571,3.3,8.8,12.9,36.8,25.9,67,26.1,1002.2,LIGHT_RAIN
W002792,2026-01-05 08:24:00,Meghalaya,East Khasi Hills,25.5907,91.9649,1.2,7.4,10.1,25.9,24.2,77,34.4,866.5,LIGHT_RAIN
W002793,2026-01-05 10:48:00,Meghalaya,West Khasi Hills,25.5899,91.1493,3.1,6.2,9.9,20.7,31.6,74,25.9,888.9,LIGHT_RAIN
W002794,2026-01-05 13:12:00,Meghalaya,Ri-Bhoi,25.9579,91.9174,0.1,0.2,0.3,0.9,26.2,64,29.6,953.9,CLEAR
W002795,2026-01-05 15:36:00,Meghalaya,West Jaintia Hills,25.4233,92.2529,0.9,1.7,3.3,6.7,32.6,77,12.1,885.8,LIGHT_RAIN
W002796,2026-01-05 18:00:00,Sikkim,East Sikkim,27.4146,88.6916,1.3,5.6,6.7,15.4,13.3,56,32.6,854.5,LIGHT_RAIN
W002797,2026-01-05 20:24:00,Sikkim,North Sikkim,27.5926,88.5407,1.1,2.2,3.4,9.2,11.7,69,9.3,768.6,LIGHT_RAIN
W002798,2026-01-05 22:48:00,Sikkim,South Sikkim,27.1911,88.3322,2.4,5.6,9.1,19.1,28.9,72,39.3,882.1,LIGHT_RAIN
W002799,2026-01-06 01:12:00,Nagaland,Kohima,25.6833,94.2485,1.1,5.0,6.2,14.1,22.2,51,23.0,867.8,LIGHT_RAIN
W002800,2026-01-06 03:36:00,Nagaland,Dimapur,26.0187,93.5932,1.4,2.1,4.1,11.5,31.1,63,18.8,994.0,LIGHT_RAIN
W002801,2026-01-06 06:00:00,Nagaland,Mokokchung,26.2058,94.6238,1.6,3.4,6.0,14.5,33.1,52,19.4,879.1,LIGHT_RAIN
W002802,2026-01-06 08:24:00,Manipur,Imphal West,24.7151,93.9216,2.3,5.7,11.0,23.8,29.9,77,13.5,935.8,LIGHT_RAIN
W002803,2026-01-06 10:48:00,Manipur,Bishnupur,24.7663,93.6811,3.0,9.6,13.8,27.1,30.7,50,41.6,938.0,LIGHT_RAIN
W002804,2026-01-06 13:12:00,Manipur,Senapati,25.2345,93.9789,0.6,1.9,3.6,10.7,34.1,64,30.8,892.0,LIGHT_RAIN
W002805,2026-01-06 15:36:00,Mizoram,Aizawl,23.6896,92.5761,2.6,5.1,7.4,23.0,32.8,67,28.6,896.7,LIGHT_RAIN
W002806,2026-01-06 18:00:00,Mizoram,Kolasib,24.1706,92.5738,0.9,3.9,5.5,12.5,30.4,70,14.3,958.9,LIGHT_RAIN
W002807,2026-01-06 20:24:00,Mizoram,Lunglei,22.9388,92.6316,1.3,2.8,5.8,13.0,27.2,62,29.8,910.3,LIGHT_RAIN
W002808,2026-01-06 22:48:00,Tripura,West Tripura,23.9533,91.1425,0.2,0.4,0.7,2.0,23.0,57,34.2,1011.2,CLEAR
W002809,2026-01-07 01:12:00,Tripura,Sipahijala,23.7032,91.3203,0.3,1.2,2.3,5.6,30.4,48,32.8,1011.2,LIGHT_RAIN
W002810,2026-01-07 03:36:00,Tripura,Dhalai,23.7366,91.7715,0.5,1.7,2.1,6.7,30.3,49,35.2,997.4,LIGHT_RAIN
W002811,2026-01-07 06:00:00,Arunachal Pradesh,Tawang,27.4694,91.9809,0.3,0.5,1.1,3.6,7.5,49,11.6,727.4,LIGHT_RAIN
W002812,2026-01-07 08:24:00,Arunachal Pradesh,West Kameng,27.287,92.4815,1.7,3.8,5.5,13.1,10.4,57,32.5,799.9,LIGHT_RAIN
W002813,2026-01-07 10:48:00,Arunachal Pradesh,Papum Pare,27.0226,93.5916,0.1,0.4,0.5,1.6,33.1,51,33.0,979.4,CLEAR
W002814,2026-01-07 13:12:00,Arunachal Pradesh,East Siang,28.0242,95.462,1.3,5.2,6.9,20.3,32.5,48,30.0,997.1,LIGHT_RAIN
W002815,2026-01-07 15:36:00,Arunachal Pradesh,Lower Subansiri,27.5662,93.7971,0.7,1.5,2.5,7.3,29.4,76,23.6,860.3,LIGHT_RAIN
W002816,2026-01-07 18:00:00,Assam,Kamrup Metropolitan,26.1065,91.8104,2.2,8.5,13.0,43.4,24.1,60,21.5,1009.3,LIGHT_RAIN
W002817,2026-01-07 20:24:00,Assam,Kamrup Rural,26.2549,91.6005,3.8,7.8,11.5,23.7,31.7,49,26.1,1003.8,LIGHT_RAIN
W002818,2026-01-07 22:48:00,Assam,Darrang,26.342,91.9867,2.7,4.5,9.3,19.3,28.4,54,39.0,1009.8,LIGHT_RAIN
W002819,2026-01-08 01:12:00,Assam,Sonitpur,26.7175,92.782,0.0,0.0,0.0,0.0,25.5,52,23.6,1002.7,CLEAR
W002820,2026-01-08 03:36:00,Assam,Dibrugarh,27.3633,94.9768,1.8,3.2,5.9,18.6,30.4,70,22.1,996.7,LIGHT_RAIN
W002821,2026-01-08 06:00:00,Assam,Cachar,24.6964,92.6887,0.4,1.4,2.0,4.9,33.0,77,17.7,1011.2,LIGHT_RAIN
W002822,2026-01-08 08:24:00,Assam,Nagaon,26.3147,92.7786,3.4,6.9,12.4,25.1,27.3,52,20.7,1006.9,LIGHT_RAIN
W002823,2026-01-08 10:48:00,Meghalaya,East Khasi Hills,25.4861,91.8504,1.6,5.9,8.0,27.0,34.4,64,25.0,863.4,LIGHT_RAIN
W002824,2026-01-08 13:12:00,Meghalaya,West Khasi Hills,25.442,91.3498,1.3,3.4,5.0,16.4,29.3,70,10.0,888.2,LIGHT_RAIN
W002825,2026-01-08 15:36:00,Meghalaya,Ri-Bhoi,26.0184,91.846,2.8,8.1,10.1,21.7,32.3,63,34.7,962.9,LIGHT_RAIN
W002826,2026-01-08 18:00:00,Meghalaya,West Jaintia Hills,25.5773,92.2058,3.8,6.0,12.8,40.9,27.2,76,32.8,878.7,LIGHT_RAIN
W002827,2026-01-08 20:24:00,Sikkim,East Sikkim,27.3181,88.755,0.1,0.2,0.3,1.0,13.4,62,32.0,855.1,CLEAR
W002828,2026-01-08 22:48:00,Sikkim,North Sikkim,27.374,88.5983,1.2,2.2,4.1,12.6,17.7,65,18.5,775.2,LIGHT_RAIN
W002829,2026-01-09 01:12:00,Sikkim,South Sikkim,27.07,88.3332,2.3,7.9,9.5,31.1,31.0,69,37.9,886.1,LIGHT_RAIN
W002830,2026-01-09 03:36:00,Nagaland,Kohima,25.6309,94.258,0.3,0.6,0.8,2.7,23.7,67,34.0,874.5,CLEAR
W002831,2026-01-09 06:00:00,Nagaland,Dimapur,25.774,93.7789,3.3,6.5,10.1,31.1,32.3,72,15.2,995.0,LIGHT_RAIN
W002832,2026-01-09 08:24:00,Nagaland,Mokokchung,26.3788,94.6558,1.6,8.3,10.8,27.2,30.2,71,37.6,888.0,LIGHT_RAIN
W002833,2026-01-09 10:48:00,Manipur,Imphal West,24.7985,93.8247,0.1,0.2,0.3,0.7,34.8,66,13.6,939.2,CLEAR
W002834,2026-01-09 13:12:00,Manipur,Bishnupur,24.5973,93.7847,1.1,5.6,8.0,16.8,23.7,51,20.1,936.1,LIGHT_RAIN
W002835,2026-01-09 15:36:00,Manipur,Senapati,25.2213,93.9932,1.3,4.1,4.9,9.7,34.0,70,17.7,895.7,LIGHT_RAIN
W002836,2026-01-09 18:00:00,Mizoram,Aizawl,23.6965,92.7625,1.0,5.9,8.3,21.6,29.4,50,34.1,905.3,LIGHT_RAIN
W002837,2026-01-09 20:24:00,Mizoram,Kolasib,24.1258,92.6853,3.4,6.3,11.6,33.8,26.6,59,40.7,947.9,LIGHT_RAIN
W002838,2026-01-09 22:48:00,Mizoram,Lunglei,22.8081,92.7239,3.2,4.9,9.1,20.1,25.4,49,37.6,911.5,LIGHT_RAIN
W002839,2026-01-10 01:12:00,Tripura,West Tripura,23.8289,91.1736,2.3,4.4,9.7,30.8,24.8,76,16.1,1005.0,LIGHT_RAIN
W002840,2026-01-10 03:36:00,Tripura,Sipahijala,23.699,91.4612,1.2,2.5,4.6,15.2,29.0,71,39.2,1005.9,LIGHT_RAIN
W002841,2026-01-10 06:00:00,Tripura,Dhalai,23.7959,91.8042,3.1,9.0,12.0,26.6,31.0,72,13.3,1004.6,LIGHT_RAIN
W002842,2026-01-10 08:24:00,Arunachal Pradesh,Tawang,27.5261,91.7567,0.6,1.8,2.3,5.0,10.0,52,41.1,726.1,LIGHT_RAIN
W002843,2026-01-10 10:48:00,Arunachal Pradesh,West Kameng,27.3526,92.4185,1.4,4.0,7.2,19.0,12.9,65,34.1,802.0,LIGHT_RAIN
W002844,2026-01-10 13:12:00,Arunachal Pradesh,Papum Pare,27.0214,93.6148,2.0,5.7,8.9,21.8,22.4,48,20.6,983.2,LIGHT_RAIN
W002845,2026-01-10 15:36:00,Arunachal Pradesh,East Siang,28.1571,95.3415,1.1,5.5,9.0,18.9,30.7,53,21.8,996.2,LIGHT_RAIN
W002846,2026-01-10 18:00:00,Arunachal Pradesh,Lower Subansiri,27.5194,93.8951,3.7,10.4,13.0,41.8,24.6,60,23.4,860.2,LIGHT_RAIN
W002847,2026-01-10 20:24:00,Assam,Kamrup Metropolitan,26.2415,91.6083,0.0,0.0,0.0,0.0,31.6,49,25.5,1009.8,CLEAR
W002848,2026-01-10 22:48:00,Assam,Kamrup Rural,26.239,91.5154,4.1,9.9,14.0,35.9,34.0,62,30.6,1002.4,LIGHT_RAIN
W002849,2026-01-11 01:12:00,Assam,Darrang,26.4783,92.1113,0.8,1.2,2.3,6.4,27.7,73,21.2,1011.2,LIGHT_RAIN
W002850,2026-01-11 03:36:00,Assam,Sonitpur,26.5004,92.6798,3.5,6.4,11.3,26.2,23.4,68,27.9,1009.6,LIGHT_RAIN
W002851,2026-01-11 06:00:00,Assam,Dibrugarh,27.6032,94.8296,3.3,7.7,9.4,24.2,31.3,65,25.9,996.7,LIGHT_RAIN
W002852,2026-01-11 08:24:00,Assam,Cachar,24.707,92.6878,0.9,3.9,5.6,11.5,32.4,58,18.7,1009.8,LIGHT_RAIN
W002853,2026-01-11 10:48:00,Assam,Nagaon,26.3795,92.562,1.9,6.5,10.1,23.5,33.1,64,33.2,1004.8,LIGHT_RAIN
W002854,2026-01-11 13:12:00,Meghalaya,East Khasi Hills,25.4751,91.9409,1.0,4.9,6.9,20.7,24.5,54,41.2,864.0,LIGHT_RAIN
W002855,2026-01-11 15:36:00,Meghalaya,West Khasi Hills,25.6372,91.1224,2.1,3.4,6.2,19.2,24.8,56,24.8,882.9,LIGHT_RAIN
W002856,2026-01-11 18:00:00,Meghalaya,Ri-Bhoi,25.9424,91.903,4.0,8.7,12.6,31.9,23.2,61,20.3,957.0,LIGHT_RAIN
W002857,2026-01-11 20:24:00,Meghalaya,West Jaintia Hills,25.4854,92.0591,0.1,0.3,0.7,1.4,22.6,62,22.4,877.7,CLEAR
W002858,2026-01-11 22:48:00,Sikkim,East Sikkim,27.4759,88.6014,2.8,5.5,9.3,29.1,12.5,75,37.5,847.3,LIGHT_RAIN
W002859,2026-01-12 01:12:00,Sikkim,North Sikkim,27.4861,88.6066,1.9,3.8,6.5,18.6,17.3,54,38.5,777.0,LIGHT_RAIN
W002860,2026-01-12 03:36:00,Sikkim,South Sikkim,27.0812,88.382,0.2,0.5,0.7,1.4,31.1,57,15.3,887.8,CLEAR
W002861,2026-01-12 06:00:00,Nagaland,Kohima,25.8215,94.0622,2.3,5.9,6.9,15.3,31.5,62,27.6,873.0,LIGHT_RAIN
W002862,2026-01-12 08:24:00,Nagaland,Dimapur,25.9253,93.6732,1.8,9.3,11.6,38.7,25.7,73,21.1,994.2,LIGHT_RAIN
W002863,2026-01-12 10:48:00,Nagaland,Mokokchung,26.2173,94.3852,0.6,1.7,2.6,7.3,26.1,50,33.4,884.9,LIGHT_RAIN
W002864,2026-01-12 13:12:00,Manipur,Imphal West,24.9558,94.0575,1.3,3.7,4.9,10.8,28.4,73,8.9,932.0,LIGHT_RAIN
W002865,2026-01-12 15:36:00,Manipur,Bishnupur,24.5762,93.8434,1.2,3.4,4.6,10.9,30.5,55,28.7,937.4,LIGHT_RAIN
W002866,2026-01-12 18:00:00,Manipur,Senapati,25.3737,94.0092,3.4,7.8,11.3,31.0,30.6,57,31.1,895.5,LIGHT_RAIN
W002867,2026-01-12 20:24:00,Mizoram,Aizawl,23.8671,92.6321,4.0,9.7,13.6,29.4,25.4,54,17.5,903.9,LIGHT_RAIN
W002868,2026-01-12 22:48:00,Mizoram,Kolasib,24.2493,92.7829,4.6,10.0,13.5,28.5,28.4,76,10.5,950.9,LIGHT_RAIN
W002869,2026-01-13 01:12:00,Mizoram,Lunglei,22.9842,92.7193,1.6,2.7,5.0,14.3,28.9,48,23.1,908.1,LIGHT_RAIN
W002870,2026-01-13 03:36:00,Tripura,West Tripura,23.8025,91.1504,0.7,3.0,4.5,10.9,30.4,51,9.0,1011.2,LIGHT_RAIN
W002871,2026-01-13 06:00:00,Tripura,Sipahijala,23.651,91.1841,0.7,1.7,2.7,5.7,22.2,58,11.6,1009.7,LIGHT_RAIN
W002872,2026-01-13 08:24:00,Tripura,Dhalai,23.9476,91.887,1.1,2.4,3.9,13.0,23.0,60,21.7,997.7,LIGHT_RAIN
W002873,2026-01-13 10:48:00,Arunachal Pradesh,Tawang,27.5543,91.9479,1.3,2.9,6.4,13.0,10.3,69,16.0,730.7,LIGHT_RAIN
W002874,2026-01-13 13:12:00,Arunachal Pradesh,West Kameng,27.1578,92.4466,4.1,6.3,13.9,30.3,14.0,58,20.9,798.5,LIGHT_RAIN
W002875,2026-01-13 15:36:00,Arunachal Pradesh,Papum Pare,26.9915,93.5665,0.9,3.4,4.3,13.6,32.9,59,33.4,981.8,LIGHT_RAIN
W002876,2026-01-13 18:00:00,Arunachal Pradesh,East Siang,28.1839,95.2179,3.5,8.5,12.4,32.4,34.7,50,10.0,992.2,LIGHT_RAIN
W002877,2026-01-13 20:24:00,Arunachal Pradesh,Lower Subansiri,27.6972,93.9018,0.0,0.0,0.0,0.0,32.4,52,16.3,862.5,CLEAR
W002878,2026-01-13 22:48:00,Assam,Kamrup Metropolitan,26.1474,91.7332,1.6,6.8,8.6,26.2,24.4,57,24.5,1006.6,LIGHT_RAIN
W002879,2026-01-14 01:12:00,Assam,Kamrup Rural,26.1455,91.6141,0.1,0.2,0.3,0.7,32.8,54,36.5,1008.2,CLEAR
W002880,2026-01-14 03:36:00,Assam,Darrang,26.5196,92.0874,2.0,5.0,6.5,15.5,32.1,74,13.6,1011.2,LIGHT_RAIN
W002881,2026-01-14 06:00:00,Assam,Sonitpur,26.6805,92.9342,2.8,6.1,8.3,16.6,33.6,60,27.7,1004.2,LIGHT_RAIN
W002882,2026-01-14 08:24:00,Assam,Dibrugarh,27.4979,94.8132,0.2,0.6,0.9,1.9,33.3,62,37.2,1000.7,CLEAR
W002883,2026-01-14 10:48:00,Assam,Cachar,24.7974,92.8754,0.1,0.4,0.7,1.4,27.6,74,10.0,1011.2,CLEAR
W002884,2026-01-14 13:12:00,Assam,Nagaon,26.2282,92.5397,1.5,4.0,8.1,23.4,29.5,73,24.0,1008.9,LIGHT_RAIN
W002885,2026-01-14 15:36:00,Meghalaya,East Khasi Hills,25.49,91.8938,2.3,4.2,8.5,23.5,25.7,61,27.3,865.4,LIGHT_RAIN
W002886,2026-01-14 18:00:00,Meghalaya,West Khasi Hills,25.5808,91.1287,2.4,5.8,8.7,20.1,27.5,50,13.1,892.0,LIGHT_RAIN
W002887,2026-01-14 20:24:00,Meghalaya,Ri-Bhoi,26.0494,91.8735,2.8,4.6,8.5,22.7,31.8,64,18.6,960.5,LIGHT_RAIN
W002888,2026-01-14 22:48:00,Meghalaya,West Jaintia Hills,25.5736,92.1527,2.1,4.4,6.6,21.5,24.0,71,23.5,884.3,LIGHT_RAIN
W002889,2026-01-15 01:12:00,Sikkim,East Sikkim,27.3931,88.6976,3.0,6.5,8.7,23.5,11.5,53,41.5,854.1,LIGHT_RAIN
W002890,2026-01-15 03:36:00,Sikkim,North Sikkim,27.424,88.5674,2.1,9.4,12.9,24.7,15.5,49,32.2,776.2,LIGHT_RAIN
W002891,2026-01-15 06:00:00,Sikkim,South Sikkim,27.2514,88.4115,0.2,0.6,0.9,2.2,34.8,48,35.6,883.1,CLEAR
W002892,2026-01-15 08:24:00,Nagaland,Kohima,25.6297,94.2387,0.8,2.2,2.7,6.7,33.2,69,11.0,868.1,LIGHT_RAIN
W002893,2026-01-15 10:48:00,Nagaland,Dimapur,25.9288,93.7405,2.4,8.8,11.7,31.4,22.9,48,13.4,988.8,LIGHT_RAIN
W002894,2026-01-15 13:12:00,Nagaland,Mokokchung,26.4614,94.6114,2.5,5.6,7.5,18.8,34.2,67,36.3,886.1,LIGHT_RAIN
W002895,2026-01-15 15:36:00,Manipur,Imphal West,24.6907,94.064,1.7,6.2,11.4,23.0,32.3,49,17.5,934.0,LIGHT_RAIN
W002896,2026-01-15 18:00:00,Manipur,Bishnupur,24.543,93.7761,2.4,6.8,9.0,26.0,26.9,65,29.7,932.0,LIGHT_RAIN
W002897,2026-01-15 20:24:00,Manipur,Senapati,25.1428,94.0823,1.6,5.0,6.6,13.7,30.5,66,20.4,893.6,LIGHT_RAIN
W002898,2026-01-15 22:48:00,Mizoram,Aizawl,23.7364,92.759,1.0,3.9,7.2,22.4,32.4,48,38.7,907.8,LIGHT_RAIN
W002899,2026-01-16 01:12:00,Mizoram,Kolasib,24.2117,92.7344,1.6,6.2,8.3,19.3,25.4,71,31.2,957.6,LIGHT_RAIN
W002900,2026-01-16 03:36:00,Mizoram,Lunglei,23.0087,92.7121,1.5,5.3,7.6,17.0,25.3,52,27.0,907.5,LIGHT_RAIN
W002901,2026-01-16 06:00:00,Tripura,West Tripura,23.8767,91.3636,4.3,9.1,12.4,41.7,30.1,68,22.8,1011.2,LIGHT_RAIN
W002902,2026-01-16 08:24:00,Tripura,Sipahijala,23.7574,91.1888,3.0,5.4,11.8,31.3,34.9,76,9.7,1008.8,LIGHT_RAIN
W002903,2026-01-16 10:48:00,Tripura,Dhalai,23.9551,91.7112,2.0,2.8,5.9,19.7,25.8,73,22.6,993.9,LIGHT_RAIN
W002904,2026-01-16 13:12:00,Arunachal Pradesh,Tawang,27.4888,91.9853,2.9,5.4,8.9,18.3,15.2,68,36.4,724.4,LIGHT_RAIN
W002905,2026-01-16 15:36:00,Arunachal Pradesh,West Kameng,27.3955,92.5545,1.3,2.4,3.9,12.5,7.1,77,19.6,791.9,LIGHT_RAIN
W002906,2026-01-16 18:00:00,Arunachal Pradesh,Papum Pare,27.0399,93.6474,2.5,4.9,7.3,16.9,30.8,55,30.0,976.2,LIGHT_RAIN
W002907,2026-01-16 20:24:00,Arunachal Pradesh,East Siang,28.2127,95.339,1.9,5.7,6.8,16.2,28.3,56,8.2,997.7,LIGHT_RAIN
W002908,2026-01-16 22:48:00,Arunachal Pradesh,Lower Subansiri,27.5513,93.7619,0.5,1.9,3.2,9.7,12.5,60,23.2,856.1,LIGHT_RAIN
W002909,2026-01-17 01:12:00,Assam,Kamrup Metropolitan,26.1322,91.6634,2.1,4.3,8.3,17.7,26.0,57,39.6,1011.2,LIGHT_RAIN
W002910,2026-01-17 03:36:00,Assam,Kamrup Rural,26.1235,91.6143,1.6,2.9,5.9,13.6,34.5,58,25.2,1011.0,LIGHT_RAIN
W002911,2026-01-17 06:00:00,Assam,Darrang,26.5711,92.1291,1.0,1.4,3.0,8.3,23.1,52,37.3,1007.6,LIGHT_RAIN
W002912,2026-01-17 08:24:00,Assam,Sonitpur,26.5124,92.9371,1.0,4.6,5.6,17.7,34.8,61,33.6,1005.5,LIGHT_RAIN
W002913,2026-01-17 10:48:00,Assam,Dibrugarh,27.401,94.8327,2.2,6.5,9.8,27.1,33.1,52,25.2,999.1,LIGHT_RAIN
W002914,2026-01-17 13:12:00,Assam,Cachar,24.858,92.8008,0.9,2.0,3.3,8.1,24.6,56,26.3,1011.2,LIGHT_RAIN
W002915,2026-01-17 15:36:00,Assam,Nagaon,26.2138,92.5695,0.4,1.8,2.5,5.2,26.1,73,24.2,1009.0,LIGHT_RAIN
W002916,2026-01-17 18:00:00,Meghalaya,East Khasi Hills,25.7057,92.0096,2.5,6.1,8.4,20.6,34.7,54,26.6,863.5,LIGHT_RAIN
W002917,2026-01-17 20:24:00,Meghalaya,West Khasi Hills,25.6348,91.1985,4.3,9.7,12.5,28.4,33.8,54,20.3,886.0,LIGHT_RAIN
W002918,2026-01-17 22:48:00,Meghalaya,Ri-Bhoi,25.8935,91.8665,1.2,4.6,7.1,14.7,26.2,53,18.9,957.6,LIGHT_RAIN
W002919,2026-01-18 01:12:00,Meghalaya,West Jaintia Hills,25.5738,92.2772,2.7,4.9,9.5,21.4,31.1,50,15.0,878.7,LIGHT_RAIN
W002920,2026-01-18 03:36:00,Sikkim,East Sikkim,27.2631,88.6829,1.4,3.8,4.9,15.8,10.2,61,26.8,846.5,LIGHT_RAIN
W002921,2026-01-18 06:00:00,Sikkim,North Sikkim,27.5085,88.5085,2.2,4.1,6.9,13.2,14.7,73,19.1,767.5,LIGHT_RAIN
W002922,2026-01-18 08:24:00,Sikkim,South Sikkim,27.1843,88.3516,1.1,3.9,4.6,10.8,28.7,66,17.9,884.5,LIGHT_RAIN
W002923,2026-01-18 10:48:00,Nagaland,Kohima,25.7814,94.0912,1.8,3.4,6.7,16.5,26.7,58,23.0,869.4,LIGHT_RAIN
W002924,2026-01-18 13:12:00,Nagaland,Dimapur,25.7841,93.7306,0.4,1.9,2.5,6.4,32.0,74,13.3,989.9,LIGHT_RAIN
W002925,2026-01-18 15:36:00,Nagaland,Mokokchung,26.2996,94.5392,2.9,7.4,9.0,26.9,26.9,63,20.5,882.8,LIGHT_RAIN
W002926,2026-01-18 18:00:00,Manipur,Imphal West,24.884,93.9056,2.3,3.8,7.5,15.9,24.6,69,10.8,932.0,LIGHT_RAIN
W002927,2026-01-18 20:24:00,Manipur,Bishnupur,24.5043,93.7416,1.3,4.5,5.7,11.4,26.8,73,29.6,934.9,LIGHT_RAIN
W002928,2026-01-18 22:48:00,Manipur,Senapati,25.3904,93.8807,0.8,4.8,6.3,19.9,32.0,72,37.7,884.9,LIGHT_RAIN
W002929,2026-01-19 01:12:00,Mizoram,Aizawl,23.6311,92.6082,2.9,10.8,13.1,39.8,33.1,64,31.7,900.3,LIGHT_RAIN
W002930,2026-01-19 03:36:00,Mizoram,Kolasib,24.1961,92.8279,1.7,2.9,5.9,19.9,34.8,65,24.1,954.6,LIGHT_RAIN
W002931,2026-01-19 06:00:00,Mizoram,Lunglei,22.8432,92.6141,2.3,5.3,7.4,23.5,25.2,53,39.8,910.9,LIGHT_RAIN
W002932,2026-01-19 08:24:00,Tripura,West Tripura,23.9396,91.1724,2.7,5.9,7.7,22.8,30.5,71,41.5,1009.0,LIGHT_RAIN
W002933,2026-01-19 10:48:00,Tripura,Sipahijala,23.7786,91.4124,2.6,9.5,12.2,31.5,31.7,73,33.8,1006.5,LIGHT_RAIN
W002934,2026-01-19 13:12:00,Tripura,Dhalai,23.902,91.8633,2.0,3.8,6.8,15.9,23.5,66,39.5,998.7,LIGHT_RAIN
W002935,2026-01-19 15:36:00,Arunachal Pradesh,Tawang,27.5743,91.7559,0.3,1.0,2.2,7.4,14.1,71,34.2,732.5,LIGHT_RAIN
W002936,2026-01-19 18:00:00,Arunachal Pradesh,West Kameng,27.1484,92.5087,3.2,9.0,11.6,24.3,13.0,70,12.1,798.3,LIGHT_RAIN
W002937,2026-01-19 20:24:00,Arunachal Pradesh,Papum Pare,27.2171,93.5388,1.6,4.9,7.2,23.2,26.9,75,22.7,986.9,LIGHT_RAIN
W002938,2026-01-19 22:48:00,Arunachal Pradesh,East Siang,28.0953,95.387,2.2,5.7,8.3,19.0,23.0,76,30.4,1003.3,LIGHT_RAIN
W002939,2026-01-20 01:12:00,Arunachal Pradesh,Lower Subansiri,27.5317,93.8419,1.8,3.8,7.4,15.6,27.0,77,25.6,856.8,LIGHT_RAIN
W002940,2026-01-20 03:36:00,Assam,Kamrup Metropolitan,26.1457,91.673,1.3,7.4,10.2,26.8,26.9,62,35.2,1003.5,LIGHT_RAIN
W002941,2026-01-20 06:00:00,Assam,Kamrup Rural,26.2082,91.6438,1.9,7.5,10.5,29.9,26.7,65,30.1,1003.2,LIGHT_RAIN
W002942,2026-01-20 08:24:00,Assam,Darrang,26.345,92.0791,2.0,4.7,9.1,25.8,30.9,59,18.2,1011.2,LIGHT_RAIN
W002943,2026-01-20 10:48:00,Assam,Sonitpur,26.6508,92.8201,0.4,1.3,2.0,5.4,29.6,71,8.1,1002.2,LIGHT_RAIN
W002944,2026-01-20 13:12:00,Assam,Dibrugarh,27.451,94.9107,3.3,8.9,13.5,41.1,34.2,70,25.9,1004.2,LIGHT_RAIN
W002945,2026-01-20 15:36:00,Assam,Cachar,24.919,92.7245,0.4,0.8,1.3,3.0,31.7,75,14.9,1011.2,LIGHT_RAIN
W002946,2026-01-20 18:00:00,Assam,Nagaon,26.2504,92.6954,1.0,4.7,5.6,14.9,28.6,58,27.0,1009.9,LIGHT_RAIN
W002947,2026-01-20 20:24:00,Meghalaya,East Khasi Hills,25.6411,91.985,1.3,5.4,7.1,15.7,32.8,52,11.8,861.6,LIGHT_RAIN
W002948,2026-01-20 22:48:00,Meghalaya,West Khasi Hills,25.485,91.269,0.6,2.1,2.8,8.3,34.9,73,15.2,888.8,LIGHT_RAIN
W002949,2026-01-21 01:12:00,Meghalaya,Ri-Bhoi,25.944,92.0067,2.7,6.0,7.8,15.7,29.6,68,25.1,954.6,LIGHT_RAIN
W002950,2026-01-21 03:36:00,Meghalaya,West Jaintia Hills,25.5488,92.0655,1.9,9.0,11.2,33.0,22.6,65,23.9,884.0,LIGHT_RAIN
W002951,2026-01-21 06:00:00,Sikkim,East Sikkim,27.451,88.5129,2.7,10.3,13.6,36.3,15.6,53,26.9,847.9,LIGHT_RAIN
W002952,2026-01-21 08:24:00,Sikkim,North Sikkim,27.4151,88.4627,2.7,3.7,7.8,21.0,15.1,56,13.6,767.6,LIGHT_RAIN
W002953,2026-01-21 10:48:00,Sikkim,South Sikkim,27.0246,88.4811,0.4,1.0,1.3,2.7,24.1,59,29.0,882.5,LIGHT_RAIN
W002954,2026-01-21 13:12:00,Nagaland,Kohima,25.6688,94.0314,1.3,3.3,6.2,13.0,24.8,51,24.6,870.4,LIGHT_RAIN
W002955,2026-01-21 15:36:00,Nagaland,Dimapur,25.8286,93.674,0.5,0.7,1.6,3.5,25.2,52,37.1,996.4,LIGHT_RAIN
W002956,2026-01-21 18:00:00,Nagaland,Mokokchung,26.2828,94.4485,1.8,5.9,7.4,20.0,29.9,53,22.1,883.4,LIGHT_RAIN
W002957,2026-01-21 20:24:00,Manipur,Imphal West,24.9078,94.0035,0.1,0.2,0.3,0.6,27.9,74,11.0,932.6,CLEAR
W002958,2026-01-21 22:48:00,Manipur,Bishnupur,24.5936,93.7387,1.8,8.5,12.4,27.7,34.1,48,38.6,936.6,LIGHT_RAIN
W002959,2026-01-22 01:12:00,Manipur,Senapati,25.1149,94.026,0.3,0.8,1.0,3.0,22.8,59,29.7,889.3,CLEAR
W002960,2026-01-22 03:36:00,Mizoram,Aizawl,23.6228,92.6666,0.5,1.0,2.2,4.9,27.8,48,9.0,903.6,LIGHT_RAIN
W002961,2026-01-22 06:00:00,Mizoram,Kolasib,24.2352,92.813,2.6,6.4,7.9,16.1,29.8,48,37.4,955.1,LIGHT_RAIN
W002962,2026-01-22 08:24:00,Mizoram,Lunglei,23.02,92.7825,2.2,6.4,10.6,33.9,25.1,60,39.8,913.0,LIGHT_RAIN
W002963,2026-01-22 10:48:00,Tripura,West Tripura,23.7872,91.1788,2.3,3.6,6.9,19.7,25.7,49,32.2,1008.9,LIGHT_RAIN
W002964,2026-01-22 13:12:00,Tripura,Sipahijala,23.6476,91.3545,1.6,10.0,13.4,43.5,31.0,74,19.9,1011.2,LIGHT_RAIN
W002965,2026-01-22 15:36:00,Tripura,Dhalai,23.7223,91.9454,0.6,1.6,3.4,11.3,31.2,60,19.1,1004.8,LIGHT_RAIN
W002966,2026-01-22 18:00:00,Arunachal Pradesh,Tawang,27.6889,91.7788,0.2,0.7,1.0,2.3,17.3,62,9.2,726.1,CLEAR
W002967,2026-01-22 20:24:00,Arunachal Pradesh,West Kameng,27.2513,92.284,3.4,9.7,12.5,41.5,7.7,54,12.3,795.5,LIGHT_RAIN
W002968,2026-01-22 22:48:00,Arunachal Pradesh,Papum Pare,27.0954,93.613,1.8,3.9,8.3,26.5,29.6,76,35.0,987.7,LIGHT_RAIN
W002969,2026-01-23 01:12:00,Arunachal Pradesh,East Siang,27.921,95.3927,0.5,2.4,4.1,11.7,24.6,65,31.1,997.2,LIGHT_RAIN
W002970,2026-01-23 03:36:00,Arunachal Pradesh,Lower Subansiri,27.6439,93.8822,1.0,3.9,5.8,13.0,10.9,67,25.6,856.1,LIGHT_RAIN
W002971,2026-01-23 06:00:00,Assam,Kamrup Metropolitan,26.2699,91.7435,3.1,7.1,13.3,37.3,29.6,74,8.7,1010.8,LIGHT_RAIN
W002972,2026-01-23 08:24:00,Assam,Kamrup Rural,26.2796,91.4922,0.0,0.1,0.2,0.5,30.9,62,9.5,1008.5,CLEAR
W002973,2026-01-23 10:48:00,Assam,Darrang,26.4397,91.954,2.2,5.5,10.0,20.8,27.1,48,36.2,1005.3,LIGHT_RAIN
W002974,2026-01-23 13:12:00,Assam,Sonitpur,26.7382,92.8387,0.1,0.2,0.2,0.7,26.8,73,25.4,1000.8,CLEAR
W002975,2026-01-23 15:36:00,Assam,Dibrugarh,27.4444,94.8752,2.7,5.4,9.5,30.3,25.7,52,11.3,1002.6,LIGHT_RAIN
W002976,2026-01-23 18:00:00,Assam,Cachar,24.7347,92.7789,0.4,1.0,1.5,3.2,24.2,50,41.2,1011.2,LIGHT_RAIN
W002977,2026-01-23 20:24:00,Assam,Nagaon,26.4884,92.8262,0.4,1.2,1.5,2.9,31.7,73,11.8,1001.6,LIGHT_RAIN
W002978,2026-01-23 22:48:00,Meghalaya,East Khasi Hills,25.4922,92.0037,1.4,4.3,6.8,16.4,33.9,70,39.4,862.0,LIGHT_RAIN
W002979,2026-01-24 01:12:00,Meghalaya,West Khasi Hills,25.6372,91.3153,1.8,3.5,5.5,13.4,22.3,60,38.1,890.2,LIGHT_RAIN
W002980,2026-01-24 03:36:00,Meghalaya,Ri-Bhoi,25.7599,92.0086,2.5,6.5,9.1,29.7,30.2,56,14.7,961.3,LIGHT_RAIN
W002981,2026-01-24 06:00:00,Meghalaya,West Jaintia Hills,25.3433,92.2962,1.9,5.2,8.5,27.4,33.3,64,33.8,878.5,LIGHT_RAIN
W002982,2026-01-24 08:24:00,Sikkim,East Sikkim,27.2376,88.5286,2.4,3.2,7.0,22.6,9.5,77,26.9,847.0,LIGHT_RAIN
W002983,2026-01-24 10:48:00,Sikkim,North Sikkim,27.5122,88.5152,2.2,5.3,6.8,16.8,14.2,54,24.6,769.8,LIGHT_RAIN
W002984,2026-01-24 13:12:00,Sikkim,South Sikkim,27.2372,88.3502,1.5,6.0,10.5,22.2,34.5,73,23.9,887.4,LIGHT_RAIN
W002985,2026-01-24 15:36:00,Nagaland,Kohima,25.7767,94.0608,2.4,6.0,9.6,22.5,24.8,73,20.4,868.4,LIGHT_RAIN
W002986,2026-01-24 18:00:00,Nagaland,Dimapur,26.0475,93.6754,0.6,3.5,5.2,10.3,23.9,66,8.6,992.0,LIGHT_RAIN
W002987,2026-01-24 20:24:00,Nagaland,Mokokchung,26.3222,94.4767,1.5,3.4,6.0,13.2,26.1,75,16.6,878.0,LIGHT_RAIN
W002988,2026-01-24 22:48:00,Manipur,Imphal West,24.8428,93.9008,3.2,7.8,11.4,25.1,30.2,49,34.6,932.5,LIGHT_RAIN
W002989,2026-01-25 01:12:00,Manipur,Bishnupur,24.6963,93.6391,0.1,0.2,0.3,0.7,30.4,51,32.1,941.8,CLEAR
W002990,2026-01-25 03:36:00,Manipur,Senapati,25.1563,93.9769,2.1,4.8,9.3,20.4,22.1,56,24.7,892.1,LIGHT_RAIN
W002991,2026-01-25 06:00:00,Mizoram,Aizawl,23.6696,92.6756,1.3,5.7,11.0,23.7,26.2,75,30.5,905.0,LIGHT_RAIN
W002992,2026-01-25 08:24:00,Mizoram,Kolasib,24.1993,92.6971,0.2,0.5,1.1,2.8,34.9,64,38.9,952.9,LIGHT_RAIN
W002993,2026-01-25 10:48:00,Mizoram,Lunglei,22.8362,92.6179,1.6,3.1,4.8,11.0,22.4,59,41.2,911.7,LIGHT_RAIN
W002994,2026-01-25 13:12:00,Tripura,West Tripura,23.6852,91.2609,0.8,4.8,6.3,14.5,24.1,51,14.4,1005.9,LIGHT_RAIN
W002995,2026-01-25 15:36:00,Tripura,Sipahijala,23.7566,91.4555,0.8,2.0,2.9,7.3,30.2,51,33.9,1008.8,LIGHT_RAIN
W002996,2026-01-25 18:00:00,Tripura,Dhalai,23.7509,91.7807,4.4,9.0,13.4,41.6,27.5,67,20.0,1002.0,LIGHT_RAIN
W002997,2026-01-25 20:24:00,Arunachal Pradesh,Tawang,27.5665,91.8357,2.0,6.3,13.3,42.0,10.9,59,32.5,728.9,LIGHT_RAIN
W002998,2026-01-25 22:48:00,Arunachal Pradesh,West Kameng,27.3978,92.4822,4.1,7.0,11.7,30.4,15.9,59,19.3,797.3,LIGHT_RAIN
W002999,2026-01-26 01:12:00,Arunachal Pradesh,Papum Pare,26.9825,93.558,0.1,0.4,0.7,2.1,23.0,74,38.1,982.8,CLEAR
W003000,2026-01-26 03:36:00,Arunachal Pradesh,East Siang,28.1572,95.2749,1.3,3.3,4.3,11.9,29.3,58,38.0,999.8,LIGHT_RAIN
